<?xml version="1.0" encoding="UTF-8"?>
<kml xmlns="http://www.opengis.net/kml/2.2">
<Document>
    <name>Ditching Survivability Heatmap</name>
    <description>Richardson Number based ditching safety zones</description>
    <Style id="safe">
        <PolyStyle><color>7f00ff00</color></PolyStyle>
    </Style>
    <Style id="caution">
        <PolyStyle><color>7f00ffff</color></PolyStyle>
    </Style>
    <Style id="unsafe">
        <PolyStyle><color>7f0000ff</color></PolyStyle>
    </Style>

    <Placemark>
        <styleUrl>#caution</styleUrl>
        <Polygon>
            <outerBoundaryIs>
                <LinearRing>
                    <coordinates>
                        65.0,5.0,0
                        65.2,5.0,0
                        65.2,5.2,0
                        65.0,5.2,0
                        65.0,5.0,0
                    </coordinates>
                </LinearRing>
            </outerBoundaryIs>
        </Polygon>
    </Placemark>
    <Placemark>
        <styleUrl>#caution</styleUrl>
        <Polygon>
            <outerBoundaryIs>
                <LinearRing>
                    <coordinates>
                        65.2,5.0,0
                        65.4,5.0,0
                        65.4,5.2,0
                        65.2,5.2,0
                        65.2,5.0,0
                    </coordinates>
                </LinearRing>
            </outerBoundaryIs>
        </Polygon>
    </Placemark>
    <Placemark>
        <styleUrl>#caution</styleUrl>
        <Polygon>
            <outerBoundaryIs>
                <LinearRing>
                    <coordinates>
                        65.4,5.0,0
                        65.60000000000001,5.0,0
                        65.60000000000001,5.2,0
                        65.4,5.2,0
                        65.4,5.0,0
                    </coordinates>
                </LinearRing>
            </outerBoundaryIs>
        </Polygon>
    </Placemark>
    <Placemark>
        <styleUrl>#caution</styleUrl>
        <Polygon>
            <outerBoundaryIs>
                <LinearRing>
                    <coordinates>
                        65.6,5.0,0
                        65.8,5.0,0
                        65.8,5.2,0
                        65.6,5.2,0
                        65.6,5.0,0
                    </coordinates>
                </LinearRing>
            </outerBoundaryIs>
        </Polygon>
    </Placemark>
    <Placemark>
        <styleUrl>#caution</styleUrl>
        <Polygon>
            <outerBoundaryIs>
                <LinearRing>
                    <coordinates>
                        65.8,5.0,0
                        66.0,5.0,0
                        66.0,5.2,0
                        65.8,5.2,0
                        65.8,5.0,0
                    </coordinates>
                </LinearRing>
            </outerBoundaryIs>
        </Polygon>
    </Placemark>
    <Placemark>
        <styleUrl>#caution</styleUrl>
        <Polygon>
            <outerBoundaryIs>
                <LinearRing>
                    <coordinates>
                        66.0,5.0,0
                        66.2,5.0,0
                        66.2,5.2,0
                        66.0,5.2,0
                        66.0,5.0,0
                    </coordinates>
                </LinearRing>
            </outerBoundaryIs>
        </Polygon>
    </Placemark>
    <Placemark>
        <styleUrl>#caution</styleUrl>
        <Polygon>
            <outerBoundaryIs>
                <LinearRing>
                    <coordinates>
                        66.2,5.0,0
                        66.4,5.0,0
                        66.4,5.2,0
                        66.2,5.2,0
                        66.2,5.0,0
                    </coordinates>
                </LinearRing>
            </outerBoundaryIs>
        </Polygon>
    </Placemark>
    <Placemark>
        <styleUrl>#caution</styleUrl>
        <Polygon>
            <outerBoundaryIs>
                <LinearRing>
                    <coordinates>
                        66.4,5.0,0
                        66.60000000000001,5.0,0
                        66.60000000000001,5.2,0
                        66.4,5.2,0
                        66.4,5.0,0
                    </coordinates>
                </LinearRing>
            </outerBoundaryIs>
        </Polygon>
    </Placemark>
    <Placemark>
        <styleUrl>#caution</styleUrl>
        <Polygon>
            <outerBoundaryIs>
                <LinearRing>
                    <coordinates>
                        66.6,5.0,0
                        66.8,5.0,0
                        66.8,5.2,0
                        66.6,5.2,0
                        66.6,5.0,0
                    </coordinates>
                </LinearRing>
            </outerBoundaryIs>
        </Polygon>
    </Placemark>
    <Placemark>
        <styleUrl>#caution</styleUrl>
        <Polygon>
            <outerBoundaryIs>
                <LinearRing>
                    <coordinates>
                        66.8,5.0,0
                        67.0,5.0,0
                        67.0,5.2,0
                        66.8,5.2,0
                        66.8,5.0,0
                    </coordinates>
                </LinearRing>
            </outerBoundaryIs>
        </Polygon>
    </Placemark>
    <Placemark>
        <styleUrl>#caution</styleUrl>
        <Polygon>
            <outerBoundaryIs>
                <LinearRing>
                    <coordinates>
                        67.0,5.0,0
                        67.2,5.0,0
                        67.2,5.2,0
                        67.0,5.2,0
                        67.0,5.0,0
                    </coordinates>
                </LinearRing>
            </outerBoundaryIs>
        </Polygon>
    </Placemark>
    <Placemark>
        <styleUrl>#caution</styleUrl>
        <Polygon>
            <outerBoundaryIs>
                <LinearRing>
                    <coordinates>
                        67.2,5.0,0
                        67.4,5.0,0
                        67.4,5.2,0
                        67.2,5.2,0
                        67.2,5.0,0
                    </coordinates>
                </LinearRing>
            </outerBoundaryIs>
        </Polygon>
    </Placemark>
    <Placemark>
        <styleUrl>#caution</styleUrl>
        <Polygon>
            <outerBoundaryIs>
                <LinearRing>
                    <coordinates>
                        67.4,5.0,0
                        67.60000000000001,5.0,0
                        67.60000000000001,5.2,0
                        67.4,5.2,0
                        67.4,5.0,0
                    </coordinates>
                </LinearRing>
            </outerBoundaryIs>
        </Polygon>
    </Placemark>
    <Placemark>
        <styleUrl>#caution</styleUrl>
        <Polygon>
            <outerBoundaryIs>
                <LinearRing>
                    <coordinates>
                        67.6,5.0,0
                        67.8,5.0,0
                        67.8,5.2,0
                        67.6,5.2,0
                        67.6,5.0,0
                    </coordinates>
                </LinearRing>
            </outerBoundaryIs>
        </Polygon>
    </Placemark>
    <Placemark>
        <styleUrl>#caution</styleUrl>
        <Polygon>
            <outerBoundaryIs>
                <LinearRing>
                    <coordinates>
                        67.8,5.0,0
                        68.0,5.0,0
                        68.0,5.2,0
                        67.8,5.2,0
                        67.8,5.0,0
                    </coordinates>
                </LinearRing>
            </outerBoundaryIs>
        </Polygon>
    </Placemark>
    <Placemark>
        <styleUrl>#caution</styleUrl>
        <Polygon>
            <outerBoundaryIs>
                <LinearRing>
                    <coordinates>
                        68.0,5.0,0
                        68.2,5.0,0
                        68.2,5.2,0
                        68.0,5.2,0
                        68.0,5.0,0
                    </coordinates>
                </LinearRing>
            </outerBoundaryIs>
        </Polygon>
    </Placemark>
    <Placemark>
        <styleUrl>#caution</styleUrl>
        <Polygon>
            <outerBoundaryIs>
                <LinearRing>
                    <coordinates>
                        68.2,5.0,0
                        68.4,5.0,0
                        68.4,5.2,0
                        68.2,5.2,0
                        68.2,5.0,0
                    </coordinates>
                </LinearRing>
            </outerBoundaryIs>
        </Polygon>
    </Placemark>
    <Placemark>
        <styleUrl>#caution</styleUrl>
        <Polygon>
            <outerBoundaryIs>
                <LinearRing>
                    <coordinates>
                        68.4,5.0,0
                        68.60000000000001,5.0,0
                        68.60000000000001,5.2,0
                        68.4,5.2,0
                        68.4,5.0,0
                    </coordinates>
                </LinearRing>
            </outerBoundaryIs>
        </Polygon>
    </Placemark>
    <Placemark>
        <styleUrl>#caution</styleUrl>
        <Polygon>
            <outerBoundaryIs>
                <LinearRing>
                    <coordinates>
                        68.6,5.0,0
                        68.8,5.0,0
                        68.8,5.2,0
                        68.6,5.2,0
                        68.6,5.0,0
                    </coordinates>
                </LinearRing>
            </outerBoundaryIs>
        </Polygon>
    </Placemark>
    <Placemark>
        <styleUrl>#caution</styleUrl>
        <Polygon>
            <outerBoundaryIs>
                <LinearRing>
                    <coordinates>
                        68.8,5.0,0
                        69.0,5.0,0
                        69.0,5.2,0
                        68.8,5.2,0
                        68.8,5.0,0
                    </coordinates>
                </LinearRing>
            </outerBoundaryIs>
        </Polygon>
    </Placemark>
    <Placemark>
        <styleUrl>#caution</styleUrl>
        <Polygon>
            <outerBoundaryIs>
                <LinearRing>
                    <coordinates>
                        69.0,5.0,0
                        69.2,5.0,0
                        69.2,5.2,0
                        69.0,5.2,0
                        69.0,5.0,0
                    </coordinates>
                </LinearRing>
            </outerBoundaryIs>
        </Polygon>
    </Placemark>
    <Placemark>
        <styleUrl>#caution</styleUrl>
        <Polygon>
            <outerBoundaryIs>
                <LinearRing>
                    <coordinates>
                        69.2,5.0,0
                        69.4,5.0,0
                        69.4,5.2,0
                        69.2,5.2,0
                        69.2,5.0,0
                    </coordinates>
                </LinearRing>
            </outerBoundaryIs>
        </Polygon>
    </Placemark>
    <Placemark>
        <styleUrl>#caution</styleUrl>
        <Polygon>
            <outerBoundaryIs>
                <LinearRing>
                    <coordinates>
                        69.4,5.0,0
                        69.60000000000001,5.0,0
                        69.60000000000001,5.2,0
                        69.4,5.2,0
                        69.4,5.0,0
                    </coordinates>
                </LinearRing>
            </outerBoundaryIs>
        </Polygon>
    </Placemark>
    <Placemark>
        <styleUrl>#caution</styleUrl>
        <Polygon>
            <outerBoundaryIs>
                <LinearRing>
                    <coordinates>
                        69.6,5.0,0
                        69.8,5.0,0
                        69.8,5.2,0
                        69.6,5.2,0
                        69.6,5.0,0
                    </coordinates>
                </LinearRing>
            </outerBoundaryIs>
        </Polygon>
    </Placemark>
    <Placemark>
        <styleUrl>#caution</styleUrl>
        <Polygon>
            <outerBoundaryIs>
                <LinearRing>
                    <coordinates>
                        69.8,5.0,0
                        70.0,5.0,0
                        70.0,5.2,0
                        69.8,5.2,0
                        69.8,5.0,0
                    </coordinates>
                </LinearRing>
            </outerBoundaryIs>
        </Polygon>
    </Placemark>
    <Placemark>
        <styleUrl>#caution</styleUrl>
        <Polygon>
            <outerBoundaryIs>
                <LinearRing>
                    <coordinates>
                        70.0,5.0,0
                        70.2,5.0,0
                        70.2,5.2,0
                        70.0,5.2,0
                        70.0,5.0,0
                    </coordinates>
                </LinearRing>
            </outerBoundaryIs>
        </Polygon>
    </Placemark>
    <Placemark>
        <styleUrl>#caution</styleUrl>
        <Polygon>
            <outerBoundaryIs>
                <LinearRing>
                    <coordinates>
                        70.2,5.0,0
                        70.4,5.0,0
                        70.4,5.2,0
                        70.2,5.2,0
                        70.2,5.0,0
                    </coordinates>
                </LinearRing>
            </outerBoundaryIs>
        </Polygon>
    </Placemark>
    <Placemark>
        <styleUrl>#caution</styleUrl>
        <Polygon>
            <outerBoundaryIs>
                <LinearRing>
                    <coordinates>
                        70.4,5.0,0
                        70.60000000000001,5.0,0
                        70.60000000000001,5.2,0
                        70.4,5.2,0
                        70.4,5.0,0
                    </coordinates>
                </LinearRing>
            </outerBoundaryIs>
        </Polygon>
    </Placemark>
    <Placemark>
        <styleUrl>#caution</styleUrl>
        <Polygon>
            <outerBoundaryIs>
                <LinearRing>
                    <coordinates>
                        70.6,5.0,0
                        70.8,5.0,0
                        70.8,5.2,0
                        70.6,5.2,0
                        70.6,5.0,0
                    </coordinates>
                </LinearRing>
            </outerBoundaryIs>
        </Polygon>
    </Placemark>
    <Placemark>
        <styleUrl>#caution</styleUrl>
        <Polygon>
            <outerBoundaryIs>
                <LinearRing>
                    <coordinates>
                        70.8,5.0,0
                        71.0,5.0,0
                        71.0,5.2,0
                        70.8,5.2,0
                        70.8,5.0,0
                    </coordinates>
                </LinearRing>
            </outerBoundaryIs>
        </Polygon>
    </Placemark>
    <Placemark>
        <styleUrl>#caution</styleUrl>
        <Polygon>
            <outerBoundaryIs>
                <LinearRing>
                    <coordinates>
                        71.0,5.0,0
                        71.2,5.0,0
                        71.2,5.2,0
                        71.0,5.2,0
                        71.0,5.0,0
                    </coordinates>
                </LinearRing>
            </outerBoundaryIs>
        </Polygon>
    </Placemark>
    <Placemark>
        <styleUrl>#caution</styleUrl>
        <Polygon>
            <outerBoundaryIs>
                <LinearRing>
                    <coordinates>
                        71.2,5.0,0
                        71.4,5.0,0
                        71.4,5.2,0
                        71.2,5.2,0
                        71.2,5.0,0
                    </coordinates>
                </LinearRing>
            </outerBoundaryIs>
        </Polygon>
    </Placemark>
    <Placemark>
        <styleUrl>#caution</styleUrl>
        <Polygon>
            <outerBoundaryIs>
                <LinearRing>
                    <coordinates>
                        71.4,5.0,0
                        71.60000000000001,5.0,0
                        71.60000000000001,5.2,0
                        71.4,5.2,0
                        71.4,5.0,0
                    </coordinates>
                </LinearRing>
            </outerBoundaryIs>
        </Polygon>
    </Placemark>
    <Placemark>
        <styleUrl>#caution</styleUrl>
        <Polygon>
            <outerBoundaryIs>
                <LinearRing>
                    <coordinates>
                        71.6,5.0,0
                        71.8,5.0,0
                        71.8,5.2,0
                        71.6,5.2,0
                        71.6,5.0,0
                    </coordinates>
                </LinearRing>
            </outerBoundaryIs>
        </Polygon>
    </Placemark>
    <Placemark>
        <styleUrl>#caution</styleUrl>
        <Polygon>
            <outerBoundaryIs>
                <LinearRing>
                    <coordinates>
                        71.8,5.0,0
                        72.0,5.0,0
                        72.0,5.2,0
                        71.8,5.2,0
                        71.8,5.0,0
                    </coordinates>
                </LinearRing>
            </outerBoundaryIs>
        </Polygon>
    </Placemark>
    <Placemark>
        <styleUrl>#caution</styleUrl>
        <Polygon>
            <outerBoundaryIs>
                <LinearRing>
                    <coordinates>
                        72.0,5.0,0
                        72.2,5.0,0
                        72.2,5.2,0
                        72.0,5.2,0
                        72.0,5.0,0
                    </coordinates>
                </LinearRing>
            </outerBoundaryIs>
        </Polygon>
    </Placemark>
    <Placemark>
        <styleUrl>#caution</styleUrl>
        <Polygon>
            <outerBoundaryIs>
                <LinearRing>
                    <coordinates>
                        72.2,5.0,0
                        72.4,5.0,0
                        72.4,5.2,0
                        72.2,5.2,0
                        72.2,5.0,0
                    </coordinates>
                </LinearRing>
            </outerBoundaryIs>
        </Polygon>
    </Placemark>
    <Placemark>
        <styleUrl>#caution</styleUrl>
        <Polygon>
            <outerBoundaryIs>
                <LinearRing>
                    <coordinates>
                        72.4,5.0,0
                        72.60000000000001,5.0,0
                        72.60000000000001,5.2,0
                        72.4,5.2,0
                        72.4,5.0,0
                    </coordinates>
                </LinearRing>
            </outerBoundaryIs>
        </Polygon>
    </Placemark>
    <Placemark>
        <styleUrl>#caution</styleUrl>
        <Polygon>
            <outerBoundaryIs>
                <LinearRing>
                    <coordinates>
                        72.6,5.0,0
                        72.8,5.0,0
                        72.8,5.2,0
                        72.6,5.2,0
                        72.6,5.0,0
                    </coordinates>
                </LinearRing>
            </outerBoundaryIs>
        </Polygon>
    </Placemark>
    <Placemark>
        <styleUrl>#caution</styleUrl>
        <Polygon>
            <outerBoundaryIs>
                <LinearRing>
                    <coordinates>
                        72.8,5.0,0
                        73.0,5.0,0
                        73.0,5.2,0
                        72.8,5.2,0
                        72.8,5.0,0
                    </coordinates>
                </LinearRing>
            </outerBoundaryIs>
        </Polygon>
    </Placemark>
    <Placemark>
        <styleUrl>#caution</styleUrl>
        <Polygon>
            <outerBoundaryIs>
                <LinearRing>
                    <coordinates>
                        73.0,5.0,0
                        73.2,5.0,0
                        73.2,5.2,0
                        73.0,5.2,0
                        73.0,5.0,0
                    </coordinates>
                </LinearRing>
            </outerBoundaryIs>
        </Polygon>
    </Placemark>
    <Placemark>
        <styleUrl>#caution</styleUrl>
        <Polygon>
            <outerBoundaryIs>
                <LinearRing>
                    <coordinates>
                        73.2,5.0,0
                        73.4,5.0,0
                        73.4,5.2,0
                        73.2,5.2,0
                        73.2,5.0,0
                    </coordinates>
                </LinearRing>
            </outerBoundaryIs>
        </Polygon>
    </Placemark>
    <Placemark>
        <styleUrl>#caution</styleUrl>
        <Polygon>
            <outerBoundaryIs>
                <LinearRing>
                    <coordinates>
                        73.4,5.0,0
                        73.60000000000001,5.0,0
                        73.60000000000001,5.2,0
                        73.4,5.2,0
                        73.4,5.0,0
                    </coordinates>
                </LinearRing>
            </outerBoundaryIs>
        </Polygon>
    </Placemark>
    <Placemark>
        <styleUrl>#caution</styleUrl>
        <Polygon>
            <outerBoundaryIs>
                <LinearRing>
                    <coordinates>
                        73.6,5.0,0
                        73.8,5.0,0
                        73.8,5.2,0
                        73.6,5.2,0
                        73.6,5.0,0
                    </coordinates>
                </LinearRing>
            </outerBoundaryIs>
        </Polygon>
    </Placemark>
    <Placemark>
        <styleUrl>#caution</styleUrl>
        <Polygon>
            <outerBoundaryIs>
                <LinearRing>
                    <coordinates>
                        73.8,5.0,0
                        74.0,5.0,0
                        74.0,5.2,0
                        73.8,5.2,0
                        73.8,5.0,0
                    </coordinates>
                </LinearRing>
            </outerBoundaryIs>
        </Polygon>
    </Placemark>
    <Placemark>
        <styleUrl>#caution</styleUrl>
        <Polygon>
            <outerBoundaryIs>
                <LinearRing>
                    <coordinates>
                        74.0,5.0,0
                        74.2,5.0,0
                        74.2,5.2,0
                        74.0,5.2,0
                        74.0,5.0,0
                    </coordinates>
                </LinearRing>
            </outerBoundaryIs>
        </Polygon>
    </Placemark>
    <Placemark>
        <styleUrl>#caution</styleUrl>
        <Polygon>
            <outerBoundaryIs>
                <LinearRing>
                    <coordinates>
                        74.2,5.0,0
                        74.4,5.0,0
                        74.4,5.2,0
                        74.2,5.2,0
                        74.2,5.0,0
                    </coordinates>
                </LinearRing>
            </outerBoundaryIs>
        </Polygon>
    </Placemark>
    <Placemark>
        <styleUrl>#caution</styleUrl>
        <Polygon>
            <outerBoundaryIs>
                <LinearRing>
                    <coordinates>
                        74.4,5.0,0
                        74.60000000000001,5.0,0
                        74.60000000000001,5.2,0
                        74.4,5.2,0
                        74.4,5.0,0
                    </coordinates>
                </LinearRing>
            </outerBoundaryIs>
        </Polygon>
    </Placemark>
    <Placemark>
        <styleUrl>#caution</styleUrl>
        <Polygon>
            <outerBoundaryIs>
                <LinearRing>
                    <coordinates>
                        74.6,5.0,0
                        74.8,5.0,0
                        74.8,5.2,0
                        74.6,5.2,0
                        74.6,5.0,0
                    </coordinates>
                </LinearRing>
            </outerBoundaryIs>
        </Polygon>
    </Placemark>
    <Placemark>
        <styleUrl>#caution</styleUrl>
        <Polygon>
            <outerBoundaryIs>
                <LinearRing>
                    <coordinates>
                        74.8,5.0,0
                        75.0,5.0,0
                        75.0,5.2,0
                        74.8,5.2,0
                        74.8,5.0,0
                    </coordinates>
                </LinearRing>
            </outerBoundaryIs>
        </Polygon>
    </Placemark>
    <Placemark>
        <styleUrl>#caution</styleUrl>
        <Polygon>
            <outerBoundaryIs>
                <LinearRing>
                    <coordinates>
                        75.0,5.0,0
                        75.2,5.0,0
                        75.2,5.2,0
                        75.0,5.2,0
                        75.0,5.0,0
                    </coordinates>
                </LinearRing>
            </outerBoundaryIs>
        </Polygon>
    </Placemark>
    <Placemark>
        <styleUrl>#caution</styleUrl>
        <Polygon>
            <outerBoundaryIs>
                <LinearRing>
                    <coordinates>
                        75.2,5.0,0
                        75.4,5.0,0
                        75.4,5.2,0
                        75.2,5.2,0
                        75.2,5.0,0
                    </coordinates>
                </LinearRing>
            </outerBoundaryIs>
        </Polygon>
    </Placemark>
    <Placemark>
        <styleUrl>#caution</styleUrl>
        <Polygon>
            <outerBoundaryIs>
                <LinearRing>
                    <coordinates>
                        75.4,5.0,0
                        75.60000000000001,5.0,0
                        75.60000000000001,5.2,0
                        75.4,5.2,0
                        75.4,5.0,0
                    </coordinates>
                </LinearRing>
            </outerBoundaryIs>
        </Polygon>
    </Placemark>
    <Placemark>
        <styleUrl>#caution</styleUrl>
        <Polygon>
            <outerBoundaryIs>
                <LinearRing>
                    <coordinates>
                        75.6,5.0,0
                        75.8,5.0,0
                        75.8,5.2,0
                        75.6,5.2,0
                        75.6,5.0,0
                    </coordinates>
                </LinearRing>
            </outerBoundaryIs>
        </Polygon>
    </Placemark>
    <Placemark>
        <styleUrl>#caution</styleUrl>
        <Polygon>
            <outerBoundaryIs>
                <LinearRing>
                    <coordinates>
                        75.8,5.0,0
                        76.0,5.0,0
                        76.0,5.2,0
                        75.8,5.2,0
                        75.8,5.0,0
                    </coordinates>
                </LinearRing>
            </outerBoundaryIs>
        </Polygon>
    </Placemark>
    <Placemark>
        <styleUrl>#caution</styleUrl>
        <Polygon>
            <outerBoundaryIs>
                <LinearRing>
                    <coordinates>
                        76.0,5.0,0
                        76.2,5.0,0
                        76.2,5.2,0
                        76.0,5.2,0
                        76.0,5.0,0
                    </coordinates>
                </LinearRing>
            </outerBoundaryIs>
        </Polygon>
    </Placemark>
    <Placemark>
        <styleUrl>#caution</styleUrl>
        <Polygon>
            <outerBoundaryIs>
                <LinearRing>
                    <coordinates>
                        76.2,5.0,0
                        76.4,5.0,0
                        76.4,5.2,0
                        76.2,5.2,0
                        76.2,5.0,0
                    </coordinates>
                </LinearRing>
            </outerBoundaryIs>
        </Polygon>
    </Placemark>
    <Placemark>
        <styleUrl>#caution</styleUrl>
        <Polygon>
            <outerBoundaryIs>
                <LinearRing>
                    <coordinates>
                        76.4,5.0,0
                        76.60000000000001,5.0,0
                        76.60000000000001,5.2,0
                        76.4,5.2,0
                        76.4,5.0,0
                    </coordinates>
                </LinearRing>
            </outerBoundaryIs>
        </Polygon>
    </Placemark>
    <Placemark>
        <styleUrl>#caution</styleUrl>
        <Polygon>
            <outerBoundaryIs>
                <LinearRing>
                    <coordinates>
                        76.6,5.0,0
                        76.8,5.0,0
                        76.8,5.2,0
                        76.6,5.2,0
                        76.6,5.0,0
                    </coordinates>
                </LinearRing>
            </outerBoundaryIs>
        </Polygon>
    </Placemark>
    <Placemark>
        <styleUrl>#caution</styleUrl>
        <Polygon>
            <outerBoundaryIs>
                <LinearRing>
                    <coordinates>
                        76.8,5.0,0
                        77.0,5.0,0
                        77.0,5.2,0
                        76.8,5.2,0
                        76.8,5.0,0
                    </coordinates>
                </LinearRing>
            </outerBoundaryIs>
        </Polygon>
    </Placemark>
    <Placemark>
        <styleUrl>#caution</styleUrl>
        <Polygon>
            <outerBoundaryIs>
                <LinearRing>
                    <coordinates>
                        77.0,5.0,0
                        77.2,5.0,0
                        77.2,5.2,0
                        77.0,5.2,0
                        77.0,5.0,0
                    </coordinates>
                </LinearRing>
            </outerBoundaryIs>
        </Polygon>
    </Placemark>
    <Placemark>
        <styleUrl>#caution</styleUrl>
        <Polygon>
            <outerBoundaryIs>
                <LinearRing>
                    <coordinates>
                        77.2,5.0,0
                        77.4,5.0,0
                        77.4,5.2,0
                        77.2,5.2,0
                        77.2,5.0,0
                    </coordinates>
                </LinearRing>
            </outerBoundaryIs>
        </Polygon>
    </Placemark>
    <Placemark>
        <styleUrl>#caution</styleUrl>
        <Polygon>
            <outerBoundaryIs>
                <LinearRing>
                    <coordinates>
                        77.4,5.0,0
                        77.60000000000001,5.0,0
                        77.60000000000001,5.2,0
                        77.4,5.2,0
                        77.4,5.0,0
                    </coordinates>
                </LinearRing>
            </outerBoundaryIs>
        </Polygon>
    </Placemark>
    <Placemark>
        <styleUrl>#caution</styleUrl>
        <Polygon>
            <outerBoundaryIs>
                <LinearRing>
                    <coordinates>
                        77.6,5.0,0
                        77.8,5.0,0
                        77.8,5.2,0
                        77.6,5.2,0
                        77.6,5.0,0
                    </coordinates>
                </LinearRing>
            </outerBoundaryIs>
        </Polygon>
    </Placemark>
    <Placemark>
        <styleUrl>#caution</styleUrl>
        <Polygon>
            <outerBoundaryIs>
                <LinearRing>
                    <coordinates>
                        77.8,5.0,0
                        78.0,5.0,0
                        78.0,5.2,0
                        77.8,5.2,0
                        77.8,5.0,0
                    </coordinates>
                </LinearRing>
            </outerBoundaryIs>
        </Polygon>
    </Placemark>
    <Placemark>
        <styleUrl>#caution</styleUrl>
        <Polygon>
            <outerBoundaryIs>
                <LinearRing>
                    <coordinates>
                        78.0,5.0,0
                        78.2,5.0,0
                        78.2,5.2,0
                        78.0,5.2,0
                        78.0,5.0,0
                    </coordinates>
                </LinearRing>
            </outerBoundaryIs>
        </Polygon>
    </Placemark>
    <Placemark>
        <styleUrl>#caution</styleUrl>
        <Polygon>
            <outerBoundaryIs>
                <LinearRing>
                    <coordinates>
                        78.2,5.0,0
                        78.4,5.0,0
                        78.4,5.2,0
                        78.2,5.2,0
                        78.2,5.0,0
                    </coordinates>
                </LinearRing>
            </outerBoundaryIs>
        </Polygon>
    </Placemark>
    <Placemark>
        <styleUrl>#caution</styleUrl>
        <Polygon>
            <outerBoundaryIs>
                <LinearRing>
                    <coordinates>
                        78.4,5.0,0
                        78.60000000000001,5.0,0
                        78.60000000000001,5.2,0
                        78.4,5.2,0
                        78.4,5.0,0
                    </coordinates>
                </LinearRing>
            </outerBoundaryIs>
        </Polygon>
    </Placemark>
    <Placemark>
        <styleUrl>#caution</styleUrl>
        <Polygon>
            <outerBoundaryIs>
                <LinearRing>
                    <coordinates>
                        78.6,5.0,0
                        78.8,5.0,0
                        78.8,5.2,0
                        78.6,5.2,0
                        78.6,5.0,0
                    </coordinates>
                </LinearRing>
            </outerBoundaryIs>
        </Polygon>
    </Placemark>
    <Placemark>
        <styleUrl>#caution</styleUrl>
        <Polygon>
            <outerBoundaryIs>
                <LinearRing>
                    <coordinates>
                        78.8,5.0,0
                        79.0,5.0,0
                        79.0,5.2,0
                        78.8,5.2,0
                        78.8,5.0,0
                    </coordinates>
                </LinearRing>
            </outerBoundaryIs>
        </Polygon>
    </Placemark>
    <Placemark>
        <styleUrl>#caution</styleUrl>
        <Polygon>
            <outerBoundaryIs>
                <LinearRing>
                    <coordinates>
                        79.0,5.0,0
                        79.2,5.0,0
                        79.2,5.2,0
                        79.0,5.2,0
                        79.0,5.0,0
                    </coordinates>
                </LinearRing>
            </outerBoundaryIs>
        </Polygon>
    </Placemark>
    <Placemark>
        <styleUrl>#caution</styleUrl>
        <Polygon>
            <outerBoundaryIs>
                <LinearRing>
                    <coordinates>
                        79.2,5.0,0
                        79.4,5.0,0
                        79.4,5.2,0
                        79.2,5.2,0
                        79.2,5.0,0
                    </coordinates>
                </LinearRing>
            </outerBoundaryIs>
        </Polygon>
    </Placemark>
    <Placemark>
        <styleUrl>#caution</styleUrl>
        <Polygon>
            <outerBoundaryIs>
                <LinearRing>
                    <coordinates>
                        79.4,5.0,0
                        79.60000000000001,5.0,0
                        79.60000000000001,5.2,0
                        79.4,5.2,0
                        79.4,5.0,0
                    </coordinates>
                </LinearRing>
            </outerBoundaryIs>
        </Polygon>
    </Placemark>
    <Placemark>
        <styleUrl>#caution</styleUrl>
        <Polygon>
            <outerBoundaryIs>
                <LinearRing>
                    <coordinates>
                        79.6,5.0,0
                        79.8,5.0,0
                        79.8,5.2,0
                        79.6,5.2,0
                        79.6,5.0,0
                    </coordinates>
                </LinearRing>
            </outerBoundaryIs>
        </Polygon>
    </Placemark>
    <Placemark>
        <styleUrl>#caution</styleUrl>
        <Polygon>
            <outerBoundaryIs>
                <LinearRing>
                    <coordinates>
                        79.8,5.0,0
                        80.0,5.0,0
                        80.0,5.2,0
                        79.8,5.2,0
                        79.8,5.0,0
                    </coordinates>
                </LinearRing>
            </outerBoundaryIs>
        </Polygon>
    </Placemark>
    <Placemark>
        <styleUrl>#caution</styleUrl>
        <Polygon>
            <outerBoundaryIs>
                <LinearRing>
                    <coordinates>
                        80.0,5.0,0
                        80.2,5.0,0
                        80.2,5.2,0
                        80.0,5.2,0
                        80.0,5.0,0
                    </coordinates>
                </LinearRing>
            </outerBoundaryIs>
        </Polygon>
    </Placemark>
    <Placemark>
        <styleUrl>#caution</styleUrl>
        <Polygon>
            <outerBoundaryIs>
                <LinearRing>
                    <coordinates>
                        80.2,5.0,0
                        80.4,5.0,0
                        80.4,5.2,0
                        80.2,5.2,0
                        80.2,5.0,0
                    </coordinates>
                </LinearRing>
            </outerBoundaryIs>
        </Polygon>
    </Placemark>
    <Placemark>
        <styleUrl>#caution</styleUrl>
        <Polygon>
            <outerBoundaryIs>
                <LinearRing>
                    <coordinates>
                        80.4,5.0,0
                        80.60000000000001,5.0,0
                        80.60000000000001,5.2,0
                        80.4,5.2,0
                        80.4,5.0,0
                    </coordinates>
                </LinearRing>
            </outerBoundaryIs>
        </Polygon>
    </Placemark>
    <Placemark>
        <styleUrl>#caution</styleUrl>
        <Polygon>
            <outerBoundaryIs>
                <LinearRing>
                    <coordinates>
                        80.6,5.0,0
                        80.8,5.0,0
                        80.8,5.2,0
                        80.6,5.2,0
                        80.6,5.0,0
                    </coordinates>
                </LinearRing>
            </outerBoundaryIs>
        </Polygon>
    </Placemark>
    <Placemark>
        <styleUrl>#caution</styleUrl>
        <Polygon>
            <outerBoundaryIs>
                <LinearRing>
                    <coordinates>
                        80.8,5.0,0
                        81.0,5.0,0
                        81.0,5.2,0
                        80.8,5.2,0
                        80.8,5.0,0
                    </coordinates>
                </LinearRing>
            </outerBoundaryIs>
        </Polygon>
    </Placemark>
    <Placemark>
        <styleUrl>#caution</styleUrl>
        <Polygon>
            <outerBoundaryIs>
                <LinearRing>
                    <coordinates>
                        81.0,5.0,0
                        81.2,5.0,0
                        81.2,5.2,0
                        81.0,5.2,0
                        81.0,5.0,0
                    </coordinates>
                </LinearRing>
            </outerBoundaryIs>
        </Polygon>
    </Placemark>
    <Placemark>
        <styleUrl>#caution</styleUrl>
        <Polygon>
            <outerBoundaryIs>
                <LinearRing>
                    <coordinates>
                        81.2,5.0,0
                        81.4,5.0,0
                        81.4,5.2,0
                        81.2,5.2,0
                        81.2,5.0,0
                    </coordinates>
                </LinearRing>
            </outerBoundaryIs>
        </Polygon>
    </Placemark>
    <Placemark>
        <styleUrl>#caution</styleUrl>
        <Polygon>
            <outerBoundaryIs>
                <LinearRing>
                    <coordinates>
                        81.4,5.0,0
                        81.60000000000001,5.0,0
                        81.60000000000001,5.2,0
                        81.4,5.2,0
                        81.4,5.0,0
                    </coordinates>
                </LinearRing>
            </outerBoundaryIs>
        </Polygon>
    </Placemark>
    <Placemark>
        <styleUrl>#caution</styleUrl>
        <Polygon>
            <outerBoundaryIs>
                <LinearRing>
                    <coordinates>
                        81.6,5.0,0
                        81.8,5.0,0
                        81.8,5.2,0
                        81.6,5.2,0
                        81.6,5.0,0
                    </coordinates>
                </LinearRing>
            </outerBoundaryIs>
        </Polygon>
    </Placemark>
    <Placemark>
        <styleUrl>#caution</styleUrl>
        <Polygon>
            <outerBoundaryIs>
                <LinearRing>
                    <coordinates>
                        81.8,5.0,0
                        82.0,5.0,0
                        82.0,5.2,0
                        81.8,5.2,0
                        81.8,5.0,0
                    </coordinates>
                </LinearRing>
            </outerBoundaryIs>
        </Polygon>
    </Placemark>
    <Placemark>
        <styleUrl>#caution</styleUrl>
        <Polygon>
            <outerBoundaryIs>
                <LinearRing>
                    <coordinates>
                        82.0,5.0,0
                        82.2,5.0,0
                        82.2,5.2,0
                        82.0,5.2,0
                        82.0,5.0,0
                    </coordinates>
                </LinearRing>
            </outerBoundaryIs>
        </Polygon>
    </Placemark>
    <Placemark>
        <styleUrl>#caution</styleUrl>
        <Polygon>
            <outerBoundaryIs>
                <LinearRing>
                    <coordinates>
                        82.2,5.0,0
                        82.4,5.0,0
                        82.4,5.2,0
                        82.2,5.2,0
                        82.2,5.0,0
                    </coordinates>
                </LinearRing>
            </outerBoundaryIs>
        </Polygon>
    </Placemark>
    <Placemark>
        <styleUrl>#caution</styleUrl>
        <Polygon>
            <outerBoundaryIs>
                <LinearRing>
                    <coordinates>
                        82.4,5.0,0
                        82.60000000000001,5.0,0
                        82.60000000000001,5.2,0
                        82.4,5.2,0
                        82.4,5.0,0
                    </coordinates>
                </LinearRing>
            </outerBoundaryIs>
        </Polygon>
    </Placemark>
    <Placemark>
        <styleUrl>#caution</styleUrl>
        <Polygon>
            <outerBoundaryIs>
                <LinearRing>
                    <coordinates>
                        82.6,5.0,0
                        82.8,5.0,0
                        82.8,5.2,0
                        82.6,5.2,0
                        82.6,5.0,0
                    </coordinates>
                </LinearRing>
            </outerBoundaryIs>
        </Polygon>
    </Placemark>
    <Placemark>
        <styleUrl>#caution</styleUrl>
        <Polygon>
            <outerBoundaryIs>
                <LinearRing>
                    <coordinates>
                        82.8,5.0,0
                        83.0,5.0,0
                        83.0,5.2,0
                        82.8,5.2,0
                        82.8,5.0,0
                    </coordinates>
                </LinearRing>
            </outerBoundaryIs>
        </Polygon>
    </Placemark>
    <Placemark>
        <styleUrl>#caution</styleUrl>
        <Polygon>
            <outerBoundaryIs>
                <LinearRing>
                    <coordinates>
                        83.0,5.0,0
                        83.2,5.0,0
                        83.2,5.2,0
                        83.0,5.2,0
                        83.0,5.0,0
                    </coordinates>
                </LinearRing>
            </outerBoundaryIs>
        </Polygon>
    </Placemark>
    <Placemark>
        <styleUrl>#caution</styleUrl>
        <Polygon>
            <outerBoundaryIs>
                <LinearRing>
                    <coordinates>
                        83.2,5.0,0
                        83.4,5.0,0
                        83.4,5.2,0
                        83.2,5.2,0
                        83.2,5.0,0
                    </coordinates>
                </LinearRing>
            </outerBoundaryIs>
        </Polygon>
    </Placemark>
    <Placemark>
        <styleUrl>#caution</styleUrl>
        <Polygon>
            <outerBoundaryIs>
                <LinearRing>
                    <coordinates>
                        83.4,5.0,0
                        83.60000000000001,5.0,0
                        83.60000000000001,5.2,0
                        83.4,5.2,0
                        83.4,5.0,0
                    </coordinates>
                </LinearRing>
            </outerBoundaryIs>
        </Polygon>
    </Placemark>
    <Placemark>
        <styleUrl>#caution</styleUrl>
        <Polygon>
            <outerBoundaryIs>
                <LinearRing>
                    <coordinates>
                        83.6,5.0,0
                        83.8,5.0,0
                        83.8,5.2,0
                        83.6,5.2,0
                        83.6,5.0,0
                    </coordinates>
                </LinearRing>
            </outerBoundaryIs>
        </Polygon>
    </Placemark>
    <Placemark>
        <styleUrl>#caution</styleUrl>
        <Polygon>
            <outerBoundaryIs>
                <LinearRing>
                    <coordinates>
                        83.8,5.0,0
                        84.0,5.0,0
                        84.0,5.2,0
                        83.8,5.2,0
                        83.8,5.0,0
                    </coordinates>
                </LinearRing>
            </outerBoundaryIs>
        </Polygon>
    </Placemark>
    <Placemark>
        <styleUrl>#caution</styleUrl>
        <Polygon>
            <outerBoundaryIs>
                <LinearRing>
                    <coordinates>
                        84.0,5.0,0
                        84.2,5.0,0
                        84.2,5.2,0
                        84.0,5.2,0
                        84.0,5.0,0
                    </coordinates>
                </LinearRing>
            </outerBoundaryIs>
        </Polygon>
    </Placemark>
    <Placemark>
        <styleUrl>#caution</styleUrl>
        <Polygon>
            <outerBoundaryIs>
                <LinearRing>
                    <coordinates>
                        84.2,5.0,0
                        84.4,5.0,0
                        84.4,5.2,0
                        84.2,5.2,0
                        84.2,5.0,0
                    </coordinates>
                </LinearRing>
            </outerBoundaryIs>
        </Polygon>
    </Placemark>
    <Placemark>
        <styleUrl>#caution</styleUrl>
        <Polygon>
            <outerBoundaryIs>
                <LinearRing>
                    <coordinates>
                        84.4,5.0,0
                        84.60000000000001,5.0,0
                        84.60000000000001,5.2,0
                        84.4,5.2,0
                        84.4,5.0,0
                    </coordinates>
                </LinearRing>
            </outerBoundaryIs>
        </Polygon>
    </Placemark>
    <Placemark>
        <styleUrl>#caution</styleUrl>
        <Polygon>
            <outerBoundaryIs>
                <LinearRing>
                    <coordinates>
                        84.6,5.0,0
                        84.8,5.0,0
                        84.8,5.2,0
                        84.6,5.2,0
                        84.6,5.0,0
                    </coordinates>
                </LinearRing>
            </outerBoundaryIs>
        </Polygon>
    </Placemark>
    <Placemark>
        <styleUrl>#caution</styleUrl>
        <Polygon>
            <outerBoundaryIs>
                <LinearRing>
                    <coordinates>
                        65.0,5.2,0
                        65.2,5.2,0
                        65.2,5.4,0
                        65.0,5.4,0
                        65.0,5.2,0
                    </coordinates>
                </LinearRing>
            </outerBoundaryIs>
        </Polygon>
    </Placemark>
    <Placemark>
        <styleUrl>#caution</styleUrl>
        <Polygon>
            <outerBoundaryIs>
                <LinearRing>
                    <coordinates>
                        65.2,5.2,0
                        65.4,5.2,0
                        65.4,5.4,0
                        65.2,5.4,0
                        65.2,5.2,0
                    </coordinates>
                </LinearRing>
            </outerBoundaryIs>
        </Polygon>
    </Placemark>
    <Placemark>
        <styleUrl>#caution</styleUrl>
        <Polygon>
            <outerBoundaryIs>
                <LinearRing>
                    <coordinates>
                        65.4,5.2,0
                        65.60000000000001,5.2,0
                        65.60000000000001,5.4,0
                        65.4,5.4,0
                        65.4,5.2,0
                    </coordinates>
                </LinearRing>
            </outerBoundaryIs>
        </Polygon>
    </Placemark>
    <Placemark>
        <styleUrl>#caution</styleUrl>
        <Polygon>
            <outerBoundaryIs>
                <LinearRing>
                    <coordinates>
                        65.6,5.2,0
                        65.8,5.2,0
                        65.8,5.4,0
                        65.6,5.4,0
                        65.6,5.2,0
                    </coordinates>
                </LinearRing>
            </outerBoundaryIs>
        </Polygon>
    </Placemark>
    <Placemark>
        <styleUrl>#caution</styleUrl>
        <Polygon>
            <outerBoundaryIs>
                <LinearRing>
                    <coordinates>
                        65.8,5.2,0
                        66.0,5.2,0
                        66.0,5.4,0
                        65.8,5.4,0
                        65.8,5.2,0
                    </coordinates>
                </LinearRing>
            </outerBoundaryIs>
        </Polygon>
    </Placemark>
    <Placemark>
        <styleUrl>#caution</styleUrl>
        <Polygon>
            <outerBoundaryIs>
                <LinearRing>
                    <coordinates>
                        66.0,5.2,0
                        66.2,5.2,0
                        66.2,5.4,0
                        66.0,5.4,0
                        66.0,5.2,0
                    </coordinates>
                </LinearRing>
            </outerBoundaryIs>
        </Polygon>
    </Placemark>
    <Placemark>
        <styleUrl>#caution</styleUrl>
        <Polygon>
            <outerBoundaryIs>
                <LinearRing>
                    <coordinates>
                        66.2,5.2,0
                        66.4,5.2,0
                        66.4,5.4,0
                        66.2,5.4,0
                        66.2,5.2,0
                    </coordinates>
                </LinearRing>
            </outerBoundaryIs>
        </Polygon>
    </Placemark>
    <Placemark>
        <styleUrl>#caution</styleUrl>
        <Polygon>
            <outerBoundaryIs>
                <LinearRing>
                    <coordinates>
                        66.4,5.2,0
                        66.60000000000001,5.2,0
                        66.60000000000001,5.4,0
                        66.4,5.4,0
                        66.4,5.2,0
                    </coordinates>
                </LinearRing>
            </outerBoundaryIs>
        </Polygon>
    </Placemark>
    <Placemark>
        <styleUrl>#caution</styleUrl>
        <Polygon>
            <outerBoundaryIs>
                <LinearRing>
                    <coordinates>
                        66.6,5.2,0
                        66.8,5.2,0
                        66.8,5.4,0
                        66.6,5.4,0
                        66.6,5.2,0
                    </coordinates>
                </LinearRing>
            </outerBoundaryIs>
        </Polygon>
    </Placemark>
    <Placemark>
        <styleUrl>#caution</styleUrl>
        <Polygon>
            <outerBoundaryIs>
                <LinearRing>
                    <coordinates>
                        66.8,5.2,0
                        67.0,5.2,0
                        67.0,5.4,0
                        66.8,5.4,0
                        66.8,5.2,0
                    </coordinates>
                </LinearRing>
            </outerBoundaryIs>
        </Polygon>
    </Placemark>
    <Placemark>
        <styleUrl>#caution</styleUrl>
        <Polygon>
            <outerBoundaryIs>
                <LinearRing>
                    <coordinates>
                        67.0,5.2,0
                        67.2,5.2,0
                        67.2,5.4,0
                        67.0,5.4,0
                        67.0,5.2,0
                    </coordinates>
                </LinearRing>
            </outerBoundaryIs>
        </Polygon>
    </Placemark>
    <Placemark>
        <styleUrl>#caution</styleUrl>
        <Polygon>
            <outerBoundaryIs>
                <LinearRing>
                    <coordinates>
                        67.2,5.2,0
                        67.4,5.2,0
                        67.4,5.4,0
                        67.2,5.4,0
                        67.2,5.2,0
                    </coordinates>
                </LinearRing>
            </outerBoundaryIs>
        </Polygon>
    </Placemark>
    <Placemark>
        <styleUrl>#caution</styleUrl>
        <Polygon>
            <outerBoundaryIs>
                <LinearRing>
                    <coordinates>
                        67.4,5.2,0
                        67.60000000000001,5.2,0
                        67.60000000000001,5.4,0
                        67.4,5.4,0
                        67.4,5.2,0
                    </coordinates>
                </LinearRing>
            </outerBoundaryIs>
        </Polygon>
    </Placemark>
    <Placemark>
        <styleUrl>#caution</styleUrl>
        <Polygon>
            <outerBoundaryIs>
                <LinearRing>
                    <coordinates>
                        67.6,5.2,0
                        67.8,5.2,0
                        67.8,5.4,0
                        67.6,5.4,0
                        67.6,5.2,0
                    </coordinates>
                </LinearRing>
            </outerBoundaryIs>
        </Polygon>
    </Placemark>
    <Placemark>
        <styleUrl>#caution</styleUrl>
        <Polygon>
            <outerBoundaryIs>
                <LinearRing>
                    <coordinates>
                        67.8,5.2,0
                        68.0,5.2,0
                        68.0,5.4,0
                        67.8,5.4,0
                        67.8,5.2,0
                    </coordinates>
                </LinearRing>
            </outerBoundaryIs>
        </Polygon>
    </Placemark>
    <Placemark>
        <styleUrl>#caution</styleUrl>
        <Polygon>
            <outerBoundaryIs>
                <LinearRing>
                    <coordinates>
                        68.0,5.2,0
                        68.2,5.2,0
                        68.2,5.4,0
                        68.0,5.4,0
                        68.0,5.2,0
                    </coordinates>
                </LinearRing>
            </outerBoundaryIs>
        </Polygon>
    </Placemark>
    <Placemark>
        <styleUrl>#caution</styleUrl>
        <Polygon>
            <outerBoundaryIs>
                <LinearRing>
                    <coordinates>
                        68.2,5.2,0
                        68.4,5.2,0
                        68.4,5.4,0
                        68.2,5.4,0
                        68.2,5.2,0
                    </coordinates>
                </LinearRing>
            </outerBoundaryIs>
        </Polygon>
    </Placemark>
    <Placemark>
        <styleUrl>#caution</styleUrl>
        <Polygon>
            <outerBoundaryIs>
                <LinearRing>
                    <coordinates>
                        68.4,5.2,0
                        68.60000000000001,5.2,0
                        68.60000000000001,5.4,0
                        68.4,5.4,0
                        68.4,5.2,0
                    </coordinates>
                </LinearRing>
            </outerBoundaryIs>
        </Polygon>
    </Placemark>
    <Placemark>
        <styleUrl>#caution</styleUrl>
        <Polygon>
            <outerBoundaryIs>
                <LinearRing>
                    <coordinates>
                        68.6,5.2,0
                        68.8,5.2,0
                        68.8,5.4,0
                        68.6,5.4,0
                        68.6,5.2,0
                    </coordinates>
                </LinearRing>
            </outerBoundaryIs>
        </Polygon>
    </Placemark>
    <Placemark>
        <styleUrl>#caution</styleUrl>
        <Polygon>
            <outerBoundaryIs>
                <LinearRing>
                    <coordinates>
                        68.8,5.2,0
                        69.0,5.2,0
                        69.0,5.4,0
                        68.8,5.4,0
                        68.8,5.2,0
                    </coordinates>
                </LinearRing>
            </outerBoundaryIs>
        </Polygon>
    </Placemark>
    <Placemark>
        <styleUrl>#caution</styleUrl>
        <Polygon>
            <outerBoundaryIs>
                <LinearRing>
                    <coordinates>
                        69.0,5.2,0
                        69.2,5.2,0
                        69.2,5.4,0
                        69.0,5.4,0
                        69.0,5.2,0
                    </coordinates>
                </LinearRing>
            </outerBoundaryIs>
        </Polygon>
    </Placemark>
    <Placemark>
        <styleUrl>#caution</styleUrl>
        <Polygon>
            <outerBoundaryIs>
                <LinearRing>
                    <coordinates>
                        69.2,5.2,0
                        69.4,5.2,0
                        69.4,5.4,0
                        69.2,5.4,0
                        69.2,5.2,0
                    </coordinates>
                </LinearRing>
            </outerBoundaryIs>
        </Polygon>
    </Placemark>
    <Placemark>
        <styleUrl>#caution</styleUrl>
        <Polygon>
            <outerBoundaryIs>
                <LinearRing>
                    <coordinates>
                        69.4,5.2,0
                        69.60000000000001,5.2,0
                        69.60000000000001,5.4,0
                        69.4,5.4,0
                        69.4,5.2,0
                    </coordinates>
                </LinearRing>
            </outerBoundaryIs>
        </Polygon>
    </Placemark>
    <Placemark>
        <styleUrl>#caution</styleUrl>
        <Polygon>
            <outerBoundaryIs>
                <LinearRing>
                    <coordinates>
                        69.6,5.2,0
                        69.8,5.2,0
                        69.8,5.4,0
                        69.6,5.4,0
                        69.6,5.2,0
                    </coordinates>
                </LinearRing>
            </outerBoundaryIs>
        </Polygon>
    </Placemark>
    <Placemark>
        <styleUrl>#caution</styleUrl>
        <Polygon>
            <outerBoundaryIs>
                <LinearRing>
                    <coordinates>
                        69.8,5.2,0
                        70.0,5.2,0
                        70.0,5.4,0
                        69.8,5.4,0
                        69.8,5.2,0
                    </coordinates>
                </LinearRing>
            </outerBoundaryIs>
        </Polygon>
    </Placemark>
    <Placemark>
        <styleUrl>#caution</styleUrl>
        <Polygon>
            <outerBoundaryIs>
                <LinearRing>
                    <coordinates>
                        70.0,5.2,0
                        70.2,5.2,0
                        70.2,5.4,0
                        70.0,5.4,0
                        70.0,5.2,0
                    </coordinates>
                </LinearRing>
            </outerBoundaryIs>
        </Polygon>
    </Placemark>
    <Placemark>
        <styleUrl>#caution</styleUrl>
        <Polygon>
            <outerBoundaryIs>
                <LinearRing>
                    <coordinates>
                        70.2,5.2,0
                        70.4,5.2,0
                        70.4,5.4,0
                        70.2,5.4,0
                        70.2,5.2,0
                    </coordinates>
                </LinearRing>
            </outerBoundaryIs>
        </Polygon>
    </Placemark>
    <Placemark>
        <styleUrl>#caution</styleUrl>
        <Polygon>
            <outerBoundaryIs>
                <LinearRing>
                    <coordinates>
                        70.4,5.2,0
                        70.60000000000001,5.2,0
                        70.60000000000001,5.4,0
                        70.4,5.4,0
                        70.4,5.2,0
                    </coordinates>
                </LinearRing>
            </outerBoundaryIs>
        </Polygon>
    </Placemark>
    <Placemark>
        <styleUrl>#caution</styleUrl>
        <Polygon>
            <outerBoundaryIs>
                <LinearRing>
                    <coordinates>
                        70.6,5.2,0
                        70.8,5.2,0
                        70.8,5.4,0
                        70.6,5.4,0
                        70.6,5.2,0
                    </coordinates>
                </LinearRing>
            </outerBoundaryIs>
        </Polygon>
    </Placemark>
    <Placemark>
        <styleUrl>#caution</styleUrl>
        <Polygon>
            <outerBoundaryIs>
                <LinearRing>
                    <coordinates>
                        70.8,5.2,0
                        71.0,5.2,0
                        71.0,5.4,0
                        70.8,5.4,0
                        70.8,5.2,0
                    </coordinates>
                </LinearRing>
            </outerBoundaryIs>
        </Polygon>
    </Placemark>
    <Placemark>
        <styleUrl>#caution</styleUrl>
        <Polygon>
            <outerBoundaryIs>
                <LinearRing>
                    <coordinates>
                        71.0,5.2,0
                        71.2,5.2,0
                        71.2,5.4,0
                        71.0,5.4,0
                        71.0,5.2,0
                    </coordinates>
                </LinearRing>
            </outerBoundaryIs>
        </Polygon>
    </Placemark>
    <Placemark>
        <styleUrl>#caution</styleUrl>
        <Polygon>
            <outerBoundaryIs>
                <LinearRing>
                    <coordinates>
                        71.2,5.2,0
                        71.4,5.2,0
                        71.4,5.4,0
                        71.2,5.4,0
                        71.2,5.2,0
                    </coordinates>
                </LinearRing>
            </outerBoundaryIs>
        </Polygon>
    </Placemark>
    <Placemark>
        <styleUrl>#caution</styleUrl>
        <Polygon>
            <outerBoundaryIs>
                <LinearRing>
                    <coordinates>
                        71.4,5.2,0
                        71.60000000000001,5.2,0
                        71.60000000000001,5.4,0
                        71.4,5.4,0
                        71.4,5.2,0
                    </coordinates>
                </LinearRing>
            </outerBoundaryIs>
        </Polygon>
    </Placemark>
    <Placemark>
        <styleUrl>#caution</styleUrl>
        <Polygon>
            <outerBoundaryIs>
                <LinearRing>
                    <coordinates>
                        71.6,5.2,0
                        71.8,5.2,0
                        71.8,5.4,0
                        71.6,5.4,0
                        71.6,5.2,0
                    </coordinates>
                </LinearRing>
            </outerBoundaryIs>
        </Polygon>
    </Placemark>
    <Placemark>
        <styleUrl>#caution</styleUrl>
        <Polygon>
            <outerBoundaryIs>
                <LinearRing>
                    <coordinates>
                        71.8,5.2,0
                        72.0,5.2,0
                        72.0,5.4,0
                        71.8,5.4,0
                        71.8,5.2,0
                    </coordinates>
                </LinearRing>
            </outerBoundaryIs>
        </Polygon>
    </Placemark>
    <Placemark>
        <styleUrl>#caution</styleUrl>
        <Polygon>
            <outerBoundaryIs>
                <LinearRing>
                    <coordinates>
                        72.0,5.2,0
                        72.2,5.2,0
                        72.2,5.4,0
                        72.0,5.4,0
                        72.0,5.2,0
                    </coordinates>
                </LinearRing>
            </outerBoundaryIs>
        </Polygon>
    </Placemark>
    <Placemark>
        <styleUrl>#caution</styleUrl>
        <Polygon>
            <outerBoundaryIs>
                <LinearRing>
                    <coordinates>
                        72.2,5.2,0
                        72.4,5.2,0
                        72.4,5.4,0
                        72.2,5.4,0
                        72.2,5.2,0
                    </coordinates>
                </LinearRing>
            </outerBoundaryIs>
        </Polygon>
    </Placemark>
    <Placemark>
        <styleUrl>#caution</styleUrl>
        <Polygon>
            <outerBoundaryIs>
                <LinearRing>
                    <coordinates>
                        72.4,5.2,0
                        72.60000000000001,5.2,0
                        72.60000000000001,5.4,0
                        72.4,5.4,0
                        72.4,5.2,0
                    </coordinates>
                </LinearRing>
            </outerBoundaryIs>
        </Polygon>
    </Placemark>
    <Placemark>
        <styleUrl>#caution</styleUrl>
        <Polygon>
            <outerBoundaryIs>
                <LinearRing>
                    <coordinates>
                        72.6,5.2,0
                        72.8,5.2,0
                        72.8,5.4,0
                        72.6,5.4,0
                        72.6,5.2,0
                    </coordinates>
                </LinearRing>
            </outerBoundaryIs>
        </Polygon>
    </Placemark>
    <Placemark>
        <styleUrl>#caution</styleUrl>
        <Polygon>
            <outerBoundaryIs>
                <LinearRing>
                    <coordinates>
                        72.8,5.2,0
                        73.0,5.2,0
                        73.0,5.4,0
                        72.8,5.4,0
                        72.8,5.2,0
                    </coordinates>
                </LinearRing>
            </outerBoundaryIs>
        </Polygon>
    </Placemark>
    <Placemark>
        <styleUrl>#caution</styleUrl>
        <Polygon>
            <outerBoundaryIs>
                <LinearRing>
                    <coordinates>
                        73.0,5.2,0
                        73.2,5.2,0
                        73.2,5.4,0
                        73.0,5.4,0
                        73.0,5.2,0
                    </coordinates>
                </LinearRing>
            </outerBoundaryIs>
        </Polygon>
    </Placemark>
    <Placemark>
        <styleUrl>#caution</styleUrl>
        <Polygon>
            <outerBoundaryIs>
                <LinearRing>
                    <coordinates>
                        73.2,5.2,0
                        73.4,5.2,0
                        73.4,5.4,0
                        73.2,5.4,0
                        73.2,5.2,0
                    </coordinates>
                </LinearRing>
            </outerBoundaryIs>
        </Polygon>
    </Placemark>
    <Placemark>
        <styleUrl>#caution</styleUrl>
        <Polygon>
            <outerBoundaryIs>
                <LinearRing>
                    <coordinates>
                        73.4,5.2,0
                        73.60000000000001,5.2,0
                        73.60000000000001,5.4,0
                        73.4,5.4,0
                        73.4,5.2,0
                    </coordinates>
                </LinearRing>
            </outerBoundaryIs>
        </Polygon>
    </Placemark>
    <Placemark>
        <styleUrl>#caution</styleUrl>
        <Polygon>
            <outerBoundaryIs>
                <LinearRing>
                    <coordinates>
                        73.6,5.2,0
                        73.8,5.2,0
                        73.8,5.4,0
                        73.6,5.4,0
                        73.6,5.2,0
                    </coordinates>
                </LinearRing>
            </outerBoundaryIs>
        </Polygon>
    </Placemark>
    <Placemark>
        <styleUrl>#caution</styleUrl>
        <Polygon>
            <outerBoundaryIs>
                <LinearRing>
                    <coordinates>
                        73.8,5.2,0
                        74.0,5.2,0
                        74.0,5.4,0
                        73.8,5.4,0
                        73.8,5.2,0
                    </coordinates>
                </LinearRing>
            </outerBoundaryIs>
        </Polygon>
    </Placemark>
    <Placemark>
        <styleUrl>#caution</styleUrl>
        <Polygon>
            <outerBoundaryIs>
                <LinearRing>
                    <coordinates>
                        74.0,5.2,0
                        74.2,5.2,0
                        74.2,5.4,0
                        74.0,5.4,0
                        74.0,5.2,0
                    </coordinates>
                </LinearRing>
            </outerBoundaryIs>
        </Polygon>
    </Placemark>
    <Placemark>
        <styleUrl>#caution</styleUrl>
        <Polygon>
            <outerBoundaryIs>
                <LinearRing>
                    <coordinates>
                        74.2,5.2,0
                        74.4,5.2,0
                        74.4,5.4,0
                        74.2,5.4,0
                        74.2,5.2,0
                    </coordinates>
                </LinearRing>
            </outerBoundaryIs>
        </Polygon>
    </Placemark>
    <Placemark>
        <styleUrl>#caution</styleUrl>
        <Polygon>
            <outerBoundaryIs>
                <LinearRing>
                    <coordinates>
                        74.4,5.2,0
                        74.60000000000001,5.2,0
                        74.60000000000001,5.4,0
                        74.4,5.4,0
                        74.4,5.2,0
                    </coordinates>
                </LinearRing>
            </outerBoundaryIs>
        </Polygon>
    </Placemark>
    <Placemark>
        <styleUrl>#caution</styleUrl>
        <Polygon>
            <outerBoundaryIs>
                <LinearRing>
                    <coordinates>
                        74.6,5.2,0
                        74.8,5.2,0
                        74.8,5.4,0
                        74.6,5.4,0
                        74.6,5.2,0
                    </coordinates>
                </LinearRing>
            </outerBoundaryIs>
        </Polygon>
    </Placemark>
    <Placemark>
        <styleUrl>#caution</styleUrl>
        <Polygon>
            <outerBoundaryIs>
                <LinearRing>
                    <coordinates>
                        74.8,5.2,0
                        75.0,5.2,0
                        75.0,5.4,0
                        74.8,5.4,0
                        74.8,5.2,0
                    </coordinates>
                </LinearRing>
            </outerBoundaryIs>
        </Polygon>
    </Placemark>
    <Placemark>
        <styleUrl>#caution</styleUrl>
        <Polygon>
            <outerBoundaryIs>
                <LinearRing>
                    <coordinates>
                        75.0,5.2,0
                        75.2,5.2,0
                        75.2,5.4,0
                        75.0,5.4,0
                        75.0,5.2,0
                    </coordinates>
                </LinearRing>
            </outerBoundaryIs>
        </Polygon>
    </Placemark>
    <Placemark>
        <styleUrl>#caution</styleUrl>
        <Polygon>
            <outerBoundaryIs>
                <LinearRing>
                    <coordinates>
                        75.2,5.2,0
                        75.4,5.2,0
                        75.4,5.4,0
                        75.2,5.4,0
                        75.2,5.2,0
                    </coordinates>
                </LinearRing>
            </outerBoundaryIs>
        </Polygon>
    </Placemark>
    <Placemark>
        <styleUrl>#caution</styleUrl>
        <Polygon>
            <outerBoundaryIs>
                <LinearRing>
                    <coordinates>
                        75.4,5.2,0
                        75.60000000000001,5.2,0
                        75.60000000000001,5.4,0
                        75.4,5.4,0
                        75.4,5.2,0
                    </coordinates>
                </LinearRing>
            </outerBoundaryIs>
        </Polygon>
    </Placemark>
    <Placemark>
        <styleUrl>#caution</styleUrl>
        <Polygon>
            <outerBoundaryIs>
                <LinearRing>
                    <coordinates>
                        75.6,5.2,0
                        75.8,5.2,0
                        75.8,5.4,0
                        75.6,5.4,0
                        75.6,5.2,0
                    </coordinates>
                </LinearRing>
            </outerBoundaryIs>
        </Polygon>
    </Placemark>
    <Placemark>
        <styleUrl>#caution</styleUrl>
        <Polygon>
            <outerBoundaryIs>
                <LinearRing>
                    <coordinates>
                        75.8,5.2,0
                        76.0,5.2,0
                        76.0,5.4,0
                        75.8,5.4,0
                        75.8,5.2,0
                    </coordinates>
                </LinearRing>
            </outerBoundaryIs>
        </Polygon>
    </Placemark>
    <Placemark>
        <styleUrl>#caution</styleUrl>
        <Polygon>
            <outerBoundaryIs>
                <LinearRing>
                    <coordinates>
                        76.0,5.2,0
                        76.2,5.2,0
                        76.2,5.4,0
                        76.0,5.4,0
                        76.0,5.2,0
                    </coordinates>
                </LinearRing>
            </outerBoundaryIs>
        </Polygon>
    </Placemark>
    <Placemark>
        <styleUrl>#caution</styleUrl>
        <Polygon>
            <outerBoundaryIs>
                <LinearRing>
                    <coordinates>
                        76.2,5.2,0
                        76.4,5.2,0
                        76.4,5.4,0
                        76.2,5.4,0
                        76.2,5.2,0
                    </coordinates>
                </LinearRing>
            </outerBoundaryIs>
        </Polygon>
    </Placemark>
    <Placemark>
        <styleUrl>#caution</styleUrl>
        <Polygon>
            <outerBoundaryIs>
                <LinearRing>
                    <coordinates>
                        76.4,5.2,0
                        76.60000000000001,5.2,0
                        76.60000000000001,5.4,0
                        76.4,5.4,0
                        76.4,5.2,0
                    </coordinates>
                </LinearRing>
            </outerBoundaryIs>
        </Polygon>
    </Placemark>
    <Placemark>
        <styleUrl>#caution</styleUrl>
        <Polygon>
            <outerBoundaryIs>
                <LinearRing>
                    <coordinates>
                        76.6,5.2,0
                        76.8,5.2,0
                        76.8,5.4,0
                        76.6,5.4,0
                        76.6,5.2,0
                    </coordinates>
                </LinearRing>
            </outerBoundaryIs>
        </Polygon>
    </Placemark>
    <Placemark>
        <styleUrl>#caution</styleUrl>
        <Polygon>
            <outerBoundaryIs>
                <LinearRing>
                    <coordinates>
                        76.8,5.2,0
                        77.0,5.2,0
                        77.0,5.4,0
                        76.8,5.4,0
                        76.8,5.2,0
                    </coordinates>
                </LinearRing>
            </outerBoundaryIs>
        </Polygon>
    </Placemark>
    <Placemark>
        <styleUrl>#caution</styleUrl>
        <Polygon>
            <outerBoundaryIs>
                <LinearRing>
                    <coordinates>
                        77.0,5.2,0
                        77.2,5.2,0
                        77.2,5.4,0
                        77.0,5.4,0
                        77.0,5.2,0
                    </coordinates>
                </LinearRing>
            </outerBoundaryIs>
        </Polygon>
    </Placemark>
    <Placemark>
        <styleUrl>#caution</styleUrl>
        <Polygon>
            <outerBoundaryIs>
                <LinearRing>
                    <coordinates>
                        77.2,5.2,0
                        77.4,5.2,0
                        77.4,5.4,0
                        77.2,5.4,0
                        77.2,5.2,0
                    </coordinates>
                </LinearRing>
            </outerBoundaryIs>
        </Polygon>
    </Placemark>
    <Placemark>
        <styleUrl>#caution</styleUrl>
        <Polygon>
            <outerBoundaryIs>
                <LinearRing>
                    <coordinates>
                        77.4,5.2,0
                        77.60000000000001,5.2,0
                        77.60000000000001,5.4,0
                        77.4,5.4,0
                        77.4,5.2,0
                    </coordinates>
                </LinearRing>
            </outerBoundaryIs>
        </Polygon>
    </Placemark>
    <Placemark>
        <styleUrl>#caution</styleUrl>
        <Polygon>
            <outerBoundaryIs>
                <LinearRing>
                    <coordinates>
                        77.6,5.2,0
                        77.8,5.2,0
                        77.8,5.4,0
                        77.6,5.4,0
                        77.6,5.2,0
                    </coordinates>
                </LinearRing>
            </outerBoundaryIs>
        </Polygon>
    </Placemark>
    <Placemark>
        <styleUrl>#caution</styleUrl>
        <Polygon>
            <outerBoundaryIs>
                <LinearRing>
                    <coordinates>
                        77.8,5.2,0
                        78.0,5.2,0
                        78.0,5.4,0
                        77.8,5.4,0
                        77.8,5.2,0
                    </coordinates>
                </LinearRing>
            </outerBoundaryIs>
        </Polygon>
    </Placemark>
    <Placemark>
        <styleUrl>#caution</styleUrl>
        <Polygon>
            <outerBoundaryIs>
                <LinearRing>
                    <coordinates>
                        78.0,5.2,0
                        78.2,5.2,0
                        78.2,5.4,0
                        78.0,5.4,0
                        78.0,5.2,0
                    </coordinates>
                </LinearRing>
            </outerBoundaryIs>
        </Polygon>
    </Placemark>
    <Placemark>
        <styleUrl>#caution</styleUrl>
        <Polygon>
            <outerBoundaryIs>
                <LinearRing>
                    <coordinates>
                        78.2,5.2,0
                        78.4,5.2,0
                        78.4,5.4,0
                        78.2,5.4,0
                        78.2,5.2,0
                    </coordinates>
                </LinearRing>
            </outerBoundaryIs>
        </Polygon>
    </Placemark>
    <Placemark>
        <styleUrl>#caution</styleUrl>
        <Polygon>
            <outerBoundaryIs>
                <LinearRing>
                    <coordinates>
                        78.4,5.2,0
                        78.60000000000001,5.2,0
                        78.60000000000001,5.4,0
                        78.4,5.4,0
                        78.4,5.2,0
                    </coordinates>
                </LinearRing>
            </outerBoundaryIs>
        </Polygon>
    </Placemark>
    <Placemark>
        <styleUrl>#caution</styleUrl>
        <Polygon>
            <outerBoundaryIs>
                <LinearRing>
                    <coordinates>
                        78.6,5.2,0
                        78.8,5.2,0
                        78.8,5.4,0
                        78.6,5.4,0
                        78.6,5.2,0
                    </coordinates>
                </LinearRing>
            </outerBoundaryIs>
        </Polygon>
    </Placemark>
    <Placemark>
        <styleUrl>#caution</styleUrl>
        <Polygon>
            <outerBoundaryIs>
                <LinearRing>
                    <coordinates>
                        78.8,5.2,0
                        79.0,5.2,0
                        79.0,5.4,0
                        78.8,5.4,0
                        78.8,5.2,0
                    </coordinates>
                </LinearRing>
            </outerBoundaryIs>
        </Polygon>
    </Placemark>
    <Placemark>
        <styleUrl>#caution</styleUrl>
        <Polygon>
            <outerBoundaryIs>
                <LinearRing>
                    <coordinates>
                        79.0,5.2,0
                        79.2,5.2,0
                        79.2,5.4,0
                        79.0,5.4,0
                        79.0,5.2,0
                    </coordinates>
                </LinearRing>
            </outerBoundaryIs>
        </Polygon>
    </Placemark>
    <Placemark>
        <styleUrl>#caution</styleUrl>
        <Polygon>
            <outerBoundaryIs>
                <LinearRing>
                    <coordinates>
                        79.2,5.2,0
                        79.4,5.2,0
                        79.4,5.4,0
                        79.2,5.4,0
                        79.2,5.2,0
                    </coordinates>
                </LinearRing>
            </outerBoundaryIs>
        </Polygon>
    </Placemark>
    <Placemark>
        <styleUrl>#caution</styleUrl>
        <Polygon>
            <outerBoundaryIs>
                <LinearRing>
                    <coordinates>
                        79.4,5.2,0
                        79.60000000000001,5.2,0
                        79.60000000000001,5.4,0
                        79.4,5.4,0
                        79.4,5.2,0
                    </coordinates>
                </LinearRing>
            </outerBoundaryIs>
        </Polygon>
    </Placemark>
    <Placemark>
        <styleUrl>#caution</styleUrl>
        <Polygon>
            <outerBoundaryIs>
                <LinearRing>
                    <coordinates>
                        79.6,5.2,0
                        79.8,5.2,0
                        79.8,5.4,0
                        79.6,5.4,0
                        79.6,5.2,0
                    </coordinates>
                </LinearRing>
            </outerBoundaryIs>
        </Polygon>
    </Placemark>
    <Placemark>
        <styleUrl>#caution</styleUrl>
        <Polygon>
            <outerBoundaryIs>
                <LinearRing>
                    <coordinates>
                        79.8,5.2,0
                        80.0,5.2,0
                        80.0,5.4,0
                        79.8,5.4,0
                        79.8,5.2,0
                    </coordinates>
                </LinearRing>
            </outerBoundaryIs>
        </Polygon>
    </Placemark>
    <Placemark>
        <styleUrl>#caution</styleUrl>
        <Polygon>
            <outerBoundaryIs>
                <LinearRing>
                    <coordinates>
                        80.0,5.2,0
                        80.2,5.2,0
                        80.2,5.4,0
                        80.0,5.4,0
                        80.0,5.2,0
                    </coordinates>
                </LinearRing>
            </outerBoundaryIs>
        </Polygon>
    </Placemark>
    <Placemark>
        <styleUrl>#caution</styleUrl>
        <Polygon>
            <outerBoundaryIs>
                <LinearRing>
                    <coordinates>
                        80.2,5.2,0
                        80.4,5.2,0
                        80.4,5.4,0
                        80.2,5.4,0
                        80.2,5.2,0
                    </coordinates>
                </LinearRing>
            </outerBoundaryIs>
        </Polygon>
    </Placemark>
    <Placemark>
        <styleUrl>#caution</styleUrl>
        <Polygon>
            <outerBoundaryIs>
                <LinearRing>
                    <coordinates>
                        80.4,5.2,0
                        80.60000000000001,5.2,0
                        80.60000000000001,5.4,0
                        80.4,5.4,0
                        80.4,5.2,0
                    </coordinates>
                </LinearRing>
            </outerBoundaryIs>
        </Polygon>
    </Placemark>
    <Placemark>
        <styleUrl>#caution</styleUrl>
        <Polygon>
            <outerBoundaryIs>
                <LinearRing>
                    <coordinates>
                        80.6,5.2,0
                        80.8,5.2,0
                        80.8,5.4,0
                        80.6,5.4,0
                        80.6,5.2,0
                    </coordinates>
                </LinearRing>
            </outerBoundaryIs>
        </Polygon>
    </Placemark>
    <Placemark>
        <styleUrl>#caution</styleUrl>
        <Polygon>
            <outerBoundaryIs>
                <LinearRing>
                    <coordinates>
                        80.8,5.2,0
                        81.0,5.2,0
                        81.0,5.4,0
                        80.8,5.4,0
                        80.8,5.2,0
                    </coordinates>
                </LinearRing>
            </outerBoundaryIs>
        </Polygon>
    </Placemark>
    <Placemark>
        <styleUrl>#caution</styleUrl>
        <Polygon>
            <outerBoundaryIs>
                <LinearRing>
                    <coordinates>
                        81.0,5.2,0
                        81.2,5.2,0
                        81.2,5.4,0
                        81.0,5.4,0
                        81.0,5.2,0
                    </coordinates>
                </LinearRing>
            </outerBoundaryIs>
        </Polygon>
    </Placemark>
    <Placemark>
        <styleUrl>#caution</styleUrl>
        <Polygon>
            <outerBoundaryIs>
                <LinearRing>
                    <coordinates>
                        81.2,5.2,0
                        81.4,5.2,0
                        81.4,5.4,0
                        81.2,5.4,0
                        81.2,5.2,0
                    </coordinates>
                </LinearRing>
            </outerBoundaryIs>
        </Polygon>
    </Placemark>
    <Placemark>
        <styleUrl>#caution</styleUrl>
        <Polygon>
            <outerBoundaryIs>
                <LinearRing>
                    <coordinates>
                        81.4,5.2,0
                        81.60000000000001,5.2,0
                        81.60000000000001,5.4,0
                        81.4,5.4,0
                        81.4,5.2,0
                    </coordinates>
                </LinearRing>
            </outerBoundaryIs>
        </Polygon>
    </Placemark>
    <Placemark>
        <styleUrl>#caution</styleUrl>
        <Polygon>
            <outerBoundaryIs>
                <LinearRing>
                    <coordinates>
                        81.6,5.2,0
                        81.8,5.2,0
                        81.8,5.4,0
                        81.6,5.4,0
                        81.6,5.2,0
                    </coordinates>
                </LinearRing>
            </outerBoundaryIs>
        </Polygon>
    </Placemark>
    <Placemark>
        <styleUrl>#caution</styleUrl>
        <Polygon>
            <outerBoundaryIs>
                <LinearRing>
                    <coordinates>
                        81.8,5.2,0
                        82.0,5.2,0
                        82.0,5.4,0
                        81.8,5.4,0
                        81.8,5.2,0
                    </coordinates>
                </LinearRing>
            </outerBoundaryIs>
        </Polygon>
    </Placemark>
    <Placemark>
        <styleUrl>#caution</styleUrl>
        <Polygon>
            <outerBoundaryIs>
                <LinearRing>
                    <coordinates>
                        82.0,5.2,0
                        82.2,5.2,0
                        82.2,5.4,0
                        82.0,5.4,0
                        82.0,5.2,0
                    </coordinates>
                </LinearRing>
            </outerBoundaryIs>
        </Polygon>
    </Placemark>
    <Placemark>
        <styleUrl>#caution</styleUrl>
        <Polygon>
            <outerBoundaryIs>
                <LinearRing>
                    <coordinates>
                        82.2,5.2,0
                        82.4,5.2,0
                        82.4,5.4,0
                        82.2,5.4,0
                        82.2,5.2,0
                    </coordinates>
                </LinearRing>
            </outerBoundaryIs>
        </Polygon>
    </Placemark>
    <Placemark>
        <styleUrl>#caution</styleUrl>
        <Polygon>
            <outerBoundaryIs>
                <LinearRing>
                    <coordinates>
                        82.4,5.2,0
                        82.60000000000001,5.2,0
                        82.60000000000001,5.4,0
                        82.4,5.4,0
                        82.4,5.2,0
                    </coordinates>
                </LinearRing>
            </outerBoundaryIs>
        </Polygon>
    </Placemark>
    <Placemark>
        <styleUrl>#caution</styleUrl>
        <Polygon>
            <outerBoundaryIs>
                <LinearRing>
                    <coordinates>
                        82.6,5.2,0
                        82.8,5.2,0
                        82.8,5.4,0
                        82.6,5.4,0
                        82.6,5.2,0
                    </coordinates>
                </LinearRing>
            </outerBoundaryIs>
        </Polygon>
    </Placemark>
    <Placemark>
        <styleUrl>#caution</styleUrl>
        <Polygon>
            <outerBoundaryIs>
                <LinearRing>
                    <coordinates>
                        82.8,5.2,0
                        83.0,5.2,0
                        83.0,5.4,0
                        82.8,5.4,0
                        82.8,5.2,0
                    </coordinates>
                </LinearRing>
            </outerBoundaryIs>
        </Polygon>
    </Placemark>
    <Placemark>
        <styleUrl>#caution</styleUrl>
        <Polygon>
            <outerBoundaryIs>
                <LinearRing>
                    <coordinates>
                        83.0,5.2,0
                        83.2,5.2,0
                        83.2,5.4,0
                        83.0,5.4,0
                        83.0,5.2,0
                    </coordinates>
                </LinearRing>
            </outerBoundaryIs>
        </Polygon>
    </Placemark>
    <Placemark>
        <styleUrl>#caution</styleUrl>
        <Polygon>
            <outerBoundaryIs>
                <LinearRing>
                    <coordinates>
                        83.2,5.2,0
                        83.4,5.2,0
                        83.4,5.4,0
                        83.2,5.4,0
                        83.2,5.2,0
                    </coordinates>
                </LinearRing>
            </outerBoundaryIs>
        </Polygon>
    </Placemark>
    <Placemark>
        <styleUrl>#caution</styleUrl>
        <Polygon>
            <outerBoundaryIs>
                <LinearRing>
                    <coordinates>
                        83.4,5.2,0
                        83.60000000000001,5.2,0
                        83.60000000000001,5.4,0
                        83.4,5.4,0
                        83.4,5.2,0
                    </coordinates>
                </LinearRing>
            </outerBoundaryIs>
        </Polygon>
    </Placemark>
    <Placemark>
        <styleUrl>#caution</styleUrl>
        <Polygon>
            <outerBoundaryIs>
                <LinearRing>
                    <coordinates>
                        83.6,5.2,0
                        83.8,5.2,0
                        83.8,5.4,0
                        83.6,5.4,0
                        83.6,5.2,0
                    </coordinates>
                </LinearRing>
            </outerBoundaryIs>
        </Polygon>
    </Placemark>
    <Placemark>
        <styleUrl>#caution</styleUrl>
        <Polygon>
            <outerBoundaryIs>
                <LinearRing>
                    <coordinates>
                        83.8,5.2,0
                        84.0,5.2,0
                        84.0,5.4,0
                        83.8,5.4,0
                        83.8,5.2,0
                    </coordinates>
                </LinearRing>
            </outerBoundaryIs>
        </Polygon>
    </Placemark>
    <Placemark>
        <styleUrl>#caution</styleUrl>
        <Polygon>
            <outerBoundaryIs>
                <LinearRing>
                    <coordinates>
                        84.0,5.2,0
                        84.2,5.2,0
                        84.2,5.4,0
                        84.0,5.4,0
                        84.0,5.2,0
                    </coordinates>
                </LinearRing>
            </outerBoundaryIs>
        </Polygon>
    </Placemark>
    <Placemark>
        <styleUrl>#caution</styleUrl>
        <Polygon>
            <outerBoundaryIs>
                <LinearRing>
                    <coordinates>
                        84.2,5.2,0
                        84.4,5.2,0
                        84.4,5.4,0
                        84.2,5.4,0
                        84.2,5.2,0
                    </coordinates>
                </LinearRing>
            </outerBoundaryIs>
        </Polygon>
    </Placemark>
    <Placemark>
        <styleUrl>#caution</styleUrl>
        <Polygon>
            <outerBoundaryIs>
                <LinearRing>
                    <coordinates>
                        84.4,5.2,0
                        84.60000000000001,5.2,0
                        84.60000000000001,5.4,0
                        84.4,5.4,0
                        84.4,5.2,0
                    </coordinates>
                </LinearRing>
            </outerBoundaryIs>
        </Polygon>
    </Placemark>
    <Placemark>
        <styleUrl>#caution</styleUrl>
        <Polygon>
            <outerBoundaryIs>
                <LinearRing>
                    <coordinates>
                        84.6,5.2,0
                        84.8,5.2,0
                        84.8,5.4,0
                        84.6,5.4,0
                        84.6,5.2,0
                    </coordinates>
                </LinearRing>
            </outerBoundaryIs>
        </Polygon>
    </Placemark>
    <Placemark>
        <styleUrl>#caution</styleUrl>
        <Polygon>
            <outerBoundaryIs>
                <LinearRing>
                    <coordinates>
                        65.0,5.4,0
                        65.2,5.4,0
                        65.2,5.6000000000000005,0
                        65.0,5.6000000000000005,0
                        65.0,5.4,0
                    </coordinates>
                </LinearRing>
            </outerBoundaryIs>
        </Polygon>
    </Placemark>
    <Placemark>
        <styleUrl>#caution</styleUrl>
        <Polygon>
            <outerBoundaryIs>
                <LinearRing>
                    <coordinates>
                        65.2,5.4,0
                        65.4,5.4,0
                        65.4,5.6000000000000005,0
                        65.2,5.6000000000000005,0
                        65.2,5.4,0
                    </coordinates>
                </LinearRing>
            </outerBoundaryIs>
        </Polygon>
    </Placemark>
    <Placemark>
        <styleUrl>#caution</styleUrl>
        <Polygon>
            <outerBoundaryIs>
                <LinearRing>
                    <coordinates>
                        65.4,5.4,0
                        65.60000000000001,5.4,0
                        65.60000000000001,5.6000000000000005,0
                        65.4,5.6000000000000005,0
                        65.4,5.4,0
                    </coordinates>
                </LinearRing>
            </outerBoundaryIs>
        </Polygon>
    </Placemark>
    <Placemark>
        <styleUrl>#caution</styleUrl>
        <Polygon>
            <outerBoundaryIs>
                <LinearRing>
                    <coordinates>
                        65.6,5.4,0
                        65.8,5.4,0
                        65.8,5.6000000000000005,0
                        65.6,5.6000000000000005,0
                        65.6,5.4,0
                    </coordinates>
                </LinearRing>
            </outerBoundaryIs>
        </Polygon>
    </Placemark>
    <Placemark>
        <styleUrl>#caution</styleUrl>
        <Polygon>
            <outerBoundaryIs>
                <LinearRing>
                    <coordinates>
                        65.8,5.4,0
                        66.0,5.4,0
                        66.0,5.6000000000000005,0
                        65.8,5.6000000000000005,0
                        65.8,5.4,0
                    </coordinates>
                </LinearRing>
            </outerBoundaryIs>
        </Polygon>
    </Placemark>
    <Placemark>
        <styleUrl>#caution</styleUrl>
        <Polygon>
            <outerBoundaryIs>
                <LinearRing>
                    <coordinates>
                        66.0,5.4,0
                        66.2,5.4,0
                        66.2,5.6000000000000005,0
                        66.0,5.6000000000000005,0
                        66.0,5.4,0
                    </coordinates>
                </LinearRing>
            </outerBoundaryIs>
        </Polygon>
    </Placemark>
    <Placemark>
        <styleUrl>#caution</styleUrl>
        <Polygon>
            <outerBoundaryIs>
                <LinearRing>
                    <coordinates>
                        66.2,5.4,0
                        66.4,5.4,0
                        66.4,5.6000000000000005,0
                        66.2,5.6000000000000005,0
                        66.2,5.4,0
                    </coordinates>
                </LinearRing>
            </outerBoundaryIs>
        </Polygon>
    </Placemark>
    <Placemark>
        <styleUrl>#caution</styleUrl>
        <Polygon>
            <outerBoundaryIs>
                <LinearRing>
                    <coordinates>
                        66.4,5.4,0
                        66.60000000000001,5.4,0
                        66.60000000000001,5.6000000000000005,0
                        66.4,5.6000000000000005,0
                        66.4,5.4,0
                    </coordinates>
                </LinearRing>
            </outerBoundaryIs>
        </Polygon>
    </Placemark>
    <Placemark>
        <styleUrl>#caution</styleUrl>
        <Polygon>
            <outerBoundaryIs>
                <LinearRing>
                    <coordinates>
                        66.6,5.4,0
                        66.8,5.4,0
                        66.8,5.6000000000000005,0
                        66.6,5.6000000000000005,0
                        66.6,5.4,0
                    </coordinates>
                </LinearRing>
            </outerBoundaryIs>
        </Polygon>
    </Placemark>
    <Placemark>
        <styleUrl>#caution</styleUrl>
        <Polygon>
            <outerBoundaryIs>
                <LinearRing>
                    <coordinates>
                        66.8,5.4,0
                        67.0,5.4,0
                        67.0,5.6000000000000005,0
                        66.8,5.6000000000000005,0
                        66.8,5.4,0
                    </coordinates>
                </LinearRing>
            </outerBoundaryIs>
        </Polygon>
    </Placemark>
    <Placemark>
        <styleUrl>#caution</styleUrl>
        <Polygon>
            <outerBoundaryIs>
                <LinearRing>
                    <coordinates>
                        67.0,5.4,0
                        67.2,5.4,0
                        67.2,5.6000000000000005,0
                        67.0,5.6000000000000005,0
                        67.0,5.4,0
                    </coordinates>
                </LinearRing>
            </outerBoundaryIs>
        </Polygon>
    </Placemark>
    <Placemark>
        <styleUrl>#caution</styleUrl>
        <Polygon>
            <outerBoundaryIs>
                <LinearRing>
                    <coordinates>
                        67.2,5.4,0
                        67.4,5.4,0
                        67.4,5.6000000000000005,0
                        67.2,5.6000000000000005,0
                        67.2,5.4,0
                    </coordinates>
                </LinearRing>
            </outerBoundaryIs>
        </Polygon>
    </Placemark>
    <Placemark>
        <styleUrl>#caution</styleUrl>
        <Polygon>
            <outerBoundaryIs>
                <LinearRing>
                    <coordinates>
                        67.4,5.4,0
                        67.60000000000001,5.4,0
                        67.60000000000001,5.6000000000000005,0
                        67.4,5.6000000000000005,0
                        67.4,5.4,0
                    </coordinates>
                </LinearRing>
            </outerBoundaryIs>
        </Polygon>
    </Placemark>
    <Placemark>
        <styleUrl>#caution</styleUrl>
        <Polygon>
            <outerBoundaryIs>
                <LinearRing>
                    <coordinates>
                        67.6,5.4,0
                        67.8,5.4,0
                        67.8,5.6000000000000005,0
                        67.6,5.6000000000000005,0
                        67.6,5.4,0
                    </coordinates>
                </LinearRing>
            </outerBoundaryIs>
        </Polygon>
    </Placemark>
    <Placemark>
        <styleUrl>#caution</styleUrl>
        <Polygon>
            <outerBoundaryIs>
                <LinearRing>
                    <coordinates>
                        67.8,5.4,0
                        68.0,5.4,0
                        68.0,5.6000000000000005,0
                        67.8,5.6000000000000005,0
                        67.8,5.4,0
                    </coordinates>
                </LinearRing>
            </outerBoundaryIs>
        </Polygon>
    </Placemark>
    <Placemark>
        <styleUrl>#caution</styleUrl>
        <Polygon>
            <outerBoundaryIs>
                <LinearRing>
                    <coordinates>
                        68.0,5.4,0
                        68.2,5.4,0
                        68.2,5.6000000000000005,0
                        68.0,5.6000000000000005,0
                        68.0,5.4,0
                    </coordinates>
                </LinearRing>
            </outerBoundaryIs>
        </Polygon>
    </Placemark>
    <Placemark>
        <styleUrl>#caution</styleUrl>
        <Polygon>
            <outerBoundaryIs>
                <LinearRing>
                    <coordinates>
                        68.2,5.4,0
                        68.4,5.4,0
                        68.4,5.6000000000000005,0
                        68.2,5.6000000000000005,0
                        68.2,5.4,0
                    </coordinates>
                </LinearRing>
            </outerBoundaryIs>
        </Polygon>
    </Placemark>
    <Placemark>
        <styleUrl>#caution</styleUrl>
        <Polygon>
            <outerBoundaryIs>
                <LinearRing>
                    <coordinates>
                        68.4,5.4,0
                        68.60000000000001,5.4,0
                        68.60000000000001,5.6000000000000005,0
                        68.4,5.6000000000000005,0
                        68.4,5.4,0
                    </coordinates>
                </LinearRing>
            </outerBoundaryIs>
        </Polygon>
    </Placemark>
    <Placemark>
        <styleUrl>#caution</styleUrl>
        <Polygon>
            <outerBoundaryIs>
                <LinearRing>
                    <coordinates>
                        68.6,5.4,0
                        68.8,5.4,0
                        68.8,5.6000000000000005,0
                        68.6,5.6000000000000005,0
                        68.6,5.4,0
                    </coordinates>
                </LinearRing>
            </outerBoundaryIs>
        </Polygon>
    </Placemark>
    <Placemark>
        <styleUrl>#caution</styleUrl>
        <Polygon>
            <outerBoundaryIs>
                <LinearRing>
                    <coordinates>
                        68.8,5.4,0
                        69.0,5.4,0
                        69.0,5.6000000000000005,0
                        68.8,5.6000000000000005,0
                        68.8,5.4,0
                    </coordinates>
                </LinearRing>
            </outerBoundaryIs>
        </Polygon>
    </Placemark>
    <Placemark>
        <styleUrl>#caution</styleUrl>
        <Polygon>
            <outerBoundaryIs>
                <LinearRing>
                    <coordinates>
                        69.0,5.4,0
                        69.2,5.4,0
                        69.2,5.6000000000000005,0
                        69.0,5.6000000000000005,0
                        69.0,5.4,0
                    </coordinates>
                </LinearRing>
            </outerBoundaryIs>
        </Polygon>
    </Placemark>
    <Placemark>
        <styleUrl>#caution</styleUrl>
        <Polygon>
            <outerBoundaryIs>
                <LinearRing>
                    <coordinates>
                        69.2,5.4,0
                        69.4,5.4,0
                        69.4,5.6000000000000005,0
                        69.2,5.6000000000000005,0
                        69.2,5.4,0
                    </coordinates>
                </LinearRing>
            </outerBoundaryIs>
        </Polygon>
    </Placemark>
    <Placemark>
        <styleUrl>#caution</styleUrl>
        <Polygon>
            <outerBoundaryIs>
                <LinearRing>
                    <coordinates>
                        69.4,5.4,0
                        69.60000000000001,5.4,0
                        69.60000000000001,5.6000000000000005,0
                        69.4,5.6000000000000005,0
                        69.4,5.4,0
                    </coordinates>
                </LinearRing>
            </outerBoundaryIs>
        </Polygon>
    </Placemark>
    <Placemark>
        <styleUrl>#caution</styleUrl>
        <Polygon>
            <outerBoundaryIs>
                <LinearRing>
                    <coordinates>
                        69.6,5.4,0
                        69.8,5.4,0
                        69.8,5.6000000000000005,0
                        69.6,5.6000000000000005,0
                        69.6,5.4,0
                    </coordinates>
                </LinearRing>
            </outerBoundaryIs>
        </Polygon>
    </Placemark>
    <Placemark>
        <styleUrl>#caution</styleUrl>
        <Polygon>
            <outerBoundaryIs>
                <LinearRing>
                    <coordinates>
                        69.8,5.4,0
                        70.0,5.4,0
                        70.0,5.6000000000000005,0
                        69.8,5.6000000000000005,0
                        69.8,5.4,0
                    </coordinates>
                </LinearRing>
            </outerBoundaryIs>
        </Polygon>
    </Placemark>
    <Placemark>
        <styleUrl>#caution</styleUrl>
        <Polygon>
            <outerBoundaryIs>
                <LinearRing>
                    <coordinates>
                        70.0,5.4,0
                        70.2,5.4,0
                        70.2,5.6000000000000005,0
                        70.0,5.6000000000000005,0
                        70.0,5.4,0
                    </coordinates>
                </LinearRing>
            </outerBoundaryIs>
        </Polygon>
    </Placemark>
    <Placemark>
        <styleUrl>#caution</styleUrl>
        <Polygon>
            <outerBoundaryIs>
                <LinearRing>
                    <coordinates>
                        70.2,5.4,0
                        70.4,5.4,0
                        70.4,5.6000000000000005,0
                        70.2,5.6000000000000005,0
                        70.2,5.4,0
                    </coordinates>
                </LinearRing>
            </outerBoundaryIs>
        </Polygon>
    </Placemark>
    <Placemark>
        <styleUrl>#caution</styleUrl>
        <Polygon>
            <outerBoundaryIs>
                <LinearRing>
                    <coordinates>
                        70.4,5.4,0
                        70.60000000000001,5.4,0
                        70.60000000000001,5.6000000000000005,0
                        70.4,5.6000000000000005,0
                        70.4,5.4,0
                    </coordinates>
                </LinearRing>
            </outerBoundaryIs>
        </Polygon>
    </Placemark>
    <Placemark>
        <styleUrl>#caution</styleUrl>
        <Polygon>
            <outerBoundaryIs>
                <LinearRing>
                    <coordinates>
                        70.6,5.4,0
                        70.8,5.4,0
                        70.8,5.6000000000000005,0
                        70.6,5.6000000000000005,0
                        70.6,5.4,0
                    </coordinates>
                </LinearRing>
            </outerBoundaryIs>
        </Polygon>
    </Placemark>
    <Placemark>
        <styleUrl>#caution</styleUrl>
        <Polygon>
            <outerBoundaryIs>
                <LinearRing>
                    <coordinates>
                        70.8,5.4,0
                        71.0,5.4,0
                        71.0,5.6000000000000005,0
                        70.8,5.6000000000000005,0
                        70.8,5.4,0
                    </coordinates>
                </LinearRing>
            </outerBoundaryIs>
        </Polygon>
    </Placemark>
    <Placemark>
        <styleUrl>#caution</styleUrl>
        <Polygon>
            <outerBoundaryIs>
                <LinearRing>
                    <coordinates>
                        71.0,5.4,0
                        71.2,5.4,0
                        71.2,5.6000000000000005,0
                        71.0,5.6000000000000005,0
                        71.0,5.4,0
                    </coordinates>
                </LinearRing>
            </outerBoundaryIs>
        </Polygon>
    </Placemark>
    <Placemark>
        <styleUrl>#caution</styleUrl>
        <Polygon>
            <outerBoundaryIs>
                <LinearRing>
                    <coordinates>
                        71.2,5.4,0
                        71.4,5.4,0
                        71.4,5.6000000000000005,0
                        71.2,5.6000000000000005,0
                        71.2,5.4,0
                    </coordinates>
                </LinearRing>
            </outerBoundaryIs>
        </Polygon>
    </Placemark>
    <Placemark>
        <styleUrl>#caution</styleUrl>
        <Polygon>
            <outerBoundaryIs>
                <LinearRing>
                    <coordinates>
                        71.4,5.4,0
                        71.60000000000001,5.4,0
                        71.60000000000001,5.6000000000000005,0
                        71.4,5.6000000000000005,0
                        71.4,5.4,0
                    </coordinates>
                </LinearRing>
            </outerBoundaryIs>
        </Polygon>
    </Placemark>
    <Placemark>
        <styleUrl>#caution</styleUrl>
        <Polygon>
            <outerBoundaryIs>
                <LinearRing>
                    <coordinates>
                        71.6,5.4,0
                        71.8,5.4,0
                        71.8,5.6000000000000005,0
                        71.6,5.6000000000000005,0
                        71.6,5.4,0
                    </coordinates>
                </LinearRing>
            </outerBoundaryIs>
        </Polygon>
    </Placemark>
    <Placemark>
        <styleUrl>#caution</styleUrl>
        <Polygon>
            <outerBoundaryIs>
                <LinearRing>
                    <coordinates>
                        71.8,5.4,0
                        72.0,5.4,0
                        72.0,5.6000000000000005,0
                        71.8,5.6000000000000005,0
                        71.8,5.4,0
                    </coordinates>
                </LinearRing>
            </outerBoundaryIs>
        </Polygon>
    </Placemark>
    <Placemark>
        <styleUrl>#caution</styleUrl>
        <Polygon>
            <outerBoundaryIs>
                <LinearRing>
                    <coordinates>
                        72.0,5.4,0
                        72.2,5.4,0
                        72.2,5.6000000000000005,0
                        72.0,5.6000000000000005,0
                        72.0,5.4,0
                    </coordinates>
                </LinearRing>
            </outerBoundaryIs>
        </Polygon>
    </Placemark>
    <Placemark>
        <styleUrl>#caution</styleUrl>
        <Polygon>
            <outerBoundaryIs>
                <LinearRing>
                    <coordinates>
                        72.2,5.4,0
                        72.4,5.4,0
                        72.4,5.6000000000000005,0
                        72.2,5.6000000000000005,0
                        72.2,5.4,0
                    </coordinates>
                </LinearRing>
            </outerBoundaryIs>
        </Polygon>
    </Placemark>
    <Placemark>
        <styleUrl>#caution</styleUrl>
        <Polygon>
            <outerBoundaryIs>
                <LinearRing>
                    <coordinates>
                        72.4,5.4,0
                        72.60000000000001,5.4,0
                        72.60000000000001,5.6000000000000005,0
                        72.4,5.6000000000000005,0
                        72.4,5.4,0
                    </coordinates>
                </LinearRing>
            </outerBoundaryIs>
        </Polygon>
    </Placemark>
    <Placemark>
        <styleUrl>#caution</styleUrl>
        <Polygon>
            <outerBoundaryIs>
                <LinearRing>
                    <coordinates>
                        72.6,5.4,0
                        72.8,5.4,0
                        72.8,5.6000000000000005,0
                        72.6,5.6000000000000005,0
                        72.6,5.4,0
                    </coordinates>
                </LinearRing>
            </outerBoundaryIs>
        </Polygon>
    </Placemark>
    <Placemark>
        <styleUrl>#caution</styleUrl>
        <Polygon>
            <outerBoundaryIs>
                <LinearRing>
                    <coordinates>
                        72.8,5.4,0
                        73.0,5.4,0
                        73.0,5.6000000000000005,0
                        72.8,5.6000000000000005,0
                        72.8,5.4,0
                    </coordinates>
                </LinearRing>
            </outerBoundaryIs>
        </Polygon>
    </Placemark>
    <Placemark>
        <styleUrl>#caution</styleUrl>
        <Polygon>
            <outerBoundaryIs>
                <LinearRing>
                    <coordinates>
                        73.0,5.4,0
                        73.2,5.4,0
                        73.2,5.6000000000000005,0
                        73.0,5.6000000000000005,0
                        73.0,5.4,0
                    </coordinates>
                </LinearRing>
            </outerBoundaryIs>
        </Polygon>
    </Placemark>
    <Placemark>
        <styleUrl>#caution</styleUrl>
        <Polygon>
            <outerBoundaryIs>
                <LinearRing>
                    <coordinates>
                        73.2,5.4,0
                        73.4,5.4,0
                        73.4,5.6000000000000005,0
                        73.2,5.6000000000000005,0
                        73.2,5.4,0
                    </coordinates>
                </LinearRing>
            </outerBoundaryIs>
        </Polygon>
    </Placemark>
    <Placemark>
        <styleUrl>#caution</styleUrl>
        <Polygon>
            <outerBoundaryIs>
                <LinearRing>
                    <coordinates>
                        73.4,5.4,0
                        73.60000000000001,5.4,0
                        73.60000000000001,5.6000000000000005,0
                        73.4,5.6000000000000005,0
                        73.4,5.4,0
                    </coordinates>
                </LinearRing>
            </outerBoundaryIs>
        </Polygon>
    </Placemark>
    <Placemark>
        <styleUrl>#caution</styleUrl>
        <Polygon>
            <outerBoundaryIs>
                <LinearRing>
                    <coordinates>
                        73.6,5.4,0
                        73.8,5.4,0
                        73.8,5.6000000000000005,0
                        73.6,5.6000000000000005,0
                        73.6,5.4,0
                    </coordinates>
                </LinearRing>
            </outerBoundaryIs>
        </Polygon>
    </Placemark>
    <Placemark>
        <styleUrl>#caution</styleUrl>
        <Polygon>
            <outerBoundaryIs>
                <LinearRing>
                    <coordinates>
                        73.8,5.4,0
                        74.0,5.4,0
                        74.0,5.6000000000000005,0
                        73.8,5.6000000000000005,0
                        73.8,5.4,0
                    </coordinates>
                </LinearRing>
            </outerBoundaryIs>
        </Polygon>
    </Placemark>
    <Placemark>
        <styleUrl>#caution</styleUrl>
        <Polygon>
            <outerBoundaryIs>
                <LinearRing>
                    <coordinates>
                        74.0,5.4,0
                        74.2,5.4,0
                        74.2,5.6000000000000005,0
                        74.0,5.6000000000000005,0
                        74.0,5.4,0
                    </coordinates>
                </LinearRing>
            </outerBoundaryIs>
        </Polygon>
    </Placemark>
    <Placemark>
        <styleUrl>#caution</styleUrl>
        <Polygon>
            <outerBoundaryIs>
                <LinearRing>
                    <coordinates>
                        74.2,5.4,0
                        74.4,5.4,0
                        74.4,5.6000000000000005,0
                        74.2,5.6000000000000005,0
                        74.2,5.4,0
                    </coordinates>
                </LinearRing>
            </outerBoundaryIs>
        </Polygon>
    </Placemark>
    <Placemark>
        <styleUrl>#caution</styleUrl>
        <Polygon>
            <outerBoundaryIs>
                <LinearRing>
                    <coordinates>
                        74.4,5.4,0
                        74.60000000000001,5.4,0
                        74.60000000000001,5.6000000000000005,0
                        74.4,5.6000000000000005,0
                        74.4,5.4,0
                    </coordinates>
                </LinearRing>
            </outerBoundaryIs>
        </Polygon>
    </Placemark>
    <Placemark>
        <styleUrl>#caution</styleUrl>
        <Polygon>
            <outerBoundaryIs>
                <LinearRing>
                    <coordinates>
                        74.6,5.4,0
                        74.8,5.4,0
                        74.8,5.6000000000000005,0
                        74.6,5.6000000000000005,0
                        74.6,5.4,0
                    </coordinates>
                </LinearRing>
            </outerBoundaryIs>
        </Polygon>
    </Placemark>
    <Placemark>
        <styleUrl>#caution</styleUrl>
        <Polygon>
            <outerBoundaryIs>
                <LinearRing>
                    <coordinates>
                        74.8,5.4,0
                        75.0,5.4,0
                        75.0,5.6000000000000005,0
                        74.8,5.6000000000000005,0
                        74.8,5.4,0
                    </coordinates>
                </LinearRing>
            </outerBoundaryIs>
        </Polygon>
    </Placemark>
    <Placemark>
        <styleUrl>#caution</styleUrl>
        <Polygon>
            <outerBoundaryIs>
                <LinearRing>
                    <coordinates>
                        75.0,5.4,0
                        75.2,5.4,0
                        75.2,5.6000000000000005,0
                        75.0,5.6000000000000005,0
                        75.0,5.4,0
                    </coordinates>
                </LinearRing>
            </outerBoundaryIs>
        </Polygon>
    </Placemark>
    <Placemark>
        <styleUrl>#caution</styleUrl>
        <Polygon>
            <outerBoundaryIs>
                <LinearRing>
                    <coordinates>
                        75.2,5.4,0
                        75.4,5.4,0
                        75.4,5.6000000000000005,0
                        75.2,5.6000000000000005,0
                        75.2,5.4,0
                    </coordinates>
                </LinearRing>
            </outerBoundaryIs>
        </Polygon>
    </Placemark>
    <Placemark>
        <styleUrl>#caution</styleUrl>
        <Polygon>
            <outerBoundaryIs>
                <LinearRing>
                    <coordinates>
                        75.4,5.4,0
                        75.60000000000001,5.4,0
                        75.60000000000001,5.6000000000000005,0
                        75.4,5.6000000000000005,0
                        75.4,5.4,0
                    </coordinates>
                </LinearRing>
            </outerBoundaryIs>
        </Polygon>
    </Placemark>
    <Placemark>
        <styleUrl>#caution</styleUrl>
        <Polygon>
            <outerBoundaryIs>
                <LinearRing>
                    <coordinates>
                        75.6,5.4,0
                        75.8,5.4,0
                        75.8,5.6000000000000005,0
                        75.6,5.6000000000000005,0
                        75.6,5.4,0
                    </coordinates>
                </LinearRing>
            </outerBoundaryIs>
        </Polygon>
    </Placemark>
    <Placemark>
        <styleUrl>#caution</styleUrl>
        <Polygon>
            <outerBoundaryIs>
                <LinearRing>
                    <coordinates>
                        75.8,5.4,0
                        76.0,5.4,0
                        76.0,5.6000000000000005,0
                        75.8,5.6000000000000005,0
                        75.8,5.4,0
                    </coordinates>
                </LinearRing>
            </outerBoundaryIs>
        </Polygon>
    </Placemark>
    <Placemark>
        <styleUrl>#caution</styleUrl>
        <Polygon>
            <outerBoundaryIs>
                <LinearRing>
                    <coordinates>
                        76.0,5.4,0
                        76.2,5.4,0
                        76.2,5.6000000000000005,0
                        76.0,5.6000000000000005,0
                        76.0,5.4,0
                    </coordinates>
                </LinearRing>
            </outerBoundaryIs>
        </Polygon>
    </Placemark>
    <Placemark>
        <styleUrl>#caution</styleUrl>
        <Polygon>
            <outerBoundaryIs>
                <LinearRing>
                    <coordinates>
                        76.2,5.4,0
                        76.4,5.4,0
                        76.4,5.6000000000000005,0
                        76.2,5.6000000000000005,0
                        76.2,5.4,0
                    </coordinates>
                </LinearRing>
            </outerBoundaryIs>
        </Polygon>
    </Placemark>
    <Placemark>
        <styleUrl>#caution</styleUrl>
        <Polygon>
            <outerBoundaryIs>
                <LinearRing>
                    <coordinates>
                        76.4,5.4,0
                        76.60000000000001,5.4,0
                        76.60000000000001,5.6000000000000005,0
                        76.4,5.6000000000000005,0
                        76.4,5.4,0
                    </coordinates>
                </LinearRing>
            </outerBoundaryIs>
        </Polygon>
    </Placemark>
    <Placemark>
        <styleUrl>#caution</styleUrl>
        <Polygon>
            <outerBoundaryIs>
                <LinearRing>
                    <coordinates>
                        76.6,5.4,0
                        76.8,5.4,0
                        76.8,5.6000000000000005,0
                        76.6,5.6000000000000005,0
                        76.6,5.4,0
                    </coordinates>
                </LinearRing>
            </outerBoundaryIs>
        </Polygon>
    </Placemark>
    <Placemark>
        <styleUrl>#caution</styleUrl>
        <Polygon>
            <outerBoundaryIs>
                <LinearRing>
                    <coordinates>
                        76.8,5.4,0
                        77.0,5.4,0
                        77.0,5.6000000000000005,0
                        76.8,5.6000000000000005,0
                        76.8,5.4,0
                    </coordinates>
                </LinearRing>
            </outerBoundaryIs>
        </Polygon>
    </Placemark>
    <Placemark>
        <styleUrl>#caution</styleUrl>
        <Polygon>
            <outerBoundaryIs>
                <LinearRing>
                    <coordinates>
                        77.0,5.4,0
                        77.2,5.4,0
                        77.2,5.6000000000000005,0
                        77.0,5.6000000000000005,0
                        77.0,5.4,0
                    </coordinates>
                </LinearRing>
            </outerBoundaryIs>
        </Polygon>
    </Placemark>
    <Placemark>
        <styleUrl>#caution</styleUrl>
        <Polygon>
            <outerBoundaryIs>
                <LinearRing>
                    <coordinates>
                        77.2,5.4,0
                        77.4,5.4,0
                        77.4,5.6000000000000005,0
                        77.2,5.6000000000000005,0
                        77.2,5.4,0
                    </coordinates>
                </LinearRing>
            </outerBoundaryIs>
        </Polygon>
    </Placemark>
    <Placemark>
        <styleUrl>#caution</styleUrl>
        <Polygon>
            <outerBoundaryIs>
                <LinearRing>
                    <coordinates>
                        77.4,5.4,0
                        77.60000000000001,5.4,0
                        77.60000000000001,5.6000000000000005,0
                        77.4,5.6000000000000005,0
                        77.4,5.4,0
                    </coordinates>
                </LinearRing>
            </outerBoundaryIs>
        </Polygon>
    </Placemark>
    <Placemark>
        <styleUrl>#caution</styleUrl>
        <Polygon>
            <outerBoundaryIs>
                <LinearRing>
                    <coordinates>
                        77.6,5.4,0
                        77.8,5.4,0
                        77.8,5.6000000000000005,0
                        77.6,5.6000000000000005,0
                        77.6,5.4,0
                    </coordinates>
                </LinearRing>
            </outerBoundaryIs>
        </Polygon>
    </Placemark>
    <Placemark>
        <styleUrl>#caution</styleUrl>
        <Polygon>
            <outerBoundaryIs>
                <LinearRing>
                    <coordinates>
                        77.8,5.4,0
                        78.0,5.4,0
                        78.0,5.6000000000000005,0
                        77.8,5.6000000000000005,0
                        77.8,5.4,0
                    </coordinates>
                </LinearRing>
            </outerBoundaryIs>
        </Polygon>
    </Placemark>
    <Placemark>
        <styleUrl>#caution</styleUrl>
        <Polygon>
            <outerBoundaryIs>
                <LinearRing>
                    <coordinates>
                        78.0,5.4,0
                        78.2,5.4,0
                        78.2,5.6000000000000005,0
                        78.0,5.6000000000000005,0
                        78.0,5.4,0
                    </coordinates>
                </LinearRing>
            </outerBoundaryIs>
        </Polygon>
    </Placemark>
    <Placemark>
        <styleUrl>#caution</styleUrl>
        <Polygon>
            <outerBoundaryIs>
                <LinearRing>
                    <coordinates>
                        78.2,5.4,0
                        78.4,5.4,0
                        78.4,5.6000000000000005,0
                        78.2,5.6000000000000005,0
                        78.2,5.4,0
                    </coordinates>
                </LinearRing>
            </outerBoundaryIs>
        </Polygon>
    </Placemark>
    <Placemark>
        <styleUrl>#caution</styleUrl>
        <Polygon>
            <outerBoundaryIs>
                <LinearRing>
                    <coordinates>
                        78.4,5.4,0
                        78.60000000000001,5.4,0
                        78.60000000000001,5.6000000000000005,0
                        78.4,5.6000000000000005,0
                        78.4,5.4,0
                    </coordinates>
                </LinearRing>
            </outerBoundaryIs>
        </Polygon>
    </Placemark>
    <Placemark>
        <styleUrl>#caution</styleUrl>
        <Polygon>
            <outerBoundaryIs>
                <LinearRing>
                    <coordinates>
                        78.6,5.4,0
                        78.8,5.4,0
                        78.8,5.6000000000000005,0
                        78.6,5.6000000000000005,0
                        78.6,5.4,0
                    </coordinates>
                </LinearRing>
            </outerBoundaryIs>
        </Polygon>
    </Placemark>
    <Placemark>
        <styleUrl>#caution</styleUrl>
        <Polygon>
            <outerBoundaryIs>
                <LinearRing>
                    <coordinates>
                        78.8,5.4,0
                        79.0,5.4,0
                        79.0,5.6000000000000005,0
                        78.8,5.6000000000000005,0
                        78.8,5.4,0
                    </coordinates>
                </LinearRing>
            </outerBoundaryIs>
        </Polygon>
    </Placemark>
    <Placemark>
        <styleUrl>#caution</styleUrl>
        <Polygon>
            <outerBoundaryIs>
                <LinearRing>
                    <coordinates>
                        79.0,5.4,0
                        79.2,5.4,0
                        79.2,5.6000000000000005,0
                        79.0,5.6000000000000005,0
                        79.0,5.4,0
                    </coordinates>
                </LinearRing>
            </outerBoundaryIs>
        </Polygon>
    </Placemark>
    <Placemark>
        <styleUrl>#caution</styleUrl>
        <Polygon>
            <outerBoundaryIs>
                <LinearRing>
                    <coordinates>
                        79.2,5.4,0
                        79.4,5.4,0
                        79.4,5.6000000000000005,0
                        79.2,5.6000000000000005,0
                        79.2,5.4,0
                    </coordinates>
                </LinearRing>
            </outerBoundaryIs>
        </Polygon>
    </Placemark>
    <Placemark>
        <styleUrl>#caution</styleUrl>
        <Polygon>
            <outerBoundaryIs>
                <LinearRing>
                    <coordinates>
                        79.4,5.4,0
                        79.60000000000001,5.4,0
                        79.60000000000001,5.6000000000000005,0
                        79.4,5.6000000000000005,0
                        79.4,5.4,0
                    </coordinates>
                </LinearRing>
            </outerBoundaryIs>
        </Polygon>
    </Placemark>
    <Placemark>
        <styleUrl>#caution</styleUrl>
        <Polygon>
            <outerBoundaryIs>
                <LinearRing>
                    <coordinates>
                        79.6,5.4,0
                        79.8,5.4,0
                        79.8,5.6000000000000005,0
                        79.6,5.6000000000000005,0
                        79.6,5.4,0
                    </coordinates>
                </LinearRing>
            </outerBoundaryIs>
        </Polygon>
    </Placemark>
    <Placemark>
        <styleUrl>#caution</styleUrl>
        <Polygon>
            <outerBoundaryIs>
                <LinearRing>
                    <coordinates>
                        79.8,5.4,0
                        80.0,5.4,0
                        80.0,5.6000000000000005,0
                        79.8,5.6000000000000005,0
                        79.8,5.4,0
                    </coordinates>
                </LinearRing>
            </outerBoundaryIs>
        </Polygon>
    </Placemark>
    <Placemark>
        <styleUrl>#caution</styleUrl>
        <Polygon>
            <outerBoundaryIs>
                <LinearRing>
                    <coordinates>
                        80.0,5.4,0
                        80.2,5.4,0
                        80.2,5.6000000000000005,0
                        80.0,5.6000000000000005,0
                        80.0,5.4,0
                    </coordinates>
                </LinearRing>
            </outerBoundaryIs>
        </Polygon>
    </Placemark>
    <Placemark>
        <styleUrl>#caution</styleUrl>
        <Polygon>
            <outerBoundaryIs>
                <LinearRing>
                    <coordinates>
                        80.2,5.4,0
                        80.4,5.4,0
                        80.4,5.6000000000000005,0
                        80.2,5.6000000000000005,0
                        80.2,5.4,0
                    </coordinates>
                </LinearRing>
            </outerBoundaryIs>
        </Polygon>
    </Placemark>
    <Placemark>
        <styleUrl>#caution</styleUrl>
        <Polygon>
            <outerBoundaryIs>
                <LinearRing>
                    <coordinates>
                        80.4,5.4,0
                        80.60000000000001,5.4,0
                        80.60000000000001,5.6000000000000005,0
                        80.4,5.6000000000000005,0
                        80.4,5.4,0
                    </coordinates>
                </LinearRing>
            </outerBoundaryIs>
        </Polygon>
    </Placemark>
    <Placemark>
        <styleUrl>#caution</styleUrl>
        <Polygon>
            <outerBoundaryIs>
                <LinearRing>
                    <coordinates>
                        80.6,5.4,0
                        80.8,5.4,0
                        80.8,5.6000000000000005,0
                        80.6,5.6000000000000005,0
                        80.6,5.4,0
                    </coordinates>
                </LinearRing>
            </outerBoundaryIs>
        </Polygon>
    </Placemark>
    <Placemark>
        <styleUrl>#caution</styleUrl>
        <Polygon>
            <outerBoundaryIs>
                <LinearRing>
                    <coordinates>
                        80.8,5.4,0
                        81.0,5.4,0
                        81.0,5.6000000000000005,0
                        80.8,5.6000000000000005,0
                        80.8,5.4,0
                    </coordinates>
                </LinearRing>
            </outerBoundaryIs>
        </Polygon>
    </Placemark>
    <Placemark>
        <styleUrl>#caution</styleUrl>
        <Polygon>
            <outerBoundaryIs>
                <LinearRing>
                    <coordinates>
                        81.0,5.4,0
                        81.2,5.4,0
                        81.2,5.6000000000000005,0
                        81.0,5.6000000000000005,0
                        81.0,5.4,0
                    </coordinates>
                </LinearRing>
            </outerBoundaryIs>
        </Polygon>
    </Placemark>
    <Placemark>
        <styleUrl>#caution</styleUrl>
        <Polygon>
            <outerBoundaryIs>
                <LinearRing>
                    <coordinates>
                        81.2,5.4,0
                        81.4,5.4,0
                        81.4,5.6000000000000005,0
                        81.2,5.6000000000000005,0
                        81.2,5.4,0
                    </coordinates>
                </LinearRing>
            </outerBoundaryIs>
        </Polygon>
    </Placemark>
    <Placemark>
        <styleUrl>#caution</styleUrl>
        <Polygon>
            <outerBoundaryIs>
                <LinearRing>
                    <coordinates>
                        81.4,5.4,0
                        81.60000000000001,5.4,0
                        81.60000000000001,5.6000000000000005,0
                        81.4,5.6000000000000005,0
                        81.4,5.4,0
                    </coordinates>
                </LinearRing>
            </outerBoundaryIs>
        </Polygon>
    </Placemark>
    <Placemark>
        <styleUrl>#caution</styleUrl>
        <Polygon>
            <outerBoundaryIs>
                <LinearRing>
                    <coordinates>
                        81.6,5.4,0
                        81.8,5.4,0
                        81.8,5.6000000000000005,0
                        81.6,5.6000000000000005,0
                        81.6,5.4,0
                    </coordinates>
                </LinearRing>
            </outerBoundaryIs>
        </Polygon>
    </Placemark>
    <Placemark>
        <styleUrl>#caution</styleUrl>
        <Polygon>
            <outerBoundaryIs>
                <LinearRing>
                    <coordinates>
                        81.8,5.4,0
                        82.0,5.4,0
                        82.0,5.6000000000000005,0
                        81.8,5.6000000000000005,0
                        81.8,5.4,0
                    </coordinates>
                </LinearRing>
            </outerBoundaryIs>
        </Polygon>
    </Placemark>
    <Placemark>
        <styleUrl>#caution</styleUrl>
        <Polygon>
            <outerBoundaryIs>
                <LinearRing>
                    <coordinates>
                        82.0,5.4,0
                        82.2,5.4,0
                        82.2,5.6000000000000005,0
                        82.0,5.6000000000000005,0
                        82.0,5.4,0
                    </coordinates>
                </LinearRing>
            </outerBoundaryIs>
        </Polygon>
    </Placemark>
    <Placemark>
        <styleUrl>#caution</styleUrl>
        <Polygon>
            <outerBoundaryIs>
                <LinearRing>
                    <coordinates>
                        82.2,5.4,0
                        82.4,5.4,0
                        82.4,5.6000000000000005,0
                        82.2,5.6000000000000005,0
                        82.2,5.4,0
                    </coordinates>
                </LinearRing>
            </outerBoundaryIs>
        </Polygon>
    </Placemark>
    <Placemark>
        <styleUrl>#caution</styleUrl>
        <Polygon>
            <outerBoundaryIs>
                <LinearRing>
                    <coordinates>
                        82.4,5.4,0
                        82.60000000000001,5.4,0
                        82.60000000000001,5.6000000000000005,0
                        82.4,5.6000000000000005,0
                        82.4,5.4,0
                    </coordinates>
                </LinearRing>
            </outerBoundaryIs>
        </Polygon>
    </Placemark>
    <Placemark>
        <styleUrl>#caution</styleUrl>
        <Polygon>
            <outerBoundaryIs>
                <LinearRing>
                    <coordinates>
                        82.6,5.4,0
                        82.8,5.4,0
                        82.8,5.6000000000000005,0
                        82.6,5.6000000000000005,0
                        82.6,5.4,0
                    </coordinates>
                </LinearRing>
            </outerBoundaryIs>
        </Polygon>
    </Placemark>
    <Placemark>
        <styleUrl>#caution</styleUrl>
        <Polygon>
            <outerBoundaryIs>
                <LinearRing>
                    <coordinates>
                        82.8,5.4,0
                        83.0,5.4,0
                        83.0,5.6000000000000005,0
                        82.8,5.6000000000000005,0
                        82.8,5.4,0
                    </coordinates>
                </LinearRing>
            </outerBoundaryIs>
        </Polygon>
    </Placemark>
    <Placemark>
        <styleUrl>#caution</styleUrl>
        <Polygon>
            <outerBoundaryIs>
                <LinearRing>
                    <coordinates>
                        83.0,5.4,0
                        83.2,5.4,0
                        83.2,5.6000000000000005,0
                        83.0,5.6000000000000005,0
                        83.0,5.4,0
                    </coordinates>
                </LinearRing>
            </outerBoundaryIs>
        </Polygon>
    </Placemark>
    <Placemark>
        <styleUrl>#caution</styleUrl>
        <Polygon>
            <outerBoundaryIs>
                <LinearRing>
                    <coordinates>
                        83.2,5.4,0
                        83.4,5.4,0
                        83.4,5.6000000000000005,0
                        83.2,5.6000000000000005,0
                        83.2,5.4,0
                    </coordinates>
                </LinearRing>
            </outerBoundaryIs>
        </Polygon>
    </Placemark>
    <Placemark>
        <styleUrl>#caution</styleUrl>
        <Polygon>
            <outerBoundaryIs>
                <LinearRing>
                    <coordinates>
                        83.4,5.4,0
                        83.60000000000001,5.4,0
                        83.60000000000001,5.6000000000000005,0
                        83.4,5.6000000000000005,0
                        83.4,5.4,0
                    </coordinates>
                </LinearRing>
            </outerBoundaryIs>
        </Polygon>
    </Placemark>
    <Placemark>
        <styleUrl>#caution</styleUrl>
        <Polygon>
            <outerBoundaryIs>
                <LinearRing>
                    <coordinates>
                        83.6,5.4,0
                        83.8,5.4,0
                        83.8,5.6000000000000005,0
                        83.6,5.6000000000000005,0
                        83.6,5.4,0
                    </coordinates>
                </LinearRing>
            </outerBoundaryIs>
        </Polygon>
    </Placemark>
    <Placemark>
        <styleUrl>#caution</styleUrl>
        <Polygon>
            <outerBoundaryIs>
                <LinearRing>
                    <coordinates>
                        83.8,5.4,0
                        84.0,5.4,0
                        84.0,5.6000000000000005,0
                        83.8,5.6000000000000005,0
                        83.8,5.4,0
                    </coordinates>
                </LinearRing>
            </outerBoundaryIs>
        </Polygon>
    </Placemark>
    <Placemark>
        <styleUrl>#caution</styleUrl>
        <Polygon>
            <outerBoundaryIs>
                <LinearRing>
                    <coordinates>
                        84.0,5.4,0
                        84.2,5.4,0
                        84.2,5.6000000000000005,0
                        84.0,5.6000000000000005,0
                        84.0,5.4,0
                    </coordinates>
                </LinearRing>
            </outerBoundaryIs>
        </Polygon>
    </Placemark>
    <Placemark>
        <styleUrl>#caution</styleUrl>
        <Polygon>
            <outerBoundaryIs>
                <LinearRing>
                    <coordinates>
                        84.2,5.4,0
                        84.4,5.4,0
                        84.4,5.6000000000000005,0
                        84.2,5.6000000000000005,0
                        84.2,5.4,0
                    </coordinates>
                </LinearRing>
            </outerBoundaryIs>
        </Polygon>
    </Placemark>
    <Placemark>
        <styleUrl>#caution</styleUrl>
        <Polygon>
            <outerBoundaryIs>
                <LinearRing>
                    <coordinates>
                        84.4,5.4,0
                        84.60000000000001,5.4,0
                        84.60000000000001,5.6000000000000005,0
                        84.4,5.6000000000000005,0
                        84.4,5.4,0
                    </coordinates>
                </LinearRing>
            </outerBoundaryIs>
        </Polygon>
    </Placemark>
    <Placemark>
        <styleUrl>#caution</styleUrl>
        <Polygon>
            <outerBoundaryIs>
                <LinearRing>
                    <coordinates>
                        84.6,5.4,0
                        84.8,5.4,0
                        84.8,5.6000000000000005,0
                        84.6,5.6000000000000005,0
                        84.6,5.4,0
                    </coordinates>
                </LinearRing>
            </outerBoundaryIs>
        </Polygon>
    </Placemark>
    <Placemark>
        <styleUrl>#caution</styleUrl>
        <Polygon>
            <outerBoundaryIs>
                <LinearRing>
                    <coordinates>
                        65.0,5.6,0
                        65.2,5.6,0
                        65.2,5.8,0
                        65.0,5.8,0
                        65.0,5.6,0
                    </coordinates>
                </LinearRing>
            </outerBoundaryIs>
        </Polygon>
    </Placemark>
    <Placemark>
        <styleUrl>#caution</styleUrl>
        <Polygon>
            <outerBoundaryIs>
                <LinearRing>
                    <coordinates>
                        65.2,5.6,0
                        65.4,5.6,0
                        65.4,5.8,0
                        65.2,5.8,0
                        65.2,5.6,0
                    </coordinates>
                </LinearRing>
            </outerBoundaryIs>
        </Polygon>
    </Placemark>
    <Placemark>
        <styleUrl>#caution</styleUrl>
        <Polygon>
            <outerBoundaryIs>
                <LinearRing>
                    <coordinates>
                        65.4,5.6,0
                        65.60000000000001,5.6,0
                        65.60000000000001,5.8,0
                        65.4,5.8,0
                        65.4,5.6,0
                    </coordinates>
                </LinearRing>
            </outerBoundaryIs>
        </Polygon>
    </Placemark>
    <Placemark>
        <styleUrl>#caution</styleUrl>
        <Polygon>
            <outerBoundaryIs>
                <LinearRing>
                    <coordinates>
                        65.6,5.6,0
                        65.8,5.6,0
                        65.8,5.8,0
                        65.6,5.8,0
                        65.6,5.6,0
                    </coordinates>
                </LinearRing>
            </outerBoundaryIs>
        </Polygon>
    </Placemark>
    <Placemark>
        <styleUrl>#caution</styleUrl>
        <Polygon>
            <outerBoundaryIs>
                <LinearRing>
                    <coordinates>
                        65.8,5.6,0
                        66.0,5.6,0
                        66.0,5.8,0
                        65.8,5.8,0
                        65.8,5.6,0
                    </coordinates>
                </LinearRing>
            </outerBoundaryIs>
        </Polygon>
    </Placemark>
    <Placemark>
        <styleUrl>#caution</styleUrl>
        <Polygon>
            <outerBoundaryIs>
                <LinearRing>
                    <coordinates>
                        66.0,5.6,0
                        66.2,5.6,0
                        66.2,5.8,0
                        66.0,5.8,0
                        66.0,5.6,0
                    </coordinates>
                </LinearRing>
            </outerBoundaryIs>
        </Polygon>
    </Placemark>
    <Placemark>
        <styleUrl>#caution</styleUrl>
        <Polygon>
            <outerBoundaryIs>
                <LinearRing>
                    <coordinates>
                        66.2,5.6,0
                        66.4,5.6,0
                        66.4,5.8,0
                        66.2,5.8,0
                        66.2,5.6,0
                    </coordinates>
                </LinearRing>
            </outerBoundaryIs>
        </Polygon>
    </Placemark>
    <Placemark>
        <styleUrl>#caution</styleUrl>
        <Polygon>
            <outerBoundaryIs>
                <LinearRing>
                    <coordinates>
                        66.4,5.6,0
                        66.60000000000001,5.6,0
                        66.60000000000001,5.8,0
                        66.4,5.8,0
                        66.4,5.6,0
                    </coordinates>
                </LinearRing>
            </outerBoundaryIs>
        </Polygon>
    </Placemark>
    <Placemark>
        <styleUrl>#caution</styleUrl>
        <Polygon>
            <outerBoundaryIs>
                <LinearRing>
                    <coordinates>
                        66.6,5.6,0
                        66.8,5.6,0
                        66.8,5.8,0
                        66.6,5.8,0
                        66.6,5.6,0
                    </coordinates>
                </LinearRing>
            </outerBoundaryIs>
        </Polygon>
    </Placemark>
    <Placemark>
        <styleUrl>#caution</styleUrl>
        <Polygon>
            <outerBoundaryIs>
                <LinearRing>
                    <coordinates>
                        66.8,5.6,0
                        67.0,5.6,0
                        67.0,5.8,0
                        66.8,5.8,0
                        66.8,5.6,0
                    </coordinates>
                </LinearRing>
            </outerBoundaryIs>
        </Polygon>
    </Placemark>
    <Placemark>
        <styleUrl>#caution</styleUrl>
        <Polygon>
            <outerBoundaryIs>
                <LinearRing>
                    <coordinates>
                        67.0,5.6,0
                        67.2,5.6,0
                        67.2,5.8,0
                        67.0,5.8,0
                        67.0,5.6,0
                    </coordinates>
                </LinearRing>
            </outerBoundaryIs>
        </Polygon>
    </Placemark>
    <Placemark>
        <styleUrl>#caution</styleUrl>
        <Polygon>
            <outerBoundaryIs>
                <LinearRing>
                    <coordinates>
                        67.2,5.6,0
                        67.4,5.6,0
                        67.4,5.8,0
                        67.2,5.8,0
                        67.2,5.6,0
                    </coordinates>
                </LinearRing>
            </outerBoundaryIs>
        </Polygon>
    </Placemark>
    <Placemark>
        <styleUrl>#caution</styleUrl>
        <Polygon>
            <outerBoundaryIs>
                <LinearRing>
                    <coordinates>
                        67.4,5.6,0
                        67.60000000000001,5.6,0
                        67.60000000000001,5.8,0
                        67.4,5.8,0
                        67.4,5.6,0
                    </coordinates>
                </LinearRing>
            </outerBoundaryIs>
        </Polygon>
    </Placemark>
    <Placemark>
        <styleUrl>#caution</styleUrl>
        <Polygon>
            <outerBoundaryIs>
                <LinearRing>
                    <coordinates>
                        67.6,5.6,0
                        67.8,5.6,0
                        67.8,5.8,0
                        67.6,5.8,0
                        67.6,5.6,0
                    </coordinates>
                </LinearRing>
            </outerBoundaryIs>
        </Polygon>
    </Placemark>
    <Placemark>
        <styleUrl>#caution</styleUrl>
        <Polygon>
            <outerBoundaryIs>
                <LinearRing>
                    <coordinates>
                        67.8,5.6,0
                        68.0,5.6,0
                        68.0,5.8,0
                        67.8,5.8,0
                        67.8,5.6,0
                    </coordinates>
                </LinearRing>
            </outerBoundaryIs>
        </Polygon>
    </Placemark>
    <Placemark>
        <styleUrl>#caution</styleUrl>
        <Polygon>
            <outerBoundaryIs>
                <LinearRing>
                    <coordinates>
                        68.0,5.6,0
                        68.2,5.6,0
                        68.2,5.8,0
                        68.0,5.8,0
                        68.0,5.6,0
                    </coordinates>
                </LinearRing>
            </outerBoundaryIs>
        </Polygon>
    </Placemark>
    <Placemark>
        <styleUrl>#caution</styleUrl>
        <Polygon>
            <outerBoundaryIs>
                <LinearRing>
                    <coordinates>
                        68.2,5.6,0
                        68.4,5.6,0
                        68.4,5.8,0
                        68.2,5.8,0
                        68.2,5.6,0
                    </coordinates>
                </LinearRing>
            </outerBoundaryIs>
        </Polygon>
    </Placemark>
    <Placemark>
        <styleUrl>#caution</styleUrl>
        <Polygon>
            <outerBoundaryIs>
                <LinearRing>
                    <coordinates>
                        68.4,5.6,0
                        68.60000000000001,5.6,0
                        68.60000000000001,5.8,0
                        68.4,5.8,0
                        68.4,5.6,0
                    </coordinates>
                </LinearRing>
            </outerBoundaryIs>
        </Polygon>
    </Placemark>
    <Placemark>
        <styleUrl>#caution</styleUrl>
        <Polygon>
            <outerBoundaryIs>
                <LinearRing>
                    <coordinates>
                        68.6,5.6,0
                        68.8,5.6,0
                        68.8,5.8,0
                        68.6,5.8,0
                        68.6,5.6,0
                    </coordinates>
                </LinearRing>
            </outerBoundaryIs>
        </Polygon>
    </Placemark>
    <Placemark>
        <styleUrl>#caution</styleUrl>
        <Polygon>
            <outerBoundaryIs>
                <LinearRing>
                    <coordinates>
                        68.8,5.6,0
                        69.0,5.6,0
                        69.0,5.8,0
                        68.8,5.8,0
                        68.8,5.6,0
                    </coordinates>
                </LinearRing>
            </outerBoundaryIs>
        </Polygon>
    </Placemark>
    <Placemark>
        <styleUrl>#caution</styleUrl>
        <Polygon>
            <outerBoundaryIs>
                <LinearRing>
                    <coordinates>
                        69.0,5.6,0
                        69.2,5.6,0
                        69.2,5.8,0
                        69.0,5.8,0
                        69.0,5.6,0
                    </coordinates>
                </LinearRing>
            </outerBoundaryIs>
        </Polygon>
    </Placemark>
    <Placemark>
        <styleUrl>#caution</styleUrl>
        <Polygon>
            <outerBoundaryIs>
                <LinearRing>
                    <coordinates>
                        69.2,5.6,0
                        69.4,5.6,0
                        69.4,5.8,0
                        69.2,5.8,0
                        69.2,5.6,0
                    </coordinates>
                </LinearRing>
            </outerBoundaryIs>
        </Polygon>
    </Placemark>
    <Placemark>
        <styleUrl>#caution</styleUrl>
        <Polygon>
            <outerBoundaryIs>
                <LinearRing>
                    <coordinates>
                        69.4,5.6,0
                        69.60000000000001,5.6,0
                        69.60000000000001,5.8,0
                        69.4,5.8,0
                        69.4,5.6,0
                    </coordinates>
                </LinearRing>
            </outerBoundaryIs>
        </Polygon>
    </Placemark>
    <Placemark>
        <styleUrl>#caution</styleUrl>
        <Polygon>
            <outerBoundaryIs>
                <LinearRing>
                    <coordinates>
                        69.6,5.6,0
                        69.8,5.6,0
                        69.8,5.8,0
                        69.6,5.8,0
                        69.6,5.6,0
                    </coordinates>
                </LinearRing>
            </outerBoundaryIs>
        </Polygon>
    </Placemark>
    <Placemark>
        <styleUrl>#caution</styleUrl>
        <Polygon>
            <outerBoundaryIs>
                <LinearRing>
                    <coordinates>
                        69.8,5.6,0
                        70.0,5.6,0
                        70.0,5.8,0
                        69.8,5.8,0
                        69.8,5.6,0
                    </coordinates>
                </LinearRing>
            </outerBoundaryIs>
        </Polygon>
    </Placemark>
    <Placemark>
        <styleUrl>#caution</styleUrl>
        <Polygon>
            <outerBoundaryIs>
                <LinearRing>
                    <coordinates>
                        70.0,5.6,0
                        70.2,5.6,0
                        70.2,5.8,0
                        70.0,5.8,0
                        70.0,5.6,0
                    </coordinates>
                </LinearRing>
            </outerBoundaryIs>
        </Polygon>
    </Placemark>
    <Placemark>
        <styleUrl>#caution</styleUrl>
        <Polygon>
            <outerBoundaryIs>
                <LinearRing>
                    <coordinates>
                        70.2,5.6,0
                        70.4,5.6,0
                        70.4,5.8,0
                        70.2,5.8,0
                        70.2,5.6,0
                    </coordinates>
                </LinearRing>
            </outerBoundaryIs>
        </Polygon>
    </Placemark>
    <Placemark>
        <styleUrl>#caution</styleUrl>
        <Polygon>
            <outerBoundaryIs>
                <LinearRing>
                    <coordinates>
                        70.4,5.6,0
                        70.60000000000001,5.6,0
                        70.60000000000001,5.8,0
                        70.4,5.8,0
                        70.4,5.6,0
                    </coordinates>
                </LinearRing>
            </outerBoundaryIs>
        </Polygon>
    </Placemark>
    <Placemark>
        <styleUrl>#caution</styleUrl>
        <Polygon>
            <outerBoundaryIs>
                <LinearRing>
                    <coordinates>
                        70.6,5.6,0
                        70.8,5.6,0
                        70.8,5.8,0
                        70.6,5.8,0
                        70.6,5.6,0
                    </coordinates>
                </LinearRing>
            </outerBoundaryIs>
        </Polygon>
    </Placemark>
    <Placemark>
        <styleUrl>#caution</styleUrl>
        <Polygon>
            <outerBoundaryIs>
                <LinearRing>
                    <coordinates>
                        70.8,5.6,0
                        71.0,5.6,0
                        71.0,5.8,0
                        70.8,5.8,0
                        70.8,5.6,0
                    </coordinates>
                </LinearRing>
            </outerBoundaryIs>
        </Polygon>
    </Placemark>
    <Placemark>
        <styleUrl>#caution</styleUrl>
        <Polygon>
            <outerBoundaryIs>
                <LinearRing>
                    <coordinates>
                        71.0,5.6,0
                        71.2,5.6,0
                        71.2,5.8,0
                        71.0,5.8,0
                        71.0,5.6,0
                    </coordinates>
                </LinearRing>
            </outerBoundaryIs>
        </Polygon>
    </Placemark>
    <Placemark>
        <styleUrl>#caution</styleUrl>
        <Polygon>
            <outerBoundaryIs>
                <LinearRing>
                    <coordinates>
                        71.2,5.6,0
                        71.4,5.6,0
                        71.4,5.8,0
                        71.2,5.8,0
                        71.2,5.6,0
                    </coordinates>
                </LinearRing>
            </outerBoundaryIs>
        </Polygon>
    </Placemark>
    <Placemark>
        <styleUrl>#caution</styleUrl>
        <Polygon>
            <outerBoundaryIs>
                <LinearRing>
                    <coordinates>
                        71.4,5.6,0
                        71.60000000000001,5.6,0
                        71.60000000000001,5.8,0
                        71.4,5.8,0
                        71.4,5.6,0
                    </coordinates>
                </LinearRing>
            </outerBoundaryIs>
        </Polygon>
    </Placemark>
    <Placemark>
        <styleUrl>#caution</styleUrl>
        <Polygon>
            <outerBoundaryIs>
                <LinearRing>
                    <coordinates>
                        71.6,5.6,0
                        71.8,5.6,0
                        71.8,5.8,0
                        71.6,5.8,0
                        71.6,5.6,0
                    </coordinates>
                </LinearRing>
            </outerBoundaryIs>
        </Polygon>
    </Placemark>
    <Placemark>
        <styleUrl>#caution</styleUrl>
        <Polygon>
            <outerBoundaryIs>
                <LinearRing>
                    <coordinates>
                        71.8,5.6,0
                        72.0,5.6,0
                        72.0,5.8,0
                        71.8,5.8,0
                        71.8,5.6,0
                    </coordinates>
                </LinearRing>
            </outerBoundaryIs>
        </Polygon>
    </Placemark>
    <Placemark>
        <styleUrl>#caution</styleUrl>
        <Polygon>
            <outerBoundaryIs>
                <LinearRing>
                    <coordinates>
                        72.0,5.6,0
                        72.2,5.6,0
                        72.2,5.8,0
                        72.0,5.8,0
                        72.0,5.6,0
                    </coordinates>
                </LinearRing>
            </outerBoundaryIs>
        </Polygon>
    </Placemark>
    <Placemark>
        <styleUrl>#caution</styleUrl>
        <Polygon>
            <outerBoundaryIs>
                <LinearRing>
                    <coordinates>
                        72.2,5.6,0
                        72.4,5.6,0
                        72.4,5.8,0
                        72.2,5.8,0
                        72.2,5.6,0
                    </coordinates>
                </LinearRing>
            </outerBoundaryIs>
        </Polygon>
    </Placemark>
    <Placemark>
        <styleUrl>#caution</styleUrl>
        <Polygon>
            <outerBoundaryIs>
                <LinearRing>
                    <coordinates>
                        72.4,5.6,0
                        72.60000000000001,5.6,0
                        72.60000000000001,5.8,0
                        72.4,5.8,0
                        72.4,5.6,0
                    </coordinates>
                </LinearRing>
            </outerBoundaryIs>
        </Polygon>
    </Placemark>
    <Placemark>
        <styleUrl>#caution</styleUrl>
        <Polygon>
            <outerBoundaryIs>
                <LinearRing>
                    <coordinates>
                        72.6,5.6,0
                        72.8,5.6,0
                        72.8,5.8,0
                        72.6,5.8,0
                        72.6,5.6,0
                    </coordinates>
                </LinearRing>
            </outerBoundaryIs>
        </Polygon>
    </Placemark>
    <Placemark>
        <styleUrl>#caution</styleUrl>
        <Polygon>
            <outerBoundaryIs>
                <LinearRing>
                    <coordinates>
                        72.8,5.6,0
                        73.0,5.6,0
                        73.0,5.8,0
                        72.8,5.8,0
                        72.8,5.6,0
                    </coordinates>
                </LinearRing>
            </outerBoundaryIs>
        </Polygon>
    </Placemark>
    <Placemark>
        <styleUrl>#caution</styleUrl>
        <Polygon>
            <outerBoundaryIs>
                <LinearRing>
                    <coordinates>
                        73.0,5.6,0
                        73.2,5.6,0
                        73.2,5.8,0
                        73.0,5.8,0
                        73.0,5.6,0
                    </coordinates>
                </LinearRing>
            </outerBoundaryIs>
        </Polygon>
    </Placemark>
    <Placemark>
        <styleUrl>#caution</styleUrl>
        <Polygon>
            <outerBoundaryIs>
                <LinearRing>
                    <coordinates>
                        73.2,5.6,0
                        73.4,5.6,0
                        73.4,5.8,0
                        73.2,5.8,0
                        73.2,5.6,0
                    </coordinates>
                </LinearRing>
            </outerBoundaryIs>
        </Polygon>
    </Placemark>
    <Placemark>
        <styleUrl>#caution</styleUrl>
        <Polygon>
            <outerBoundaryIs>
                <LinearRing>
                    <coordinates>
                        73.4,5.6,0
                        73.60000000000001,5.6,0
                        73.60000000000001,5.8,0
                        73.4,5.8,0
                        73.4,5.6,0
                    </coordinates>
                </LinearRing>
            </outerBoundaryIs>
        </Polygon>
    </Placemark>
    <Placemark>
        <styleUrl>#caution</styleUrl>
        <Polygon>
            <outerBoundaryIs>
                <LinearRing>
                    <coordinates>
                        73.6,5.6,0
                        73.8,5.6,0
                        73.8,5.8,0
                        73.6,5.8,0
                        73.6,5.6,0
                    </coordinates>
                </LinearRing>
            </outerBoundaryIs>
        </Polygon>
    </Placemark>
    <Placemark>
        <styleUrl>#caution</styleUrl>
        <Polygon>
            <outerBoundaryIs>
                <LinearRing>
                    <coordinates>
                        73.8,5.6,0
                        74.0,5.6,0
                        74.0,5.8,0
                        73.8,5.8,0
                        73.8,5.6,0
                    </coordinates>
                </LinearRing>
            </outerBoundaryIs>
        </Polygon>
    </Placemark>
    <Placemark>
        <styleUrl>#caution</styleUrl>
        <Polygon>
            <outerBoundaryIs>
                <LinearRing>
                    <coordinates>
                        74.0,5.6,0
                        74.2,5.6,0
                        74.2,5.8,0
                        74.0,5.8,0
                        74.0,5.6,0
                    </coordinates>
                </LinearRing>
            </outerBoundaryIs>
        </Polygon>
    </Placemark>
    <Placemark>
        <styleUrl>#caution</styleUrl>
        <Polygon>
            <outerBoundaryIs>
                <LinearRing>
                    <coordinates>
                        74.2,5.6,0
                        74.4,5.6,0
                        74.4,5.8,0
                        74.2,5.8,0
                        74.2,5.6,0
                    </coordinates>
                </LinearRing>
            </outerBoundaryIs>
        </Polygon>
    </Placemark>
    <Placemark>
        <styleUrl>#caution</styleUrl>
        <Polygon>
            <outerBoundaryIs>
                <LinearRing>
                    <coordinates>
                        74.4,5.6,0
                        74.60000000000001,5.6,0
                        74.60000000000001,5.8,0
                        74.4,5.8,0
                        74.4,5.6,0
                    </coordinates>
                </LinearRing>
            </outerBoundaryIs>
        </Polygon>
    </Placemark>
    <Placemark>
        <styleUrl>#caution</styleUrl>
        <Polygon>
            <outerBoundaryIs>
                <LinearRing>
                    <coordinates>
                        74.6,5.6,0
                        74.8,5.6,0
                        74.8,5.8,0
                        74.6,5.8,0
                        74.6,5.6,0
                    </coordinates>
                </LinearRing>
            </outerBoundaryIs>
        </Polygon>
    </Placemark>
    <Placemark>
        <styleUrl>#caution</styleUrl>
        <Polygon>
            <outerBoundaryIs>
                <LinearRing>
                    <coordinates>
                        74.8,5.6,0
                        75.0,5.6,0
                        75.0,5.8,0
                        74.8,5.8,0
                        74.8,5.6,0
                    </coordinates>
                </LinearRing>
            </outerBoundaryIs>
        </Polygon>
    </Placemark>
    <Placemark>
        <styleUrl>#caution</styleUrl>
        <Polygon>
            <outerBoundaryIs>
                <LinearRing>
                    <coordinates>
                        75.0,5.6,0
                        75.2,5.6,0
                        75.2,5.8,0
                        75.0,5.8,0
                        75.0,5.6,0
                    </coordinates>
                </LinearRing>
            </outerBoundaryIs>
        </Polygon>
    </Placemark>
    <Placemark>
        <styleUrl>#caution</styleUrl>
        <Polygon>
            <outerBoundaryIs>
                <LinearRing>
                    <coordinates>
                        75.2,5.6,0
                        75.4,5.6,0
                        75.4,5.8,0
                        75.2,5.8,0
                        75.2,5.6,0
                    </coordinates>
                </LinearRing>
            </outerBoundaryIs>
        </Polygon>
    </Placemark>
    <Placemark>
        <styleUrl>#caution</styleUrl>
        <Polygon>
            <outerBoundaryIs>
                <LinearRing>
                    <coordinates>
                        75.4,5.6,0
                        75.60000000000001,5.6,0
                        75.60000000000001,5.8,0
                        75.4,5.8,0
                        75.4,5.6,0
                    </coordinates>
                </LinearRing>
            </outerBoundaryIs>
        </Polygon>
    </Placemark>
    <Placemark>
        <styleUrl>#caution</styleUrl>
        <Polygon>
            <outerBoundaryIs>
                <LinearRing>
                    <coordinates>
                        75.6,5.6,0
                        75.8,5.6,0
                        75.8,5.8,0
                        75.6,5.8,0
                        75.6,5.6,0
                    </coordinates>
                </LinearRing>
            </outerBoundaryIs>
        </Polygon>
    </Placemark>
    <Placemark>
        <styleUrl>#caution</styleUrl>
        <Polygon>
            <outerBoundaryIs>
                <LinearRing>
                    <coordinates>
                        75.8,5.6,0
                        76.0,5.6,0
                        76.0,5.8,0
                        75.8,5.8,0
                        75.8,5.6,0
                    </coordinates>
                </LinearRing>
            </outerBoundaryIs>
        </Polygon>
    </Placemark>
    <Placemark>
        <styleUrl>#caution</styleUrl>
        <Polygon>
            <outerBoundaryIs>
                <LinearRing>
                    <coordinates>
                        76.0,5.6,0
                        76.2,5.6,0
                        76.2,5.8,0
                        76.0,5.8,0
                        76.0,5.6,0
                    </coordinates>
                </LinearRing>
            </outerBoundaryIs>
        </Polygon>
    </Placemark>
    <Placemark>
        <styleUrl>#caution</styleUrl>
        <Polygon>
            <outerBoundaryIs>
                <LinearRing>
                    <coordinates>
                        76.2,5.6,0
                        76.4,5.6,0
                        76.4,5.8,0
                        76.2,5.8,0
                        76.2,5.6,0
                    </coordinates>
                </LinearRing>
            </outerBoundaryIs>
        </Polygon>
    </Placemark>
    <Placemark>
        <styleUrl>#caution</styleUrl>
        <Polygon>
            <outerBoundaryIs>
                <LinearRing>
                    <coordinates>
                        76.4,5.6,0
                        76.60000000000001,5.6,0
                        76.60000000000001,5.8,0
                        76.4,5.8,0
                        76.4,5.6,0
                    </coordinates>
                </LinearRing>
            </outerBoundaryIs>
        </Polygon>
    </Placemark>
    <Placemark>
        <styleUrl>#caution</styleUrl>
        <Polygon>
            <outerBoundaryIs>
                <LinearRing>
                    <coordinates>
                        76.6,5.6,0
                        76.8,5.6,0
                        76.8,5.8,0
                        76.6,5.8,0
                        76.6,5.6,0
                    </coordinates>
                </LinearRing>
            </outerBoundaryIs>
        </Polygon>
    </Placemark>
    <Placemark>
        <styleUrl>#caution</styleUrl>
        <Polygon>
            <outerBoundaryIs>
                <LinearRing>
                    <coordinates>
                        76.8,5.6,0
                        77.0,5.6,0
                        77.0,5.8,0
                        76.8,5.8,0
                        76.8,5.6,0
                    </coordinates>
                </LinearRing>
            </outerBoundaryIs>
        </Polygon>
    </Placemark>
    <Placemark>
        <styleUrl>#caution</styleUrl>
        <Polygon>
            <outerBoundaryIs>
                <LinearRing>
                    <coordinates>
                        77.0,5.6,0
                        77.2,5.6,0
                        77.2,5.8,0
                        77.0,5.8,0
                        77.0,5.6,0
                    </coordinates>
                </LinearRing>
            </outerBoundaryIs>
        </Polygon>
    </Placemark>
    <Placemark>
        <styleUrl>#caution</styleUrl>
        <Polygon>
            <outerBoundaryIs>
                <LinearRing>
                    <coordinates>
                        77.2,5.6,0
                        77.4,5.6,0
                        77.4,5.8,0
                        77.2,5.8,0
                        77.2,5.6,0
                    </coordinates>
                </LinearRing>
            </outerBoundaryIs>
        </Polygon>
    </Placemark>
    <Placemark>
        <styleUrl>#caution</styleUrl>
        <Polygon>
            <outerBoundaryIs>
                <LinearRing>
                    <coordinates>
                        77.4,5.6,0
                        77.60000000000001,5.6,0
                        77.60000000000001,5.8,0
                        77.4,5.8,0
                        77.4,5.6,0
                    </coordinates>
                </LinearRing>
            </outerBoundaryIs>
        </Polygon>
    </Placemark>
    <Placemark>
        <styleUrl>#caution</styleUrl>
        <Polygon>
            <outerBoundaryIs>
                <LinearRing>
                    <coordinates>
                        77.6,5.6,0
                        77.8,5.6,0
                        77.8,5.8,0
                        77.6,5.8,0
                        77.6,5.6,0
                    </coordinates>
                </LinearRing>
            </outerBoundaryIs>
        </Polygon>
    </Placemark>
    <Placemark>
        <styleUrl>#caution</styleUrl>
        <Polygon>
            <outerBoundaryIs>
                <LinearRing>
                    <coordinates>
                        77.8,5.6,0
                        78.0,5.6,0
                        78.0,5.8,0
                        77.8,5.8,0
                        77.8,5.6,0
                    </coordinates>
                </LinearRing>
            </outerBoundaryIs>
        </Polygon>
    </Placemark>
    <Placemark>
        <styleUrl>#caution</styleUrl>
        <Polygon>
            <outerBoundaryIs>
                <LinearRing>
                    <coordinates>
                        78.0,5.6,0
                        78.2,5.6,0
                        78.2,5.8,0
                        78.0,5.8,0
                        78.0,5.6,0
                    </coordinates>
                </LinearRing>
            </outerBoundaryIs>
        </Polygon>
    </Placemark>
    <Placemark>
        <styleUrl>#caution</styleUrl>
        <Polygon>
            <outerBoundaryIs>
                <LinearRing>
                    <coordinates>
                        78.2,5.6,0
                        78.4,5.6,0
                        78.4,5.8,0
                        78.2,5.8,0
                        78.2,5.6,0
                    </coordinates>
                </LinearRing>
            </outerBoundaryIs>
        </Polygon>
    </Placemark>
    <Placemark>
        <styleUrl>#caution</styleUrl>
        <Polygon>
            <outerBoundaryIs>
                <LinearRing>
                    <coordinates>
                        78.4,5.6,0
                        78.60000000000001,5.6,0
                        78.60000000000001,5.8,0
                        78.4,5.8,0
                        78.4,5.6,0
                    </coordinates>
                </LinearRing>
            </outerBoundaryIs>
        </Polygon>
    </Placemark>
    <Placemark>
        <styleUrl>#caution</styleUrl>
        <Polygon>
            <outerBoundaryIs>
                <LinearRing>
                    <coordinates>
                        78.6,5.6,0
                        78.8,5.6,0
                        78.8,5.8,0
                        78.6,5.8,0
                        78.6,5.6,0
                    </coordinates>
                </LinearRing>
            </outerBoundaryIs>
        </Polygon>
    </Placemark>
    <Placemark>
        <styleUrl>#caution</styleUrl>
        <Polygon>
            <outerBoundaryIs>
                <LinearRing>
                    <coordinates>
                        78.8,5.6,0
                        79.0,5.6,0
                        79.0,5.8,0
                        78.8,5.8,0
                        78.8,5.6,0
                    </coordinates>
                </LinearRing>
            </outerBoundaryIs>
        </Polygon>
    </Placemark>
    <Placemark>
        <styleUrl>#caution</styleUrl>
        <Polygon>
            <outerBoundaryIs>
                <LinearRing>
                    <coordinates>
                        79.0,5.6,0
                        79.2,5.6,0
                        79.2,5.8,0
                        79.0,5.8,0
                        79.0,5.6,0
                    </coordinates>
                </LinearRing>
            </outerBoundaryIs>
        </Polygon>
    </Placemark>
    <Placemark>
        <styleUrl>#caution</styleUrl>
        <Polygon>
            <outerBoundaryIs>
                <LinearRing>
                    <coordinates>
                        79.2,5.6,0
                        79.4,5.6,0
                        79.4,5.8,0
                        79.2,5.8,0
                        79.2,5.6,0
                    </coordinates>
                </LinearRing>
            </outerBoundaryIs>
        </Polygon>
    </Placemark>
    <Placemark>
        <styleUrl>#caution</styleUrl>
        <Polygon>
            <outerBoundaryIs>
                <LinearRing>
                    <coordinates>
                        79.4,5.6,0
                        79.60000000000001,5.6,0
                        79.60000000000001,5.8,0
                        79.4,5.8,0
                        79.4,5.6,0
                    </coordinates>
                </LinearRing>
            </outerBoundaryIs>
        </Polygon>
    </Placemark>
    <Placemark>
        <styleUrl>#caution</styleUrl>
        <Polygon>
            <outerBoundaryIs>
                <LinearRing>
                    <coordinates>
                        79.6,5.6,0
                        79.8,5.6,0
                        79.8,5.8,0
                        79.6,5.8,0
                        79.6,5.6,0
                    </coordinates>
                </LinearRing>
            </outerBoundaryIs>
        </Polygon>
    </Placemark>
    <Placemark>
        <styleUrl>#caution</styleUrl>
        <Polygon>
            <outerBoundaryIs>
                <LinearRing>
                    <coordinates>
                        79.8,5.6,0
                        80.0,5.6,0
                        80.0,5.8,0
                        79.8,5.8,0
                        79.8,5.6,0
                    </coordinates>
                </LinearRing>
            </outerBoundaryIs>
        </Polygon>
    </Placemark>
    <Placemark>
        <styleUrl>#caution</styleUrl>
        <Polygon>
            <outerBoundaryIs>
                <LinearRing>
                    <coordinates>
                        80.0,5.6,0
                        80.2,5.6,0
                        80.2,5.8,0
                        80.0,5.8,0
                        80.0,5.6,0
                    </coordinates>
                </LinearRing>
            </outerBoundaryIs>
        </Polygon>
    </Placemark>
    <Placemark>
        <styleUrl>#caution</styleUrl>
        <Polygon>
            <outerBoundaryIs>
                <LinearRing>
                    <coordinates>
                        80.2,5.6,0
                        80.4,5.6,0
                        80.4,5.8,0
                        80.2,5.8,0
                        80.2,5.6,0
                    </coordinates>
                </LinearRing>
            </outerBoundaryIs>
        </Polygon>
    </Placemark>
    <Placemark>
        <styleUrl>#caution</styleUrl>
        <Polygon>
            <outerBoundaryIs>
                <LinearRing>
                    <coordinates>
                        80.4,5.6,0
                        80.60000000000001,5.6,0
                        80.60000000000001,5.8,0
                        80.4,5.8,0
                        80.4,5.6,0
                    </coordinates>
                </LinearRing>
            </outerBoundaryIs>
        </Polygon>
    </Placemark>
    <Placemark>
        <styleUrl>#caution</styleUrl>
        <Polygon>
            <outerBoundaryIs>
                <LinearRing>
                    <coordinates>
                        80.6,5.6,0
                        80.8,5.6,0
                        80.8,5.8,0
                        80.6,5.8,0
                        80.6,5.6,0
                    </coordinates>
                </LinearRing>
            </outerBoundaryIs>
        </Polygon>
    </Placemark>
    <Placemark>
        <styleUrl>#caution</styleUrl>
        <Polygon>
            <outerBoundaryIs>
                <LinearRing>
                    <coordinates>
                        80.8,5.6,0
                        81.0,5.6,0
                        81.0,5.8,0
                        80.8,5.8,0
                        80.8,5.6,0
                    </coordinates>
                </LinearRing>
            </outerBoundaryIs>
        </Polygon>
    </Placemark>
    <Placemark>
        <styleUrl>#caution</styleUrl>
        <Polygon>
            <outerBoundaryIs>
                <LinearRing>
                    <coordinates>
                        81.0,5.6,0
                        81.2,5.6,0
                        81.2,5.8,0
                        81.0,5.8,0
                        81.0,5.6,0
                    </coordinates>
                </LinearRing>
            </outerBoundaryIs>
        </Polygon>
    </Placemark>
    <Placemark>
        <styleUrl>#caution</styleUrl>
        <Polygon>
            <outerBoundaryIs>
                <LinearRing>
                    <coordinates>
                        81.2,5.6,0
                        81.4,5.6,0
                        81.4,5.8,0
                        81.2,5.8,0
                        81.2,5.6,0
                    </coordinates>
                </LinearRing>
            </outerBoundaryIs>
        </Polygon>
    </Placemark>
    <Placemark>
        <styleUrl>#caution</styleUrl>
        <Polygon>
            <outerBoundaryIs>
                <LinearRing>
                    <coordinates>
                        81.4,5.6,0
                        81.60000000000001,5.6,0
                        81.60000000000001,5.8,0
                        81.4,5.8,0
                        81.4,5.6,0
                    </coordinates>
                </LinearRing>
            </outerBoundaryIs>
        </Polygon>
    </Placemark>
    <Placemark>
        <styleUrl>#caution</styleUrl>
        <Polygon>
            <outerBoundaryIs>
                <LinearRing>
                    <coordinates>
                        81.6,5.6,0
                        81.8,5.6,0
                        81.8,5.8,0
                        81.6,5.8,0
                        81.6,5.6,0
                    </coordinates>
                </LinearRing>
            </outerBoundaryIs>
        </Polygon>
    </Placemark>
    <Placemark>
        <styleUrl>#caution</styleUrl>
        <Polygon>
            <outerBoundaryIs>
                <LinearRing>
                    <coordinates>
                        81.8,5.6,0
                        82.0,5.6,0
                        82.0,5.8,0
                        81.8,5.8,0
                        81.8,5.6,0
                    </coordinates>
                </LinearRing>
            </outerBoundaryIs>
        </Polygon>
    </Placemark>
    <Placemark>
        <styleUrl>#caution</styleUrl>
        <Polygon>
            <outerBoundaryIs>
                <LinearRing>
                    <coordinates>
                        82.0,5.6,0
                        82.2,5.6,0
                        82.2,5.8,0
                        82.0,5.8,0
                        82.0,5.6,0
                    </coordinates>
                </LinearRing>
            </outerBoundaryIs>
        </Polygon>
    </Placemark>
    <Placemark>
        <styleUrl>#caution</styleUrl>
        <Polygon>
            <outerBoundaryIs>
                <LinearRing>
                    <coordinates>
                        82.2,5.6,0
                        82.4,5.6,0
                        82.4,5.8,0
                        82.2,5.8,0
                        82.2,5.6,0
                    </coordinates>
                </LinearRing>
            </outerBoundaryIs>
        </Polygon>
    </Placemark>
    <Placemark>
        <styleUrl>#caution</styleUrl>
        <Polygon>
            <outerBoundaryIs>
                <LinearRing>
                    <coordinates>
                        82.4,5.6,0
                        82.60000000000001,5.6,0
                        82.60000000000001,5.8,0
                        82.4,5.8,0
                        82.4,5.6,0
                    </coordinates>
                </LinearRing>
            </outerBoundaryIs>
        </Polygon>
    </Placemark>
    <Placemark>
        <styleUrl>#caution</styleUrl>
        <Polygon>
            <outerBoundaryIs>
                <LinearRing>
                    <coordinates>
                        82.6,5.6,0
                        82.8,5.6,0
                        82.8,5.8,0
                        82.6,5.8,0
                        82.6,5.6,0
                    </coordinates>
                </LinearRing>
            </outerBoundaryIs>
        </Polygon>
    </Placemark>
    <Placemark>
        <styleUrl>#caution</styleUrl>
        <Polygon>
            <outerBoundaryIs>
                <LinearRing>
                    <coordinates>
                        82.8,5.6,0
                        83.0,5.6,0
                        83.0,5.8,0
                        82.8,5.8,0
                        82.8,5.6,0
                    </coordinates>
                </LinearRing>
            </outerBoundaryIs>
        </Polygon>
    </Placemark>
    <Placemark>
        <styleUrl>#caution</styleUrl>
        <Polygon>
            <outerBoundaryIs>
                <LinearRing>
                    <coordinates>
                        83.0,5.6,0
                        83.2,5.6,0
                        83.2,5.8,0
                        83.0,5.8,0
                        83.0,5.6,0
                    </coordinates>
                </LinearRing>
            </outerBoundaryIs>
        </Polygon>
    </Placemark>
    <Placemark>
        <styleUrl>#caution</styleUrl>
        <Polygon>
            <outerBoundaryIs>
                <LinearRing>
                    <coordinates>
                        83.2,5.6,0
                        83.4,5.6,0
                        83.4,5.8,0
                        83.2,5.8,0
                        83.2,5.6,0
                    </coordinates>
                </LinearRing>
            </outerBoundaryIs>
        </Polygon>
    </Placemark>
    <Placemark>
        <styleUrl>#caution</styleUrl>
        <Polygon>
            <outerBoundaryIs>
                <LinearRing>
                    <coordinates>
                        83.4,5.6,0
                        83.60000000000001,5.6,0
                        83.60000000000001,5.8,0
                        83.4,5.8,0
                        83.4,5.6,0
                    </coordinates>
                </LinearRing>
            </outerBoundaryIs>
        </Polygon>
    </Placemark>
    <Placemark>
        <styleUrl>#caution</styleUrl>
        <Polygon>
            <outerBoundaryIs>
                <LinearRing>
                    <coordinates>
                        83.6,5.6,0
                        83.8,5.6,0
                        83.8,5.8,0
                        83.6,5.8,0
                        83.6,5.6,0
                    </coordinates>
                </LinearRing>
            </outerBoundaryIs>
        </Polygon>
    </Placemark>
    <Placemark>
        <styleUrl>#caution</styleUrl>
        <Polygon>
            <outerBoundaryIs>
                <LinearRing>
                    <coordinates>
                        83.8,5.6,0
                        84.0,5.6,0
                        84.0,5.8,0
                        83.8,5.8,0
                        83.8,5.6,0
                    </coordinates>
                </LinearRing>
            </outerBoundaryIs>
        </Polygon>
    </Placemark>
    <Placemark>
        <styleUrl>#caution</styleUrl>
        <Polygon>
            <outerBoundaryIs>
                <LinearRing>
                    <coordinates>
                        84.0,5.6,0
                        84.2,5.6,0
                        84.2,5.8,0
                        84.0,5.8,0
                        84.0,5.6,0
                    </coordinates>
                </LinearRing>
            </outerBoundaryIs>
        </Polygon>
    </Placemark>
    <Placemark>
        <styleUrl>#caution</styleUrl>
        <Polygon>
            <outerBoundaryIs>
                <LinearRing>
                    <coordinates>
                        84.2,5.6,0
                        84.4,5.6,0
                        84.4,5.8,0
                        84.2,5.8,0
                        84.2,5.6,0
                    </coordinates>
                </LinearRing>
            </outerBoundaryIs>
        </Polygon>
    </Placemark>
    <Placemark>
        <styleUrl>#caution</styleUrl>
        <Polygon>
            <outerBoundaryIs>
                <LinearRing>
                    <coordinates>
                        84.4,5.6,0
                        84.60000000000001,5.6,0
                        84.60000000000001,5.8,0
                        84.4,5.8,0
                        84.4,5.6,0
                    </coordinates>
                </LinearRing>
            </outerBoundaryIs>
        </Polygon>
    </Placemark>
    <Placemark>
        <styleUrl>#caution</styleUrl>
        <Polygon>
            <outerBoundaryIs>
                <LinearRing>
                    <coordinates>
                        84.6,5.6,0
                        84.8,5.6,0
                        84.8,5.8,0
                        84.6,5.8,0
                        84.6,5.6,0
                    </coordinates>
                </LinearRing>
            </outerBoundaryIs>
        </Polygon>
    </Placemark>
    <Placemark>
        <styleUrl>#caution</styleUrl>
        <Polygon>
            <outerBoundaryIs>
                <LinearRing>
                    <coordinates>
                        65.0,5.8,0
                        65.2,5.8,0
                        65.2,6.0,0
                        65.0,6.0,0
                        65.0,5.8,0
                    </coordinates>
                </LinearRing>
            </outerBoundaryIs>
        </Polygon>
    </Placemark>
    <Placemark>
        <styleUrl>#caution</styleUrl>
        <Polygon>
            <outerBoundaryIs>
                <LinearRing>
                    <coordinates>
                        65.2,5.8,0
                        65.4,5.8,0
                        65.4,6.0,0
                        65.2,6.0,0
                        65.2,5.8,0
                    </coordinates>
                </LinearRing>
            </outerBoundaryIs>
        </Polygon>
    </Placemark>
    <Placemark>
        <styleUrl>#caution</styleUrl>
        <Polygon>
            <outerBoundaryIs>
                <LinearRing>
                    <coordinates>
                        65.4,5.8,0
                        65.60000000000001,5.8,0
                        65.60000000000001,6.0,0
                        65.4,6.0,0
                        65.4,5.8,0
                    </coordinates>
                </LinearRing>
            </outerBoundaryIs>
        </Polygon>
    </Placemark>
    <Placemark>
        <styleUrl>#caution</styleUrl>
        <Polygon>
            <outerBoundaryIs>
                <LinearRing>
                    <coordinates>
                        65.6,5.8,0
                        65.8,5.8,0
                        65.8,6.0,0
                        65.6,6.0,0
                        65.6,5.8,0
                    </coordinates>
                </LinearRing>
            </outerBoundaryIs>
        </Polygon>
    </Placemark>
    <Placemark>
        <styleUrl>#caution</styleUrl>
        <Polygon>
            <outerBoundaryIs>
                <LinearRing>
                    <coordinates>
                        65.8,5.8,0
                        66.0,5.8,0
                        66.0,6.0,0
                        65.8,6.0,0
                        65.8,5.8,0
                    </coordinates>
                </LinearRing>
            </outerBoundaryIs>
        </Polygon>
    </Placemark>
    <Placemark>
        <styleUrl>#caution</styleUrl>
        <Polygon>
            <outerBoundaryIs>
                <LinearRing>
                    <coordinates>
                        66.0,5.8,0
                        66.2,5.8,0
                        66.2,6.0,0
                        66.0,6.0,0
                        66.0,5.8,0
                    </coordinates>
                </LinearRing>
            </outerBoundaryIs>
        </Polygon>
    </Placemark>
    <Placemark>
        <styleUrl>#caution</styleUrl>
        <Polygon>
            <outerBoundaryIs>
                <LinearRing>
                    <coordinates>
                        66.2,5.8,0
                        66.4,5.8,0
                        66.4,6.0,0
                        66.2,6.0,0
                        66.2,5.8,0
                    </coordinates>
                </LinearRing>
            </outerBoundaryIs>
        </Polygon>
    </Placemark>
    <Placemark>
        <styleUrl>#caution</styleUrl>
        <Polygon>
            <outerBoundaryIs>
                <LinearRing>
                    <coordinates>
                        66.4,5.8,0
                        66.60000000000001,5.8,0
                        66.60000000000001,6.0,0
                        66.4,6.0,0
                        66.4,5.8,0
                    </coordinates>
                </LinearRing>
            </outerBoundaryIs>
        </Polygon>
    </Placemark>
    <Placemark>
        <styleUrl>#caution</styleUrl>
        <Polygon>
            <outerBoundaryIs>
                <LinearRing>
                    <coordinates>
                        66.6,5.8,0
                        66.8,5.8,0
                        66.8,6.0,0
                        66.6,6.0,0
                        66.6,5.8,0
                    </coordinates>
                </LinearRing>
            </outerBoundaryIs>
        </Polygon>
    </Placemark>
    <Placemark>
        <styleUrl>#caution</styleUrl>
        <Polygon>
            <outerBoundaryIs>
                <LinearRing>
                    <coordinates>
                        66.8,5.8,0
                        67.0,5.8,0
                        67.0,6.0,0
                        66.8,6.0,0
                        66.8,5.8,0
                    </coordinates>
                </LinearRing>
            </outerBoundaryIs>
        </Polygon>
    </Placemark>
    <Placemark>
        <styleUrl>#caution</styleUrl>
        <Polygon>
            <outerBoundaryIs>
                <LinearRing>
                    <coordinates>
                        67.0,5.8,0
                        67.2,5.8,0
                        67.2,6.0,0
                        67.0,6.0,0
                        67.0,5.8,0
                    </coordinates>
                </LinearRing>
            </outerBoundaryIs>
        </Polygon>
    </Placemark>
    <Placemark>
        <styleUrl>#caution</styleUrl>
        <Polygon>
            <outerBoundaryIs>
                <LinearRing>
                    <coordinates>
                        67.2,5.8,0
                        67.4,5.8,0
                        67.4,6.0,0
                        67.2,6.0,0
                        67.2,5.8,0
                    </coordinates>
                </LinearRing>
            </outerBoundaryIs>
        </Polygon>
    </Placemark>
    <Placemark>
        <styleUrl>#caution</styleUrl>
        <Polygon>
            <outerBoundaryIs>
                <LinearRing>
                    <coordinates>
                        67.4,5.8,0
                        67.60000000000001,5.8,0
                        67.60000000000001,6.0,0
                        67.4,6.0,0
                        67.4,5.8,0
                    </coordinates>
                </LinearRing>
            </outerBoundaryIs>
        </Polygon>
    </Placemark>
    <Placemark>
        <styleUrl>#caution</styleUrl>
        <Polygon>
            <outerBoundaryIs>
                <LinearRing>
                    <coordinates>
                        67.6,5.8,0
                        67.8,5.8,0
                        67.8,6.0,0
                        67.6,6.0,0
                        67.6,5.8,0
                    </coordinates>
                </LinearRing>
            </outerBoundaryIs>
        </Polygon>
    </Placemark>
    <Placemark>
        <styleUrl>#caution</styleUrl>
        <Polygon>
            <outerBoundaryIs>
                <LinearRing>
                    <coordinates>
                        67.8,5.8,0
                        68.0,5.8,0
                        68.0,6.0,0
                        67.8,6.0,0
                        67.8,5.8,0
                    </coordinates>
                </LinearRing>
            </outerBoundaryIs>
        </Polygon>
    </Placemark>
    <Placemark>
        <styleUrl>#caution</styleUrl>
        <Polygon>
            <outerBoundaryIs>
                <LinearRing>
                    <coordinates>
                        68.0,5.8,0
                        68.2,5.8,0
                        68.2,6.0,0
                        68.0,6.0,0
                        68.0,5.8,0
                    </coordinates>
                </LinearRing>
            </outerBoundaryIs>
        </Polygon>
    </Placemark>
    <Placemark>
        <styleUrl>#caution</styleUrl>
        <Polygon>
            <outerBoundaryIs>
                <LinearRing>
                    <coordinates>
                        68.2,5.8,0
                        68.4,5.8,0
                        68.4,6.0,0
                        68.2,6.0,0
                        68.2,5.8,0
                    </coordinates>
                </LinearRing>
            </outerBoundaryIs>
        </Polygon>
    </Placemark>
    <Placemark>
        <styleUrl>#caution</styleUrl>
        <Polygon>
            <outerBoundaryIs>
                <LinearRing>
                    <coordinates>
                        68.4,5.8,0
                        68.60000000000001,5.8,0
                        68.60000000000001,6.0,0
                        68.4,6.0,0
                        68.4,5.8,0
                    </coordinates>
                </LinearRing>
            </outerBoundaryIs>
        </Polygon>
    </Placemark>
    <Placemark>
        <styleUrl>#caution</styleUrl>
        <Polygon>
            <outerBoundaryIs>
                <LinearRing>
                    <coordinates>
                        68.6,5.8,0
                        68.8,5.8,0
                        68.8,6.0,0
                        68.6,6.0,0
                        68.6,5.8,0
                    </coordinates>
                </LinearRing>
            </outerBoundaryIs>
        </Polygon>
    </Placemark>
    <Placemark>
        <styleUrl>#caution</styleUrl>
        <Polygon>
            <outerBoundaryIs>
                <LinearRing>
                    <coordinates>
                        68.8,5.8,0
                        69.0,5.8,0
                        69.0,6.0,0
                        68.8,6.0,0
                        68.8,5.8,0
                    </coordinates>
                </LinearRing>
            </outerBoundaryIs>
        </Polygon>
    </Placemark>
    <Placemark>
        <styleUrl>#caution</styleUrl>
        <Polygon>
            <outerBoundaryIs>
                <LinearRing>
                    <coordinates>
                        69.0,5.8,0
                        69.2,5.8,0
                        69.2,6.0,0
                        69.0,6.0,0
                        69.0,5.8,0
                    </coordinates>
                </LinearRing>
            </outerBoundaryIs>
        </Polygon>
    </Placemark>
    <Placemark>
        <styleUrl>#caution</styleUrl>
        <Polygon>
            <outerBoundaryIs>
                <LinearRing>
                    <coordinates>
                        69.2,5.8,0
                        69.4,5.8,0
                        69.4,6.0,0
                        69.2,6.0,0
                        69.2,5.8,0
                    </coordinates>
                </LinearRing>
            </outerBoundaryIs>
        </Polygon>
    </Placemark>
    <Placemark>
        <styleUrl>#caution</styleUrl>
        <Polygon>
            <outerBoundaryIs>
                <LinearRing>
                    <coordinates>
                        69.4,5.8,0
                        69.60000000000001,5.8,0
                        69.60000000000001,6.0,0
                        69.4,6.0,0
                        69.4,5.8,0
                    </coordinates>
                </LinearRing>
            </outerBoundaryIs>
        </Polygon>
    </Placemark>
    <Placemark>
        <styleUrl>#caution</styleUrl>
        <Polygon>
            <outerBoundaryIs>
                <LinearRing>
                    <coordinates>
                        69.6,5.8,0
                        69.8,5.8,0
                        69.8,6.0,0
                        69.6,6.0,0
                        69.6,5.8,0
                    </coordinates>
                </LinearRing>
            </outerBoundaryIs>
        </Polygon>
    </Placemark>
    <Placemark>
        <styleUrl>#caution</styleUrl>
        <Polygon>
            <outerBoundaryIs>
                <LinearRing>
                    <coordinates>
                        69.8,5.8,0
                        70.0,5.8,0
                        70.0,6.0,0
                        69.8,6.0,0
                        69.8,5.8,0
                    </coordinates>
                </LinearRing>
            </outerBoundaryIs>
        </Polygon>
    </Placemark>
    <Placemark>
        <styleUrl>#caution</styleUrl>
        <Polygon>
            <outerBoundaryIs>
                <LinearRing>
                    <coordinates>
                        70.0,5.8,0
                        70.2,5.8,0
                        70.2,6.0,0
                        70.0,6.0,0
                        70.0,5.8,0
                    </coordinates>
                </LinearRing>
            </outerBoundaryIs>
        </Polygon>
    </Placemark>
    <Placemark>
        <styleUrl>#caution</styleUrl>
        <Polygon>
            <outerBoundaryIs>
                <LinearRing>
                    <coordinates>
                        70.2,5.8,0
                        70.4,5.8,0
                        70.4,6.0,0
                        70.2,6.0,0
                        70.2,5.8,0
                    </coordinates>
                </LinearRing>
            </outerBoundaryIs>
        </Polygon>
    </Placemark>
    <Placemark>
        <styleUrl>#caution</styleUrl>
        <Polygon>
            <outerBoundaryIs>
                <LinearRing>
                    <coordinates>
                        70.4,5.8,0
                        70.60000000000001,5.8,0
                        70.60000000000001,6.0,0
                        70.4,6.0,0
                        70.4,5.8,0
                    </coordinates>
                </LinearRing>
            </outerBoundaryIs>
        </Polygon>
    </Placemark>
    <Placemark>
        <styleUrl>#caution</styleUrl>
        <Polygon>
            <outerBoundaryIs>
                <LinearRing>
                    <coordinates>
                        70.6,5.8,0
                        70.8,5.8,0
                        70.8,6.0,0
                        70.6,6.0,0
                        70.6,5.8,0
                    </coordinates>
                </LinearRing>
            </outerBoundaryIs>
        </Polygon>
    </Placemark>
    <Placemark>
        <styleUrl>#caution</styleUrl>
        <Polygon>
            <outerBoundaryIs>
                <LinearRing>
                    <coordinates>
                        70.8,5.8,0
                        71.0,5.8,0
                        71.0,6.0,0
                        70.8,6.0,0
                        70.8,5.8,0
                    </coordinates>
                </LinearRing>
            </outerBoundaryIs>
        </Polygon>
    </Placemark>
    <Placemark>
        <styleUrl>#caution</styleUrl>
        <Polygon>
            <outerBoundaryIs>
                <LinearRing>
                    <coordinates>
                        71.0,5.8,0
                        71.2,5.8,0
                        71.2,6.0,0
                        71.0,6.0,0
                        71.0,5.8,0
                    </coordinates>
                </LinearRing>
            </outerBoundaryIs>
        </Polygon>
    </Placemark>
    <Placemark>
        <styleUrl>#caution</styleUrl>
        <Polygon>
            <outerBoundaryIs>
                <LinearRing>
                    <coordinates>
                        71.2,5.8,0
                        71.4,5.8,0
                        71.4,6.0,0
                        71.2,6.0,0
                        71.2,5.8,0
                    </coordinates>
                </LinearRing>
            </outerBoundaryIs>
        </Polygon>
    </Placemark>
    <Placemark>
        <styleUrl>#caution</styleUrl>
        <Polygon>
            <outerBoundaryIs>
                <LinearRing>
                    <coordinates>
                        71.4,5.8,0
                        71.60000000000001,5.8,0
                        71.60000000000001,6.0,0
                        71.4,6.0,0
                        71.4,5.8,0
                    </coordinates>
                </LinearRing>
            </outerBoundaryIs>
        </Polygon>
    </Placemark>
    <Placemark>
        <styleUrl>#caution</styleUrl>
        <Polygon>
            <outerBoundaryIs>
                <LinearRing>
                    <coordinates>
                        71.6,5.8,0
                        71.8,5.8,0
                        71.8,6.0,0
                        71.6,6.0,0
                        71.6,5.8,0
                    </coordinates>
                </LinearRing>
            </outerBoundaryIs>
        </Polygon>
    </Placemark>
    <Placemark>
        <styleUrl>#caution</styleUrl>
        <Polygon>
            <outerBoundaryIs>
                <LinearRing>
                    <coordinates>
                        71.8,5.8,0
                        72.0,5.8,0
                        72.0,6.0,0
                        71.8,6.0,0
                        71.8,5.8,0
                    </coordinates>
                </LinearRing>
            </outerBoundaryIs>
        </Polygon>
    </Placemark>
    <Placemark>
        <styleUrl>#caution</styleUrl>
        <Polygon>
            <outerBoundaryIs>
                <LinearRing>
                    <coordinates>
                        72.0,5.8,0
                        72.2,5.8,0
                        72.2,6.0,0
                        72.0,6.0,0
                        72.0,5.8,0
                    </coordinates>
                </LinearRing>
            </outerBoundaryIs>
        </Polygon>
    </Placemark>
    <Placemark>
        <styleUrl>#caution</styleUrl>
        <Polygon>
            <outerBoundaryIs>
                <LinearRing>
                    <coordinates>
                        72.2,5.8,0
                        72.4,5.8,0
                        72.4,6.0,0
                        72.2,6.0,0
                        72.2,5.8,0
                    </coordinates>
                </LinearRing>
            </outerBoundaryIs>
        </Polygon>
    </Placemark>
    <Placemark>
        <styleUrl>#caution</styleUrl>
        <Polygon>
            <outerBoundaryIs>
                <LinearRing>
                    <coordinates>
                        72.4,5.8,0
                        72.60000000000001,5.8,0
                        72.60000000000001,6.0,0
                        72.4,6.0,0
                        72.4,5.8,0
                    </coordinates>
                </LinearRing>
            </outerBoundaryIs>
        </Polygon>
    </Placemark>
    <Placemark>
        <styleUrl>#caution</styleUrl>
        <Polygon>
            <outerBoundaryIs>
                <LinearRing>
                    <coordinates>
                        72.6,5.8,0
                        72.8,5.8,0
                        72.8,6.0,0
                        72.6,6.0,0
                        72.6,5.8,0
                    </coordinates>
                </LinearRing>
            </outerBoundaryIs>
        </Polygon>
    </Placemark>
    <Placemark>
        <styleUrl>#caution</styleUrl>
        <Polygon>
            <outerBoundaryIs>
                <LinearRing>
                    <coordinates>
                        72.8,5.8,0
                        73.0,5.8,0
                        73.0,6.0,0
                        72.8,6.0,0
                        72.8,5.8,0
                    </coordinates>
                </LinearRing>
            </outerBoundaryIs>
        </Polygon>
    </Placemark>
    <Placemark>
        <styleUrl>#caution</styleUrl>
        <Polygon>
            <outerBoundaryIs>
                <LinearRing>
                    <coordinates>
                        73.0,5.8,0
                        73.2,5.8,0
                        73.2,6.0,0
                        73.0,6.0,0
                        73.0,5.8,0
                    </coordinates>
                </LinearRing>
            </outerBoundaryIs>
        </Polygon>
    </Placemark>
    <Placemark>
        <styleUrl>#caution</styleUrl>
        <Polygon>
            <outerBoundaryIs>
                <LinearRing>
                    <coordinates>
                        73.2,5.8,0
                        73.4,5.8,0
                        73.4,6.0,0
                        73.2,6.0,0
                        73.2,5.8,0
                    </coordinates>
                </LinearRing>
            </outerBoundaryIs>
        </Polygon>
    </Placemark>
    <Placemark>
        <styleUrl>#caution</styleUrl>
        <Polygon>
            <outerBoundaryIs>
                <LinearRing>
                    <coordinates>
                        73.4,5.8,0
                        73.60000000000001,5.8,0
                        73.60000000000001,6.0,0
                        73.4,6.0,0
                        73.4,5.8,0
                    </coordinates>
                </LinearRing>
            </outerBoundaryIs>
        </Polygon>
    </Placemark>
    <Placemark>
        <styleUrl>#caution</styleUrl>
        <Polygon>
            <outerBoundaryIs>
                <LinearRing>
                    <coordinates>
                        73.6,5.8,0
                        73.8,5.8,0
                        73.8,6.0,0
                        73.6,6.0,0
                        73.6,5.8,0
                    </coordinates>
                </LinearRing>
            </outerBoundaryIs>
        </Polygon>
    </Placemark>
    <Placemark>
        <styleUrl>#caution</styleUrl>
        <Polygon>
            <outerBoundaryIs>
                <LinearRing>
                    <coordinates>
                        73.8,5.8,0
                        74.0,5.8,0
                        74.0,6.0,0
                        73.8,6.0,0
                        73.8,5.8,0
                    </coordinates>
                </LinearRing>
            </outerBoundaryIs>
        </Polygon>
    </Placemark>
    <Placemark>
        <styleUrl>#caution</styleUrl>
        <Polygon>
            <outerBoundaryIs>
                <LinearRing>
                    <coordinates>
                        74.0,5.8,0
                        74.2,5.8,0
                        74.2,6.0,0
                        74.0,6.0,0
                        74.0,5.8,0
                    </coordinates>
                </LinearRing>
            </outerBoundaryIs>
        </Polygon>
    </Placemark>
    <Placemark>
        <styleUrl>#caution</styleUrl>
        <Polygon>
            <outerBoundaryIs>
                <LinearRing>
                    <coordinates>
                        74.2,5.8,0
                        74.4,5.8,0
                        74.4,6.0,0
                        74.2,6.0,0
                        74.2,5.8,0
                    </coordinates>
                </LinearRing>
            </outerBoundaryIs>
        </Polygon>
    </Placemark>
    <Placemark>
        <styleUrl>#caution</styleUrl>
        <Polygon>
            <outerBoundaryIs>
                <LinearRing>
                    <coordinates>
                        74.4,5.8,0
                        74.60000000000001,5.8,0
                        74.60000000000001,6.0,0
                        74.4,6.0,0
                        74.4,5.8,0
                    </coordinates>
                </LinearRing>
            </outerBoundaryIs>
        </Polygon>
    </Placemark>
    <Placemark>
        <styleUrl>#caution</styleUrl>
        <Polygon>
            <outerBoundaryIs>
                <LinearRing>
                    <coordinates>
                        74.6,5.8,0
                        74.8,5.8,0
                        74.8,6.0,0
                        74.6,6.0,0
                        74.6,5.8,0
                    </coordinates>
                </LinearRing>
            </outerBoundaryIs>
        </Polygon>
    </Placemark>
    <Placemark>
        <styleUrl>#caution</styleUrl>
        <Polygon>
            <outerBoundaryIs>
                <LinearRing>
                    <coordinates>
                        74.8,5.8,0
                        75.0,5.8,0
                        75.0,6.0,0
                        74.8,6.0,0
                        74.8,5.8,0
                    </coordinates>
                </LinearRing>
            </outerBoundaryIs>
        </Polygon>
    </Placemark>
    <Placemark>
        <styleUrl>#caution</styleUrl>
        <Polygon>
            <outerBoundaryIs>
                <LinearRing>
                    <coordinates>
                        75.0,5.8,0
                        75.2,5.8,0
                        75.2,6.0,0
                        75.0,6.0,0
                        75.0,5.8,0
                    </coordinates>
                </LinearRing>
            </outerBoundaryIs>
        </Polygon>
    </Placemark>
    <Placemark>
        <styleUrl>#caution</styleUrl>
        <Polygon>
            <outerBoundaryIs>
                <LinearRing>
                    <coordinates>
                        75.2,5.8,0
                        75.4,5.8,0
                        75.4,6.0,0
                        75.2,6.0,0
                        75.2,5.8,0
                    </coordinates>
                </LinearRing>
            </outerBoundaryIs>
        </Polygon>
    </Placemark>
    <Placemark>
        <styleUrl>#caution</styleUrl>
        <Polygon>
            <outerBoundaryIs>
                <LinearRing>
                    <coordinates>
                        75.4,5.8,0
                        75.60000000000001,5.8,0
                        75.60000000000001,6.0,0
                        75.4,6.0,0
                        75.4,5.8,0
                    </coordinates>
                </LinearRing>
            </outerBoundaryIs>
        </Polygon>
    </Placemark>
    <Placemark>
        <styleUrl>#caution</styleUrl>
        <Polygon>
            <outerBoundaryIs>
                <LinearRing>
                    <coordinates>
                        75.6,5.8,0
                        75.8,5.8,0
                        75.8,6.0,0
                        75.6,6.0,0
                        75.6,5.8,0
                    </coordinates>
                </LinearRing>
            </outerBoundaryIs>
        </Polygon>
    </Placemark>
    <Placemark>
        <styleUrl>#caution</styleUrl>
        <Polygon>
            <outerBoundaryIs>
                <LinearRing>
                    <coordinates>
                        75.8,5.8,0
                        76.0,5.8,0
                        76.0,6.0,0
                        75.8,6.0,0
                        75.8,5.8,0
                    </coordinates>
                </LinearRing>
            </outerBoundaryIs>
        </Polygon>
    </Placemark>
    <Placemark>
        <styleUrl>#caution</styleUrl>
        <Polygon>
            <outerBoundaryIs>
                <LinearRing>
                    <coordinates>
                        76.0,5.8,0
                        76.2,5.8,0
                        76.2,6.0,0
                        76.0,6.0,0
                        76.0,5.8,0
                    </coordinates>
                </LinearRing>
            </outerBoundaryIs>
        </Polygon>
    </Placemark>
    <Placemark>
        <styleUrl>#caution</styleUrl>
        <Polygon>
            <outerBoundaryIs>
                <LinearRing>
                    <coordinates>
                        76.2,5.8,0
                        76.4,5.8,0
                        76.4,6.0,0
                        76.2,6.0,0
                        76.2,5.8,0
                    </coordinates>
                </LinearRing>
            </outerBoundaryIs>
        </Polygon>
    </Placemark>
    <Placemark>
        <styleUrl>#caution</styleUrl>
        <Polygon>
            <outerBoundaryIs>
                <LinearRing>
                    <coordinates>
                        76.4,5.8,0
                        76.60000000000001,5.8,0
                        76.60000000000001,6.0,0
                        76.4,6.0,0
                        76.4,5.8,0
                    </coordinates>
                </LinearRing>
            </outerBoundaryIs>
        </Polygon>
    </Placemark>
    <Placemark>
        <styleUrl>#caution</styleUrl>
        <Polygon>
            <outerBoundaryIs>
                <LinearRing>
                    <coordinates>
                        76.6,5.8,0
                        76.8,5.8,0
                        76.8,6.0,0
                        76.6,6.0,0
                        76.6,5.8,0
                    </coordinates>
                </LinearRing>
            </outerBoundaryIs>
        </Polygon>
    </Placemark>
    <Placemark>
        <styleUrl>#caution</styleUrl>
        <Polygon>
            <outerBoundaryIs>
                <LinearRing>
                    <coordinates>
                        76.8,5.8,0
                        77.0,5.8,0
                        77.0,6.0,0
                        76.8,6.0,0
                        76.8,5.8,0
                    </coordinates>
                </LinearRing>
            </outerBoundaryIs>
        </Polygon>
    </Placemark>
    <Placemark>
        <styleUrl>#caution</styleUrl>
        <Polygon>
            <outerBoundaryIs>
                <LinearRing>
                    <coordinates>
                        77.0,5.8,0
                        77.2,5.8,0
                        77.2,6.0,0
                        77.0,6.0,0
                        77.0,5.8,0
                    </coordinates>
                </LinearRing>
            </outerBoundaryIs>
        </Polygon>
    </Placemark>
    <Placemark>
        <styleUrl>#caution</styleUrl>
        <Polygon>
            <outerBoundaryIs>
                <LinearRing>
                    <coordinates>
                        77.2,5.8,0
                        77.4,5.8,0
                        77.4,6.0,0
                        77.2,6.0,0
                        77.2,5.8,0
                    </coordinates>
                </LinearRing>
            </outerBoundaryIs>
        </Polygon>
    </Placemark>
    <Placemark>
        <styleUrl>#caution</styleUrl>
        <Polygon>
            <outerBoundaryIs>
                <LinearRing>
                    <coordinates>
                        77.4,5.8,0
                        77.60000000000001,5.8,0
                        77.60000000000001,6.0,0
                        77.4,6.0,0
                        77.4,5.8,0
                    </coordinates>
                </LinearRing>
            </outerBoundaryIs>
        </Polygon>
    </Placemark>
    <Placemark>
        <styleUrl>#caution</styleUrl>
        <Polygon>
            <outerBoundaryIs>
                <LinearRing>
                    <coordinates>
                        77.6,5.8,0
                        77.8,5.8,0
                        77.8,6.0,0
                        77.6,6.0,0
                        77.6,5.8,0
                    </coordinates>
                </LinearRing>
            </outerBoundaryIs>
        </Polygon>
    </Placemark>
    <Placemark>
        <styleUrl>#caution</styleUrl>
        <Polygon>
            <outerBoundaryIs>
                <LinearRing>
                    <coordinates>
                        77.8,5.8,0
                        78.0,5.8,0
                        78.0,6.0,0
                        77.8,6.0,0
                        77.8,5.8,0
                    </coordinates>
                </LinearRing>
            </outerBoundaryIs>
        </Polygon>
    </Placemark>
    <Placemark>
        <styleUrl>#caution</styleUrl>
        <Polygon>
            <outerBoundaryIs>
                <LinearRing>
                    <coordinates>
                        78.0,5.8,0
                        78.2,5.8,0
                        78.2,6.0,0
                        78.0,6.0,0
                        78.0,5.8,0
                    </coordinates>
                </LinearRing>
            </outerBoundaryIs>
        </Polygon>
    </Placemark>
    <Placemark>
        <styleUrl>#caution</styleUrl>
        <Polygon>
            <outerBoundaryIs>
                <LinearRing>
                    <coordinates>
                        78.2,5.8,0
                        78.4,5.8,0
                        78.4,6.0,0
                        78.2,6.0,0
                        78.2,5.8,0
                    </coordinates>
                </LinearRing>
            </outerBoundaryIs>
        </Polygon>
    </Placemark>
    <Placemark>
        <styleUrl>#caution</styleUrl>
        <Polygon>
            <outerBoundaryIs>
                <LinearRing>
                    <coordinates>
                        78.4,5.8,0
                        78.60000000000001,5.8,0
                        78.60000000000001,6.0,0
                        78.4,6.0,0
                        78.4,5.8,0
                    </coordinates>
                </LinearRing>
            </outerBoundaryIs>
        </Polygon>
    </Placemark>
    <Placemark>
        <styleUrl>#caution</styleUrl>
        <Polygon>
            <outerBoundaryIs>
                <LinearRing>
                    <coordinates>
                        78.6,5.8,0
                        78.8,5.8,0
                        78.8,6.0,0
                        78.6,6.0,0
                        78.6,5.8,0
                    </coordinates>
                </LinearRing>
            </outerBoundaryIs>
        </Polygon>
    </Placemark>
    <Placemark>
        <styleUrl>#caution</styleUrl>
        <Polygon>
            <outerBoundaryIs>
                <LinearRing>
                    <coordinates>
                        78.8,5.8,0
                        79.0,5.8,0
                        79.0,6.0,0
                        78.8,6.0,0
                        78.8,5.8,0
                    </coordinates>
                </LinearRing>
            </outerBoundaryIs>
        </Polygon>
    </Placemark>
    <Placemark>
        <styleUrl>#caution</styleUrl>
        <Polygon>
            <outerBoundaryIs>
                <LinearRing>
                    <coordinates>
                        79.0,5.8,0
                        79.2,5.8,0
                        79.2,6.0,0
                        79.0,6.0,0
                        79.0,5.8,0
                    </coordinates>
                </LinearRing>
            </outerBoundaryIs>
        </Polygon>
    </Placemark>
    <Placemark>
        <styleUrl>#caution</styleUrl>
        <Polygon>
            <outerBoundaryIs>
                <LinearRing>
                    <coordinates>
                        79.2,5.8,0
                        79.4,5.8,0
                        79.4,6.0,0
                        79.2,6.0,0
                        79.2,5.8,0
                    </coordinates>
                </LinearRing>
            </outerBoundaryIs>
        </Polygon>
    </Placemark>
    <Placemark>
        <styleUrl>#caution</styleUrl>
        <Polygon>
            <outerBoundaryIs>
                <LinearRing>
                    <coordinates>
                        79.4,5.8,0
                        79.60000000000001,5.8,0
                        79.60000000000001,6.0,0
                        79.4,6.0,0
                        79.4,5.8,0
                    </coordinates>
                </LinearRing>
            </outerBoundaryIs>
        </Polygon>
    </Placemark>
    <Placemark>
        <styleUrl>#caution</styleUrl>
        <Polygon>
            <outerBoundaryIs>
                <LinearRing>
                    <coordinates>
                        79.6,5.8,0
                        79.8,5.8,0
                        79.8,6.0,0
                        79.6,6.0,0
                        79.6,5.8,0
                    </coordinates>
                </LinearRing>
            </outerBoundaryIs>
        </Polygon>
    </Placemark>
    <Placemark>
        <styleUrl>#caution</styleUrl>
        <Polygon>
            <outerBoundaryIs>
                <LinearRing>
                    <coordinates>
                        79.8,5.8,0
                        80.0,5.8,0
                        80.0,6.0,0
                        79.8,6.0,0
                        79.8,5.8,0
                    </coordinates>
                </LinearRing>
            </outerBoundaryIs>
        </Polygon>
    </Placemark>
    <Placemark>
        <styleUrl>#caution</styleUrl>
        <Polygon>
            <outerBoundaryIs>
                <LinearRing>
                    <coordinates>
                        80.0,5.8,0
                        80.2,5.8,0
                        80.2,6.0,0
                        80.0,6.0,0
                        80.0,5.8,0
                    </coordinates>
                </LinearRing>
            </outerBoundaryIs>
        </Polygon>
    </Placemark>
    <Placemark>
        <styleUrl>#caution</styleUrl>
        <Polygon>
            <outerBoundaryIs>
                <LinearRing>
                    <coordinates>
                        80.2,5.8,0
                        80.4,5.8,0
                        80.4,6.0,0
                        80.2,6.0,0
                        80.2,5.8,0
                    </coordinates>
                </LinearRing>
            </outerBoundaryIs>
        </Polygon>
    </Placemark>
    <Placemark>
        <styleUrl>#caution</styleUrl>
        <Polygon>
            <outerBoundaryIs>
                <LinearRing>
                    <coordinates>
                        80.4,5.8,0
                        80.60000000000001,5.8,0
                        80.60000000000001,6.0,0
                        80.4,6.0,0
                        80.4,5.8,0
                    </coordinates>
                </LinearRing>
            </outerBoundaryIs>
        </Polygon>
    </Placemark>
    <Placemark>
        <styleUrl>#caution</styleUrl>
        <Polygon>
            <outerBoundaryIs>
                <LinearRing>
                    <coordinates>
                        80.6,5.8,0
                        80.8,5.8,0
                        80.8,6.0,0
                        80.6,6.0,0
                        80.6,5.8,0
                    </coordinates>
                </LinearRing>
            </outerBoundaryIs>
        </Polygon>
    </Placemark>
    <Placemark>
        <styleUrl>#caution</styleUrl>
        <Polygon>
            <outerBoundaryIs>
                <LinearRing>
                    <coordinates>
                        80.8,5.8,0
                        81.0,5.8,0
                        81.0,6.0,0
                        80.8,6.0,0
                        80.8,5.8,0
                    </coordinates>
                </LinearRing>
            </outerBoundaryIs>
        </Polygon>
    </Placemark>
    <Placemark>
        <styleUrl>#caution</styleUrl>
        <Polygon>
            <outerBoundaryIs>
                <LinearRing>
                    <coordinates>
                        81.0,5.8,0
                        81.2,5.8,0
                        81.2,6.0,0
                        81.0,6.0,0
                        81.0,5.8,0
                    </coordinates>
                </LinearRing>
            </outerBoundaryIs>
        </Polygon>
    </Placemark>
    <Placemark>
        <styleUrl>#caution</styleUrl>
        <Polygon>
            <outerBoundaryIs>
                <LinearRing>
                    <coordinates>
                        81.2,5.8,0
                        81.4,5.8,0
                        81.4,6.0,0
                        81.2,6.0,0
                        81.2,5.8,0
                    </coordinates>
                </LinearRing>
            </outerBoundaryIs>
        </Polygon>
    </Placemark>
    <Placemark>
        <styleUrl>#caution</styleUrl>
        <Polygon>
            <outerBoundaryIs>
                <LinearRing>
                    <coordinates>
                        81.4,5.8,0
                        81.60000000000001,5.8,0
                        81.60000000000001,6.0,0
                        81.4,6.0,0
                        81.4,5.8,0
                    </coordinates>
                </LinearRing>
            </outerBoundaryIs>
        </Polygon>
    </Placemark>
    <Placemark>
        <styleUrl>#caution</styleUrl>
        <Polygon>
            <outerBoundaryIs>
                <LinearRing>
                    <coordinates>
                        81.6,5.8,0
                        81.8,5.8,0
                        81.8,6.0,0
                        81.6,6.0,0
                        81.6,5.8,0
                    </coordinates>
                </LinearRing>
            </outerBoundaryIs>
        </Polygon>
    </Placemark>
    <Placemark>
        <styleUrl>#caution</styleUrl>
        <Polygon>
            <outerBoundaryIs>
                <LinearRing>
                    <coordinates>
                        81.8,5.8,0
                        82.0,5.8,0
                        82.0,6.0,0
                        81.8,6.0,0
                        81.8,5.8,0
                    </coordinates>
                </LinearRing>
            </outerBoundaryIs>
        </Polygon>
    </Placemark>
    <Placemark>
        <styleUrl>#caution</styleUrl>
        <Polygon>
            <outerBoundaryIs>
                <LinearRing>
                    <coordinates>
                        82.0,5.8,0
                        82.2,5.8,0
                        82.2,6.0,0
                        82.0,6.0,0
                        82.0,5.8,0
                    </coordinates>
                </LinearRing>
            </outerBoundaryIs>
        </Polygon>
    </Placemark>
    <Placemark>
        <styleUrl>#caution</styleUrl>
        <Polygon>
            <outerBoundaryIs>
                <LinearRing>
                    <coordinates>
                        82.2,5.8,0
                        82.4,5.8,0
                        82.4,6.0,0
                        82.2,6.0,0
                        82.2,5.8,0
                    </coordinates>
                </LinearRing>
            </outerBoundaryIs>
        </Polygon>
    </Placemark>
    <Placemark>
        <styleUrl>#caution</styleUrl>
        <Polygon>
            <outerBoundaryIs>
                <LinearRing>
                    <coordinates>
                        82.4,5.8,0
                        82.60000000000001,5.8,0
                        82.60000000000001,6.0,0
                        82.4,6.0,0
                        82.4,5.8,0
                    </coordinates>
                </LinearRing>
            </outerBoundaryIs>
        </Polygon>
    </Placemark>
    <Placemark>
        <styleUrl>#caution</styleUrl>
        <Polygon>
            <outerBoundaryIs>
                <LinearRing>
                    <coordinates>
                        82.6,5.8,0
                        82.8,5.8,0
                        82.8,6.0,0
                        82.6,6.0,0
                        82.6,5.8,0
                    </coordinates>
                </LinearRing>
            </outerBoundaryIs>
        </Polygon>
    </Placemark>
    <Placemark>
        <styleUrl>#caution</styleUrl>
        <Polygon>
            <outerBoundaryIs>
                <LinearRing>
                    <coordinates>
                        82.8,5.8,0
                        83.0,5.8,0
                        83.0,6.0,0
                        82.8,6.0,0
                        82.8,5.8,0
                    </coordinates>
                </LinearRing>
            </outerBoundaryIs>
        </Polygon>
    </Placemark>
    <Placemark>
        <styleUrl>#caution</styleUrl>
        <Polygon>
            <outerBoundaryIs>
                <LinearRing>
                    <coordinates>
                        83.0,5.8,0
                        83.2,5.8,0
                        83.2,6.0,0
                        83.0,6.0,0
                        83.0,5.8,0
                    </coordinates>
                </LinearRing>
            </outerBoundaryIs>
        </Polygon>
    </Placemark>
    <Placemark>
        <styleUrl>#caution</styleUrl>
        <Polygon>
            <outerBoundaryIs>
                <LinearRing>
                    <coordinates>
                        83.2,5.8,0
                        83.4,5.8,0
                        83.4,6.0,0
                        83.2,6.0,0
                        83.2,5.8,0
                    </coordinates>
                </LinearRing>
            </outerBoundaryIs>
        </Polygon>
    </Placemark>
    <Placemark>
        <styleUrl>#caution</styleUrl>
        <Polygon>
            <outerBoundaryIs>
                <LinearRing>
                    <coordinates>
                        83.4,5.8,0
                        83.60000000000001,5.8,0
                        83.60000000000001,6.0,0
                        83.4,6.0,0
                        83.4,5.8,0
                    </coordinates>
                </LinearRing>
            </outerBoundaryIs>
        </Polygon>
    </Placemark>
    <Placemark>
        <styleUrl>#caution</styleUrl>
        <Polygon>
            <outerBoundaryIs>
                <LinearRing>
                    <coordinates>
                        83.6,5.8,0
                        83.8,5.8,0
                        83.8,6.0,0
                        83.6,6.0,0
                        83.6,5.8,0
                    </coordinates>
                </LinearRing>
            </outerBoundaryIs>
        </Polygon>
    </Placemark>
    <Placemark>
        <styleUrl>#caution</styleUrl>
        <Polygon>
            <outerBoundaryIs>
                <LinearRing>
                    <coordinates>
                        83.8,5.8,0
                        84.0,5.8,0
                        84.0,6.0,0
                        83.8,6.0,0
                        83.8,5.8,0
                    </coordinates>
                </LinearRing>
            </outerBoundaryIs>
        </Polygon>
    </Placemark>
    <Placemark>
        <styleUrl>#caution</styleUrl>
        <Polygon>
            <outerBoundaryIs>
                <LinearRing>
                    <coordinates>
                        84.0,5.8,0
                        84.2,5.8,0
                        84.2,6.0,0
                        84.0,6.0,0
                        84.0,5.8,0
                    </coordinates>
                </LinearRing>
            </outerBoundaryIs>
        </Polygon>
    </Placemark>
    <Placemark>
        <styleUrl>#caution</styleUrl>
        <Polygon>
            <outerBoundaryIs>
                <LinearRing>
                    <coordinates>
                        84.2,5.8,0
                        84.4,5.8,0
                        84.4,6.0,0
                        84.2,6.0,0
                        84.2,5.8,0
                    </coordinates>
                </LinearRing>
            </outerBoundaryIs>
        </Polygon>
    </Placemark>
    <Placemark>
        <styleUrl>#caution</styleUrl>
        <Polygon>
            <outerBoundaryIs>
                <LinearRing>
                    <coordinates>
                        84.4,5.8,0
                        84.60000000000001,5.8,0
                        84.60000000000001,6.0,0
                        84.4,6.0,0
                        84.4,5.8,0
                    </coordinates>
                </LinearRing>
            </outerBoundaryIs>
        </Polygon>
    </Placemark>
    <Placemark>
        <styleUrl>#caution</styleUrl>
        <Polygon>
            <outerBoundaryIs>
                <LinearRing>
                    <coordinates>
                        84.6,5.8,0
                        84.8,5.8,0
                        84.8,6.0,0
                        84.6,6.0,0
                        84.6,5.8,0
                    </coordinates>
                </LinearRing>
            </outerBoundaryIs>
        </Polygon>
    </Placemark>
    <Placemark>
        <styleUrl>#caution</styleUrl>
        <Polygon>
            <outerBoundaryIs>
                <LinearRing>
                    <coordinates>
                        65.0,6.0,0
                        65.2,6.0,0
                        65.2,6.2,0
                        65.0,6.2,0
                        65.0,6.0,0
                    </coordinates>
                </LinearRing>
            </outerBoundaryIs>
        </Polygon>
    </Placemark>
    <Placemark>
        <styleUrl>#caution</styleUrl>
        <Polygon>
            <outerBoundaryIs>
                <LinearRing>
                    <coordinates>
                        65.2,6.0,0
                        65.4,6.0,0
                        65.4,6.2,0
                        65.2,6.2,0
                        65.2,6.0,0
                    </coordinates>
                </LinearRing>
            </outerBoundaryIs>
        </Polygon>
    </Placemark>
    <Placemark>
        <styleUrl>#caution</styleUrl>
        <Polygon>
            <outerBoundaryIs>
                <LinearRing>
                    <coordinates>
                        65.4,6.0,0
                        65.60000000000001,6.0,0
                        65.60000000000001,6.2,0
                        65.4,6.2,0
                        65.4,6.0,0
                    </coordinates>
                </LinearRing>
            </outerBoundaryIs>
        </Polygon>
    </Placemark>
    <Placemark>
        <styleUrl>#caution</styleUrl>
        <Polygon>
            <outerBoundaryIs>
                <LinearRing>
                    <coordinates>
                        65.6,6.0,0
                        65.8,6.0,0
                        65.8,6.2,0
                        65.6,6.2,0
                        65.6,6.0,0
                    </coordinates>
                </LinearRing>
            </outerBoundaryIs>
        </Polygon>
    </Placemark>
    <Placemark>
        <styleUrl>#caution</styleUrl>
        <Polygon>
            <outerBoundaryIs>
                <LinearRing>
                    <coordinates>
                        65.8,6.0,0
                        66.0,6.0,0
                        66.0,6.2,0
                        65.8,6.2,0
                        65.8,6.0,0
                    </coordinates>
                </LinearRing>
            </outerBoundaryIs>
        </Polygon>
    </Placemark>
    <Placemark>
        <styleUrl>#caution</styleUrl>
        <Polygon>
            <outerBoundaryIs>
                <LinearRing>
                    <coordinates>
                        66.0,6.0,0
                        66.2,6.0,0
                        66.2,6.2,0
                        66.0,6.2,0
                        66.0,6.0,0
                    </coordinates>
                </LinearRing>
            </outerBoundaryIs>
        </Polygon>
    </Placemark>
    <Placemark>
        <styleUrl>#caution</styleUrl>
        <Polygon>
            <outerBoundaryIs>
                <LinearRing>
                    <coordinates>
                        66.2,6.0,0
                        66.4,6.0,0
                        66.4,6.2,0
                        66.2,6.2,0
                        66.2,6.0,0
                    </coordinates>
                </LinearRing>
            </outerBoundaryIs>
        </Polygon>
    </Placemark>
    <Placemark>
        <styleUrl>#caution</styleUrl>
        <Polygon>
            <outerBoundaryIs>
                <LinearRing>
                    <coordinates>
                        66.4,6.0,0
                        66.60000000000001,6.0,0
                        66.60000000000001,6.2,0
                        66.4,6.2,0
                        66.4,6.0,0
                    </coordinates>
                </LinearRing>
            </outerBoundaryIs>
        </Polygon>
    </Placemark>
    <Placemark>
        <styleUrl>#caution</styleUrl>
        <Polygon>
            <outerBoundaryIs>
                <LinearRing>
                    <coordinates>
                        66.6,6.0,0
                        66.8,6.0,0
                        66.8,6.2,0
                        66.6,6.2,0
                        66.6,6.0,0
                    </coordinates>
                </LinearRing>
            </outerBoundaryIs>
        </Polygon>
    </Placemark>
    <Placemark>
        <styleUrl>#caution</styleUrl>
        <Polygon>
            <outerBoundaryIs>
                <LinearRing>
                    <coordinates>
                        66.8,6.0,0
                        67.0,6.0,0
                        67.0,6.2,0
                        66.8,6.2,0
                        66.8,6.0,0
                    </coordinates>
                </LinearRing>
            </outerBoundaryIs>
        </Polygon>
    </Placemark>
    <Placemark>
        <styleUrl>#caution</styleUrl>
        <Polygon>
            <outerBoundaryIs>
                <LinearRing>
                    <coordinates>
                        67.0,6.0,0
                        67.2,6.0,0
                        67.2,6.2,0
                        67.0,6.2,0
                        67.0,6.0,0
                    </coordinates>
                </LinearRing>
            </outerBoundaryIs>
        </Polygon>
    </Placemark>
    <Placemark>
        <styleUrl>#caution</styleUrl>
        <Polygon>
            <outerBoundaryIs>
                <LinearRing>
                    <coordinates>
                        67.2,6.0,0
                        67.4,6.0,0
                        67.4,6.2,0
                        67.2,6.2,0
                        67.2,6.0,0
                    </coordinates>
                </LinearRing>
            </outerBoundaryIs>
        </Polygon>
    </Placemark>
    <Placemark>
        <styleUrl>#caution</styleUrl>
        <Polygon>
            <outerBoundaryIs>
                <LinearRing>
                    <coordinates>
                        67.4,6.0,0
                        67.60000000000001,6.0,0
                        67.60000000000001,6.2,0
                        67.4,6.2,0
                        67.4,6.0,0
                    </coordinates>
                </LinearRing>
            </outerBoundaryIs>
        </Polygon>
    </Placemark>
    <Placemark>
        <styleUrl>#caution</styleUrl>
        <Polygon>
            <outerBoundaryIs>
                <LinearRing>
                    <coordinates>
                        67.6,6.0,0
                        67.8,6.0,0
                        67.8,6.2,0
                        67.6,6.2,0
                        67.6,6.0,0
                    </coordinates>
                </LinearRing>
            </outerBoundaryIs>
        </Polygon>
    </Placemark>
    <Placemark>
        <styleUrl>#caution</styleUrl>
        <Polygon>
            <outerBoundaryIs>
                <LinearRing>
                    <coordinates>
                        67.8,6.0,0
                        68.0,6.0,0
                        68.0,6.2,0
                        67.8,6.2,0
                        67.8,6.0,0
                    </coordinates>
                </LinearRing>
            </outerBoundaryIs>
        </Polygon>
    </Placemark>
    <Placemark>
        <styleUrl>#caution</styleUrl>
        <Polygon>
            <outerBoundaryIs>
                <LinearRing>
                    <coordinates>
                        68.0,6.0,0
                        68.2,6.0,0
                        68.2,6.2,0
                        68.0,6.2,0
                        68.0,6.0,0
                    </coordinates>
                </LinearRing>
            </outerBoundaryIs>
        </Polygon>
    </Placemark>
    <Placemark>
        <styleUrl>#caution</styleUrl>
        <Polygon>
            <outerBoundaryIs>
                <LinearRing>
                    <coordinates>
                        68.2,6.0,0
                        68.4,6.0,0
                        68.4,6.2,0
                        68.2,6.2,0
                        68.2,6.0,0
                    </coordinates>
                </LinearRing>
            </outerBoundaryIs>
        </Polygon>
    </Placemark>
    <Placemark>
        <styleUrl>#caution</styleUrl>
        <Polygon>
            <outerBoundaryIs>
                <LinearRing>
                    <coordinates>
                        68.4,6.0,0
                        68.60000000000001,6.0,0
                        68.60000000000001,6.2,0
                        68.4,6.2,0
                        68.4,6.0,0
                    </coordinates>
                </LinearRing>
            </outerBoundaryIs>
        </Polygon>
    </Placemark>
    <Placemark>
        <styleUrl>#caution</styleUrl>
        <Polygon>
            <outerBoundaryIs>
                <LinearRing>
                    <coordinates>
                        68.6,6.0,0
                        68.8,6.0,0
                        68.8,6.2,0
                        68.6,6.2,0
                        68.6,6.0,0
                    </coordinates>
                </LinearRing>
            </outerBoundaryIs>
        </Polygon>
    </Placemark>
    <Placemark>
        <styleUrl>#caution</styleUrl>
        <Polygon>
            <outerBoundaryIs>
                <LinearRing>
                    <coordinates>
                        68.8,6.0,0
                        69.0,6.0,0
                        69.0,6.2,0
                        68.8,6.2,0
                        68.8,6.0,0
                    </coordinates>
                </LinearRing>
            </outerBoundaryIs>
        </Polygon>
    </Placemark>
    <Placemark>
        <styleUrl>#caution</styleUrl>
        <Polygon>
            <outerBoundaryIs>
                <LinearRing>
                    <coordinates>
                        69.0,6.0,0
                        69.2,6.0,0
                        69.2,6.2,0
                        69.0,6.2,0
                        69.0,6.0,0
                    </coordinates>
                </LinearRing>
            </outerBoundaryIs>
        </Polygon>
    </Placemark>
    <Placemark>
        <styleUrl>#caution</styleUrl>
        <Polygon>
            <outerBoundaryIs>
                <LinearRing>
                    <coordinates>
                        69.2,6.0,0
                        69.4,6.0,0
                        69.4,6.2,0
                        69.2,6.2,0
                        69.2,6.0,0
                    </coordinates>
                </LinearRing>
            </outerBoundaryIs>
        </Polygon>
    </Placemark>
    <Placemark>
        <styleUrl>#caution</styleUrl>
        <Polygon>
            <outerBoundaryIs>
                <LinearRing>
                    <coordinates>
                        69.4,6.0,0
                        69.60000000000001,6.0,0
                        69.60000000000001,6.2,0
                        69.4,6.2,0
                        69.4,6.0,0
                    </coordinates>
                </LinearRing>
            </outerBoundaryIs>
        </Polygon>
    </Placemark>
    <Placemark>
        <styleUrl>#caution</styleUrl>
        <Polygon>
            <outerBoundaryIs>
                <LinearRing>
                    <coordinates>
                        69.6,6.0,0
                        69.8,6.0,0
                        69.8,6.2,0
                        69.6,6.2,0
                        69.6,6.0,0
                    </coordinates>
                </LinearRing>
            </outerBoundaryIs>
        </Polygon>
    </Placemark>
    <Placemark>
        <styleUrl>#caution</styleUrl>
        <Polygon>
            <outerBoundaryIs>
                <LinearRing>
                    <coordinates>
                        69.8,6.0,0
                        70.0,6.0,0
                        70.0,6.2,0
                        69.8,6.2,0
                        69.8,6.0,0
                    </coordinates>
                </LinearRing>
            </outerBoundaryIs>
        </Polygon>
    </Placemark>
    <Placemark>
        <styleUrl>#caution</styleUrl>
        <Polygon>
            <outerBoundaryIs>
                <LinearRing>
                    <coordinates>
                        70.0,6.0,0
                        70.2,6.0,0
                        70.2,6.2,0
                        70.0,6.2,0
                        70.0,6.0,0
                    </coordinates>
                </LinearRing>
            </outerBoundaryIs>
        </Polygon>
    </Placemark>
    <Placemark>
        <styleUrl>#caution</styleUrl>
        <Polygon>
            <outerBoundaryIs>
                <LinearRing>
                    <coordinates>
                        70.2,6.0,0
                        70.4,6.0,0
                        70.4,6.2,0
                        70.2,6.2,0
                        70.2,6.0,0
                    </coordinates>
                </LinearRing>
            </outerBoundaryIs>
        </Polygon>
    </Placemark>
    <Placemark>
        <styleUrl>#caution</styleUrl>
        <Polygon>
            <outerBoundaryIs>
                <LinearRing>
                    <coordinates>
                        70.4,6.0,0
                        70.60000000000001,6.0,0
                        70.60000000000001,6.2,0
                        70.4,6.2,0
                        70.4,6.0,0
                    </coordinates>
                </LinearRing>
            </outerBoundaryIs>
        </Polygon>
    </Placemark>
    <Placemark>
        <styleUrl>#caution</styleUrl>
        <Polygon>
            <outerBoundaryIs>
                <LinearRing>
                    <coordinates>
                        70.6,6.0,0
                        70.8,6.0,0
                        70.8,6.2,0
                        70.6,6.2,0
                        70.6,6.0,0
                    </coordinates>
                </LinearRing>
            </outerBoundaryIs>
        </Polygon>
    </Placemark>
    <Placemark>
        <styleUrl>#caution</styleUrl>
        <Polygon>
            <outerBoundaryIs>
                <LinearRing>
                    <coordinates>
                        70.8,6.0,0
                        71.0,6.0,0
                        71.0,6.2,0
                        70.8,6.2,0
                        70.8,6.0,0
                    </coordinates>
                </LinearRing>
            </outerBoundaryIs>
        </Polygon>
    </Placemark>
    <Placemark>
        <styleUrl>#caution</styleUrl>
        <Polygon>
            <outerBoundaryIs>
                <LinearRing>
                    <coordinates>
                        71.0,6.0,0
                        71.2,6.0,0
                        71.2,6.2,0
                        71.0,6.2,0
                        71.0,6.0,0
                    </coordinates>
                </LinearRing>
            </outerBoundaryIs>
        </Polygon>
    </Placemark>
    <Placemark>
        <styleUrl>#caution</styleUrl>
        <Polygon>
            <outerBoundaryIs>
                <LinearRing>
                    <coordinates>
                        71.2,6.0,0
                        71.4,6.0,0
                        71.4,6.2,0
                        71.2,6.2,0
                        71.2,6.0,0
                    </coordinates>
                </LinearRing>
            </outerBoundaryIs>
        </Polygon>
    </Placemark>
    <Placemark>
        <styleUrl>#caution</styleUrl>
        <Polygon>
            <outerBoundaryIs>
                <LinearRing>
                    <coordinates>
                        71.4,6.0,0
                        71.60000000000001,6.0,0
                        71.60000000000001,6.2,0
                        71.4,6.2,0
                        71.4,6.0,0
                    </coordinates>
                </LinearRing>
            </outerBoundaryIs>
        </Polygon>
    </Placemark>
    <Placemark>
        <styleUrl>#caution</styleUrl>
        <Polygon>
            <outerBoundaryIs>
                <LinearRing>
                    <coordinates>
                        71.6,6.0,0
                        71.8,6.0,0
                        71.8,6.2,0
                        71.6,6.2,0
                        71.6,6.0,0
                    </coordinates>
                </LinearRing>
            </outerBoundaryIs>
        </Polygon>
    </Placemark>
    <Placemark>
        <styleUrl>#caution</styleUrl>
        <Polygon>
            <outerBoundaryIs>
                <LinearRing>
                    <coordinates>
                        71.8,6.0,0
                        72.0,6.0,0
                        72.0,6.2,0
                        71.8,6.2,0
                        71.8,6.0,0
                    </coordinates>
                </LinearRing>
            </outerBoundaryIs>
        </Polygon>
    </Placemark>
    <Placemark>
        <styleUrl>#caution</styleUrl>
        <Polygon>
            <outerBoundaryIs>
                <LinearRing>
                    <coordinates>
                        72.0,6.0,0
                        72.2,6.0,0
                        72.2,6.2,0
                        72.0,6.2,0
                        72.0,6.0,0
                    </coordinates>
                </LinearRing>
            </outerBoundaryIs>
        </Polygon>
    </Placemark>
    <Placemark>
        <styleUrl>#caution</styleUrl>
        <Polygon>
            <outerBoundaryIs>
                <LinearRing>
                    <coordinates>
                        72.2,6.0,0
                        72.4,6.0,0
                        72.4,6.2,0
                        72.2,6.2,0
                        72.2,6.0,0
                    </coordinates>
                </LinearRing>
            </outerBoundaryIs>
        </Polygon>
    </Placemark>
    <Placemark>
        <styleUrl>#caution</styleUrl>
        <Polygon>
            <outerBoundaryIs>
                <LinearRing>
                    <coordinates>
                        72.4,6.0,0
                        72.60000000000001,6.0,0
                        72.60000000000001,6.2,0
                        72.4,6.2,0
                        72.4,6.0,0
                    </coordinates>
                </LinearRing>
            </outerBoundaryIs>
        </Polygon>
    </Placemark>
    <Placemark>
        <styleUrl>#caution</styleUrl>
        <Polygon>
            <outerBoundaryIs>
                <LinearRing>
                    <coordinates>
                        72.6,6.0,0
                        72.8,6.0,0
                        72.8,6.2,0
                        72.6,6.2,0
                        72.6,6.0,0
                    </coordinates>
                </LinearRing>
            </outerBoundaryIs>
        </Polygon>
    </Placemark>
    <Placemark>
        <styleUrl>#caution</styleUrl>
        <Polygon>
            <outerBoundaryIs>
                <LinearRing>
                    <coordinates>
                        72.8,6.0,0
                        73.0,6.0,0
                        73.0,6.2,0
                        72.8,6.2,0
                        72.8,6.0,0
                    </coordinates>
                </LinearRing>
            </outerBoundaryIs>
        </Polygon>
    </Placemark>
    <Placemark>
        <styleUrl>#caution</styleUrl>
        <Polygon>
            <outerBoundaryIs>
                <LinearRing>
                    <coordinates>
                        73.0,6.0,0
                        73.2,6.0,0
                        73.2,6.2,0
                        73.0,6.2,0
                        73.0,6.0,0
                    </coordinates>
                </LinearRing>
            </outerBoundaryIs>
        </Polygon>
    </Placemark>
    <Placemark>
        <styleUrl>#caution</styleUrl>
        <Polygon>
            <outerBoundaryIs>
                <LinearRing>
                    <coordinates>
                        73.2,6.0,0
                        73.4,6.0,0
                        73.4,6.2,0
                        73.2,6.2,0
                        73.2,6.0,0
                    </coordinates>
                </LinearRing>
            </outerBoundaryIs>
        </Polygon>
    </Placemark>
    <Placemark>
        <styleUrl>#caution</styleUrl>
        <Polygon>
            <outerBoundaryIs>
                <LinearRing>
                    <coordinates>
                        73.4,6.0,0
                        73.60000000000001,6.0,0
                        73.60000000000001,6.2,0
                        73.4,6.2,0
                        73.4,6.0,0
                    </coordinates>
                </LinearRing>
            </outerBoundaryIs>
        </Polygon>
    </Placemark>
    <Placemark>
        <styleUrl>#caution</styleUrl>
        <Polygon>
            <outerBoundaryIs>
                <LinearRing>
                    <coordinates>
                        73.6,6.0,0
                        73.8,6.0,0
                        73.8,6.2,0
                        73.6,6.2,0
                        73.6,6.0,0
                    </coordinates>
                </LinearRing>
            </outerBoundaryIs>
        </Polygon>
    </Placemark>
    <Placemark>
        <styleUrl>#caution</styleUrl>
        <Polygon>
            <outerBoundaryIs>
                <LinearRing>
                    <coordinates>
                        73.8,6.0,0
                        74.0,6.0,0
                        74.0,6.2,0
                        73.8,6.2,0
                        73.8,6.0,0
                    </coordinates>
                </LinearRing>
            </outerBoundaryIs>
        </Polygon>
    </Placemark>
    <Placemark>
        <styleUrl>#caution</styleUrl>
        <Polygon>
            <outerBoundaryIs>
                <LinearRing>
                    <coordinates>
                        74.0,6.0,0
                        74.2,6.0,0
                        74.2,6.2,0
                        74.0,6.2,0
                        74.0,6.0,0
                    </coordinates>
                </LinearRing>
            </outerBoundaryIs>
        </Polygon>
    </Placemark>
    <Placemark>
        <styleUrl>#caution</styleUrl>
        <Polygon>
            <outerBoundaryIs>
                <LinearRing>
                    <coordinates>
                        74.2,6.0,0
                        74.4,6.0,0
                        74.4,6.2,0
                        74.2,6.2,0
                        74.2,6.0,0
                    </coordinates>
                </LinearRing>
            </outerBoundaryIs>
        </Polygon>
    </Placemark>
    <Placemark>
        <styleUrl>#caution</styleUrl>
        <Polygon>
            <outerBoundaryIs>
                <LinearRing>
                    <coordinates>
                        74.4,6.0,0
                        74.60000000000001,6.0,0
                        74.60000000000001,6.2,0
                        74.4,6.2,0
                        74.4,6.0,0
                    </coordinates>
                </LinearRing>
            </outerBoundaryIs>
        </Polygon>
    </Placemark>
    <Placemark>
        <styleUrl>#caution</styleUrl>
        <Polygon>
            <outerBoundaryIs>
                <LinearRing>
                    <coordinates>
                        74.6,6.0,0
                        74.8,6.0,0
                        74.8,6.2,0
                        74.6,6.2,0
                        74.6,6.0,0
                    </coordinates>
                </LinearRing>
            </outerBoundaryIs>
        </Polygon>
    </Placemark>
    <Placemark>
        <styleUrl>#caution</styleUrl>
        <Polygon>
            <outerBoundaryIs>
                <LinearRing>
                    <coordinates>
                        74.8,6.0,0
                        75.0,6.0,0
                        75.0,6.2,0
                        74.8,6.2,0
                        74.8,6.0,0
                    </coordinates>
                </LinearRing>
            </outerBoundaryIs>
        </Polygon>
    </Placemark>
    <Placemark>
        <styleUrl>#caution</styleUrl>
        <Polygon>
            <outerBoundaryIs>
                <LinearRing>
                    <coordinates>
                        75.0,6.0,0
                        75.2,6.0,0
                        75.2,6.2,0
                        75.0,6.2,0
                        75.0,6.0,0
                    </coordinates>
                </LinearRing>
            </outerBoundaryIs>
        </Polygon>
    </Placemark>
    <Placemark>
        <styleUrl>#caution</styleUrl>
        <Polygon>
            <outerBoundaryIs>
                <LinearRing>
                    <coordinates>
                        75.2,6.0,0
                        75.4,6.0,0
                        75.4,6.2,0
                        75.2,6.2,0
                        75.2,6.0,0
                    </coordinates>
                </LinearRing>
            </outerBoundaryIs>
        </Polygon>
    </Placemark>
    <Placemark>
        <styleUrl>#caution</styleUrl>
        <Polygon>
            <outerBoundaryIs>
                <LinearRing>
                    <coordinates>
                        75.4,6.0,0
                        75.60000000000001,6.0,0
                        75.60000000000001,6.2,0
                        75.4,6.2,0
                        75.4,6.0,0
                    </coordinates>
                </LinearRing>
            </outerBoundaryIs>
        </Polygon>
    </Placemark>
    <Placemark>
        <styleUrl>#caution</styleUrl>
        <Polygon>
            <outerBoundaryIs>
                <LinearRing>
                    <coordinates>
                        75.6,6.0,0
                        75.8,6.0,0
                        75.8,6.2,0
                        75.6,6.2,0
                        75.6,6.0,0
                    </coordinates>
                </LinearRing>
            </outerBoundaryIs>
        </Polygon>
    </Placemark>
    <Placemark>
        <styleUrl>#caution</styleUrl>
        <Polygon>
            <outerBoundaryIs>
                <LinearRing>
                    <coordinates>
                        75.8,6.0,0
                        76.0,6.0,0
                        76.0,6.2,0
                        75.8,6.2,0
                        75.8,6.0,0
                    </coordinates>
                </LinearRing>
            </outerBoundaryIs>
        </Polygon>
    </Placemark>
    <Placemark>
        <styleUrl>#caution</styleUrl>
        <Polygon>
            <outerBoundaryIs>
                <LinearRing>
                    <coordinates>
                        76.0,6.0,0
                        76.2,6.0,0
                        76.2,6.2,0
                        76.0,6.2,0
                        76.0,6.0,0
                    </coordinates>
                </LinearRing>
            </outerBoundaryIs>
        </Polygon>
    </Placemark>
    <Placemark>
        <styleUrl>#caution</styleUrl>
        <Polygon>
            <outerBoundaryIs>
                <LinearRing>
                    <coordinates>
                        76.2,6.0,0
                        76.4,6.0,0
                        76.4,6.2,0
                        76.2,6.2,0
                        76.2,6.0,0
                    </coordinates>
                </LinearRing>
            </outerBoundaryIs>
        </Polygon>
    </Placemark>
    <Placemark>
        <styleUrl>#caution</styleUrl>
        <Polygon>
            <outerBoundaryIs>
                <LinearRing>
                    <coordinates>
                        76.4,6.0,0
                        76.60000000000001,6.0,0
                        76.60000000000001,6.2,0
                        76.4,6.2,0
                        76.4,6.0,0
                    </coordinates>
                </LinearRing>
            </outerBoundaryIs>
        </Polygon>
    </Placemark>
    <Placemark>
        <styleUrl>#caution</styleUrl>
        <Polygon>
            <outerBoundaryIs>
                <LinearRing>
                    <coordinates>
                        76.6,6.0,0
                        76.8,6.0,0
                        76.8,6.2,0
                        76.6,6.2,0
                        76.6,6.0,0
                    </coordinates>
                </LinearRing>
            </outerBoundaryIs>
        </Polygon>
    </Placemark>
    <Placemark>
        <styleUrl>#caution</styleUrl>
        <Polygon>
            <outerBoundaryIs>
                <LinearRing>
                    <coordinates>
                        76.8,6.0,0
                        77.0,6.0,0
                        77.0,6.2,0
                        76.8,6.2,0
                        76.8,6.0,0
                    </coordinates>
                </LinearRing>
            </outerBoundaryIs>
        </Polygon>
    </Placemark>
    <Placemark>
        <styleUrl>#caution</styleUrl>
        <Polygon>
            <outerBoundaryIs>
                <LinearRing>
                    <coordinates>
                        77.0,6.0,0
                        77.2,6.0,0
                        77.2,6.2,0
                        77.0,6.2,0
                        77.0,6.0,0
                    </coordinates>
                </LinearRing>
            </outerBoundaryIs>
        </Polygon>
    </Placemark>
    <Placemark>
        <styleUrl>#caution</styleUrl>
        <Polygon>
            <outerBoundaryIs>
                <LinearRing>
                    <coordinates>
                        77.2,6.0,0
                        77.4,6.0,0
                        77.4,6.2,0
                        77.2,6.2,0
                        77.2,6.0,0
                    </coordinates>
                </LinearRing>
            </outerBoundaryIs>
        </Polygon>
    </Placemark>
    <Placemark>
        <styleUrl>#caution</styleUrl>
        <Polygon>
            <outerBoundaryIs>
                <LinearRing>
                    <coordinates>
                        77.4,6.0,0
                        77.60000000000001,6.0,0
                        77.60000000000001,6.2,0
                        77.4,6.2,0
                        77.4,6.0,0
                    </coordinates>
                </LinearRing>
            </outerBoundaryIs>
        </Polygon>
    </Placemark>
    <Placemark>
        <styleUrl>#caution</styleUrl>
        <Polygon>
            <outerBoundaryIs>
                <LinearRing>
                    <coordinates>
                        77.6,6.0,0
                        77.8,6.0,0
                        77.8,6.2,0
                        77.6,6.2,0
                        77.6,6.0,0
                    </coordinates>
                </LinearRing>
            </outerBoundaryIs>
        </Polygon>
    </Placemark>
    <Placemark>
        <styleUrl>#caution</styleUrl>
        <Polygon>
            <outerBoundaryIs>
                <LinearRing>
                    <coordinates>
                        77.8,6.0,0
                        78.0,6.0,0
                        78.0,6.2,0
                        77.8,6.2,0
                        77.8,6.0,0
                    </coordinates>
                </LinearRing>
            </outerBoundaryIs>
        </Polygon>
    </Placemark>
    <Placemark>
        <styleUrl>#caution</styleUrl>
        <Polygon>
            <outerBoundaryIs>
                <LinearRing>
                    <coordinates>
                        78.0,6.0,0
                        78.2,6.0,0
                        78.2,6.2,0
                        78.0,6.2,0
                        78.0,6.0,0
                    </coordinates>
                </LinearRing>
            </outerBoundaryIs>
        </Polygon>
    </Placemark>
    <Placemark>
        <styleUrl>#caution</styleUrl>
        <Polygon>
            <outerBoundaryIs>
                <LinearRing>
                    <coordinates>
                        78.2,6.0,0
                        78.4,6.0,0
                        78.4,6.2,0
                        78.2,6.2,0
                        78.2,6.0,0
                    </coordinates>
                </LinearRing>
            </outerBoundaryIs>
        </Polygon>
    </Placemark>
    <Placemark>
        <styleUrl>#caution</styleUrl>
        <Polygon>
            <outerBoundaryIs>
                <LinearRing>
                    <coordinates>
                        78.4,6.0,0
                        78.60000000000001,6.0,0
                        78.60000000000001,6.2,0
                        78.4,6.2,0
                        78.4,6.0,0
                    </coordinates>
                </LinearRing>
            </outerBoundaryIs>
        </Polygon>
    </Placemark>
    <Placemark>
        <styleUrl>#caution</styleUrl>
        <Polygon>
            <outerBoundaryIs>
                <LinearRing>
                    <coordinates>
                        78.6,6.0,0
                        78.8,6.0,0
                        78.8,6.2,0
                        78.6,6.2,0
                        78.6,6.0,0
                    </coordinates>
                </LinearRing>
            </outerBoundaryIs>
        </Polygon>
    </Placemark>
    <Placemark>
        <styleUrl>#caution</styleUrl>
        <Polygon>
            <outerBoundaryIs>
                <LinearRing>
                    <coordinates>
                        78.8,6.0,0
                        79.0,6.0,0
                        79.0,6.2,0
                        78.8,6.2,0
                        78.8,6.0,0
                    </coordinates>
                </LinearRing>
            </outerBoundaryIs>
        </Polygon>
    </Placemark>
    <Placemark>
        <styleUrl>#caution</styleUrl>
        <Polygon>
            <outerBoundaryIs>
                <LinearRing>
                    <coordinates>
                        79.0,6.0,0
                        79.2,6.0,0
                        79.2,6.2,0
                        79.0,6.2,0
                        79.0,6.0,0
                    </coordinates>
                </LinearRing>
            </outerBoundaryIs>
        </Polygon>
    </Placemark>
    <Placemark>
        <styleUrl>#caution</styleUrl>
        <Polygon>
            <outerBoundaryIs>
                <LinearRing>
                    <coordinates>
                        79.2,6.0,0
                        79.4,6.0,0
                        79.4,6.2,0
                        79.2,6.2,0
                        79.2,6.0,0
                    </coordinates>
                </LinearRing>
            </outerBoundaryIs>
        </Polygon>
    </Placemark>
    <Placemark>
        <styleUrl>#caution</styleUrl>
        <Polygon>
            <outerBoundaryIs>
                <LinearRing>
                    <coordinates>
                        79.4,6.0,0
                        79.60000000000001,6.0,0
                        79.60000000000001,6.2,0
                        79.4,6.2,0
                        79.4,6.0,0
                    </coordinates>
                </LinearRing>
            </outerBoundaryIs>
        </Polygon>
    </Placemark>
    <Placemark>
        <styleUrl>#caution</styleUrl>
        <Polygon>
            <outerBoundaryIs>
                <LinearRing>
                    <coordinates>
                        79.6,6.0,0
                        79.8,6.0,0
                        79.8,6.2,0
                        79.6,6.2,0
                        79.6,6.0,0
                    </coordinates>
                </LinearRing>
            </outerBoundaryIs>
        </Polygon>
    </Placemark>
    <Placemark>
        <styleUrl>#caution</styleUrl>
        <Polygon>
            <outerBoundaryIs>
                <LinearRing>
                    <coordinates>
                        79.8,6.0,0
                        80.0,6.0,0
                        80.0,6.2,0
                        79.8,6.2,0
                        79.8,6.0,0
                    </coordinates>
                </LinearRing>
            </outerBoundaryIs>
        </Polygon>
    </Placemark>
    <Placemark>
        <styleUrl>#caution</styleUrl>
        <Polygon>
            <outerBoundaryIs>
                <LinearRing>
                    <coordinates>
                        80.0,6.0,0
                        80.2,6.0,0
                        80.2,6.2,0
                        80.0,6.2,0
                        80.0,6.0,0
                    </coordinates>
                </LinearRing>
            </outerBoundaryIs>
        </Polygon>
    </Placemark>
    <Placemark>
        <styleUrl>#caution</styleUrl>
        <Polygon>
            <outerBoundaryIs>
                <LinearRing>
                    <coordinates>
                        80.2,6.0,0
                        80.4,6.0,0
                        80.4,6.2,0
                        80.2,6.2,0
                        80.2,6.0,0
                    </coordinates>
                </LinearRing>
            </outerBoundaryIs>
        </Polygon>
    </Placemark>
    <Placemark>
        <styleUrl>#caution</styleUrl>
        <Polygon>
            <outerBoundaryIs>
                <LinearRing>
                    <coordinates>
                        80.4,6.0,0
                        80.60000000000001,6.0,0
                        80.60000000000001,6.2,0
                        80.4,6.2,0
                        80.4,6.0,0
                    </coordinates>
                </LinearRing>
            </outerBoundaryIs>
        </Polygon>
    </Placemark>
    <Placemark>
        <styleUrl>#caution</styleUrl>
        <Polygon>
            <outerBoundaryIs>
                <LinearRing>
                    <coordinates>
                        80.6,6.0,0
                        80.8,6.0,0
                        80.8,6.2,0
                        80.6,6.2,0
                        80.6,6.0,0
                    </coordinates>
                </LinearRing>
            </outerBoundaryIs>
        </Polygon>
    </Placemark>
    <Placemark>
        <styleUrl>#caution</styleUrl>
        <Polygon>
            <outerBoundaryIs>
                <LinearRing>
                    <coordinates>
                        80.8,6.0,0
                        81.0,6.0,0
                        81.0,6.2,0
                        80.8,6.2,0
                        80.8,6.0,0
                    </coordinates>
                </LinearRing>
            </outerBoundaryIs>
        </Polygon>
    </Placemark>
    <Placemark>
        <styleUrl>#caution</styleUrl>
        <Polygon>
            <outerBoundaryIs>
                <LinearRing>
                    <coordinates>
                        81.0,6.0,0
                        81.2,6.0,0
                        81.2,6.2,0
                        81.0,6.2,0
                        81.0,6.0,0
                    </coordinates>
                </LinearRing>
            </outerBoundaryIs>
        </Polygon>
    </Placemark>
    <Placemark>
        <styleUrl>#caution</styleUrl>
        <Polygon>
            <outerBoundaryIs>
                <LinearRing>
                    <coordinates>
                        81.2,6.0,0
                        81.4,6.0,0
                        81.4,6.2,0
                        81.2,6.2,0
                        81.2,6.0,0
                    </coordinates>
                </LinearRing>
            </outerBoundaryIs>
        </Polygon>
    </Placemark>
    <Placemark>
        <styleUrl>#caution</styleUrl>
        <Polygon>
            <outerBoundaryIs>
                <LinearRing>
                    <coordinates>
                        81.4,6.0,0
                        81.60000000000001,6.0,0
                        81.60000000000001,6.2,0
                        81.4,6.2,0
                        81.4,6.0,0
                    </coordinates>
                </LinearRing>
            </outerBoundaryIs>
        </Polygon>
    </Placemark>
    <Placemark>
        <styleUrl>#caution</styleUrl>
        <Polygon>
            <outerBoundaryIs>
                <LinearRing>
                    <coordinates>
                        81.6,6.0,0
                        81.8,6.0,0
                        81.8,6.2,0
                        81.6,6.2,0
                        81.6,6.0,0
                    </coordinates>
                </LinearRing>
            </outerBoundaryIs>
        </Polygon>
    </Placemark>
    <Placemark>
        <styleUrl>#caution</styleUrl>
        <Polygon>
            <outerBoundaryIs>
                <LinearRing>
                    <coordinates>
                        81.8,6.0,0
                        82.0,6.0,0
                        82.0,6.2,0
                        81.8,6.2,0
                        81.8,6.0,0
                    </coordinates>
                </LinearRing>
            </outerBoundaryIs>
        </Polygon>
    </Placemark>
    <Placemark>
        <styleUrl>#caution</styleUrl>
        <Polygon>
            <outerBoundaryIs>
                <LinearRing>
                    <coordinates>
                        82.0,6.0,0
                        82.2,6.0,0
                        82.2,6.2,0
                        82.0,6.2,0
                        82.0,6.0,0
                    </coordinates>
                </LinearRing>
            </outerBoundaryIs>
        </Polygon>
    </Placemark>
    <Placemark>
        <styleUrl>#caution</styleUrl>
        <Polygon>
            <outerBoundaryIs>
                <LinearRing>
                    <coordinates>
                        82.2,6.0,0
                        82.4,6.0,0
                        82.4,6.2,0
                        82.2,6.2,0
                        82.2,6.0,0
                    </coordinates>
                </LinearRing>
            </outerBoundaryIs>
        </Polygon>
    </Placemark>
    <Placemark>
        <styleUrl>#caution</styleUrl>
        <Polygon>
            <outerBoundaryIs>
                <LinearRing>
                    <coordinates>
                        82.4,6.0,0
                        82.60000000000001,6.0,0
                        82.60000000000001,6.2,0
                        82.4,6.2,0
                        82.4,6.0,0
                    </coordinates>
                </LinearRing>
            </outerBoundaryIs>
        </Polygon>
    </Placemark>
    <Placemark>
        <styleUrl>#caution</styleUrl>
        <Polygon>
            <outerBoundaryIs>
                <LinearRing>
                    <coordinates>
                        82.6,6.0,0
                        82.8,6.0,0
                        82.8,6.2,0
                        82.6,6.2,0
                        82.6,6.0,0
                    </coordinates>
                </LinearRing>
            </outerBoundaryIs>
        </Polygon>
    </Placemark>
    <Placemark>
        <styleUrl>#caution</styleUrl>
        <Polygon>
            <outerBoundaryIs>
                <LinearRing>
                    <coordinates>
                        82.8,6.0,0
                        83.0,6.0,0
                        83.0,6.2,0
                        82.8,6.2,0
                        82.8,6.0,0
                    </coordinates>
                </LinearRing>
            </outerBoundaryIs>
        </Polygon>
    </Placemark>
    <Placemark>
        <styleUrl>#caution</styleUrl>
        <Polygon>
            <outerBoundaryIs>
                <LinearRing>
                    <coordinates>
                        83.0,6.0,0
                        83.2,6.0,0
                        83.2,6.2,0
                        83.0,6.2,0
                        83.0,6.0,0
                    </coordinates>
                </LinearRing>
            </outerBoundaryIs>
        </Polygon>
    </Placemark>
    <Placemark>
        <styleUrl>#caution</styleUrl>
        <Polygon>
            <outerBoundaryIs>
                <LinearRing>
                    <coordinates>
                        83.2,6.0,0
                        83.4,6.0,0
                        83.4,6.2,0
                        83.2,6.2,0
                        83.2,6.0,0
                    </coordinates>
                </LinearRing>
            </outerBoundaryIs>
        </Polygon>
    </Placemark>
    <Placemark>
        <styleUrl>#caution</styleUrl>
        <Polygon>
            <outerBoundaryIs>
                <LinearRing>
                    <coordinates>
                        83.4,6.0,0
                        83.60000000000001,6.0,0
                        83.60000000000001,6.2,0
                        83.4,6.2,0
                        83.4,6.0,0
                    </coordinates>
                </LinearRing>
            </outerBoundaryIs>
        </Polygon>
    </Placemark>
    <Placemark>
        <styleUrl>#caution</styleUrl>
        <Polygon>
            <outerBoundaryIs>
                <LinearRing>
                    <coordinates>
                        83.6,6.0,0
                        83.8,6.0,0
                        83.8,6.2,0
                        83.6,6.2,0
                        83.6,6.0,0
                    </coordinates>
                </LinearRing>
            </outerBoundaryIs>
        </Polygon>
    </Placemark>
    <Placemark>
        <styleUrl>#caution</styleUrl>
        <Polygon>
            <outerBoundaryIs>
                <LinearRing>
                    <coordinates>
                        83.8,6.0,0
                        84.0,6.0,0
                        84.0,6.2,0
                        83.8,6.2,0
                        83.8,6.0,0
                    </coordinates>
                </LinearRing>
            </outerBoundaryIs>
        </Polygon>
    </Placemark>
    <Placemark>
        <styleUrl>#caution</styleUrl>
        <Polygon>
            <outerBoundaryIs>
                <LinearRing>
                    <coordinates>
                        84.0,6.0,0
                        84.2,6.0,0
                        84.2,6.2,0
                        84.0,6.2,0
                        84.0,6.0,0
                    </coordinates>
                </LinearRing>
            </outerBoundaryIs>
        </Polygon>
    </Placemark>
    <Placemark>
        <styleUrl>#caution</styleUrl>
        <Polygon>
            <outerBoundaryIs>
                <LinearRing>
                    <coordinates>
                        84.2,6.0,0
                        84.4,6.0,0
                        84.4,6.2,0
                        84.2,6.2,0
                        84.2,6.0,0
                    </coordinates>
                </LinearRing>
            </outerBoundaryIs>
        </Polygon>
    </Placemark>
    <Placemark>
        <styleUrl>#caution</styleUrl>
        <Polygon>
            <outerBoundaryIs>
                <LinearRing>
                    <coordinates>
                        84.4,6.0,0
                        84.60000000000001,6.0,0
                        84.60000000000001,6.2,0
                        84.4,6.2,0
                        84.4,6.0,0
                    </coordinates>
                </LinearRing>
            </outerBoundaryIs>
        </Polygon>
    </Placemark>
    <Placemark>
        <styleUrl>#caution</styleUrl>
        <Polygon>
            <outerBoundaryIs>
                <LinearRing>
                    <coordinates>
                        84.6,6.0,0
                        84.8,6.0,0
                        84.8,6.2,0
                        84.6,6.2,0
                        84.6,6.0,0
                    </coordinates>
                </LinearRing>
            </outerBoundaryIs>
        </Polygon>
    </Placemark>
    <Placemark>
        <styleUrl>#caution</styleUrl>
        <Polygon>
            <outerBoundaryIs>
                <LinearRing>
                    <coordinates>
                        65.0,6.2,0
                        65.2,6.2,0
                        65.2,6.4,0
                        65.0,6.4,0
                        65.0,6.2,0
                    </coordinates>
                </LinearRing>
            </outerBoundaryIs>
        </Polygon>
    </Placemark>
    <Placemark>
        <styleUrl>#caution</styleUrl>
        <Polygon>
            <outerBoundaryIs>
                <LinearRing>
                    <coordinates>
                        65.2,6.2,0
                        65.4,6.2,0
                        65.4,6.4,0
                        65.2,6.4,0
                        65.2,6.2,0
                    </coordinates>
                </LinearRing>
            </outerBoundaryIs>
        </Polygon>
    </Placemark>
    <Placemark>
        <styleUrl>#caution</styleUrl>
        <Polygon>
            <outerBoundaryIs>
                <LinearRing>
                    <coordinates>
                        65.4,6.2,0
                        65.60000000000001,6.2,0
                        65.60000000000001,6.4,0
                        65.4,6.4,0
                        65.4,6.2,0
                    </coordinates>
                </LinearRing>
            </outerBoundaryIs>
        </Polygon>
    </Placemark>
    <Placemark>
        <styleUrl>#caution</styleUrl>
        <Polygon>
            <outerBoundaryIs>
                <LinearRing>
                    <coordinates>
                        65.6,6.2,0
                        65.8,6.2,0
                        65.8,6.4,0
                        65.6,6.4,0
                        65.6,6.2,0
                    </coordinates>
                </LinearRing>
            </outerBoundaryIs>
        </Polygon>
    </Placemark>
    <Placemark>
        <styleUrl>#caution</styleUrl>
        <Polygon>
            <outerBoundaryIs>
                <LinearRing>
                    <coordinates>
                        65.8,6.2,0
                        66.0,6.2,0
                        66.0,6.4,0
                        65.8,6.4,0
                        65.8,6.2,0
                    </coordinates>
                </LinearRing>
            </outerBoundaryIs>
        </Polygon>
    </Placemark>
    <Placemark>
        <styleUrl>#caution</styleUrl>
        <Polygon>
            <outerBoundaryIs>
                <LinearRing>
                    <coordinates>
                        66.0,6.2,0
                        66.2,6.2,0
                        66.2,6.4,0
                        66.0,6.4,0
                        66.0,6.2,0
                    </coordinates>
                </LinearRing>
            </outerBoundaryIs>
        </Polygon>
    </Placemark>
    <Placemark>
        <styleUrl>#caution</styleUrl>
        <Polygon>
            <outerBoundaryIs>
                <LinearRing>
                    <coordinates>
                        66.2,6.2,0
                        66.4,6.2,0
                        66.4,6.4,0
                        66.2,6.4,0
                        66.2,6.2,0
                    </coordinates>
                </LinearRing>
            </outerBoundaryIs>
        </Polygon>
    </Placemark>
    <Placemark>
        <styleUrl>#caution</styleUrl>
        <Polygon>
            <outerBoundaryIs>
                <LinearRing>
                    <coordinates>
                        66.4,6.2,0
                        66.60000000000001,6.2,0
                        66.60000000000001,6.4,0
                        66.4,6.4,0
                        66.4,6.2,0
                    </coordinates>
                </LinearRing>
            </outerBoundaryIs>
        </Polygon>
    </Placemark>
    <Placemark>
        <styleUrl>#caution</styleUrl>
        <Polygon>
            <outerBoundaryIs>
                <LinearRing>
                    <coordinates>
                        66.6,6.2,0
                        66.8,6.2,0
                        66.8,6.4,0
                        66.6,6.4,0
                        66.6,6.2,0
                    </coordinates>
                </LinearRing>
            </outerBoundaryIs>
        </Polygon>
    </Placemark>
    <Placemark>
        <styleUrl>#caution</styleUrl>
        <Polygon>
            <outerBoundaryIs>
                <LinearRing>
                    <coordinates>
                        66.8,6.2,0
                        67.0,6.2,0
                        67.0,6.4,0
                        66.8,6.4,0
                        66.8,6.2,0
                    </coordinates>
                </LinearRing>
            </outerBoundaryIs>
        </Polygon>
    </Placemark>
    <Placemark>
        <styleUrl>#caution</styleUrl>
        <Polygon>
            <outerBoundaryIs>
                <LinearRing>
                    <coordinates>
                        67.0,6.2,0
                        67.2,6.2,0
                        67.2,6.4,0
                        67.0,6.4,0
                        67.0,6.2,0
                    </coordinates>
                </LinearRing>
            </outerBoundaryIs>
        </Polygon>
    </Placemark>
    <Placemark>
        <styleUrl>#caution</styleUrl>
        <Polygon>
            <outerBoundaryIs>
                <LinearRing>
                    <coordinates>
                        67.2,6.2,0
                        67.4,6.2,0
                        67.4,6.4,0
                        67.2,6.4,0
                        67.2,6.2,0
                    </coordinates>
                </LinearRing>
            </outerBoundaryIs>
        </Polygon>
    </Placemark>
    <Placemark>
        <styleUrl>#caution</styleUrl>
        <Polygon>
            <outerBoundaryIs>
                <LinearRing>
                    <coordinates>
                        67.4,6.2,0
                        67.60000000000001,6.2,0
                        67.60000000000001,6.4,0
                        67.4,6.4,0
                        67.4,6.2,0
                    </coordinates>
                </LinearRing>
            </outerBoundaryIs>
        </Polygon>
    </Placemark>
    <Placemark>
        <styleUrl>#caution</styleUrl>
        <Polygon>
            <outerBoundaryIs>
                <LinearRing>
                    <coordinates>
                        67.6,6.2,0
                        67.8,6.2,0
                        67.8,6.4,0
                        67.6,6.4,0
                        67.6,6.2,0
                    </coordinates>
                </LinearRing>
            </outerBoundaryIs>
        </Polygon>
    </Placemark>
    <Placemark>
        <styleUrl>#caution</styleUrl>
        <Polygon>
            <outerBoundaryIs>
                <LinearRing>
                    <coordinates>
                        67.8,6.2,0
                        68.0,6.2,0
                        68.0,6.4,0
                        67.8,6.4,0
                        67.8,6.2,0
                    </coordinates>
                </LinearRing>
            </outerBoundaryIs>
        </Polygon>
    </Placemark>
    <Placemark>
        <styleUrl>#caution</styleUrl>
        <Polygon>
            <outerBoundaryIs>
                <LinearRing>
                    <coordinates>
                        68.0,6.2,0
                        68.2,6.2,0
                        68.2,6.4,0
                        68.0,6.4,0
                        68.0,6.2,0
                    </coordinates>
                </LinearRing>
            </outerBoundaryIs>
        </Polygon>
    </Placemark>
    <Placemark>
        <styleUrl>#caution</styleUrl>
        <Polygon>
            <outerBoundaryIs>
                <LinearRing>
                    <coordinates>
                        68.2,6.2,0
                        68.4,6.2,0
                        68.4,6.4,0
                        68.2,6.4,0
                        68.2,6.2,0
                    </coordinates>
                </LinearRing>
            </outerBoundaryIs>
        </Polygon>
    </Placemark>
    <Placemark>
        <styleUrl>#caution</styleUrl>
        <Polygon>
            <outerBoundaryIs>
                <LinearRing>
                    <coordinates>
                        68.4,6.2,0
                        68.60000000000001,6.2,0
                        68.60000000000001,6.4,0
                        68.4,6.4,0
                        68.4,6.2,0
                    </coordinates>
                </LinearRing>
            </outerBoundaryIs>
        </Polygon>
    </Placemark>
    <Placemark>
        <styleUrl>#caution</styleUrl>
        <Polygon>
            <outerBoundaryIs>
                <LinearRing>
                    <coordinates>
                        68.6,6.2,0
                        68.8,6.2,0
                        68.8,6.4,0
                        68.6,6.4,0
                        68.6,6.2,0
                    </coordinates>
                </LinearRing>
            </outerBoundaryIs>
        </Polygon>
    </Placemark>
    <Placemark>
        <styleUrl>#caution</styleUrl>
        <Polygon>
            <outerBoundaryIs>
                <LinearRing>
                    <coordinates>
                        68.8,6.2,0
                        69.0,6.2,0
                        69.0,6.4,0
                        68.8,6.4,0
                        68.8,6.2,0
                    </coordinates>
                </LinearRing>
            </outerBoundaryIs>
        </Polygon>
    </Placemark>
    <Placemark>
        <styleUrl>#caution</styleUrl>
        <Polygon>
            <outerBoundaryIs>
                <LinearRing>
                    <coordinates>
                        69.0,6.2,0
                        69.2,6.2,0
                        69.2,6.4,0
                        69.0,6.4,0
                        69.0,6.2,0
                    </coordinates>
                </LinearRing>
            </outerBoundaryIs>
        </Polygon>
    </Placemark>
    <Placemark>
        <styleUrl>#caution</styleUrl>
        <Polygon>
            <outerBoundaryIs>
                <LinearRing>
                    <coordinates>
                        69.2,6.2,0
                        69.4,6.2,0
                        69.4,6.4,0
                        69.2,6.4,0
                        69.2,6.2,0
                    </coordinates>
                </LinearRing>
            </outerBoundaryIs>
        </Polygon>
    </Placemark>
    <Placemark>
        <styleUrl>#caution</styleUrl>
        <Polygon>
            <outerBoundaryIs>
                <LinearRing>
                    <coordinates>
                        69.4,6.2,0
                        69.60000000000001,6.2,0
                        69.60000000000001,6.4,0
                        69.4,6.4,0
                        69.4,6.2,0
                    </coordinates>
                </LinearRing>
            </outerBoundaryIs>
        </Polygon>
    </Placemark>
    <Placemark>
        <styleUrl>#caution</styleUrl>
        <Polygon>
            <outerBoundaryIs>
                <LinearRing>
                    <coordinates>
                        69.6,6.2,0
                        69.8,6.2,0
                        69.8,6.4,0
                        69.6,6.4,0
                        69.6,6.2,0
                    </coordinates>
                </LinearRing>
            </outerBoundaryIs>
        </Polygon>
    </Placemark>
    <Placemark>
        <styleUrl>#caution</styleUrl>
        <Polygon>
            <outerBoundaryIs>
                <LinearRing>
                    <coordinates>
                        69.8,6.2,0
                        70.0,6.2,0
                        70.0,6.4,0
                        69.8,6.4,0
                        69.8,6.2,0
                    </coordinates>
                </LinearRing>
            </outerBoundaryIs>
        </Polygon>
    </Placemark>
    <Placemark>
        <styleUrl>#caution</styleUrl>
        <Polygon>
            <outerBoundaryIs>
                <LinearRing>
                    <coordinates>
                        70.0,6.2,0
                        70.2,6.2,0
                        70.2,6.4,0
                        70.0,6.4,0
                        70.0,6.2,0
                    </coordinates>
                </LinearRing>
            </outerBoundaryIs>
        </Polygon>
    </Placemark>
    <Placemark>
        <styleUrl>#caution</styleUrl>
        <Polygon>
            <outerBoundaryIs>
                <LinearRing>
                    <coordinates>
                        70.2,6.2,0
                        70.4,6.2,0
                        70.4,6.4,0
                        70.2,6.4,0
                        70.2,6.2,0
                    </coordinates>
                </LinearRing>
            </outerBoundaryIs>
        </Polygon>
    </Placemark>
    <Placemark>
        <styleUrl>#caution</styleUrl>
        <Polygon>
            <outerBoundaryIs>
                <LinearRing>
                    <coordinates>
                        70.4,6.2,0
                        70.60000000000001,6.2,0
                        70.60000000000001,6.4,0
                        70.4,6.4,0
                        70.4,6.2,0
                    </coordinates>
                </LinearRing>
            </outerBoundaryIs>
        </Polygon>
    </Placemark>
    <Placemark>
        <styleUrl>#caution</styleUrl>
        <Polygon>
            <outerBoundaryIs>
                <LinearRing>
                    <coordinates>
                        70.6,6.2,0
                        70.8,6.2,0
                        70.8,6.4,0
                        70.6,6.4,0
                        70.6,6.2,0
                    </coordinates>
                </LinearRing>
            </outerBoundaryIs>
        </Polygon>
    </Placemark>
    <Placemark>
        <styleUrl>#caution</styleUrl>
        <Polygon>
            <outerBoundaryIs>
                <LinearRing>
                    <coordinates>
                        70.8,6.2,0
                        71.0,6.2,0
                        71.0,6.4,0
                        70.8,6.4,0
                        70.8,6.2,0
                    </coordinates>
                </LinearRing>
            </outerBoundaryIs>
        </Polygon>
    </Placemark>
    <Placemark>
        <styleUrl>#caution</styleUrl>
        <Polygon>
            <outerBoundaryIs>
                <LinearRing>
                    <coordinates>
                        71.0,6.2,0
                        71.2,6.2,0
                        71.2,6.4,0
                        71.0,6.4,0
                        71.0,6.2,0
                    </coordinates>
                </LinearRing>
            </outerBoundaryIs>
        </Polygon>
    </Placemark>
    <Placemark>
        <styleUrl>#caution</styleUrl>
        <Polygon>
            <outerBoundaryIs>
                <LinearRing>
                    <coordinates>
                        71.2,6.2,0
                        71.4,6.2,0
                        71.4,6.4,0
                        71.2,6.4,0
                        71.2,6.2,0
                    </coordinates>
                </LinearRing>
            </outerBoundaryIs>
        </Polygon>
    </Placemark>
    <Placemark>
        <styleUrl>#caution</styleUrl>
        <Polygon>
            <outerBoundaryIs>
                <LinearRing>
                    <coordinates>
                        71.4,6.2,0
                        71.60000000000001,6.2,0
                        71.60000000000001,6.4,0
                        71.4,6.4,0
                        71.4,6.2,0
                    </coordinates>
                </LinearRing>
            </outerBoundaryIs>
        </Polygon>
    </Placemark>
    <Placemark>
        <styleUrl>#caution</styleUrl>
        <Polygon>
            <outerBoundaryIs>
                <LinearRing>
                    <coordinates>
                        71.6,6.2,0
                        71.8,6.2,0
                        71.8,6.4,0
                        71.6,6.4,0
                        71.6,6.2,0
                    </coordinates>
                </LinearRing>
            </outerBoundaryIs>
        </Polygon>
    </Placemark>
    <Placemark>
        <styleUrl>#caution</styleUrl>
        <Polygon>
            <outerBoundaryIs>
                <LinearRing>
                    <coordinates>
                        71.8,6.2,0
                        72.0,6.2,0
                        72.0,6.4,0
                        71.8,6.4,0
                        71.8,6.2,0
                    </coordinates>
                </LinearRing>
            </outerBoundaryIs>
        </Polygon>
    </Placemark>
    <Placemark>
        <styleUrl>#caution</styleUrl>
        <Polygon>
            <outerBoundaryIs>
                <LinearRing>
                    <coordinates>
                        72.0,6.2,0
                        72.2,6.2,0
                        72.2,6.4,0
                        72.0,6.4,0
                        72.0,6.2,0
                    </coordinates>
                </LinearRing>
            </outerBoundaryIs>
        </Polygon>
    </Placemark>
    <Placemark>
        <styleUrl>#caution</styleUrl>
        <Polygon>
            <outerBoundaryIs>
                <LinearRing>
                    <coordinates>
                        72.2,6.2,0
                        72.4,6.2,0
                        72.4,6.4,0
                        72.2,6.4,0
                        72.2,6.2,0
                    </coordinates>
                </LinearRing>
            </outerBoundaryIs>
        </Polygon>
    </Placemark>
    <Placemark>
        <styleUrl>#caution</styleUrl>
        <Polygon>
            <outerBoundaryIs>
                <LinearRing>
                    <coordinates>
                        72.4,6.2,0
                        72.60000000000001,6.2,0
                        72.60000000000001,6.4,0
                        72.4,6.4,0
                        72.4,6.2,0
                    </coordinates>
                </LinearRing>
            </outerBoundaryIs>
        </Polygon>
    </Placemark>
    <Placemark>
        <styleUrl>#caution</styleUrl>
        <Polygon>
            <outerBoundaryIs>
                <LinearRing>
                    <coordinates>
                        72.6,6.2,0
                        72.8,6.2,0
                        72.8,6.4,0
                        72.6,6.4,0
                        72.6,6.2,0
                    </coordinates>
                </LinearRing>
            </outerBoundaryIs>
        </Polygon>
    </Placemark>
    <Placemark>
        <styleUrl>#caution</styleUrl>
        <Polygon>
            <outerBoundaryIs>
                <LinearRing>
                    <coordinates>
                        72.8,6.2,0
                        73.0,6.2,0
                        73.0,6.4,0
                        72.8,6.4,0
                        72.8,6.2,0
                    </coordinates>
                </LinearRing>
            </outerBoundaryIs>
        </Polygon>
    </Placemark>
    <Placemark>
        <styleUrl>#caution</styleUrl>
        <Polygon>
            <outerBoundaryIs>
                <LinearRing>
                    <coordinates>
                        73.0,6.2,0
                        73.2,6.2,0
                        73.2,6.4,0
                        73.0,6.4,0
                        73.0,6.2,0
                    </coordinates>
                </LinearRing>
            </outerBoundaryIs>
        </Polygon>
    </Placemark>
    <Placemark>
        <styleUrl>#caution</styleUrl>
        <Polygon>
            <outerBoundaryIs>
                <LinearRing>
                    <coordinates>
                        73.2,6.2,0
                        73.4,6.2,0
                        73.4,6.4,0
                        73.2,6.4,0
                        73.2,6.2,0
                    </coordinates>
                </LinearRing>
            </outerBoundaryIs>
        </Polygon>
    </Placemark>
    <Placemark>
        <styleUrl>#caution</styleUrl>
        <Polygon>
            <outerBoundaryIs>
                <LinearRing>
                    <coordinates>
                        73.4,6.2,0
                        73.60000000000001,6.2,0
                        73.60000000000001,6.4,0
                        73.4,6.4,0
                        73.4,6.2,0
                    </coordinates>
                </LinearRing>
            </outerBoundaryIs>
        </Polygon>
    </Placemark>
    <Placemark>
        <styleUrl>#caution</styleUrl>
        <Polygon>
            <outerBoundaryIs>
                <LinearRing>
                    <coordinates>
                        73.6,6.2,0
                        73.8,6.2,0
                        73.8,6.4,0
                        73.6,6.4,0
                        73.6,6.2,0
                    </coordinates>
                </LinearRing>
            </outerBoundaryIs>
        </Polygon>
    </Placemark>
    <Placemark>
        <styleUrl>#caution</styleUrl>
        <Polygon>
            <outerBoundaryIs>
                <LinearRing>
                    <coordinates>
                        73.8,6.2,0
                        74.0,6.2,0
                        74.0,6.4,0
                        73.8,6.4,0
                        73.8,6.2,0
                    </coordinates>
                </LinearRing>
            </outerBoundaryIs>
        </Polygon>
    </Placemark>
    <Placemark>
        <styleUrl>#caution</styleUrl>
        <Polygon>
            <outerBoundaryIs>
                <LinearRing>
                    <coordinates>
                        74.0,6.2,0
                        74.2,6.2,0
                        74.2,6.4,0
                        74.0,6.4,0
                        74.0,6.2,0
                    </coordinates>
                </LinearRing>
            </outerBoundaryIs>
        </Polygon>
    </Placemark>
    <Placemark>
        <styleUrl>#caution</styleUrl>
        <Polygon>
            <outerBoundaryIs>
                <LinearRing>
                    <coordinates>
                        74.2,6.2,0
                        74.4,6.2,0
                        74.4,6.4,0
                        74.2,6.4,0
                        74.2,6.2,0
                    </coordinates>
                </LinearRing>
            </outerBoundaryIs>
        </Polygon>
    </Placemark>
    <Placemark>
        <styleUrl>#caution</styleUrl>
        <Polygon>
            <outerBoundaryIs>
                <LinearRing>
                    <coordinates>
                        74.4,6.2,0
                        74.60000000000001,6.2,0
                        74.60000000000001,6.4,0
                        74.4,6.4,0
                        74.4,6.2,0
                    </coordinates>
                </LinearRing>
            </outerBoundaryIs>
        </Polygon>
    </Placemark>
    <Placemark>
        <styleUrl>#caution</styleUrl>
        <Polygon>
            <outerBoundaryIs>
                <LinearRing>
                    <coordinates>
                        74.6,6.2,0
                        74.8,6.2,0
                        74.8,6.4,0
                        74.6,6.4,0
                        74.6,6.2,0
                    </coordinates>
                </LinearRing>
            </outerBoundaryIs>
        </Polygon>
    </Placemark>
    <Placemark>
        <styleUrl>#caution</styleUrl>
        <Polygon>
            <outerBoundaryIs>
                <LinearRing>
                    <coordinates>
                        74.8,6.2,0
                        75.0,6.2,0
                        75.0,6.4,0
                        74.8,6.4,0
                        74.8,6.2,0
                    </coordinates>
                </LinearRing>
            </outerBoundaryIs>
        </Polygon>
    </Placemark>
    <Placemark>
        <styleUrl>#caution</styleUrl>
        <Polygon>
            <outerBoundaryIs>
                <LinearRing>
                    <coordinates>
                        75.0,6.2,0
                        75.2,6.2,0
                        75.2,6.4,0
                        75.0,6.4,0
                        75.0,6.2,0
                    </coordinates>
                </LinearRing>
            </outerBoundaryIs>
        </Polygon>
    </Placemark>
    <Placemark>
        <styleUrl>#caution</styleUrl>
        <Polygon>
            <outerBoundaryIs>
                <LinearRing>
                    <coordinates>
                        75.2,6.2,0
                        75.4,6.2,0
                        75.4,6.4,0
                        75.2,6.4,0
                        75.2,6.2,0
                    </coordinates>
                </LinearRing>
            </outerBoundaryIs>
        </Polygon>
    </Placemark>
    <Placemark>
        <styleUrl>#caution</styleUrl>
        <Polygon>
            <outerBoundaryIs>
                <LinearRing>
                    <coordinates>
                        75.4,6.2,0
                        75.60000000000001,6.2,0
                        75.60000000000001,6.4,0
                        75.4,6.4,0
                        75.4,6.2,0
                    </coordinates>
                </LinearRing>
            </outerBoundaryIs>
        </Polygon>
    </Placemark>
    <Placemark>
        <styleUrl>#caution</styleUrl>
        <Polygon>
            <outerBoundaryIs>
                <LinearRing>
                    <coordinates>
                        75.6,6.2,0
                        75.8,6.2,0
                        75.8,6.4,0
                        75.6,6.4,0
                        75.6,6.2,0
                    </coordinates>
                </LinearRing>
            </outerBoundaryIs>
        </Polygon>
    </Placemark>
    <Placemark>
        <styleUrl>#caution</styleUrl>
        <Polygon>
            <outerBoundaryIs>
                <LinearRing>
                    <coordinates>
                        75.8,6.2,0
                        76.0,6.2,0
                        76.0,6.4,0
                        75.8,6.4,0
                        75.8,6.2,0
                    </coordinates>
                </LinearRing>
            </outerBoundaryIs>
        </Polygon>
    </Placemark>
    <Placemark>
        <styleUrl>#caution</styleUrl>
        <Polygon>
            <outerBoundaryIs>
                <LinearRing>
                    <coordinates>
                        76.0,6.2,0
                        76.2,6.2,0
                        76.2,6.4,0
                        76.0,6.4,0
                        76.0,6.2,0
                    </coordinates>
                </LinearRing>
            </outerBoundaryIs>
        </Polygon>
    </Placemark>
    <Placemark>
        <styleUrl>#caution</styleUrl>
        <Polygon>
            <outerBoundaryIs>
                <LinearRing>
                    <coordinates>
                        76.2,6.2,0
                        76.4,6.2,0
                        76.4,6.4,0
                        76.2,6.4,0
                        76.2,6.2,0
                    </coordinates>
                </LinearRing>
            </outerBoundaryIs>
        </Polygon>
    </Placemark>
    <Placemark>
        <styleUrl>#caution</styleUrl>
        <Polygon>
            <outerBoundaryIs>
                <LinearRing>
                    <coordinates>
                        76.4,6.2,0
                        76.60000000000001,6.2,0
                        76.60000000000001,6.4,0
                        76.4,6.4,0
                        76.4,6.2,0
                    </coordinates>
                </LinearRing>
            </outerBoundaryIs>
        </Polygon>
    </Placemark>
    <Placemark>
        <styleUrl>#caution</styleUrl>
        <Polygon>
            <outerBoundaryIs>
                <LinearRing>
                    <coordinates>
                        76.6,6.2,0
                        76.8,6.2,0
                        76.8,6.4,0
                        76.6,6.4,0
                        76.6,6.2,0
                    </coordinates>
                </LinearRing>
            </outerBoundaryIs>
        </Polygon>
    </Placemark>
    <Placemark>
        <styleUrl>#caution</styleUrl>
        <Polygon>
            <outerBoundaryIs>
                <LinearRing>
                    <coordinates>
                        76.8,6.2,0
                        77.0,6.2,0
                        77.0,6.4,0
                        76.8,6.4,0
                        76.8,6.2,0
                    </coordinates>
                </LinearRing>
            </outerBoundaryIs>
        </Polygon>
    </Placemark>
    <Placemark>
        <styleUrl>#caution</styleUrl>
        <Polygon>
            <outerBoundaryIs>
                <LinearRing>
                    <coordinates>
                        77.0,6.2,0
                        77.2,6.2,0
                        77.2,6.4,0
                        77.0,6.4,0
                        77.0,6.2,0
                    </coordinates>
                </LinearRing>
            </outerBoundaryIs>
        </Polygon>
    </Placemark>
    <Placemark>
        <styleUrl>#caution</styleUrl>
        <Polygon>
            <outerBoundaryIs>
                <LinearRing>
                    <coordinates>
                        77.2,6.2,0
                        77.4,6.2,0
                        77.4,6.4,0
                        77.2,6.4,0
                        77.2,6.2,0
                    </coordinates>
                </LinearRing>
            </outerBoundaryIs>
        </Polygon>
    </Placemark>
    <Placemark>
        <styleUrl>#caution</styleUrl>
        <Polygon>
            <outerBoundaryIs>
                <LinearRing>
                    <coordinates>
                        77.4,6.2,0
                        77.60000000000001,6.2,0
                        77.60000000000001,6.4,0
                        77.4,6.4,0
                        77.4,6.2,0
                    </coordinates>
                </LinearRing>
            </outerBoundaryIs>
        </Polygon>
    </Placemark>
    <Placemark>
        <styleUrl>#caution</styleUrl>
        <Polygon>
            <outerBoundaryIs>
                <LinearRing>
                    <coordinates>
                        77.6,6.2,0
                        77.8,6.2,0
                        77.8,6.4,0
                        77.6,6.4,0
                        77.6,6.2,0
                    </coordinates>
                </LinearRing>
            </outerBoundaryIs>
        </Polygon>
    </Placemark>
    <Placemark>
        <styleUrl>#caution</styleUrl>
        <Polygon>
            <outerBoundaryIs>
                <LinearRing>
                    <coordinates>
                        77.8,6.2,0
                        78.0,6.2,0
                        78.0,6.4,0
                        77.8,6.4,0
                        77.8,6.2,0
                    </coordinates>
                </LinearRing>
            </outerBoundaryIs>
        </Polygon>
    </Placemark>
    <Placemark>
        <styleUrl>#caution</styleUrl>
        <Polygon>
            <outerBoundaryIs>
                <LinearRing>
                    <coordinates>
                        78.0,6.2,0
                        78.2,6.2,0
                        78.2,6.4,0
                        78.0,6.4,0
                        78.0,6.2,0
                    </coordinates>
                </LinearRing>
            </outerBoundaryIs>
        </Polygon>
    </Placemark>
    <Placemark>
        <styleUrl>#caution</styleUrl>
        <Polygon>
            <outerBoundaryIs>
                <LinearRing>
                    <coordinates>
                        78.2,6.2,0
                        78.4,6.2,0
                        78.4,6.4,0
                        78.2,6.4,0
                        78.2,6.2,0
                    </coordinates>
                </LinearRing>
            </outerBoundaryIs>
        </Polygon>
    </Placemark>
    <Placemark>
        <styleUrl>#caution</styleUrl>
        <Polygon>
            <outerBoundaryIs>
                <LinearRing>
                    <coordinates>
                        78.4,6.2,0
                        78.60000000000001,6.2,0
                        78.60000000000001,6.4,0
                        78.4,6.4,0
                        78.4,6.2,0
                    </coordinates>
                </LinearRing>
            </outerBoundaryIs>
        </Polygon>
    </Placemark>
    <Placemark>
        <styleUrl>#caution</styleUrl>
        <Polygon>
            <outerBoundaryIs>
                <LinearRing>
                    <coordinates>
                        78.6,6.2,0
                        78.8,6.2,0
                        78.8,6.4,0
                        78.6,6.4,0
                        78.6,6.2,0
                    </coordinates>
                </LinearRing>
            </outerBoundaryIs>
        </Polygon>
    </Placemark>
    <Placemark>
        <styleUrl>#caution</styleUrl>
        <Polygon>
            <outerBoundaryIs>
                <LinearRing>
                    <coordinates>
                        78.8,6.2,0
                        79.0,6.2,0
                        79.0,6.4,0
                        78.8,6.4,0
                        78.8,6.2,0
                    </coordinates>
                </LinearRing>
            </outerBoundaryIs>
        </Polygon>
    </Placemark>
    <Placemark>
        <styleUrl>#caution</styleUrl>
        <Polygon>
            <outerBoundaryIs>
                <LinearRing>
                    <coordinates>
                        79.0,6.2,0
                        79.2,6.2,0
                        79.2,6.4,0
                        79.0,6.4,0
                        79.0,6.2,0
                    </coordinates>
                </LinearRing>
            </outerBoundaryIs>
        </Polygon>
    </Placemark>
    <Placemark>
        <styleUrl>#caution</styleUrl>
        <Polygon>
            <outerBoundaryIs>
                <LinearRing>
                    <coordinates>
                        79.2,6.2,0
                        79.4,6.2,0
                        79.4,6.4,0
                        79.2,6.4,0
                        79.2,6.2,0
                    </coordinates>
                </LinearRing>
            </outerBoundaryIs>
        </Polygon>
    </Placemark>
    <Placemark>
        <styleUrl>#caution</styleUrl>
        <Polygon>
            <outerBoundaryIs>
                <LinearRing>
                    <coordinates>
                        79.4,6.2,0
                        79.60000000000001,6.2,0
                        79.60000000000001,6.4,0
                        79.4,6.4,0
                        79.4,6.2,0
                    </coordinates>
                </LinearRing>
            </outerBoundaryIs>
        </Polygon>
    </Placemark>
    <Placemark>
        <styleUrl>#caution</styleUrl>
        <Polygon>
            <outerBoundaryIs>
                <LinearRing>
                    <coordinates>
                        79.6,6.2,0
                        79.8,6.2,0
                        79.8,6.4,0
                        79.6,6.4,0
                        79.6,6.2,0
                    </coordinates>
                </LinearRing>
            </outerBoundaryIs>
        </Polygon>
    </Placemark>
    <Placemark>
        <styleUrl>#caution</styleUrl>
        <Polygon>
            <outerBoundaryIs>
                <LinearRing>
                    <coordinates>
                        79.8,6.2,0
                        80.0,6.2,0
                        80.0,6.4,0
                        79.8,6.4,0
                        79.8,6.2,0
                    </coordinates>
                </LinearRing>
            </outerBoundaryIs>
        </Polygon>
    </Placemark>
    <Placemark>
        <styleUrl>#caution</styleUrl>
        <Polygon>
            <outerBoundaryIs>
                <LinearRing>
                    <coordinates>
                        80.0,6.2,0
                        80.2,6.2,0
                        80.2,6.4,0
                        80.0,6.4,0
                        80.0,6.2,0
                    </coordinates>
                </LinearRing>
            </outerBoundaryIs>
        </Polygon>
    </Placemark>
    <Placemark>
        <styleUrl>#caution</styleUrl>
        <Polygon>
            <outerBoundaryIs>
                <LinearRing>
                    <coordinates>
                        80.2,6.2,0
                        80.4,6.2,0
                        80.4,6.4,0
                        80.2,6.4,0
                        80.2,6.2,0
                    </coordinates>
                </LinearRing>
            </outerBoundaryIs>
        </Polygon>
    </Placemark>
    <Placemark>
        <styleUrl>#caution</styleUrl>
        <Polygon>
            <outerBoundaryIs>
                <LinearRing>
                    <coordinates>
                        80.4,6.2,0
                        80.60000000000001,6.2,0
                        80.60000000000001,6.4,0
                        80.4,6.4,0
                        80.4,6.2,0
                    </coordinates>
                </LinearRing>
            </outerBoundaryIs>
        </Polygon>
    </Placemark>
    <Placemark>
        <styleUrl>#caution</styleUrl>
        <Polygon>
            <outerBoundaryIs>
                <LinearRing>
                    <coordinates>
                        80.6,6.2,0
                        80.8,6.2,0
                        80.8,6.4,0
                        80.6,6.4,0
                        80.6,6.2,0
                    </coordinates>
                </LinearRing>
            </outerBoundaryIs>
        </Polygon>
    </Placemark>
    <Placemark>
        <styleUrl>#caution</styleUrl>
        <Polygon>
            <outerBoundaryIs>
                <LinearRing>
                    <coordinates>
                        80.8,6.2,0
                        81.0,6.2,0
                        81.0,6.4,0
                        80.8,6.4,0
                        80.8,6.2,0
                    </coordinates>
                </LinearRing>
            </outerBoundaryIs>
        </Polygon>
    </Placemark>
    <Placemark>
        <styleUrl>#caution</styleUrl>
        <Polygon>
            <outerBoundaryIs>
                <LinearRing>
                    <coordinates>
                        81.0,6.2,0
                        81.2,6.2,0
                        81.2,6.4,0
                        81.0,6.4,0
                        81.0,6.2,0
                    </coordinates>
                </LinearRing>
            </outerBoundaryIs>
        </Polygon>
    </Placemark>
    <Placemark>
        <styleUrl>#caution</styleUrl>
        <Polygon>
            <outerBoundaryIs>
                <LinearRing>
                    <coordinates>
                        81.2,6.2,0
                        81.4,6.2,0
                        81.4,6.4,0
                        81.2,6.4,0
                        81.2,6.2,0
                    </coordinates>
                </LinearRing>
            </outerBoundaryIs>
        </Polygon>
    </Placemark>
    <Placemark>
        <styleUrl>#caution</styleUrl>
        <Polygon>
            <outerBoundaryIs>
                <LinearRing>
                    <coordinates>
                        81.4,6.2,0
                        81.60000000000001,6.2,0
                        81.60000000000001,6.4,0
                        81.4,6.4,0
                        81.4,6.2,0
                    </coordinates>
                </LinearRing>
            </outerBoundaryIs>
        </Polygon>
    </Placemark>
    <Placemark>
        <styleUrl>#caution</styleUrl>
        <Polygon>
            <outerBoundaryIs>
                <LinearRing>
                    <coordinates>
                        81.6,6.2,0
                        81.8,6.2,0
                        81.8,6.4,0
                        81.6,6.4,0
                        81.6,6.2,0
                    </coordinates>
                </LinearRing>
            </outerBoundaryIs>
        </Polygon>
    </Placemark>
    <Placemark>
        <styleUrl>#caution</styleUrl>
        <Polygon>
            <outerBoundaryIs>
                <LinearRing>
                    <coordinates>
                        81.8,6.2,0
                        82.0,6.2,0
                        82.0,6.4,0
                        81.8,6.4,0
                        81.8,6.2,0
                    </coordinates>
                </LinearRing>
            </outerBoundaryIs>
        </Polygon>
    </Placemark>
    <Placemark>
        <styleUrl>#caution</styleUrl>
        <Polygon>
            <outerBoundaryIs>
                <LinearRing>
                    <coordinates>
                        82.0,6.2,0
                        82.2,6.2,0
                        82.2,6.4,0
                        82.0,6.4,0
                        82.0,6.2,0
                    </coordinates>
                </LinearRing>
            </outerBoundaryIs>
        </Polygon>
    </Placemark>
    <Placemark>
        <styleUrl>#caution</styleUrl>
        <Polygon>
            <outerBoundaryIs>
                <LinearRing>
                    <coordinates>
                        82.2,6.2,0
                        82.4,6.2,0
                        82.4,6.4,0
                        82.2,6.4,0
                        82.2,6.2,0
                    </coordinates>
                </LinearRing>
            </outerBoundaryIs>
        </Polygon>
    </Placemark>
    <Placemark>
        <styleUrl>#caution</styleUrl>
        <Polygon>
            <outerBoundaryIs>
                <LinearRing>
                    <coordinates>
                        82.4,6.2,0
                        82.60000000000001,6.2,0
                        82.60000000000001,6.4,0
                        82.4,6.4,0
                        82.4,6.2,0
                    </coordinates>
                </LinearRing>
            </outerBoundaryIs>
        </Polygon>
    </Placemark>
    <Placemark>
        <styleUrl>#caution</styleUrl>
        <Polygon>
            <outerBoundaryIs>
                <LinearRing>
                    <coordinates>
                        82.6,6.2,0
                        82.8,6.2,0
                        82.8,6.4,0
                        82.6,6.4,0
                        82.6,6.2,0
                    </coordinates>
                </LinearRing>
            </outerBoundaryIs>
        </Polygon>
    </Placemark>
    <Placemark>
        <styleUrl>#caution</styleUrl>
        <Polygon>
            <outerBoundaryIs>
                <LinearRing>
                    <coordinates>
                        82.8,6.2,0
                        83.0,6.2,0
                        83.0,6.4,0
                        82.8,6.4,0
                        82.8,6.2,0
                    </coordinates>
                </LinearRing>
            </outerBoundaryIs>
        </Polygon>
    </Placemark>
    <Placemark>
        <styleUrl>#caution</styleUrl>
        <Polygon>
            <outerBoundaryIs>
                <LinearRing>
                    <coordinates>
                        83.0,6.2,0
                        83.2,6.2,0
                        83.2,6.4,0
                        83.0,6.4,0
                        83.0,6.2,0
                    </coordinates>
                </LinearRing>
            </outerBoundaryIs>
        </Polygon>
    </Placemark>
    <Placemark>
        <styleUrl>#caution</styleUrl>
        <Polygon>
            <outerBoundaryIs>
                <LinearRing>
                    <coordinates>
                        83.2,6.2,0
                        83.4,6.2,0
                        83.4,6.4,0
                        83.2,6.4,0
                        83.2,6.2,0
                    </coordinates>
                </LinearRing>
            </outerBoundaryIs>
        </Polygon>
    </Placemark>
    <Placemark>
        <styleUrl>#caution</styleUrl>
        <Polygon>
            <outerBoundaryIs>
                <LinearRing>
                    <coordinates>
                        83.4,6.2,0
                        83.60000000000001,6.2,0
                        83.60000000000001,6.4,0
                        83.4,6.4,0
                        83.4,6.2,0
                    </coordinates>
                </LinearRing>
            </outerBoundaryIs>
        </Polygon>
    </Placemark>
    <Placemark>
        <styleUrl>#caution</styleUrl>
        <Polygon>
            <outerBoundaryIs>
                <LinearRing>
                    <coordinates>
                        83.6,6.2,0
                        83.8,6.2,0
                        83.8,6.4,0
                        83.6,6.4,0
                        83.6,6.2,0
                    </coordinates>
                </LinearRing>
            </outerBoundaryIs>
        </Polygon>
    </Placemark>
    <Placemark>
        <styleUrl>#caution</styleUrl>
        <Polygon>
            <outerBoundaryIs>
                <LinearRing>
                    <coordinates>
                        83.8,6.2,0
                        84.0,6.2,0
                        84.0,6.4,0
                        83.8,6.4,0
                        83.8,6.2,0
                    </coordinates>
                </LinearRing>
            </outerBoundaryIs>
        </Polygon>
    </Placemark>
    <Placemark>
        <styleUrl>#caution</styleUrl>
        <Polygon>
            <outerBoundaryIs>
                <LinearRing>
                    <coordinates>
                        84.0,6.2,0
                        84.2,6.2,0
                        84.2,6.4,0
                        84.0,6.4,0
                        84.0,6.2,0
                    </coordinates>
                </LinearRing>
            </outerBoundaryIs>
        </Polygon>
    </Placemark>
    <Placemark>
        <styleUrl>#caution</styleUrl>
        <Polygon>
            <outerBoundaryIs>
                <LinearRing>
                    <coordinates>
                        84.2,6.2,0
                        84.4,6.2,0
                        84.4,6.4,0
                        84.2,6.4,0
                        84.2,6.2,0
                    </coordinates>
                </LinearRing>
            </outerBoundaryIs>
        </Polygon>
    </Placemark>
    <Placemark>
        <styleUrl>#caution</styleUrl>
        <Polygon>
            <outerBoundaryIs>
                <LinearRing>
                    <coordinates>
                        84.4,6.2,0
                        84.60000000000001,6.2,0
                        84.60000000000001,6.4,0
                        84.4,6.4,0
                        84.4,6.2,0
                    </coordinates>
                </LinearRing>
            </outerBoundaryIs>
        </Polygon>
    </Placemark>
    <Placemark>
        <styleUrl>#caution</styleUrl>
        <Polygon>
            <outerBoundaryIs>
                <LinearRing>
                    <coordinates>
                        84.6,6.2,0
                        84.8,6.2,0
                        84.8,6.4,0
                        84.6,6.4,0
                        84.6,6.2,0
                    </coordinates>
                </LinearRing>
            </outerBoundaryIs>
        </Polygon>
    </Placemark>
    <Placemark>
        <styleUrl>#caution</styleUrl>
        <Polygon>
            <outerBoundaryIs>
                <LinearRing>
                    <coordinates>
                        65.0,6.4,0
                        65.2,6.4,0
                        65.2,6.6000000000000005,0
                        65.0,6.6000000000000005,0
                        65.0,6.4,0
                    </coordinates>
                </LinearRing>
            </outerBoundaryIs>
        </Polygon>
    </Placemark>
    <Placemark>
        <styleUrl>#caution</styleUrl>
        <Polygon>
            <outerBoundaryIs>
                <LinearRing>
                    <coordinates>
                        65.2,6.4,0
                        65.4,6.4,0
                        65.4,6.6000000000000005,0
                        65.2,6.6000000000000005,0
                        65.2,6.4,0
                    </coordinates>
                </LinearRing>
            </outerBoundaryIs>
        </Polygon>
    </Placemark>
    <Placemark>
        <styleUrl>#caution</styleUrl>
        <Polygon>
            <outerBoundaryIs>
                <LinearRing>
                    <coordinates>
                        65.4,6.4,0
                        65.60000000000001,6.4,0
                        65.60000000000001,6.6000000000000005,0
                        65.4,6.6000000000000005,0
                        65.4,6.4,0
                    </coordinates>
                </LinearRing>
            </outerBoundaryIs>
        </Polygon>
    </Placemark>
    <Placemark>
        <styleUrl>#caution</styleUrl>
        <Polygon>
            <outerBoundaryIs>
                <LinearRing>
                    <coordinates>
                        65.6,6.4,0
                        65.8,6.4,0
                        65.8,6.6000000000000005,0
                        65.6,6.6000000000000005,0
                        65.6,6.4,0
                    </coordinates>
                </LinearRing>
            </outerBoundaryIs>
        </Polygon>
    </Placemark>
    <Placemark>
        <styleUrl>#caution</styleUrl>
        <Polygon>
            <outerBoundaryIs>
                <LinearRing>
                    <coordinates>
                        65.8,6.4,0
                        66.0,6.4,0
                        66.0,6.6000000000000005,0
                        65.8,6.6000000000000005,0
                        65.8,6.4,0
                    </coordinates>
                </LinearRing>
            </outerBoundaryIs>
        </Polygon>
    </Placemark>
    <Placemark>
        <styleUrl>#caution</styleUrl>
        <Polygon>
            <outerBoundaryIs>
                <LinearRing>
                    <coordinates>
                        66.0,6.4,0
                        66.2,6.4,0
                        66.2,6.6000000000000005,0
                        66.0,6.6000000000000005,0
                        66.0,6.4,0
                    </coordinates>
                </LinearRing>
            </outerBoundaryIs>
        </Polygon>
    </Placemark>
    <Placemark>
        <styleUrl>#caution</styleUrl>
        <Polygon>
            <outerBoundaryIs>
                <LinearRing>
                    <coordinates>
                        66.2,6.4,0
                        66.4,6.4,0
                        66.4,6.6000000000000005,0
                        66.2,6.6000000000000005,0
                        66.2,6.4,0
                    </coordinates>
                </LinearRing>
            </outerBoundaryIs>
        </Polygon>
    </Placemark>
    <Placemark>
        <styleUrl>#caution</styleUrl>
        <Polygon>
            <outerBoundaryIs>
                <LinearRing>
                    <coordinates>
                        66.4,6.4,0
                        66.60000000000001,6.4,0
                        66.60000000000001,6.6000000000000005,0
                        66.4,6.6000000000000005,0
                        66.4,6.4,0
                    </coordinates>
                </LinearRing>
            </outerBoundaryIs>
        </Polygon>
    </Placemark>
    <Placemark>
        <styleUrl>#caution</styleUrl>
        <Polygon>
            <outerBoundaryIs>
                <LinearRing>
                    <coordinates>
                        66.6,6.4,0
                        66.8,6.4,0
                        66.8,6.6000000000000005,0
                        66.6,6.6000000000000005,0
                        66.6,6.4,0
                    </coordinates>
                </LinearRing>
            </outerBoundaryIs>
        </Polygon>
    </Placemark>
    <Placemark>
        <styleUrl>#caution</styleUrl>
        <Polygon>
            <outerBoundaryIs>
                <LinearRing>
                    <coordinates>
                        66.8,6.4,0
                        67.0,6.4,0
                        67.0,6.6000000000000005,0
                        66.8,6.6000000000000005,0
                        66.8,6.4,0
                    </coordinates>
                </LinearRing>
            </outerBoundaryIs>
        </Polygon>
    </Placemark>
    <Placemark>
        <styleUrl>#caution</styleUrl>
        <Polygon>
            <outerBoundaryIs>
                <LinearRing>
                    <coordinates>
                        67.0,6.4,0
                        67.2,6.4,0
                        67.2,6.6000000000000005,0
                        67.0,6.6000000000000005,0
                        67.0,6.4,0
                    </coordinates>
                </LinearRing>
            </outerBoundaryIs>
        </Polygon>
    </Placemark>
    <Placemark>
        <styleUrl>#caution</styleUrl>
        <Polygon>
            <outerBoundaryIs>
                <LinearRing>
                    <coordinates>
                        67.2,6.4,0
                        67.4,6.4,0
                        67.4,6.6000000000000005,0
                        67.2,6.6000000000000005,0
                        67.2,6.4,0
                    </coordinates>
                </LinearRing>
            </outerBoundaryIs>
        </Polygon>
    </Placemark>
    <Placemark>
        <styleUrl>#caution</styleUrl>
        <Polygon>
            <outerBoundaryIs>
                <LinearRing>
                    <coordinates>
                        67.4,6.4,0
                        67.60000000000001,6.4,0
                        67.60000000000001,6.6000000000000005,0
                        67.4,6.6000000000000005,0
                        67.4,6.4,0
                    </coordinates>
                </LinearRing>
            </outerBoundaryIs>
        </Polygon>
    </Placemark>
    <Placemark>
        <styleUrl>#caution</styleUrl>
        <Polygon>
            <outerBoundaryIs>
                <LinearRing>
                    <coordinates>
                        67.6,6.4,0
                        67.8,6.4,0
                        67.8,6.6000000000000005,0
                        67.6,6.6000000000000005,0
                        67.6,6.4,0
                    </coordinates>
                </LinearRing>
            </outerBoundaryIs>
        </Polygon>
    </Placemark>
    <Placemark>
        <styleUrl>#caution</styleUrl>
        <Polygon>
            <outerBoundaryIs>
                <LinearRing>
                    <coordinates>
                        67.8,6.4,0
                        68.0,6.4,0
                        68.0,6.6000000000000005,0
                        67.8,6.6000000000000005,0
                        67.8,6.4,0
                    </coordinates>
                </LinearRing>
            </outerBoundaryIs>
        </Polygon>
    </Placemark>
    <Placemark>
        <styleUrl>#caution</styleUrl>
        <Polygon>
            <outerBoundaryIs>
                <LinearRing>
                    <coordinates>
                        68.0,6.4,0
                        68.2,6.4,0
                        68.2,6.6000000000000005,0
                        68.0,6.6000000000000005,0
                        68.0,6.4,0
                    </coordinates>
                </LinearRing>
            </outerBoundaryIs>
        </Polygon>
    </Placemark>
    <Placemark>
        <styleUrl>#caution</styleUrl>
        <Polygon>
            <outerBoundaryIs>
                <LinearRing>
                    <coordinates>
                        68.2,6.4,0
                        68.4,6.4,0
                        68.4,6.6000000000000005,0
                        68.2,6.6000000000000005,0
                        68.2,6.4,0
                    </coordinates>
                </LinearRing>
            </outerBoundaryIs>
        </Polygon>
    </Placemark>
    <Placemark>
        <styleUrl>#caution</styleUrl>
        <Polygon>
            <outerBoundaryIs>
                <LinearRing>
                    <coordinates>
                        68.4,6.4,0
                        68.60000000000001,6.4,0
                        68.60000000000001,6.6000000000000005,0
                        68.4,6.6000000000000005,0
                        68.4,6.4,0
                    </coordinates>
                </LinearRing>
            </outerBoundaryIs>
        </Polygon>
    </Placemark>
    <Placemark>
        <styleUrl>#caution</styleUrl>
        <Polygon>
            <outerBoundaryIs>
                <LinearRing>
                    <coordinates>
                        68.6,6.4,0
                        68.8,6.4,0
                        68.8,6.6000000000000005,0
                        68.6,6.6000000000000005,0
                        68.6,6.4,0
                    </coordinates>
                </LinearRing>
            </outerBoundaryIs>
        </Polygon>
    </Placemark>
    <Placemark>
        <styleUrl>#caution</styleUrl>
        <Polygon>
            <outerBoundaryIs>
                <LinearRing>
                    <coordinates>
                        68.8,6.4,0
                        69.0,6.4,0
                        69.0,6.6000000000000005,0
                        68.8,6.6000000000000005,0
                        68.8,6.4,0
                    </coordinates>
                </LinearRing>
            </outerBoundaryIs>
        </Polygon>
    </Placemark>
    <Placemark>
        <styleUrl>#caution</styleUrl>
        <Polygon>
            <outerBoundaryIs>
                <LinearRing>
                    <coordinates>
                        69.0,6.4,0
                        69.2,6.4,0
                        69.2,6.6000000000000005,0
                        69.0,6.6000000000000005,0
                        69.0,6.4,0
                    </coordinates>
                </LinearRing>
            </outerBoundaryIs>
        </Polygon>
    </Placemark>
    <Placemark>
        <styleUrl>#caution</styleUrl>
        <Polygon>
            <outerBoundaryIs>
                <LinearRing>
                    <coordinates>
                        69.2,6.4,0
                        69.4,6.4,0
                        69.4,6.6000000000000005,0
                        69.2,6.6000000000000005,0
                        69.2,6.4,0
                    </coordinates>
                </LinearRing>
            </outerBoundaryIs>
        </Polygon>
    </Placemark>
    <Placemark>
        <styleUrl>#caution</styleUrl>
        <Polygon>
            <outerBoundaryIs>
                <LinearRing>
                    <coordinates>
                        69.4,6.4,0
                        69.60000000000001,6.4,0
                        69.60000000000001,6.6000000000000005,0
                        69.4,6.6000000000000005,0
                        69.4,6.4,0
                    </coordinates>
                </LinearRing>
            </outerBoundaryIs>
        </Polygon>
    </Placemark>
    <Placemark>
        <styleUrl>#caution</styleUrl>
        <Polygon>
            <outerBoundaryIs>
                <LinearRing>
                    <coordinates>
                        69.6,6.4,0
                        69.8,6.4,0
                        69.8,6.6000000000000005,0
                        69.6,6.6000000000000005,0
                        69.6,6.4,0
                    </coordinates>
                </LinearRing>
            </outerBoundaryIs>
        </Polygon>
    </Placemark>
    <Placemark>
        <styleUrl>#caution</styleUrl>
        <Polygon>
            <outerBoundaryIs>
                <LinearRing>
                    <coordinates>
                        69.8,6.4,0
                        70.0,6.4,0
                        70.0,6.6000000000000005,0
                        69.8,6.6000000000000005,0
                        69.8,6.4,0
                    </coordinates>
                </LinearRing>
            </outerBoundaryIs>
        </Polygon>
    </Placemark>
    <Placemark>
        <styleUrl>#caution</styleUrl>
        <Polygon>
            <outerBoundaryIs>
                <LinearRing>
                    <coordinates>
                        70.0,6.4,0
                        70.2,6.4,0
                        70.2,6.6000000000000005,0
                        70.0,6.6000000000000005,0
                        70.0,6.4,0
                    </coordinates>
                </LinearRing>
            </outerBoundaryIs>
        </Polygon>
    </Placemark>
    <Placemark>
        <styleUrl>#caution</styleUrl>
        <Polygon>
            <outerBoundaryIs>
                <LinearRing>
                    <coordinates>
                        70.2,6.4,0
                        70.4,6.4,0
                        70.4,6.6000000000000005,0
                        70.2,6.6000000000000005,0
                        70.2,6.4,0
                    </coordinates>
                </LinearRing>
            </outerBoundaryIs>
        </Polygon>
    </Placemark>
    <Placemark>
        <styleUrl>#caution</styleUrl>
        <Polygon>
            <outerBoundaryIs>
                <LinearRing>
                    <coordinates>
                        70.4,6.4,0
                        70.60000000000001,6.4,0
                        70.60000000000001,6.6000000000000005,0
                        70.4,6.6000000000000005,0
                        70.4,6.4,0
                    </coordinates>
                </LinearRing>
            </outerBoundaryIs>
        </Polygon>
    </Placemark>
    <Placemark>
        <styleUrl>#caution</styleUrl>
        <Polygon>
            <outerBoundaryIs>
                <LinearRing>
                    <coordinates>
                        70.6,6.4,0
                        70.8,6.4,0
                        70.8,6.6000000000000005,0
                        70.6,6.6000000000000005,0
                        70.6,6.4,0
                    </coordinates>
                </LinearRing>
            </outerBoundaryIs>
        </Polygon>
    </Placemark>
    <Placemark>
        <styleUrl>#caution</styleUrl>
        <Polygon>
            <outerBoundaryIs>
                <LinearRing>
                    <coordinates>
                        70.8,6.4,0
                        71.0,6.4,0
                        71.0,6.6000000000000005,0
                        70.8,6.6000000000000005,0
                        70.8,6.4,0
                    </coordinates>
                </LinearRing>
            </outerBoundaryIs>
        </Polygon>
    </Placemark>
    <Placemark>
        <styleUrl>#caution</styleUrl>
        <Polygon>
            <outerBoundaryIs>
                <LinearRing>
                    <coordinates>
                        71.0,6.4,0
                        71.2,6.4,0
                        71.2,6.6000000000000005,0
                        71.0,6.6000000000000005,0
                        71.0,6.4,0
                    </coordinates>
                </LinearRing>
            </outerBoundaryIs>
        </Polygon>
    </Placemark>
    <Placemark>
        <styleUrl>#caution</styleUrl>
        <Polygon>
            <outerBoundaryIs>
                <LinearRing>
                    <coordinates>
                        71.2,6.4,0
                        71.4,6.4,0
                        71.4,6.6000000000000005,0
                        71.2,6.6000000000000005,0
                        71.2,6.4,0
                    </coordinates>
                </LinearRing>
            </outerBoundaryIs>
        </Polygon>
    </Placemark>
    <Placemark>
        <styleUrl>#caution</styleUrl>
        <Polygon>
            <outerBoundaryIs>
                <LinearRing>
                    <coordinates>
                        71.4,6.4,0
                        71.60000000000001,6.4,0
                        71.60000000000001,6.6000000000000005,0
                        71.4,6.6000000000000005,0
                        71.4,6.4,0
                    </coordinates>
                </LinearRing>
            </outerBoundaryIs>
        </Polygon>
    </Placemark>
    <Placemark>
        <styleUrl>#caution</styleUrl>
        <Polygon>
            <outerBoundaryIs>
                <LinearRing>
                    <coordinates>
                        71.6,6.4,0
                        71.8,6.4,0
                        71.8,6.6000000000000005,0
                        71.6,6.6000000000000005,0
                        71.6,6.4,0
                    </coordinates>
                </LinearRing>
            </outerBoundaryIs>
        </Polygon>
    </Placemark>
    <Placemark>
        <styleUrl>#caution</styleUrl>
        <Polygon>
            <outerBoundaryIs>
                <LinearRing>
                    <coordinates>
                        71.8,6.4,0
                        72.0,6.4,0
                        72.0,6.6000000000000005,0
                        71.8,6.6000000000000005,0
                        71.8,6.4,0
                    </coordinates>
                </LinearRing>
            </outerBoundaryIs>
        </Polygon>
    </Placemark>
    <Placemark>
        <styleUrl>#caution</styleUrl>
        <Polygon>
            <outerBoundaryIs>
                <LinearRing>
                    <coordinates>
                        72.0,6.4,0
                        72.2,6.4,0
                        72.2,6.6000000000000005,0
                        72.0,6.6000000000000005,0
                        72.0,6.4,0
                    </coordinates>
                </LinearRing>
            </outerBoundaryIs>
        </Polygon>
    </Placemark>
    <Placemark>
        <styleUrl>#caution</styleUrl>
        <Polygon>
            <outerBoundaryIs>
                <LinearRing>
                    <coordinates>
                        72.2,6.4,0
                        72.4,6.4,0
                        72.4,6.6000000000000005,0
                        72.2,6.6000000000000005,0
                        72.2,6.4,0
                    </coordinates>
                </LinearRing>
            </outerBoundaryIs>
        </Polygon>
    </Placemark>
    <Placemark>
        <styleUrl>#caution</styleUrl>
        <Polygon>
            <outerBoundaryIs>
                <LinearRing>
                    <coordinates>
                        72.4,6.4,0
                        72.60000000000001,6.4,0
                        72.60000000000001,6.6000000000000005,0
                        72.4,6.6000000000000005,0
                        72.4,6.4,0
                    </coordinates>
                </LinearRing>
            </outerBoundaryIs>
        </Polygon>
    </Placemark>
    <Placemark>
        <styleUrl>#caution</styleUrl>
        <Polygon>
            <outerBoundaryIs>
                <LinearRing>
                    <coordinates>
                        72.6,6.4,0
                        72.8,6.4,0
                        72.8,6.6000000000000005,0
                        72.6,6.6000000000000005,0
                        72.6,6.4,0
                    </coordinates>
                </LinearRing>
            </outerBoundaryIs>
        </Polygon>
    </Placemark>
    <Placemark>
        <styleUrl>#caution</styleUrl>
        <Polygon>
            <outerBoundaryIs>
                <LinearRing>
                    <coordinates>
                        72.8,6.4,0
                        73.0,6.4,0
                        73.0,6.6000000000000005,0
                        72.8,6.6000000000000005,0
                        72.8,6.4,0
                    </coordinates>
                </LinearRing>
            </outerBoundaryIs>
        </Polygon>
    </Placemark>
    <Placemark>
        <styleUrl>#caution</styleUrl>
        <Polygon>
            <outerBoundaryIs>
                <LinearRing>
                    <coordinates>
                        73.0,6.4,0
                        73.2,6.4,0
                        73.2,6.6000000000000005,0
                        73.0,6.6000000000000005,0
                        73.0,6.4,0
                    </coordinates>
                </LinearRing>
            </outerBoundaryIs>
        </Polygon>
    </Placemark>
    <Placemark>
        <styleUrl>#caution</styleUrl>
        <Polygon>
            <outerBoundaryIs>
                <LinearRing>
                    <coordinates>
                        73.2,6.4,0
                        73.4,6.4,0
                        73.4,6.6000000000000005,0
                        73.2,6.6000000000000005,0
                        73.2,6.4,0
                    </coordinates>
                </LinearRing>
            </outerBoundaryIs>
        </Polygon>
    </Placemark>
    <Placemark>
        <styleUrl>#caution</styleUrl>
        <Polygon>
            <outerBoundaryIs>
                <LinearRing>
                    <coordinates>
                        73.4,6.4,0
                        73.60000000000001,6.4,0
                        73.60000000000001,6.6000000000000005,0
                        73.4,6.6000000000000005,0
                        73.4,6.4,0
                    </coordinates>
                </LinearRing>
            </outerBoundaryIs>
        </Polygon>
    </Placemark>
    <Placemark>
        <styleUrl>#caution</styleUrl>
        <Polygon>
            <outerBoundaryIs>
                <LinearRing>
                    <coordinates>
                        73.6,6.4,0
                        73.8,6.4,0
                        73.8,6.6000000000000005,0
                        73.6,6.6000000000000005,0
                        73.6,6.4,0
                    </coordinates>
                </LinearRing>
            </outerBoundaryIs>
        </Polygon>
    </Placemark>
    <Placemark>
        <styleUrl>#caution</styleUrl>
        <Polygon>
            <outerBoundaryIs>
                <LinearRing>
                    <coordinates>
                        73.8,6.4,0
                        74.0,6.4,0
                        74.0,6.6000000000000005,0
                        73.8,6.6000000000000005,0
                        73.8,6.4,0
                    </coordinates>
                </LinearRing>
            </outerBoundaryIs>
        </Polygon>
    </Placemark>
    <Placemark>
        <styleUrl>#caution</styleUrl>
        <Polygon>
            <outerBoundaryIs>
                <LinearRing>
                    <coordinates>
                        74.0,6.4,0
                        74.2,6.4,0
                        74.2,6.6000000000000005,0
                        74.0,6.6000000000000005,0
                        74.0,6.4,0
                    </coordinates>
                </LinearRing>
            </outerBoundaryIs>
        </Polygon>
    </Placemark>
    <Placemark>
        <styleUrl>#caution</styleUrl>
        <Polygon>
            <outerBoundaryIs>
                <LinearRing>
                    <coordinates>
                        74.2,6.4,0
                        74.4,6.4,0
                        74.4,6.6000000000000005,0
                        74.2,6.6000000000000005,0
                        74.2,6.4,0
                    </coordinates>
                </LinearRing>
            </outerBoundaryIs>
        </Polygon>
    </Placemark>
    <Placemark>
        <styleUrl>#caution</styleUrl>
        <Polygon>
            <outerBoundaryIs>
                <LinearRing>
                    <coordinates>
                        74.4,6.4,0
                        74.60000000000001,6.4,0
                        74.60000000000001,6.6000000000000005,0
                        74.4,6.6000000000000005,0
                        74.4,6.4,0
                    </coordinates>
                </LinearRing>
            </outerBoundaryIs>
        </Polygon>
    </Placemark>
    <Placemark>
        <styleUrl>#caution</styleUrl>
        <Polygon>
            <outerBoundaryIs>
                <LinearRing>
                    <coordinates>
                        74.6,6.4,0
                        74.8,6.4,0
                        74.8,6.6000000000000005,0
                        74.6,6.6000000000000005,0
                        74.6,6.4,0
                    </coordinates>
                </LinearRing>
            </outerBoundaryIs>
        </Polygon>
    </Placemark>
    <Placemark>
        <styleUrl>#caution</styleUrl>
        <Polygon>
            <outerBoundaryIs>
                <LinearRing>
                    <coordinates>
                        74.8,6.4,0
                        75.0,6.4,0
                        75.0,6.6000000000000005,0
                        74.8,6.6000000000000005,0
                        74.8,6.4,0
                    </coordinates>
                </LinearRing>
            </outerBoundaryIs>
        </Polygon>
    </Placemark>
    <Placemark>
        <styleUrl>#caution</styleUrl>
        <Polygon>
            <outerBoundaryIs>
                <LinearRing>
                    <coordinates>
                        75.0,6.4,0
                        75.2,6.4,0
                        75.2,6.6000000000000005,0
                        75.0,6.6000000000000005,0
                        75.0,6.4,0
                    </coordinates>
                </LinearRing>
            </outerBoundaryIs>
        </Polygon>
    </Placemark>
    <Placemark>
        <styleUrl>#caution</styleUrl>
        <Polygon>
            <outerBoundaryIs>
                <LinearRing>
                    <coordinates>
                        75.2,6.4,0
                        75.4,6.4,0
                        75.4,6.6000000000000005,0
                        75.2,6.6000000000000005,0
                        75.2,6.4,0
                    </coordinates>
                </LinearRing>
            </outerBoundaryIs>
        </Polygon>
    </Placemark>
    <Placemark>
        <styleUrl>#caution</styleUrl>
        <Polygon>
            <outerBoundaryIs>
                <LinearRing>
                    <coordinates>
                        75.4,6.4,0
                        75.60000000000001,6.4,0
                        75.60000000000001,6.6000000000000005,0
                        75.4,6.6000000000000005,0
                        75.4,6.4,0
                    </coordinates>
                </LinearRing>
            </outerBoundaryIs>
        </Polygon>
    </Placemark>
    <Placemark>
        <styleUrl>#caution</styleUrl>
        <Polygon>
            <outerBoundaryIs>
                <LinearRing>
                    <coordinates>
                        75.6,6.4,0
                        75.8,6.4,0
                        75.8,6.6000000000000005,0
                        75.6,6.6000000000000005,0
                        75.6,6.4,0
                    </coordinates>
                </LinearRing>
            </outerBoundaryIs>
        </Polygon>
    </Placemark>
    <Placemark>
        <styleUrl>#caution</styleUrl>
        <Polygon>
            <outerBoundaryIs>
                <LinearRing>
                    <coordinates>
                        75.8,6.4,0
                        76.0,6.4,0
                        76.0,6.6000000000000005,0
                        75.8,6.6000000000000005,0
                        75.8,6.4,0
                    </coordinates>
                </LinearRing>
            </outerBoundaryIs>
        </Polygon>
    </Placemark>
    <Placemark>
        <styleUrl>#caution</styleUrl>
        <Polygon>
            <outerBoundaryIs>
                <LinearRing>
                    <coordinates>
                        76.0,6.4,0
                        76.2,6.4,0
                        76.2,6.6000000000000005,0
                        76.0,6.6000000000000005,0
                        76.0,6.4,0
                    </coordinates>
                </LinearRing>
            </outerBoundaryIs>
        </Polygon>
    </Placemark>
    <Placemark>
        <styleUrl>#caution</styleUrl>
        <Polygon>
            <outerBoundaryIs>
                <LinearRing>
                    <coordinates>
                        76.2,6.4,0
                        76.4,6.4,0
                        76.4,6.6000000000000005,0
                        76.2,6.6000000000000005,0
                        76.2,6.4,0
                    </coordinates>
                </LinearRing>
            </outerBoundaryIs>
        </Polygon>
    </Placemark>
    <Placemark>
        <styleUrl>#caution</styleUrl>
        <Polygon>
            <outerBoundaryIs>
                <LinearRing>
                    <coordinates>
                        76.4,6.4,0
                        76.60000000000001,6.4,0
                        76.60000000000001,6.6000000000000005,0
                        76.4,6.6000000000000005,0
                        76.4,6.4,0
                    </coordinates>
                </LinearRing>
            </outerBoundaryIs>
        </Polygon>
    </Placemark>
    <Placemark>
        <styleUrl>#caution</styleUrl>
        <Polygon>
            <outerBoundaryIs>
                <LinearRing>
                    <coordinates>
                        76.6,6.4,0
                        76.8,6.4,0
                        76.8,6.6000000000000005,0
                        76.6,6.6000000000000005,0
                        76.6,6.4,0
                    </coordinates>
                </LinearRing>
            </outerBoundaryIs>
        </Polygon>
    </Placemark>
    <Placemark>
        <styleUrl>#caution</styleUrl>
        <Polygon>
            <outerBoundaryIs>
                <LinearRing>
                    <coordinates>
                        76.8,6.4,0
                        77.0,6.4,0
                        77.0,6.6000000000000005,0
                        76.8,6.6000000000000005,0
                        76.8,6.4,0
                    </coordinates>
                </LinearRing>
            </outerBoundaryIs>
        </Polygon>
    </Placemark>
    <Placemark>
        <styleUrl>#caution</styleUrl>
        <Polygon>
            <outerBoundaryIs>
                <LinearRing>
                    <coordinates>
                        77.0,6.4,0
                        77.2,6.4,0
                        77.2,6.6000000000000005,0
                        77.0,6.6000000000000005,0
                        77.0,6.4,0
                    </coordinates>
                </LinearRing>
            </outerBoundaryIs>
        </Polygon>
    </Placemark>
    <Placemark>
        <styleUrl>#caution</styleUrl>
        <Polygon>
            <outerBoundaryIs>
                <LinearRing>
                    <coordinates>
                        77.2,6.4,0
                        77.4,6.4,0
                        77.4,6.6000000000000005,0
                        77.2,6.6000000000000005,0
                        77.2,6.4,0
                    </coordinates>
                </LinearRing>
            </outerBoundaryIs>
        </Polygon>
    </Placemark>
    <Placemark>
        <styleUrl>#caution</styleUrl>
        <Polygon>
            <outerBoundaryIs>
                <LinearRing>
                    <coordinates>
                        77.4,6.4,0
                        77.60000000000001,6.4,0
                        77.60000000000001,6.6000000000000005,0
                        77.4,6.6000000000000005,0
                        77.4,6.4,0
                    </coordinates>
                </LinearRing>
            </outerBoundaryIs>
        </Polygon>
    </Placemark>
    <Placemark>
        <styleUrl>#caution</styleUrl>
        <Polygon>
            <outerBoundaryIs>
                <LinearRing>
                    <coordinates>
                        77.6,6.4,0
                        77.8,6.4,0
                        77.8,6.6000000000000005,0
                        77.6,6.6000000000000005,0
                        77.6,6.4,0
                    </coordinates>
                </LinearRing>
            </outerBoundaryIs>
        </Polygon>
    </Placemark>
    <Placemark>
        <styleUrl>#caution</styleUrl>
        <Polygon>
            <outerBoundaryIs>
                <LinearRing>
                    <coordinates>
                        77.8,6.4,0
                        78.0,6.4,0
                        78.0,6.6000000000000005,0
                        77.8,6.6000000000000005,0
                        77.8,6.4,0
                    </coordinates>
                </LinearRing>
            </outerBoundaryIs>
        </Polygon>
    </Placemark>
    <Placemark>
        <styleUrl>#caution</styleUrl>
        <Polygon>
            <outerBoundaryIs>
                <LinearRing>
                    <coordinates>
                        78.0,6.4,0
                        78.2,6.4,0
                        78.2,6.6000000000000005,0
                        78.0,6.6000000000000005,0
                        78.0,6.4,0
                    </coordinates>
                </LinearRing>
            </outerBoundaryIs>
        </Polygon>
    </Placemark>
    <Placemark>
        <styleUrl>#caution</styleUrl>
        <Polygon>
            <outerBoundaryIs>
                <LinearRing>
                    <coordinates>
                        78.2,6.4,0
                        78.4,6.4,0
                        78.4,6.6000000000000005,0
                        78.2,6.6000000000000005,0
                        78.2,6.4,0
                    </coordinates>
                </LinearRing>
            </outerBoundaryIs>
        </Polygon>
    </Placemark>
    <Placemark>
        <styleUrl>#caution</styleUrl>
        <Polygon>
            <outerBoundaryIs>
                <LinearRing>
                    <coordinates>
                        78.4,6.4,0
                        78.60000000000001,6.4,0
                        78.60000000000001,6.6000000000000005,0
                        78.4,6.6000000000000005,0
                        78.4,6.4,0
                    </coordinates>
                </LinearRing>
            </outerBoundaryIs>
        </Polygon>
    </Placemark>
    <Placemark>
        <styleUrl>#caution</styleUrl>
        <Polygon>
            <outerBoundaryIs>
                <LinearRing>
                    <coordinates>
                        78.6,6.4,0
                        78.8,6.4,0
                        78.8,6.6000000000000005,0
                        78.6,6.6000000000000005,0
                        78.6,6.4,0
                    </coordinates>
                </LinearRing>
            </outerBoundaryIs>
        </Polygon>
    </Placemark>
    <Placemark>
        <styleUrl>#caution</styleUrl>
        <Polygon>
            <outerBoundaryIs>
                <LinearRing>
                    <coordinates>
                        78.8,6.4,0
                        79.0,6.4,0
                        79.0,6.6000000000000005,0
                        78.8,6.6000000000000005,0
                        78.8,6.4,0
                    </coordinates>
                </LinearRing>
            </outerBoundaryIs>
        </Polygon>
    </Placemark>
    <Placemark>
        <styleUrl>#caution</styleUrl>
        <Polygon>
            <outerBoundaryIs>
                <LinearRing>
                    <coordinates>
                        79.0,6.4,0
                        79.2,6.4,0
                        79.2,6.6000000000000005,0
                        79.0,6.6000000000000005,0
                        79.0,6.4,0
                    </coordinates>
                </LinearRing>
            </outerBoundaryIs>
        </Polygon>
    </Placemark>
    <Placemark>
        <styleUrl>#caution</styleUrl>
        <Polygon>
            <outerBoundaryIs>
                <LinearRing>
                    <coordinates>
                        79.2,6.4,0
                        79.4,6.4,0
                        79.4,6.6000000000000005,0
                        79.2,6.6000000000000005,0
                        79.2,6.4,0
                    </coordinates>
                </LinearRing>
            </outerBoundaryIs>
        </Polygon>
    </Placemark>
    <Placemark>
        <styleUrl>#caution</styleUrl>
        <Polygon>
            <outerBoundaryIs>
                <LinearRing>
                    <coordinates>
                        79.4,6.4,0
                        79.60000000000001,6.4,0
                        79.60000000000001,6.6000000000000005,0
                        79.4,6.6000000000000005,0
                        79.4,6.4,0
                    </coordinates>
                </LinearRing>
            </outerBoundaryIs>
        </Polygon>
    </Placemark>
    <Placemark>
        <styleUrl>#caution</styleUrl>
        <Polygon>
            <outerBoundaryIs>
                <LinearRing>
                    <coordinates>
                        79.6,6.4,0
                        79.8,6.4,0
                        79.8,6.6000000000000005,0
                        79.6,6.6000000000000005,0
                        79.6,6.4,0
                    </coordinates>
                </LinearRing>
            </outerBoundaryIs>
        </Polygon>
    </Placemark>
    <Placemark>
        <styleUrl>#caution</styleUrl>
        <Polygon>
            <outerBoundaryIs>
                <LinearRing>
                    <coordinates>
                        79.8,6.4,0
                        80.0,6.4,0
                        80.0,6.6000000000000005,0
                        79.8,6.6000000000000005,0
                        79.8,6.4,0
                    </coordinates>
                </LinearRing>
            </outerBoundaryIs>
        </Polygon>
    </Placemark>
    <Placemark>
        <styleUrl>#caution</styleUrl>
        <Polygon>
            <outerBoundaryIs>
                <LinearRing>
                    <coordinates>
                        80.0,6.4,0
                        80.2,6.4,0
                        80.2,6.6000000000000005,0
                        80.0,6.6000000000000005,0
                        80.0,6.4,0
                    </coordinates>
                </LinearRing>
            </outerBoundaryIs>
        </Polygon>
    </Placemark>
    <Placemark>
        <styleUrl>#caution</styleUrl>
        <Polygon>
            <outerBoundaryIs>
                <LinearRing>
                    <coordinates>
                        80.2,6.4,0
                        80.4,6.4,0
                        80.4,6.6000000000000005,0
                        80.2,6.6000000000000005,0
                        80.2,6.4,0
                    </coordinates>
                </LinearRing>
            </outerBoundaryIs>
        </Polygon>
    </Placemark>
    <Placemark>
        <styleUrl>#caution</styleUrl>
        <Polygon>
            <outerBoundaryIs>
                <LinearRing>
                    <coordinates>
                        80.4,6.4,0
                        80.60000000000001,6.4,0
                        80.60000000000001,6.6000000000000005,0
                        80.4,6.6000000000000005,0
                        80.4,6.4,0
                    </coordinates>
                </LinearRing>
            </outerBoundaryIs>
        </Polygon>
    </Placemark>
    <Placemark>
        <styleUrl>#caution</styleUrl>
        <Polygon>
            <outerBoundaryIs>
                <LinearRing>
                    <coordinates>
                        80.6,6.4,0
                        80.8,6.4,0
                        80.8,6.6000000000000005,0
                        80.6,6.6000000000000005,0
                        80.6,6.4,0
                    </coordinates>
                </LinearRing>
            </outerBoundaryIs>
        </Polygon>
    </Placemark>
    <Placemark>
        <styleUrl>#caution</styleUrl>
        <Polygon>
            <outerBoundaryIs>
                <LinearRing>
                    <coordinates>
                        80.8,6.4,0
                        81.0,6.4,0
                        81.0,6.6000000000000005,0
                        80.8,6.6000000000000005,0
                        80.8,6.4,0
                    </coordinates>
                </LinearRing>
            </outerBoundaryIs>
        </Polygon>
    </Placemark>
    <Placemark>
        <styleUrl>#caution</styleUrl>
        <Polygon>
            <outerBoundaryIs>
                <LinearRing>
                    <coordinates>
                        81.0,6.4,0
                        81.2,6.4,0
                        81.2,6.6000000000000005,0
                        81.0,6.6000000000000005,0
                        81.0,6.4,0
                    </coordinates>
                </LinearRing>
            </outerBoundaryIs>
        </Polygon>
    </Placemark>
    <Placemark>
        <styleUrl>#caution</styleUrl>
        <Polygon>
            <outerBoundaryIs>
                <LinearRing>
                    <coordinates>
                        81.2,6.4,0
                        81.4,6.4,0
                        81.4,6.6000000000000005,0
                        81.2,6.6000000000000005,0
                        81.2,6.4,0
                    </coordinates>
                </LinearRing>
            </outerBoundaryIs>
        </Polygon>
    </Placemark>
    <Placemark>
        <styleUrl>#caution</styleUrl>
        <Polygon>
            <outerBoundaryIs>
                <LinearRing>
                    <coordinates>
                        81.4,6.4,0
                        81.60000000000001,6.4,0
                        81.60000000000001,6.6000000000000005,0
                        81.4,6.6000000000000005,0
                        81.4,6.4,0
                    </coordinates>
                </LinearRing>
            </outerBoundaryIs>
        </Polygon>
    </Placemark>
    <Placemark>
        <styleUrl>#caution</styleUrl>
        <Polygon>
            <outerBoundaryIs>
                <LinearRing>
                    <coordinates>
                        81.6,6.4,0
                        81.8,6.4,0
                        81.8,6.6000000000000005,0
                        81.6,6.6000000000000005,0
                        81.6,6.4,0
                    </coordinates>
                </LinearRing>
            </outerBoundaryIs>
        </Polygon>
    </Placemark>
    <Placemark>
        <styleUrl>#caution</styleUrl>
        <Polygon>
            <outerBoundaryIs>
                <LinearRing>
                    <coordinates>
                        81.8,6.4,0
                        82.0,6.4,0
                        82.0,6.6000000000000005,0
                        81.8,6.6000000000000005,0
                        81.8,6.4,0
                    </coordinates>
                </LinearRing>
            </outerBoundaryIs>
        </Polygon>
    </Placemark>
    <Placemark>
        <styleUrl>#caution</styleUrl>
        <Polygon>
            <outerBoundaryIs>
                <LinearRing>
                    <coordinates>
                        82.0,6.4,0
                        82.2,6.4,0
                        82.2,6.6000000000000005,0
                        82.0,6.6000000000000005,0
                        82.0,6.4,0
                    </coordinates>
                </LinearRing>
            </outerBoundaryIs>
        </Polygon>
    </Placemark>
    <Placemark>
        <styleUrl>#caution</styleUrl>
        <Polygon>
            <outerBoundaryIs>
                <LinearRing>
                    <coordinates>
                        82.2,6.4,0
                        82.4,6.4,0
                        82.4,6.6000000000000005,0
                        82.2,6.6000000000000005,0
                        82.2,6.4,0
                    </coordinates>
                </LinearRing>
            </outerBoundaryIs>
        </Polygon>
    </Placemark>
    <Placemark>
        <styleUrl>#caution</styleUrl>
        <Polygon>
            <outerBoundaryIs>
                <LinearRing>
                    <coordinates>
                        82.4,6.4,0
                        82.60000000000001,6.4,0
                        82.60000000000001,6.6000000000000005,0
                        82.4,6.6000000000000005,0
                        82.4,6.4,0
                    </coordinates>
                </LinearRing>
            </outerBoundaryIs>
        </Polygon>
    </Placemark>
    <Placemark>
        <styleUrl>#caution</styleUrl>
        <Polygon>
            <outerBoundaryIs>
                <LinearRing>
                    <coordinates>
                        82.6,6.4,0
                        82.8,6.4,0
                        82.8,6.6000000000000005,0
                        82.6,6.6000000000000005,0
                        82.6,6.4,0
                    </coordinates>
                </LinearRing>
            </outerBoundaryIs>
        </Polygon>
    </Placemark>
    <Placemark>
        <styleUrl>#caution</styleUrl>
        <Polygon>
            <outerBoundaryIs>
                <LinearRing>
                    <coordinates>
                        82.8,6.4,0
                        83.0,6.4,0
                        83.0,6.6000000000000005,0
                        82.8,6.6000000000000005,0
                        82.8,6.4,0
                    </coordinates>
                </LinearRing>
            </outerBoundaryIs>
        </Polygon>
    </Placemark>
    <Placemark>
        <styleUrl>#caution</styleUrl>
        <Polygon>
            <outerBoundaryIs>
                <LinearRing>
                    <coordinates>
                        83.0,6.4,0
                        83.2,6.4,0
                        83.2,6.6000000000000005,0
                        83.0,6.6000000000000005,0
                        83.0,6.4,0
                    </coordinates>
                </LinearRing>
            </outerBoundaryIs>
        </Polygon>
    </Placemark>
    <Placemark>
        <styleUrl>#caution</styleUrl>
        <Polygon>
            <outerBoundaryIs>
                <LinearRing>
                    <coordinates>
                        83.2,6.4,0
                        83.4,6.4,0
                        83.4,6.6000000000000005,0
                        83.2,6.6000000000000005,0
                        83.2,6.4,0
                    </coordinates>
                </LinearRing>
            </outerBoundaryIs>
        </Polygon>
    </Placemark>
    <Placemark>
        <styleUrl>#caution</styleUrl>
        <Polygon>
            <outerBoundaryIs>
                <LinearRing>
                    <coordinates>
                        83.4,6.4,0
                        83.60000000000001,6.4,0
                        83.60000000000001,6.6000000000000005,0
                        83.4,6.6000000000000005,0
                        83.4,6.4,0
                    </coordinates>
                </LinearRing>
            </outerBoundaryIs>
        </Polygon>
    </Placemark>
    <Placemark>
        <styleUrl>#caution</styleUrl>
        <Polygon>
            <outerBoundaryIs>
                <LinearRing>
                    <coordinates>
                        83.6,6.4,0
                        83.8,6.4,0
                        83.8,6.6000000000000005,0
                        83.6,6.6000000000000005,0
                        83.6,6.4,0
                    </coordinates>
                </LinearRing>
            </outerBoundaryIs>
        </Polygon>
    </Placemark>
    <Placemark>
        <styleUrl>#caution</styleUrl>
        <Polygon>
            <outerBoundaryIs>
                <LinearRing>
                    <coordinates>
                        83.8,6.4,0
                        84.0,6.4,0
                        84.0,6.6000000000000005,0
                        83.8,6.6000000000000005,0
                        83.8,6.4,0
                    </coordinates>
                </LinearRing>
            </outerBoundaryIs>
        </Polygon>
    </Placemark>
    <Placemark>
        <styleUrl>#caution</styleUrl>
        <Polygon>
            <outerBoundaryIs>
                <LinearRing>
                    <coordinates>
                        84.0,6.4,0
                        84.2,6.4,0
                        84.2,6.6000000000000005,0
                        84.0,6.6000000000000005,0
                        84.0,6.4,0
                    </coordinates>
                </LinearRing>
            </outerBoundaryIs>
        </Polygon>
    </Placemark>
    <Placemark>
        <styleUrl>#caution</styleUrl>
        <Polygon>
            <outerBoundaryIs>
                <LinearRing>
                    <coordinates>
                        84.2,6.4,0
                        84.4,6.4,0
                        84.4,6.6000000000000005,0
                        84.2,6.6000000000000005,0
                        84.2,6.4,0
                    </coordinates>
                </LinearRing>
            </outerBoundaryIs>
        </Polygon>
    </Placemark>
    <Placemark>
        <styleUrl>#caution</styleUrl>
        <Polygon>
            <outerBoundaryIs>
                <LinearRing>
                    <coordinates>
                        84.4,6.4,0
                        84.60000000000001,6.4,0
                        84.60000000000001,6.6000000000000005,0
                        84.4,6.6000000000000005,0
                        84.4,6.4,0
                    </coordinates>
                </LinearRing>
            </outerBoundaryIs>
        </Polygon>
    </Placemark>
    <Placemark>
        <styleUrl>#caution</styleUrl>
        <Polygon>
            <outerBoundaryIs>
                <LinearRing>
                    <coordinates>
                        84.6,6.4,0
                        84.8,6.4,0
                        84.8,6.6000000000000005,0
                        84.6,6.6000000000000005,0
                        84.6,6.4,0
                    </coordinates>
                </LinearRing>
            </outerBoundaryIs>
        </Polygon>
    </Placemark>
    <Placemark>
        <styleUrl>#caution</styleUrl>
        <Polygon>
            <outerBoundaryIs>
                <LinearRing>
                    <coordinates>
                        65.0,6.6,0
                        65.2,6.6,0
                        65.2,6.8,0
                        65.0,6.8,0
                        65.0,6.6,0
                    </coordinates>
                </LinearRing>
            </outerBoundaryIs>
        </Polygon>
    </Placemark>
    <Placemark>
        <styleUrl>#caution</styleUrl>
        <Polygon>
            <outerBoundaryIs>
                <LinearRing>
                    <coordinates>
                        65.2,6.6,0
                        65.4,6.6,0
                        65.4,6.8,0
                        65.2,6.8,0
                        65.2,6.6,0
                    </coordinates>
                </LinearRing>
            </outerBoundaryIs>
        </Polygon>
    </Placemark>
    <Placemark>
        <styleUrl>#caution</styleUrl>
        <Polygon>
            <outerBoundaryIs>
                <LinearRing>
                    <coordinates>
                        65.4,6.6,0
                        65.60000000000001,6.6,0
                        65.60000000000001,6.8,0
                        65.4,6.8,0
                        65.4,6.6,0
                    </coordinates>
                </LinearRing>
            </outerBoundaryIs>
        </Polygon>
    </Placemark>
    <Placemark>
        <styleUrl>#caution</styleUrl>
        <Polygon>
            <outerBoundaryIs>
                <LinearRing>
                    <coordinates>
                        65.6,6.6,0
                        65.8,6.6,0
                        65.8,6.8,0
                        65.6,6.8,0
                        65.6,6.6,0
                    </coordinates>
                </LinearRing>
            </outerBoundaryIs>
        </Polygon>
    </Placemark>
    <Placemark>
        <styleUrl>#caution</styleUrl>
        <Polygon>
            <outerBoundaryIs>
                <LinearRing>
                    <coordinates>
                        65.8,6.6,0
                        66.0,6.6,0
                        66.0,6.8,0
                        65.8,6.8,0
                        65.8,6.6,0
                    </coordinates>
                </LinearRing>
            </outerBoundaryIs>
        </Polygon>
    </Placemark>
    <Placemark>
        <styleUrl>#caution</styleUrl>
        <Polygon>
            <outerBoundaryIs>
                <LinearRing>
                    <coordinates>
                        66.0,6.6,0
                        66.2,6.6,0
                        66.2,6.8,0
                        66.0,6.8,0
                        66.0,6.6,0
                    </coordinates>
                </LinearRing>
            </outerBoundaryIs>
        </Polygon>
    </Placemark>
    <Placemark>
        <styleUrl>#caution</styleUrl>
        <Polygon>
            <outerBoundaryIs>
                <LinearRing>
                    <coordinates>
                        66.2,6.6,0
                        66.4,6.6,0
                        66.4,6.8,0
                        66.2,6.8,0
                        66.2,6.6,0
                    </coordinates>
                </LinearRing>
            </outerBoundaryIs>
        </Polygon>
    </Placemark>
    <Placemark>
        <styleUrl>#caution</styleUrl>
        <Polygon>
            <outerBoundaryIs>
                <LinearRing>
                    <coordinates>
                        66.4,6.6,0
                        66.60000000000001,6.6,0
                        66.60000000000001,6.8,0
                        66.4,6.8,0
                        66.4,6.6,0
                    </coordinates>
                </LinearRing>
            </outerBoundaryIs>
        </Polygon>
    </Placemark>
    <Placemark>
        <styleUrl>#caution</styleUrl>
        <Polygon>
            <outerBoundaryIs>
                <LinearRing>
                    <coordinates>
                        66.6,6.6,0
                        66.8,6.6,0
                        66.8,6.8,0
                        66.6,6.8,0
                        66.6,6.6,0
                    </coordinates>
                </LinearRing>
            </outerBoundaryIs>
        </Polygon>
    </Placemark>
    <Placemark>
        <styleUrl>#caution</styleUrl>
        <Polygon>
            <outerBoundaryIs>
                <LinearRing>
                    <coordinates>
                        66.8,6.6,0
                        67.0,6.6,0
                        67.0,6.8,0
                        66.8,6.8,0
                        66.8,6.6,0
                    </coordinates>
                </LinearRing>
            </outerBoundaryIs>
        </Polygon>
    </Placemark>
    <Placemark>
        <styleUrl>#caution</styleUrl>
        <Polygon>
            <outerBoundaryIs>
                <LinearRing>
                    <coordinates>
                        67.0,6.6,0
                        67.2,6.6,0
                        67.2,6.8,0
                        67.0,6.8,0
                        67.0,6.6,0
                    </coordinates>
                </LinearRing>
            </outerBoundaryIs>
        </Polygon>
    </Placemark>
    <Placemark>
        <styleUrl>#caution</styleUrl>
        <Polygon>
            <outerBoundaryIs>
                <LinearRing>
                    <coordinates>
                        67.2,6.6,0
                        67.4,6.6,0
                        67.4,6.8,0
                        67.2,6.8,0
                        67.2,6.6,0
                    </coordinates>
                </LinearRing>
            </outerBoundaryIs>
        </Polygon>
    </Placemark>
    <Placemark>
        <styleUrl>#caution</styleUrl>
        <Polygon>
            <outerBoundaryIs>
                <LinearRing>
                    <coordinates>
                        67.4,6.6,0
                        67.60000000000001,6.6,0
                        67.60000000000001,6.8,0
                        67.4,6.8,0
                        67.4,6.6,0
                    </coordinates>
                </LinearRing>
            </outerBoundaryIs>
        </Polygon>
    </Placemark>
    <Placemark>
        <styleUrl>#caution</styleUrl>
        <Polygon>
            <outerBoundaryIs>
                <LinearRing>
                    <coordinates>
                        67.6,6.6,0
                        67.8,6.6,0
                        67.8,6.8,0
                        67.6,6.8,0
                        67.6,6.6,0
                    </coordinates>
                </LinearRing>
            </outerBoundaryIs>
        </Polygon>
    </Placemark>
    <Placemark>
        <styleUrl>#caution</styleUrl>
        <Polygon>
            <outerBoundaryIs>
                <LinearRing>
                    <coordinates>
                        67.8,6.6,0
                        68.0,6.6,0
                        68.0,6.8,0
                        67.8,6.8,0
                        67.8,6.6,0
                    </coordinates>
                </LinearRing>
            </outerBoundaryIs>
        </Polygon>
    </Placemark>
    <Placemark>
        <styleUrl>#caution</styleUrl>
        <Polygon>
            <outerBoundaryIs>
                <LinearRing>
                    <coordinates>
                        68.0,6.6,0
                        68.2,6.6,0
                        68.2,6.8,0
                        68.0,6.8,0
                        68.0,6.6,0
                    </coordinates>
                </LinearRing>
            </outerBoundaryIs>
        </Polygon>
    </Placemark>
    <Placemark>
        <styleUrl>#caution</styleUrl>
        <Polygon>
            <outerBoundaryIs>
                <LinearRing>
                    <coordinates>
                        68.2,6.6,0
                        68.4,6.6,0
                        68.4,6.8,0
                        68.2,6.8,0
                        68.2,6.6,0
                    </coordinates>
                </LinearRing>
            </outerBoundaryIs>
        </Polygon>
    </Placemark>
    <Placemark>
        <styleUrl>#caution</styleUrl>
        <Polygon>
            <outerBoundaryIs>
                <LinearRing>
                    <coordinates>
                        68.4,6.6,0
                        68.60000000000001,6.6,0
                        68.60000000000001,6.8,0
                        68.4,6.8,0
                        68.4,6.6,0
                    </coordinates>
                </LinearRing>
            </outerBoundaryIs>
        </Polygon>
    </Placemark>
    <Placemark>
        <styleUrl>#caution</styleUrl>
        <Polygon>
            <outerBoundaryIs>
                <LinearRing>
                    <coordinates>
                        68.6,6.6,0
                        68.8,6.6,0
                        68.8,6.8,0
                        68.6,6.8,0
                        68.6,6.6,0
                    </coordinates>
                </LinearRing>
            </outerBoundaryIs>
        </Polygon>
    </Placemark>
    <Placemark>
        <styleUrl>#caution</styleUrl>
        <Polygon>
            <outerBoundaryIs>
                <LinearRing>
                    <coordinates>
                        68.8,6.6,0
                        69.0,6.6,0
                        69.0,6.8,0
                        68.8,6.8,0
                        68.8,6.6,0
                    </coordinates>
                </LinearRing>
            </outerBoundaryIs>
        </Polygon>
    </Placemark>
    <Placemark>
        <styleUrl>#caution</styleUrl>
        <Polygon>
            <outerBoundaryIs>
                <LinearRing>
                    <coordinates>
                        69.0,6.6,0
                        69.2,6.6,0
                        69.2,6.8,0
                        69.0,6.8,0
                        69.0,6.6,0
                    </coordinates>
                </LinearRing>
            </outerBoundaryIs>
        </Polygon>
    </Placemark>
    <Placemark>
        <styleUrl>#caution</styleUrl>
        <Polygon>
            <outerBoundaryIs>
                <LinearRing>
                    <coordinates>
                        69.2,6.6,0
                        69.4,6.6,0
                        69.4,6.8,0
                        69.2,6.8,0
                        69.2,6.6,0
                    </coordinates>
                </LinearRing>
            </outerBoundaryIs>
        </Polygon>
    </Placemark>
    <Placemark>
        <styleUrl>#caution</styleUrl>
        <Polygon>
            <outerBoundaryIs>
                <LinearRing>
                    <coordinates>
                        69.4,6.6,0
                        69.60000000000001,6.6,0
                        69.60000000000001,6.8,0
                        69.4,6.8,0
                        69.4,6.6,0
                    </coordinates>
                </LinearRing>
            </outerBoundaryIs>
        </Polygon>
    </Placemark>
    <Placemark>
        <styleUrl>#caution</styleUrl>
        <Polygon>
            <outerBoundaryIs>
                <LinearRing>
                    <coordinates>
                        69.6,6.6,0
                        69.8,6.6,0
                        69.8,6.8,0
                        69.6,6.8,0
                        69.6,6.6,0
                    </coordinates>
                </LinearRing>
            </outerBoundaryIs>
        </Polygon>
    </Placemark>
    <Placemark>
        <styleUrl>#caution</styleUrl>
        <Polygon>
            <outerBoundaryIs>
                <LinearRing>
                    <coordinates>
                        69.8,6.6,0
                        70.0,6.6,0
                        70.0,6.8,0
                        69.8,6.8,0
                        69.8,6.6,0
                    </coordinates>
                </LinearRing>
            </outerBoundaryIs>
        </Polygon>
    </Placemark>
    <Placemark>
        <styleUrl>#caution</styleUrl>
        <Polygon>
            <outerBoundaryIs>
                <LinearRing>
                    <coordinates>
                        70.0,6.6,0
                        70.2,6.6,0
                        70.2,6.8,0
                        70.0,6.8,0
                        70.0,6.6,0
                    </coordinates>
                </LinearRing>
            </outerBoundaryIs>
        </Polygon>
    </Placemark>
    <Placemark>
        <styleUrl>#caution</styleUrl>
        <Polygon>
            <outerBoundaryIs>
                <LinearRing>
                    <coordinates>
                        70.2,6.6,0
                        70.4,6.6,0
                        70.4,6.8,0
                        70.2,6.8,0
                        70.2,6.6,0
                    </coordinates>
                </LinearRing>
            </outerBoundaryIs>
        </Polygon>
    </Placemark>
    <Placemark>
        <styleUrl>#caution</styleUrl>
        <Polygon>
            <outerBoundaryIs>
                <LinearRing>
                    <coordinates>
                        70.4,6.6,0
                        70.60000000000001,6.6,0
                        70.60000000000001,6.8,0
                        70.4,6.8,0
                        70.4,6.6,0
                    </coordinates>
                </LinearRing>
            </outerBoundaryIs>
        </Polygon>
    </Placemark>
    <Placemark>
        <styleUrl>#caution</styleUrl>
        <Polygon>
            <outerBoundaryIs>
                <LinearRing>
                    <coordinates>
                        70.6,6.6,0
                        70.8,6.6,0
                        70.8,6.8,0
                        70.6,6.8,0
                        70.6,6.6,0
                    </coordinates>
                </LinearRing>
            </outerBoundaryIs>
        </Polygon>
    </Placemark>
    <Placemark>
        <styleUrl>#caution</styleUrl>
        <Polygon>
            <outerBoundaryIs>
                <LinearRing>
                    <coordinates>
                        70.8,6.6,0
                        71.0,6.6,0
                        71.0,6.8,0
                        70.8,6.8,0
                        70.8,6.6,0
                    </coordinates>
                </LinearRing>
            </outerBoundaryIs>
        </Polygon>
    </Placemark>
    <Placemark>
        <styleUrl>#caution</styleUrl>
        <Polygon>
            <outerBoundaryIs>
                <LinearRing>
                    <coordinates>
                        71.0,6.6,0
                        71.2,6.6,0
                        71.2,6.8,0
                        71.0,6.8,0
                        71.0,6.6,0
                    </coordinates>
                </LinearRing>
            </outerBoundaryIs>
        </Polygon>
    </Placemark>
    <Placemark>
        <styleUrl>#caution</styleUrl>
        <Polygon>
            <outerBoundaryIs>
                <LinearRing>
                    <coordinates>
                        71.2,6.6,0
                        71.4,6.6,0
                        71.4,6.8,0
                        71.2,6.8,0
                        71.2,6.6,0
                    </coordinates>
                </LinearRing>
            </outerBoundaryIs>
        </Polygon>
    </Placemark>
    <Placemark>
        <styleUrl>#caution</styleUrl>
        <Polygon>
            <outerBoundaryIs>
                <LinearRing>
                    <coordinates>
                        71.4,6.6,0
                        71.60000000000001,6.6,0
                        71.60000000000001,6.8,0
                        71.4,6.8,0
                        71.4,6.6,0
                    </coordinates>
                </LinearRing>
            </outerBoundaryIs>
        </Polygon>
    </Placemark>
    <Placemark>
        <styleUrl>#caution</styleUrl>
        <Polygon>
            <outerBoundaryIs>
                <LinearRing>
                    <coordinates>
                        71.6,6.6,0
                        71.8,6.6,0
                        71.8,6.8,0
                        71.6,6.8,0
                        71.6,6.6,0
                    </coordinates>
                </LinearRing>
            </outerBoundaryIs>
        </Polygon>
    </Placemark>
    <Placemark>
        <styleUrl>#caution</styleUrl>
        <Polygon>
            <outerBoundaryIs>
                <LinearRing>
                    <coordinates>
                        71.8,6.6,0
                        72.0,6.6,0
                        72.0,6.8,0
                        71.8,6.8,0
                        71.8,6.6,0
                    </coordinates>
                </LinearRing>
            </outerBoundaryIs>
        </Polygon>
    </Placemark>
    <Placemark>
        <styleUrl>#caution</styleUrl>
        <Polygon>
            <outerBoundaryIs>
                <LinearRing>
                    <coordinates>
                        72.0,6.6,0
                        72.2,6.6,0
                        72.2,6.8,0
                        72.0,6.8,0
                        72.0,6.6,0
                    </coordinates>
                </LinearRing>
            </outerBoundaryIs>
        </Polygon>
    </Placemark>
    <Placemark>
        <styleUrl>#caution</styleUrl>
        <Polygon>
            <outerBoundaryIs>
                <LinearRing>
                    <coordinates>
                        72.2,6.6,0
                        72.4,6.6,0
                        72.4,6.8,0
                        72.2,6.8,0
                        72.2,6.6,0
                    </coordinates>
                </LinearRing>
            </outerBoundaryIs>
        </Polygon>
    </Placemark>
    <Placemark>
        <styleUrl>#caution</styleUrl>
        <Polygon>
            <outerBoundaryIs>
                <LinearRing>
                    <coordinates>
                        72.4,6.6,0
                        72.60000000000001,6.6,0
                        72.60000000000001,6.8,0
                        72.4,6.8,0
                        72.4,6.6,0
                    </coordinates>
                </LinearRing>
            </outerBoundaryIs>
        </Polygon>
    </Placemark>
    <Placemark>
        <styleUrl>#caution</styleUrl>
        <Polygon>
            <outerBoundaryIs>
                <LinearRing>
                    <coordinates>
                        72.6,6.6,0
                        72.8,6.6,0
                        72.8,6.8,0
                        72.6,6.8,0
                        72.6,6.6,0
                    </coordinates>
                </LinearRing>
            </outerBoundaryIs>
        </Polygon>
    </Placemark>
    <Placemark>
        <styleUrl>#caution</styleUrl>
        <Polygon>
            <outerBoundaryIs>
                <LinearRing>
                    <coordinates>
                        72.8,6.6,0
                        73.0,6.6,0
                        73.0,6.8,0
                        72.8,6.8,0
                        72.8,6.6,0
                    </coordinates>
                </LinearRing>
            </outerBoundaryIs>
        </Polygon>
    </Placemark>
    <Placemark>
        <styleUrl>#caution</styleUrl>
        <Polygon>
            <outerBoundaryIs>
                <LinearRing>
                    <coordinates>
                        73.0,6.6,0
                        73.2,6.6,0
                        73.2,6.8,0
                        73.0,6.8,0
                        73.0,6.6,0
                    </coordinates>
                </LinearRing>
            </outerBoundaryIs>
        </Polygon>
    </Placemark>
    <Placemark>
        <styleUrl>#caution</styleUrl>
        <Polygon>
            <outerBoundaryIs>
                <LinearRing>
                    <coordinates>
                        73.2,6.6,0
                        73.4,6.6,0
                        73.4,6.8,0
                        73.2,6.8,0
                        73.2,6.6,0
                    </coordinates>
                </LinearRing>
            </outerBoundaryIs>
        </Polygon>
    </Placemark>
    <Placemark>
        <styleUrl>#caution</styleUrl>
        <Polygon>
            <outerBoundaryIs>
                <LinearRing>
                    <coordinates>
                        73.4,6.6,0
                        73.60000000000001,6.6,0
                        73.60000000000001,6.8,0
                        73.4,6.8,0
                        73.4,6.6,0
                    </coordinates>
                </LinearRing>
            </outerBoundaryIs>
        </Polygon>
    </Placemark>
    <Placemark>
        <styleUrl>#caution</styleUrl>
        <Polygon>
            <outerBoundaryIs>
                <LinearRing>
                    <coordinates>
                        73.6,6.6,0
                        73.8,6.6,0
                        73.8,6.8,0
                        73.6,6.8,0
                        73.6,6.6,0
                    </coordinates>
                </LinearRing>
            </outerBoundaryIs>
        </Polygon>
    </Placemark>
    <Placemark>
        <styleUrl>#caution</styleUrl>
        <Polygon>
            <outerBoundaryIs>
                <LinearRing>
                    <coordinates>
                        73.8,6.6,0
                        74.0,6.6,0
                        74.0,6.8,0
                        73.8,6.8,0
                        73.8,6.6,0
                    </coordinates>
                </LinearRing>
            </outerBoundaryIs>
        </Polygon>
    </Placemark>
    <Placemark>
        <styleUrl>#caution</styleUrl>
        <Polygon>
            <outerBoundaryIs>
                <LinearRing>
                    <coordinates>
                        74.0,6.6,0
                        74.2,6.6,0
                        74.2,6.8,0
                        74.0,6.8,0
                        74.0,6.6,0
                    </coordinates>
                </LinearRing>
            </outerBoundaryIs>
        </Polygon>
    </Placemark>
    <Placemark>
        <styleUrl>#caution</styleUrl>
        <Polygon>
            <outerBoundaryIs>
                <LinearRing>
                    <coordinates>
                        74.2,6.6,0
                        74.4,6.6,0
                        74.4,6.8,0
                        74.2,6.8,0
                        74.2,6.6,0
                    </coordinates>
                </LinearRing>
            </outerBoundaryIs>
        </Polygon>
    </Placemark>
    <Placemark>
        <styleUrl>#caution</styleUrl>
        <Polygon>
            <outerBoundaryIs>
                <LinearRing>
                    <coordinates>
                        74.4,6.6,0
                        74.60000000000001,6.6,0
                        74.60000000000001,6.8,0
                        74.4,6.8,0
                        74.4,6.6,0
                    </coordinates>
                </LinearRing>
            </outerBoundaryIs>
        </Polygon>
    </Placemark>
    <Placemark>
        <styleUrl>#caution</styleUrl>
        <Polygon>
            <outerBoundaryIs>
                <LinearRing>
                    <coordinates>
                        74.6,6.6,0
                        74.8,6.6,0
                        74.8,6.8,0
                        74.6,6.8,0
                        74.6,6.6,0
                    </coordinates>
                </LinearRing>
            </outerBoundaryIs>
        </Polygon>
    </Placemark>
    <Placemark>
        <styleUrl>#caution</styleUrl>
        <Polygon>
            <outerBoundaryIs>
                <LinearRing>
                    <coordinates>
                        74.8,6.6,0
                        75.0,6.6,0
                        75.0,6.8,0
                        74.8,6.8,0
                        74.8,6.6,0
                    </coordinates>
                </LinearRing>
            </outerBoundaryIs>
        </Polygon>
    </Placemark>
    <Placemark>
        <styleUrl>#caution</styleUrl>
        <Polygon>
            <outerBoundaryIs>
                <LinearRing>
                    <coordinates>
                        75.0,6.6,0
                        75.2,6.6,0
                        75.2,6.8,0
                        75.0,6.8,0
                        75.0,6.6,0
                    </coordinates>
                </LinearRing>
            </outerBoundaryIs>
        </Polygon>
    </Placemark>
    <Placemark>
        <styleUrl>#caution</styleUrl>
        <Polygon>
            <outerBoundaryIs>
                <LinearRing>
                    <coordinates>
                        75.2,6.6,0
                        75.4,6.6,0
                        75.4,6.8,0
                        75.2,6.8,0
                        75.2,6.6,0
                    </coordinates>
                </LinearRing>
            </outerBoundaryIs>
        </Polygon>
    </Placemark>
    <Placemark>
        <styleUrl>#caution</styleUrl>
        <Polygon>
            <outerBoundaryIs>
                <LinearRing>
                    <coordinates>
                        75.4,6.6,0
                        75.60000000000001,6.6,0
                        75.60000000000001,6.8,0
                        75.4,6.8,0
                        75.4,6.6,0
                    </coordinates>
                </LinearRing>
            </outerBoundaryIs>
        </Polygon>
    </Placemark>
    <Placemark>
        <styleUrl>#caution</styleUrl>
        <Polygon>
            <outerBoundaryIs>
                <LinearRing>
                    <coordinates>
                        75.6,6.6,0
                        75.8,6.6,0
                        75.8,6.8,0
                        75.6,6.8,0
                        75.6,6.6,0
                    </coordinates>
                </LinearRing>
            </outerBoundaryIs>
        </Polygon>
    </Placemark>
    <Placemark>
        <styleUrl>#caution</styleUrl>
        <Polygon>
            <outerBoundaryIs>
                <LinearRing>
                    <coordinates>
                        75.8,6.6,0
                        76.0,6.6,0
                        76.0,6.8,0
                        75.8,6.8,0
                        75.8,6.6,0
                    </coordinates>
                </LinearRing>
            </outerBoundaryIs>
        </Polygon>
    </Placemark>
    <Placemark>
        <styleUrl>#caution</styleUrl>
        <Polygon>
            <outerBoundaryIs>
                <LinearRing>
                    <coordinates>
                        76.0,6.6,0
                        76.2,6.6,0
                        76.2,6.8,0
                        76.0,6.8,0
                        76.0,6.6,0
                    </coordinates>
                </LinearRing>
            </outerBoundaryIs>
        </Polygon>
    </Placemark>
    <Placemark>
        <styleUrl>#caution</styleUrl>
        <Polygon>
            <outerBoundaryIs>
                <LinearRing>
                    <coordinates>
                        76.2,6.6,0
                        76.4,6.6,0
                        76.4,6.8,0
                        76.2,6.8,0
                        76.2,6.6,0
                    </coordinates>
                </LinearRing>
            </outerBoundaryIs>
        </Polygon>
    </Placemark>
    <Placemark>
        <styleUrl>#caution</styleUrl>
        <Polygon>
            <outerBoundaryIs>
                <LinearRing>
                    <coordinates>
                        76.4,6.6,0
                        76.60000000000001,6.6,0
                        76.60000000000001,6.8,0
                        76.4,6.8,0
                        76.4,6.6,0
                    </coordinates>
                </LinearRing>
            </outerBoundaryIs>
        </Polygon>
    </Placemark>
    <Placemark>
        <styleUrl>#caution</styleUrl>
        <Polygon>
            <outerBoundaryIs>
                <LinearRing>
                    <coordinates>
                        76.6,6.6,0
                        76.8,6.6,0
                        76.8,6.8,0
                        76.6,6.8,0
                        76.6,6.6,0
                    </coordinates>
                </LinearRing>
            </outerBoundaryIs>
        </Polygon>
    </Placemark>
    <Placemark>
        <styleUrl>#caution</styleUrl>
        <Polygon>
            <outerBoundaryIs>
                <LinearRing>
                    <coordinates>
                        76.8,6.6,0
                        77.0,6.6,0
                        77.0,6.8,0
                        76.8,6.8,0
                        76.8,6.6,0
                    </coordinates>
                </LinearRing>
            </outerBoundaryIs>
        </Polygon>
    </Placemark>
    <Placemark>
        <styleUrl>#caution</styleUrl>
        <Polygon>
            <outerBoundaryIs>
                <LinearRing>
                    <coordinates>
                        77.0,6.6,0
                        77.2,6.6,0
                        77.2,6.8,0
                        77.0,6.8,0
                        77.0,6.6,0
                    </coordinates>
                </LinearRing>
            </outerBoundaryIs>
        </Polygon>
    </Placemark>
    <Placemark>
        <styleUrl>#caution</styleUrl>
        <Polygon>
            <outerBoundaryIs>
                <LinearRing>
                    <coordinates>
                        77.2,6.6,0
                        77.4,6.6,0
                        77.4,6.8,0
                        77.2,6.8,0
                        77.2,6.6,0
                    </coordinates>
                </LinearRing>
            </outerBoundaryIs>
        </Polygon>
    </Placemark>
    <Placemark>
        <styleUrl>#caution</styleUrl>
        <Polygon>
            <outerBoundaryIs>
                <LinearRing>
                    <coordinates>
                        77.4,6.6,0
                        77.60000000000001,6.6,0
                        77.60000000000001,6.8,0
                        77.4,6.8,0
                        77.4,6.6,0
                    </coordinates>
                </LinearRing>
            </outerBoundaryIs>
        </Polygon>
    </Placemark>
    <Placemark>
        <styleUrl>#caution</styleUrl>
        <Polygon>
            <outerBoundaryIs>
                <LinearRing>
                    <coordinates>
                        77.6,6.6,0
                        77.8,6.6,0
                        77.8,6.8,0
                        77.6,6.8,0
                        77.6,6.6,0
                    </coordinates>
                </LinearRing>
            </outerBoundaryIs>
        </Polygon>
    </Placemark>
    <Placemark>
        <styleUrl>#caution</styleUrl>
        <Polygon>
            <outerBoundaryIs>
                <LinearRing>
                    <coordinates>
                        77.8,6.6,0
                        78.0,6.6,0
                        78.0,6.8,0
                        77.8,6.8,0
                        77.8,6.6,0
                    </coordinates>
                </LinearRing>
            </outerBoundaryIs>
        </Polygon>
    </Placemark>
    <Placemark>
        <styleUrl>#caution</styleUrl>
        <Polygon>
            <outerBoundaryIs>
                <LinearRing>
                    <coordinates>
                        78.0,6.6,0
                        78.2,6.6,0
                        78.2,6.8,0
                        78.0,6.8,0
                        78.0,6.6,0
                    </coordinates>
                </LinearRing>
            </outerBoundaryIs>
        </Polygon>
    </Placemark>
    <Placemark>
        <styleUrl>#caution</styleUrl>
        <Polygon>
            <outerBoundaryIs>
                <LinearRing>
                    <coordinates>
                        78.2,6.6,0
                        78.4,6.6,0
                        78.4,6.8,0
                        78.2,6.8,0
                        78.2,6.6,0
                    </coordinates>
                </LinearRing>
            </outerBoundaryIs>
        </Polygon>
    </Placemark>
    <Placemark>
        <styleUrl>#caution</styleUrl>
        <Polygon>
            <outerBoundaryIs>
                <LinearRing>
                    <coordinates>
                        78.4,6.6,0
                        78.60000000000001,6.6,0
                        78.60000000000001,6.8,0
                        78.4,6.8,0
                        78.4,6.6,0
                    </coordinates>
                </LinearRing>
            </outerBoundaryIs>
        </Polygon>
    </Placemark>
    <Placemark>
        <styleUrl>#caution</styleUrl>
        <Polygon>
            <outerBoundaryIs>
                <LinearRing>
                    <coordinates>
                        78.6,6.6,0
                        78.8,6.6,0
                        78.8,6.8,0
                        78.6,6.8,0
                        78.6,6.6,0
                    </coordinates>
                </LinearRing>
            </outerBoundaryIs>
        </Polygon>
    </Placemark>
    <Placemark>
        <styleUrl>#caution</styleUrl>
        <Polygon>
            <outerBoundaryIs>
                <LinearRing>
                    <coordinates>
                        78.8,6.6,0
                        79.0,6.6,0
                        79.0,6.8,0
                        78.8,6.8,0
                        78.8,6.6,0
                    </coordinates>
                </LinearRing>
            </outerBoundaryIs>
        </Polygon>
    </Placemark>
    <Placemark>
        <styleUrl>#caution</styleUrl>
        <Polygon>
            <outerBoundaryIs>
                <LinearRing>
                    <coordinates>
                        79.0,6.6,0
                        79.2,6.6,0
                        79.2,6.8,0
                        79.0,6.8,0
                        79.0,6.6,0
                    </coordinates>
                </LinearRing>
            </outerBoundaryIs>
        </Polygon>
    </Placemark>
    <Placemark>
        <styleUrl>#caution</styleUrl>
        <Polygon>
            <outerBoundaryIs>
                <LinearRing>
                    <coordinates>
                        79.2,6.6,0
                        79.4,6.6,0
                        79.4,6.8,0
                        79.2,6.8,0
                        79.2,6.6,0
                    </coordinates>
                </LinearRing>
            </outerBoundaryIs>
        </Polygon>
    </Placemark>
    <Placemark>
        <styleUrl>#caution</styleUrl>
        <Polygon>
            <outerBoundaryIs>
                <LinearRing>
                    <coordinates>
                        79.4,6.6,0
                        79.60000000000001,6.6,0
                        79.60000000000001,6.8,0
                        79.4,6.8,0
                        79.4,6.6,0
                    </coordinates>
                </LinearRing>
            </outerBoundaryIs>
        </Polygon>
    </Placemark>
    <Placemark>
        <styleUrl>#caution</styleUrl>
        <Polygon>
            <outerBoundaryIs>
                <LinearRing>
                    <coordinates>
                        79.6,6.6,0
                        79.8,6.6,0
                        79.8,6.8,0
                        79.6,6.8,0
                        79.6,6.6,0
                    </coordinates>
                </LinearRing>
            </outerBoundaryIs>
        </Polygon>
    </Placemark>
    <Placemark>
        <styleUrl>#caution</styleUrl>
        <Polygon>
            <outerBoundaryIs>
                <LinearRing>
                    <coordinates>
                        79.8,6.6,0
                        80.0,6.6,0
                        80.0,6.8,0
                        79.8,6.8,0
                        79.8,6.6,0
                    </coordinates>
                </LinearRing>
            </outerBoundaryIs>
        </Polygon>
    </Placemark>
    <Placemark>
        <styleUrl>#caution</styleUrl>
        <Polygon>
            <outerBoundaryIs>
                <LinearRing>
                    <coordinates>
                        80.0,6.6,0
                        80.2,6.6,0
                        80.2,6.8,0
                        80.0,6.8,0
                        80.0,6.6,0
                    </coordinates>
                </LinearRing>
            </outerBoundaryIs>
        </Polygon>
    </Placemark>
    <Placemark>
        <styleUrl>#caution</styleUrl>
        <Polygon>
            <outerBoundaryIs>
                <LinearRing>
                    <coordinates>
                        80.2,6.6,0
                        80.4,6.6,0
                        80.4,6.8,0
                        80.2,6.8,0
                        80.2,6.6,0
                    </coordinates>
                </LinearRing>
            </outerBoundaryIs>
        </Polygon>
    </Placemark>
    <Placemark>
        <styleUrl>#caution</styleUrl>
        <Polygon>
            <outerBoundaryIs>
                <LinearRing>
                    <coordinates>
                        80.4,6.6,0
                        80.60000000000001,6.6,0
                        80.60000000000001,6.8,0
                        80.4,6.8,0
                        80.4,6.6,0
                    </coordinates>
                </LinearRing>
            </outerBoundaryIs>
        </Polygon>
    </Placemark>
    <Placemark>
        <styleUrl>#caution</styleUrl>
        <Polygon>
            <outerBoundaryIs>
                <LinearRing>
                    <coordinates>
                        80.6,6.6,0
                        80.8,6.6,0
                        80.8,6.8,0
                        80.6,6.8,0
                        80.6,6.6,0
                    </coordinates>
                </LinearRing>
            </outerBoundaryIs>
        </Polygon>
    </Placemark>
    <Placemark>
        <styleUrl>#caution</styleUrl>
        <Polygon>
            <outerBoundaryIs>
                <LinearRing>
                    <coordinates>
                        80.8,6.6,0
                        81.0,6.6,0
                        81.0,6.8,0
                        80.8,6.8,0
                        80.8,6.6,0
                    </coordinates>
                </LinearRing>
            </outerBoundaryIs>
        </Polygon>
    </Placemark>
    <Placemark>
        <styleUrl>#caution</styleUrl>
        <Polygon>
            <outerBoundaryIs>
                <LinearRing>
                    <coordinates>
                        81.0,6.6,0
                        81.2,6.6,0
                        81.2,6.8,0
                        81.0,6.8,0
                        81.0,6.6,0
                    </coordinates>
                </LinearRing>
            </outerBoundaryIs>
        </Polygon>
    </Placemark>
    <Placemark>
        <styleUrl>#caution</styleUrl>
        <Polygon>
            <outerBoundaryIs>
                <LinearRing>
                    <coordinates>
                        81.2,6.6,0
                        81.4,6.6,0
                        81.4,6.8,0
                        81.2,6.8,0
                        81.2,6.6,0
                    </coordinates>
                </LinearRing>
            </outerBoundaryIs>
        </Polygon>
    </Placemark>
    <Placemark>
        <styleUrl>#caution</styleUrl>
        <Polygon>
            <outerBoundaryIs>
                <LinearRing>
                    <coordinates>
                        81.4,6.6,0
                        81.60000000000001,6.6,0
                        81.60000000000001,6.8,0
                        81.4,6.8,0
                        81.4,6.6,0
                    </coordinates>
                </LinearRing>
            </outerBoundaryIs>
        </Polygon>
    </Placemark>
    <Placemark>
        <styleUrl>#caution</styleUrl>
        <Polygon>
            <outerBoundaryIs>
                <LinearRing>
                    <coordinates>
                        81.6,6.6,0
                        81.8,6.6,0
                        81.8,6.8,0
                        81.6,6.8,0
                        81.6,6.6,0
                    </coordinates>
                </LinearRing>
            </outerBoundaryIs>
        </Polygon>
    </Placemark>
    <Placemark>
        <styleUrl>#caution</styleUrl>
        <Polygon>
            <outerBoundaryIs>
                <LinearRing>
                    <coordinates>
                        81.8,6.6,0
                        82.0,6.6,0
                        82.0,6.8,0
                        81.8,6.8,0
                        81.8,6.6,0
                    </coordinates>
                </LinearRing>
            </outerBoundaryIs>
        </Polygon>
    </Placemark>
    <Placemark>
        <styleUrl>#caution</styleUrl>
        <Polygon>
            <outerBoundaryIs>
                <LinearRing>
                    <coordinates>
                        82.0,6.6,0
                        82.2,6.6,0
                        82.2,6.8,0
                        82.0,6.8,0
                        82.0,6.6,0
                    </coordinates>
                </LinearRing>
            </outerBoundaryIs>
        </Polygon>
    </Placemark>
    <Placemark>
        <styleUrl>#caution</styleUrl>
        <Polygon>
            <outerBoundaryIs>
                <LinearRing>
                    <coordinates>
                        82.2,6.6,0
                        82.4,6.6,0
                        82.4,6.8,0
                        82.2,6.8,0
                        82.2,6.6,0
                    </coordinates>
                </LinearRing>
            </outerBoundaryIs>
        </Polygon>
    </Placemark>
    <Placemark>
        <styleUrl>#caution</styleUrl>
        <Polygon>
            <outerBoundaryIs>
                <LinearRing>
                    <coordinates>
                        82.4,6.6,0
                        82.60000000000001,6.6,0
                        82.60000000000001,6.8,0
                        82.4,6.8,0
                        82.4,6.6,0
                    </coordinates>
                </LinearRing>
            </outerBoundaryIs>
        </Polygon>
    </Placemark>
    <Placemark>
        <styleUrl>#caution</styleUrl>
        <Polygon>
            <outerBoundaryIs>
                <LinearRing>
                    <coordinates>
                        82.6,6.6,0
                        82.8,6.6,0
                        82.8,6.8,0
                        82.6,6.8,0
                        82.6,6.6,0
                    </coordinates>
                </LinearRing>
            </outerBoundaryIs>
        </Polygon>
    </Placemark>
    <Placemark>
        <styleUrl>#caution</styleUrl>
        <Polygon>
            <outerBoundaryIs>
                <LinearRing>
                    <coordinates>
                        82.8,6.6,0
                        83.0,6.6,0
                        83.0,6.8,0
                        82.8,6.8,0
                        82.8,6.6,0
                    </coordinates>
                </LinearRing>
            </outerBoundaryIs>
        </Polygon>
    </Placemark>
    <Placemark>
        <styleUrl>#caution</styleUrl>
        <Polygon>
            <outerBoundaryIs>
                <LinearRing>
                    <coordinates>
                        83.0,6.6,0
                        83.2,6.6,0
                        83.2,6.8,0
                        83.0,6.8,0
                        83.0,6.6,0
                    </coordinates>
                </LinearRing>
            </outerBoundaryIs>
        </Polygon>
    </Placemark>
    <Placemark>
        <styleUrl>#caution</styleUrl>
        <Polygon>
            <outerBoundaryIs>
                <LinearRing>
                    <coordinates>
                        83.2,6.6,0
                        83.4,6.6,0
                        83.4,6.8,0
                        83.2,6.8,0
                        83.2,6.6,0
                    </coordinates>
                </LinearRing>
            </outerBoundaryIs>
        </Polygon>
    </Placemark>
    <Placemark>
        <styleUrl>#caution</styleUrl>
        <Polygon>
            <outerBoundaryIs>
                <LinearRing>
                    <coordinates>
                        83.4,6.6,0
                        83.60000000000001,6.6,0
                        83.60000000000001,6.8,0
                        83.4,6.8,0
                        83.4,6.6,0
                    </coordinates>
                </LinearRing>
            </outerBoundaryIs>
        </Polygon>
    </Placemark>
    <Placemark>
        <styleUrl>#caution</styleUrl>
        <Polygon>
            <outerBoundaryIs>
                <LinearRing>
                    <coordinates>
                        83.6,6.6,0
                        83.8,6.6,0
                        83.8,6.8,0
                        83.6,6.8,0
                        83.6,6.6,0
                    </coordinates>
                </LinearRing>
            </outerBoundaryIs>
        </Polygon>
    </Placemark>
    <Placemark>
        <styleUrl>#caution</styleUrl>
        <Polygon>
            <outerBoundaryIs>
                <LinearRing>
                    <coordinates>
                        83.8,6.6,0
                        84.0,6.6,0
                        84.0,6.8,0
                        83.8,6.8,0
                        83.8,6.6,0
                    </coordinates>
                </LinearRing>
            </outerBoundaryIs>
        </Polygon>
    </Placemark>
    <Placemark>
        <styleUrl>#caution</styleUrl>
        <Polygon>
            <outerBoundaryIs>
                <LinearRing>
                    <coordinates>
                        84.0,6.6,0
                        84.2,6.6,0
                        84.2,6.8,0
                        84.0,6.8,0
                        84.0,6.6,0
                    </coordinates>
                </LinearRing>
            </outerBoundaryIs>
        </Polygon>
    </Placemark>
    <Placemark>
        <styleUrl>#caution</styleUrl>
        <Polygon>
            <outerBoundaryIs>
                <LinearRing>
                    <coordinates>
                        84.2,6.6,0
                        84.4,6.6,0
                        84.4,6.8,0
                        84.2,6.8,0
                        84.2,6.6,0
                    </coordinates>
                </LinearRing>
            </outerBoundaryIs>
        </Polygon>
    </Placemark>
    <Placemark>
        <styleUrl>#caution</styleUrl>
        <Polygon>
            <outerBoundaryIs>
                <LinearRing>
                    <coordinates>
                        84.4,6.6,0
                        84.60000000000001,6.6,0
                        84.60000000000001,6.8,0
                        84.4,6.8,0
                        84.4,6.6,0
                    </coordinates>
                </LinearRing>
            </outerBoundaryIs>
        </Polygon>
    </Placemark>
    <Placemark>
        <styleUrl>#caution</styleUrl>
        <Polygon>
            <outerBoundaryIs>
                <LinearRing>
                    <coordinates>
                        84.6,6.6,0
                        84.8,6.6,0
                        84.8,6.8,0
                        84.6,6.8,0
                        84.6,6.6,0
                    </coordinates>
                </LinearRing>
            </outerBoundaryIs>
        </Polygon>
    </Placemark>
    <Placemark>
        <styleUrl>#caution</styleUrl>
        <Polygon>
            <outerBoundaryIs>
                <LinearRing>
                    <coordinates>
                        65.0,6.8,0
                        65.2,6.8,0
                        65.2,7.0,0
                        65.0,7.0,0
                        65.0,6.8,0
                    </coordinates>
                </LinearRing>
            </outerBoundaryIs>
        </Polygon>
    </Placemark>
    <Placemark>
        <styleUrl>#caution</styleUrl>
        <Polygon>
            <outerBoundaryIs>
                <LinearRing>
                    <coordinates>
                        65.2,6.8,0
                        65.4,6.8,0
                        65.4,7.0,0
                        65.2,7.0,0
                        65.2,6.8,0
                    </coordinates>
                </LinearRing>
            </outerBoundaryIs>
        </Polygon>
    </Placemark>
    <Placemark>
        <styleUrl>#caution</styleUrl>
        <Polygon>
            <outerBoundaryIs>
                <LinearRing>
                    <coordinates>
                        65.4,6.8,0
                        65.60000000000001,6.8,0
                        65.60000000000001,7.0,0
                        65.4,7.0,0
                        65.4,6.8,0
                    </coordinates>
                </LinearRing>
            </outerBoundaryIs>
        </Polygon>
    </Placemark>
    <Placemark>
        <styleUrl>#caution</styleUrl>
        <Polygon>
            <outerBoundaryIs>
                <LinearRing>
                    <coordinates>
                        65.6,6.8,0
                        65.8,6.8,0
                        65.8,7.0,0
                        65.6,7.0,0
                        65.6,6.8,0
                    </coordinates>
                </LinearRing>
            </outerBoundaryIs>
        </Polygon>
    </Placemark>
    <Placemark>
        <styleUrl>#caution</styleUrl>
        <Polygon>
            <outerBoundaryIs>
                <LinearRing>
                    <coordinates>
                        65.8,6.8,0
                        66.0,6.8,0
                        66.0,7.0,0
                        65.8,7.0,0
                        65.8,6.8,0
                    </coordinates>
                </LinearRing>
            </outerBoundaryIs>
        </Polygon>
    </Placemark>
    <Placemark>
        <styleUrl>#caution</styleUrl>
        <Polygon>
            <outerBoundaryIs>
                <LinearRing>
                    <coordinates>
                        66.0,6.8,0
                        66.2,6.8,0
                        66.2,7.0,0
                        66.0,7.0,0
                        66.0,6.8,0
                    </coordinates>
                </LinearRing>
            </outerBoundaryIs>
        </Polygon>
    </Placemark>
    <Placemark>
        <styleUrl>#caution</styleUrl>
        <Polygon>
            <outerBoundaryIs>
                <LinearRing>
                    <coordinates>
                        66.2,6.8,0
                        66.4,6.8,0
                        66.4,7.0,0
                        66.2,7.0,0
                        66.2,6.8,0
                    </coordinates>
                </LinearRing>
            </outerBoundaryIs>
        </Polygon>
    </Placemark>
    <Placemark>
        <styleUrl>#caution</styleUrl>
        <Polygon>
            <outerBoundaryIs>
                <LinearRing>
                    <coordinates>
                        66.4,6.8,0
                        66.60000000000001,6.8,0
                        66.60000000000001,7.0,0
                        66.4,7.0,0
                        66.4,6.8,0
                    </coordinates>
                </LinearRing>
            </outerBoundaryIs>
        </Polygon>
    </Placemark>
    <Placemark>
        <styleUrl>#caution</styleUrl>
        <Polygon>
            <outerBoundaryIs>
                <LinearRing>
                    <coordinates>
                        66.6,6.8,0
                        66.8,6.8,0
                        66.8,7.0,0
                        66.6,7.0,0
                        66.6,6.8,0
                    </coordinates>
                </LinearRing>
            </outerBoundaryIs>
        </Polygon>
    </Placemark>
    <Placemark>
        <styleUrl>#caution</styleUrl>
        <Polygon>
            <outerBoundaryIs>
                <LinearRing>
                    <coordinates>
                        66.8,6.8,0
                        67.0,6.8,0
                        67.0,7.0,0
                        66.8,7.0,0
                        66.8,6.8,0
                    </coordinates>
                </LinearRing>
            </outerBoundaryIs>
        </Polygon>
    </Placemark>
    <Placemark>
        <styleUrl>#caution</styleUrl>
        <Polygon>
            <outerBoundaryIs>
                <LinearRing>
                    <coordinates>
                        67.0,6.8,0
                        67.2,6.8,0
                        67.2,7.0,0
                        67.0,7.0,0
                        67.0,6.8,0
                    </coordinates>
                </LinearRing>
            </outerBoundaryIs>
        </Polygon>
    </Placemark>
    <Placemark>
        <styleUrl>#caution</styleUrl>
        <Polygon>
            <outerBoundaryIs>
                <LinearRing>
                    <coordinates>
                        67.2,6.8,0
                        67.4,6.8,0
                        67.4,7.0,0
                        67.2,7.0,0
                        67.2,6.8,0
                    </coordinates>
                </LinearRing>
            </outerBoundaryIs>
        </Polygon>
    </Placemark>
    <Placemark>
        <styleUrl>#caution</styleUrl>
        <Polygon>
            <outerBoundaryIs>
                <LinearRing>
                    <coordinates>
                        67.4,6.8,0
                        67.60000000000001,6.8,0
                        67.60000000000001,7.0,0
                        67.4,7.0,0
                        67.4,6.8,0
                    </coordinates>
                </LinearRing>
            </outerBoundaryIs>
        </Polygon>
    </Placemark>
    <Placemark>
        <styleUrl>#caution</styleUrl>
        <Polygon>
            <outerBoundaryIs>
                <LinearRing>
                    <coordinates>
                        67.6,6.8,0
                        67.8,6.8,0
                        67.8,7.0,0
                        67.6,7.0,0
                        67.6,6.8,0
                    </coordinates>
                </LinearRing>
            </outerBoundaryIs>
        </Polygon>
    </Placemark>
    <Placemark>
        <styleUrl>#caution</styleUrl>
        <Polygon>
            <outerBoundaryIs>
                <LinearRing>
                    <coordinates>
                        67.8,6.8,0
                        68.0,6.8,0
                        68.0,7.0,0
                        67.8,7.0,0
                        67.8,6.8,0
                    </coordinates>
                </LinearRing>
            </outerBoundaryIs>
        </Polygon>
    </Placemark>
    <Placemark>
        <styleUrl>#caution</styleUrl>
        <Polygon>
            <outerBoundaryIs>
                <LinearRing>
                    <coordinates>
                        68.0,6.8,0
                        68.2,6.8,0
                        68.2,7.0,0
                        68.0,7.0,0
                        68.0,6.8,0
                    </coordinates>
                </LinearRing>
            </outerBoundaryIs>
        </Polygon>
    </Placemark>
    <Placemark>
        <styleUrl>#caution</styleUrl>
        <Polygon>
            <outerBoundaryIs>
                <LinearRing>
                    <coordinates>
                        68.2,6.8,0
                        68.4,6.8,0
                        68.4,7.0,0
                        68.2,7.0,0
                        68.2,6.8,0
                    </coordinates>
                </LinearRing>
            </outerBoundaryIs>
        </Polygon>
    </Placemark>
    <Placemark>
        <styleUrl>#caution</styleUrl>
        <Polygon>
            <outerBoundaryIs>
                <LinearRing>
                    <coordinates>
                        68.4,6.8,0
                        68.60000000000001,6.8,0
                        68.60000000000001,7.0,0
                        68.4,7.0,0
                        68.4,6.8,0
                    </coordinates>
                </LinearRing>
            </outerBoundaryIs>
        </Polygon>
    </Placemark>
    <Placemark>
        <styleUrl>#caution</styleUrl>
        <Polygon>
            <outerBoundaryIs>
                <LinearRing>
                    <coordinates>
                        68.6,6.8,0
                        68.8,6.8,0
                        68.8,7.0,0
                        68.6,7.0,0
                        68.6,6.8,0
                    </coordinates>
                </LinearRing>
            </outerBoundaryIs>
        </Polygon>
    </Placemark>
    <Placemark>
        <styleUrl>#caution</styleUrl>
        <Polygon>
            <outerBoundaryIs>
                <LinearRing>
                    <coordinates>
                        68.8,6.8,0
                        69.0,6.8,0
                        69.0,7.0,0
                        68.8,7.0,0
                        68.8,6.8,0
                    </coordinates>
                </LinearRing>
            </outerBoundaryIs>
        </Polygon>
    </Placemark>
    <Placemark>
        <styleUrl>#caution</styleUrl>
        <Polygon>
            <outerBoundaryIs>
                <LinearRing>
                    <coordinates>
                        69.0,6.8,0
                        69.2,6.8,0
                        69.2,7.0,0
                        69.0,7.0,0
                        69.0,6.8,0
                    </coordinates>
                </LinearRing>
            </outerBoundaryIs>
        </Polygon>
    </Placemark>
    <Placemark>
        <styleUrl>#caution</styleUrl>
        <Polygon>
            <outerBoundaryIs>
                <LinearRing>
                    <coordinates>
                        69.2,6.8,0
                        69.4,6.8,0
                        69.4,7.0,0
                        69.2,7.0,0
                        69.2,6.8,0
                    </coordinates>
                </LinearRing>
            </outerBoundaryIs>
        </Polygon>
    </Placemark>
    <Placemark>
        <styleUrl>#caution</styleUrl>
        <Polygon>
            <outerBoundaryIs>
                <LinearRing>
                    <coordinates>
                        69.4,6.8,0
                        69.60000000000001,6.8,0
                        69.60000000000001,7.0,0
                        69.4,7.0,0
                        69.4,6.8,0
                    </coordinates>
                </LinearRing>
            </outerBoundaryIs>
        </Polygon>
    </Placemark>
    <Placemark>
        <styleUrl>#caution</styleUrl>
        <Polygon>
            <outerBoundaryIs>
                <LinearRing>
                    <coordinates>
                        69.6,6.8,0
                        69.8,6.8,0
                        69.8,7.0,0
                        69.6,7.0,0
                        69.6,6.8,0
                    </coordinates>
                </LinearRing>
            </outerBoundaryIs>
        </Polygon>
    </Placemark>
    <Placemark>
        <styleUrl>#caution</styleUrl>
        <Polygon>
            <outerBoundaryIs>
                <LinearRing>
                    <coordinates>
                        69.8,6.8,0
                        70.0,6.8,0
                        70.0,7.0,0
                        69.8,7.0,0
                        69.8,6.8,0
                    </coordinates>
                </LinearRing>
            </outerBoundaryIs>
        </Polygon>
    </Placemark>
    <Placemark>
        <styleUrl>#caution</styleUrl>
        <Polygon>
            <outerBoundaryIs>
                <LinearRing>
                    <coordinates>
                        70.0,6.8,0
                        70.2,6.8,0
                        70.2,7.0,0
                        70.0,7.0,0
                        70.0,6.8,0
                    </coordinates>
                </LinearRing>
            </outerBoundaryIs>
        </Polygon>
    </Placemark>
    <Placemark>
        <styleUrl>#caution</styleUrl>
        <Polygon>
            <outerBoundaryIs>
                <LinearRing>
                    <coordinates>
                        70.2,6.8,0
                        70.4,6.8,0
                        70.4,7.0,0
                        70.2,7.0,0
                        70.2,6.8,0
                    </coordinates>
                </LinearRing>
            </outerBoundaryIs>
        </Polygon>
    </Placemark>
    <Placemark>
        <styleUrl>#caution</styleUrl>
        <Polygon>
            <outerBoundaryIs>
                <LinearRing>
                    <coordinates>
                        70.4,6.8,0
                        70.60000000000001,6.8,0
                        70.60000000000001,7.0,0
                        70.4,7.0,0
                        70.4,6.8,0
                    </coordinates>
                </LinearRing>
            </outerBoundaryIs>
        </Polygon>
    </Placemark>
    <Placemark>
        <styleUrl>#caution</styleUrl>
        <Polygon>
            <outerBoundaryIs>
                <LinearRing>
                    <coordinates>
                        70.6,6.8,0
                        70.8,6.8,0
                        70.8,7.0,0
                        70.6,7.0,0
                        70.6,6.8,0
                    </coordinates>
                </LinearRing>
            </outerBoundaryIs>
        </Polygon>
    </Placemark>
    <Placemark>
        <styleUrl>#caution</styleUrl>
        <Polygon>
            <outerBoundaryIs>
                <LinearRing>
                    <coordinates>
                        70.8,6.8,0
                        71.0,6.8,0
                        71.0,7.0,0
                        70.8,7.0,0
                        70.8,6.8,0
                    </coordinates>
                </LinearRing>
            </outerBoundaryIs>
        </Polygon>
    </Placemark>
    <Placemark>
        <styleUrl>#caution</styleUrl>
        <Polygon>
            <outerBoundaryIs>
                <LinearRing>
                    <coordinates>
                        71.0,6.8,0
                        71.2,6.8,0
                        71.2,7.0,0
                        71.0,7.0,0
                        71.0,6.8,0
                    </coordinates>
                </LinearRing>
            </outerBoundaryIs>
        </Polygon>
    </Placemark>
    <Placemark>
        <styleUrl>#caution</styleUrl>
        <Polygon>
            <outerBoundaryIs>
                <LinearRing>
                    <coordinates>
                        71.2,6.8,0
                        71.4,6.8,0
                        71.4,7.0,0
                        71.2,7.0,0
                        71.2,6.8,0
                    </coordinates>
                </LinearRing>
            </outerBoundaryIs>
        </Polygon>
    </Placemark>
    <Placemark>
        <styleUrl>#caution</styleUrl>
        <Polygon>
            <outerBoundaryIs>
                <LinearRing>
                    <coordinates>
                        71.4,6.8,0
                        71.60000000000001,6.8,0
                        71.60000000000001,7.0,0
                        71.4,7.0,0
                        71.4,6.8,0
                    </coordinates>
                </LinearRing>
            </outerBoundaryIs>
        </Polygon>
    </Placemark>
    <Placemark>
        <styleUrl>#caution</styleUrl>
        <Polygon>
            <outerBoundaryIs>
                <LinearRing>
                    <coordinates>
                        71.6,6.8,0
                        71.8,6.8,0
                        71.8,7.0,0
                        71.6,7.0,0
                        71.6,6.8,0
                    </coordinates>
                </LinearRing>
            </outerBoundaryIs>
        </Polygon>
    </Placemark>
    <Placemark>
        <styleUrl>#caution</styleUrl>
        <Polygon>
            <outerBoundaryIs>
                <LinearRing>
                    <coordinates>
                        71.8,6.8,0
                        72.0,6.8,0
                        72.0,7.0,0
                        71.8,7.0,0
                        71.8,6.8,0
                    </coordinates>
                </LinearRing>
            </outerBoundaryIs>
        </Polygon>
    </Placemark>
    <Placemark>
        <styleUrl>#caution</styleUrl>
        <Polygon>
            <outerBoundaryIs>
                <LinearRing>
                    <coordinates>
                        72.0,6.8,0
                        72.2,6.8,0
                        72.2,7.0,0
                        72.0,7.0,0
                        72.0,6.8,0
                    </coordinates>
                </LinearRing>
            </outerBoundaryIs>
        </Polygon>
    </Placemark>
    <Placemark>
        <styleUrl>#caution</styleUrl>
        <Polygon>
            <outerBoundaryIs>
                <LinearRing>
                    <coordinates>
                        72.2,6.8,0
                        72.4,6.8,0
                        72.4,7.0,0
                        72.2,7.0,0
                        72.2,6.8,0
                    </coordinates>
                </LinearRing>
            </outerBoundaryIs>
        </Polygon>
    </Placemark>
    <Placemark>
        <styleUrl>#caution</styleUrl>
        <Polygon>
            <outerBoundaryIs>
                <LinearRing>
                    <coordinates>
                        72.4,6.8,0
                        72.60000000000001,6.8,0
                        72.60000000000001,7.0,0
                        72.4,7.0,0
                        72.4,6.8,0
                    </coordinates>
                </LinearRing>
            </outerBoundaryIs>
        </Polygon>
    </Placemark>
    <Placemark>
        <styleUrl>#caution</styleUrl>
        <Polygon>
            <outerBoundaryIs>
                <LinearRing>
                    <coordinates>
                        72.6,6.8,0
                        72.8,6.8,0
                        72.8,7.0,0
                        72.6,7.0,0
                        72.6,6.8,0
                    </coordinates>
                </LinearRing>
            </outerBoundaryIs>
        </Polygon>
    </Placemark>
    <Placemark>
        <styleUrl>#caution</styleUrl>
        <Polygon>
            <outerBoundaryIs>
                <LinearRing>
                    <coordinates>
                        72.8,6.8,0
                        73.0,6.8,0
                        73.0,7.0,0
                        72.8,7.0,0
                        72.8,6.8,0
                    </coordinates>
                </LinearRing>
            </outerBoundaryIs>
        </Polygon>
    </Placemark>
    <Placemark>
        <styleUrl>#caution</styleUrl>
        <Polygon>
            <outerBoundaryIs>
                <LinearRing>
                    <coordinates>
                        73.0,6.8,0
                        73.2,6.8,0
                        73.2,7.0,0
                        73.0,7.0,0
                        73.0,6.8,0
                    </coordinates>
                </LinearRing>
            </outerBoundaryIs>
        </Polygon>
    </Placemark>
    <Placemark>
        <styleUrl>#caution</styleUrl>
        <Polygon>
            <outerBoundaryIs>
                <LinearRing>
                    <coordinates>
                        73.2,6.8,0
                        73.4,6.8,0
                        73.4,7.0,0
                        73.2,7.0,0
                        73.2,6.8,0
                    </coordinates>
                </LinearRing>
            </outerBoundaryIs>
        </Polygon>
    </Placemark>
    <Placemark>
        <styleUrl>#caution</styleUrl>
        <Polygon>
            <outerBoundaryIs>
                <LinearRing>
                    <coordinates>
                        73.4,6.8,0
                        73.60000000000001,6.8,0
                        73.60000000000001,7.0,0
                        73.4,7.0,0
                        73.4,6.8,0
                    </coordinates>
                </LinearRing>
            </outerBoundaryIs>
        </Polygon>
    </Placemark>
    <Placemark>
        <styleUrl>#caution</styleUrl>
        <Polygon>
            <outerBoundaryIs>
                <LinearRing>
                    <coordinates>
                        73.6,6.8,0
                        73.8,6.8,0
                        73.8,7.0,0
                        73.6,7.0,0
                        73.6,6.8,0
                    </coordinates>
                </LinearRing>
            </outerBoundaryIs>
        </Polygon>
    </Placemark>
    <Placemark>
        <styleUrl>#caution</styleUrl>
        <Polygon>
            <outerBoundaryIs>
                <LinearRing>
                    <coordinates>
                        73.8,6.8,0
                        74.0,6.8,0
                        74.0,7.0,0
                        73.8,7.0,0
                        73.8,6.8,0
                    </coordinates>
                </LinearRing>
            </outerBoundaryIs>
        </Polygon>
    </Placemark>
    <Placemark>
        <styleUrl>#caution</styleUrl>
        <Polygon>
            <outerBoundaryIs>
                <LinearRing>
                    <coordinates>
                        74.0,6.8,0
                        74.2,6.8,0
                        74.2,7.0,0
                        74.0,7.0,0
                        74.0,6.8,0
                    </coordinates>
                </LinearRing>
            </outerBoundaryIs>
        </Polygon>
    </Placemark>
    <Placemark>
        <styleUrl>#caution</styleUrl>
        <Polygon>
            <outerBoundaryIs>
                <LinearRing>
                    <coordinates>
                        74.2,6.8,0
                        74.4,6.8,0
                        74.4,7.0,0
                        74.2,7.0,0
                        74.2,6.8,0
                    </coordinates>
                </LinearRing>
            </outerBoundaryIs>
        </Polygon>
    </Placemark>
    <Placemark>
        <styleUrl>#caution</styleUrl>
        <Polygon>
            <outerBoundaryIs>
                <LinearRing>
                    <coordinates>
                        74.4,6.8,0
                        74.60000000000001,6.8,0
                        74.60000000000001,7.0,0
                        74.4,7.0,0
                        74.4,6.8,0
                    </coordinates>
                </LinearRing>
            </outerBoundaryIs>
        </Polygon>
    </Placemark>
    <Placemark>
        <styleUrl>#caution</styleUrl>
        <Polygon>
            <outerBoundaryIs>
                <LinearRing>
                    <coordinates>
                        74.6,6.8,0
                        74.8,6.8,0
                        74.8,7.0,0
                        74.6,7.0,0
                        74.6,6.8,0
                    </coordinates>
                </LinearRing>
            </outerBoundaryIs>
        </Polygon>
    </Placemark>
    <Placemark>
        <styleUrl>#caution</styleUrl>
        <Polygon>
            <outerBoundaryIs>
                <LinearRing>
                    <coordinates>
                        74.8,6.8,0
                        75.0,6.8,0
                        75.0,7.0,0
                        74.8,7.0,0
                        74.8,6.8,0
                    </coordinates>
                </LinearRing>
            </outerBoundaryIs>
        </Polygon>
    </Placemark>
    <Placemark>
        <styleUrl>#caution</styleUrl>
        <Polygon>
            <outerBoundaryIs>
                <LinearRing>
                    <coordinates>
                        75.0,6.8,0
                        75.2,6.8,0
                        75.2,7.0,0
                        75.0,7.0,0
                        75.0,6.8,0
                    </coordinates>
                </LinearRing>
            </outerBoundaryIs>
        </Polygon>
    </Placemark>
    <Placemark>
        <styleUrl>#caution</styleUrl>
        <Polygon>
            <outerBoundaryIs>
                <LinearRing>
                    <coordinates>
                        75.2,6.8,0
                        75.4,6.8,0
                        75.4,7.0,0
                        75.2,7.0,0
                        75.2,6.8,0
                    </coordinates>
                </LinearRing>
            </outerBoundaryIs>
        </Polygon>
    </Placemark>
    <Placemark>
        <styleUrl>#caution</styleUrl>
        <Polygon>
            <outerBoundaryIs>
                <LinearRing>
                    <coordinates>
                        75.4,6.8,0
                        75.60000000000001,6.8,0
                        75.60000000000001,7.0,0
                        75.4,7.0,0
                        75.4,6.8,0
                    </coordinates>
                </LinearRing>
            </outerBoundaryIs>
        </Polygon>
    </Placemark>
    <Placemark>
        <styleUrl>#caution</styleUrl>
        <Polygon>
            <outerBoundaryIs>
                <LinearRing>
                    <coordinates>
                        75.6,6.8,0
                        75.8,6.8,0
                        75.8,7.0,0
                        75.6,7.0,0
                        75.6,6.8,0
                    </coordinates>
                </LinearRing>
            </outerBoundaryIs>
        </Polygon>
    </Placemark>
    <Placemark>
        <styleUrl>#caution</styleUrl>
        <Polygon>
            <outerBoundaryIs>
                <LinearRing>
                    <coordinates>
                        75.8,6.8,0
                        76.0,6.8,0
                        76.0,7.0,0
                        75.8,7.0,0
                        75.8,6.8,0
                    </coordinates>
                </LinearRing>
            </outerBoundaryIs>
        </Polygon>
    </Placemark>
    <Placemark>
        <styleUrl>#caution</styleUrl>
        <Polygon>
            <outerBoundaryIs>
                <LinearRing>
                    <coordinates>
                        76.0,6.8,0
                        76.2,6.8,0
                        76.2,7.0,0
                        76.0,7.0,0
                        76.0,6.8,0
                    </coordinates>
                </LinearRing>
            </outerBoundaryIs>
        </Polygon>
    </Placemark>
    <Placemark>
        <styleUrl>#caution</styleUrl>
        <Polygon>
            <outerBoundaryIs>
                <LinearRing>
                    <coordinates>
                        76.2,6.8,0
                        76.4,6.8,0
                        76.4,7.0,0
                        76.2,7.0,0
                        76.2,6.8,0
                    </coordinates>
                </LinearRing>
            </outerBoundaryIs>
        </Polygon>
    </Placemark>
    <Placemark>
        <styleUrl>#caution</styleUrl>
        <Polygon>
            <outerBoundaryIs>
                <LinearRing>
                    <coordinates>
                        76.4,6.8,0
                        76.60000000000001,6.8,0
                        76.60000000000001,7.0,0
                        76.4,7.0,0
                        76.4,6.8,0
                    </coordinates>
                </LinearRing>
            </outerBoundaryIs>
        </Polygon>
    </Placemark>
    <Placemark>
        <styleUrl>#caution</styleUrl>
        <Polygon>
            <outerBoundaryIs>
                <LinearRing>
                    <coordinates>
                        76.6,6.8,0
                        76.8,6.8,0
                        76.8,7.0,0
                        76.6,7.0,0
                        76.6,6.8,0
                    </coordinates>
                </LinearRing>
            </outerBoundaryIs>
        </Polygon>
    </Placemark>
    <Placemark>
        <styleUrl>#caution</styleUrl>
        <Polygon>
            <outerBoundaryIs>
                <LinearRing>
                    <coordinates>
                        76.8,6.8,0
                        77.0,6.8,0
                        77.0,7.0,0
                        76.8,7.0,0
                        76.8,6.8,0
                    </coordinates>
                </LinearRing>
            </outerBoundaryIs>
        </Polygon>
    </Placemark>
    <Placemark>
        <styleUrl>#caution</styleUrl>
        <Polygon>
            <outerBoundaryIs>
                <LinearRing>
                    <coordinates>
                        77.0,6.8,0
                        77.2,6.8,0
                        77.2,7.0,0
                        77.0,7.0,0
                        77.0,6.8,0
                    </coordinates>
                </LinearRing>
            </outerBoundaryIs>
        </Polygon>
    </Placemark>
    <Placemark>
        <styleUrl>#caution</styleUrl>
        <Polygon>
            <outerBoundaryIs>
                <LinearRing>
                    <coordinates>
                        77.2,6.8,0
                        77.4,6.8,0
                        77.4,7.0,0
                        77.2,7.0,0
                        77.2,6.8,0
                    </coordinates>
                </LinearRing>
            </outerBoundaryIs>
        </Polygon>
    </Placemark>
    <Placemark>
        <styleUrl>#caution</styleUrl>
        <Polygon>
            <outerBoundaryIs>
                <LinearRing>
                    <coordinates>
                        77.4,6.8,0
                        77.60000000000001,6.8,0
                        77.60000000000001,7.0,0
                        77.4,7.0,0
                        77.4,6.8,0
                    </coordinates>
                </LinearRing>
            </outerBoundaryIs>
        </Polygon>
    </Placemark>
    <Placemark>
        <styleUrl>#caution</styleUrl>
        <Polygon>
            <outerBoundaryIs>
                <LinearRing>
                    <coordinates>
                        77.6,6.8,0
                        77.8,6.8,0
                        77.8,7.0,0
                        77.6,7.0,0
                        77.6,6.8,0
                    </coordinates>
                </LinearRing>
            </outerBoundaryIs>
        </Polygon>
    </Placemark>
    <Placemark>
        <styleUrl>#caution</styleUrl>
        <Polygon>
            <outerBoundaryIs>
                <LinearRing>
                    <coordinates>
                        77.8,6.8,0
                        78.0,6.8,0
                        78.0,7.0,0
                        77.8,7.0,0
                        77.8,6.8,0
                    </coordinates>
                </LinearRing>
            </outerBoundaryIs>
        </Polygon>
    </Placemark>
    <Placemark>
        <styleUrl>#caution</styleUrl>
        <Polygon>
            <outerBoundaryIs>
                <LinearRing>
                    <coordinates>
                        78.0,6.8,0
                        78.2,6.8,0
                        78.2,7.0,0
                        78.0,7.0,0
                        78.0,6.8,0
                    </coordinates>
                </LinearRing>
            </outerBoundaryIs>
        </Polygon>
    </Placemark>
    <Placemark>
        <styleUrl>#caution</styleUrl>
        <Polygon>
            <outerBoundaryIs>
                <LinearRing>
                    <coordinates>
                        78.2,6.8,0
                        78.4,6.8,0
                        78.4,7.0,0
                        78.2,7.0,0
                        78.2,6.8,0
                    </coordinates>
                </LinearRing>
            </outerBoundaryIs>
        </Polygon>
    </Placemark>
    <Placemark>
        <styleUrl>#caution</styleUrl>
        <Polygon>
            <outerBoundaryIs>
                <LinearRing>
                    <coordinates>
                        78.4,6.8,0
                        78.60000000000001,6.8,0
                        78.60000000000001,7.0,0
                        78.4,7.0,0
                        78.4,6.8,0
                    </coordinates>
                </LinearRing>
            </outerBoundaryIs>
        </Polygon>
    </Placemark>
    <Placemark>
        <styleUrl>#caution</styleUrl>
        <Polygon>
            <outerBoundaryIs>
                <LinearRing>
                    <coordinates>
                        78.6,6.8,0
                        78.8,6.8,0
                        78.8,7.0,0
                        78.6,7.0,0
                        78.6,6.8,0
                    </coordinates>
                </LinearRing>
            </outerBoundaryIs>
        </Polygon>
    </Placemark>
    <Placemark>
        <styleUrl>#caution</styleUrl>
        <Polygon>
            <outerBoundaryIs>
                <LinearRing>
                    <coordinates>
                        78.8,6.8,0
                        79.0,6.8,0
                        79.0,7.0,0
                        78.8,7.0,0
                        78.8,6.8,0
                    </coordinates>
                </LinearRing>
            </outerBoundaryIs>
        </Polygon>
    </Placemark>
    <Placemark>
        <styleUrl>#caution</styleUrl>
        <Polygon>
            <outerBoundaryIs>
                <LinearRing>
                    <coordinates>
                        79.0,6.8,0
                        79.2,6.8,0
                        79.2,7.0,0
                        79.0,7.0,0
                        79.0,6.8,0
                    </coordinates>
                </LinearRing>
            </outerBoundaryIs>
        </Polygon>
    </Placemark>
    <Placemark>
        <styleUrl>#caution</styleUrl>
        <Polygon>
            <outerBoundaryIs>
                <LinearRing>
                    <coordinates>
                        79.2,6.8,0
                        79.4,6.8,0
                        79.4,7.0,0
                        79.2,7.0,0
                        79.2,6.8,0
                    </coordinates>
                </LinearRing>
            </outerBoundaryIs>
        </Polygon>
    </Placemark>
    <Placemark>
        <styleUrl>#caution</styleUrl>
        <Polygon>
            <outerBoundaryIs>
                <LinearRing>
                    <coordinates>
                        79.4,6.8,0
                        79.60000000000001,6.8,0
                        79.60000000000001,7.0,0
                        79.4,7.0,0
                        79.4,6.8,0
                    </coordinates>
                </LinearRing>
            </outerBoundaryIs>
        </Polygon>
    </Placemark>
    <Placemark>
        <styleUrl>#caution</styleUrl>
        <Polygon>
            <outerBoundaryIs>
                <LinearRing>
                    <coordinates>
                        79.6,6.8,0
                        79.8,6.8,0
                        79.8,7.0,0
                        79.6,7.0,0
                        79.6,6.8,0
                    </coordinates>
                </LinearRing>
            </outerBoundaryIs>
        </Polygon>
    </Placemark>
    <Placemark>
        <styleUrl>#caution</styleUrl>
        <Polygon>
            <outerBoundaryIs>
                <LinearRing>
                    <coordinates>
                        79.8,6.8,0
                        80.0,6.8,0
                        80.0,7.0,0
                        79.8,7.0,0
                        79.8,6.8,0
                    </coordinates>
                </LinearRing>
            </outerBoundaryIs>
        </Polygon>
    </Placemark>
    <Placemark>
        <styleUrl>#caution</styleUrl>
        <Polygon>
            <outerBoundaryIs>
                <LinearRing>
                    <coordinates>
                        80.0,6.8,0
                        80.2,6.8,0
                        80.2,7.0,0
                        80.0,7.0,0
                        80.0,6.8,0
                    </coordinates>
                </LinearRing>
            </outerBoundaryIs>
        </Polygon>
    </Placemark>
    <Placemark>
        <styleUrl>#caution</styleUrl>
        <Polygon>
            <outerBoundaryIs>
                <LinearRing>
                    <coordinates>
                        80.2,6.8,0
                        80.4,6.8,0
                        80.4,7.0,0
                        80.2,7.0,0
                        80.2,6.8,0
                    </coordinates>
                </LinearRing>
            </outerBoundaryIs>
        </Polygon>
    </Placemark>
    <Placemark>
        <styleUrl>#caution</styleUrl>
        <Polygon>
            <outerBoundaryIs>
                <LinearRing>
                    <coordinates>
                        80.4,6.8,0
                        80.60000000000001,6.8,0
                        80.60000000000001,7.0,0
                        80.4,7.0,0
                        80.4,6.8,0
                    </coordinates>
                </LinearRing>
            </outerBoundaryIs>
        </Polygon>
    </Placemark>
    <Placemark>
        <styleUrl>#caution</styleUrl>
        <Polygon>
            <outerBoundaryIs>
                <LinearRing>
                    <coordinates>
                        80.6,6.8,0
                        80.8,6.8,0
                        80.8,7.0,0
                        80.6,7.0,0
                        80.6,6.8,0
                    </coordinates>
                </LinearRing>
            </outerBoundaryIs>
        </Polygon>
    </Placemark>
    <Placemark>
        <styleUrl>#caution</styleUrl>
        <Polygon>
            <outerBoundaryIs>
                <LinearRing>
                    <coordinates>
                        80.8,6.8,0
                        81.0,6.8,0
                        81.0,7.0,0
                        80.8,7.0,0
                        80.8,6.8,0
                    </coordinates>
                </LinearRing>
            </outerBoundaryIs>
        </Polygon>
    </Placemark>
    <Placemark>
        <styleUrl>#caution</styleUrl>
        <Polygon>
            <outerBoundaryIs>
                <LinearRing>
                    <coordinates>
                        81.0,6.8,0
                        81.2,6.8,0
                        81.2,7.0,0
                        81.0,7.0,0
                        81.0,6.8,0
                    </coordinates>
                </LinearRing>
            </outerBoundaryIs>
        </Polygon>
    </Placemark>
    <Placemark>
        <styleUrl>#caution</styleUrl>
        <Polygon>
            <outerBoundaryIs>
                <LinearRing>
                    <coordinates>
                        81.2,6.8,0
                        81.4,6.8,0
                        81.4,7.0,0
                        81.2,7.0,0
                        81.2,6.8,0
                    </coordinates>
                </LinearRing>
            </outerBoundaryIs>
        </Polygon>
    </Placemark>
    <Placemark>
        <styleUrl>#caution</styleUrl>
        <Polygon>
            <outerBoundaryIs>
                <LinearRing>
                    <coordinates>
                        81.4,6.8,0
                        81.60000000000001,6.8,0
                        81.60000000000001,7.0,0
                        81.4,7.0,0
                        81.4,6.8,0
                    </coordinates>
                </LinearRing>
            </outerBoundaryIs>
        </Polygon>
    </Placemark>
    <Placemark>
        <styleUrl>#caution</styleUrl>
        <Polygon>
            <outerBoundaryIs>
                <LinearRing>
                    <coordinates>
                        81.6,6.8,0
                        81.8,6.8,0
                        81.8,7.0,0
                        81.6,7.0,0
                        81.6,6.8,0
                    </coordinates>
                </LinearRing>
            </outerBoundaryIs>
        </Polygon>
    </Placemark>
    <Placemark>
        <styleUrl>#caution</styleUrl>
        <Polygon>
            <outerBoundaryIs>
                <LinearRing>
                    <coordinates>
                        81.8,6.8,0
                        82.0,6.8,0
                        82.0,7.0,0
                        81.8,7.0,0
                        81.8,6.8,0
                    </coordinates>
                </LinearRing>
            </outerBoundaryIs>
        </Polygon>
    </Placemark>
    <Placemark>
        <styleUrl>#caution</styleUrl>
        <Polygon>
            <outerBoundaryIs>
                <LinearRing>
                    <coordinates>
                        82.0,6.8,0
                        82.2,6.8,0
                        82.2,7.0,0
                        82.0,7.0,0
                        82.0,6.8,0
                    </coordinates>
                </LinearRing>
            </outerBoundaryIs>
        </Polygon>
    </Placemark>
    <Placemark>
        <styleUrl>#caution</styleUrl>
        <Polygon>
            <outerBoundaryIs>
                <LinearRing>
                    <coordinates>
                        82.2,6.8,0
                        82.4,6.8,0
                        82.4,7.0,0
                        82.2,7.0,0
                        82.2,6.8,0
                    </coordinates>
                </LinearRing>
            </outerBoundaryIs>
        </Polygon>
    </Placemark>
    <Placemark>
        <styleUrl>#caution</styleUrl>
        <Polygon>
            <outerBoundaryIs>
                <LinearRing>
                    <coordinates>
                        82.4,6.8,0
                        82.60000000000001,6.8,0
                        82.60000000000001,7.0,0
                        82.4,7.0,0
                        82.4,6.8,0
                    </coordinates>
                </LinearRing>
            </outerBoundaryIs>
        </Polygon>
    </Placemark>
    <Placemark>
        <styleUrl>#caution</styleUrl>
        <Polygon>
            <outerBoundaryIs>
                <LinearRing>
                    <coordinates>
                        82.6,6.8,0
                        82.8,6.8,0
                        82.8,7.0,0
                        82.6,7.0,0
                        82.6,6.8,0
                    </coordinates>
                </LinearRing>
            </outerBoundaryIs>
        </Polygon>
    </Placemark>
    <Placemark>
        <styleUrl>#caution</styleUrl>
        <Polygon>
            <outerBoundaryIs>
                <LinearRing>
                    <coordinates>
                        82.8,6.8,0
                        83.0,6.8,0
                        83.0,7.0,0
                        82.8,7.0,0
                        82.8,6.8,0
                    </coordinates>
                </LinearRing>
            </outerBoundaryIs>
        </Polygon>
    </Placemark>
    <Placemark>
        <styleUrl>#caution</styleUrl>
        <Polygon>
            <outerBoundaryIs>
                <LinearRing>
                    <coordinates>
                        83.0,6.8,0
                        83.2,6.8,0
                        83.2,7.0,0
                        83.0,7.0,0
                        83.0,6.8,0
                    </coordinates>
                </LinearRing>
            </outerBoundaryIs>
        </Polygon>
    </Placemark>
    <Placemark>
        <styleUrl>#caution</styleUrl>
        <Polygon>
            <outerBoundaryIs>
                <LinearRing>
                    <coordinates>
                        83.2,6.8,0
                        83.4,6.8,0
                        83.4,7.0,0
                        83.2,7.0,0
                        83.2,6.8,0
                    </coordinates>
                </LinearRing>
            </outerBoundaryIs>
        </Polygon>
    </Placemark>
    <Placemark>
        <styleUrl>#caution</styleUrl>
        <Polygon>
            <outerBoundaryIs>
                <LinearRing>
                    <coordinates>
                        83.4,6.8,0
                        83.60000000000001,6.8,0
                        83.60000000000001,7.0,0
                        83.4,7.0,0
                        83.4,6.8,0
                    </coordinates>
                </LinearRing>
            </outerBoundaryIs>
        </Polygon>
    </Placemark>
    <Placemark>
        <styleUrl>#caution</styleUrl>
        <Polygon>
            <outerBoundaryIs>
                <LinearRing>
                    <coordinates>
                        83.6,6.8,0
                        83.8,6.8,0
                        83.8,7.0,0
                        83.6,7.0,0
                        83.6,6.8,0
                    </coordinates>
                </LinearRing>
            </outerBoundaryIs>
        </Polygon>
    </Placemark>
    <Placemark>
        <styleUrl>#caution</styleUrl>
        <Polygon>
            <outerBoundaryIs>
                <LinearRing>
                    <coordinates>
                        83.8,6.8,0
                        84.0,6.8,0
                        84.0,7.0,0
                        83.8,7.0,0
                        83.8,6.8,0
                    </coordinates>
                </LinearRing>
            </outerBoundaryIs>
        </Polygon>
    </Placemark>
    <Placemark>
        <styleUrl>#caution</styleUrl>
        <Polygon>
            <outerBoundaryIs>
                <LinearRing>
                    <coordinates>
                        84.0,6.8,0
                        84.2,6.8,0
                        84.2,7.0,0
                        84.0,7.0,0
                        84.0,6.8,0
                    </coordinates>
                </LinearRing>
            </outerBoundaryIs>
        </Polygon>
    </Placemark>
    <Placemark>
        <styleUrl>#caution</styleUrl>
        <Polygon>
            <outerBoundaryIs>
                <LinearRing>
                    <coordinates>
                        84.2,6.8,0
                        84.4,6.8,0
                        84.4,7.0,0
                        84.2,7.0,0
                        84.2,6.8,0
                    </coordinates>
                </LinearRing>
            </outerBoundaryIs>
        </Polygon>
    </Placemark>
    <Placemark>
        <styleUrl>#caution</styleUrl>
        <Polygon>
            <outerBoundaryIs>
                <LinearRing>
                    <coordinates>
                        84.4,6.8,0
                        84.60000000000001,6.8,0
                        84.60000000000001,7.0,0
                        84.4,7.0,0
                        84.4,6.8,0
                    </coordinates>
                </LinearRing>
            </outerBoundaryIs>
        </Polygon>
    </Placemark>
    <Placemark>
        <styleUrl>#caution</styleUrl>
        <Polygon>
            <outerBoundaryIs>
                <LinearRing>
                    <coordinates>
                        84.6,6.8,0
                        84.8,6.8,0
                        84.8,7.0,0
                        84.6,7.0,0
                        84.6,6.8,0
                    </coordinates>
                </LinearRing>
            </outerBoundaryIs>
        </Polygon>
    </Placemark>
    <Placemark>
        <styleUrl>#caution</styleUrl>
        <Polygon>
            <outerBoundaryIs>
                <LinearRing>
                    <coordinates>
                        65.0,7.0,0
                        65.2,7.0,0
                        65.2,7.2,0
                        65.0,7.2,0
                        65.0,7.0,0
                    </coordinates>
                </LinearRing>
            </outerBoundaryIs>
        </Polygon>
    </Placemark>
    <Placemark>
        <styleUrl>#caution</styleUrl>
        <Polygon>
            <outerBoundaryIs>
                <LinearRing>
                    <coordinates>
                        65.2,7.0,0
                        65.4,7.0,0
                        65.4,7.2,0
                        65.2,7.2,0
                        65.2,7.0,0
                    </coordinates>
                </LinearRing>
            </outerBoundaryIs>
        </Polygon>
    </Placemark>
    <Placemark>
        <styleUrl>#caution</styleUrl>
        <Polygon>
            <outerBoundaryIs>
                <LinearRing>
                    <coordinates>
                        65.4,7.0,0
                        65.60000000000001,7.0,0
                        65.60000000000001,7.2,0
                        65.4,7.2,0
                        65.4,7.0,0
                    </coordinates>
                </LinearRing>
            </outerBoundaryIs>
        </Polygon>
    </Placemark>
    <Placemark>
        <styleUrl>#caution</styleUrl>
        <Polygon>
            <outerBoundaryIs>
                <LinearRing>
                    <coordinates>
                        65.6,7.0,0
                        65.8,7.0,0
                        65.8,7.2,0
                        65.6,7.2,0
                        65.6,7.0,0
                    </coordinates>
                </LinearRing>
            </outerBoundaryIs>
        </Polygon>
    </Placemark>
    <Placemark>
        <styleUrl>#caution</styleUrl>
        <Polygon>
            <outerBoundaryIs>
                <LinearRing>
                    <coordinates>
                        65.8,7.0,0
                        66.0,7.0,0
                        66.0,7.2,0
                        65.8,7.2,0
                        65.8,7.0,0
                    </coordinates>
                </LinearRing>
            </outerBoundaryIs>
        </Polygon>
    </Placemark>
    <Placemark>
        <styleUrl>#caution</styleUrl>
        <Polygon>
            <outerBoundaryIs>
                <LinearRing>
                    <coordinates>
                        66.0,7.0,0
                        66.2,7.0,0
                        66.2,7.2,0
                        66.0,7.2,0
                        66.0,7.0,0
                    </coordinates>
                </LinearRing>
            </outerBoundaryIs>
        </Polygon>
    </Placemark>
    <Placemark>
        <styleUrl>#caution</styleUrl>
        <Polygon>
            <outerBoundaryIs>
                <LinearRing>
                    <coordinates>
                        66.2,7.0,0
                        66.4,7.0,0
                        66.4,7.2,0
                        66.2,7.2,0
                        66.2,7.0,0
                    </coordinates>
                </LinearRing>
            </outerBoundaryIs>
        </Polygon>
    </Placemark>
    <Placemark>
        <styleUrl>#caution</styleUrl>
        <Polygon>
            <outerBoundaryIs>
                <LinearRing>
                    <coordinates>
                        66.4,7.0,0
                        66.60000000000001,7.0,0
                        66.60000000000001,7.2,0
                        66.4,7.2,0
                        66.4,7.0,0
                    </coordinates>
                </LinearRing>
            </outerBoundaryIs>
        </Polygon>
    </Placemark>
    <Placemark>
        <styleUrl>#caution</styleUrl>
        <Polygon>
            <outerBoundaryIs>
                <LinearRing>
                    <coordinates>
                        66.6,7.0,0
                        66.8,7.0,0
                        66.8,7.2,0
                        66.6,7.2,0
                        66.6,7.0,0
                    </coordinates>
                </LinearRing>
            </outerBoundaryIs>
        </Polygon>
    </Placemark>
    <Placemark>
        <styleUrl>#caution</styleUrl>
        <Polygon>
            <outerBoundaryIs>
                <LinearRing>
                    <coordinates>
                        66.8,7.0,0
                        67.0,7.0,0
                        67.0,7.2,0
                        66.8,7.2,0
                        66.8,7.0,0
                    </coordinates>
                </LinearRing>
            </outerBoundaryIs>
        </Polygon>
    </Placemark></Document>
</kml>