float_id,latitude,longitude,depth,N2,S2,Richardson_Number,classification,color
SYN_0000,12.49080237694725,84.01428612819832,0,0.0,7.577600576618553e-06,0.0,UNSAFE,RED
SYN_0000,12.49080237694725,84.01428612819832,10,0.0,2.3270685732871196e-06,0.0,UNSAFE,RED
SYN_0000,12.49080237694725,84.01428612819832,25,0.0,4.7353979088305596e-07,0.0,UNSAFE,RED
SYN_0000,12.49080237694725,84.01428612819832,50,0.0,1.6248159627240164e-07,0.0,UNSAFE,RED
SYN_0000,12.49080237694725,84.01428612819832,75,0.0,6.324396470877664e-08,0.0,UNSAFE,RED
SYN_0000,12.49080237694725,84.01428612819832,100,0.0,1.4688141249645916e-06,0.0,UNSAFE,RED
SYN_0000,12.49080237694725,84.01428612819832,150,0.0,2.2380590029418287e-08,0.0,UNSAFE,RED
SYN_0000,12.49080237694725,84.01428612819832,200,0.0,5.2627479958921575e-08,0.0,UNSAFE,RED
SYN_0001,5.319325044404284,69.61787651244298,0,0.0,4.153776843924307e-05,0.0,UNSAFE,RED
SYN_0001,5.319325044404284,69.61787651244298,10,0.0,5.391374554452357e-06,0.0,UNSAFE,RED
SYN_0001,5.319325044404284,69.61787651244298,25,0.0,8.33656245756639e-06,0.0,UNSAFE,RED
SYN_0001,5.319325044404284,69.61787651244298,50,0.0,4.02143359946188e-07,0.0,UNSAFE,RED
SYN_0001,5.319325044404284,69.61787651244298,75,0.0,5.91854127156188e-07,0.0,UNSAFE,RED
SYN_0001,5.319325044404284,69.61787651244298,100,0.0,9.14218588871275e-09,0.0,UNSAFE,RED
SYN_0001,5.319325044404284,69.61787651244298,150,0.0,1.0835983748811882e-07,0.0,UNSAFE,RED
SYN_0001,5.319325044404284,69.61787651244298,200,0.0,1.7573038964200593e-07,0.0,UNSAFE,RED
SYN_0002,6.480893034681808,72.16931457088545,0,0.0,2.0556488205717787e-05,0.0,UNSAFE,RED
SYN_0002,6.480893034681808,72.16931457088545,10,0.0,1.8197850960316046e-06,0.0,UNSAFE,RED
SYN_0002,6.480893034681808,72.16931457088545,25,0.0,3.5006384116922327e-06,0.0,UNSAFE,RED
SYN_0002,6.480893034681808,72.16931457088545,50,0.0,6.219794604627358e-08,0.0,UNSAFE,RED
SYN_0002,6.480893034681808,72.16931457088545,75,0.0,3.4943279741080405e-06,0.0,UNSAFE,RED
SYN_0002,6.480893034681808,72.16931457088545,100,0.0,1.8872976863879462e-06,0.0,UNSAFE,RED
SYN_0002,6.480893034681808,72.16931457088545,150,0.0,2.1080131549100214e-07,0.0,UNSAFE,RED
SYN_0002,6.480893034681808,72.16931457088545,200,0.0,6.29539340157844e-07,0.0,UNSAFE,RED
SYN_0003,9.061224494695388,83.85707141115962,0,0.0,1.1400581871432951e-05,0.0,UNSAFE,RED
SYN_0003,9.061224494695388,83.85707141115962,10,0.0,3.747663114202106e-06,0.0,UNSAFE,RED
SYN_0003,9.061224494695388,83.85707141115962,25,0.0,1.3064374431869826e-06,0.0,UNSAFE,RED
SYN_0003,9.061224494695388,83.85707141115962,50,0.0,1.8625198751768253e-06,0.0,UNSAFE,RED
SYN_0003,9.061224494695388,83.85707141115962,75,0.0,1.1424587176536822e-07,0.0,UNSAFE,RED
SYN_0003,9.061224494695388,83.85707141115962,100,0.0,4.616287028895488e-07,0.0,UNSAFE,RED
SYN_0003,9.061224494695388,83.85707141115962,150,0.0,9.761125251531146e-09,0.0,UNSAFE,RED
SYN_0003,9.061224494695388,83.85707141115962,200,0.0,3.536435817465508e-07,0.0,UNSAFE,RED
SYN_0004,12.27259204758588,84.43564165441921,0,0.0,1.50994729805603e-05,0.0,UNSAFE,RED
SYN_0004,12.27259204758588,84.43564165441921,10,0.0,6.841011163287033e-06,0.0,UNSAFE,RED
SYN_0004,12.27259204758588,84.43564165441921,25,0.0,3.129084983254868e-07,0.0,UNSAFE,RED
SYN_0004,12.27259204758588,84.43564165441921,50,0.0,2.3349615265258233e-07,0.0,UNSAFE,RED
SYN_0004,12.27259204758588,84.43564165441921,75,0.0,1.4282529583124703e-08,0.0,UNSAFE,RED
SYN_0004,12.27259204758588,84.43564165441921,100,0.0,2.583696907826759e-07,0.0,UNSAFE,RED
SYN_0004,12.27259204758588,84.43564165441921,150,0.0,8.550877289172617e-09,0.0,UNSAFE,RED
SYN_0004,12.27259204758588,84.43564165441921,200,0.0,1.7981679381653705e-07,0.0,UNSAFE,RED
SYN_0005,15.163975534814371,78.91625613581763,0,0.0,3.078391906884007e-06,0.0,UNSAFE,RED
SYN_0005,15.163975534814371,78.91625613581763,10,0.0,2.531403440205093e-07,0.0,UNSAFE,RED
SYN_0005,15.163975534814371,78.91625613581763,25,0.0,2.702000772691385e-06,0.0,UNSAFE,RED
SYN_0005,15.163975534814371,78.91625613581763,50,0.0,9.855681393855561e-08,0.0,UNSAFE,RED
SYN_0005,15.163975534814371,78.91625613581763,75,0.0,4.995479699408081e-07,0.0,UNSAFE,RED
SYN_0005,15.163975534814371,78.91625613581763,100,0.0,2.3591422392191497e-07,0.0,UNSAFE,RED
SYN_0005,15.163975534814371,78.91625613581763,150,0.0,2.491445187431647e-08,0.0,UNSAFE,RED
SYN_0005,15.163975534814371,78.91625613581763,200,0.0,4.818065790934838e-07,0.0,UNSAFE,RED
SYN_0006,22.942205199051543,82.74172848530235,0,0.0,1.654442093954606e-05,0.0,UNSAFE,RED
SYN_0006,22.942205199051543,82.74172848530235,10,0.0,5.692745048820825e-06,0.0,UNSAFE,RED
SYN_0006,22.942205199051543,82.74172848530235,25,0.0,5.348270181512264e-07,0.0,UNSAFE,RED
SYN_0006,22.942205199051543,82.74172848530235,50,0.0,1.3206671023794091e-06,0.0,UNSAFE,RED
SYN_0006,22.942205199051543,82.74172848530235,75,0.0,2.4241060295342703e-07,0.0,UNSAFE,RED
SYN_0006,22.942205199051543,82.74172848530235,100,0.0,1.2631411143556546e-06,0.0,UNSAFE,RED
SYN_0006,22.942205199051543,82.74172848530235,150,0.0,1.6507355628369973e-08,0.0,UNSAFE,RED
SYN_0006,22.942205199051543,82.74172848530235,200,0.0,3.0426834393769473e-07,0.0,UNSAFE,RED
SYN_0007,17.902067240611295,78.37848119326199,0,0.0,1.7231594854196677e-05,0.0,UNSAFE,RED
SYN_0007,17.902067240611295,78.37848119326199,10,0.0,2.7982862057893316e-06,0.0,UNSAFE,RED
SYN_0007,17.902067240611295,78.37848119326199,25,0.0,8.102317815607149e-07,0.0,UNSAFE,RED
SYN_0007,17.902067240611295,78.37848119326199,50,0.0,9.297612845433683e-08,0.0,UNSAFE,RED
SYN_0007,17.902067240611295,78.37848119326199,75,0.0,1.5842387420456105e-06,0.0,UNSAFE,RED
SYN_0007,17.902067240611295,78.37848119326199,100,0.0,5.029304122542658e-07,0.0,UNSAFE,RED
SYN_0007,17.902067240611295,78.37848119326199,150,0.0,2.7828777266826935e-07,0.0,UNSAFE,RED
SYN_0007,17.902067240611295,78.37848119326199,200,0.0,6.791380252642929e-07,0.0,UNSAFE,RED
SYN_0008,21.97339589849349,67.73242662884057,0,0.0,1.6244649751901994e-05,0.0,UNSAFE,RED
SYN_0008,21.97339589849349,67.73242662884057,10,0.0,3.5898539665886614e-06,0.0,UNSAFE,RED
SYN_0008,21.97339589849349,67.73242662884057,25,0.0,1.1317666276962207e-06,0.0,UNSAFE,RED
SYN_0008,21.97339589849349,67.73242662884057,50,0.0,1.9382767576734395e-07,0.0,UNSAFE,RED
SYN_0008,21.97339589849349,67.73242662884057,75,0.0,3.353625247703915e-07,0.0,UNSAFE,RED
SYN_0008,21.97339589849349,67.73242662884057,100,0.0,6.979008906866828e-07,0.0,UNSAFE,RED
SYN_0008,21.97339589849349,67.73242662884057,150,0.0,1.126183854670788e-07,0.0,UNSAFE,RED
SYN_0008,21.97339589849349,67.73242662884057,200,0.0,9.015308403638748e-07,0.0,UNSAFE,RED
SYN_0009,7.654908444859396,84.39073734228319,0,0.0,2.4561174036628713e-05,0.0,UNSAFE,RED
SYN_0009,7.654908444859396,84.39073734228319,10,0.0,6.91967389091148e-06,0.0,UNSAFE,RED
SYN_0009,7.654908444859396,84.39073734228319,25,0.0,5.496474211084688e-07,0.0,UNSAFE,RED
SYN_0009,7.654908444859396,84.39073734228319,50,0.0,6.578393810627514e-07,0.0,UNSAFE,RED
SYN_0009,7.654908444859396,84.39073734228319,75,0.0,1.7978860641677745e-07,0.0,UNSAFE,RED
SYN_0009,7.654908444859396,84.39073734228319,100,0.0,1.0953142633743651e-06,0.0,UNSAFE,RED
SYN_0009,7.654908444859396,84.39073734228319,150,0.0,3.526810313154269e-08,0.0,UNSAFE,RED
SYN_0009,7.654908444859396,84.39073734228319,200,0.0,2.282717092865262e-07,0.0,UNSAFE,RED
SYN_0010,13.67703298475946,72.97009468794747,0,0.0,1.4009768825910552e-06,0.0,UNSAFE,RED
SYN_0010,13.67703298475946,72.97009468794747,10,0.0,2.8781739387227566e-06,0.0,UNSAFE,RED
SYN_0010,13.67703298475946,72.97009468794747,25,0.0,3.396008801255512e-06,0.0,UNSAFE,RED
SYN_0010,13.67703298475946,72.97009468794747,50,0.0,4.059460203358749e-07,0.0,UNSAFE,RED
SYN_0010,13.67703298475946,72.97009468794747,75,0.0,3.1916949817194165e-07,0.0,UNSAFE,RED
SYN_0010,13.67703298475946,72.97009468794747,100,0.0,1.3676744608197379e-06,0.0,UNSAFE,RED
SYN_0010,13.67703298475946,72.97009468794747,150,0.0,6.436117716893618e-07,0.0,UNSAFE,RED
SYN_0010,13.67703298475946,72.97009468794747,200,2.363743928164147e-05,9.701673812831947e-07,24.361778760799485,SAFE,GREEN
SYN_0011,12.707932419311302,78.6322733794558,0,0.0,1.2926604596399498e-05,0.0,UNSAFE,RED
SYN_0011,12.707932419311302,78.6322733794558,10,0.0,3.3923950579056765e-06,0.0,UNSAFE,RED
SYN_0011,12.707932419311302,78.6322733794558,25,0.0,4.7399498479004727e-07,0.0,UNSAFE,RED
SYN_0011,12.707932419311302,78.6322733794558,50,0.0,1.524638349863161e-07,0.0,UNSAFE,RED
SYN_0011,12.707932419311302,78.6322733794558,75,0.0,1.2114809629015312e-06,0.0,UNSAFE,RED
SYN_0011,12.707932419311302,78.6322733794558,100,0.0,1.189117020262339e-06,0.0,UNSAFE,RED
SYN_0011,12.707932419311302,78.6322733794558,150,0.0,2.1366323591312683e-07,0.0,UNSAFE,RED
SYN_0011,12.707932419311302,78.6322733794558,200,0.0,2.5778736208857486e-07,0.0,UNSAFE,RED
SYN_0012,10.952703490186217,66.99969774323726,0,0.0,1.3111407553364836e-06,0.0,UNSAFE,RED
SYN_0012,10.952703490186217,66.99969774323726,10,0.0,7.101606107284457e-07,0.0,UNSAFE,RED
SYN_0012,10.952703490186217,66.99969774323726,25,0.0,2.0594606932192803e-06,0.0,UNSAFE,RED
SYN_0012,10.952703490186217,66.99969774323726,50,0.0,1.4467930011666713e-06,0.0,UNSAFE,RED
SYN_0012,10.952703490186217,66.99969774323726,75,0.0,4.31273741417693e-07,0.0,UNSAFE,RED
SYN_0012,10.952703490186217,66.99969774323726,100,0.0,5.659022771839336e-07,0.0,UNSAFE,RED
SYN_0012,10.952703490186217,66.99969774323726,150,0.0,1.1053284768824016e-07,0.0,UNSAFE,RED
SYN_0012,10.952703490186217,66.99969774323726,200,0.0,4.1922675495809025e-08,0.0,UNSAFE,RED
SYN_0013,23.944971547677174,84.72002127645742,0,0.0,3.136906749153671e-05,0.0,UNSAFE,RED
SYN_0013,23.944971547677174,84.72002127645742,10,0.0,1.0612305948587261e-05,0.0,UNSAFE,RED
SYN_0013,23.944971547677174,84.72002127645742,25,0.0,1.4577176485034788e-06,0.0,UNSAFE,RED
SYN_0013,23.944971547677174,84.72002127645742,50,0.0,1.4360919692534326e-06,0.0,UNSAFE,RED
SYN_0013,23.944971547677174,84.72002127645742,75,0.0,4.0333189057806565e-07,0.0,UNSAFE,RED
SYN_0013,23.944971547677174,84.72002127645742,100,0.0,5.584587209008383e-07,0.0,UNSAFE,RED
SYN_0013,23.944971547677174,84.72002127645742,150,0.0,1.488280374440735e-08,0.0,UNSAFE,RED
SYN_0013,23.944971547677174,84.72002127645742,200,0.0,3.907748554152421e-07,0.0,UNSAFE,RED
SYN_0014,5.868015665963455,83.49286660447191,0,0.0,9.252597732144096e-06,0.0,UNSAFE,RED
SYN_0014,5.868015665963455,83.49286660447191,10,0.0,5.161848815871023e-06,0.0,UNSAFE,RED
SYN_0014,5.868015665963455,83.49286660447191,25,0.0,7.1619681773288735e-06,0.0,UNSAFE,RED
SYN_0014,5.868015665963455,83.49286660447191,50,0.0,9.803674417933358e-07,0.0,UNSAFE,RED
SYN_0014,5.868015665963455,83.49286660447191,75,0.0,8.318350700853589e-07,0.0,UNSAFE,RED
SYN_0014,5.868015665963455,83.49286660447191,100,0.0,1.2089187871962903e-07,0.0,UNSAFE,RED
SYN_0014,5.868015665963455,83.49286660447191,150,0.0,5.3558875976457576e-08,0.0,UNSAFE,RED
SYN_0014,5.868015665963455,83.49286660447191,200,0.0,6.2810950380862e-08,0.0,UNSAFE,RED
SYN_0015,22.321277790008168,65.90437340212378,0,0.0,1.9079689030992278e-05,0.0,UNSAFE,RED
SYN_0015,22.321277790008168,65.90437340212378,10,0.0,7.081959250659372e-06,0.0,UNSAFE,RED
SYN_0015,22.321277790008168,65.90437340212378,25,0.0,5.197155743700059e-07,0.0,UNSAFE,RED
SYN_0015,22.321277790008168,65.90437340212378,50,0.0,1.5217078785606656e-08,0.0,UNSAFE,RED
SYN_0015,22.321277790008168,65.90437340212378,75,0.0,4.275730234973981e-07,0.0,UNSAFE,RED
SYN_0015,22.321277790008168,65.90437340212378,100,0.0,9.028474496543619e-07,0.0,UNSAFE,RED
SYN_0015,22.321277790008168,65.90437340212378,150,0.0,8.009965016967753e-08,0.0,UNSAFE,RED
SYN_0015,22.321277790008168,65.90437340212378,200,0.0,1.0691680695210184e-06,0.0,UNSAFE,RED
SYN_0016,20.139982643444576,65.9379293558244,0,0.0,1.1752717319646499e-05,0.0,UNSAFE,RED
SYN_0016,20.139982643444576,65.9379293558244,10,0.0,3.1308750300324102e-06,0.0,UNSAFE,RED
SYN_0016,20.139982643444576,65.9379293558244,25,0.0,3.19274681199758e-06,0.0,UNSAFE,RED
SYN_0016,20.139982643444576,65.9379293558244,50,0.0,6.370685919675953e-07,0.0,UNSAFE,RED
SYN_0016,20.139982643444576,65.9379293558244,75,0.0,6.761394504954879e-07,0.0,UNSAFE,RED
SYN_0016,20.139982643444576,65.9379293558244,100,0.0,8.713458472175515e-07,0.0,UNSAFE,RED
SYN_0016,20.139982643444576,65.9379293558244,150,0.0,3.7907052840977515e-08,0.0,UNSAFE,RED
SYN_0016,20.139982643444576,65.9379293558244,200,0.0,5.478599173968417e-07,0.0,UNSAFE,RED
SYN_0017,22.247274174934905,83.99041247315284,0,0.0,2.7730170173838732e-05,0.0,UNSAFE,RED
SYN_0017,22.247274174934905,83.99041247315284,10,0.0,6.58840162662273e-06,0.0,UNSAFE,RED
SYN_0017,22.247274174934905,83.99041247315284,25,0.0,3.2062885521738104e-06,0.0,UNSAFE,RED
SYN_0017,22.247274174934905,83.99041247315284,50,0.0,6.704419386441041e-07,0.0,UNSAFE,RED
SYN_0017,22.247274174934905,83.99041247315284,75,0.0,6.459000238571545e-07,0.0,UNSAFE,RED
SYN_0017,22.247274174934905,83.99041247315284,100,0.0,9.171520951466736e-07,0.0,UNSAFE,RED
SYN_0017,22.247274174934905,83.99041247315284,150,0.0,1.0151933685357895e-07,0.0,UNSAFE,RED
SYN_0017,22.247274174934905,83.99041247315284,200,0.0,2.3956904929589036e-06,0.0,UNSAFE,RED
SYN_0018,5.636093629703303,75.97430618414818,0,0.0,1.5324923278794025e-06,0.0,UNSAFE,RED
SYN_0018,5.636093629703303,75.97430618414818,10,0.0,2.990445820737354e-06,0.0,UNSAFE,RED
SYN_0018,5.636093629703303,75.97430618414818,25,0.0,1.2478247627039479e-06,0.0,UNSAFE,RED
SYN_0018,5.636093629703303,75.97430618414818,50,0.0,8.92112354936641e-07,0.0,UNSAFE,RED
SYN_0018,5.636093629703303,75.97430618414818,75,0.0,4.81863819307179e-07,0.0,UNSAFE,RED
SYN_0018,5.636093629703303,75.97430618414818,100,0.0,6.242341196616823e-07,0.0,UNSAFE,RED
SYN_0018,5.636093629703303,75.97430618414818,150,0.0,6.722382704309889e-08,0.0,UNSAFE,RED
SYN_0018,5.636093629703303,75.97430618414818,200,0.0,5.754811004242633e-07,0.0,UNSAFE,RED
SYN_0019,13.948247336469093,75.65234532910046,0,0.0,7.395207061779164e-06,0.0,UNSAFE,RED
SYN_0019,13.948247336469093,75.65234532910046,10,0.0,2.406410682470603e-06,0.0,UNSAFE,RED
SYN_0019,13.948247336469093,75.65234532910046,25,0.0,3.5142618959645184e-06,0.0,UNSAFE,RED
SYN_0019,13.948247336469093,75.65234532910046,50,0.0,1.3896151879958091e-06,0.0,UNSAFE,RED
SYN_0019,13.948247336469093,75.65234532910046,75,0.0,3.9094943436862403e-07,0.0,UNSAFE,RED
SYN_0019,13.948247336469093,75.65234532910046,100,0.0,3.9410505591236585e-07,0.0,UNSAFE,RED
SYN_0019,13.948247336469093,75.65234532910046,150,0.0,4.0574991573600916e-07,0.0,UNSAFE,RED
SYN_0019,13.948247336469093,75.65234532910046,200,0.0,2.102328887933629e-07,0.0,UNSAFE,RED
SYN_0020,5.150687262681495,69.50665595425056,0,0.0,1.0713283567569381e-05,0.0,UNSAFE,RED
SYN_0020,5.150687262681495,69.50665595425056,10,0.0,1.544100577845137e-06,0.0,UNSAFE,RED
SYN_0020,5.150687262681495,69.50665595425056,25,0.0,4.305298555396099e-07,0.0,UNSAFE,RED
SYN_0020,5.150687262681495,69.50665595425056,50,0.0,1.644538797513597e-06,0.0,UNSAFE,RED
SYN_0020,5.150687262681495,69.50665595425056,75,0.0,3.031436529990686e-07,0.0,UNSAFE,RED
SYN_0020,5.150687262681495,69.50665595425056,100,0.0,1.5213210576941094e-06,0.0,UNSAFE,RED
SYN_0020,5.150687262681495,69.50665595425056,150,0.0,9.077475930302758e-08,0.0,UNSAFE,RED
SYN_0020,5.150687262681495,69.50665595425056,200,0.0,2.0364348380953096e-07,0.0,UNSAFE,RED
SYN_0021,7.296736494784071,77.21240084883266,0,0.0,3.3087301745287573e-05,0.0,UNSAFE,RED
SYN_0021,7.296736494784071,77.21240084883266,10,0.0,1.2002028767918477e-05,0.0,UNSAFE,RED
SYN_0021,7.296736494784071,77.21240084883266,25,0.0,7.529253304666391e-07,0.0,UNSAFE,RED
SYN_0021,7.296736494784071,77.21240084883266,50,0.0,1.5665845779572013e-07,0.0,UNSAFE,RED
SYN_0021,7.296736494784071,77.21240084883266,75,0.0,8.561498291465985e-07,0.0,UNSAFE,RED
SYN_0021,7.296736494784071,77.21240084883266,100,0.0,7.528562144675114e-10,0.0,UNSAFE,RED
SYN_0021,7.296736494784071,77.21240084883266,150,0.0,2.5696764402072836e-07,0.0,UNSAFE,RED
SYN_0021,7.296736494784071,77.21240084883266,200,0.0,2.2205012360877002e-07,0.0,UNSAFE,RED
SYN_0022,20.990742618390318,81.50265353385595,0,0.0,4.8858997466331874e-05,0.0,UNSAFE,RED
SYN_0022,20.990742618390318,81.50265353385595,10,0.0,1.7300462142369448e-05,0.0,UNSAFE,RED
SYN_0022,20.990742618390318,81.50265353385595,25,0.0,6.716651411545918e-07,0.0,UNSAFE,RED
SYN_0022,20.990742618390318,81.50265353385595,50,0.0,1.0168739378937934e-06,0.0,UNSAFE,RED
SYN_0022,20.990742618390318,81.50265353385595,75,0.0,3.048776917945242e-07,0.0,UNSAFE,RED
SYN_0022,20.990742618390318,81.50265353385595,100,0.0,7.138178307588818e-07,0.0,UNSAFE,RED
SYN_0022,20.990742618390318,81.50265353385595,150,0.0,1.5336029079410813e-08,0.0,UNSAFE,RED
SYN_0022,20.990742618390318,81.50265353385595,200,0.0,1.1257321835774192e-06,0.0,UNSAFE,RED
SYN_0023,20.88050378540592,77.40145511857027,0,0.0,9.042521328624133e-06,0.0,UNSAFE,RED
SYN_0023,20.88050378540592,77.40145511857027,10,0.0,3.8146138458244684e-06,0.0,UNSAFE,RED
SYN_0023,20.88050378540592,77.40145511857027,25,0.0,1.6400695224097197e-06,0.0,UNSAFE,RED
SYN_0023,20.88050378540592,77.40145511857027,50,0.0,5.968658652082241e-07,0.0,UNSAFE,RED
SYN_0023,20.88050378540592,77.40145511857027,75,0.0,8.87047503604603e-07,0.0,UNSAFE,RED
SYN_0023,20.88050378540592,77.40145511857027,100,0.0,1.7356523269100548e-06,0.0,UNSAFE,RED
SYN_0023,20.88050378540592,77.40145511857027,150,0.0,3.986399948997974e-08,0.0,UNSAFE,RED
SYN_0023,20.88050378540592,77.40145511857027,200,0.0,3.485151932525524e-07,0.0,UNSAFE,RED
SYN_0024,23.945666792236302,68.0670280623216,0,0.0,3.5504550942646035e-05,0.0,UNSAFE,RED
SYN_0024,23.945666792236302,68.0670280623216,10,0.0,7.96539513836725e-06,0.0,UNSAFE,RED
SYN_0024,23.945666792236302,68.0670280623216,25,0.0,2.1739700474163922e-06,0.0,UNSAFE,RED
SYN_0024,23.945666792236302,68.0670280623216,50,0.0,7.503273045749916e-07,0.0,UNSAFE,RED
SYN_0024,23.945666792236302,68.0670280623216,75,0.0,1.7851124912690208e-06,0.0,UNSAFE,RED
SYN_0024,23.945666792236302,68.0670280623216,100,0.0,4.8721190057729045e-08,0.0,UNSAFE,RED
SYN_0024,23.945666792236302,68.0670280623216,150,0.0,4.2601282731451125e-07,0.0,UNSAFE,RED
SYN_0024,23.945666792236302,68.0670280623216,200,0.0,2.2491514682750336e-07,0.0,UNSAFE,RED
SYN_0025,14.616739561781472,83.36909449878603,0,0.0,4.099198962426167e-05,0.0,UNSAFE,RED
SYN_0025,14.616739561781472,83.36909449878603,10,0.0,1.288461774586979e-05,0.0,UNSAFE,RED
SYN_0025,14.616739561781472,83.36909449878603,25,0.0,1.9696324419089693e-06,0.0,UNSAFE,RED
SYN_0025,14.616739561781472,83.36909449878603,50,0.0,1.282821047051488e-06,0.0,UNSAFE,RED
SYN_0025,14.616739561781472,83.36909449878603,75,0.0,9.816569304170213e-07,0.0,UNSAFE,RED
SYN_0025,14.616739561781472,83.36909449878603,100,0.0,1.3743525390465369e-06,0.0,UNSAFE,RED
SYN_0025,14.616739561781472,83.36909449878603,150,0.0,4.6330379550573385e-08,0.0,UNSAFE,RED
SYN_0025,14.616739561781472,83.36909449878603,200,0.0,1.3093775697899808e-07,0.0,UNSAFE,RED
SYN_0026,20.51055233390021,74.06577669496055,0,0.0,6.771692640748871e-06,0.0,UNSAFE,RED
SYN_0026,20.51055233390021,74.06577669496055,10,0.0,5.386959811635567e-06,0.0,UNSAFE,RED
SYN_0026,20.51055233390021,74.06577669496055,25,0.0,2.432728343486157e-07,0.0,UNSAFE,RED
SYN_0026,20.51055233390021,74.06577669496055,50,0.0,2.5131170774575864e-06,0.0,UNSAFE,RED
SYN_0026,20.51055233390021,74.06577669496055,75,0.0,1.6001372096173691e-07,0.0,UNSAFE,RED
SYN_0026,20.51055233390021,74.06577669496055,100,0.0,5.4320653071501e-07,0.0,UNSAFE,RED
SYN_0026,20.51055233390021,74.06577669496055,150,0.0,2.278383051155157e-07,0.0,UNSAFE,RED
SYN_0026,20.51055233390021,74.06577669496055,200,0.0,3.423687396918781e-07,0.0,UNSAFE,RED
SYN_0027,10.862954605220263,82.9267163704224,0,0.0,1.2686518505165487e-05,0.0,UNSAFE,RED
SYN_0027,10.862954605220263,82.9267163704224,10,0.0,9.358986250723683e-06,0.0,UNSAFE,RED
SYN_0027,10.862954605220263,82.9267163704224,25,0.0,1.443466565909184e-06,0.0,UNSAFE,RED
SYN_0027,10.862954605220263,82.9267163704224,50,0.0,7.499345011675454e-07,0.0,UNSAFE,RED
SYN_0027,10.862954605220263,82.9267163704224,75,0.0,8.021751140447672e-08,0.0,UNSAFE,RED
SYN_0027,10.862954605220263,82.9267163704224,100,0.0,1.4806903739018006e-06,0.0,UNSAFE,RED
SYN_0027,10.862954605220263,82.9267163704224,150,0.0,1.0158501808961637e-07,0.0,UNSAFE,RED
SYN_0027,10.862954605220263,82.9267163704224,200,0.0,7.501392376543726e-07,0.0,UNSAFE,RED
SYN_0028,13.05100087193961,69.36046214988173,0,0.0,1.1580625466699678e-05,0.0,UNSAFE,RED
SYN_0028,13.05100087193961,69.36046214988173,10,0.0,2.689243371078573e-06,0.0,UNSAFE,RED
SYN_0028,13.05100087193961,69.36046214988173,25,0.0,1.6012112269953369e-06,0.0,UNSAFE,RED
SYN_0028,13.05100087193961,69.36046214988173,50,0.0,7.982498439538835e-07,0.0,UNSAFE,RED
SYN_0028,13.05100087193961,69.36046214988173,75,0.0,2.259565549699286e-07,0.0,UNSAFE,RED
SYN_0028,13.05100087193961,69.36046214988173,100,0.0,1.6774302276967897e-06,0.0,UNSAFE,RED
SYN_0028,13.05100087193961,69.36046214988173,150,0.0,5.620328186407099e-08,0.0,UNSAFE,RED
SYN_0028,13.05100087193961,69.36046214988173,200,0.0,3.6072424395489127e-07,0.0,UNSAFE,RED
SYN_0029,10.9424343124635,76.32809280593794,0,0.0,3.6497505678510793e-06,0.0,UNSAFE,RED
SYN_0029,10.9424343124635,76.32809280593794,10,0.0,1.1778781999694421e-06,0.0,UNSAFE,RED
SYN_0029,10.9424343124635,76.32809280593794,25,0.0,6.235077228771474e-06,0.0,UNSAFE,RED
SYN_0029,10.9424343124635,76.32809280593794,50,0.0,1.3871552534542704e-06,0.0,UNSAFE,RED
SYN_0029,10.9424343124635,76.32809280593794,75,0.0,5.595636450575539e-07,0.0,UNSAFE,RED
SYN_0029,10.9424343124635,76.32809280593794,100,0.0,4.51722644490806e-07,0.0,UNSAFE,RED
SYN_0029,10.9424343124635,76.32809280593794,150,0.0,9.380781209145239e-09,0.0,UNSAFE,RED
SYN_0029,10.9424343124635,76.32809280593794,200,0.0,4.922199496703414e-07,0.0,UNSAFE,RED
SYN_0030,24.163415860078608,80.16784827891362,0,0.0,8.987016794046894e-06,0.0,UNSAFE,RED
SYN_0030,24.163415860078608,80.16784827891362,10,0.0,9.734388805810778e-08,0.0,UNSAFE,RED
SYN_0030,24.163415860078608,80.16784827891362,25,0.0,9.021744630346159e-06,0.0,UNSAFE,RED
SYN_0030,24.163415860078608,80.16784827891362,50,0.0,1.2741286473848467e-06,0.0,UNSAFE,RED
SYN_0030,24.163415860078608,80.16784827891362,75,0.0,3.174149200690672e-07,0.0,UNSAFE,RED
SYN_0030,24.163415860078608,80.16784827891362,100,0.0,1.147476184238433e-06,0.0,UNSAFE,RED
SYN_0030,24.163415860078608,80.16784827891362,150,0.0,1.3798761863566802e-07,0.0,UNSAFE,RED
SYN_0030,24.163415860078608,80.16784827891362,200,0.0,4.409593706707252e-07,0.0,UNSAFE,RED
SYN_0031,18.003347008864562,72.29394498914611,0,0.0,9.285481627568231e-06,0.0,UNSAFE,RED
SYN_0031,18.003347008864562,72.29394498914611,10,0.0,1.8035621226132406e-06,0.0,UNSAFE,RED
SYN_0031,18.003347008864562,72.29394498914611,25,0.0,4.697543317354577e-06,0.0,UNSAFE,RED
SYN_0031,18.003347008864562,72.29394498914611,50,0.0,8.306695097025648e-07,0.0,UNSAFE,RED
SYN_0031,18.003347008864562,72.29394498914611,75,0.0,3.2347990121580917e-07,0.0,UNSAFE,RED
SYN_0031,18.003347008864562,72.29394498914611,100,0.0,7.780692797199271e-07,0.0,UNSAFE,RED
SYN_0031,18.003347008864562,72.29394498914611,150,0.0,9.724394616190438e-08,0.0,UNSAFE,RED
SYN_0031,18.003347008864562,72.29394498914611,200,0.0,6.314594197850312e-07,0.0,UNSAFE,RED
SYN_0032,7.209482262627893,72.09244315281553,0,0.0,2.8539706467340166e-05,0.0,UNSAFE,RED
SYN_0032,7.209482262627893,72.09244315281553,10,0.0,1.605230293256584e-06,0.0,UNSAFE,RED
SYN_0032,7.209482262627893,72.09244315281553,25,0.0,7.4689589879524635e-06,0.0,UNSAFE,RED
SYN_0032,7.209482262627893,72.09244315281553,50,0.0,1.722636563404168e-07,0.0,UNSAFE,RED
SYN_0032,7.209482262627893,72.09244315281553,75,0.0,3.736872332299305e-07,0.0,UNSAFE,RED
SYN_0032,7.209482262627893,72.09244315281553,100,0.0,1.6840219891245773e-06,0.0,UNSAFE,RED
SYN_0032,7.209482262627893,72.09244315281553,150,0.0,2.990624685969133e-08,0.0,UNSAFE,RED
SYN_0032,7.209482262627893,72.09244315281553,200,0.0,5.625145201967101e-07,0.0,UNSAFE,RED
SYN_0033,16.94548144860682,75.50063001720537,0,0.0,2.797607639155101e-05,0.0,UNSAFE,RED
SYN_0033,16.94548144860682,75.50063001720537,10,0.0,6.746957973459252e-06,0.0,UNSAFE,RED
SYN_0033,16.94548144860682,75.50063001720537,25,0.0,4.675013010205738e-06,0.0,UNSAFE,RED
SYN_0033,16.94548144860682,75.50063001720537,50,0.0,4.6659246527064396e-07,0.0,UNSAFE,RED
SYN_0033,16.94548144860682,75.50063001720537,75,0.0,4.984804627127362e-07,0.0,UNSAFE,RED
SYN_0033,16.94548144860682,75.50063001720537,100,0.0,2.9208938076923725e-07,0.0,UNSAFE,RED
SYN_0033,16.94548144860682,75.50063001720537,150,0.0,1.239586070205669e-07,0.0,UNSAFE,RED
SYN_0033,16.94548144860682,75.50063001720537,200,0.0,7.514590211380605e-07,0.0,UNSAFE,RED
SYN_0034,22.02413828097537,74.90293054027948,0,0.0,5.551770936375135e-06,0.0,UNSAFE,RED
SYN_0034,22.02413828097537,74.90293054027948,10,0.0,2.717198974738403e-06,0.0,UNSAFE,RED
SYN_0034,22.02413828097537,74.90293054027948,25,0.0,2.877759924335017e-07,0.0,UNSAFE,RED
SYN_0034,22.02413828097537,74.90293054027948,50,0.0,6.040562188181416e-07,0.0,UNSAFE,RED
SYN_0034,22.02413828097537,74.90293054027948,75,0.0,6.391092716816246e-07,0.0,UNSAFE,RED
SYN_0034,22.02413828097537,74.90293054027948,100,0.0,2.089148266752434e-07,0.0,UNSAFE,RED
SYN_0034,22.02413828097537,74.90293054027948,150,0.0,2.1658525090596297e-07,0.0,UNSAFE,RED
SYN_0034,22.02413828097537,74.90293054027948,200,0.0,1.0456954866557483e-06,0.0,UNSAFE,RED
SYN_0035,15.149354675216724,65.12771743433667,0,0.0,1.1868451172014342e-05,0.0,UNSAFE,RED
SYN_0035,15.149354675216724,65.12771743433667,10,0.0,2.5855771732885345e-06,0.0,UNSAFE,RED
SYN_0035,15.149354675216724,65.12771743433667,25,0.0,3.6378372624306225e-07,0.0,UNSAFE,RED
SYN_0035,15.149354675216724,65.12771743433667,50,0.0,1.13187428772231e-06,0.0,UNSAFE,RED
SYN_0035,15.149354675216724,65.12771743433667,75,0.0,5.190330061103179e-07,0.0,UNSAFE,RED
SYN_0035,15.149354675216724,65.12771743433667,100,0.0,1.603069519963868e-06,0.0,UNSAFE,RED
SYN_0035,15.149354675216724,65.12771743433667,150,0.0,1.0528863848040992e-07,0.0,UNSAFE,RED
SYN_0035,15.149354675216724,65.12771743433667,200,0.0,2.1053043461650417e-06,0.0,UNSAFE,RED
SYN_0036,20.16526391858045,65.49173832917603,0,0.0,2.17706341582047e-05,0.0,UNSAFE,RED
SYN_0036,20.16526391858045,65.49173832917603,10,0.0,4.711952586120683e-06,0.0,UNSAFE,RED
SYN_0036,20.16526391858045,65.49173832917603,25,0.0,2.0631143313492243e-06,0.0,UNSAFE,RED
SYN_0036,20.16526391858045,65.49173832917603,50,0.0,4.0506713831484353e-07,0.0,UNSAFE,RED
SYN_0036,20.16526391858045,65.49173832917603,75,0.0,1.2353684904011685e-06,0.0,UNSAFE,RED
SYN_0036,20.16526391858045,65.49173832917603,100,0.0,1.2946634263667947e-06,0.0,UNSAFE,RED
SYN_0036,20.16526391858045,65.49173832917603,150,0.0,6.01499894105042e-07,0.0,UNSAFE,RED
SYN_0036,20.16526391858045,65.49173832917603,200,0.0,1.3780066580987687e-06,0.0,UNSAFE,RED
SYN_0037,14.430649202050256,75.86465611579916,0,0.0,6.040519374184849e-06,0.0,UNSAFE,RED
SYN_0037,14.430649202050256,75.86465611579916,10,0.0,2.4820293013500537e-06,0.0,UNSAFE,RED
SYN_0037,14.430649202050256,75.86465611579916,25,0.0,8.033017121016603e-07,0.0,UNSAFE,RED
SYN_0037,14.430649202050256,75.86465611579916,50,0.0,3.8579518831369165e-07,0.0,UNSAFE,RED
SYN_0037,14.430649202050256,75.86465611579916,75,0.0,2.2607380643516913e-07,0.0,UNSAFE,RED
SYN_0037,14.430649202050256,75.86465611579916,100,0.0,3.835433944435531e-07,0.0,UNSAFE,RED
SYN_0037,14.430649202050256,75.86465611579916,150,0.0,2.2325390177433125e-08,0.0,UNSAFE,RED
SYN_0037,14.430649202050256,75.86465611579916,200,0.0,7.853595819697903e-07,0.0,UNSAFE,RED
SYN_0038,6.448937755891178,72.8498711281337,0,0.0,1.5678045250674774e-05,0.0,UNSAFE,RED
SYN_0038,6.448937755891178,72.8498711281337,10,0.0,1.7026532619120033e-06,0.0,UNSAFE,RED
SYN_0038,6.448937755891178,72.8498711281337,25,0.0,2.0598243557133713e-06,0.0,UNSAFE,RED
SYN_0038,6.448937755891178,72.8498711281337,50,0.0,5.983746576194643e-07,0.0,UNSAFE,RED
SYN_0038,6.448937755891178,72.8498711281337,75,0.0,4.5525315239046096e-07,0.0,UNSAFE,RED
SYN_0038,6.448937755891178,72.8498711281337,100,0.0,4.773079571969384e-07,0.0,UNSAFE,RED
SYN_0038,6.448937755891178,72.8498711281337,150,0.0,5.6805148023176324e-09,0.0,UNSAFE,RED
SYN_0038,6.448937755891178,72.8498711281337,200,0.0,3.2577345695387104e-07,0.0,UNSAFE,RED
SYN_0039,23.947009252620774,77.50609320427895,0,0.0,7.742019611156533e-06,0.0,UNSAFE,RED
SYN_0039,23.947009252620774,77.50609320427895,10,0.0,6.878399320032913e-06,0.0,UNSAFE,RED
SYN_0039,23.947009252620774,77.50609320427895,25,0.0,1.2632333402479855e-06,0.0,UNSAFE,RED
SYN_0039,23.947009252620774,77.50609320427895,50,0.0,1.8734607856957373e-07,0.0,UNSAFE,RED
SYN_0039,23.947009252620774,77.50609320427895,75,0.0,4.489103371385277e-09,0.0,UNSAFE,RED
SYN_0039,23.947009252620774,77.50609320427895,100,0.0,5.254924413086352e-07,0.0,UNSAFE,RED
SYN_0039,23.947009252620774,77.50609320427895,150,0.0,4.5624283203226615e-07,0.0,UNSAFE,RED
SYN_0039,23.947009252620774,77.50609320427895,200,0.0,3.1920230432763737e-06,0.0,UNSAFE,RED
SYN_0040,22.36545010816761,79.54338139532616,0,0.0,9.67341486217028e-06,0.0,UNSAFE,RED
SYN_0040,22.36545010816761,79.54338139532616,10,0.0,7.493540000554045e-06,0.0,UNSAFE,RED
SYN_0040,22.36545010816761,79.54338139532616,25,0.0,9.935604241983968e-06,0.0,UNSAFE,RED
SYN_0040,22.36545010816761,79.54338139532616,50,0.0,5.434448866704593e-07,0.0,UNSAFE,RED
SYN_0040,22.36545010816761,79.54338139532616,75,0.0,1.2587221132151486e-07,0.0,UNSAFE,RED
SYN_0040,22.36545010816761,79.54338139532616,100,0.0,7.274449058143792e-07,0.0,UNSAFE,RED
SYN_0040,22.36545010816761,79.54338139532616,150,0.0,6.436358830425837e-08,0.0,UNSAFE,RED
SYN_0040,22.36545010816761,79.54338139532616,200,0.0,5.708164990426802e-07,0.0,UNSAFE,RED
SYN_0041,16.85901702869855,68.27047745170046,0,0.0,1.375812050430431e-05,0.0,UNSAFE,RED
SYN_0041,16.85901702869855,68.27047745170046,10,0.0,6.943320613613318e-06,0.0,UNSAFE,RED
SYN_0041,16.85901702869855,68.27047745170046,25,0.0,2.1063701624450873e-06,0.0,UNSAFE,RED
SYN_0041,16.85901702869855,68.27047745170046,50,0.0,2.770777256090315e-06,0.0,UNSAFE,RED
SYN_0041,16.85901702869855,68.27047745170046,75,0.0,1.7121224806183352e-07,0.0,UNSAFE,RED
SYN_0041,16.85901702869855,68.27047745170046,100,0.0,2.893574444015172e-06,0.0,UNSAFE,RED
SYN_0041,16.85901702869855,68.27047745170046,150,0.0,2.6164598304662334e-07,0.0,UNSAFE,RED
SYN_0041,16.85901702869855,68.27047745170046,200,3.513189880924652e-07,2.562969782896804e-07,1.370215009693058,SAFE,GREEN
SYN_0042,13.92737293025171,82.28432355348338,0,0.0,2.3360611753043174e-05,0.0,UNSAFE,RED
SYN_0042,13.92737293025171,82.28432355348338,10,0.0,3.1764176783950457e-06,0.0,UNSAFE,RED
SYN_0042,13.92737293025171,82.28432355348338,25,0.0,1.6360480212324463e-06,0.0,UNSAFE,RED
SYN_0042,13.92737293025171,82.28432355348338,50,0.0,1.4052508960092162e-07,0.0,UNSAFE,RED
SYN_0042,13.92737293025171,82.28432355348338,75,0.0,3.357136872983272e-07,0.0,UNSAFE,RED
SYN_0042,13.92737293025171,82.28432355348338,100,0.0,3.0921393536160687e-07,0.0,UNSAFE,RED
SYN_0042,13.92737293025171,82.28432355348338,150,0.0,7.956830063703329e-08,0.0,UNSAFE,RED
SYN_0042,13.92737293025171,82.28432355348338,200,0.0,8.664911496584372e-07,0.0,UNSAFE,RED
SYN_0043,18.85251904452329,81.76230579296221,0,0.0,3.912719707919578e-06,0.0,UNSAFE,RED
SYN_0043,18.85251904452329,81.76230579296221,10,0.0,3.5855821145648704e-07,0.0,UNSAFE,RED
SYN_0043,18.85251904452329,81.76230579296221,25,0.0,7.773498976541612e-07,0.0,UNSAFE,RED
SYN_0043,18.85251904452329,81.76230579296221,50,0.0,1.1477731052627324e-08,0.0,UNSAFE,RED
SYN_0043,18.85251904452329,81.76230579296221,75,0.0,3.206171064465013e-07,0.0,UNSAFE,RED
SYN_0043,18.85251904452329,81.76230579296221,100,0.0,1.3813076582013296e-08,0.0,UNSAFE,RED
SYN_0043,18.85251904452329,81.76230579296221,150,0.0,1.0455587237218692e-07,0.0,UNSAFE,RED
SYN_0043,18.85251904452329,81.76230579296221,200,0.0,9.988632702548708e-08,0.0,UNSAFE,RED
SYN_0044,20.24570269553232,80.95627297717269,0,0.0,1.606248533937198e-05,0.0,UNSAFE,RED
SYN_0044,20.24570269553232,80.95627297717269,10,0.0,5.995355332496802e-06,0.0,UNSAFE,RED
SYN_0044,20.24570269553232,80.95627297717269,25,0.0,8.580667439689691e-07,0.0,UNSAFE,RED
SYN_0044,20.24570269553232,80.95627297717269,50,0.0,2.41554483104914e-07,0.0,UNSAFE,RED
SYN_0044,20.24570269553232,80.95627297717269,75,0.0,1.1402421662078155e-06,0.0,UNSAFE,RED
SYN_0044,20.24570269553232,80.95627297717269,100,0.0,1.5862774811532483e-07,0.0,UNSAFE,RED
SYN_0044,20.24570269553232,80.95627297717269,150,0.0,9.450794511269582e-08,0.0,UNSAFE,RED
SYN_0044,20.24570269553232,80.95627297717269,200,0.0,2.065059575739698e-07,0.0,UNSAFE,RED
SYN_0045,15.988284768609066,79.93751432271645,0,0.0,2.7842545944537647e-05,0.0,UNSAFE,RED
SYN_0045,15.988284768609066,79.93751432271645,10,0.0,6.575999677005194e-06,0.0,UNSAFE,RED
SYN_0045,15.988284768609066,79.93751432271645,25,0.0,1.92755757017464e-06,0.0,UNSAFE,RED
SYN_0045,15.988284768609066,79.93751432271645,50,0.0,1.2272137667325694e-06,0.0,UNSAFE,RED
SYN_0045,15.988284768609066,79.93751432271645,75,0.0,1.179115473378146e-06,0.0,UNSAFE,RED
SYN_0045,15.988284768609066,79.93751432271645,100,0.0,2.617670537393032e-07,0.0,UNSAFE,RED
SYN_0045,15.988284768609066,79.93751432271645,150,0.0,8.658794736466462e-08,0.0,UNSAFE,RED
SYN_0045,15.988284768609066,79.93751432271645,200,0.0,8.879858936770747e-07,0.0,UNSAFE,RED
SYN_0046,16.346244392578072,70.13125567402727,0,0.0,2.7253604814416077e-05,0.0,UNSAFE,RED
SYN_0046,16.346244392578072,70.13125567402727,10,0.0,8.48894306626085e-06,0.0,UNSAFE,RED
SYN_0046,16.346244392578072,70.13125567402727,25,0.0,4.547788848593962e-06,0.0,UNSAFE,RED
SYN_0046,16.346244392578072,70.13125567402727,50,0.0,1.9393003175350224e-06,0.0,UNSAFE,RED
SYN_0046,16.346244392578072,70.13125567402727,75,0.0,1.958329535182951e-07,0.0,UNSAFE,RED
SYN_0046,16.346244392578072,70.13125567402727,100,0.0,2.686138258134875e-06,0.0,UNSAFE,RED
SYN_0046,16.346244392578072,70.13125567402727,150,0.0,2.0522124975707676e-07,0.0,UNSAFE,RED
SYN_0046,16.346244392578072,70.13125567402727,200,0.0,5.0528693582767674e-08,0.0,UNSAFE,RED
SYN_0047,8.059676016571252,69.7047116960397,0,0.0,1.070618497509962e-05,0.0,UNSAFE,RED
SYN_0047,8.059676016571252,69.7047116960397,10,0.0,4.058410983976736e-06,0.0,UNSAFE,RED
SYN_0047,8.059676016571252,69.7047116960397,25,0.0,5.705231198230834e-07,0.0,UNSAFE,RED
SYN_0047,8.059676016571252,69.7047116960397,50,0.0,1.0077537887906725e-07,0.0,UNSAFE,RED
SYN_0047,8.059676016571252,69.7047116960397,75,0.0,3.150616834711702e-07,0.0,UNSAFE,RED
SYN_0047,8.059676016571252,69.7047116960397,100,0.0,9.961827139146875e-09,0.0,UNSAFE,RED
SYN_0047,8.059676016571252,69.7047116960397,150,0.0,2.0705642237371238e-08,0.0,UNSAFE,RED
SYN_0047,8.059676016571252,69.7047116960397,200,0.0,5.8150999061637614e-08,0.0,UNSAFE,RED
SYN_0048,15.381195818165407,66.3522512718443,0,0.0,4.3770430175845665e-06,0.0,UNSAFE,RED
SYN_0048,15.381195818165407,66.3522512718443,10,0.0,9.220027227939343e-07,0.0,UNSAFE,RED
SYN_0048,15.381195818165407,66.3522512718443,25,0.0,8.9943302422447e-07,0.0,UNSAFE,RED
SYN_0048,15.381195818165407,66.3522512718443,50,0.0,5.381480796282564e-07,0.0,UNSAFE,RED
SYN_0048,15.381195818165407,66.3522512718443,75,0.0,6.479341407285306e-07,0.0,UNSAFE,RED
SYN_0048,15.381195818165407,66.3522512718443,100,0.0,1.285468101353563e-06,0.0,UNSAFE,RED
SYN_0048,15.381195818165407,66.3522512718443,150,0.0,7.579737419340688e-08,0.0,UNSAFE,RED
SYN_0048,15.381195818165407,66.3522512718443,200,0.0,2.844356063126493e-07,0.0,UNSAFE,RED
SYN_0049,18.431168872260745,66.8585828875878,0,0.0,1.5169461463265911e-05,0.0,UNSAFE,RED
SYN_0049,18.431168872260745,66.8585828875878,10,0.0,3.9812203010009656e-06,0.0,UNSAFE,RED
SYN_0049,18.431168872260745,66.8585828875878,25,0.0,1.0782566905819327e-06,0.0,UNSAFE,RED
SYN_0049,18.431168872260745,66.8585828875878,50,0.0,1.1320550974540141e-07,0.0,UNSAFE,RED
SYN_0049,18.431168872260745,66.8585828875878,75,0.0,3.8525238594762225e-07,0.0,UNSAFE,RED
SYN_0049,18.431168872260745,66.8585828875878,100,0.0,6.578504113008464e-08,0.0,UNSAFE,RED
SYN_0049,18.431168872260745,66.8585828875878,150,0.0,1.0410899640838958e-08,0.0,UNSAFE,RED
SYN_0049,18.431168872260745,66.8585828875878,200,0.0,2.578107597723812e-07,0.0,UNSAFE,RED
SYN_0050,6.618385661025044,73.05960357530323,0,0.0,2.7847016312274247e-05,0.0,UNSAFE,RED
SYN_0050,6.618385661025044,73.05960357530323,10,0.0,5.211954775070647e-06,0.0,UNSAFE,RED
SYN_0050,6.618385661025044,73.05960357530323,25,0.0,1.018437655508615e-05,0.0,UNSAFE,RED
SYN_0050,6.618385661025044,73.05960357530323,50,0.0,1.846161254801172e-06,0.0,UNSAFE,RED
SYN_0050,6.618385661025044,73.05960357530323,75,0.0,2.5332456789922284e-06,0.0,UNSAFE,RED
SYN_0050,6.618385661025044,73.05960357530323,100,0.0,3.519220738469048e-07,0.0,UNSAFE,RED
SYN_0050,6.618385661025044,73.05960357530323,150,0.0,4.5047890375542644e-08,0.0,UNSAFE,RED
SYN_0050,6.618385661025044,73.05960357530323,200,0.0,1.9173885776766393e-08,0.0,UNSAFE,RED
SYN_0051,12.729216823182943,76.28882181357766,0,0.0,2.342094136832124e-06,0.0,UNSAFE,RED
SYN_0051,12.729216823182943,76.28882181357766,10,0.0,2.818683679612638e-06,0.0,UNSAFE,RED
SYN_0051,12.729216823182943,76.28882181357766,25,0.0,1.3598956057950486e-06,0.0,UNSAFE,RED
SYN_0051,12.729216823182943,76.28882181357766,50,0.0,1.849486012281571e-08,0.0,UNSAFE,RED
SYN_0051,12.729216823182943,76.28882181357766,75,0.0,6.527246609924388e-07,0.0,UNSAFE,RED
SYN_0051,12.729216823182943,76.28882181357766,100,0.0,8.920860403735503e-07,0.0,UNSAFE,RED
SYN_0051,12.729216823182943,76.28882181357766,150,0.0,1.5842600814074068e-08,0.0,UNSAFE,RED
SYN_0051,12.729216823182943,76.28882181357766,200,0.0,2.2530715374852856e-08,0.0,UNSAFE,RED
SYN_0052,5.220625288572944,73.32307996359523,0,0.0,1.1085623732984378e-05,0.0,UNSAFE,RED
SYN_0052,5.220625288572944,73.32307996359523,10,0.0,2.0147877201009673e-06,0.0,UNSAFE,RED
SYN_0052,5.220625288572944,73.32307996359523,25,0.0,1.4983446114647895e-06,0.0,UNSAFE,RED
SYN_0052,5.220625288572944,73.32307996359523,50,0.0,7.297210230928422e-07,0.0,UNSAFE,RED
SYN_0052,5.220625288572944,73.32307996359523,75,0.0,4.3952170961004654e-07,0.0,UNSAFE,RED
SYN_0052,5.220625288572944,73.32307996359523,100,0.0,1.6705779074723028e-07,0.0,UNSAFE,RED
SYN_0052,5.220625288572944,73.32307996359523,150,0.0,1.6296033859990572e-08,0.0,UNSAFE,RED
SYN_0052,5.220625288572944,73.32307996359523,200,0.0,2.075792755892764e-07,0.0,UNSAFE,RED
SYN_0053,10.093412440921025,81.81743158851845,0,0.0,2.568574278830577e-05,0.0,UNSAFE,RED
SYN_0053,10.093412440921025,81.81743158851845,10,0.0,5.474112189797852e-06,0.0,UNSAFE,RED
SYN_0053,10.093412440921025,81.81743158851845,25,0.0,1.8806927827188285e-06,0.0,UNSAFE,RED
SYN_0053,10.093412440921025,81.81743158851845,50,0.0,1.2789575755369885e-06,0.0,UNSAFE,RED
SYN_0053,10.093412440921025,81.81743158851845,75,0.0,9.361150696284874e-07,0.0,UNSAFE,RED
SYN_0053,10.093412440921025,81.81743158851845,100,0.0,1.8341937454846195e-06,0.0,UNSAFE,RED
SYN_0053,10.093412440921025,81.81743158851845,150,0.0,5.820223924526778e-08,0.0,UNSAFE,RED
SYN_0053,10.093412440921025,81.81743158851845,200,0.0,1.8727663053667396e-07,0.0,UNSAFE,RED
SYN_0054,15.293151731470232,82.97801648012471,0,0.0,2.2436299845901885e-05,0.0,UNSAFE,RED
SYN_0054,15.293151731470232,82.97801648012471,10,0.0,2.9158440982684804e-06,0.0,UNSAFE,RED
SYN_0054,15.293151731470232,82.97801648012471,25,0.0,1.962047754673796e-06,0.0,UNSAFE,RED
SYN_0054,15.293151731470232,82.97801648012471,50,0.0,1.7762918341071663e-07,0.0,UNSAFE,RED
SYN_0054,15.293151731470232,82.97801648012471,75,0.0,4.6471242755944213e-07,0.0,UNSAFE,RED
SYN_0054,15.293151731470232,82.97801648012471,100,0.0,5.629423534741868e-07,0.0,UNSAFE,RED
SYN_0054,15.293151731470232,82.97801648012471,150,0.0,2.858911893844819e-07,0.0,UNSAFE,RED
SYN_0054,15.293151731470232,82.97801648012471,200,7.049892871903342e-06,9.156705897301264e-07,7.698317625575762,SAFE,GREEN
SYN_0055,9.8138542366501,67.43002752601836,0,0.0,1.987138972931706e-06,0.0,UNSAFE,RED
SYN_0055,9.8138542366501,67.43002752601836,10,0.0,2.45897584533014e-07,0.0,UNSAFE,RED
SYN_0055,9.8138542366501,67.43002752601836,25,0.0,1.1041055505823916e-06,0.0,UNSAFE,RED
SYN_0055,9.8138542366501,67.43002752601836,50,0.0,1.2777985246462934e-06,0.0,UNSAFE,RED
SYN_0055,9.8138542366501,67.43002752601836,75,0.0,4.021575036448729e-07,0.0,UNSAFE,RED
SYN_0055,9.8138542366501,67.43002752601836,100,0.0,8.555691982484978e-07,0.0,UNSAFE,RED
SYN_0055,9.8138542366501,67.43002752601836,150,0.0,9.857260183441615e-08,0.0,UNSAFE,RED
SYN_0055,9.8138542366501,67.43002752601836,200,0.0,3.167148299990106e-08,0.0,UNSAFE,RED
SYN_0056,17.23881010674662,67.11861425116986,0,0.0,6.140407340205302e-06,0.0,UNSAFE,RED
SYN_0056,17.23881010674662,67.11861425116986,10,0.0,1.3960682496089476e-06,0.0,UNSAFE,RED
SYN_0056,17.23881010674662,67.11861425116986,25,0.0,5.750531128584698e-07,0.0,UNSAFE,RED
SYN_0056,17.23881010674662,67.11861425116986,50,0.0,1.0276237803089617e-07,0.0,UNSAFE,RED
SYN_0056,17.23881010674662,67.11861425116986,75,0.0,8.880374791800001e-07,0.0,UNSAFE,RED
SYN_0056,17.23881010674662,67.11861425116986,100,0.0,1.2463068313098437e-06,0.0,UNSAFE,RED
SYN_0056,17.23881010674662,67.11861425116986,150,0.0,3.2878510874758084e-09,0.0,UNSAFE,RED
SYN_0056,17.23881010674662,67.11861425116986,200,0.0,5.006468332408919e-07,0.0,UNSAFE,RED
SYN_0057,11.112084309804295,82.53301523656401,0,0.0,1.52048943264959e-06,0.0,UNSAFE,RED
SYN_0057,11.112084309804295,82.53301523656401,10,0.0,1.276781878384326e-07,0.0,UNSAFE,RED
SYN_0057,11.112084309804295,82.53301523656401,25,0.0,9.820887593437159e-07,0.0,UNSAFE,RED
SYN_0057,11.112084309804295,82.53301523656401,50,0.0,7.350441650013266e-08,0.0,UNSAFE,RED
SYN_0057,11.112084309804295,82.53301523656401,75,0.0,3.5895045824802595e-07,0.0,UNSAFE,RED
SYN_0057,11.112084309804295,82.53301523656401,100,0.0,6.823015973325884e-07,0.0,UNSAFE,RED
SYN_0057,11.112084309804295,82.53301523656401,150,0.0,1.6591692127697826e-07,0.0,UNSAFE,RED
SYN_0057,11.112084309804295,82.53301523656401,200,0.0,1.6909149398257506e-07,0.0,UNSAFE,RED
SYN_0058,24.639383808922904,69.19683989712819,0,0.0,1.1417947240483073e-06,0.0,UNSAFE,RED
SYN_0058,24.639383808922904,69.19683989712819,10,0.0,3.6377921472000384e-07,0.0,UNSAFE,RED
SYN_0058,24.639383808922904,69.19683989712819,25,0.0,1.5554944342490162e-06,0.0,UNSAFE,RED
SYN_0058,24.639383808922904,69.19683989712819,50,0.0,4.622177817237753e-07,0.0,UNSAFE,RED
SYN_0058,24.639383808922904,69.19683989712819,75,0.0,1.7089134990103586e-07,0.0,UNSAFE,RED
SYN_0058,24.639383808922904,69.19683989712819,100,0.0,6.981903333458184e-07,0.0,UNSAFE,RED
SYN_0058,24.639383808922904,69.19683989712819,150,0.0,1.2043233352075905e-07,0.0,UNSAFE,RED
SYN_0058,24.639383808922904,69.19683989712819,200,0.0,5.801437363766975e-07,0.0,UNSAFE,RED
SYN_0059,15.36157532477631,70.97451147177546,0,0.0,8.266558154407398e-06,0.0,UNSAFE,RED
SYN_0059,15.36157532477631,70.97451147177546,10,0.0,1.7309332623003424e-06,0.0,UNSAFE,RED
SYN_0059,15.36157532477631,70.97451147177546,25,0.0,2.0830385673999893e-06,0.0,UNSAFE,RED
SYN_0059,15.36157532477631,70.97451147177546,50,0.0,1.802933891298666e-07,0.0,UNSAFE,RED
SYN_0059,15.36157532477631,70.97451147177546,75,0.0,6.926907956505222e-08,0.0,UNSAFE,RED
SYN_0059,15.36157532477631,70.97451147177546,100,0.0,1.734261779488835e-07,0.0,UNSAFE,RED
SYN_0059,15.36157532477631,70.97451147177546,150,0.0,3.24586282960636e-08,0.0,UNSAFE,RED
SYN_0059,15.36157532477631,70.97451147177546,200,0.0,4.5184478198173896e-08,0.0,UNSAFE,RED
SYN_0060,13.9947968490108,80.53421113910362,0,0.0,9.086631375509652e-06,0.0,UNSAFE,RED
SYN_0060,13.9947968490108,80.53421113910362,10,0.0,2.4715553372681917e-06,0.0,UNSAFE,RED
SYN_0060,13.9947968490108,80.53421113910362,25,0.0,6.710175520973326e-08,0.0,UNSAFE,RED
SYN_0060,13.9947968490108,80.53421113910362,50,0.0,6.39484327185249e-07,0.0,UNSAFE,RED
SYN_0060,13.9947968490108,80.53421113910362,75,0.0,7.552988063384914e-08,0.0,UNSAFE,RED
SYN_0060,13.9947968490108,80.53421113910362,100,0.0,4.3452739499688375e-07,0.0,UNSAFE,RED
SYN_0060,13.9947968490108,80.53421113910362,150,0.0,5.783832408616757e-08,0.0,UNSAFE,RED
SYN_0060,13.9947968490108,80.53421113910362,200,0.0,2.5149584004200906e-06,0.0,UNSAFE,RED
SYN_0061,24.347123555765503,68.66030888469454,0,0.0,4.02304340680377e-05,0.0,UNSAFE,RED
SYN_0061,24.347123555765503,68.66030888469454,10,0.0,1.1777729984729596e-05,0.0,UNSAFE,RED
SYN_0061,24.347123555765503,68.66030888469454,25,0.0,1.0920580596316504e-06,0.0,UNSAFE,RED
SYN_0061,24.347123555765503,68.66030888469454,50,0.0,4.1783154766097526e-07,0.0,UNSAFE,RED
SYN_0061,24.347123555765503,68.66030888469454,75,0.0,6.75254541039125e-08,0.0,UNSAFE,RED
SYN_0061,24.347123555765503,68.66030888469454,100,0.0,4.54902535428516e-07,0.0,UNSAFE,RED
SYN_0061,24.347123555765503,68.66030888469454,150,0.0,2.2845110369294721e-07,0.0,UNSAFE,RED
SYN_0061,24.347123555765503,68.66030888469454,200,0.0,2.506642350700652e-07,0.0,UNSAFE,RED
SYN_0062,20.725563987680665,69.02727564271949,0,0.0,4.79722926241814e-05,0.0,UNSAFE,RED
SYN_0062,20.725563987680665,69.02727564271949,10,0.0,7.2690308721853685e-06,0.0,UNSAFE,RED
SYN_0062,20.725563987680665,69.02727564271949,25,0.0,4.393445379522857e-06,0.0,UNSAFE,RED
SYN_0062,20.725563987680665,69.02727564271949,50,0.0,1.2482198013307042e-07,0.0,UNSAFE,RED
SYN_0062,20.725563987680665,69.02727564271949,75,0.0,1.3965728516413735e-07,0.0,UNSAFE,RED
SYN_0062,20.725563987680665,69.02727564271949,100,0.0,3.9694950883968333e-07,0.0,UNSAFE,RED
SYN_0062,20.725563987680665,69.02727564271949,150,0.0,2.387487039836504e-07,0.0,UNSAFE,RED
SYN_0062,20.725563987680665,69.02727564271949,200,0.0,1.1020374183189128e-06,0.0,UNSAFE,RED
SYN_0063,20.149637695788343,70.52883381166792,0,0.0,2.9432172560264708e-05,0.0,UNSAFE,RED
SYN_0063,20.149637695788343,70.52883381166792,10,0.0,9.509073611155232e-06,0.0,UNSAFE,RED
SYN_0063,20.149637695788343,70.52883381166792,25,0.0,5.998376537532257e-07,0.0,UNSAFE,RED
SYN_0063,20.149637695788343,70.52883381166792,50,0.0,2.243470343759909e-07,0.0,UNSAFE,RED
SYN_0063,20.149637695788343,70.52883381166792,75,0.0,3.1213496268730485e-07,0.0,UNSAFE,RED
SYN_0063,20.149637695788343,70.52883381166792,100,0.0,8.020175404666792e-07,0.0,UNSAFE,RED
SYN_0063,20.149637695788343,70.52883381166792,150,0.0,7.99181672438697e-08,0.0,UNSAFE,RED
SYN_0063,20.149637695788343,70.52883381166792,200,0.0,2.029039045139655e-07,0.0,UNSAFE,RED
SYN_0064,19.38707244738317,82.80516106035604,0,0.0,2.4652523889711988e-05,0.0,UNSAFE,RED
SYN_0064,19.38707244738317,82.80516106035604,10,0.0,8.577970297738243e-06,0.0,UNSAFE,RED
SYN_0064,19.38707244738317,82.80516106035604,25,0.0,2.471191870888898e-07,0.0,UNSAFE,RED
SYN_0064,19.38707244738317,82.80516106035604,50,0.0,3.852039418746935e-07,0.0,UNSAFE,RED
SYN_0064,19.38707244738317,82.80516106035604,75,0.0,1.5274219024498603e-06,0.0,UNSAFE,RED
SYN_0064,19.38707244738317,82.80516106035604,100,0.0,1.8756893944109537e-07,0.0,UNSAFE,RED
SYN_0064,19.38707244738317,82.80516106035604,150,0.0,1.1822825094934731e-07,0.0,UNSAFE,RED
SYN_0064,19.38707244738317,82.80516106035604,200,5.188409979165002e-07,6.086238430375989e-07,0.852342164432769,CAUTION,YELLOW
SYN_0065,5.622311998347154,79.78589470329547,0,0.0,2.489485994666595e-05,0.0,UNSAFE,RED
SYN_0065,5.622311998347154,79.78589470329547,10,0.0,6.838362017496482e-06,0.0,UNSAFE,RED
SYN_0065,5.622311998347154,79.78589470329547,25,0.0,1.3798873315700862e-06,0.0,UNSAFE,RED
SYN_0065,5.622311998347154,79.78589470329547,50,0.0,3.537406071986282e-07,0.0,UNSAFE,RED
SYN_0065,5.622311998347154,79.78589470329547,75,0.0,9.846468209229906e-08,0.0,UNSAFE,RED
SYN_0065,5.622311998347154,79.78589470329547,100,0.0,2.177427709465508e-06,0.0,UNSAFE,RED
SYN_0065,5.622311998347154,79.78589470329547,150,0.0,4.797653564359886e-08,0.0,UNSAFE,RED
SYN_0065,5.622311998347154,79.78589470329547,200,0.0,3.921188467424022e-07,0.0,UNSAFE,RED
SYN_0066,12.608010979408192,84.53600657021319,0,0.0,2.739924809380149e-05,0.0,UNSAFE,RED
SYN_0066,12.608010979408192,84.53600657021319,10,0.0,7.874273197534409e-06,0.0,UNSAFE,RED
SYN_0066,12.608010979408192,84.53600657021319,25,0.0,1.5169782342587165e-06,0.0,UNSAFE,RED
SYN_0066,12.608010979408192,84.53600657021319,50,0.0,1.2599529787279487e-06,0.0,UNSAFE,RED
SYN_0066,12.608010979408192,84.53600657021319,75,0.0,1.6477230536294095e-07,0.0,UNSAFE,RED
SYN_0066,12.608010979408192,84.53600657021319,100,0.0,9.127342195944618e-07,0.0,UNSAFE,RED
SYN_0066,12.608010979408192,84.53600657021319,150,0.0,1.954251968354637e-08,0.0,UNSAFE,RED
SYN_0066,12.608010979408192,84.53600657021319,200,0.0,2.9766408888151596e-07,0.0,UNSAFE,RED
SYN_0067,11.808116866991297,84.78056716700348,0,0.0,7.657786007503082e-07,0.0,UNSAFE,RED
SYN_0067,11.808116866991297,84.78056716700348,10,0.0,7.515851108885572e-07,0.0,UNSAFE,RED
SYN_0067,11.808116866991297,84.78056716700348,25,0.0,4.273950154369209e-06,0.0,UNSAFE,RED
SYN_0067,11.808116866991297,84.78056716700348,50,0.0,1.3335349157811303e-07,0.0,UNSAFE,RED
SYN_0067,11.808116866991297,84.78056716700348,75,0.0,1.6948341427090295e-06,0.0,UNSAFE,RED
SYN_0067,11.808116866991297,84.78056716700348,100,0.0,2.7057903818031016e-07,0.0,UNSAFE,RED
SYN_0067,11.808116866991297,84.78056716700348,150,0.0,1.2771657390310678e-07,0.0,UNSAFE,RED
SYN_0067,11.808116866991297,84.78056716700348,200,0.0,9.155738243726386e-07,0.0,UNSAFE,RED
SYN_0068,15.247275550915813,67.08449605616696,0,0.0,1.6983088162647053e-06,0.0,UNSAFE,RED
SYN_0068,15.247275550915813,67.08449605616696,10,0.0,1.80422323587534e-07,0.0,UNSAFE,RED
SYN_0068,15.247275550915813,67.08449605616696,25,0.0,3.1091437553143325e-07,0.0,UNSAFE,RED
SYN_0068,15.247275550915813,67.08449605616696,50,0.0,3.7669011419735477e-07,0.0,UNSAFE,RED
SYN_0068,15.247275550915813,67.08449605616696,75,0.0,6.668234787428605e-07,0.0,UNSAFE,RED
SYN_0068,15.247275550915813,67.08449605616696,100,0.0,1.026875116051768e-06,0.0,UNSAFE,RED
SYN_0068,15.247275550915813,67.08449605616696,150,0.0,9.672297036526996e-08,0.0,UNSAFE,RED
SYN_0068,15.247275550915813,67.08449605616696,200,0.0,1.8696449746781769e-06,0.0,UNSAFE,RED
SYN_0069,9.370196687082606,72.93593694172633,0,0.0,6.33202130115366e-07,0.0,UNSAFE,RED
SYN_0069,9.370196687082606,72.93593694172633,10,0.0,1.2005136626340517e-07,0.0,UNSAFE,RED
SYN_0069,9.370196687082606,72.93593694172633,25,0.0,5.415867657243982e-07,0.0,UNSAFE,RED
SYN_0069,9.370196687082606,72.93593694172633,50,0.0,2.474103935212872e-07,0.0,UNSAFE,RED
SYN_0069,9.370196687082606,72.93593694172633,75,0.0,5.802281760429368e-07,0.0,UNSAFE,RED
SYN_0069,9.370196687082606,72.93593694172633,100,0.0,1.0299255934554548e-06,0.0,UNSAFE,RED
SYN_0069,9.370196687082606,72.93593694172633,150,0.0,2.7829914622104333e-07,0.0,UNSAFE,RED
SYN_0069,9.370196687082606,72.93593694172633,200,0.0,2.008292938986889e-06,0.0,UNSAFE,RED
SYN_0070,14.12473017911084,72.38106043521833,0,0.0,9.064236249181486e-06,0.0,UNSAFE,RED
SYN_0070,14.12473017911084,72.38106043521833,10,0.0,2.6132345916726835e-06,0.0,UNSAFE,RED
SYN_0070,14.12473017911084,72.38106043521833,25,0.0,3.844790458263449e-07,0.0,UNSAFE,RED
SYN_0070,14.12473017911084,72.38106043521833,50,0.0,2.0543831713795464e-06,0.0,UNSAFE,RED
SYN_0070,14.12473017911084,72.38106043521833,75,0.0,6.674055396843117e-08,0.0,UNSAFE,RED
SYN_0070,14.12473017911084,72.38106043521833,100,0.0,3.894754183686881e-06,0.0,UNSAFE,RED
SYN_0070,14.12473017911084,72.38106043521833,150,0.0,1.416290839393226e-07,0.0,UNSAFE,RED
SYN_0070,14.12473017911084,72.38106043521833,200,0.0,1.8618665593228992e-09,0.0,UNSAFE,RED
SYN_0071,21.16045259813106,69.32102730023374,0,0.0,1.2056022786950374e-05,0.0,UNSAFE,RED
SYN_0071,21.16045259813106,69.32102730023374,10,0.0,2.210125757250606e-06,0.0,UNSAFE,RED
SYN_0071,21.16045259813106,69.32102730023374,25,0.0,2.796115293432741e-06,0.0,UNSAFE,RED
SYN_0071,21.16045259813106,69.32102730023374,50,0.0,2.1345526269257059e-07,0.0,UNSAFE,RED
SYN_0071,21.16045259813106,69.32102730023374,75,0.0,1.4262819401020795e-06,0.0,UNSAFE,RED
SYN_0071,21.16045259813106,69.32102730023374,100,0.0,1.298255141407668e-06,0.0,UNSAFE,RED
SYN_0071,21.16045259813106,69.32102730023374,150,0.0,1.0218192099900475e-07,0.0,UNSAFE,RED
SYN_0071,21.16045259813106,69.32102730023374,200,0.0,1.9038280863758094e-06,0.0,UNSAFE,RED
SYN_0072,5.508955198115018,77.91644772572968,0,0.0,2.112628117548376e-05,0.0,UNSAFE,RED
SYN_0072,5.508955198115018,77.91644772572968,10,0.0,1.3658271723748625e-05,0.0,UNSAFE,RED
SYN_0072,5.508955198115018,77.91644772572968,25,0.0,1.3032447481166085e-06,0.0,UNSAFE,RED
SYN_0072,5.508955198115018,77.91644772572968,50,0.0,2.273861699395783e-06,0.0,UNSAFE,RED
SYN_0072,5.508955198115018,77.91644772572968,75,0.0,3.0276627065066967e-07,0.0,UNSAFE,RED
SYN_0072,5.508955198115018,77.91644772572968,100,0.0,1.6916373992968682e-06,0.0,UNSAFE,RED
SYN_0072,5.508955198115018,77.91644772572968,150,0.0,2.2788934340469065e-07,0.0,UNSAFE,RED
SYN_0072,5.508955198115018,77.91644772572968,200,0.0,1.703744616261674e-07,0.0,UNSAFE,RED
SYN_0073,7.322779204010512,84.11837657910638,0,0.0,9.96775770922991e-06,0.0,UNSAFE,RED
SYN_0073,7.322779204010512,84.11837657910638,10,0.0,4.677689453452505e-06,0.0,UNSAFE,RED
SYN_0073,7.322779204010512,84.11837657910638,25,0.0,2.67583784000405e-07,0.0,UNSAFE,RED
SYN_0073,7.322779204010512,84.11837657910638,50,0.0,9.685868452261931e-07,0.0,UNSAFE,RED
SYN_0073,7.322779204010512,84.11837657910638,75,0.0,4.98389938743539e-07,0.0,UNSAFE,RED
SYN_0073,7.322779204010512,84.11837657910638,100,0.0,2.6725832170433842e-06,0.0,UNSAFE,RED
SYN_0073,7.322779204010512,84.11837657910638,150,0.0,4.782996448939251e-09,0.0,UNSAFE,RED
SYN_0073,7.322779204010512,84.11837657910638,200,0.0,5.692789134451981e-08,0.0,UNSAFE,RED
SYN_0074,9.14618006375116,80.64776658920175,0,0.0,1.7880791502013397e-05,0.0,UNSAFE,RED
SYN_0074,9.14618006375116,80.64776658920175,10,0.0,1.8147352047057542e-06,0.0,UNSAFE,RED
SYN_0074,9.14618006375116,80.64776658920175,25,0.0,3.032835071088978e-06,0.0,UNSAFE,RED
SYN_0074,9.14618006375116,80.64776658920175,50,0.0,4.381898008349668e-08,0.0,UNSAFE,RED
SYN_0074,9.14618006375116,80.64776658920175,75,0.0,6.753054955645941e-07,0.0,UNSAFE,RED
SYN_0074,9.14618006375116,80.64776658920175,100,0.0,8.322731624490716e-07,0.0,UNSAFE,RED
SYN_0074,9.14618006375116,80.64776658920175,150,0.0,8.807542392248031e-08,0.0,UNSAFE,RED
SYN_0074,9.14618006375116,80.64776658920175,200,0.0,4.385606808883775e-07,0.0,UNSAFE,RED
SYN_0075,9.064461821721746,80.23596382755395,0,0.0,1.502532288508278e-05,0.0,UNSAFE,RED
SYN_0075,9.064461821721746,80.23596382755395,10,0.0,9.821979161345419e-06,0.0,UNSAFE,RED
SYN_0075,9.064461821721746,80.23596382755395,25,0.0,1.8472107153050673e-06,0.0,UNSAFE,RED
SYN_0075,9.064461821721746,80.23596382755395,50,0.0,3.3555621772455113e-06,0.0,UNSAFE,RED
SYN_0075,9.064461821721746,80.23596382755395,75,0.0,2.241712698569147e-06,0.0,UNSAFE,RED
SYN_0075,9.064461821721746,80.23596382755395,100,0.0,3.481427653612095e-06,0.0,UNSAFE,RED
SYN_0075,9.064461821721746,80.23596382755395,150,0.0,3.363908986593901e-07,0.0,UNSAFE,RED
SYN_0075,9.064461821721746,80.23596382755395,200,0.0,5.922020517729894e-08,0.0,UNSAFE,RED
SYN_0076,19.661023797199867,75.57156219444394,0,0.0,8.681499057637555e-06,0.0,UNSAFE,RED
SYN_0076,19.661023797199867,75.57156219444394,10,0.0,6.120322825168708e-07,0.0,UNSAFE,RED
SYN_0076,19.661023797199867,75.57156219444394,25,0.0,6.89362505077481e-06,0.0,UNSAFE,RED
SYN_0076,19.661023797199867,75.57156219444394,50,0.0,1.22876154192435e-06,0.0,UNSAFE,RED
SYN_0076,19.661023797199867,75.57156219444394,75,0.0,1.4572220349138938e-06,0.0,UNSAFE,RED
SYN_0076,19.661023797199867,75.57156219444394,100,0.0,4.610051929704848e-08,0.0,UNSAFE,RED
SYN_0076,19.661023797199867,75.57156219444394,150,0.0,3.229865071370616e-07,0.0,UNSAFE,RED
SYN_0076,19.661023797199867,75.57156219444394,200,0.0,3.4362763669838964e-07,0.0,UNSAFE,RED
SYN_0077,10.850301821414837,68.04659178929072,0,0.0,5.16821043622481e-06,0.0,UNSAFE,RED
SYN_0077,10.850301821414837,68.04659178929072,10,0.0,1.8015478045653625e-06,0.0,UNSAFE,RED
SYN_0077,10.850301821414837,68.04659178929072,25,0.0,1.61455569949118e-06,0.0,UNSAFE,RED
SYN_0077,10.850301821414837,68.04659178929072,50,0.0,5.2812100946251107e-08,0.0,UNSAFE,RED
SYN_0077,10.850301821414837,68.04659178929072,75,0.0,2.8201391521654507e-07,0.0,UNSAFE,RED
SYN_0077,10.850301821414837,68.04659178929072,100,0.0,4.705266124672357e-07,0.0,UNSAFE,RED
SYN_0077,10.850301821414837,68.04659178929072,150,0.0,1.6896295232481706e-07,0.0,UNSAFE,RED
SYN_0077,10.850301821414837,68.04659178929072,200,0.0,3.929885069259922e-07,0.0,UNSAFE,RED
SYN_0078,20.506923008062717,70.42818760893428,0,0.0,1.132952257122466e-05,0.0,UNSAFE,RED
SYN_0078,20.506923008062717,70.42818760893428,10,0.0,1.6199386390915997e-06,0.0,UNSAFE,RED
SYN_0078,20.506923008062717,70.42818760893428,25,0.0,1.3902621112209027e-06,0.0,UNSAFE,RED
SYN_0078,20.506923008062717,70.42818760893428,50,0.0,2.5561765861070032e-08,0.0,UNSAFE,RED
SYN_0078,20.506923008062717,70.42818760893428,75,0.0,1.2051045876622524e-07,0.0,UNSAFE,RED
SYN_0078,20.506923008062717,70.42818760893428,100,0.0,4.148546988926585e-07,0.0,UNSAFE,RED
SYN_0078,20.506923008062717,70.42818760893428,150,0.0,5.007171120238518e-08,0.0,UNSAFE,RED
SYN_0078,20.506923008062717,70.42818760893428,200,0.0,1.06850013398566e-07,0.0,UNSAFE,RED
SYN_0079,5.845834984453624,76.29258101994526,0,0.0,3.0237764289310207e-05,0.0,UNSAFE,RED
SYN_0079,5.845834984453624,76.29258101994526,10,0.0,5.131943591953302e-06,0.0,UNSAFE,RED
SYN_0079,5.845834984453624,76.29258101994526,25,0.0,2.228067298600764e-06,0.0,UNSAFE,RED
SYN_0079,5.845834984453624,76.29258101994526,50,0.0,6.18276509008262e-08,0.0,UNSAFE,RED
SYN_0079,5.845834984453624,76.29258101994526,75,0.0,2.5025991193817203e-06,0.0,UNSAFE,RED
SYN_0079,5.845834984453624,76.29258101994526,100,0.0,2.794359339668755e-06,0.0,UNSAFE,RED
SYN_0079,5.845834984453624,76.29258101994526,150,0.0,3.5231892087070034e-07,0.0,UNSAFE,RED
SYN_0079,5.845834984453624,76.29258101994526,200,0.0,1.131328329160475e-06,0.0,UNSAFE,RED
SYN_0080,9.23988109397316,78.14706964340257,0,0.0,1.68833131781093e-05,0.0,UNSAFE,RED
SYN_0080,9.23988109397316,78.14706964340257,10,0.0,2.394077349029166e-06,0.0,UNSAFE,RED
SYN_0080,9.23988109397316,78.14706964340257,25,0.0,2.4114033105086224e-06,0.0,UNSAFE,RED
SYN_0080,9.23988109397316,78.14706964340257,50,0.0,1.1410343443208817e-06,0.0,UNSAFE,RED
SYN_0080,9.23988109397316,78.14706964340257,75,0.0,3.210542297796705e-08,0.0,UNSAFE,RED
SYN_0080,9.23988109397316,78.14706964340257,100,0.0,1.5273086747003462e-06,0.0,UNSAFE,RED
SYN_0080,9.23988109397316,78.14706964340257,150,0.0,2.9644082253514154e-07,0.0,UNSAFE,RED
SYN_0080,9.23988109397316,78.14706964340257,200,6.020068242592725e-05,1.8895001251935383e-06,31.858953449085593,SAFE,GREEN
SYN_0081,16.90263349811363,65.19847642255671,0,0.0,2.284649348046609e-06,0.0,UNSAFE,RED
SYN_0081,16.90263349811363,65.19847642255671,10,0.0,5.310089969550637e-07,0.0,UNSAFE,RED
SYN_0081,16.90263349811363,65.19847642255671,25,0.0,2.9164968919759244e-07,0.0,UNSAFE,RED
SYN_0081,16.90263349811363,65.19847642255671,50,0.0,1.0672459370051546e-06,0.0,UNSAFE,RED
SYN_0081,16.90263349811363,65.19847642255671,75,0.0,1.040629498852263e-06,0.0,UNSAFE,RED
SYN_0081,16.90263349811363,65.19847642255671,100,0.0,2.8383058375341814e-07,0.0,UNSAFE,RED
SYN_0081,16.90263349811363,65.19847642255671,150,0.0,4.5590022966385115e-07,0.0,UNSAFE,RED
SYN_0081,16.90263349811363,65.19847642255671,200,0.0,8.919734323989617e-07,0.0,UNSAFE,RED
SYN_0082,15.939265027427762,81.59526240575289,0,0.0,2.1480987859204937e-05,0.0,UNSAFE,RED
SYN_0082,15.939265027427762,81.59526240575289,10,0.0,4.433926306438311e-06,0.0,UNSAFE,RED
SYN_0082,15.939265027427762,81.59526240575289,25,0.0,1.1826988159647243e-06,0.0,UNSAFE,RED
SYN_0082,15.939265027427762,81.59526240575289,50,0.0,2.592795219623875e-07,0.0,UNSAFE,RED
SYN_0082,15.939265027427762,81.59526240575289,75,0.0,1.3900913813109382e-06,0.0,UNSAFE,RED
SYN_0082,15.939265027427762,81.59526240575289,100,0.0,6.592294464098056e-07,0.0,UNSAFE,RED
SYN_0082,15.939265027427762,81.59526240575289,150,0.0,5.020592637431632e-07,0.0,UNSAFE,RED
SYN_0082,15.939265027427762,81.59526240575289,200,0.0,1.5023069730534048e-07,0.0,UNSAFE,RED
SYN_0083,14.399765363158732,82.80282274792029,0,0.0,1.4175027111407409e-05,0.0,UNSAFE,RED
SYN_0083,14.399765363158732,82.80282274792029,10,0.0,2.9157464918036713e-06,0.0,UNSAFE,RED
SYN_0083,14.399765363158732,82.80282274792029,25,0.0,5.07122646920078e-07,0.0,UNSAFE,RED
SYN_0083,14.399765363158732,82.80282274792029,50,0.0,3.0315219546992306e-07,0.0,UNSAFE,RED
SYN_0083,14.399765363158732,82.80282274792029,75,0.0,7.593353684196118e-07,0.0,UNSAFE,RED
SYN_0083,14.399765363158732,82.80282274792029,100,0.0,1.5462092057097623e-06,0.0,UNSAFE,RED
SYN_0083,14.399765363158732,82.80282274792029,150,0.0,3.1775485614811407e-07,0.0,UNSAFE,RED
SYN_0083,14.399765363158732,82.80282274792029,200,0.0,8.02738389518813e-07,0.0,UNSAFE,RED
SYN_0084,17.446865292344924,84.6235567352459,0,0.0,1.570211372119699e-05,0.0,UNSAFE,RED
SYN_0084,17.446865292344924,84.6235567352459,10,0.0,3.3633223491153393e-06,0.0,UNSAFE,RED
SYN_0084,17.446865292344924,84.6235567352459,25,0.0,1.6761173985713285e-06,0.0,UNSAFE,RED
SYN_0084,17.446865292344924,84.6235567352459,50,0.0,9.865839640026835e-07,0.0,UNSAFE,RED
SYN_0084,17.446865292344924,84.6235567352459,75,0.0,8.811474655696175e-07,0.0,UNSAFE,RED
SYN_0084,17.446865292344924,84.6235567352459,100,0.0,3.178138923892469e-06,0.0,UNSAFE,RED
SYN_0084,17.446865292344924,84.6235567352459,150,0.0,2.022303485304229e-07,0.0,UNSAFE,RED
SYN_0084,17.446865292344924,84.6235567352459,200,2.7835641411368243e-05,3.2609911157943215e-07,85.33328394608468,SAFE,GREEN
SYN_0085,10.076421563133897,69.91614878612306,0,0.0,3.396563751044338e-06,0.0,UNSAFE,RED
SYN_0085,10.076421563133897,69.91614878612306,10,0.0,1.3483736710197272e-06,0.0,UNSAFE,RED
SYN_0085,10.076421563133897,69.91614878612306,25,0.0,2.046139714481681e-06,0.0,UNSAFE,RED
SYN_0085,10.076421563133897,69.91614878612306,50,0.0,5.984076932795887e-07,0.0,UNSAFE,RED
SYN_0085,10.076421563133897,69.91614878612306,75,0.0,2.102097185257809e-06,0.0,UNSAFE,RED
SYN_0085,10.076421563133897,69.91614878612306,100,0.0,9.424913961824433e-07,0.0,UNSAFE,RED
SYN_0085,10.076421563133897,69.91614878612306,150,0.0,6.710307476050652e-07,0.0,UNSAFE,RED
SYN_0085,10.076421563133897,69.91614878612306,200,0.0,5.551038437386868e-07,0.0,UNSAFE,RED
SYN_0086,13.732283795375322,76.6017766933891,0,0.0,1.038306036361245e-05,0.0,UNSAFE,RED
SYN_0086,13.732283795375322,76.6017766933891,10,0.0,5.196671484459865e-06,0.0,UNSAFE,RED
SYN_0086,13.732283795375322,76.6017766933891,25,0.0,9.911262568560565e-07,0.0,UNSAFE,RED
SYN_0086,13.732283795375322,76.6017766933891,50,0.0,1.1132003825773187e-06,0.0,UNSAFE,RED
SYN_0086,13.732283795375322,76.6017766933891,75,0.0,1.9291458211651592e-07,0.0,UNSAFE,RED
SYN_0086,13.732283795375322,76.6017766933891,100,0.0,3.515762338903223e-07,0.0,UNSAFE,RED
SYN_0086,13.732283795375322,76.6017766933891,150,0.0,3.1053150680722913e-08,0.0,UNSAFE,RED
SYN_0086,13.732283795375322,76.6017766933891,200,0.0,1.374290922269135e-06,0.0,UNSAFE,RED
SYN_0087,5.908065629373851,70.80058387297812,0,0.0,2.6862641063359587e-06,0.0,UNSAFE,RED
SYN_0087,5.908065629373851,70.80058387297812,10,0.0,4.473976122004347e-07,0.0,UNSAFE,RED
SYN_0087,5.908065629373851,70.80058387297812,25,0.0,6.284983500467634e-06,0.0,UNSAFE,RED
SYN_0087,5.908065629373851,70.80058387297812,50,0.0,2.2134750826911785e-07,0.0,UNSAFE,RED
SYN_0087,5.908065629373851,70.80058387297812,75,0.0,1.171177328267586e-06,0.0,UNSAFE,RED
SYN_0087,5.908065629373851,70.80058387297812,100,0.0,4.212673390306895e-07,0.0,UNSAFE,RED
SYN_0087,5.908065629373851,70.80058387297812,150,0.0,1.7714715964311224e-07,0.0,UNSAFE,RED
SYN_0087,5.908065629373851,70.80058387297812,200,0.0,5.720312229233427e-07,0.0,UNSAFE,RED
SYN_0088,16.675455610282235,84.04443571395188,0,0.0,2.7340079162097825e-05,0.0,UNSAFE,RED
SYN_0088,16.675455610282235,84.04443571395188,10,0.0,1.2830054301767593e-06,0.0,UNSAFE,RED
SYN_0088,16.675455610282235,84.04443571395188,25,0.0,1.2334316042669732e-05,0.0,UNSAFE,RED
SYN_0088,16.675455610282235,84.04443571395188,50,0.0,1.924174699097656e-08,0.0,UNSAFE,RED
SYN_0088,16.675455610282235,84.04443571395188,75,0.0,9.426124926768222e-07,0.0,UNSAFE,RED
SYN_0088,16.675455610282235,84.04443571395188,100,0.0,1.5981503154200412e-06,0.0,UNSAFE,RED
SYN_0088,16.675455610282235,84.04443571395188,150,0.0,6.633375917247552e-07,0.0,UNSAFE,RED
SYN_0088,16.675455610282235,84.04443571395188,200,0.0,1.5838647540484726e-06,0.0,UNSAFE,RED
SYN_0089,23.131444213443256,65.32123729962012,0,0.0,9.764689544087233e-06,0.0,UNSAFE,RED
SYN_0089,23.131444213443256,65.32123729962012,10,0.0,4.0122274036153295e-06,0.0,UNSAFE,RED
SYN_0089,23.131444213443256,65.32123729962012,25,0.0,1.5986006412520045e-06,0.0,UNSAFE,RED
SYN_0089,23.131444213443256,65.32123729962012,50,0.0,7.031137537082913e-07,0.0,UNSAFE,RED
SYN_0089,23.131444213443256,65.32123729962012,75,0.0,8.900995196562479e-07,0.0,UNSAFE,RED
SYN_0089,23.131444213443256,65.32123729962012,100,0.0,3.186518629714215e-07,0.0,UNSAFE,RED
SYN_0089,23.131444213443256,65.32123729962012,150,0.0,1.499780987489269e-07,0.0,UNSAFE,RED
SYN_0089,23.131444213443256,65.32123729962012,200,0.0,2.7606531654468815e-07,0.0,UNSAFE,RED
SYN_0090,23.12174120962521,65.24313542954773,0,0.0,9.41407426724617e-06,0.0,UNSAFE,RED
SYN_0090,23.12174120962521,65.24313542954773,10,0.0,1.147168972865003e-06,0.0,UNSAFE,RED
SYN_0090,23.12174120962521,65.24313542954773,25,0.0,1.0418015858160329e-06,0.0,UNSAFE,RED
SYN_0090,23.12174120962521,65.24313542954773,50,0.0,1.1580485057621487e-06,0.0,UNSAFE,RED
SYN_0090,23.12174120962521,65.24313542954773,75,0.0,4.993889669950077e-07,0.0,UNSAFE,RED
SYN_0090,23.12174120962521,65.24313542954773,100,0.0,1.8582840040687535e-06,0.0,UNSAFE,RED
SYN_0090,23.12174120962521,65.24313542954773,150,0.0,1.0094994332166344e-07,0.0,UNSAFE,RED
SYN_0090,23.12174120962521,65.24313542954773,200,0.0,2.887176120168768e-08,0.0,UNSAFE,RED
SYN_0091,7.027457951063183,70.55705552179424,0,0.0,1.167010889107985e-05,0.0,UNSAFE,RED
SYN_0091,7.027457951063183,70.55705552179424,10,0.0,4.173512433520288e-06,0.0,UNSAFE,RED
SYN_0091,7.027457951063183,70.55705552179424,25,0.0,1.197633598021018e-06,0.0,UNSAFE,RED
SYN_0091,7.027457951063183,70.55705552179424,50,0.0,6.24647903044632e-07,0.0,UNSAFE,RED
SYN_0091,7.027457951063183,70.55705552179424,75,0.0,3.9207368403187815e-07,0.0,UNSAFE,RED
SYN_0091,7.027457951063183,70.55705552179424,100,0.0,9.447869301324441e-07,0.0,UNSAFE,RED
SYN_0091,7.027457951063183,70.55705552179424,150,0.0,5.6203354376252847e-08,0.0,UNSAFE,RED
SYN_0091,7.027457951063183,70.55705552179424,200,0.0,7.882133752433603e-08,0.0,UNSAFE,RED
SYN_0092,17.832638176547093,79.07584621981016,0,0.0,5.099391986979244e-07,0.0,UNSAFE,RED
SYN_0092,17.832638176547093,79.07584621981016,10,0.0,4.6549381840678704e-07,0.0,UNSAFE,RED
SYN_0092,17.832638176547093,79.07584621981016,25,0.0,8.99785591495426e-07,0.0,UNSAFE,RED
SYN_0092,17.832638176547093,79.07584621981016,50,0.0,9.615675273722607e-07,0.0,UNSAFE,RED
SYN_0092,17.832638176547093,79.07584621981016,75,0.0,1.7479504337037497e-07,0.0,UNSAFE,RED
SYN_0092,17.832638176547093,79.07584621981016,100,0.0,6.217500945104224e-07,0.0,UNSAFE,RED
SYN_0092,17.832638176547093,79.07584621981016,150,0.0,4.657706792734941e-07,0.0,UNSAFE,RED
SYN_0092,17.832638176547093,79.07584621981016,200,0.0,2.2480521725330246e-06,0.0,UNSAFE,RED
SYN_0093,24.54013908877887,67.03786201745874,0,0.0,1.812073186974992e-05,0.0,UNSAFE,RED
SYN_0093,24.54013908877887,67.03786201745874,10,0.0,4.506018415887332e-06,0.0,UNSAFE,RED
SYN_0093,24.54013908877887,67.03786201745874,25,0.0,3.5827980906404686e-07,0.0,UNSAFE,RED
SYN_0093,24.54013908877887,67.03786201745874,50,0.0,8.462621890198752e-07,0.0,UNSAFE,RED
SYN_0093,24.54013908877887,67.03786201745874,75,0.0,3.2217780069878715e-07,0.0,UNSAFE,RED
SYN_0093,24.54013908877887,67.03786201745874,100,0.0,1.4997867718301584e-06,0.0,UNSAFE,RED
SYN_0093,24.54013908877887,67.03786201745874,150,0.0,1.1275185912192663e-07,0.0,UNSAFE,RED
SYN_0093,24.54013908877887,67.03786201745874,200,0.0,1.8775847748824344e-07,0.0,UNSAFE,RED
SYN_0094,12.948963137981831,75.27222093088649,0,0.0,4.113507469005383e-06,0.0,UNSAFE,RED
SYN_0094,12.948963137981831,75.27222093088649,10,0.0,8.52383571451161e-07,0.0,UNSAFE,RED
SYN_0094,12.948963137981831,75.27222093088649,25,0.0,2.7360136869728284e-08,0.0,UNSAFE,RED
SYN_0094,12.948963137981831,75.27222093088649,50,0.0,4.375210761637489e-07,0.0,UNSAFE,RED
SYN_0094,12.948963137981831,75.27222093088649,75,0.0,2.6654884283915025e-09,0.0,UNSAFE,RED
SYN_0094,12.948963137981831,75.27222093088649,100,0.0,1.1419047595855607e-06,0.0,UNSAFE,RED
SYN_0094,12.948963137981831,75.27222093088649,150,0.0,2.534173359813554e-08,0.0,UNSAFE,RED
SYN_0094,12.948963137981831,75.27222093088649,200,0.0,6.509999590165237e-07,0.0,UNSAFE,RED
SYN_0095,5.229849465962307,73.17554522458263,0,0.0,9.416169528107475e-06,0.0,UNSAFE,RED
SYN_0095,5.229849465962307,73.17554522458263,10,0.0,2.4629337849746443e-06,0.0,UNSAFE,RED
SYN_0095,5.229849465962307,73.17554522458263,25,0.0,1.071861381136614e-06,0.0,UNSAFE,RED
SYN_0095,5.229849465962307,73.17554522458263,50,0.0,5.797147224193232e-07,0.0,UNSAFE,RED
SYN_0095,5.229849465962307,73.17554522458263,75,0.0,2.862112141835633e-07,0.0,UNSAFE,RED
SYN_0095,5.229849465962307,73.17554522458263,100,0.0,9.457787810582847e-07,0.0,UNSAFE,RED
SYN_0095,5.229849465962307,73.17554522458263,150,0.0,8.812432073286511e-08,0.0,UNSAFE,RED
SYN_0095,5.229849465962307,73.17554522458263,200,0.0,4.020271944016852e-07,0.0,UNSAFE,RED
SYN_0096,16.067423794995435,75.06264945103081,0,0.0,4.46986810009077e-05,0.0,UNSAFE,RED
SYN_0096,16.067423794995435,75.06264945103081,10,0.0,5.2417577018284526e-06,0.0,UNSAFE,RED
SYN_0096,16.067423794995435,75.06264945103081,25,0.0,4.455198492630507e-06,0.0,UNSAFE,RED
SYN_0096,16.067423794995435,75.06264945103081,50,0.0,2.74511347706175e-07,0.0,UNSAFE,RED
SYN_0096,16.067423794995435,75.06264945103081,75,0.0,4.258618779603595e-08,0.0,UNSAFE,RED
SYN_0096,16.067423794995435,75.06264945103081,100,0.0,8.510789063988048e-07,0.0,UNSAFE,RED
SYN_0096,16.067423794995435,75.06264945103081,150,0.0,1.5630710718233537e-07,0.0,UNSAFE,RED
SYN_0096,16.067423794995435,75.06264945103081,200,0.0,5.466482913686678e-07,0.0,UNSAFE,RED
SYN_0097,16.64287615155597,67.36830078351863,0,0.0,5.045035028770824e-05,0.0,UNSAFE,RED
SYN_0097,16.64287615155597,67.36830078351863,10,0.0,9.511664429061374e-06,0.0,UNSAFE,RED
SYN_0097,16.64287615155597,67.36830078351863,25,0.0,2.966729045723614e-06,0.0,UNSAFE,RED
SYN_0097,16.64287615155597,67.36830078351863,50,0.0,4.187774193161713e-07,0.0,UNSAFE,RED
SYN_0097,16.64287615155597,67.36830078351863,75,0.0,1.455132794058961e-09,0.0,UNSAFE,RED
SYN_0097,16.64287615155597,67.36830078351863,100,0.0,9.977504421469556e-07,0.0,UNSAFE,RED
SYN_0097,16.64287615155597,67.36830078351863,150,0.0,1.0607456478869005e-07,0.0,UNSAFE,RED
SYN_0097,16.64287615155597,67.36830078351863,200,0.0,1.8687928744804142e-06,0.0,UNSAFE,RED
SYN_0098,7.285715399959589,80.29601944918555,0,0.0,1.7261145093914608e-06,0.0,UNSAFE,RED
SYN_0098,7.285715399959589,80.29601944918555,10,0.0,1.2364435919160013e-06,0.0,UNSAFE,RED
SYN_0098,7.285715399959589,80.29601944918555,25,0.0,3.139197643005811e-07,0.0,UNSAFE,RED
SYN_0098,7.285715399959589,80.29601944918555,50,0.0,5.133717179874922e-07,0.0,UNSAFE,RED
SYN_0098,7.285715399959589,80.29601944918555,75,0.0,4.0179907146916173e-07,0.0,UNSAFE,RED
SYN_0098,7.285715399959589,80.29601944918555,100,0.0,4.3584967573549873e-07,0.0,UNSAFE,RED
SYN_0098,7.285715399959589,80.29601944918555,150,0.0,2.0357773368788097e-07,0.0,UNSAFE,RED
SYN_0098,7.285715399959589,80.29601944918555,200,0.0,1.9841955315422662e-06,0.0,UNSAFE,RED
SYN_0099,17.955484659006842,65.31016661253184,0,0.0,6.4148093322584445e-06,0.0,UNSAFE,RED
SYN_0099,17.955484659006842,65.31016661253184,10,0.0,1.509629747289328e-07,0.0,UNSAFE,RED
SYN_0099,17.955484659006842,65.31016661253184,25,0.0,2.288585178371027e-06,0.0,UNSAFE,RED
SYN_0099,17.955484659006842,65.31016661253184,50,0.0,7.25909472725197e-08,0.0,UNSAFE,RED
SYN_0099,17.955484659006842,65.31016661253184,75,0.0,5.767178101877192e-07,0.0,UNSAFE,RED
SYN_0099,17.955484659006842,65.31016661253184,100,0.0,4.5790597077769784e-07,0.0,UNSAFE,RED
SYN_0099,17.955484659006842,65.31016661253184,150,0.0,2.979561898088842e-07,0.0,UNSAFE,RED
SYN_0099,17.955484659006842,65.31016661253184,200,0.0,2.2338589471745152e-07,0.0,UNSAFE,RED
SYN_0100,6.329266515525442,80.3303009906517,0,0.0,2.814346206796727e-06,0.0,UNSAFE,RED
SYN_0100,6.329266515525442,80.3303009906517,10,0.0,6.59596808266814e-07,0.0,UNSAFE,RED
SYN_0100,6.329266515525442,80.3303009906517,25,0.0,1.1532422641546206e-06,0.0,UNSAFE,RED
SYN_0100,6.329266515525442,80.3303009906517,50,0.0,1.2155212399403125e-07,0.0,UNSAFE,RED
SYN_0100,6.329266515525442,80.3303009906517,75,0.0,1.9328546178775903e-06,0.0,UNSAFE,RED
SYN_0100,6.329266515525442,80.3303009906517,100,0.0,6.816556307605418e-07,0.0,UNSAFE,RED
SYN_0100,6.329266515525442,80.3303009906517,150,0.0,1.0892167136930983e-07,0.0,UNSAFE,RED
SYN_0100,6.329266515525442,80.3303009906517,200,0.0,2.5461449998727126e-07,0.0,UNSAFE,RED
SYN_0101,11.276536164488313,69.83001255985667,0,0.0,7.016229997717566e-06,0.0,UNSAFE,RED
SYN_0101,11.276536164488313,69.83001255985667,10,0.0,2.1991463541678117e-06,0.0,UNSAFE,RED
SYN_0101,11.276536164488313,69.83001255985667,25,0.0,1.6190479111684631e-06,0.0,UNSAFE,RED
SYN_0101,11.276536164488313,69.83001255985667,50,0.0,6.283462719904608e-07,0.0,UNSAFE,RED
SYN_0101,11.276536164488313,69.83001255985667,75,0.0,5.417262202014783e-08,0.0,UNSAFE,RED
SYN_0101,11.276536164488313,69.83001255985667,100,0.0,1.1463855506177844e-06,0.0,UNSAFE,RED
SYN_0101,11.276536164488313,69.83001255985667,150,0.0,2.8462250325139577e-07,0.0,UNSAFE,RED
SYN_0101,11.276536164488313,69.83001255985667,200,0.0,4.862979390434233e-07,0.0,UNSAFE,RED
SYN_0102,20.560504862893065,80.21702661861563,0,0.0,7.441711927753672e-06,0.0,UNSAFE,RED
SYN_0102,20.560504862893065,80.21702661861563,10,0.0,3.1865366086669352e-06,0.0,UNSAFE,RED
SYN_0102,20.560504862893065,80.21702661861563,25,0.0,1.8508025142307067e-07,0.0,UNSAFE,RED
SYN_0102,20.560504862893065,80.21702661861563,50,0.0,5.661532414510209e-07,0.0,UNSAFE,RED
SYN_0102,20.560504862893065,80.21702661861563,75,0.0,4.88306063066046e-07,0.0,UNSAFE,RED
SYN_0102,20.560504862893065,80.21702661861563,100,0.0,2.714251406630281e-07,0.0,UNSAFE,RED
SYN_0102,20.560504862893065,80.21702661861563,150,0.0,9.672190461809015e-10,0.0,UNSAFE,RED
SYN_0102,20.560504862893065,80.21702661861563,200,0.0,3.2058259650827045e-07,0.0,UNSAFE,RED
SYN_0103,24.223188314203306,82.83421730405492,0,0.0,2.104511121374469e-06,0.0,UNSAFE,RED
SYN_0103,24.223188314203306,82.83421730405492,10,0.0,6.149525089887237e-07,0.0,UNSAFE,RED
SYN_0103,24.223188314203306,82.83421730405492,25,0.0,1.2409180518056367e-06,0.0,UNSAFE,RED
SYN_0103,24.223188314203306,82.83421730405492,50,0.0,1.5510310464522953e-06,0.0,UNSAFE,RED
SYN_0103,24.223188314203306,82.83421730405492,75,0.0,1.329023592904202e-06,0.0,UNSAFE,RED
SYN_0103,24.223188314203306,82.83421730405492,100,0.0,2.295161237204975e-06,0.0,UNSAFE,RED
SYN_0103,24.223188314203306,82.83421730405492,150,0.0,8.217289473521167e-09,0.0,UNSAFE,RED
SYN_0103,24.223188314203306,82.83421730405492,200,0.0,7.830742210141597e-07,0.0,UNSAFE,RED
SYN_0104,16.863164380789364,66.06695993977796,0,0.0,3.1275076841189676e-05,0.0,UNSAFE,RED
SYN_0104,16.863164380789364,66.06695993977796,10,0.0,7.337030790746945e-06,0.0,UNSAFE,RED
SYN_0104,16.863164380789364,66.06695993977796,25,0.0,1.0628594747505298e-06,0.0,UNSAFE,RED
SYN_0104,16.863164380789364,66.06695993977796,50,0.0,3.703025658983017e-08,0.0,UNSAFE,RED
SYN_0104,16.863164380789364,66.06695993977796,75,0.0,5.129115551837906e-07,0.0,UNSAFE,RED
SYN_0104,16.863164380789364,66.06695993977796,100,0.0,2.361792243760417e-06,0.0,UNSAFE,RED
SYN_0104,16.863164380789364,66.06695993977796,150,0.0,1.7018457193695962e-07,0.0,UNSAFE,RED
SYN_0104,16.863164380789364,66.06695993977796,200,0.0,7.503307734717844e-07,0.0,UNSAFE,RED
SYN_0105,16.881655611394248,79.05280411716458,0,0.0,1.1958266237165498e-06,0.0,UNSAFE,RED
SYN_0105,16.881655611394248,79.05280411716458,10,0.0,6.207312785426347e-08,0.0,UNSAFE,RED
SYN_0105,16.881655611394248,79.05280411716458,25,0.0,3.6126447938708145e-07,0.0,UNSAFE,RED
SYN_0105,16.881655611394248,79.05280411716458,50,0.0,4.1939164830675406e-08,0.0,UNSAFE,RED
SYN_0105,16.881655611394248,79.05280411716458,75,0.0,1.3053155019820619e-06,0.0,UNSAFE,RED
SYN_0105,16.881655611394248,79.05280411716458,100,0.0,1.1329931013412095e-06,0.0,UNSAFE,RED
SYN_0105,16.881655611394248,79.05280411716458,150,0.0,9.327179852490081e-08,0.0,UNSAFE,RED
SYN_0105,16.881655611394248,79.05280411716458,200,0.0,1.5247488762178908e-07,0.0,UNSAFE,RED
SYN_0106,14.382144220951574,70.37124334907286,0,0.0,2.601048297745158e-06,0.0,UNSAFE,RED
SYN_0106,14.382144220951574,70.37124334907286,10,0.0,2.9797395851285914e-06,0.0,UNSAFE,RED
SYN_0106,14.382144220951574,70.37124334907286,25,0.0,3.33942254750328e-06,0.0,UNSAFE,RED
SYN_0106,14.382144220951574,70.37124334907286,50,0.0,4.918545106270074e-07,0.0,UNSAFE,RED
SYN_0106,14.382144220951574,70.37124334907286,75,0.0,2.526273624603009e-07,0.0,UNSAFE,RED
SYN_0106,14.382144220951574,70.37124334907286,100,0.0,2.972635051548889e-07,0.0,UNSAFE,RED
SYN_0106,14.382144220951574,70.37124334907286,150,0.0,1.9649335663573314e-08,0.0,UNSAFE,RED
SYN_0106,14.382144220951574,70.37124334907286,200,0.0,2.167304643154516e-06,0.0,UNSAFE,RED
SYN_0107,24.68468998468868,72.91415927147585,0,0.0,4.26131721536067e-05,0.0,UNSAFE,RED
SYN_0107,24.68468998468868,72.91415927147585,10,0.0,1.1335460777316089e-05,0.0,UNSAFE,RED
SYN_0107,24.68468998468868,72.91415927147585,25,0.0,2.7045019426455934e-06,0.0,UNSAFE,RED
SYN_0107,24.68468998468868,72.91415927147585,50,0.0,1.2912621478837415e-06,0.0,UNSAFE,RED
SYN_0107,24.68468998468868,72.91415927147585,75,0.0,7.503304610215906e-07,0.0,UNSAFE,RED
SYN_0107,24.68468998468868,72.91415927147585,100,0.0,3.646421349988523e-07,0.0,UNSAFE,RED
SYN_0107,24.68468998468868,72.91415927147585,150,0.0,1.9095386297620868e-07,0.0,UNSAFE,RED
SYN_0107,24.68468998468868,72.91415927147585,200,0.0,1.6089881239606137e-06,0.0,UNSAFE,RED
SYN_0108,19.724796202676664,75.25794111037618,0,0.0,8.957316101251481e-06,0.0,UNSAFE,RED
SYN_0108,19.724796202676664,75.25794111037618,10,0.0,6.006077046525643e-06,0.0,UNSAFE,RED
SYN_0108,19.724796202676664,75.25794111037618,25,0.0,7.247909617373957e-08,0.0,UNSAFE,RED
SYN_0108,19.724796202676664,75.25794111037618,50,0.0,5.226428024249606e-07,0.0,UNSAFE,RED
SYN_0108,19.724796202676664,75.25794111037618,75,0.0,6.85600389040656e-07,0.0,UNSAFE,RED
SYN_0108,19.724796202676664,75.25794111037618,100,0.0,4.118177483579378e-09,0.0,UNSAFE,RED
SYN_0108,19.724796202676664,75.25794111037618,150,0.0,7.14308656853475e-09,0.0,UNSAFE,RED
SYN_0108,19.724796202676664,75.25794111037618,200,0.0,4.88746225627017e-07,0.0,UNSAFE,RED
SYN_0109,8.502462802607065,78.45529228824934,0,0.0,5.68874856611664e-05,0.0,UNSAFE,RED
SYN_0109,8.502462802607065,78.45529228824934,10,0.0,2.18248776960192e-05,0.0,UNSAFE,RED
SYN_0109,8.502462802607065,78.45529228824934,25,0.0,6.725376157268613e-07,0.0,UNSAFE,RED
SYN_0109,8.502462802607065,78.45529228824934,50,0.0,1.0296574537040275e-06,0.0,UNSAFE,RED
SYN_0109,8.502462802607065,78.45529228824934,75,0.0,2.8713766510449794e-06,0.0,UNSAFE,RED
SYN_0109,8.502462802607065,78.45529228824934,100,0.0,2.4161976067424284e-06,0.0,UNSAFE,RED
SYN_0109,8.502462802607065,78.45529228824934,150,0.0,4.1824405710226305e-07,0.0,UNSAFE,RED
SYN_0109,8.502462802607065,78.45529228824934,200,0.0,6.489634926785958e-07,0.0,UNSAFE,RED
SYN_0110,19.162436698012502,74.51375636021918,0,0.0,1.9984758684153418e-05,0.0,UNSAFE,RED
SYN_0110,19.162436698012502,74.51375636021918,10,0.0,3.053005252305554e-06,0.0,UNSAFE,RED
SYN_0110,19.162436698012502,74.51375636021918,25,0.0,1.8761508228610927e-06,0.0,UNSAFE,RED
SYN_0110,19.162436698012502,74.51375636021918,50,0.0,1.9088396698663918e-07,0.0,UNSAFE,RED
SYN_0110,19.162436698012502,74.51375636021918,75,0.0,2.0425901499029102e-07,0.0,UNSAFE,RED
SYN_0110,19.162436698012502,74.51375636021918,100,0.0,4.474683121094443e-07,0.0,UNSAFE,RED
SYN_0110,19.162436698012502,74.51375636021918,150,0.0,1.012094476664593e-07,0.0,UNSAFE,RED
SYN_0110,19.162436698012502,74.51375636021918,200,0.0,8.517526155010973e-08,0.0,UNSAFE,RED
SYN_0111,18.547862597777456,76.31563109681993,0,0.0,2.825130207596515e-07,0.0,UNSAFE,RED
SYN_0111,18.547862597777456,76.31563109681993,10,0.0,7.559350647968328e-07,0.0,UNSAFE,RED
SYN_0111,18.547862597777456,76.31563109681993,25,0.0,1.2361858943850307e-06,0.0,UNSAFE,RED
SYN_0111,18.547862597777456,76.31563109681993,50,0.0,2.8577086735799336e-07,0.0,UNSAFE,RED
SYN_0111,18.547862597777456,76.31563109681993,75,0.0,1.4030470079766586e-07,0.0,UNSAFE,RED
SYN_0111,18.547862597777456,76.31563109681993,100,0.0,3.713474001722981e-07,0.0,UNSAFE,RED
SYN_0111,18.547862597777456,76.31563109681993,150,0.0,9.512173795642661e-08,0.0,UNSAFE,RED
SYN_0111,18.547862597777456,76.31563109681993,200,0.0,1.3442418654720728e-06,0.0,UNSAFE,RED
SYN_0112,11.937719527287712,73.7128958091302,0,0.0,1.21926947439915e-05,0.0,UNSAFE,RED
SYN_0112,11.937719527287712,73.7128958091302,10,0.0,1.20215090237556e-06,0.0,UNSAFE,RED
SYN_0112,11.937719527287712,73.7128958091302,25,0.0,1.9470548719774013e-06,0.0,UNSAFE,RED
SYN_0112,11.937719527287712,73.7128958091302,50,0.0,5.523582738116444e-07,0.0,UNSAFE,RED
SYN_0112,11.937719527287712,73.7128958091302,75,0.0,1.5431615378675116e-07,0.0,UNSAFE,RED
SYN_0112,11.937719527287712,73.7128958091302,100,0.0,1.6781303089514928e-06,0.0,UNSAFE,RED
SYN_0112,11.937719527287712,73.7128958091302,150,0.0,1.376884432488105e-07,0.0,UNSAFE,RED
SYN_0112,11.937719527287712,73.7128958091302,200,0.0,1.0316242198783809e-06,0.0,UNSAFE,RED
SYN_0113,13.223949777650915,73.04812518598624,0,0.0,9.253290019992125e-06,0.0,UNSAFE,RED
SYN_0113,13.223949777650915,73.04812518598624,10,0.0,2.005652880632549e-06,0.0,UNSAFE,RED
SYN_0113,13.223949777650915,73.04812518598624,25,0.0,1.2036718554781584e-06,0.0,UNSAFE,RED
SYN_0113,13.223949777650915,73.04812518598624,50,0.0,9.248106807251958e-07,0.0,UNSAFE,RED
SYN_0113,13.223949777650915,73.04812518598624,75,0.0,1.5621602470112439e-06,0.0,UNSAFE,RED
SYN_0113,13.223949777650915,73.04812518598624,100,0.0,2.2979179726784645e-06,0.0,UNSAFE,RED
SYN_0113,13.223949777650915,73.04812518598624,150,0.0,2.4076591853565455e-07,0.0,UNSAFE,RED
SYN_0113,13.223949777650915,73.04812518598624,200,0.0,3.306509829906866e-07,0.0,UNSAFE,RED
SYN_0114,7.117064717558177,82.46038788059433,0,0.0,2.1568839401273588e-05,0.0,UNSAFE,RED
SYN_0114,7.117064717558177,82.46038788059433,10,0.0,3.3511009000822302e-06,0.0,UNSAFE,RED
SYN_0114,7.117064717558177,82.46038788059433,25,0.0,1.1116802466608665e-06,0.0,UNSAFE,RED
SYN_0114,7.117064717558177,82.46038788059433,50,0.0,1.6754683415584392e-06,0.0,UNSAFE,RED
SYN_0114,7.117064717558177,82.46038788059433,75,0.0,8.060165442352622e-07,0.0,UNSAFE,RED
SYN_0114,7.117064717558177,82.46038788059433,100,0.0,1.0244143399019854e-06,0.0,UNSAFE,RED
SYN_0114,7.117064717558177,82.46038788059433,150,0.0,1.771352075296869e-07,0.0,UNSAFE,RED
SYN_0114,7.117064717558177,82.46038788059433,200,0.0,1.502875819081376e-06,0.0,UNSAFE,RED
SYN_0115,10.057162365002224,76.55263508688846,0,0.0,8.411479509790965e-06,0.0,UNSAFE,RED
SYN_0115,10.057162365002224,76.55263508688846,10,0.0,5.505359462056132e-06,0.0,UNSAFE,RED
SYN_0115,10.057162365002224,76.55263508688846,25,0.0,8.515991278189736e-07,0.0,UNSAFE,RED
SYN_0115,10.057162365002224,76.55263508688846,50,0.0,8.859176566172418e-07,0.0,UNSAFE,RED
SYN_0115,10.057162365002224,76.55263508688846,75,0.0,2.6786411277463456e-07,0.0,UNSAFE,RED
SYN_0115,10.057162365002224,76.55263508688846,100,0.0,7.780503947212757e-07,0.0,UNSAFE,RED
SYN_0115,10.057162365002224,76.55263508688846,150,0.0,2.935030347740601e-08,0.0,UNSAFE,RED
SYN_0115,10.057162365002224,76.55263508688846,200,0.0,6.547481611807423e-08,0.0,UNSAFE,RED
SYN_0116,13.154962100054648,68.22437623950245,0,0.0,2.345594884081947e-05,0.0,UNSAFE,RED
SYN_0116,13.154962100054648,68.22437623950245,10,0.0,5.323429561184069e-06,0.0,UNSAFE,RED
SYN_0116,13.154962100054648,68.22437623950245,25,0.0,2.498686811328566e-06,0.0,UNSAFE,RED
SYN_0116,13.154962100054648,68.22437623950245,50,0.0,8.07696828154531e-08,0.0,UNSAFE,RED
SYN_0116,13.154962100054648,68.22437623950245,75,0.0,1.0893000160116625e-06,0.0,UNSAFE,RED
SYN_0116,13.154962100054648,68.22437623950245,100,0.0,5.554078620767767e-07,0.0,UNSAFE,RED
SYN_0116,13.154962100054648,68.22437623950245,150,0.0,8.179161938451282e-08,0.0,UNSAFE,RED
SYN_0116,13.154962100054648,68.22437623950245,200,2.8286177193900408e-05,5.559053124954216e-07,50.87393332079598,SAFE,GREEN
SYN_0117,6.9145810948879465,71.35389395094325,0,0.0,1.602295195804042e-05,0.0,UNSAFE,RED
SYN_0117,6.9145810948879465,71.35389395094325,10,0.0,2.9556018216772904e-06,0.0,UNSAFE,RED
SYN_0117,6.9145810948879465,71.35389395094325,25,0.0,2.547255999535978e-06,0.0,UNSAFE,RED
SYN_0117,6.9145810948879465,71.35389395094325,50,0.0,5.211405970239523e-08,0.0,UNSAFE,RED
SYN_0117,6.9145810948879465,71.35389395094325,75,0.0,1.9922349078626324e-07,0.0,UNSAFE,RED
SYN_0117,6.9145810948879465,71.35389395094325,100,0.0,2.6006240832357226e-07,0.0,UNSAFE,RED
SYN_0117,6.9145810948879465,71.35389395094325,150,0.0,9.881367060867758e-08,0.0,UNSAFE,RED
SYN_0117,6.9145810948879465,71.35389395094325,200,2.271824537133287e-05,4.504985004274092e-08,503.17432615671447,SAFE,GREEN
SYN_0118,11.504223925524226,65.78538828483305,0,0.0,1.0668311964554702e-05,0.0,UNSAFE,RED
SYN_0118,11.504223925524226,65.78538828483305,10,0.0,8.271093469613446e-07,0.0,UNSAFE,RED
SYN_0118,11.504223925524226,65.78538828483305,25,0.0,3.666334559227738e-06,0.0,UNSAFE,RED
SYN_0118,11.504223925524226,65.78538828483305,50,0.0,1.293251159531354e-07,0.0,UNSAFE,RED
SYN_0118,11.504223925524226,65.78538828483305,75,0.0,1.443587914601919e-06,0.0,UNSAFE,RED
SYN_0118,11.504223925524226,65.78538828483305,100,0.0,4.08479097221089e-08,0.0,UNSAFE,RED
SYN_0118,11.504223925524226,65.78538828483305,150,0.0,1.7063548881894202e-07,0.0,UNSAFE,RED
SYN_0118,11.504223925524226,65.78538828483305,200,6.337123580259711e-05,1.4906119792055147e-06,42.51071748707034,SAFE,GREEN
SYN_0119,19.484650952238987,78.80811443822144,0,0.0,2.3674803138687036e-05,0.0,UNSAFE,RED
SYN_0119,19.484650952238987,78.80811443822144,10,0.0,2.1978253827100105e-06,0.0,UNSAFE,RED
SYN_0119,19.484650952238987,78.80811443822144,25,0.0,3.7793669100741122e-06,0.0,UNSAFE,RED
SYN_0119,19.484650952238987,78.80811443822144,50,0.0,2.929830462872809e-07,0.0,UNSAFE,RED
SYN_0119,19.484650952238987,78.80811443822144,75,0.0,3.1018894224399004e-07,0.0,UNSAFE,RED
SYN_0119,19.484650952238987,78.80811443822144,100,0.0,1.027145076994805e-06,0.0,UNSAFE,RED
SYN_0119,19.484650952238987,78.80811443822144,150,0.0,2.5254916143948945e-07,0.0,UNSAFE,RED
SYN_0119,19.484650952238987,78.80811443822144,200,0.0,1.659964326319212e-07,0.0,UNSAFE,RED
SYN_0120,6.011462076484577,73.52242475904461,0,0.0,2.249077186256272e-06,0.0,UNSAFE,RED
SYN_0120,6.011462076484577,73.52242475904461,10,0.0,1.0594797830853252e-06,0.0,UNSAFE,RED
SYN_0120,6.011462076484577,73.52242475904461,25,0.0,9.398284860196672e-09,0.0,UNSAFE,RED
SYN_0120,6.011462076484577,73.52242475904461,50,0.0,5.239115999843319e-09,0.0,UNSAFE,RED
SYN_0120,6.011462076484577,73.52242475904461,75,0.0,4.85055450671368e-07,0.0,UNSAFE,RED
SYN_0120,6.011462076484577,73.52242475904461,100,0.0,9.952366894407928e-07,0.0,UNSAFE,RED
SYN_0120,6.011462076484577,73.52242475904461,150,0.0,1.9222701439285008e-08,0.0,UNSAFE,RED
SYN_0120,6.011462076484577,73.52242475904461,200,0.0,1.1002957856742617e-06,0.0,UNSAFE,RED
SYN_0121,6.133608643316708,65.69345408452133,0,0.0,9.191366802549218e-06,0.0,UNSAFE,RED
SYN_0121,6.133608643316708,65.69345408452133,10,0.0,2.4342828792157007e-06,0.0,UNSAFE,RED
SYN_0121,6.133608643316708,65.69345408452133,25,0.0,1.1485072204769759e-07,0.0,UNSAFE,RED
SYN_0121,6.133608643316708,65.69345408452133,50,0.0,7.948811234967882e-08,0.0,UNSAFE,RED
SYN_0121,6.133608643316708,65.69345408452133,75,0.0,9.4335933095833e-07,0.0,UNSAFE,RED
SYN_0121,6.133608643316708,65.69345408452133,100,0.0,1.4500363542211711e-06,0.0,UNSAFE,RED
SYN_0121,6.133608643316708,65.69345408452133,150,0.0,2.6207686309204027e-07,0.0,UNSAFE,RED
SYN_0121,6.133608643316708,65.69345408452133,200,0.0,1.3901558842270596e-08,0.0,UNSAFE,RED
SYN_0122,15.014218516733424,77.8972244562996,0,0.0,6.446318848755457e-07,0.0,UNSAFE,RED
SYN_0122,15.014218516733424,77.8972244562996,10,0.0,8.160385976589939e-07,0.0,UNSAFE,RED
SYN_0122,15.014218516733424,77.8972244562996,25,0.0,2.40792547482206e-06,0.0,UNSAFE,RED
SYN_0122,15.014218516733424,77.8972244562996,50,0.0,1.0316757835183703e-06,0.0,UNSAFE,RED
SYN_0122,15.014218516733424,77.8972244562996,75,0.0,1.7447588611920084e-06,0.0,UNSAFE,RED
SYN_0122,15.014218516733424,77.8972244562996,100,0.0,8.248918339568675e-08,0.0,UNSAFE,RED
SYN_0122,15.014218516733424,77.8972244562996,150,0.0,9.96487328535816e-09,0.0,UNSAFE,RED
SYN_0122,15.014218516733424,77.8972244562996,200,0.0,1.2023352653780717e-06,0.0,UNSAFE,RED
SYN_0123,9.374277778130784,66.19886601722617,0,0.0,7.959651538032938e-06,0.0,UNSAFE,RED
SYN_0123,9.374277778130784,66.19886601722617,10,0.0,6.188677178940037e-07,0.0,UNSAFE,RED
SYN_0123,9.374277778130784,66.19886601722617,25,0.0,1.866664767981898e-06,0.0,UNSAFE,RED
SYN_0123,9.374277778130784,66.19886601722617,50,0.0,1.8594246443408392e-07,0.0,UNSAFE,RED
SYN_0123,9.374277778130784,66.19886601722617,75,0.0,7.671931105778809e-08,0.0,UNSAFE,RED
SYN_0123,9.374277778130784,66.19886601722617,100,0.0,2.2711513879082342e-07,0.0,UNSAFE,RED
SYN_0123,9.374277778130784,66.19886601722617,150,0.0,3.985271915108951e-08,0.0,UNSAFE,RED
SYN_0123,9.374277778130784,66.19886601722617,200,0.0,9.174608573343774e-07,0.0,UNSAFE,RED
SYN_0124,8.013749740016676,82.03188638608438,0,0.0,4.1978028338692894e-05,0.0,UNSAFE,RED
SYN_0124,8.013749740016676,82.03188638608438,10,0.0,9.550426843160669e-06,0.0,UNSAFE,RED
SYN_0124,8.013749740016676,82.03188638608438,25,0.0,2.979188095105405e-06,0.0,UNSAFE,RED
SYN_0124,8.013749740016676,82.03188638608438,50,0.0,1.736612215485381e-07,0.0,UNSAFE,RED
SYN_0124,8.013749740016676,82.03188638608438,75,0.0,2.0933955535880433e-06,0.0,UNSAFE,RED
SYN_0124,8.013749740016676,82.03188638608438,100,0.0,1.2460291667687842e-06,0.0,UNSAFE,RED
SYN_0124,8.013749740016676,82.03188638608438,150,0.0,2.5669946181730873e-07,0.0,UNSAFE,RED
SYN_0124,8.013749740016676,82.03188638608438,200,0.0,4.308501203569135e-07,0.0,UNSAFE,RED
SYN_0125,19.578784002103145,80.59641768020137,0,0.0,2.6700376182135022e-05,0.0,UNSAFE,RED
SYN_0125,19.578784002103145,80.59641768020137,10,0.0,5.253840206556442e-06,0.0,UNSAFE,RED
SYN_0125,19.578784002103145,80.59641768020137,25,0.0,3.313650272584382e-06,0.0,UNSAFE,RED
SYN_0125,19.578784002103145,80.59641768020137,50,0.0,2.1478538763252417e-08,0.0,UNSAFE,RED
SYN_0125,19.578784002103145,80.59641768020137,75,0.0,2.0350549510743208e-06,0.0,UNSAFE,RED
SYN_0125,19.578784002103145,80.59641768020137,100,0.0,5.44535688856008e-07,0.0,UNSAFE,RED
SYN_0125,19.578784002103145,80.59641768020137,150,0.0,3.7424587634440484e-07,0.0,UNSAFE,RED
SYN_0125,19.578784002103145,80.59641768020137,200,0.0,9.973249970171502e-07,0.0,UNSAFE,RED
SYN_0126,21.081913392671854,73.51875416933879,0,0.0,8.841913890588935e-06,0.0,UNSAFE,RED
SYN_0126,21.081913392671854,73.51875416933879,10,0.0,1.3923170080801184e-06,0.0,UNSAFE,RED
SYN_0126,21.081913392671854,73.51875416933879,25,0.0,4.92588721392348e-07,0.0,UNSAFE,RED
SYN_0126,21.081913392671854,73.51875416933879,50,0.0,5.151292233931021e-07,0.0,UNSAFE,RED
SYN_0126,21.081913392671854,73.51875416933879,75,0.0,7.28525573652159e-08,0.0,UNSAFE,RED
SYN_0126,21.081913392671854,73.51875416933879,100,0.0,2.2605342007658725e-06,0.0,UNSAFE,RED
SYN_0126,21.081913392671854,73.51875416933879,150,0.0,1.3910437461207231e-07,0.0,UNSAFE,RED
SYN_0126,21.081913392671854,73.51875416933879,200,0.0,1.335869918228093e-07,0.0,UNSAFE,RED
SYN_0127,19.604434355144985,72.29644940415598,0,0.0,9.152241534524642e-05,0.0,UNSAFE,RED
SYN_0127,19.604434355144985,72.29644940415598,10,0.0,2.3574672276056054e-05,0.0,UNSAFE,RED
SYN_0127,19.604434355144985,72.29644940415598,25,0.0,1.0793372907886317e-06,0.0,UNSAFE,RED
SYN_0127,19.604434355144985,72.29644940415598,50,0.0,6.069794696300574e-07,0.0,UNSAFE,RED
SYN_0127,19.604434355144985,72.29644940415598,75,0.0,7.954651066834437e-08,0.0,UNSAFE,RED
SYN_0127,19.604434355144985,72.29644940415598,100,0.0,1.7767008976867582e-07,0.0,UNSAFE,RED
SYN_0127,19.604434355144985,72.29644940415598,150,0.0,9.293976722311118e-08,0.0,UNSAFE,RED
SYN_0127,19.604434355144985,72.29644940415598,200,0.0,1.0729537445028753e-06,0.0,UNSAFE,RED
SYN_0128,7.282799386192642,83.82096520076755,0,0.0,5.984889873282438e-05,0.0,UNSAFE,RED
SYN_0128,7.282799386192642,83.82096520076755,10,0.0,1.5146546083508056e-05,0.0,UNSAFE,RED
SYN_0128,7.282799386192642,83.82096520076755,25,0.0,7.281751338991752e-06,0.0,UNSAFE,RED
SYN_0128,7.282799386192642,83.82096520076755,50,0.0,6.604621938537454e-08,0.0,UNSAFE,RED
SYN_0128,7.282799386192642,83.82096520076755,75,0.0,2.4279752521750752e-06,0.0,UNSAFE,RED
SYN_0128,7.282799386192642,83.82096520076755,100,0.0,1.110341283935843e-06,0.0,UNSAFE,RED
SYN_0128,7.282799386192642,83.82096520076755,150,0.0,6.002748263146734e-08,0.0,UNSAFE,RED
SYN_0128,7.282799386192642,83.82096520076755,200,0.0,6.963029341889294e-07,0.0,UNSAFE,RED
SYN_0129,15.805577863748422,66.58560569262383,0,0.0,1.146846628457237e-05,0.0,UNSAFE,RED
SYN_0129,15.805577863748422,66.58560569262383,10,0.0,5.150566278700368e-07,0.0,UNSAFE,RED
SYN_0129,15.805577863748422,66.58560569262383,25,0.0,4.735420228897051e-06,0.0,UNSAFE,RED
SYN_0129,15.805577863748422,66.58560569262383,50,0.0,1.887627076241883e-07,0.0,UNSAFE,RED
SYN_0129,15.805577863748422,66.58560569262383,75,0.0,1.2697515839938743e-06,0.0,UNSAFE,RED
SYN_0129,15.805577863748422,66.58560569262383,100,0.0,1.3979413420032387e-06,0.0,UNSAFE,RED
SYN_0129,15.805577863748422,66.58560569262383,150,0.0,1.0676510268014992e-07,0.0,UNSAFE,RED
SYN_0129,15.805577863748422,66.58560569262383,200,0.0,2.9116347054546996e-07,0.0,UNSAFE,RED
SYN_0130,11.836945709961842,82.47749911042037,0,0.0,6.037361160071537e-07,0.0,UNSAFE,RED
SYN_0130,11.836945709961842,82.47749911042037,10,0.0,8.338472518406984e-07,0.0,UNSAFE,RED
SYN_0130,11.836945709961842,82.47749911042037,25,0.0,5.089509004292492e-07,0.0,UNSAFE,RED
SYN_0130,11.836945709961842,82.47749911042037,50,0.0,1.1005382030614422e-06,0.0,UNSAFE,RED
SYN_0130,11.836945709961842,82.47749911042037,75,0.0,3.857783160635346e-07,0.0,UNSAFE,RED
SYN_0130,11.836945709961842,82.47749911042037,100,0.0,1.0712355805140943e-06,0.0,UNSAFE,RED
SYN_0130,11.836945709961842,82.47749911042037,150,0.0,7.773730274709721e-08,0.0,UNSAFE,RED
SYN_0130,11.836945709961842,82.47749911042037,200,0.0,3.4020498053948667e-07,0.0,UNSAFE,RED
SYN_0131,17.101790370810768,69.40975278829498,0,0.0,3.0724255468941296e-05,0.0,UNSAFE,RED
SYN_0131,17.101790370810768,69.40975278829498,10,0.0,6.453614856858061e-06,0.0,UNSAFE,RED
SYN_0131,17.101790370810768,69.40975278829498,25,0.0,1.2710356284420642e-06,0.0,UNSAFE,RED
SYN_0131,17.101790370810768,69.40975278829498,50,0.0,4.074056255891384e-07,0.0,UNSAFE,RED
SYN_0131,17.101790370810768,69.40975278829498,75,0.0,3.41361391551402e-07,0.0,UNSAFE,RED
SYN_0131,17.101790370810768,69.40975278829498,100,0.0,4.0247715635843533e-07,0.0,UNSAFE,RED
SYN_0131,17.101790370810768,69.40975278829498,150,0.0,1.942662530964528e-07,0.0,UNSAFE,RED
SYN_0131,17.101790370810768,69.40975278829498,200,0.0,1.1214425747401799e-07,0.0,UNSAFE,RED
SYN_0132,11.60782947331233,76.78429228695711,0,0.0,1.838251238181427e-05,0.0,UNSAFE,RED
SYN_0132,11.60782947331233,76.78429228695711,10,0.0,3.7875893290176646e-06,0.0,UNSAFE,RED
SYN_0132,11.60782947331233,76.78429228695711,25,0.0,2.5111733560904327e-06,0.0,UNSAFE,RED
SYN_0132,11.60782947331233,76.78429228695711,50,0.0,4.5272210612703033e-07,0.0,UNSAFE,RED
SYN_0132,11.60782947331233,76.78429228695711,75,0.0,1.190444370480901e-07,0.0,UNSAFE,RED
SYN_0132,11.60782947331233,76.78429228695711,100,0.0,3.992056596959228e-08,0.0,UNSAFE,RED
SYN_0132,11.60782947331233,76.78429228695711,150,0.0,5.785029931984716e-08,0.0,UNSAFE,RED
SYN_0132,11.60782947331233,76.78429228695711,200,0.0,2.0360365765624285e-08,0.0,UNSAFE,RED
SYN_0133,20.64851624425576,84.85029240323942,0,0.0,1.2950591554064132e-06,0.0,UNSAFE,RED
SYN_0133,20.64851624425576,84.85029240323942,10,0.0,3.0702351908653185e-06,0.0,UNSAFE,RED
SYN_0133,20.64851624425576,84.85029240323942,25,0.0,1.498757605751506e-06,0.0,UNSAFE,RED
SYN_0133,20.64851624425576,84.85029240323942,50,0.0,6.001071387891095e-07,0.0,UNSAFE,RED
SYN_0133,20.64851624425576,84.85029240323942,75,0.0,1.780958799487714e-06,0.0,UNSAFE,RED
SYN_0133,20.64851624425576,84.85029240323942,100,0.0,1.7432433637041372e-06,0.0,UNSAFE,RED
SYN_0133,20.64851624425576,84.85029240323942,150,0.0,2.874391349460916e-07,0.0,UNSAFE,RED
SYN_0133,20.64851624425576,84.85029240323942,200,0.0,1.307917801939372e-06,0.0,UNSAFE,RED
SYN_0134,13.681043521619134,67.55140349142742,0,0.0,6.59145891724902e-06,0.0,UNSAFE,RED
SYN_0134,13.681043521619134,67.55140349142742,10,0.0,1.8727837277920137e-06,0.0,UNSAFE,RED
SYN_0134,13.681043521619134,67.55140349142742,25,0.0,3.4863079324311495e-06,0.0,UNSAFE,RED
SYN_0134,13.681043521619134,67.55140349142742,50,0.0,1.1594764121036002e-06,0.0,UNSAFE,RED
SYN_0134,13.681043521619134,67.55140349142742,75,0.0,2.612930567852432e-07,0.0,UNSAFE,RED
SYN_0134,13.681043521619134,67.55140349142742,100,0.0,5.041523465228295e-06,0.0,UNSAFE,RED
SYN_0134,13.681043521619134,67.55140349142742,150,0.0,8.432241190473923e-09,0.0,UNSAFE,RED
SYN_0134,13.681043521619134,67.55140349142742,200,0.0,1.1434384255435087e-07,0.0,UNSAFE,RED
SYN_0135,23.239191683992665,66.21857443441439,0,0.0,1.9152938540772733e-05,0.0,UNSAFE,RED
SYN_0135,23.239191683992665,66.21857443441439,10,0.0,7.084604024124557e-06,0.0,UNSAFE,RED
SYN_0135,23.239191683992665,66.21857443441439,25,0.0,1.2959748017818005e-06,0.0,UNSAFE,RED
SYN_0135,23.239191683992665,66.21857443441439,50,0.0,4.4451530886427953e-07,0.0,UNSAFE,RED
SYN_0135,23.239191683992665,66.21857443441439,75,0.0,2.3078424948910735e-06,0.0,UNSAFE,RED
SYN_0135,23.239191683992665,66.21857443441439,100,0.0,2.6791133474932202e-06,0.0,UNSAFE,RED
SYN_0135,23.239191683992665,66.21857443441439,150,0.0,1.4341404292618805e-07,0.0,UNSAFE,RED
SYN_0135,23.239191683992665,66.21857443441439,200,0.0,4.139798106642896e-07,0.0,UNSAFE,RED
SYN_0136,8.615703011247591,70.37595230060396,0,0.0,1.7259249843023851e-06,0.0,UNSAFE,RED
SYN_0136,8.615703011247591,70.37595230060396,10,0.0,2.216343585618622e-06,0.0,UNSAFE,RED
SYN_0136,8.615703011247591,70.37595230060396,25,0.0,1.994037570090057e-06,0.0,UNSAFE,RED
SYN_0136,8.615703011247591,70.37595230060396,50,0.0,1.6472283544815515e-07,0.0,UNSAFE,RED
SYN_0136,8.615703011247591,70.37595230060396,75,0.0,1.5081375940396797e-07,0.0,UNSAFE,RED
SYN_0136,8.615703011247591,70.37595230060396,100,0.0,3.639782761280325e-07,0.0,UNSAFE,RED
SYN_0136,8.615703011247591,70.37595230060396,150,0.0,5.255848799143417e-08,0.0,UNSAFE,RED
SYN_0136,8.615703011247591,70.37595230060396,200,0.0,1.792932068645831e-08,0.0,UNSAFE,RED
SYN_0137,7.762505862804945,82.18223515293833,0,0.0,9.25113946127022e-06,0.0,UNSAFE,RED
SYN_0137,7.762505862804945,82.18223515293833,10,0.0,2.0125756413772745e-06,0.0,UNSAFE,RED
SYN_0137,7.762505862804945,82.18223515293833,25,0.0,1.4571793156308087e-07,0.0,UNSAFE,RED
SYN_0137,7.762505862804945,82.18223515293833,50,0.0,2.7788442509242636e-08,0.0,UNSAFE,RED
SYN_0137,7.762505862804945,82.18223515293833,75,0.0,5.512610704492559e-07,0.0,UNSAFE,RED
SYN_0137,7.762505862804945,82.18223515293833,100,0.0,1.2613720286887912e-07,0.0,UNSAFE,RED
SYN_0137,7.762505862804945,82.18223515293833,150,0.0,2.407897542398352e-07,0.0,UNSAFE,RED
SYN_0137,7.762505862804945,82.18223515293833,200,0.0,4.0801402992958104e-07,0.0,UNSAFE,RED
SYN_0138,11.474616512208474,80.30387667508784,0,0.0,4.2933623695252845e-06,0.0,UNSAFE,RED
SYN_0138,11.474616512208474,80.30387667508784,10,0.0,3.793916988858178e-06,0.0,UNSAFE,RED
SYN_0138,11.474616512208474,80.30387667508784,25,0.0,1.377187865748483e-06,0.0,UNSAFE,RED
SYN_0138,11.474616512208474,80.30387667508784,50,0.0,3.0024209680551e-07,0.0,UNSAFE,RED
SYN_0138,11.474616512208474,80.30387667508784,75,0.0,8.18428136615653e-07,0.0,UNSAFE,RED
SYN_0138,11.474616512208474,80.30387667508784,100,0.0,8.726927702418813e-07,0.0,UNSAFE,RED
SYN_0138,11.474616512208474,80.30387667508784,150,0.0,3.795734123213301e-09,0.0,UNSAFE,RED
SYN_0138,11.474616512208474,80.30387667508784,200,0.0,1.577507760216904e-07,0.0,UNSAFE,RED
SYN_0139,18.2462747746144,80.03650291913362,0,0.0,4.0745179209801326e-05,0.0,UNSAFE,RED
SYN_0139,18.2462747746144,80.03650291913362,10,0.0,1.4362638409345727e-05,0.0,UNSAFE,RED
SYN_0139,18.2462747746144,80.03650291913362,25,0.0,2.625660310599324e-07,0.0,UNSAFE,RED
SYN_0139,18.2462747746144,80.03650291913362,50,0.0,3.354170397979868e-07,0.0,UNSAFE,RED
SYN_0139,18.2462747746144,80.03650291913362,75,0.0,9.509012521276032e-08,0.0,UNSAFE,RED
SYN_0139,18.2462747746144,80.03650291913362,100,0.0,2.777767232871016e-08,0.0,UNSAFE,RED
SYN_0139,18.2462747746144,80.03650291913362,150,0.0,5.365287455523281e-08,0.0,UNSAFE,RED
SYN_0139,18.2462747746144,80.03650291913362,200,1.9093039782153508e-05,4.0296221572360367e-07,47.36995688835887,SAFE,GREEN
SYN_0140,23.44383856102569,67.83988518704169,0,0.0,1.2247347677576665e-05,0.0,UNSAFE,RED
SYN_0140,23.44383856102569,67.83988518704169,10,0.0,4.729860592818377e-06,0.0,UNSAFE,RED
SYN_0140,23.44383856102569,67.83988518704169,25,0.0,3.780577170254737e-07,0.0,UNSAFE,RED
SYN_0140,23.44383856102569,67.83988518704169,50,0.0,5.022901425952561e-07,0.0,UNSAFE,RED
SYN_0140,23.44383856102569,67.83988518704169,75,0.0,7.204099740472402e-07,0.0,UNSAFE,RED
SYN_0140,23.44383856102569,67.83988518704169,100,0.0,1.5714854296443078e-06,0.0,UNSAFE,RED
SYN_0140,23.44383856102569,67.83988518704169,150,0.0,1.6446948488212015e-07,0.0,UNSAFE,RED
SYN_0140,23.44383856102569,67.83988518704169,200,0.0,1.7987501534778678e-06,0.0,UNSAFE,RED
SYN_0141,18.262924979504177,76.90732740313746,0,0.0,2.6730450894890533e-05,0.0,UNSAFE,RED
SYN_0141,18.262924979504177,76.90732740313746,10,0.0,3.5684071783816654e-06,0.0,UNSAFE,RED
SYN_0141,18.262924979504177,76.90732740313746,25,0.0,3.2317733541522248e-06,0.0,UNSAFE,RED
SYN_0141,18.262924979504177,76.90732740313746,50,0.0,3.3976414061746733e-07,0.0,UNSAFE,RED
SYN_0141,18.262924979504177,76.90732740313746,75,0.0,7.776216187486226e-07,0.0,UNSAFE,RED
SYN_0141,18.262924979504177,76.90732740313746,100,0.0,1.6757728458944985e-07,0.0,UNSAFE,RED
SYN_0141,18.262924979504177,76.90732740313746,150,0.0,4.9837538995117816e-08,0.0,UNSAFE,RED
SYN_0141,18.262924979504177,76.90732740313746,200,0.0,7.845958389851434e-07,0.0,UNSAFE,RED
SYN_0142,19.111254232993826,71.15405626779688,0,0.0,1.704620120230019e-05,0.0,UNSAFE,RED
SYN_0142,19.111254232993826,71.15405626779688,10,0.0,3.2172215078056847e-06,0.0,UNSAFE,RED
SYN_0142,19.111254232993826,71.15405626779688,25,0.0,7.295754118600652e-07,0.0,UNSAFE,RED
SYN_0142,19.111254232993826,71.15405626779688,50,0.0,2.0301032825618659e-07,0.0,UNSAFE,RED
SYN_0142,19.111254232993826,71.15405626779688,75,0.0,1.027753416762239e-06,0.0,UNSAFE,RED
SYN_0142,19.111254232993826,71.15405626779688,100,0.0,4.1978917627876194e-07,0.0,UNSAFE,RED
SYN_0142,19.111254232993826,71.15405626779688,150,0.0,3.5530060786951935e-08,0.0,UNSAFE,RED
SYN_0142,19.111254232993826,71.15405626779688,200,0.0,3.3521741353877367e-07,0.0,UNSAFE,RED
SYN_0143,21.550473879076343,65.0119587766959,0,0.0,4.86117472796965e-06,0.0,UNSAFE,RED
SYN_0143,21.550473879076343,65.0119587766959,10,0.0,1.1694181993068032e-06,0.0,UNSAFE,RED
SYN_0143,21.550473879076343,65.0119587766959,25,0.0,2.0295971810566423e-07,0.0,UNSAFE,RED
SYN_0143,21.550473879076343,65.0119587766959,50,0.0,7.640038378758366e-09,0.0,UNSAFE,RED
SYN_0143,21.550473879076343,65.0119587766959,75,0.0,4.966622617964721e-07,0.0,UNSAFE,RED
SYN_0143,21.550473879076343,65.0119587766959,100,0.0,2.230674713836256e-08,0.0,UNSAFE,RED
SYN_0143,21.550473879076343,65.0119587766959,150,0.0,2.9993770476401494e-07,0.0,UNSAFE,RED
SYN_0143,21.550473879076343,65.0119587766959,200,0.0,1.0135155786488417e-06,0.0,UNSAFE,RED
SYN_0144,14.657025488202096,69.24571283337183,0,0.0,3.0307628216771024e-06,0.0,UNSAFE,RED
SYN_0144,14.657025488202096,69.24571283337183,10,0.0,2.41781192400901e-07,0.0,UNSAFE,RED
SYN_0144,14.657025488202096,69.24571283337183,25,0.0,1.0576091386616438e-07,0.0,UNSAFE,RED
SYN_0144,14.657025488202096,69.24571283337183,50,0.0,8.252586891291528e-07,0.0,UNSAFE,RED
SYN_0144,14.657025488202096,69.24571283337183,75,0.0,2.409873817264683e-06,0.0,UNSAFE,RED
SYN_0144,14.657025488202096,69.24571283337183,100,0.0,1.3405636034879244e-06,0.0,UNSAFE,RED
SYN_0144,14.657025488202096,69.24571283337183,150,0.0,1.847340776548157e-07,0.0,UNSAFE,RED
SYN_0144,14.657025488202096,69.24571283337183,200,0.0,1.0171500080204454e-06,0.0,UNSAFE,RED
SYN_0145,21.5830128056828,75.16283437330388,0,0.0,1.2605806534900829e-05,0.0,UNSAFE,RED
SYN_0145,21.5830128056828,75.16283437330388,10,0.0,2.3893842777968665e-06,0.0,UNSAFE,RED
SYN_0145,21.5830128056828,75.16283437330388,25,0.0,1.9574965082097626e-06,0.0,UNSAFE,RED
SYN_0145,21.5830128056828,75.16283437330388,50,0.0,2.311472989489942e-08,0.0,UNSAFE,RED
SYN_0145,21.5830128056828,75.16283437330388,75,0.0,8.197570811583581e-07,0.0,UNSAFE,RED
SYN_0145,21.5830128056828,75.16283437330388,100,0.0,9.888359473708273e-08,0.0,UNSAFE,RED
SYN_0145,21.5830128056828,75.16283437330388,150,0.0,7.622018702756405e-09,0.0,UNSAFE,RED
SYN_0145,21.5830128056828,75.16283437330388,200,0.0,1.5655268404095336e-07,0.0,UNSAFE,RED
SYN_0146,21.479953037599564,69.0817532231152,0,0.0,5.9246746842328664e-05,0.0,UNSAFE,RED
SYN_0146,21.479953037599564,69.0817532231152,10,0.0,1.9821099093119946e-05,0.0,UNSAFE,RED
SYN_0146,21.479953037599564,69.0817532231152,25,0.0,1.1826121911741097e-06,0.0,UNSAFE,RED
SYN_0146,21.479953037599564,69.0817532231152,50,0.0,1.3393859793028531e-06,0.0,UNSAFE,RED
SYN_0146,21.479953037599564,69.0817532231152,75,0.0,1.3641046294821275e-07,0.0,UNSAFE,RED
SYN_0146,21.479953037599564,69.0817532231152,100,0.0,2.571463299623914e-07,0.0,UNSAFE,RED
SYN_0146,21.479953037599564,69.0817532231152,150,0.0,6.693661520067771e-08,0.0,UNSAFE,RED
SYN_0146,21.479953037599564,69.0817532231152,200,0.0,2.7433412017703583e-07,0.0,UNSAFE,RED
SYN_0147,13.8754267818449,70.64735838085312,0,0.0,2.5680165944583678e-05,0.0,UNSAFE,RED
SYN_0147,13.8754267818449,70.64735838085312,10,0.0,7.605788359727089e-06,0.0,UNSAFE,RED
SYN_0147,13.8754267818449,70.64735838085312,25,0.0,6.211183527497544e-07,0.0,UNSAFE,RED
SYN_0147,13.8754267818449,70.64735838085312,50,0.0,2.0425454275820447e-06,0.0,UNSAFE,RED
SYN_0147,13.8754267818449,70.64735838085312,75,0.0,5.070047559220004e-09,0.0,UNSAFE,RED
SYN_0147,13.8754267818449,70.64735838085312,100,0.0,3.395662939080789e-06,0.0,UNSAFE,RED
SYN_0147,13.8754267818449,70.64735838085312,150,0.0,1.2559307187390282e-07,0.0,UNSAFE,RED
SYN_0147,13.8754267818449,70.64735838085312,200,0.0,1.1728743076729688e-06,0.0,UNSAFE,RED
SYN_0148,21.96943548812529,72.2651070335162,0,0.0,1.7781087786089817e-05,0.0,UNSAFE,RED
SYN_0148,21.96943548812529,72.2651070335162,10,0.0,3.020343523393486e-06,0.0,UNSAFE,RED
SYN_0148,21.96943548812529,72.2651070335162,25,0.0,5.2868986170950605e-06,0.0,UNSAFE,RED
SYN_0148,21.96943548812529,72.2651070335162,50,0.0,4.0361628864750714e-08,0.0,UNSAFE,RED
SYN_0148,21.96943548812529,72.2651070335162,75,0.0,7.918063734864137e-07,0.0,UNSAFE,RED
SYN_0148,21.96943548812529,72.2651070335162,100,0.0,2.111274352246157e-06,0.0,UNSAFE,RED
SYN_0148,21.96943548812529,72.2651070335162,150,0.0,7.446221160643389e-07,0.0,UNSAFE,RED
SYN_0148,21.96943548812529,72.2651070335162,200,0.0,1.2966290181276308e-07,0.0,UNSAFE,RED
SYN_0149,10.993373676829815,84.24204208330055,0,0.0,5.74709258023477e-06,0.0,UNSAFE,RED
SYN_0149,10.993373676829815,84.24204208330055,10,0.0,4.418423770998428e-06,0.0,UNSAFE,RED
SYN_0149,10.993373676829815,84.24204208330055,25,0.0,1.0860740604503526e-06,0.0,UNSAFE,RED
SYN_0149,10.993373676829815,84.24204208330055,50,0.0,1.6896236254322408e-06,0.0,UNSAFE,RED
SYN_0149,10.993373676829815,84.24204208330055,75,0.0,6.47221629342228e-07,0.0,UNSAFE,RED
SYN_0149,10.993373676829815,84.24204208330055,100,0.0,1.8605654377875906e-06,0.0,UNSAFE,RED
SYN_0149,10.993373676829815,84.24204208330055,150,0.0,6.609859384878995e-08,0.0,UNSAFE,RED
SYN_0149,10.993373676829815,84.24204208330055,200,0.0,4.4395807738171833e-07,0.0,UNSAFE,RED
SYN_0150,6.762688619533829,80.5359687441726,0,0.0,3.283301707570497e-06,0.0,UNSAFE,RED
SYN_0150,6.762688619533829,80.5359687441726,10,0.0,3.5251546116650538e-06,0.0,UNSAFE,RED
SYN_0150,6.762688619533829,80.5359687441726,25,0.0,4.668607575100212e-06,0.0,UNSAFE,RED
SYN_0150,6.762688619533829,80.5359687441726,50,0.0,2.289494180890317e-07,0.0,UNSAFE,RED
SYN_0150,6.762688619533829,80.5359687441726,75,0.0,6.432004010778499e-07,0.0,UNSAFE,RED
SYN_0150,6.762688619533829,80.5359687441726,100,0.0,1.3468592096054832e-06,0.0,UNSAFE,RED
SYN_0150,6.762688619533829,80.5359687441726,150,0.0,2.5060787055461456e-07,0.0,UNSAFE,RED
SYN_0150,6.762688619533829,80.5359687441726,200,0.0,7.306503534167007e-07,0.0,UNSAFE,RED
SYN_0151,17.34388454233933,84.3963772926757,0,0.0,3.181979859390324e-06,0.0,UNSAFE,RED
SYN_0151,17.34388454233933,84.3963772926757,10,0.0,1.427067042133983e-06,0.0,UNSAFE,RED
SYN_0151,17.34388454233933,84.3963772926757,25,0.0,3.232841811561938e-07,0.0,UNSAFE,RED
SYN_0151,17.34388454233933,84.3963772926757,50,0.0,9.094271176475758e-07,0.0,UNSAFE,RED
SYN_0151,17.34388454233933,84.3963772926757,75,0.0,8.11563040636039e-08,0.0,UNSAFE,RED
SYN_0151,17.34388454233933,84.3963772926757,100,0.0,7.438088041988647e-07,0.0,UNSAFE,RED
SYN_0151,17.34388454233933,84.3963772926757,150,0.0,7.858651652779185e-08,0.0,UNSAFE,RED
SYN_0151,17.34388454233933,84.3963772926757,200,0.0,4.887333226768854e-07,0.0,UNSAFE,RED
SYN_0152,11.557679880365171,79.74264827913278,0,0.0,4.47893604550876e-06,0.0,UNSAFE,RED
SYN_0152,11.557679880365171,79.74264827913278,10,0.0,1.0150014132176792e-06,0.0,UNSAFE,RED
SYN_0152,11.557679880365171,79.74264827913278,25,0.0,8.5185367634507e-07,0.0,UNSAFE,RED
SYN_0152,11.557679880365171,79.74264827913278,50,0.0,2.432415343385483e-07,0.0,UNSAFE,RED
SYN_0152,11.557679880365171,79.74264827913278,75,0.0,1.2178425833938528e-07,0.0,UNSAFE,RED
SYN_0152,11.557679880365171,79.74264827913278,100,0.0,1.332379715930467e-06,0.0,UNSAFE,RED
SYN_0152,11.557679880365171,79.74264827913278,150,0.0,4.538154750551143e-07,0.0,UNSAFE,RED
SYN_0152,11.557679880365171,79.74264827913278,200,0.0,1.2975666655858471e-06,0.0,UNSAFE,RED
SYN_0153,15.95035768119989,83.87556222736738,0,0.0,6.371298472064059e-06,0.0,UNSAFE,RED
SYN_0153,15.95035768119989,83.87556222736738,10,0.0,3.5378482845653107e-06,0.0,UNSAFE,RED
SYN_0153,15.95035768119989,83.87556222736738,25,0.0,5.05331199466416e-06,0.0,UNSAFE,RED
SYN_0153,15.95035768119989,83.87556222736738,50,0.0,8.241160930130101e-07,0.0,UNSAFE,RED
SYN_0153,15.95035768119989,83.87556222736738,75,0.0,3.5058473358457616e-07,0.0,UNSAFE,RED
SYN_0153,15.95035768119989,83.87556222736738,100,0.0,7.892786859637785e-07,0.0,UNSAFE,RED
SYN_0153,15.95035768119989,83.87556222736738,150,0.0,6.2459962294276275e-09,0.0,UNSAFE,RED
SYN_0153,15.95035768119989,83.87556222736738,200,0.0,6.489763430462784e-07,0.0,UNSAFE,RED
SYN_0154,17.20726015636314,75.92814148424264,0,0.0,1.8587374779925183e-05,0.0,UNSAFE,RED
SYN_0154,17.20726015636314,75.92814148424264,10,0.0,3.882793869492051e-06,0.0,UNSAFE,RED
SYN_0154,17.20726015636314,75.92814148424264,25,0.0,2.0136926464318327e-06,0.0,UNSAFE,RED
SYN_0154,17.20726015636314,75.92814148424264,50,0.0,2.2762000000622587e-07,0.0,UNSAFE,RED
SYN_0154,17.20726015636314,75.92814148424264,75,0.0,2.217424444571651e-06,0.0,UNSAFE,RED
SYN_0154,17.20726015636314,75.92814148424264,100,0.0,5.376939722771611e-07,0.0,UNSAFE,RED
SYN_0154,17.20726015636314,75.92814148424264,150,0.0,3.46192648129508e-07,0.0,UNSAFE,RED
SYN_0154,17.20726015636314,75.92814148424264,200,0.0,2.0937599863342858e-07,0.0,UNSAFE,RED
SYN_0155,17.509561208493228,68.09715148157643,0,0.0,2.8385328138010193e-05,0.0,UNSAFE,RED
SYN_0155,17.509561208493228,68.09715148157643,10,0.0,6.051969837973579e-06,0.0,UNSAFE,RED
SYN_0155,17.509561208493228,68.09715148157643,25,0.0,3.418192612743185e-06,0.0,UNSAFE,RED
SYN_0155,17.509561208493228,68.09715148157643,50,0.0,4.6689282406917135e-07,0.0,UNSAFE,RED
SYN_0155,17.509561208493228,68.09715148157643,75,0.0,6.461630356903676e-07,0.0,UNSAFE,RED
SYN_0155,17.509561208493228,68.09715148157643,100,0.0,1.86167074905991e-07,0.0,UNSAFE,RED
SYN_0155,17.509561208493228,68.09715148157643,150,0.0,1.5663211034987908e-07,0.0,UNSAFE,RED
SYN_0155,17.509561208493228,68.09715148157643,200,0.0,1.392591971671183e-07,0.0,UNSAFE,RED
SYN_0156,9.845143151695348,69.06975989110624,0,0.0,1.1057580532490453e-05,0.0,UNSAFE,RED
SYN_0156,9.845143151695348,69.06975989110624,10,0.0,1.3345190157182587e-06,0.0,UNSAFE,RED
SYN_0156,9.845143151695348,69.06975989110624,25,0.0,4.104518215140774e-06,0.0,UNSAFE,RED
SYN_0156,9.845143151695348,69.06975989110624,50,0.0,6.036937565547514e-08,0.0,UNSAFE,RED
SYN_0156,9.845143151695348,69.06975989110624,75,0.0,7.037986357722482e-07,0.0,UNSAFE,RED
SYN_0156,9.845143151695348,69.06975989110624,100,0.0,2.3717041553564738e-07,0.0,UNSAFE,RED
SYN_0156,9.845143151695348,69.06975989110624,150,0.0,2.40061765280097e-08,0.0,UNSAFE,RED
SYN_0156,9.845143151695348,69.06975989110624,200,0.0,8.084576343955217e-07,0.0,UNSAFE,RED
SYN_0157,6.549659475847718,70.6462766842144,0,0.0,7.931807998910814e-07,0.0,UNSAFE,RED
SYN_0157,6.549659475847718,70.6462766842144,10,0.0,6.480758452249046e-07,0.0,UNSAFE,RED
SYN_0157,6.549659475847718,70.6462766842144,25,0.0,2.344940711506304e-06,0.0,UNSAFE,RED
SYN_0157,6.549659475847718,70.6462766842144,50,0.0,3.9034469451109303e-07,0.0,UNSAFE,RED
SYN_0157,6.549659475847718,70.6462766842144,75,0.0,1.5161881891518366e-07,0.0,UNSAFE,RED
SYN_0157,6.549659475847718,70.6462766842144,100,0.0,6.091609472911508e-07,0.0,UNSAFE,RED
SYN_0157,6.549659475847718,70.6462766842144,150,0.0,3.100800949688167e-07,0.0,UNSAFE,RED
SYN_0157,6.549659475847718,70.6462766842144,200,0.0,1.0876428374989738e-06,0.0,UNSAFE,RED
SYN_0158,13.343285579514042,82.5549880972525,0,0.0,4.770049222780747e-05,0.0,UNSAFE,RED
SYN_0158,13.343285579514042,82.5549880972525,10,0.0,2.2629281483359533e-05,0.0,UNSAFE,RED
SYN_0158,13.343285579514042,82.5549880972525,25,0.0,7.897456135750924e-07,0.0,UNSAFE,RED
SYN_0158,13.343285579514042,82.5549880972525,50,0.0,1.183269730273636e-06,0.0,UNSAFE,RED
SYN_0158,13.343285579514042,82.5549880972525,75,0.0,9.699807329459973e-07,0.0,UNSAFE,RED
SYN_0158,13.343285579514042,82.5549880972525,100,0.0,3.3818288234508833e-06,0.0,UNSAFE,RED
SYN_0158,13.343285579514042,82.5549880972525,150,0.0,2.547959729398195e-07,0.0,UNSAFE,RED
SYN_0158,13.343285579514042,82.5549880972525,200,0.0,2.5253988120193296e-06,0.0,UNSAFE,RED
SYN_0159,14.141193185315526,70.8051021074506,0,0.0,2.1026338480834945e-06,0.0,UNSAFE,RED
SYN_0159,14.141193185315526,70.8051021074506,10,0.0,1.0734300295779606e-06,0.0,UNSAFE,RED
SYN_0159,14.141193185315526,70.8051021074506,25,0.0,4.6227331277706106e-07,0.0,UNSAFE,RED
SYN_0159,14.141193185315526,70.8051021074506,50,0.0,1.0790173114912393e-07,0.0,UNSAFE,RED
SYN_0159,14.141193185315526,70.8051021074506,75,0.0,1.0753713820619567e-07,0.0,UNSAFE,RED
SYN_0159,14.141193185315526,70.8051021074506,100,0.0,3.462720991913271e-07,0.0,UNSAFE,RED
SYN_0159,14.141193185315526,70.8051021074506,150,0.0,7.840242132033739e-08,0.0,UNSAFE,RED
SYN_0159,14.141193185315526,70.8051021074506,200,0.0,2.922253005987048e-07,0.0,UNSAFE,RED
SYN_0160,11.329142617488325,66.73934040511867,0,0.0,2.6559335343544462e-05,0.0,UNSAFE,RED
SYN_0160,11.329142617488325,66.73934040511867,10,0.0,8.347321114887776e-06,0.0,UNSAFE,RED
SYN_0160,11.329142617488325,66.73934040511867,25,0.0,9.087548368620103e-07,0.0,UNSAFE,RED
SYN_0160,11.329142617488325,66.73934040511867,50,0.0,1.0559714794370715e-06,0.0,UNSAFE,RED
SYN_0160,11.329142617488325,66.73934040511867,75,0.0,3.2732441781897395e-07,0.0,UNSAFE,RED
SYN_0160,11.329142617488325,66.73934040511867,100,0.0,6.843183722108347e-07,0.0,UNSAFE,RED
SYN_0160,11.329142617488325,66.73934040511867,150,0.0,2.8881225419840685e-07,0.0,UNSAFE,RED
SYN_0160,11.329142617488325,66.73934040511867,200,0.0,7.443926912938918e-07,0.0,UNSAFE,RED
SYN_0161,11.939179007551717,73.63614190215554,0,0.0,1.3238616944299539e-05,0.0,UNSAFE,RED
SYN_0161,11.939179007551717,73.63614190215554,10,0.0,5.49221030335097e-06,0.0,UNSAFE,RED
SYN_0161,11.939179007551717,73.63614190215554,25,0.0,7.079719321146642e-06,0.0,UNSAFE,RED
SYN_0161,11.939179007551717,73.63614190215554,50,0.0,8.566339304097842e-07,0.0,UNSAFE,RED
SYN_0161,11.939179007551717,73.63614190215554,75,0.0,3.46614616715664e-07,0.0,UNSAFE,RED
SYN_0161,11.939179007551717,73.63614190215554,100,0.0,9.739484234832722e-07,0.0,UNSAFE,RED
SYN_0161,11.939179007551717,73.63614190215554,150,0.0,3.517714628145092e-08,0.0,UNSAFE,RED
SYN_0161,11.939179007551717,73.63614190215554,200,0.0,2.430144277179101e-07,0.0,UNSAFE,RED
SYN_0162,10.24970015801182,76.62430954978767,0,0.0,1.154514202660634e-05,0.0,UNSAFE,RED
SYN_0162,10.24970015801182,76.62430954978767,10,0.0,2.8604166612002614e-06,0.0,UNSAFE,RED
SYN_0162,10.24970015801182,76.62430954978767,25,0.0,2.3566181897543953e-06,0.0,UNSAFE,RED
SYN_0162,10.24970015801182,76.62430954978767,50,0.0,9.829579488083941e-08,0.0,UNSAFE,RED
SYN_0162,10.24970015801182,76.62430954978767,75,0.0,4.780705835098753e-07,0.0,UNSAFE,RED
SYN_0162,10.24970015801182,76.62430954978767,100,0.0,1.7083110285239567e-07,0.0,UNSAFE,RED
SYN_0162,10.24970015801182,76.62430954978767,150,0.0,7.123532844514328e-08,0.0,UNSAFE,RED
SYN_0162,10.24970015801182,76.62430954978767,200,0.0,5.069891190116812e-07,0.0,UNSAFE,RED
SYN_0163,18.53744551655153,66.28189422072352,0,0.0,1.7410969634350315e-05,0.0,UNSAFE,RED
SYN_0163,18.53744551655153,66.28189422072352,10,0.0,5.7927892118549525e-06,0.0,UNSAFE,RED
SYN_0163,18.53744551655153,66.28189422072352,25,0.0,2.3720835301675645e-07,0.0,UNSAFE,RED
SYN_0163,18.53744551655153,66.28189422072352,50,0.0,1.1056047109627497e-06,0.0,UNSAFE,RED
SYN_0163,18.53744551655153,66.28189422072352,75,0.0,7.781468898229369e-07,0.0,UNSAFE,RED
SYN_0163,18.53744551655153,66.28189422072352,100,0.0,5.191324790398109e-07,0.0,UNSAFE,RED
SYN_0163,18.53744551655153,66.28189422072352,150,0.0,9.656982694135192e-08,0.0,UNSAFE,RED
SYN_0163,18.53744551655153,66.28189422072352,200,0.0,9.326523654888796e-07,0.0,UNSAFE,RED
SYN_0164,22.16645877757716,81.89728170821017,0,0.0,2.1532092539241057e-05,0.0,UNSAFE,RED
SYN_0164,22.16645877757716,81.89728170821017,10,0.0,7.0528321085359004e-06,0.0,UNSAFE,RED
SYN_0164,22.16645877757716,81.89728170821017,25,0.0,1.2406262150191389e-06,0.0,UNSAFE,RED
SYN_0164,22.16645877757716,81.89728170821017,50,0.0,1.7816956042086339e-07,0.0,UNSAFE,RED
SYN_0164,22.16645877757716,81.89728170821017,75,0.0,5.838315760582836e-07,0.0,UNSAFE,RED
SYN_0164,22.16645877757716,81.89728170821017,100,0.0,4.792271577788891e-08,0.0,UNSAFE,RED
SYN_0164,22.16645877757716,81.89728170821017,150,0.0,1.949465951644042e-07,0.0,UNSAFE,RED
SYN_0164,22.16645877757716,81.89728170821017,200,0.0,8.342706864476069e-07,0.0,UNSAFE,RED
SYN_0165,7.492267713566547,78.04951911014464,0,0.0,7.624566819275744e-07,0.0,UNSAFE,RED
SYN_0165,7.492267713566547,78.04951911014464,10,0.0,1.0199137915874287e-06,0.0,UNSAFE,RED
SYN_0165,7.492267713566547,78.04951911014464,25,0.0,2.1167344926124817e-06,0.0,UNSAFE,RED
SYN_0165,7.492267713566547,78.04951911014464,50,0.0,1.9897617794095984e-06,0.0,UNSAFE,RED
SYN_0165,7.492267713566547,78.04951911014464,75,0.0,2.359185772349454e-07,0.0,UNSAFE,RED
SYN_0165,7.492267713566547,78.04951911014464,100,0.0,7.702342794110562e-07,0.0,UNSAFE,RED
SYN_0165,7.492267713566547,78.04951911014464,150,0.0,7.15738396833545e-08,0.0,UNSAFE,RED
SYN_0165,7.492267713566547,78.04951911014464,200,0.0,1.078127389266859e-06,0.0,UNSAFE,RED
SYN_0166,14.77084932880514,75.48392542126615,0,0.0,1.1545789326617308e-05,0.0,UNSAFE,RED
SYN_0166,14.77084932880514,75.48392542126615,10,0.0,6.470986584657234e-06,0.0,UNSAFE,RED
SYN_0166,14.77084932880514,75.48392542126615,25,0.0,6.341362876536299e-07,0.0,UNSAFE,RED
SYN_0166,14.77084932880514,75.48392542126615,50,0.0,5.322778640241285e-07,0.0,UNSAFE,RED
SYN_0166,14.77084932880514,75.48392542126615,75,0.0,9.718007316237968e-08,0.0,UNSAFE,RED
SYN_0166,14.77084932880514,75.48392542126615,100,0.0,1.4783402057073027e-06,0.0,UNSAFE,RED
SYN_0166,14.77084932880514,75.48392542126615,150,0.0,1.5823100345927635e-07,0.0,UNSAFE,RED
SYN_0166,14.77084932880514,75.48392542126615,200,0.0,4.834293453133839e-07,0.0,UNSAFE,RED
SYN_0167,7.566998532293896,78.00374332891306,0,0.0,3.254643973368069e-06,0.0,UNSAFE,RED
SYN_0167,7.566998532293896,78.00374332891306,10,0.0,4.660646747599691e-06,0.0,UNSAFE,RED
SYN_0167,7.566998532293896,78.00374332891306,25,0.0,2.3957784215645906e-06,0.0,UNSAFE,RED
SYN_0167,7.566998532293896,78.00374332891306,50,0.0,1.2243897558690641e-06,0.0,UNSAFE,RED
SYN_0167,7.566998532293896,78.00374332891306,75,0.0,5.469917185293983e-07,0.0,UNSAFE,RED
SYN_0167,7.566998532293896,78.00374332891306,100,0.0,1.7840409766047807e-07,0.0,UNSAFE,RED
SYN_0167,7.566998532293896,78.00374332891306,150,0.0,6.657478384351521e-08,0.0,UNSAFE,RED
SYN_0167,7.566998532293896,78.00374332891306,200,0.0,7.102108867600497e-07,0.0,UNSAFE,RED
SYN_0168,19.73652911503008,75.02080473969207,0,0.0,8.936140154468804e-06,0.0,UNSAFE,RED
SYN_0168,19.73652911503008,75.02080473969207,10,0.0,3.77326180524426e-07,0.0,UNSAFE,RED
SYN_0168,19.73652911503008,75.02080473969207,25,0.0,5.218558007438256e-06,0.0,UNSAFE,RED
SYN_0168,19.73652911503008,75.02080473969207,50,0.0,7.53072133663118e-07,0.0,UNSAFE,RED
SYN_0168,19.73652911503008,75.02080473969207,75,0.0,1.1375414477850579e-06,0.0,UNSAFE,RED
SYN_0168,19.73652911503008,75.02080473969207,100,0.0,2.425426919886999e-06,0.0,UNSAFE,RED
SYN_0168,19.73652911503008,75.02080473969207,150,0.0,4.242219318083437e-07,0.0,UNSAFE,RED
SYN_0168,19.73652911503008,75.02080473969207,200,0.0,7.013386373599848e-07,0.0,UNSAFE,RED
SYN_0169,5.532167321553683,79.70457036203192,0,0.0,2.3313921730241537e-06,0.0,UNSAFE,RED
SYN_0169,5.532167321553683,79.70457036203192,10,0.0,8.301100661667575e-07,0.0,UNSAFE,RED
SYN_0169,5.532167321553683,79.70457036203192,25,0.0,3.785120941109231e-07,0.0,UNSAFE,RED
SYN_0169,5.532167321553683,79.70457036203192,50,0.0,3.737336715759932e-07,0.0,UNSAFE,RED
SYN_0169,5.532167321553683,79.70457036203192,75,0.0,8.560307915751964e-08,0.0,UNSAFE,RED
SYN_0169,5.532167321553683,79.70457036203192,100,0.0,5.560170863754534e-07,0.0,UNSAFE,RED
SYN_0169,5.532167321553683,79.70457036203192,150,0.0,9.959754462946764e-08,0.0,UNSAFE,RED
SYN_0169,5.532167321553683,79.70457036203192,200,0.0,2.505972764823871e-07,0.0,UNSAFE,RED
SYN_0170,5.6602387180065445,84.07873505052817,0,0.0,2.3266971369094422e-06,0.0,UNSAFE,RED
SYN_0170,5.6602387180065445,84.07873505052817,10,0.0,4.069198392408564e-06,0.0,UNSAFE,RED
SYN_0170,5.6602387180065445,84.07873505052817,25,0.0,1.4774211480255659e-06,0.0,UNSAFE,RED
SYN_0170,5.6602387180065445,84.07873505052817,50,0.0,3.140787903736313e-07,0.0,UNSAFE,RED
SYN_0170,5.6602387180065445,84.07873505052817,75,0.0,9.917670088177526e-08,0.0,UNSAFE,RED
SYN_0170,5.6602387180065445,84.07873505052817,100,0.0,1.943586496223686e-08,0.0,UNSAFE,RED
SYN_0170,5.6602387180065445,84.07873505052817,150,0.0,1.2709143893290527e-09,0.0,UNSAFE,RED
SYN_0170,5.6602387180065445,84.07873505052817,200,0.0,3.654702290759758e-07,0.0,UNSAFE,RED
SYN_0171,10.046454885274905,83.30579880758548,0,0.0,2.0837644818339637e-06,0.0,UNSAFE,RED
SYN_0171,10.046454885274905,83.30579880758548,10,0.0,1.7392727781317676e-06,0.0,UNSAFE,RED
SYN_0171,10.046454885274905,83.30579880758548,25,0.0,8.157557926296483e-07,0.0,UNSAFE,RED
SYN_0171,10.046454885274905,83.30579880758548,50,0.0,3.0874838070062156e-07,0.0,UNSAFE,RED
SYN_0171,10.046454885274905,83.30579880758548,75,0.0,8.610472729834698e-07,0.0,UNSAFE,RED
SYN_0171,10.046454885274905,83.30579880758548,100,0.0,1.4876410016727027e-06,0.0,UNSAFE,RED
SYN_0171,10.046454885274905,83.30579880758548,150,0.0,2.1434085502915864e-07,0.0,UNSAFE,RED
SYN_0171,10.046454885274905,83.30579880758548,200,0.0,5.553656280874213e-07,0.0,UNSAFE,RED
SYN_0172,7.492301263782495,72.31798597235615,0,0.0,3.289419534648266e-05,0.0,UNSAFE,RED
SYN_0172,7.492301263782495,72.31798597235615,10,0.0,6.11937629317427e-06,0.0,UNSAFE,RED
SYN_0172,7.492301263782495,72.31798597235615,25,0.0,2.5607125893779776e-06,0.0,UNSAFE,RED
SYN_0172,7.492301263782495,72.31798597235615,50,0.0,1.5239806140868766e-08,0.0,UNSAFE,RED
SYN_0172,7.492301263782495,72.31798597235615,75,0.0,8.627572073568666e-08,0.0,UNSAFE,RED
SYN_0172,7.492301263782495,72.31798597235615,100,0.0,1.8165530644398952e-07,0.0,UNSAFE,RED
SYN_0172,7.492301263782495,72.31798597235615,150,0.0,2.9239383091596873e-07,0.0,UNSAFE,RED
SYN_0172,7.492301263782495,72.31798597235615,200,0.0,2.3043847906108556e-06,0.0,UNSAFE,RED
SYN_0173,10.35994533768756,83.2441647356305,0,0.0,3.059850461023296e-07,0.0,UNSAFE,RED
SYN_0173,10.35994533768756,83.2441647356305,10,0.0,3.94393956820393e-08,0.0,UNSAFE,RED
SYN_0173,10.35994533768756,83.2441647356305,25,0.0,3.381160211933755e-07,0.0,UNSAFE,RED
SYN_0173,10.35994533768756,83.2441647356305,50,0.0,1.5280374594593996e-08,0.0,UNSAFE,RED
SYN_0173,10.35994533768756,83.2441647356305,75,0.0,1.271144926647446e-06,0.0,UNSAFE,RED
SYN_0173,10.35994533768756,83.2441647356305,100,0.0,7.907203657046621e-07,0.0,UNSAFE,RED
SYN_0173,10.35994533768756,83.2441647356305,150,0.0,7.710998521627444e-07,0.0,UNSAFE,RED
SYN_0173,10.35994533768756,83.2441647356305,200,0.0,5.867918815001895e-07,0.0,UNSAFE,RED
SYN_0174,12.988645580617089,73.37858447874838,0,0.0,2.4908999006815856e-05,0.0,UNSAFE,RED
SYN_0174,12.988645580617089,73.37858447874838,10,0.0,3.7549000649523933e-06,0.0,UNSAFE,RED
SYN_0174,12.988645580617089,73.37858447874838,25,0.0,1.3654269682297745e-06,0.0,UNSAFE,RED
SYN_0174,12.988645580617089,73.37858447874838,50,0.0,1.419554129058132e-07,0.0,UNSAFE,RED
SYN_0174,12.988645580617089,73.37858447874838,75,0.0,1.619075075061258e-06,0.0,UNSAFE,RED
SYN_0174,12.988645580617089,73.37858447874838,100,0.0,7.960582807834706e-08,0.0,UNSAFE,RED
SYN_0174,12.988645580617089,73.37858447874838,150,0.0,9.734984039750334e-09,0.0,UNSAFE,RED
SYN_0174,12.988645580617089,73.37858447874838,200,0.0,1.6151636633894783e-06,0.0,UNSAFE,RED
SYN_0175,13.218851047002198,77.08608839642957,0,0.0,8.500964502077047e-06,0.0,UNSAFE,RED
SYN_0175,13.218851047002198,77.08608839642957,10,0.0,1.1373406293165023e-06,0.0,UNSAFE,RED
SYN_0175,13.218851047002198,77.08608839642957,25,0.0,1.8548515808418577e-07,0.0,UNSAFE,RED
SYN_0175,13.218851047002198,77.08608839642957,50,0.0,1.801444627899381e-07,0.0,UNSAFE,RED
SYN_0175,13.218851047002198,77.08608839642957,75,0.0,1.2911852923475952e-06,0.0,UNSAFE,RED
SYN_0175,13.218851047002198,77.08608839642957,100,0.0,2.6792417803341555e-07,0.0,UNSAFE,RED
SYN_0175,13.218851047002198,77.08608839642957,150,0.0,3.567780654561177e-07,0.0,UNSAFE,RED
SYN_0175,13.218851047002198,77.08608839642957,200,0.0,7.387619937386512e-08,0.0,UNSAFE,RED
SYN_0176,8.557681174689993,72.03440222691304,0,0.0,4.840412989416866e-06,0.0,UNSAFE,RED
SYN_0176,8.557681174689993,72.03440222691304,10,0.0,5.098617110655485e-07,0.0,UNSAFE,RED
SYN_0176,8.557681174689993,72.03440222691304,25,0.0,1.1681533719188766e-06,0.0,UNSAFE,RED
SYN_0176,8.557681174689993,72.03440222691304,50,0.0,7.26446029823403e-07,0.0,UNSAFE,RED
SYN_0176,8.557681174689993,72.03440222691304,75,0.0,5.094823386872608e-07,0.0,UNSAFE,RED
SYN_0176,8.557681174689993,72.03440222691304,100,0.0,1.9094585178265557e-07,0.0,UNSAFE,RED
SYN_0176,8.557681174689993,72.03440222691304,150,0.0,1.8180198050644935e-07,0.0,UNSAFE,RED
SYN_0176,8.557681174689993,72.03440222691304,200,0.0,1.781033435614798e-06,0.0,UNSAFE,RED
SYN_0177,24.04528029066745,75.66110580189422,0,0.0,1.2994209041924278e-05,0.0,UNSAFE,RED
SYN_0177,24.04528029066745,75.66110580189422,10,0.0,1.4480496814041255e-05,0.0,UNSAFE,RED
SYN_0177,24.04528029066745,75.66110580189422,25,0.0,5.750631122108829e-06,0.0,UNSAFE,RED
SYN_0177,24.04528029066745,75.66110580189422,50,0.0,1.8525829558102035e-06,0.0,UNSAFE,RED
SYN_0177,24.04528029066745,75.66110580189422,75,0.0,7.329694256810965e-07,0.0,UNSAFE,RED
SYN_0177,24.04528029066745,75.66110580189422,100,0.0,1.4881783468658382e-07,0.0,UNSAFE,RED
SYN_0177,24.04528029066745,75.66110580189422,150,0.0,1.706183561362751e-07,0.0,UNSAFE,RED
SYN_0177,24.04528029066745,75.66110580189422,200,0.0,6.988958434926113e-07,0.0,UNSAFE,RED
SYN_0178,13.137968627812558,69.41398149570671,0,0.0,1.3534303759190718e-06,0.0,UNSAFE,RED
SYN_0178,13.137968627812558,69.41398149570671,10,0.0,3.9611588629560707e-07,0.0,UNSAFE,RED
SYN_0178,13.137968627812558,69.41398149570671,25,0.0,1.2861110595789083e-06,0.0,UNSAFE,RED
SYN_0178,13.137968627812558,69.41398149570671,50,0.0,1.334269226277459e-06,0.0,UNSAFE,RED
SYN_0178,13.137968627812558,69.41398149570671,75,0.0,5.742365303314985e-07,0.0,UNSAFE,RED
SYN_0178,13.137968627812558,69.41398149570671,100,0.0,1.3359604807564292e-06,0.0,UNSAFE,RED
SYN_0178,13.137968627812558,69.41398149570671,150,0.0,5.080920529277431e-08,0.0,UNSAFE,RED
SYN_0178,13.137968627812558,69.41398149570671,200,0.0,9.526751170230501e-08,0.0,UNSAFE,RED
SYN_0179,22.95064653044168,83.15522487300358,0,0.0,1.3792711526909817e-05,0.0,UNSAFE,RED
SYN_0179,22.95064653044168,83.15522487300358,10,0.0,7.174129281430395e-06,0.0,UNSAFE,RED
SYN_0179,22.95064653044168,83.15522487300358,25,0.0,2.173603853992149e-06,0.0,UNSAFE,RED
SYN_0179,22.95064653044168,83.15522487300358,50,0.0,4.5125469588022886e-07,0.0,UNSAFE,RED
SYN_0179,22.95064653044168,83.15522487300358,75,0.0,1.526544573343146e-07,0.0,UNSAFE,RED
SYN_0179,22.95064653044168,83.15522487300358,100,0.0,4.133010723757455e-07,0.0,UNSAFE,RED
SYN_0179,22.95064653044168,83.15522487300358,150,0.0,4.3371835748450816e-08,0.0,UNSAFE,RED
SYN_0179,22.95064653044168,83.15522487300358,200,0.0,8.042325233754016e-07,0.0,UNSAFE,RED
SYN_0180,7.511642054203214,80.31086739378405,0,0.0,2.111268510174761e-06,0.0,UNSAFE,RED
SYN_0180,7.511642054203214,80.31086739378405,10,0.0,1.082191181271674e-06,0.0,UNSAFE,RED
SYN_0180,7.511642054203214,80.31086739378405,25,0.0,9.343554544689843e-07,0.0,UNSAFE,RED
SYN_0180,7.511642054203214,80.31086739378405,50,0.0,1.7909841740395163e-06,0.0,UNSAFE,RED
SYN_0180,7.511642054203214,80.31086739378405,75,0.0,1.202390828718496e-06,0.0,UNSAFE,RED
SYN_0180,7.511642054203214,80.31086739378405,100,0.0,5.468470719213424e-07,0.0,UNSAFE,RED
SYN_0180,7.511642054203214,80.31086739378405,150,0.0,3.513646579385854e-08,0.0,UNSAFE,RED
SYN_0180,7.511642054203214,80.31086739378405,200,0.0,1.4608978563201688e-07,0.0,UNSAFE,RED
SYN_0181,22.49532125107987,67.57805170146997,0,0.0,1.2170483722555567e-05,0.0,UNSAFE,RED
SYN_0181,22.49532125107987,67.57805170146997,10,0.0,3.586102501393001e-06,0.0,UNSAFE,RED
SYN_0181,22.49532125107987,67.57805170146997,25,0.0,1.5062806127933908e-06,0.0,UNSAFE,RED
SYN_0181,22.49532125107987,67.57805170146997,50,0.0,2.693999248389353e-07,0.0,UNSAFE,RED
SYN_0181,22.49532125107987,67.57805170146997,75,0.0,3.290516647735373e-06,0.0,UNSAFE,RED
SYN_0181,22.49532125107987,67.57805170146997,100,0.0,1.1464329032106511e-06,0.0,UNSAFE,RED
SYN_0181,22.49532125107987,67.57805170146997,150,0.0,3.705840364745741e-08,0.0,UNSAFE,RED
SYN_0181,22.49532125107987,67.57805170146997,200,1.4840304102269525e-05,6.900098624648101e-07,21.504263175236474,SAFE,GREEN
SYN_0182,11.819331269249693,81.10932566081173,0,0.0,1.8698284904859064e-08,0.0,UNSAFE,RED
SYN_0182,11.819331269249693,81.10932566081173,10,0.0,1.5738621562570429e-07,0.0,UNSAFE,RED
SYN_0182,11.819331269249693,81.10932566081173,25,0.0,5.495608317603412e-07,0.0,UNSAFE,RED
SYN_0182,11.819331269249693,81.10932566081173,50,0.0,4.008843912274608e-07,0.0,UNSAFE,RED
SYN_0182,11.819331269249693,81.10932566081173,75,0.0,4.011180839596861e-07,0.0,UNSAFE,RED
SYN_0182,11.819331269249693,81.10932566081173,100,0.0,1.5829731921870027e-06,0.0,UNSAFE,RED
SYN_0182,11.819331269249693,81.10932566081173,150,0.0,1.3008243465340193e-07,0.0,UNSAFE,RED
SYN_0182,11.819331269249693,81.10932566081173,200,0.0,4.0908186740481664e-07,0.0,UNSAFE,RED
SYN_0183,14.155292254082685,80.19040297433888,0,0.0,3.219995133065523e-05,0.0,UNSAFE,RED
SYN_0183,14.155292254082685,80.19040297433888,10,0.0,8.469539856806468e-06,0.0,UNSAFE,RED
SYN_0183,14.155292254082685,80.19040297433888,25,0.0,1.6930271676108201e-06,0.0,UNSAFE,RED
SYN_0183,14.155292254082685,80.19040297433888,50,0.0,2.2746542043775173e-07,0.0,UNSAFE,RED
SYN_0183,14.155292254082685,80.19040297433888,75,0.0,1.8048942141522292e-07,0.0,UNSAFE,RED
SYN_0183,14.155292254082685,80.19040297433888,100,0.0,4.6719663343784924e-08,0.0,UNSAFE,RED
SYN_0183,14.155292254082685,80.19040297433888,150,0.0,1.0875643998391292e-07,0.0,UNSAFE,RED
SYN_0183,14.155292254082685,80.19040297433888,200,0.0,1.9208837642342106e-06,0.0,UNSAFE,RED
SYN_0184,5.760983566201818,79.57274044633797,0,0.0,1.9512352776543707e-05,0.0,UNSAFE,RED
SYN_0184,5.760983566201818,79.57274044633797,10,0.0,4.177815206289579e-06,0.0,UNSAFE,RED
SYN_0184,5.760983566201818,79.57274044633797,25,0.0,8.040527602351394e-07,0.0,UNSAFE,RED
SYN_0184,5.760983566201818,79.57274044633797,50,0.0,8.374464696029368e-07,0.0,UNSAFE,RED
SYN_0184,5.760983566201818,79.57274044633797,75,0.0,7.429032621783011e-07,0.0,UNSAFE,RED
SYN_0184,5.760983566201818,79.57274044633797,100,0.0,1.1825685736825886e-06,0.0,UNSAFE,RED
SYN_0184,5.760983566201818,79.57274044633797,150,0.0,7.0876920682049886e-09,0.0,UNSAFE,RED
SYN_0184,5.760983566201818,79.57274044633797,200,0.0,1.275597935087329e-07,0.0,UNSAFE,RED
SYN_0185,6.006458658693279,66.25814952036048,0,0.0,1.3621961615492311e-05,0.0,UNSAFE,RED
SYN_0185,6.006458658693279,66.25814952036048,10,0.0,3.900899147330587e-06,0.0,UNSAFE,RED
SYN_0185,6.006458658693279,66.25814952036048,25,0.0,3.704449103377331e-06,0.0,UNSAFE,RED
SYN_0185,6.006458658693279,66.25814952036048,50,0.0,8.099145301027756e-07,0.0,UNSAFE,RED
SYN_0185,6.006458658693279,66.25814952036048,75,0.0,4.1425925409331566e-07,0.0,UNSAFE,RED
SYN_0185,6.006458658693279,66.25814952036048,100,0.0,9.597624088351562e-07,0.0,UNSAFE,RED
SYN_0185,6.006458658693279,66.25814952036048,150,0.0,2.894667216377189e-09,0.0,UNSAFE,RED
SYN_0185,6.006458658693279,66.25814952036048,200,0.0,6.922692633811592e-07,0.0,UNSAFE,RED
SYN_0186,9.821286917134731,65.31391811192559,0,0.0,1.7295498720216433e-05,0.0,UNSAFE,RED
SYN_0186,9.821286917134731,65.31391811192559,10,0.0,6.340639057108389e-06,0.0,UNSAFE,RED
SYN_0186,9.821286917134731,65.31391811192559,25,0.0,6.288247036408979e-07,0.0,UNSAFE,RED
SYN_0186,9.821286917134731,65.31391811192559,50,0.0,1.4692634207921735e-06,0.0,UNSAFE,RED
SYN_0186,9.821286917134731,65.31391811192559,75,0.0,1.9217341586142616e-07,0.0,UNSAFE,RED
SYN_0186,9.821286917134731,65.31391811192559,100,0.0,1.980433898806628e-06,0.0,UNSAFE,RED
SYN_0186,9.821286917134731,65.31391811192559,150,0.0,1.2726681044251036e-07,0.0,UNSAFE,RED
SYN_0186,9.821286917134731,65.31391811192559,200,0.0,1.1016103886714418e-07,0.0,UNSAFE,RED
SYN_0187,12.014195759841686,80.45680166853006,0,0.0,1.8347468044570914e-05,0.0,UNSAFE,RED
SYN_0187,12.014195759841686,80.45680166853006,10,0.0,5.716693565550641e-06,0.0,UNSAFE,RED
SYN_0187,12.014195759841686,80.45680166853006,25,0.0,4.5700053843879776e-07,0.0,UNSAFE,RED
SYN_0187,12.014195759841686,80.45680166853006,50,0.0,6.253310240112932e-07,0.0,UNSAFE,RED
SYN_0187,12.014195759841686,80.45680166853006,75,0.0,4.609817057261476e-07,0.0,UNSAFE,RED
SYN_0187,12.014195759841686,80.45680166853006,100,0.0,1.6317093824055123e-06,0.0,UNSAFE,RED
SYN_0187,12.014195759841686,80.45680166853006,150,0.0,1.4692656804264048e-07,0.0,UNSAFE,RED
SYN_0187,12.014195759841686,80.45680166853006,200,0.0,4.6302540241992747e-07,0.0,UNSAFE,RED
SYN_0188,9.421431056279836,79.58421897001706,0,0.0,3.1386254705542354e-06,0.0,UNSAFE,RED
SYN_0188,9.421431056279836,79.58421897001706,10,0.0,7.544474459717827e-07,0.0,UNSAFE,RED
SYN_0188,9.421431056279836,79.58421897001706,25,0.0,1.5958102103078315e-06,0.0,UNSAFE,RED
SYN_0188,9.421431056279836,79.58421897001706,50,0.0,1.995800020730722e-07,0.0,UNSAFE,RED
SYN_0188,9.421431056279836,79.58421897001706,75,0.0,1.892353705739775e-08,0.0,UNSAFE,RED
SYN_0188,9.421431056279836,79.58421897001706,100,0.0,7.376366079077458e-08,0.0,UNSAFE,RED
SYN_0188,9.421431056279836,79.58421897001706,150,0.0,1.882230546109305e-07,0.0,UNSAFE,RED
SYN_0188,9.421431056279836,79.58421897001706,200,0.0,5.4060234873190977e-08,0.0,UNSAFE,RED
SYN_0189,10.11332446663629,72.29132855039728,0,0.0,3.150705348950439e-05,0.0,UNSAFE,RED
SYN_0189,10.11332446663629,72.29132855039728,10,0.0,9.797876712223528e-06,0.0,UNSAFE,RED
SYN_0189,10.11332446663629,72.29132855039728,25,0.0,4.643128876361029e-07,0.0,UNSAFE,RED
SYN_0189,10.11332446663629,72.29132855039728,50,0.0,5.911945658488667e-07,0.0,UNSAFE,RED
SYN_0189,10.11332446663629,72.29132855039728,75,0.0,1.2178741538794184e-06,0.0,UNSAFE,RED
SYN_0189,10.11332446663629,72.29132855039728,100,0.0,1.8914197535247998e-07,0.0,UNSAFE,RED
SYN_0189,10.11332446663629,72.29132855039728,150,0.0,1.6566801568024763e-07,0.0,UNSAFE,RED
SYN_0189,10.11332446663629,72.29132855039728,200,0.0,5.723440969498716e-07,0.0,UNSAFE,RED
SYN_0190,22.772842276730344,74.67699940066447,0,0.0,1.44584355103419e-05,0.0,UNSAFE,RED
SYN_0190,22.772842276730344,74.67699940066447,10,0.0,2.8002089196524137e-06,0.0,UNSAFE,RED
SYN_0190,22.772842276730344,74.67699940066447,25,0.0,1.4817188993053655e-06,0.0,UNSAFE,RED
SYN_0190,22.772842276730344,74.67699940066447,50,0.0,1.0674907711069327e-07,0.0,UNSAFE,RED
SYN_0190,22.772842276730344,74.67699940066447,75,0.0,6.696104678504223e-07,0.0,UNSAFE,RED
SYN_0190,22.772842276730344,74.67699940066447,100,0.0,6.255616747721154e-07,0.0,UNSAFE,RED
SYN_0190,22.772842276730344,74.67699940066447,150,0.0,3.954740694373265e-08,0.0,UNSAFE,RED
SYN_0190,22.772842276730344,74.67699940066447,200,0.0,1.2614409217311135e-06,0.0,UNSAFE,RED
SYN_0191,17.904752891066632,78.01943490437088,0,0.0,1.6406034199029237e-05,0.0,UNSAFE,RED
SYN_0191,17.904752891066632,78.01943490437088,10,0.0,3.4584747055850427e-06,0.0,UNSAFE,RED
SYN_0191,17.904752891066632,78.01943490437088,25,0.0,1.0682415998598371e-06,0.0,UNSAFE,RED
SYN_0191,17.904752891066632,78.01943490437088,50,0.0,1.1784408572933524e-06,0.0,UNSAFE,RED
SYN_0191,17.904752891066632,78.01943490437088,75,0.0,2.9611374598686085e-06,0.0,UNSAFE,RED
SYN_0191,17.904752891066632,78.01943490437088,100,0.0,1.1017986950310357e-06,0.0,UNSAFE,RED
SYN_0191,17.904752891066632,78.01943490437088,150,0.0,2.519775119903121e-07,0.0,UNSAFE,RED
SYN_0191,17.904752891066632,78.01943490437088,200,0.0,1.5582853171622012e-07,0.0,UNSAFE,RED
SYN_0192,23.710460455177145,83.24415142498364,0,0.0,1.1319612220803768e-05,0.0,UNSAFE,RED
SYN_0192,23.710460455177145,83.24415142498364,10,0.0,7.010108757838042e-07,0.0,UNSAFE,RED
SYN_0192,23.710460455177145,83.24415142498364,25,0.0,1.5332019755664745e-06,0.0,UNSAFE,RED
SYN_0192,23.710460455177145,83.24415142498364,50,0.0,1.6412101175000718e-06,0.0,UNSAFE,RED
SYN_0192,23.710460455177145,83.24415142498364,75,0.0,1.5052005226345376e-06,0.0,UNSAFE,RED
SYN_0192,23.710460455177145,83.24415142498364,100,0.0,5.466173256564939e-08,0.0,UNSAFE,RED
SYN_0192,23.710460455177145,83.24415142498364,150,0.0,1.7060143493960935e-07,0.0,UNSAFE,RED
SYN_0192,23.710460455177145,83.24415142498364,200,0.0,4.6192511963557846e-07,0.0,UNSAFE,RED
SYN_0193,16.661353688442873,84.2043614476565,0,0.0,1.5495066267492918e-07,0.0,UNSAFE,RED
SYN_0193,16.661353688442873,84.2043614476565,10,0.0,2.967868785862232e-07,0.0,UNSAFE,RED
SYN_0193,16.661353688442873,84.2043614476565,25,0.0,4.961966043915869e-07,0.0,UNSAFE,RED
SYN_0193,16.661353688442873,84.2043614476565,50,0.0,1.332461879288908e-06,0.0,UNSAFE,RED
SYN_0193,16.661353688442873,84.2043614476565,75,0.0,5.990321967922954e-07,0.0,UNSAFE,RED
SYN_0193,16.661353688442873,84.2043614476565,100,0.0,3.971644403661224e-06,0.0,UNSAFE,RED
SYN_0193,16.661353688442873,84.2043614476565,150,0.0,1.6742162887418793e-07,0.0,UNSAFE,RED
SYN_0193,16.661353688442873,84.2043614476565,200,0.0,3.858374449775576e-07,0.0,UNSAFE,RED
SYN_0194,8.617490488506727,79.69523622710689,0,0.0,6.972887189820658e-06,0.0,UNSAFE,RED
SYN_0194,8.617490488506727,79.69523622710689,10,0.0,2.581994023006699e-06,0.0,UNSAFE,RED
SYN_0194,8.617490488506727,79.69523622710689,25,0.0,6.986010573665183e-07,0.0,UNSAFE,RED
SYN_0194,8.617490488506727,79.69523622710689,50,0.0,4.5236343821273596e-07,0.0,UNSAFE,RED
SYN_0194,8.617490488506727,79.69523622710689,75,0.0,9.794264245278741e-09,0.0,UNSAFE,RED
SYN_0194,8.617490488506727,79.69523622710689,100,0.0,4.89032712502781e-07,0.0,UNSAFE,RED
SYN_0194,8.617490488506727,79.69523622710689,150,0.0,1.591635623767614e-07,0.0,UNSAFE,RED
SYN_0194,8.617490488506727,79.69523622710689,200,0.0,6.370215529727074e-07,0.0,UNSAFE,RED
SYN_0195,23.680659822612785,80.3270256111478,0,0.0,1.6590941115339834e-06,0.0,UNSAFE,RED
SYN_0195,23.680659822612785,80.3270256111478,10,0.0,1.783930400845197e-07,0.0,UNSAFE,RED
SYN_0195,23.680659822612785,80.3270256111478,25,0.0,2.420414990843935e-06,0.0,UNSAFE,RED
SYN_0195,23.680659822612785,80.3270256111478,50,0.0,3.229801104999317e-07,0.0,UNSAFE,RED
SYN_0195,23.680659822612785,80.3270256111478,75,0.0,6.299000019230921e-07,0.0,UNSAFE,RED
SYN_0195,23.680659822612785,80.3270256111478,100,0.0,7.926553081405379e-07,0.0,UNSAFE,RED
SYN_0195,23.680659822612785,80.3270256111478,150,0.0,1.6218102065894623e-08,0.0,UNSAFE,RED
SYN_0195,23.680659822612785,80.3270256111478,200,0.0,9.069768306232724e-08,0.0,UNSAFE,RED
SYN_0196,5.1993846946903695,66.69532308852666,0,0.0,2.5559847668848324e-06,0.0,UNSAFE,RED
SYN_0196,5.1993846946903695,66.69532308852666,10,0.0,3.0240554590557563e-07,0.0,UNSAFE,RED
SYN_0196,5.1993846946903695,66.69532308852666,25,0.0,4.43156129906443e-07,0.0,UNSAFE,RED
SYN_0196,5.1993846946903695,66.69532308852666,50,0.0,6.57122174169988e-07,0.0,UNSAFE,RED
SYN_0196,5.1993846946903695,66.69532308852666,75,0.0,2.891145393776653e-08,0.0,UNSAFE,RED
SYN_0196,5.1993846946903695,66.69532308852666,100,0.0,6.054912637277499e-07,0.0,UNSAFE,RED
SYN_0196,5.1993846946903695,66.69532308852666,150,0.0,2.6687794698077075e-07,0.0,UNSAFE,RED
SYN_0196,5.1993846946903695,66.69532308852666,200,0.0,1.3613603300367182e-07,0.0,UNSAFE,RED
SYN_0197,24.346562227069395,70.37197865829195,0,0.0,3.519710870021273e-05,0.0,UNSAFE,RED
SYN_0197,24.346562227069395,70.37197865829195,10,0.0,9.180103961605756e-06,0.0,UNSAFE,RED
SYN_0197,24.346562227069395,70.37197865829195,25,0.0,1.8849532289927428e-06,0.0,UNSAFE,RED
SYN_0197,24.346562227069395,70.37197865829195,50,0.0,3.856625284254153e-07,0.0,UNSAFE,RED
SYN_0197,24.346562227069395,70.37197865829195,75,0.0,1.9459103502992264e-08,0.0,UNSAFE,RED
SYN_0197,24.346562227069395,70.37197865829195,100,0.0,5.373207552261048e-07,0.0,UNSAFE,RED
SYN_0197,24.346562227069395,70.37197865829195,150,0.0,4.553985206787e-08,0.0,UNSAFE,RED
SYN_0197,24.346562227069395,70.37197865829195,200,0.0,8.192277923845057e-07,0.0,UNSAFE,RED
SYN_0198,17.736429285687056,84.49539686840826,0,0.0,4.612304873452214e-05,0.0,UNSAFE,RED
SYN_0198,17.736429285687056,84.49539686840826,10,0.0,1.609553287083972e-05,0.0,UNSAFE,RED
SYN_0198,17.736429285687056,84.49539686840826,25,0.0,2.984154240116647e-07,0.0,UNSAFE,RED
SYN_0198,17.736429285687056,84.49539686840826,50,0.0,9.64606691443971e-07,0.0,UNSAFE,RED
SYN_0198,17.736429285687056,84.49539686840826,75,0.0,1.4838753023424386e-06,0.0,UNSAFE,RED
SYN_0198,17.736429285687056,84.49539686840826,100,0.0,1.969516819712551e-06,0.0,UNSAFE,RED
SYN_0198,17.736429285687056,84.49539686840826,150,0.0,1.6238254855424837e-07,0.0,UNSAFE,RED
SYN_0198,17.736429285687056,84.49539686840826,200,0.0,1.3432730590280475e-07,0.0,UNSAFE,RED
SYN_0199,9.245550305710289,75.4026969556937,0,0.0,2.450755515930652e-06,0.0,UNSAFE,RED
SYN_0199,9.245550305710289,75.4026969556937,10,0.0,7.176520462548006e-07,0.0,UNSAFE,RED
SYN_0199,9.245550305710289,75.4026969556937,25,0.0,1.0890210908596302e-06,0.0,UNSAFE,RED
SYN_0199,9.245550305710289,75.4026969556937,50,0.0,4.371354682913457e-07,0.0,UNSAFE,RED
SYN_0199,9.245550305710289,75.4026969556937,75,0.0,5.950927436941738e-07,0.0,UNSAFE,RED
SYN_0199,9.245550305710289,75.4026969556937,100,0.0,3.0886713876134247e-07,0.0,UNSAFE,RED
SYN_0199,9.245550305710289,75.4026969556937,150,0.0,7.756854965937471e-09,0.0,UNSAFE,RED
SYN_0199,9.245550305710289,75.4026969556937,200,0.0,1.742335803747193e-06,0.0,UNSAFE,RED
SYN_0200,18.315304805307346,75.49344613371244,0,0.0,1.3822528568636682e-05,0.0,UNSAFE,RED
SYN_0200,18.315304805307346,75.49344613371244,10,0.0,2.917835914101271e-06,0.0,UNSAFE,RED
SYN_0200,18.315304805307346,75.49344613371244,25,0.0,7.650927166958229e-07,0.0,UNSAFE,RED
SYN_0200,18.315304805307346,75.49344613371244,50,0.0,4.990262823690715e-07,0.0,UNSAFE,RED
SYN_0200,18.315304805307346,75.49344613371244,75,0.0,6.353086722251661e-07,0.0,UNSAFE,RED
SYN_0200,18.315304805307346,75.49344613371244,100,0.0,1.1486597657582253e-06,0.0,UNSAFE,RED
SYN_0200,18.315304805307346,75.49344613371244,150,0.0,1.6680190821192235e-07,0.0,UNSAFE,RED
SYN_0200,18.315304805307346,75.49344613371244,200,0.0,1.8545798953374463e-06,0.0,UNSAFE,RED
SYN_0201,12.180015361585276,81.16715644996148,0,0.0,3.6306708220014146e-06,0.0,UNSAFE,RED
SYN_0201,12.180015361585276,81.16715644996148,10,0.0,1.137153909994478e-06,0.0,UNSAFE,RED
SYN_0201,12.180015361585276,81.16715644996148,25,0.0,3.66244741198435e-07,0.0,UNSAFE,RED
SYN_0201,12.180015361585276,81.16715644996148,50,0.0,1.1436695113934769e-06,0.0,UNSAFE,RED
SYN_0201,12.180015361585276,81.16715644996148,75,0.0,2.0799354013294985e-06,0.0,UNSAFE,RED
SYN_0201,12.180015361585276,81.16715644996148,100,0.0,3.3018719623293436e-06,0.0,UNSAFE,RED
SYN_0201,12.180015361585276,81.16715644996148,150,0.0,1.2687408782370968e-07,0.0,UNSAFE,RED
SYN_0201,12.180015361585276,81.16715644996148,200,0.0,5.380023500981263e-07,0.0,UNSAFE,RED
SYN_0202,19.39158449498717,72.17737381987718,0,0.0,2.505400324011538e-06,0.0,UNSAFE,RED
SYN_0202,19.39158449498717,72.17737381987718,10,0.0,3.997944827404426e-06,0.0,UNSAFE,RED
SYN_0202,19.39158449498717,72.17737381987718,25,0.0,2.852777123078641e-06,0.0,UNSAFE,RED
SYN_0202,19.39158449498717,72.17737381987718,50,0.0,1.614500054475598e-06,0.0,UNSAFE,RED
SYN_0202,19.39158449498717,72.17737381987718,75,0.0,9.840908810525384e-08,0.0,UNSAFE,RED
SYN_0202,19.39158449498717,72.17737381987718,100,0.0,3.3728682238361565e-07,0.0,UNSAFE,RED
SYN_0202,19.39158449498717,72.17737381987718,150,0.0,6.524373758480929e-08,0.0,UNSAFE,RED
SYN_0202,19.39158449498717,72.17737381987718,200,0.0,7.324908860520078e-07,0.0,UNSAFE,RED
SYN_0203,5.082124057948969,65.22026716671215,0,0.0,1.1527333420850902e-05,0.0,UNSAFE,RED
SYN_0203,5.082124057948969,65.22026716671215,10,0.0,8.520356517217035e-07,0.0,UNSAFE,RED
SYN_0203,5.082124057948969,65.22026716671215,25,0.0,1.7133179559359733e-06,0.0,UNSAFE,RED
SYN_0203,5.082124057948969,65.22026716671215,50,0.0,3.293822920568735e-06,0.0,UNSAFE,RED
SYN_0203,5.082124057948969,65.22026716671215,75,0.0,3.877981138803638e-07,0.0,UNSAFE,RED
SYN_0203,5.082124057948969,65.22026716671215,100,0.0,3.4867487284960413e-06,0.0,UNSAFE,RED
SYN_0203,5.082124057948969,65.22026716671215,150,0.0,1.7511055346432025e-07,0.0,UNSAFE,RED
SYN_0203,5.082124057948969,65.22026716671215,200,0.0,7.087768217839495e-07,0.0,UNSAFE,RED
SYN_0204,17.03652697266096,66.29001517373123,0,0.0,2.3949712290637546e-06,0.0,UNSAFE,RED
SYN_0204,17.03652697266096,66.29001517373123,10,0.0,4.489140923669742e-06,0.0,UNSAFE,RED
SYN_0204,17.03652697266096,66.29001517373123,25,0.0,1.7252307507086997e-06,0.0,UNSAFE,RED
SYN_0204,17.03652697266096,66.29001517373123,50,0.0,1.3622905981319462e-06,0.0,UNSAFE,RED
SYN_0204,17.03652697266096,66.29001517373123,75,0.0,8.95370743767769e-07,0.0,UNSAFE,RED
SYN_0204,17.03652697266096,66.29001517373123,100,0.0,1.515250072824832e-06,0.0,UNSAFE,RED
SYN_0204,17.03652697266096,66.29001517373123,150,0.0,6.277972936710489e-07,0.0,UNSAFE,RED
SYN_0204,17.03652697266096,66.29001517373123,200,0.0,1.028765586382915e-06,0.0,UNSAFE,RED
SYN_0205,7.13102494432226,78.76715249827315,0,0.0,1.7522136790091188e-06,0.0,UNSAFE,RED
SYN_0205,7.13102494432226,78.76715249827315,10,0.0,3.544856716529563e-06,0.0,UNSAFE,RED
SYN_0205,7.13102494432226,78.76715249827315,25,0.0,2.6222084438252853e-06,0.0,UNSAFE,RED
SYN_0205,7.13102494432226,78.76715249827315,50,0.0,8.241984275295277e-07,0.0,UNSAFE,RED
SYN_0205,7.13102494432226,78.76715249827315,75,0.0,2.6139816939005584e-07,0.0,UNSAFE,RED
SYN_0205,7.13102494432226,78.76715249827315,100,0.0,2.68929465176469e-06,0.0,UNSAFE,RED
SYN_0205,7.13102494432226,78.76715249827315,150,0.0,2.2671796538981614e-07,0.0,UNSAFE,RED
SYN_0205,7.13102494432226,78.76715249827315,200,0.0,1.9952017619143495e-06,0.0,UNSAFE,RED
SYN_0206,9.270749557679029,78.52186068329154,0,0.0,2.9283513635581517e-05,0.0,UNSAFE,RED
SYN_0206,9.270749557679029,78.52186068329154,10,0.0,1.1240343866922447e-05,0.0,UNSAFE,RED
SYN_0206,9.270749557679029,78.52186068329154,25,0.0,1.0474301008861445e-07,0.0,UNSAFE,RED
SYN_0206,9.270749557679029,78.52186068329154,50,0.0,1.5529862052636213e-06,0.0,UNSAFE,RED
SYN_0206,9.270749557679029,78.52186068329154,75,0.0,5.065824754049828e-08,0.0,UNSAFE,RED
SYN_0206,9.270749557679029,78.52186068329154,100,0.0,3.467562926616496e-06,0.0,UNSAFE,RED
SYN_0206,9.270749557679029,78.52186068329154,150,0.0,1.6102460919976524e-07,0.0,UNSAFE,RED
SYN_0206,9.270749557679029,78.52186068329154,200,0.0,1.920901574551538e-09,0.0,UNSAFE,RED
SYN_0207,22.11850379182596,73.69356296632941,0,0.0,4.4635686113240165e-05,0.0,UNSAFE,RED
SYN_0207,22.11850379182596,73.69356296632941,10,0.0,8.10505759761584e-06,0.0,UNSAFE,RED
SYN_0207,22.11850379182596,73.69356296632941,25,0.0,3.469190369242919e-06,0.0,UNSAFE,RED
SYN_0207,22.11850379182596,73.69356296632941,50,0.0,7.048631975264962e-07,0.0,UNSAFE,RED
SYN_0207,22.11850379182596,73.69356296632941,75,0.0,3.656471937292093e-07,0.0,UNSAFE,RED
SYN_0207,22.11850379182596,73.69356296632941,100,0.0,9.004352726487312e-08,0.0,UNSAFE,RED
SYN_0207,22.11850379182596,73.69356296632941,150,0.0,1.232730377949009e-07,0.0,UNSAFE,RED
SYN_0207,22.11850379182596,73.69356296632941,200,0.0,2.501963983447254e-07,0.0,UNSAFE,RED
SYN_0208,23.066720130454105,66.39381393460239,0,0.0,3.438841467164629e-05,0.0,UNSAFE,RED
SYN_0208,23.066720130454105,66.39381393460239,10,0.0,1.2628664074742577e-05,0.0,UNSAFE,RED
SYN_0208,23.066720130454105,66.39381393460239,25,0.0,7.069258028487334e-06,0.0,UNSAFE,RED
SYN_0208,23.066720130454105,66.39381393460239,50,0.0,3.305519366931084e-07,0.0,UNSAFE,RED
SYN_0208,23.066720130454105,66.39381393460239,75,0.0,7.610123736592099e-07,0.0,UNSAFE,RED
SYN_0208,23.066720130454105,66.39381393460239,100,0.0,9.395160042525532e-08,0.0,UNSAFE,RED
SYN_0208,23.066720130454105,66.39381393460239,150,0.0,3.2432448459313296e-07,0.0,UNSAFE,RED
SYN_0208,23.066720130454105,66.39381393460239,200,0.0,2.581535761855119e-06,0.0,UNSAFE,RED
SYN_0209,5.094248510444823,66.44778796528621,0,0.0,2.019313982230422e-06,0.0,UNSAFE,RED
SYN_0209,5.094248510444823,66.44778796528621,10,0.0,1.1342546980041054e-07,0.0,UNSAFE,RED
SYN_0209,5.094248510444823,66.44778796528621,25,0.0,1.031855475514751e-06,0.0,UNSAFE,RED
SYN_0209,5.094248510444823,66.44778796528621,50,0.0,6.273184679833575e-07,0.0,UNSAFE,RED
SYN_0209,5.094248510444823,66.44778796528621,75,0.0,1.4299719208309483e-07,0.0,UNSAFE,RED
SYN_0209,5.094248510444823,66.44778796528621,100,0.0,2.79313602387462e-07,0.0,UNSAFE,RED
SYN_0209,5.094248510444823,66.44778796528621,150,0.0,9.813515548276402e-08,0.0,UNSAFE,RED
SYN_0209,5.094248510444823,66.44778796528621,200,0.0,9.905563364069937e-07,0.0,UNSAFE,RED
SYN_0210,13.72093948237158,79.97344350501982,0,0.0,1.9825462887937145e-05,0.0,UNSAFE,RED
SYN_0210,13.72093948237158,79.97344350501982,10,0.0,3.4224970614774946e-06,0.0,UNSAFE,RED
SYN_0210,13.72093948237158,79.97344350501982,25,0.0,5.998649611359584e-06,0.0,UNSAFE,RED
SYN_0210,13.72093948237158,79.97344350501982,50,0.0,8.970174107570315e-07,0.0,UNSAFE,RED
SYN_0210,13.72093948237158,79.97344350501982,75,0.0,8.816305385383863e-10,0.0,UNSAFE,RED
SYN_0210,13.72093948237158,79.97344350501982,100,0.0,8.080476096870229e-08,0.0,UNSAFE,RED
SYN_0210,13.72093948237158,79.97344350501982,150,0.0,2.270447019185104e-07,0.0,UNSAFE,RED
SYN_0210,13.72093948237158,79.97344350501982,200,0.0,4.757949692998552e-07,0.0,UNSAFE,RED
SYN_0211,15.085269215860633,82.31290072745463,0,0.0,1.3775534489178584e-07,0.0,UNSAFE,RED
SYN_0211,15.085269215860633,82.31290072745463,10,0.0,1.871449626603514e-07,0.0,UNSAFE,RED
SYN_0211,15.085269215860633,82.31290072745463,25,0.0,9.84793239492993e-07,0.0,UNSAFE,RED
SYN_0211,15.085269215860633,82.31290072745463,50,0.0,5.0649244603297434e-08,0.0,UNSAFE,RED
SYN_0211,15.085269215860633,82.31290072745463,75,0.0,1.259635041490042e-06,0.0,UNSAFE,RED
SYN_0211,15.085269215860633,82.31290072745463,100,0.0,2.379933575673959e-08,0.0,UNSAFE,RED
SYN_0211,15.085269215860633,82.31290072745463,150,0.0,1.1024377389294465e-07,0.0,UNSAFE,RED
SYN_0211,15.085269215860633,82.31290072745463,200,0.0,7.472918981949894e-07,0.0,UNSAFE,RED
SYN_0212,21.5885774086796,71.0535842075751,0,0.0,6.765922757963235e-06,0.0,UNSAFE,RED
SYN_0212,21.5885774086796,71.0535842075751,10,0.0,1.964307443348e-06,0.0,UNSAFE,RED
SYN_0212,21.5885774086796,71.0535842075751,25,0.0,1.547381838615725e-06,0.0,UNSAFE,RED
SYN_0212,21.5885774086796,71.0535842075751,50,0.0,4.4905707371652804e-07,0.0,UNSAFE,RED
SYN_0212,21.5885774086796,71.0535842075751,75,0.0,2.2040848054528018e-07,0.0,UNSAFE,RED
SYN_0212,21.5885774086796,71.0535842075751,100,0.0,3.093468755893259e-06,0.0,UNSAFE,RED
SYN_0212,21.5885774086796,71.0535842075751,150,0.0,2.1172318315067152e-07,0.0,UNSAFE,RED
SYN_0212,21.5885774086796,71.0535842075751,200,0.0,5.860561573253037e-07,0.0,UNSAFE,RED
SYN_0213,19.76591020956615,71.71218488481803,0,0.0,7.07290532505721e-05,0.0,UNSAFE,RED
SYN_0213,19.76591020956615,71.71218488481803,10,0.0,1.7627439141678146e-05,0.0,UNSAFE,RED
SYN_0213,19.76591020956615,71.71218488481803,25,0.0,2.4355595848967974e-06,0.0,UNSAFE,RED
SYN_0213,19.76591020956615,71.71218488481803,50,0.0,7.777911179545738e-07,0.0,UNSAFE,RED
SYN_0213,19.76591020956615,71.71218488481803,75,0.0,1.823995265203976e-07,0.0,UNSAFE,RED
SYN_0213,19.76591020956615,71.71218488481803,100,0.0,1.3656541021472216e-06,0.0,UNSAFE,RED
SYN_0213,19.76591020956615,71.71218488481803,150,0.0,1.423601642506243e-07,0.0,UNSAFE,RED
SYN_0213,19.76591020956615,71.71218488481803,200,0.0,5.941835560111358e-07,0.0,UNSAFE,RED
SYN_0214,8.16904880361526,80.75353680671509,0,0.0,1.1469960741169869e-05,0.0,UNSAFE,RED
SYN_0214,8.16904880361526,80.75353680671509,10,0.0,2.949756824642578e-06,0.0,UNSAFE,RED
SYN_0214,8.16904880361526,80.75353680671509,25,0.0,9.239988961099078e-07,0.0,UNSAFE,RED
SYN_0214,8.16904880361526,80.75353680671509,50,0.0,8.061117944074236e-07,0.0,UNSAFE,RED
SYN_0214,8.16904880361526,80.75353680671509,75,0.0,3.2448742771191536e-07,0.0,UNSAFE,RED
SYN_0214,8.16904880361526,80.75353680671509,100,0.0,1.6913213088095613e-06,0.0,UNSAFE,RED
SYN_0214,8.16904880361526,80.75353680671509,150,0.0,2.8722539316081432e-08,0.0,UNSAFE,RED
SYN_0214,8.16904880361526,80.75353680671509,200,0.0,6.907277124827896e-07,0.0,UNSAFE,RED
SYN_0215,20.076274259567377,69.38118346119766,0,0.0,1.5225175204334082e-05,0.0,UNSAFE,RED
SYN_0215,20.076274259567377,69.38118346119766,10,0.0,5.233475779806119e-06,0.0,UNSAFE,RED
SYN_0215,20.076274259567377,69.38118346119766,25,0.0,8.43024421092055e-08,0.0,UNSAFE,RED
SYN_0215,20.076274259567377,69.38118346119766,50,0.0,5.191866505326894e-07,0.0,UNSAFE,RED
SYN_0215,20.076274259567377,69.38118346119766,75,0.0,1.0557100671447521e-06,0.0,UNSAFE,RED
SYN_0215,20.076274259567377,69.38118346119766,100,0.0,5.643756980172814e-07,0.0,UNSAFE,RED
SYN_0215,20.076274259567377,69.38118346119766,150,0.0,3.3719435692126203e-07,0.0,UNSAFE,RED
SYN_0215,20.076274259567377,69.38118346119766,200,0.0,9.009602133305717e-07,0.0,UNSAFE,RED
SYN_0216,7.018953632720812,84.23776477451416,0,0.0,4.110110702441786e-06,0.0,UNSAFE,RED
SYN_0216,7.018953632720812,84.23776477451416,10,0.0,3.0734343002774202e-06,0.0,UNSAFE,RED
SYN_0216,7.018953632720812,84.23776477451416,25,0.0,1.4302182735679487e-06,0.0,UNSAFE,RED
SYN_0216,7.018953632720812,84.23776477451416,50,0.0,3.9846984006661575e-07,0.0,UNSAFE,RED
SYN_0216,7.018953632720812,84.23776477451416,75,0.0,4.913060414858201e-07,0.0,UNSAFE,RED
SYN_0216,7.018953632720812,84.23776477451416,100,0.0,1.0380799179277868e-08,0.0,UNSAFE,RED
SYN_0216,7.018953632720812,84.23776477451416,150,0.0,7.377838242196204e-09,0.0,UNSAFE,RED
SYN_0216,7.018953632720812,84.23776477451416,200,0.0,4.756637689194782e-07,0.0,UNSAFE,RED
SYN_0217,20.20623302208848,73.40666618863685,0,0.0,6.173473466809766e-06,0.0,UNSAFE,RED
SYN_0217,20.20623302208848,73.40666618863685,10,0.0,2.9785204200224906e-07,0.0,UNSAFE,RED
SYN_0217,20.20623302208848,73.40666618863685,25,0.0,3.1752491617823946e-06,0.0,UNSAFE,RED
SYN_0217,20.20623302208848,73.40666618863685,50,0.0,2.892457102719463e-07,0.0,UNSAFE,RED
SYN_0217,20.20623302208848,73.40666618863685,75,0.0,1.5266676414248404e-07,0.0,UNSAFE,RED
SYN_0217,20.20623302208848,73.40666618863685,100,0.0,8.530733718660002e-07,0.0,UNSAFE,RED
SYN_0217,20.20623302208848,73.40666618863685,150,0.0,3.216297844927093e-08,0.0,UNSAFE,RED
SYN_0217,20.20623302208848,73.40666618863685,200,0.0,1.3830502892052247e-07,0.0,UNSAFE,RED
SYN_0218,8.25805308954788,81.248273152478,0,0.0,1.2178620438500575e-05,0.0,UNSAFE,RED
SYN_0218,8.25805308954788,81.248273152478,10,0.0,1.1136103269888548e-05,0.0,UNSAFE,RED
SYN_0218,8.25805308954788,81.248273152478,25,0.0,1.6768380295801299e-06,0.0,UNSAFE,RED
SYN_0218,8.25805308954788,81.248273152478,50,0.0,1.4987186558799058e-06,0.0,UNSAFE,RED
SYN_0218,8.25805308954788,81.248273152478,75,0.0,1.4007771386893434e-07,0.0,UNSAFE,RED
SYN_0218,8.25805308954788,81.248273152478,100,0.0,1.1883122219389986e-06,0.0,UNSAFE,RED
SYN_0218,8.25805308954788,81.248273152478,150,0.0,3.0028615277362824e-07,0.0,UNSAFE,RED
SYN_0218,8.25805308954788,81.248273152478,200,0.0,1.6713755104353467e-06,0.0,UNSAFE,RED
SYN_0219,23.553490829990384,83.99658410972731,0,0.0,4.304195129446212e-05,0.0,UNSAFE,RED
SYN_0219,23.553490829990384,83.99658410972731,10,0.0,9.073144528876764e-06,0.0,UNSAFE,RED
SYN_0219,23.553490829990384,83.99658410972731,25,0.0,2.0921936600512103e-06,0.0,UNSAFE,RED
SYN_0219,23.553490829990384,83.99658410972731,50,0.0,2.8414610421419866e-07,0.0,UNSAFE,RED
SYN_0219,23.553490829990384,83.99658410972731,75,0.0,1.8620600248152733e-07,0.0,UNSAFE,RED
SYN_0219,23.553490829990384,83.99658410972731,100,0.0,3.90062303342658e-07,0.0,UNSAFE,RED
SYN_0219,23.553490829990384,83.99658410972731,150,0.0,5.802376138705793e-08,0.0,UNSAFE,RED
SYN_0219,23.553490829990384,83.99658410972731,200,0.0,7.943336899291144e-07,0.0,UNSAFE,RED
SYN_0220,19.763015096833797,68.7827739265348,0,0.0,2.5832520144939858e-05,0.0,UNSAFE,RED
SYN_0220,19.763015096833797,68.7827739265348,10,0.0,7.080791230046925e-06,0.0,UNSAFE,RED
SYN_0220,19.763015096833797,68.7827739265348,25,0.0,1.3673901115937424e-06,0.0,UNSAFE,RED
SYN_0220,19.763015096833797,68.7827739265348,50,0.0,5.318174172290428e-07,0.0,UNSAFE,RED
SYN_0220,19.763015096833797,68.7827739265348,75,0.0,5.455385501883677e-07,0.0,UNSAFE,RED
SYN_0220,19.763015096833797,68.7827739265348,100,0.0,7.530316191912925e-08,0.0,UNSAFE,RED
SYN_0220,19.763015096833797,68.7827739265348,150,0.0,2.8041447312434217e-08,0.0,UNSAFE,RED
SYN_0220,19.763015096833797,68.7827739265348,200,0.0,7.915122333873765e-08,0.0,UNSAFE,RED
SYN_0221,8.082950486726684,82.11287328289893,0,0.0,2.6784008075546077e-05,0.0,UNSAFE,RED
SYN_0221,8.082950486726684,82.11287328289893,10,0.0,3.6399991901760568e-06,0.0,UNSAFE,RED
SYN_0221,8.082950486726684,82.11287328289893,25,0.0,3.7132528612160574e-06,0.0,UNSAFE,RED
SYN_0221,8.082950486726684,82.11287328289893,50,0.0,3.073790363606433e-07,0.0,UNSAFE,RED
SYN_0221,8.082950486726684,82.11287328289893,75,0.0,5.32315739281399e-07,0.0,UNSAFE,RED
SYN_0221,8.082950486726684,82.11287328289893,100,0.0,3.04920655672746e-07,0.0,UNSAFE,RED
SYN_0221,8.082950486726684,82.11287328289893,150,0.0,2.0387852092127044e-07,0.0,UNSAFE,RED
SYN_0221,8.082950486726684,82.11287328289893,200,0.0,6.356926081635981e-07,0.0,UNSAFE,RED
SYN_0222,16.199873429271157,79.7785659226191,0,0.0,2.730661855383644e-05,0.0,UNSAFE,RED
SYN_0222,16.199873429271157,79.7785659226191,10,0.0,1.2581619855482218e-05,0.0,UNSAFE,RED
SYN_0222,16.199873429271157,79.7785659226191,25,0.0,1.391570264826755e-06,0.0,UNSAFE,RED
SYN_0222,16.199873429271157,79.7785659226191,50,0.0,4.117780310086144e-07,0.0,UNSAFE,RED
SYN_0222,16.199873429271157,79.7785659226191,75,0.0,1.8119324374057617e-08,0.0,UNSAFE,RED
SYN_0222,16.199873429271157,79.7785659226191,100,0.0,1.1680071390373917e-06,0.0,UNSAFE,RED
SYN_0222,16.199873429271157,79.7785659226191,150,0.0,1.3971780400523862e-07,0.0,UNSAFE,RED
SYN_0222,16.199873429271157,79.7785659226191,200,0.0,1.954537397791661e-06,0.0,UNSAFE,RED
SYN_0223,16.08601411695905,75.5429676325053,0,0.0,4.177414510560313e-06,0.0,UNSAFE,RED
SYN_0223,16.08601411695905,75.5429676325053,10,0.0,4.997977834486569e-07,0.0,UNSAFE,RED
SYN_0223,16.08601411695905,75.5429676325053,25,0.0,7.245377303655241e-07,0.0,UNSAFE,RED
SYN_0223,16.08601411695905,75.5429676325053,50,0.0,9.97028714808381e-07,0.0,UNSAFE,RED
SYN_0223,16.08601411695905,75.5429676325053,75,0.0,3.1446283484736994e-07,0.0,UNSAFE,RED
SYN_0223,16.08601411695905,75.5429676325053,100,0.0,5.647725009896626e-07,0.0,UNSAFE,RED
SYN_0223,16.08601411695905,75.5429676325053,150,0.0,5.149750022958892e-08,0.0,UNSAFE,RED
SYN_0223,16.08601411695905,75.5429676325053,200,0.0,8.756688534051521e-08,0.0,UNSAFE,RED
SYN_0224,24.97809399526153,77.15525537486849,0,0.0,4.765845691146494e-05,0.0,UNSAFE,RED
SYN_0224,24.97809399526153,77.15525537486849,10,0.0,1.0295229640157388e-05,0.0,UNSAFE,RED
SYN_0224,24.97809399526153,77.15525537486849,25,0.0,1.5805730398350969e-06,0.0,UNSAFE,RED
SYN_0224,24.97809399526153,77.15525537486849,50,0.0,2.054705566770409e-06,0.0,UNSAFE,RED
SYN_0224,24.97809399526153,77.15525537486849,75,0.0,1.2744780961627752e-07,0.0,UNSAFE,RED
SYN_0224,24.97809399526153,77.15525537486849,100,0.0,2.6063259182037086e-06,0.0,UNSAFE,RED
SYN_0224,24.97809399526153,77.15525537486849,150,0.0,2.6059328755418517e-07,0.0,UNSAFE,RED
SYN_0224,24.97809399526153,77.15525537486849,200,0.0,4.780525543256226e-07,0.0,UNSAFE,RED
SYN_0225,8.40518304250872,70.43415037708186,0,0.0,3.960992594627958e-06,0.0,UNSAFE,RED
SYN_0225,8.40518304250872,70.43415037708186,10,0.0,2.4936647589034417e-06,0.0,UNSAFE,RED
SYN_0225,8.40518304250872,70.43415037708186,25,0.0,2.169358280389319e-06,0.0,UNSAFE,RED
SYN_0225,8.40518304250872,70.43415037708186,50,0.0,3.8754035867348984e-07,0.0,UNSAFE,RED
SYN_0225,8.40518304250872,70.43415037708186,75,0.0,5.579814168717569e-07,0.0,UNSAFE,RED
SYN_0225,8.40518304250872,70.43415037708186,100,0.0,7.548824832467715e-07,0.0,UNSAFE,RED
SYN_0225,8.40518304250872,70.43415037708186,150,0.0,2.1258418744507e-08,0.0,UNSAFE,RED
SYN_0225,8.40518304250872,70.43415037708186,200,0.0,1.4480312381647038e-07,0.0,UNSAFE,RED
SYN_0226,15.952322013074944,77.80966586284424,0,0.0,3.120895994062405e-07,0.0,UNSAFE,RED
SYN_0226,15.952322013074944,77.80966586284424,10,0.0,6.631156917309614e-07,0.0,UNSAFE,RED
SYN_0226,15.952322013074944,77.80966586284424,25,0.0,2.649200108361757e-06,0.0,UNSAFE,RED
SYN_0226,15.952322013074944,77.80966586284424,50,0.0,1.4354513780292818e-06,0.0,UNSAFE,RED
SYN_0226,15.952322013074944,77.80966586284424,75,0.0,1.2716839072909968e-07,0.0,UNSAFE,RED
SYN_0226,15.952322013074944,77.80966586284424,100,0.0,1.2175511287743867e-06,0.0,UNSAFE,RED
SYN_0226,15.952322013074944,77.80966586284424,150,0.0,4.4076219244238884e-08,0.0,UNSAFE,RED
SYN_0226,15.952322013074944,77.80966586284424,200,0.0,1.3277990526453218e-06,0.0,UNSAFE,RED
SYN_0227,19.71041411587162,78.27583247882887,0,0.0,1.9125851151520095e-05,0.0,UNSAFE,RED
SYN_0227,19.71041411587162,78.27583247882887,10,0.0,6.105113308079636e-07,0.0,UNSAFE,RED
SYN_0227,19.71041411587162,78.27583247882887,25,0.0,7.409478773077605e-06,0.0,UNSAFE,RED
SYN_0227,19.71041411587162,78.27583247882887,50,0.0,8.408581707168825e-07,0.0,UNSAFE,RED
SYN_0227,19.71041411587162,78.27583247882887,75,0.0,1.9428382723595291e-07,0.0,UNSAFE,RED
SYN_0227,19.71041411587162,78.27583247882887,100,0.0,1.6403416637169372e-07,0.0,UNSAFE,RED
SYN_0227,19.71041411587162,78.27583247882887,150,0.0,6.180568183089607e-10,0.0,UNSAFE,RED
SYN_0227,19.71041411587162,78.27583247882887,200,0.0,9.754677246793032e-08,0.0,UNSAFE,RED
SYN_0228,23.080699729091187,71.40362334856877,0,0.0,3.594914673801922e-06,0.0,UNSAFE,RED
SYN_0228,23.080699729091187,71.40362334856877,10,0.0,1.910343751478286e-07,0.0,UNSAFE,RED
SYN_0228,23.080699729091187,71.40362334856877,25,0.0,1.3967566857799109e-06,0.0,UNSAFE,RED
SYN_0228,23.080699729091187,71.40362334856877,50,0.0,9.663263835117263e-07,0.0,UNSAFE,RED
SYN_0228,23.080699729091187,71.40362334856877,75,0.0,2.4663861612786635e-07,0.0,UNSAFE,RED
SYN_0228,23.080699729091187,71.40362334856877,100,0.0,6.20844098632752e-07,0.0,UNSAFE,RED
SYN_0228,23.080699729091187,71.40362334856877,150,0.0,2.3471925785870808e-07,0.0,UNSAFE,RED
SYN_0228,23.080699729091187,71.40362334856877,200,0.0,1.2408168204536159e-06,0.0,UNSAFE,RED
SYN_0229,24.486989130480616,65.9252383468,0,0.0,1.2436556943148342e-05,0.0,UNSAFE,RED
SYN_0229,24.486989130480616,65.9252383468,10,0.0,7.213031973538283e-06,0.0,UNSAFE,RED
SYN_0229,24.486989130480616,65.9252383468,25,0.0,8.276652968191246e-07,0.0,UNSAFE,RED
SYN_0229,24.486989130480616,65.9252383468,50,0.0,1.0383498133341258e-07,0.0,UNSAFE,RED
SYN_0229,24.486989130480616,65.9252383468,75,0.0,2.3578463289139314e-09,0.0,UNSAFE,RED
SYN_0229,24.486989130480616,65.9252383468,100,0.0,8.824424545573014e-07,0.0,UNSAFE,RED
SYN_0229,24.486989130480616,65.9252383468,150,0.0,3.6477070632393792e-09,0.0,UNSAFE,RED
SYN_0229,24.486989130480616,65.9252383468,200,0.0,4.12301266288239e-07,0.0,UNSAFE,RED
SYN_0230,11.445207876389691,84.48609926220955,0,0.0,3.911889770300721e-06,0.0,UNSAFE,RED
SYN_0230,11.445207876389691,84.48609926220955,10,0.0,4.969485266323493e-07,0.0,UNSAFE,RED
SYN_0230,11.445207876389691,84.48609926220955,25,0.0,3.464629655613338e-07,0.0,UNSAFE,RED
SYN_0230,11.445207876389691,84.48609926220955,50,0.0,4.66587114280858e-07,0.0,UNSAFE,RED
SYN_0230,11.445207876389691,84.48609926220955,75,0.0,6.912527623221679e-07,0.0,UNSAFE,RED
SYN_0230,11.445207876389691,84.48609926220955,100,0.0,1.9356397672864793e-07,0.0,UNSAFE,RED
SYN_0230,11.445207876389691,84.48609926220955,150,0.0,5.0854918337755335e-08,0.0,UNSAFE,RED
SYN_0230,11.445207876389691,84.48609926220955,200,0.0,9.80281677318894e-07,0.0,UNSAFE,RED
SYN_0231,6.999704949675534,65.67091742824316,0,0.0,1.8852181289831807e-06,0.0,UNSAFE,RED
SYN_0231,6.999704949675534,65.67091742824316,10,0.0,6.133932190722851e-07,0.0,UNSAFE,RED
SYN_0231,6.999704949675534,65.67091742824316,25,0.0,6.272675377942209e-07,0.0,UNSAFE,RED
SYN_0231,6.999704949675534,65.67091742824316,50,0.0,1.1380678256619878e-06,0.0,UNSAFE,RED
SYN_0231,6.999704949675534,65.67091742824316,75,0.0,8.472471314477944e-07,0.0,UNSAFE,RED
SYN_0231,6.999704949675534,65.67091742824316,100,0.0,1.6269495960072332e-06,0.0,UNSAFE,RED
SYN_0231,6.999704949675534,65.67091742824316,150,0.0,2.4875760564265624e-07,0.0,UNSAFE,RED
SYN_0231,6.999704949675534,65.67091742824316,200,0.0,5.027855019980475e-07,0.0,UNSAFE,RED
SYN_0232,6.573971534150189,77.07510287675225,0,0.0,3.922772823377146e-05,0.0,UNSAFE,RED
SYN_0232,6.573971534150189,77.07510287675225,10,0.0,3.000020096936809e-06,0.0,UNSAFE,RED
SYN_0232,6.573971534150189,77.07510287675225,25,0.0,9.093092473404064e-06,0.0,UNSAFE,RED
SYN_0232,6.573971534150189,77.07510287675225,50,0.0,2.1501795342534793e-07,0.0,UNSAFE,RED
SYN_0232,6.573971534150189,77.07510287675225,75,0.0,5.752290224431642e-07,0.0,UNSAFE,RED
SYN_0232,6.573971534150189,77.07510287675225,100,0.0,3.0908170775965923e-07,0.0,UNSAFE,RED
SYN_0232,6.573971534150189,77.07510287675225,150,0.0,2.2821057577647873e-07,0.0,UNSAFE,RED
SYN_0232,6.573971534150189,77.07510287675225,200,0.0,1.8057266355853078e-07,0.0,UNSAFE,RED
SYN_0233,10.650817273248872,72.56049898868804,0,0.0,1.7347976217118724e-05,0.0,UNSAFE,RED
SYN_0233,10.650817273248872,72.56049898868804,10,0.0,2.9462704464570465e-06,0.0,UNSAFE,RED
SYN_0233,10.650817273248872,72.56049898868804,25,0.0,9.12460526990944e-07,0.0,UNSAFE,RED
SYN_0233,10.650817273248872,72.56049898868804,50,0.0,2.778356697863855e-07,0.0,UNSAFE,RED
SYN_0233,10.650817273248872,72.56049898868804,75,0.0,5.544730339624546e-08,0.0,UNSAFE,RED
SYN_0233,10.650817273248872,72.56049898868804,100,0.0,1.8782178716154575e-06,0.0,UNSAFE,RED
SYN_0233,10.650817273248872,72.56049898868804,150,0.0,2.1247086381981611e-07,0.0,UNSAFE,RED
SYN_0233,10.650817273248872,72.56049898868804,200,0.0,6.7097665741227e-07,0.0,UNSAFE,RED
SYN_0234,22.091373280652817,70.1390459901694,0,0.0,4.9949302980169345e-06,0.0,UNSAFE,RED
SYN_0234,22.091373280652817,70.1390459901694,10,0.0,2.178065966500653e-06,0.0,UNSAFE,RED
SYN_0234,22.091373280652817,70.1390459901694,25,0.0,2.402046081528138e-07,0.0,UNSAFE,RED
SYN_0234,22.091373280652817,70.1390459901694,50,0.0,1.6446779092043719e-07,0.0,UNSAFE,RED
SYN_0234,22.091373280652817,70.1390459901694,75,0.0,1.7024796040260195e-06,0.0,UNSAFE,RED
SYN_0234,22.091373280652817,70.1390459901694,100,0.0,1.7138237572367472e-07,0.0,UNSAFE,RED
SYN_0234,22.091373280652817,70.1390459901694,150,0.0,7.431184620996996e-08,0.0,UNSAFE,RED
SYN_0234,22.091373280652817,70.1390459901694,200,0.0,9.895387054629354e-07,0.0,UNSAFE,RED
SYN_0235,13.222978646802774,69.731358504222,0,0.0,2.0538006080435564e-06,0.0,UNSAFE,RED
SYN_0235,13.222978646802774,69.731358504222,10,0.0,9.052942893259108e-07,0.0,UNSAFE,RED
SYN_0235,13.222978646802774,69.731358504222,25,0.0,1.1650691390417252e-07,0.0,UNSAFE,RED
SYN_0235,13.222978646802774,69.731358504222,50,0.0,2.8318996149906864e-07,0.0,UNSAFE,RED
SYN_0235,13.222978646802774,69.731358504222,75,0.0,4.457958828933546e-07,0.0,UNSAFE,RED
SYN_0235,13.222978646802774,69.731358504222,100,0.0,5.848480255253362e-07,0.0,UNSAFE,RED
SYN_0235,13.222978646802774,69.731358504222,150,0.0,7.991427688686195e-08,0.0,UNSAFE,RED
SYN_0235,13.222978646802774,69.731358504222,200,0.0,1.4457538443637273e-08,0.0,UNSAFE,RED
SYN_0236,6.080952546994531,74.1446083923909,0,0.0,9.049069928966027e-06,0.0,UNSAFE,RED
SYN_0236,6.080952546994531,74.1446083923909,10,0.0,2.3426491392839945e-07,0.0,UNSAFE,RED
SYN_0236,6.080952546994531,74.1446083923909,25,0.0,2.3849649205014577e-06,0.0,UNSAFE,RED
SYN_0236,6.080952546994531,74.1446083923909,50,0.0,3.534949958952153e-07,0.0,UNSAFE,RED
SYN_0236,6.080952546994531,74.1446083923909,75,0.0,2.0488442243275508e-07,0.0,UNSAFE,RED
SYN_0236,6.080952546994531,74.1446083923909,100,0.0,3.4111144473874306e-06,0.0,UNSAFE,RED
SYN_0236,6.080952546994531,74.1446083923909,150,0.0,8.340734390690973e-08,0.0,UNSAFE,RED
SYN_0236,6.080952546994531,74.1446083923909,200,0.0,4.347671177068626e-07,0.0,UNSAFE,RED
SYN_0237,10.846060931096751,81.22174492400516,0,0.0,1.2785328375910789e-05,0.0,UNSAFE,RED
SYN_0237,10.846060931096751,81.22174492400516,10,0.0,8.412865511929081e-07,0.0,UNSAFE,RED
SYN_0237,10.846060931096751,81.22174492400516,25,0.0,4.038369100148246e-06,0.0,UNSAFE,RED
SYN_0237,10.846060931096751,81.22174492400516,50,0.0,2.5472306951287156e-06,0.0,UNSAFE,RED
SYN_0237,10.846060931096751,81.22174492400516,75,0.0,3.688181424458444e-10,0.0,UNSAFE,RED
SYN_0237,10.846060931096751,81.22174492400516,100,0.0,1.3662256881790714e-06,0.0,UNSAFE,RED
SYN_0237,10.846060931096751,81.22174492400516,150,0.0,1.684589460290238e-07,0.0,UNSAFE,RED
SYN_0237,10.846060931096751,81.22174492400516,200,0.0,1.9716647471369007e-06,0.0,UNSAFE,RED
SYN_0238,14.507181353617373,72.27028914738534,0,0.0,2.922788666103508e-07,0.0,UNSAFE,RED
SYN_0238,14.507181353617373,72.27028914738534,10,0.0,2.2738443137713225e-06,0.0,UNSAFE,RED
SYN_0238,14.507181353617373,72.27028914738534,25,0.0,1.875715031041125e-06,0.0,UNSAFE,RED
SYN_0238,14.507181353617373,72.27028914738534,50,0.0,1.5713861158361246e-07,0.0,UNSAFE,RED
SYN_0238,14.507181353617373,72.27028914738534,75,0.0,2.8361676302053706e-07,0.0,UNSAFE,RED
SYN_0238,14.507181353617373,72.27028914738534,100,0.0,1.456275650466255e-07,0.0,UNSAFE,RED
SYN_0238,14.507181353617373,72.27028914738534,150,0.0,6.124123673021733e-08,0.0,UNSAFE,RED
SYN_0238,14.507181353617373,72.27028914738534,200,0.0,5.731336479119085e-07,0.0,UNSAFE,RED
SYN_0239,11.461421368115024,81.77942193348136,0,0.0,6.719076411199177e-06,0.0,UNSAFE,RED
SYN_0239,11.461421368115024,81.77942193348136,10,0.0,1.603154222519429e-06,0.0,UNSAFE,RED
SYN_0239,11.461421368115024,81.77942193348136,25,0.0,1.8625834076578469e-06,0.0,UNSAFE,RED
SYN_0239,11.461421368115024,81.77942193348136,50,0.0,8.642093206598872e-08,0.0,UNSAFE,RED
SYN_0239,11.461421368115024,81.77942193348136,75,0.0,3.3001213651492223e-07,0.0,UNSAFE,RED
SYN_0239,11.461421368115024,81.77942193348136,100,0.0,1.638846361599781e-07,0.0,UNSAFE,RED
SYN_0239,11.461421368115024,81.77942193348136,150,0.0,7.082890091204214e-08,0.0,UNSAFE,RED
SYN_0239,11.461421368115024,81.77942193348136,200,0.0,1.121003907066034e-06,0.0,UNSAFE,RED
SYN_0240,14.464263737687975,77.35453848123589,0,0.0,1.1143816336319402e-05,0.0,UNSAFE,RED
SYN_0240,14.464263737687975,77.35453848123589,10,0.0,2.1486265015291266e-06,0.0,UNSAFE,RED
SYN_0240,14.464263737687975,77.35453848123589,25,0.0,1.1060673698977183e-06,0.0,UNSAFE,RED
SYN_0240,14.464263737687975,77.35453848123589,50,0.0,5.653033580790875e-07,0.0,UNSAFE,RED
SYN_0240,14.464263737687975,77.35453848123589,75,0.0,1.351108182462367e-06,0.0,UNSAFE,RED
SYN_0240,14.464263737687975,77.35453848123589,100,0.0,9.923197256684743e-07,0.0,UNSAFE,RED
SYN_0240,14.464263737687975,77.35453848123589,150,0.0,2.533145333997477e-07,0.0,UNSAFE,RED
SYN_0240,14.464263737687975,77.35453848123589,200,0.0,6.953726688438376e-07,0.0,UNSAFE,RED
SYN_0241,19.21975882927366,73.78082977642296,0,0.0,1.670151769013818e-05,0.0,UNSAFE,RED
SYN_0241,19.21975882927366,73.78082977642296,10,0.0,8.064338579261288e-06,0.0,UNSAFE,RED
SYN_0241,19.21975882927366,73.78082977642296,25,0.0,2.3473779038393177e-07,0.0,UNSAFE,RED
SYN_0241,19.21975882927366,73.78082977642296,50,0.0,6.060106408492501e-08,0.0,UNSAFE,RED
SYN_0241,19.21975882927366,73.78082977642296,75,0.0,1.315555064401876e-06,0.0,UNSAFE,RED
SYN_0241,19.21975882927366,73.78082977642296,100,0.0,2.963286726163508e-07,0.0,UNSAFE,RED
SYN_0241,19.21975882927366,73.78082977642296,150,0.0,8.739204190072911e-09,0.0,UNSAFE,RED
SYN_0241,19.21975882927366,73.78082977642296,200,0.0,7.097640582137577e-07,0.0,UNSAFE,RED
SYN_0242,7.836887952339704,69.27602421325466,0,0.0,1.7025640377327268e-06,0.0,UNSAFE,RED
SYN_0242,7.836887952339704,69.27602421325466,10,0.0,2.51181274650291e-06,0.0,UNSAFE,RED
SYN_0242,7.836887952339704,69.27602421325466,25,0.0,3.0385581904168094e-06,0.0,UNSAFE,RED
SYN_0242,7.836887952339704,69.27602421325466,50,0.0,1.2347731186401885e-06,0.0,UNSAFE,RED
SYN_0242,7.836887952339704,69.27602421325466,75,0.0,7.793994587605199e-07,0.0,UNSAFE,RED
SYN_0242,7.836887952339704,69.27602421325466,100,0.0,3.2958572584007763e-08,0.0,UNSAFE,RED
SYN_0242,7.836887952339704,69.27602421325466,150,0.0,4.510032890660507e-07,0.0,UNSAFE,RED
SYN_0242,7.836887952339704,69.27602421325466,200,0.0,7.333454932300071e-07,0.0,UNSAFE,RED
SYN_0243,18.69546316558397,67.5088356890104,0,0.0,2.2465167395436816e-05,0.0,UNSAFE,RED
SYN_0243,18.69546316558397,67.5088356890104,10,0.0,1.5925818522378289e-06,0.0,UNSAFE,RED
SYN_0243,18.69546316558397,67.5088356890104,25,0.0,4.047762689873231e-06,0.0,UNSAFE,RED
SYN_0243,18.69546316558397,67.5088356890104,50,0.0,2.1553473813856978e-07,0.0,UNSAFE,RED
SYN_0243,18.69546316558397,67.5088356890104,75,0.0,1.471590255703922e-06,0.0,UNSAFE,RED
SYN_0243,18.69546316558397,67.5088356890104,100,0.0,2.1450890028373413e-06,0.0,UNSAFE,RED
SYN_0243,18.69546316558397,67.5088356890104,150,0.0,2.443379015247118e-07,0.0,UNSAFE,RED
SYN_0243,18.69546316558397,67.5088356890104,200,0.0,6.964135337210587e-07,0.0,UNSAFE,RED
SYN_0244,13.309867933918287,73.05552268696667,0,0.0,2.3259180915265074e-05,0.0,UNSAFE,RED
SYN_0244,13.309867933918287,73.05552268696667,10,0.0,5.432424243366001e-06,0.0,UNSAFE,RED
SYN_0244,13.309867933918287,73.05552268696667,25,0.0,2.9342013905702725e-06,0.0,UNSAFE,RED
SYN_0244,13.309867933918287,73.05552268696667,50,0.0,1.2982993092683153e-06,0.0,UNSAFE,RED
SYN_0244,13.309867933918287,73.05552268696667,75,0.0,7.832858028556517e-08,0.0,UNSAFE,RED
SYN_0244,13.309867933918287,73.05552268696667,100,0.0,6.561671991310663e-07,0.0,UNSAFE,RED
SYN_0244,13.309867933918287,73.05552268696667,150,0.0,1.9410376849644294e-08,0.0,UNSAFE,RED
SYN_0244,13.309867933918287,73.05552268696667,200,0.0,1.511089803428492e-06,0.0,UNSAFE,RED
SYN_0245,10.76304271554806,69.72015860647424,0,0.0,3.997114431326042e-05,0.0,UNSAFE,RED
SYN_0245,10.76304271554806,69.72015860647424,10,0.0,1.3910180691433672e-05,0.0,UNSAFE,RED
SYN_0245,10.76304271554806,69.72015860647424,25,0.0,8.543718090143132e-07,0.0,UNSAFE,RED
SYN_0245,10.76304271554806,69.72015860647424,50,0.0,5.744467292482945e-07,0.0,UNSAFE,RED
SYN_0245,10.76304271554806,69.72015860647424,75,0.0,3.3062386806021216e-07,0.0,UNSAFE,RED
SYN_0245,10.76304271554806,69.72015860647424,100,0.0,1.302636478921476e-06,0.0,UNSAFE,RED
SYN_0245,10.76304271554806,69.72015860647424,150,0.0,1.260556006051336e-07,0.0,UNSAFE,RED
SYN_0245,10.76304271554806,69.72015860647424,200,0.0,2.85134668954699e-07,0.0,UNSAFE,RED
SYN_0246,24.573081626759297,79.53208874663738,0,0.0,1.500826194713934e-05,0.0,UNSAFE,RED
SYN_0246,24.573081626759297,79.53208874663738,10,0.0,7.04617230457269e-06,0.0,UNSAFE,RED
SYN_0246,24.573081626759297,79.53208874663738,25,0.0,1.6456529607372623e-07,0.0,UNSAFE,RED
SYN_0246,24.573081626759297,79.53208874663738,50,0.0,1.710415783436172e-06,0.0,UNSAFE,RED
SYN_0246,24.573081626759297,79.53208874663738,75,0.0,3.7664570809992164e-07,0.0,UNSAFE,RED
SYN_0246,24.573081626759297,79.53208874663738,100,0.0,7.406982419608773e-08,0.0,UNSAFE,RED
SYN_0246,24.573081626759297,79.53208874663738,150,0.0,2.4412136186164482e-08,0.0,UNSAFE,RED
SYN_0246,24.573081626759297,79.53208874663738,200,0.0,8.469765821802065e-07,0.0,UNSAFE,RED
SYN_0247,9.322716246218414,76.81743845948517,0,0.0,1.0392231059608954e-05,0.0,UNSAFE,RED
SYN_0247,9.322716246218414,76.81743845948517,10,0.0,1.709796490137284e-06,0.0,UNSAFE,RED
SYN_0247,9.322716246218414,76.81743845948517,25,0.0,1.950763915346172e-06,0.0,UNSAFE,RED
SYN_0247,9.322716246218414,76.81743845948517,50,0.0,6.791541469639342e-07,0.0,UNSAFE,RED
SYN_0247,9.322716246218414,76.81743845948517,75,0.0,6.389461852683517e-07,0.0,UNSAFE,RED
SYN_0247,9.322716246218414,76.81743845948517,100,0.0,2.0309654451266865e-07,0.0,UNSAFE,RED
SYN_0247,9.322716246218414,76.81743845948517,150,0.0,9.706436181694287e-09,0.0,UNSAFE,RED
SYN_0247,9.322716246218414,76.81743845948517,200,4.106717669664114e-06,2.3169636433937517e-07,17.716920113774655,SAFE,GREEN
SYN_0248,18.864190844377354,66.41832382877139,0,0.0,3.924396463198693e-05,0.0,UNSAFE,RED
SYN_0248,18.864190844377354,66.41832382877139,10,0.0,3.613452287197587e-06,0.0,UNSAFE,RED
SYN_0248,18.864190844377354,66.41832382877139,25,0.0,8.206780935697967e-06,0.0,UNSAFE,RED
SYN_0248,18.864190844377354,66.41832382877139,50,0.0,5.991327975044927e-07,0.0,UNSAFE,RED
SYN_0248,18.864190844377354,66.41832382877139,75,0.0,4.036330510609587e-09,0.0,UNSAFE,RED
SYN_0248,18.864190844377354,66.41832382877139,100,0.0,1.868021687920527e-07,0.0,UNSAFE,RED
SYN_0248,18.864190844377354,66.41832382877139,150,0.0,1.693589336811752e-07,0.0,UNSAFE,RED
SYN_0248,18.864190844377354,66.41832382877139,200,0.0,1.670831374923263e-06,0.0,UNSAFE,RED
SYN_0249,16.17244673732379,83.07235739597421,0,0.0,1.0234315946199998e-05,0.0,UNSAFE,RED
SYN_0249,16.17244673732379,83.07235739597421,10,0.0,2.2826252526213614e-06,0.0,UNSAFE,RED
SYN_0249,16.17244673732379,83.07235739597421,25,0.0,2.23172768799954e-07,0.0,UNSAFE,RED
SYN_0249,16.17244673732379,83.07235739597421,50,0.0,9.974488537163657e-07,0.0,UNSAFE,RED
SYN_0249,16.17244673732379,83.07235739597421,75,0.0,2.971993715556713e-07,0.0,UNSAFE,RED
SYN_0249,16.17244673732379,83.07235739597421,100,0.0,1.3696316070634453e-06,0.0,UNSAFE,RED
SYN_0249,16.17244673732379,83.07235739597421,150,0.0,7.642267993870629e-08,0.0,UNSAFE,RED
SYN_0249,16.17244673732379,83.07235739597421,200,0.0,4.27833740800666e-07,0.0,UNSAFE,RED
SYN_0250,24.35724702326426,82.25942054664289,0,0.0,9.08834728462035e-06,0.0,UNSAFE,RED
SYN_0250,24.35724702326426,82.25942054664289,10,0.0,2.778445172967467e-06,0.0,UNSAFE,RED
SYN_0250,24.35724702326426,82.25942054664289,25,0.0,2.166913909326085e-06,0.0,UNSAFE,RED
SYN_0250,24.35724702326426,82.25942054664289,50,0.0,5.688620983793024e-08,0.0,UNSAFE,RED
SYN_0250,24.35724702326426,82.25942054664289,75,0.0,8.0420010402825e-07,0.0,UNSAFE,RED
SYN_0250,24.35724702326426,82.25942054664289,100,0.0,4.652624735342663e-08,0.0,UNSAFE,RED
SYN_0250,24.35724702326426,82.25942054664289,150,0.0,1.3263082340016606e-07,0.0,UNSAFE,RED
SYN_0250,24.35724702326426,82.25942054664289,200,0.0,2.141023421058307e-06,0.0,UNSAFE,RED
SYN_0251,13.998255621710108,82.16746759522124,0,0.0,3.7116291381395633e-06,0.0,UNSAFE,RED
SYN_0251,13.998255621710108,82.16746759522124,10,0.0,1.219120691952849e-06,0.0,UNSAFE,RED
SYN_0251,13.998255621710108,82.16746759522124,25,0.0,7.937267782002403e-07,0.0,UNSAFE,RED
SYN_0251,13.998255621710108,82.16746759522124,50,0.0,1.9949660663653497e-07,0.0,UNSAFE,RED
SYN_0251,13.998255621710108,82.16746759522124,75,0.0,1.3210499513104596e-07,0.0,UNSAFE,RED
SYN_0251,13.998255621710108,82.16746759522124,100,0.0,4.240934004120235e-07,0.0,UNSAFE,RED
SYN_0251,13.998255621710108,82.16746759522124,150,0.0,4.529329371035271e-08,0.0,UNSAFE,RED
SYN_0251,13.998255621710108,82.16746759522124,200,0.0,7.907732400804753e-07,0.0,UNSAFE,RED
SYN_0252,6.28087047729577,82.24868260282314,0,0.0,2.6774995490455366e-06,0.0,UNSAFE,RED
SYN_0252,6.28087047729577,82.24868260282314,10,0.0,1.1584030328635179e-06,0.0,UNSAFE,RED
SYN_0252,6.28087047729577,82.24868260282314,25,0.0,1.7838797856430763e-06,0.0,UNSAFE,RED
SYN_0252,6.28087047729577,82.24868260282314,50,0.0,4.2748380913293956e-07,0.0,UNSAFE,RED
SYN_0252,6.28087047729577,82.24868260282314,75,0.0,7.734787254590795e-07,0.0,UNSAFE,RED
SYN_0252,6.28087047729577,82.24868260282314,100,0.0,1.8151334221788606e-06,0.0,UNSAFE,RED
SYN_0252,6.28087047729577,82.24868260282314,150,0.0,1.0744486859692235e-07,0.0,UNSAFE,RED
SYN_0252,6.28087047729577,82.24868260282314,200,0.0,1.3739206505197086e-07,0.0,UNSAFE,RED
SYN_0253,23.02971702201498,70.40766470621313,0,0.0,1.1944459598400153e-05,0.0,UNSAFE,RED
SYN_0253,23.02971702201498,70.40766470621313,10,0.0,3.925501684942842e-06,0.0,UNSAFE,RED
SYN_0253,23.02971702201498,70.40766470621313,25,0.0,1.6874671832374743e-07,0.0,UNSAFE,RED
SYN_0253,23.02971702201498,70.40766470621313,50,0.0,1.38240850822272e-06,0.0,UNSAFE,RED
SYN_0253,23.02971702201498,70.40766470621313,75,0.0,1.471959177380542e-06,0.0,UNSAFE,RED
SYN_0253,23.02971702201498,70.40766470621313,100,0.0,1.6157101206795401e-06,0.0,UNSAFE,RED
SYN_0253,23.02971702201498,70.40766470621313,150,0.0,1.8971371726445396e-07,0.0,UNSAFE,RED
SYN_0253,23.02971702201498,70.40766470621313,200,0.0,7.036287067691319e-07,0.0,UNSAFE,RED
SYN_0254,8.402854803543159,71.32209775881792,0,0.0,1.1005393651124286e-05,0.0,UNSAFE,RED
SYN_0254,8.402854803543159,71.32209775881792,10,0.0,6.827439167513597e-06,0.0,UNSAFE,RED
SYN_0254,8.402854803543159,71.32209775881792,25,0.0,2.1711034739651234e-06,0.0,UNSAFE,RED
SYN_0254,8.402854803543159,71.32209775881792,50,0.0,6.840567647529617e-07,0.0,UNSAFE,RED
SYN_0254,8.402854803543159,71.32209775881792,75,0.0,1.540212679246614e-06,0.0,UNSAFE,RED
SYN_0254,8.402854803543159,71.32209775881792,100,0.0,2.32032059421447e-08,0.0,UNSAFE,RED
SYN_0254,8.402854803543159,71.32209775881792,150,0.0,1.1734865535152348e-08,0.0,UNSAFE,RED
SYN_0254,8.402854803543159,71.32209775881792,200,0.0,4.508342365803685e-08,0.0,UNSAFE,RED
SYN_0255,5.3606401965046,76.14095172384468,0,0.0,1.8442940344702482e-05,0.0,UNSAFE,RED
SYN_0255,5.3606401965046,76.14095172384468,10,0.0,5.361944579355517e-06,0.0,UNSAFE,RED
SYN_0255,5.3606401965046,76.14095172384468,25,0.0,2.2970981446485363e-06,0.0,UNSAFE,RED
SYN_0255,5.3606401965046,76.14095172384468,50,0.0,1.4020325096865557e-06,0.0,UNSAFE,RED
SYN_0255,5.3606401965046,76.14095172384468,75,0.0,7.574130697409671e-07,0.0,UNSAFE,RED
SYN_0255,5.3606401965046,76.14095172384468,100,0.0,3.8748419110004696e-07,0.0,UNSAFE,RED
SYN_0255,5.3606401965046,76.14095172384468,150,0.0,1.4104512192050627e-07,0.0,UNSAFE,RED
SYN_0255,5.3606401965046,76.14095172384468,200,0.0,3.566507062271459e-07,0.0,UNSAFE,RED
SYN_0256,24.052842616017227,73.87976428684061,0,0.0,8.624054686130208e-06,0.0,UNSAFE,RED
SYN_0256,24.052842616017227,73.87976428684061,10,0.0,7.610144992746797e-08,0.0,UNSAFE,RED
SYN_0256,24.052842616017227,73.87976428684061,25,0.0,6.7712591106919785e-06,0.0,UNSAFE,RED
SYN_0256,24.052842616017227,73.87976428684061,50,0.0,7.506854523719331e-07,0.0,UNSAFE,RED
SYN_0256,24.052842616017227,73.87976428684061,75,0.0,2.389368365729102e-07,0.0,UNSAFE,RED
SYN_0256,24.052842616017227,73.87976428684061,100,0.0,1.0618515755357843e-06,0.0,UNSAFE,RED
SYN_0256,24.052842616017227,73.87976428684061,150,0.0,4.4100337169915566e-08,0.0,UNSAFE,RED
SYN_0256,24.052842616017227,73.87976428684061,200,0.0,5.982228193935081e-08,0.0,UNSAFE,RED
SYN_0257,14.75437736630739,77.61272381059301,0,0.0,3.610019098742137e-06,0.0,UNSAFE,RED
SYN_0257,14.75437736630739,77.61272381059301,10,0.0,1.596614419590439e-06,0.0,UNSAFE,RED
SYN_0257,14.75437736630739,77.61272381059301,25,0.0,2.0490271302105395e-06,0.0,UNSAFE,RED
SYN_0257,14.75437736630739,77.61272381059301,50,0.0,2.2420981292787867e-07,0.0,UNSAFE,RED
SYN_0257,14.75437736630739,77.61272381059301,75,0.0,1.6119151945459602e-06,0.0,UNSAFE,RED
SYN_0257,14.75437736630739,77.61272381059301,100,0.0,2.4940768688705587e-07,0.0,UNSAFE,RED
SYN_0257,14.75437736630739,77.61272381059301,150,0.0,8.925472136994742e-08,0.0,UNSAFE,RED
SYN_0257,14.75437736630739,77.61272381059301,200,0.0,3.796637789481238e-07,0.0,UNSAFE,RED
SYN_0258,10.30069836281095,75.72384558564409,0,0.0,3.3297034863485124e-06,0.0,UNSAFE,RED
SYN_0258,10.30069836281095,75.72384558564409,10,0.0,1.6353528693101001e-06,0.0,UNSAFE,RED
SYN_0258,10.30069836281095,75.72384558564409,25,0.0,6.603219189082305e-08,0.0,UNSAFE,RED
SYN_0258,10.30069836281095,75.72384558564409,50,0.0,1.5498577333165562e-06,0.0,UNSAFE,RED
SYN_0258,10.30069836281095,75.72384558564409,75,0.0,7.782795346933034e-07,0.0,UNSAFE,RED
SYN_0258,10.30069836281095,75.72384558564409,100,0.0,3.0041708311353577e-06,0.0,UNSAFE,RED
SYN_0258,10.30069836281095,75.72384558564409,150,0.0,4.4188516331763537e-07,0.0,UNSAFE,RED
SYN_0258,10.30069836281095,75.72384558564409,200,0.0,3.7033297589439495e-07,0.0,UNSAFE,RED
SYN_0259,23.088028730339047,84.97798574092344,0,0.0,1.6850889537278077e-07,0.0,UNSAFE,RED
SYN_0259,23.088028730339047,84.97798574092344,10,0.0,8.302037873800651e-07,0.0,UNSAFE,RED
SYN_0259,23.088028730339047,84.97798574092344,25,0.0,7.360680468887958e-07,0.0,UNSAFE,RED
SYN_0259,23.088028730339047,84.97798574092344,50,0.0,1.2424490471337324e-06,0.0,UNSAFE,RED
SYN_0259,23.088028730339047,84.97798574092344,75,0.0,4.898616259756023e-07,0.0,UNSAFE,RED
SYN_0259,23.088028730339047,84.97798574092344,100,0.0,3.830496624184046e-06,0.0,UNSAFE,RED
SYN_0259,23.088028730339047,84.97798574092344,150,0.0,3.148533681359412e-09,0.0,UNSAFE,RED
SYN_0259,23.088028730339047,84.97798574092344,200,5.21667925274951e-06,2.917441890330378e-07,17.87487792727291,SAFE,GREEN
SYN_0260,21.11940257341908,70.7899573023944,0,0.0,1.340396585852842e-05,0.0,UNSAFE,RED
SYN_0260,21.11940257341908,70.7899573023944,10,0.0,5.2071316302285255e-06,0.0,UNSAFE,RED
SYN_0260,21.11940257341908,70.7899573023944,25,0.0,6.292404737153477e-07,0.0,UNSAFE,RED
SYN_0260,21.11940257341908,70.7899573023944,50,0.0,5.465820726946509e-08,0.0,UNSAFE,RED
SYN_0260,21.11940257341908,70.7899573023944,75,0.0,9.835426963804403e-07,0.0,UNSAFE,RED
SYN_0260,21.11940257341908,70.7899573023944,100,0.0,7.254393625201382e-08,0.0,UNSAFE,RED
SYN_0260,21.11940257341908,70.7899573023944,150,0.0,4.1203247682372736e-07,0.0,UNSAFE,RED
SYN_0260,21.11940257341908,70.7899573023944,200,0.0,2.145588666152967e-07,0.0,UNSAFE,RED
SYN_0261,6.599649655935096,66.79651505144167,0,0.0,3.1775660978951565e-05,0.0,UNSAFE,RED
SYN_0261,6.599649655935096,66.79651505144167,10,0.0,7.842301862343502e-06,0.0,UNSAFE,RED
SYN_0261,6.599649655935096,66.79651505144167,25,0.0,1.1458089758341415e-06,0.0,UNSAFE,RED
SYN_0261,6.599649655935096,66.79651505144167,50,0.0,1.7987876437236071e-06,0.0,UNSAFE,RED
SYN_0261,6.599649655935096,66.79651505144167,75,0.0,1.449293860348067e-07,0.0,UNSAFE,RED
SYN_0261,6.599649655935096,66.79651505144167,100,0.0,2.603007809668778e-06,0.0,UNSAFE,RED
SYN_0261,6.599649655935096,66.79651505144167,150,0.0,1.5445976829318514e-08,0.0,UNSAFE,RED
SYN_0261,6.599649655935096,66.79651505144167,200,0.0,7.432649143873364e-08,0.0,UNSAFE,RED
SYN_0262,16.124727880515454,73.22821863520932,0,0.0,1.7865706933107195e-07,0.0,UNSAFE,RED
SYN_0262,16.124727880515454,73.22821863520932,10,0.0,1.9011591646811123e-06,0.0,UNSAFE,RED
SYN_0262,16.124727880515454,73.22821863520932,25,0.0,9.174992209393378e-07,0.0,UNSAFE,RED
SYN_0262,16.124727880515454,73.22821863520932,50,0.0,2.0670618442290116e-06,0.0,UNSAFE,RED
SYN_0262,16.124727880515454,73.22821863520932,75,0.0,1.845901032576517e-07,0.0,UNSAFE,RED
SYN_0262,16.124727880515454,73.22821863520932,100,0.0,1.5565406151986848e-06,0.0,UNSAFE,RED
SYN_0262,16.124727880515454,73.22821863520932,150,0.0,7.88212558829664e-09,0.0,UNSAFE,RED
SYN_0262,16.124727880515454,73.22821863520932,200,0.0,1.1810914509659123e-07,0.0,UNSAFE,RED
SYN_0263,24.840319387936717,78.73300846708075,0,0.0,3.657762920798976e-06,0.0,UNSAFE,RED
SYN_0263,24.840319387936717,78.73300846708075,10,0.0,2.875570965198008e-06,0.0,UNSAFE,RED
SYN_0263,24.840319387936717,78.73300846708075,25,0.0,3.0698792618305095e-06,0.0,UNSAFE,RED
SYN_0263,24.840319387936717,78.73300846708075,50,0.0,8.474934462409878e-07,0.0,UNSAFE,RED
SYN_0263,24.840319387936717,78.73300846708075,75,0.0,1.0705072164359789e-07,0.0,UNSAFE,RED
SYN_0263,24.840319387936717,78.73300846708075,100,0.0,1.2047577831183857e-06,0.0,UNSAFE,RED
SYN_0263,24.840319387936717,78.73300846708075,150,0.0,1.3134691406642417e-08,0.0,UNSAFE,RED
SYN_0263,24.840319387936717,78.73300846708075,200,0.0,3.1927084073477795e-07,0.0,UNSAFE,RED
SYN_0264,11.17571316705172,70.84883609179032,0,0.0,1.2006073327519125e-07,0.0,UNSAFE,RED
SYN_0264,11.17571316705172,70.84883609179032,10,0.0,6.978145914383952e-07,0.0,UNSAFE,RED
SYN_0264,11.17571316705172,70.84883609179032,25,0.0,5.578826880931114e-07,0.0,UNSAFE,RED
SYN_0264,11.17571316705172,70.84883609179032,50,0.0,5.726917709110419e-07,0.0,UNSAFE,RED
SYN_0264,11.17571316705172,70.84883609179032,75,0.0,1.285235225690703e-06,0.0,UNSAFE,RED
SYN_0264,11.17571316705172,70.84883609179032,100,0.0,3.1717411856399036e-07,0.0,UNSAFE,RED
SYN_0264,11.17571316705172,70.84883609179032,150,0.0,2.4469715954053398e-08,0.0,UNSAFE,RED
SYN_0264,11.17571316705172,70.84883609179032,200,1.7292172342162943e-06,7.374145038474399e-07,2.3446552239927136,SAFE,GREEN
SYN_0265,12.471325720781612,69.28600144645758,0,0.0,1.1996204885604378e-05,0.0,UNSAFE,RED
SYN_0265,12.471325720781612,69.28600144645758,10,0.0,3.416379433544597e-06,0.0,UNSAFE,RED
SYN_0265,12.471325720781612,69.28600144645758,25,0.0,1.507161503910291e-07,0.0,UNSAFE,RED
SYN_0265,12.471325720781612,69.28600144645758,50,0.0,1.613957492131137e-07,0.0,UNSAFE,RED
SYN_0265,12.471325720781612,69.28600144645758,75,0.0,3.130743114775319e-07,0.0,UNSAFE,RED
SYN_0265,12.471325720781612,69.28600144645758,100,0.0,1.2532260849284315e-07,0.0,UNSAFE,RED
SYN_0265,12.471325720781612,69.28600144645758,150,0.0,4.049914915606936e-08,0.0,UNSAFE,RED
SYN_0265,12.471325720781612,69.28600144645758,200,0.0,4.0584065407533154e-07,0.0,UNSAFE,RED
SYN_0266,8.914155032775756,65.55699555165512,0,0.0,3.979980704603806e-05,0.0,UNSAFE,RED
SYN_0266,8.914155032775756,65.55699555165512,10,0.0,9.100743941585006e-06,0.0,UNSAFE,RED
SYN_0266,8.914155032775756,65.55699555165512,25,0.0,9.408202258765256e-06,0.0,UNSAFE,RED
SYN_0266,8.914155032775756,65.55699555165512,50,0.0,7.203080402493381e-07,0.0,UNSAFE,RED
SYN_0266,8.914155032775756,65.55699555165512,75,0.0,3.472762783259547e-07,0.0,UNSAFE,RED
SYN_0266,8.914155032775756,65.55699555165512,100,0.0,1.932112709715054e-07,0.0,UNSAFE,RED
SYN_0266,8.914155032775756,65.55699555165512,150,0.0,1.823154896805432e-08,0.0,UNSAFE,RED
SYN_0266,8.914155032775756,65.55699555165512,200,0.0,2.065138832045212e-07,0.0,UNSAFE,RED
SYN_0267,12.801321314952563,82.27154006278292,0,0.0,1.4447676118365304e-05,0.0,UNSAFE,RED
SYN_0267,12.801321314952563,82.27154006278292,10,0.0,2.5793281331478855e-06,0.0,UNSAFE,RED
SYN_0267,12.801321314952563,82.27154006278292,25,0.0,1.0024050692822492e-06,0.0,UNSAFE,RED
SYN_0267,12.801321314952563,82.27154006278292,50,0.0,4.595853468860584e-07,0.0,UNSAFE,RED
SYN_0267,12.801321314952563,82.27154006278292,75,0.0,1.3925547349781235e-06,0.0,UNSAFE,RED
SYN_0267,12.801321314952563,82.27154006278292,100,0.0,1.573619800712709e-06,0.0,UNSAFE,RED
SYN_0267,12.801321314952563,82.27154006278292,150,0.0,8.307600731967961e-08,0.0,UNSAFE,RED
SYN_0267,12.801321314952563,82.27154006278292,200,0.0,8.627930042589154e-07,0.0,UNSAFE,RED
SYN_0268,15.989791470236408,78.56838503427424,0,0.0,3.8816938893325725e-05,0.0,UNSAFE,RED
SYN_0268,15.989791470236408,78.56838503427424,10,0.0,5.105021594230602e-06,0.0,UNSAFE,RED
SYN_0268,15.989791470236408,78.56838503427424,25,0.0,4.657997561405988e-06,0.0,UNSAFE,RED
SYN_0268,15.989791470236408,78.56838503427424,50,0.0,1.3694973345498096e-06,0.0,UNSAFE,RED
SYN_0268,15.989791470236408,78.56838503427424,75,0.0,1.6607487043946096e-07,0.0,UNSAFE,RED
SYN_0268,15.989791470236408,78.56838503427424,100,0.0,7.117456274258639e-07,0.0,UNSAFE,RED
SYN_0268,15.989791470236408,78.56838503427424,150,0.0,1.3825472141863162e-07,0.0,UNSAFE,RED
SYN_0268,15.989791470236408,78.56838503427424,200,2.028691320197596e-05,1.5568909436406739e-06,13.029564034932386,SAFE,GREEN
SYN_0269,19.498205436721687,73.72096595945176,0,0.0,5.653236641278974e-07,0.0,UNSAFE,RED
SYN_0269,19.498205436721687,73.72096595945176,10,0.0,4.543722955618767e-07,0.0,UNSAFE,RED
SYN_0269,19.498205436721687,73.72096595945176,25,0.0,7.833958987779443e-07,0.0,UNSAFE,RED
SYN_0269,19.498205436721687,73.72096595945176,50,0.0,1.310550422907481e-07,0.0,UNSAFE,RED
SYN_0269,19.498205436721687,73.72096595945176,75,0.0,8.066437878470412e-07,0.0,UNSAFE,RED
SYN_0269,19.498205436721687,73.72096595945176,100,0.0,2.47791080930025e-06,0.0,UNSAFE,RED
SYN_0269,19.498205436721687,73.72096595945176,150,0.0,2.596169897132071e-07,0.0,UNSAFE,RED
SYN_0269,19.498205436721687,73.72096595945176,200,0.0,1.740739651444607e-07,0.0,UNSAFE,RED
SYN_0270,7.501564536326509,65.82998608771423,0,0.0,1.217224909595676e-06,0.0,UNSAFE,RED
SYN_0270,7.501564536326509,65.82998608771423,10,0.0,2.6654729842641527e-06,0.0,UNSAFE,RED
SYN_0270,7.501564536326509,65.82998608771423,25,0.0,8.005496010546304e-07,0.0,UNSAFE,RED
SYN_0270,7.501564536326509,65.82998608771423,50,0.0,3.6657473351187127e-07,0.0,UNSAFE,RED
SYN_0270,7.501564536326509,65.82998608771423,75,0.0,1.8030710489015249e-06,0.0,UNSAFE,RED
SYN_0270,7.501564536326509,65.82998608771423,100,0.0,2.7179695771707586e-06,0.0,UNSAFE,RED
SYN_0270,7.501564536326509,65.82998608771423,150,0.0,2.9122547368124545e-07,0.0,UNSAFE,RED
SYN_0270,7.501564536326509,65.82998608771423,200,0.0,9.801870574871613e-08,0.0,UNSAFE,RED
SYN_0271,9.023459342278016,83.44997792605007,0,0.0,1.546806511197323e-05,0.0,UNSAFE,RED
SYN_0271,9.023459342278016,83.44997792605007,10,0.0,7.106428562604659e-06,0.0,UNSAFE,RED
SYN_0271,9.023459342278016,83.44997792605007,25,0.0,2.048033657555639e-06,0.0,UNSAFE,RED
SYN_0271,9.023459342278016,83.44997792605007,50,0.0,1.6277669764679615e-07,0.0,UNSAFE,RED
SYN_0271,9.023459342278016,83.44997792605007,75,0.0,7.265407107675154e-07,0.0,UNSAFE,RED
SYN_0271,9.023459342278016,83.44997792605007,100,0.0,4.542875028043329e-09,0.0,UNSAFE,RED
SYN_0271,9.023459342278016,83.44997792605007,150,0.0,6.299459056109704e-08,0.0,UNSAFE,RED
SYN_0271,9.023459342278016,83.44997792605007,200,0.0,2.0119772815876594e-07,0.0,UNSAFE,RED
SYN_0272,21.049196306747408,65.8274876493452,0,0.0,2.4299804830079825e-05,0.0,UNSAFE,RED
SYN_0272,21.049196306747408,65.8274876493452,10,0.0,6.6896808932804294e-06,0.0,UNSAFE,RED
SYN_0272,21.049196306747408,65.8274876493452,25,0.0,6.885180373590974e-06,0.0,UNSAFE,RED
SYN_0272,21.049196306747408,65.8274876493452,50,0.0,1.1953748493455583e-06,0.0,UNSAFE,RED
SYN_0272,21.049196306747408,65.8274876493452,75,0.0,5.294653909578614e-08,0.0,UNSAFE,RED
SYN_0272,21.049196306747408,65.8274876493452,100,0.0,2.180091834032063e-06,0.0,UNSAFE,RED
SYN_0272,21.049196306747408,65.8274876493452,150,0.0,3.0751131206946673e-07,0.0,UNSAFE,RED
SYN_0272,21.049196306747408,65.8274876493452,200,0.0,2.101782895886945e-07,0.0,UNSAFE,RED
SYN_0273,11.517802867872856,74.51310061849834,0,0.0,4.981279371883125e-07,0.0,UNSAFE,RED
SYN_0273,11.517802867872856,74.51310061849834,10,0.0,5.676345300642741e-07,0.0,UNSAFE,RED
SYN_0273,11.517802867872856,74.51310061849834,25,0.0,5.06405694531673e-08,0.0,UNSAFE,RED
SYN_0273,11.517802867872856,74.51310061849834,50,0.0,1.063406101260886e-06,0.0,UNSAFE,RED
SYN_0273,11.517802867872856,74.51310061849834,75,0.0,5.044480716037458e-07,0.0,UNSAFE,RED
SYN_0273,11.517802867872856,74.51310061849834,100,0.0,7.543127386186173e-07,0.0,UNSAFE,RED
SYN_0273,11.517802867872856,74.51310061849834,150,0.0,9.469224194409646e-08,0.0,UNSAFE,RED
SYN_0273,11.517802867872856,74.51310061849834,200,0.0,6.68158631643171e-07,0.0,UNSAFE,RED
SYN_0274,15.163275809163494,66.25942817467401,0,0.0,5.105538861494528e-08,0.0,UNSAFE,RED
SYN_0274,15.163275809163494,66.25942817467401,10,0.0,7.166427057085652e-08,0.0,UNSAFE,RED
SYN_0274,15.163275809163494,66.25942817467401,25,0.0,1.4500001517091888e-07,0.0,UNSAFE,RED
SYN_0274,15.163275809163494,66.25942817467401,50,0.0,1.4334174524910256e-07,0.0,UNSAFE,RED
SYN_0274,15.163275809163494,66.25942817467401,75,0.0,6.031812005222649e-07,0.0,UNSAFE,RED
SYN_0274,15.163275809163494,66.25942817467401,100,0.0,4.102013299204026e-08,0.0,UNSAFE,RED
SYN_0274,15.163275809163494,66.25942817467401,150,0.0,1.9046644755002536e-07,0.0,UNSAFE,RED
SYN_0274,15.163275809163494,66.25942817467401,200,0.0,4.949170174591924e-07,0.0,UNSAFE,RED
SYN_0275,20.958863785066,76.26253187784094,0,0.0,3.4079207585913665e-05,0.0,UNSAFE,RED
SYN_0275,20.958863785066,76.26253187784094,10,0.0,2.3446894810808036e-06,0.0,UNSAFE,RED
SYN_0275,20.958863785066,76.26253187784094,25,0.0,7.087784808835957e-06,0.0,UNSAFE,RED
SYN_0275,20.958863785066,76.26253187784094,50,0.0,1.218283709684535e-06,0.0,UNSAFE,RED
SYN_0275,20.958863785066,76.26253187784094,75,0.0,2.2479649261246946e-06,0.0,UNSAFE,RED
SYN_0275,20.958863785066,76.26253187784094,100,0.0,1.5891947445156423e-06,0.0,UNSAFE,RED
SYN_0275,20.958863785066,76.26253187784094,150,0.0,2.421272823671262e-07,0.0,UNSAFE,RED
SYN_0275,20.958863785066,76.26253187784094,200,0.0,1.2629878209149714e-06,0.0,UNSAFE,RED
SYN_0276,20.92371896867741,65.07535389101066,0,0.0,8.608821250538081e-05,0.0,UNSAFE,RED
SYN_0276,20.92371896867741,65.07535389101066,10,0.0,2.6856890250032806e-05,0.0,UNSAFE,RED
SYN_0276,20.92371896867741,65.07535389101066,25,0.0,2.272634303321269e-06,0.0,UNSAFE,RED
SYN_0276,20.92371896867741,65.07535389101066,50,0.0,1.1210478372299908e-06,0.0,UNSAFE,RED
SYN_0276,20.92371896867741,65.07535389101066,75,0.0,1.3243424814707081e-07,0.0,UNSAFE,RED
SYN_0276,20.92371896867741,65.07535389101066,100,0.0,7.444467939289462e-07,0.0,UNSAFE,RED
SYN_0276,20.92371896867741,65.07535389101066,150,0.0,2.0454959960638105e-08,0.0,UNSAFE,RED
SYN_0276,20.92371896867741,65.07535389101066,200,0.0,1.8617923977379264e-06,0.0,UNSAFE,RED
SYN_0277,14.783930359612311,74.00530386993276,0,0.0,2.6479642529170294e-06,0.0,UNSAFE,RED
SYN_0277,14.783930359612311,74.00530386993276,10,0.0,6.693454652216745e-06,0.0,UNSAFE,RED
SYN_0277,14.783930359612311,74.00530386993276,25,0.0,3.8794981700288176e-06,0.0,UNSAFE,RED
SYN_0277,14.783930359612311,74.00530386993276,50,0.0,2.590028005299984e-07,0.0,UNSAFE,RED
SYN_0277,14.783930359612311,74.00530386993276,75,0.0,5.088873477937246e-08,0.0,UNSAFE,RED
SYN_0277,14.783930359612311,74.00530386993276,100,0.0,9.790151880423041e-07,0.0,UNSAFE,RED
SYN_0277,14.783930359612311,74.00530386993276,150,0.0,3.0739592864684726e-07,0.0,UNSAFE,RED
SYN_0277,14.783930359612311,74.00530386993276,200,0.0,1.6998046653973066e-06,0.0,UNSAFE,RED
SYN_0278,24.93345217105584,82.86533272534155,0,0.0,1.0148377255542411e-05,0.0,UNSAFE,RED
SYN_0278,24.93345217105584,82.86533272534155,10,0.0,1.6970268419267102e-06,0.0,UNSAFE,RED
SYN_0278,24.93345217105584,82.86533272534155,25,0.0,1.778939060482327e-06,0.0,UNSAFE,RED
SYN_0278,24.93345217105584,82.86533272534155,50,0.0,4.70316461976562e-09,0.0,UNSAFE,RED
SYN_0278,24.93345217105584,82.86533272534155,75,0.0,9.32443723325738e-07,0.0,UNSAFE,RED
SYN_0278,24.93345217105584,82.86533272534155,100,0.0,7.360233931714492e-08,0.0,UNSAFE,RED
SYN_0278,24.93345217105584,82.86533272534155,150,0.0,1.1427554339033901e-07,0.0,UNSAFE,RED
SYN_0278,24.93345217105584,82.86533272534155,200,0.0,9.428980581781842e-08,0.0,UNSAFE,RED
SYN_0279,23.08382415104856,77.04337538777767,0,0.0,3.1269923101111865e-08,0.0,UNSAFE,RED
SYN_0279,23.08382415104856,77.04337538777767,10,0.0,4.49812675082025e-07,0.0,UNSAFE,RED
SYN_0279,23.08382415104856,77.04337538777767,25,0.0,2.0838376840963807e-06,0.0,UNSAFE,RED
SYN_0279,23.08382415104856,77.04337538777767,50,0.0,3.9062245581436214e-07,0.0,UNSAFE,RED
SYN_0279,23.08382415104856,77.04337538777767,75,0.0,1.267340182075496e-06,0.0,UNSAFE,RED
SYN_0279,23.08382415104856,77.04337538777767,100,0.0,2.316946726185629e-06,0.0,UNSAFE,RED
SYN_0279,23.08382415104856,77.04337538777767,150,0.0,1.8484221318783158e-07,0.0,UNSAFE,RED
SYN_0279,23.08382415104856,77.04337538777767,200,0.0,1.5063338372969421e-06,0.0,UNSAFE,RED
SYN_0280,22.125702560935245,67.2476594985742,0,0.0,4.645850518345744e-06,0.0,UNSAFE,RED
SYN_0280,22.125702560935245,67.2476594985742,10,0.0,1.1406597234862751e-05,0.0,UNSAFE,RED
SYN_0280,22.125702560935245,67.2476594985742,25,0.0,4.489489957998977e-06,0.0,UNSAFE,RED
SYN_0280,22.125702560935245,67.2476594985742,50,0.0,1.515370387708086e-06,0.0,UNSAFE,RED
SYN_0280,22.125702560935245,67.2476594985742,75,0.0,4.189700452190661e-08,0.0,UNSAFE,RED
SYN_0280,22.125702560935245,67.2476594985742,100,0.0,1.5847691379914504e-07,0.0,UNSAFE,RED
SYN_0280,22.125702560935245,67.2476594985742,150,0.0,2.364197298052921e-07,0.0,UNSAFE,RED
SYN_0280,22.125702560935245,67.2476594985742,200,0.0,1.3908642978365802e-07,0.0,UNSAFE,RED
SYN_0281,5.2374269333871855,71.01311281121488,0,0.0,4.1890243621958357e-07,0.0,UNSAFE,RED
SYN_0281,5.2374269333871855,71.01311281121488,10,0.0,6.740591326287511e-07,0.0,UNSAFE,RED
SYN_0281,5.2374269333871855,71.01311281121488,25,0.0,1.1662369048060651e-06,0.0,UNSAFE,RED
SYN_0281,5.2374269333871855,71.01311281121488,50,0.0,1.0243030360500229e-06,0.0,UNSAFE,RED
SYN_0281,5.2374269333871855,71.01311281121488,75,0.0,2.9944217885820965e-07,0.0,UNSAFE,RED
SYN_0281,5.2374269333871855,71.01311281121488,100,0.0,4.6601096780125255e-07,0.0,UNSAFE,RED
SYN_0281,5.2374269333871855,71.01311281121488,150,0.0,1.5352872984525986e-07,0.0,UNSAFE,RED
SYN_0281,5.2374269333871855,71.01311281121488,200,0.0,1.8183336777857022e-06,0.0,UNSAFE,RED
SYN_0282,6.417434013097472,76.96364891084005,0,0.0,3.5348058228334644e-05,0.0,UNSAFE,RED
SYN_0282,6.417434013097472,76.96364891084005,10,0.0,4.836382107179634e-06,0.0,UNSAFE,RED
SYN_0282,6.417434013097472,76.96364891084005,25,0.0,7.3100598181640485e-06,0.0,UNSAFE,RED
SYN_0282,6.417434013097472,76.96364891084005,50,0.0,9.21851533537114e-07,0.0,UNSAFE,RED
SYN_0282,6.417434013097472,76.96364891084005,75,0.0,3.0768935031468253e-07,0.0,UNSAFE,RED
SYN_0282,6.417434013097472,76.96364891084005,100,0.0,3.961115786455743e-08,0.0,UNSAFE,RED
SYN_0282,6.417434013097472,76.96364891084005,150,0.0,1.9357876357185804e-07,0.0,UNSAFE,RED
SYN_0282,6.417434013097472,76.96364891084005,200,0.0,7.049007217736542e-07,0.0,UNSAFE,RED
SYN_0283,12.099900820767072,66.45094025973304,0,0.0,4.846417500879586e-06,0.0,UNSAFE,RED
SYN_0283,12.099900820767072,66.45094025973304,10,0.0,2.2363230014730882e-06,0.0,UNSAFE,RED
SYN_0283,12.099900820767072,66.45094025973304,25,0.0,2.93830498424677e-07,0.0,UNSAFE,RED
SYN_0283,12.099900820767072,66.45094025973304,50,0.0,7.79760715874126e-08,0.0,UNSAFE,RED
SYN_0283,12.099900820767072,66.45094025973304,75,0.0,2.854883898078912e-07,0.0,UNSAFE,RED
SYN_0283,12.099900820767072,66.45094025973304,100,0.0,2.6905274359654406e-07,0.0,UNSAFE,RED
SYN_0283,12.099900820767072,66.45094025973304,150,0.0,2.0835042525633074e-07,0.0,UNSAFE,RED
SYN_0283,12.099900820767072,66.45094025973304,200,0.0,1.942474868286681e-06,0.0,UNSAFE,RED
SYN_0284,11.969559515913106,68.58359349250645,0,0.0,2.4825165416909435e-06,0.0,UNSAFE,RED
SYN_0284,11.969559515913106,68.58359349250645,10,0.0,9.786998804232217e-07,0.0,UNSAFE,RED
SYN_0284,11.969559515913106,68.58359349250645,25,0.0,3.3722112172421676e-07,0.0,UNSAFE,RED
SYN_0284,11.969559515913106,68.58359349250645,50,0.0,3.5316147570719657e-07,0.0,UNSAFE,RED
SYN_0284,11.969559515913106,68.58359349250645,75,0.0,2.8337082979518473e-08,0.0,UNSAFE,RED
SYN_0284,11.969559515913106,68.58359349250645,100,0.0,2.2354271998893107e-07,0.0,UNSAFE,RED
SYN_0284,11.969559515913106,68.58359349250645,150,0.0,1.1985517039521146e-07,0.0,UNSAFE,RED
SYN_0284,11.969559515913106,68.58359349250645,200,0.0,7.625063009026657e-07,0.0,UNSAFE,RED
SYN_0285,23.78217396620481,78.43489680954967,0,0.0,3.3389410921472276e-07,0.0,UNSAFE,RED
SYN_0285,23.78217396620481,78.43489680954967,10,0.0,1.226245326922308e-07,0.0,UNSAFE,RED
SYN_0285,23.78217396620481,78.43489680954967,25,0.0,9.526076817592119e-07,0.0,UNSAFE,RED
SYN_0285,23.78217396620481,78.43489680954967,50,0.0,2.122192885003707e-07,0.0,UNSAFE,RED
SYN_0285,23.78217396620481,78.43489680954967,75,0.0,5.219034062968559e-07,0.0,UNSAFE,RED
SYN_0285,23.78217396620481,78.43489680954967,100,0.0,2.455306859259905e-07,0.0,UNSAFE,RED
SYN_0285,23.78217396620481,78.43489680954967,150,0.0,8.299716723382762e-08,0.0,UNSAFE,RED
SYN_0285,23.78217396620481,78.43489680954967,200,0.0,1.5650403426571829e-06,0.0,UNSAFE,RED
SYN_0286,10.50255514752184,75.1428776528077,0,0.0,2.237611668995105e-05,0.0,UNSAFE,RED
SYN_0286,10.50255514752184,75.1428776528077,10,0.0,2.389648359052846e-06,0.0,UNSAFE,RED
SYN_0286,10.50255514752184,75.1428776528077,25,0.0,9.01976515822458e-06,0.0,UNSAFE,RED
SYN_0286,10.50255514752184,75.1428776528077,50,0.0,5.313551883644258e-08,0.0,UNSAFE,RED
SYN_0286,10.50255514752184,75.1428776528077,75,0.0,1.18513806667588e-06,0.0,UNSAFE,RED
SYN_0286,10.50255514752184,75.1428776528077,100,0.0,1.0302531714992139e-06,0.0,UNSAFE,RED
SYN_0286,10.50255514752184,75.1428776528077,150,0.0,2.523291248367702e-08,0.0,UNSAFE,RED
SYN_0286,10.50255514752184,75.1428776528077,200,0.0,7.240335204425739e-07,0.0,UNSAFE,RED
SYN_0287,20.820081481308144,75.20425832956244,0,0.0,4.3802081370875714e-05,0.0,UNSAFE,RED
SYN_0287,20.820081481308144,75.20425832956244,10,0.0,9.711200659203457e-06,0.0,UNSAFE,RED
SYN_0287,20.820081481308144,75.20425832956244,25,0.0,7.766655629377659e-07,0.0,UNSAFE,RED
SYN_0287,20.820081481308144,75.20425832956244,50,0.0,4.752178848748696e-07,0.0,UNSAFE,RED
SYN_0287,20.820081481308144,75.20425832956244,75,0.0,4.052995700432552e-07,0.0,UNSAFE,RED
SYN_0287,20.820081481308144,75.20425832956244,100,0.0,2.1483096049094036e-07,0.0,UNSAFE,RED
SYN_0287,20.820081481308144,75.20425832956244,150,0.0,1.5836896909844032e-07,0.0,UNSAFE,RED
SYN_0287,20.820081481308144,75.20425832956244,200,2.4401855925805583e-05,1.7539528078664556e-07,139.045653059307,SAFE,GREEN
SYN_0288,21.059326022171337,73.54265062096782,0,0.0,4.7137744043707464e-05,0.0,UNSAFE,RED
SYN_0288,21.059326022171337,73.54265062096782,10,0.0,1.824777743456004e-05,0.0,UNSAFE,RED
SYN_0288,21.059326022171337,73.54265062096782,25,0.0,6.613768571995518e-07,0.0,UNSAFE,RED
SYN_0288,21.059326022171337,73.54265062096782,50,0.0,3.5405264526223164e-07,0.0,UNSAFE,RED
SYN_0288,21.059326022171337,73.54265062096782,75,0.0,1.0449870021242068e-07,0.0,UNSAFE,RED
SYN_0288,21.059326022171337,73.54265062096782,100,0.0,1.3860599899132669e-06,0.0,UNSAFE,RED
SYN_0288,21.059326022171337,73.54265062096782,150,0.0,4.818240561076851e-08,0.0,UNSAFE,RED
SYN_0288,21.059326022171337,73.54265062096782,200,0.0,2.7169427012133254e-07,0.0,UNSAFE,RED
SYN_0289,15.388975727824752,76.25377511581459,0,0.0,4.565195965290075e-05,0.0,UNSAFE,RED
SYN_0289,15.388975727824752,76.25377511581459,10,0.0,7.958713275946781e-06,0.0,UNSAFE,RED
SYN_0289,15.388975727824752,76.25377511581459,25,0.0,6.432015593942439e-06,0.0,UNSAFE,RED
SYN_0289,15.388975727824752,76.25377511581459,50,0.0,4.1971704287333186e-07,0.0,UNSAFE,RED
SYN_0289,15.388975727824752,76.25377511581459,75,0.0,2.4845848064292795e-07,0.0,UNSAFE,RED
SYN_0289,15.388975727824752,76.25377511581459,100,0.0,1.6962903183797366e-07,0.0,UNSAFE,RED
SYN_0289,15.388975727824752,76.25377511581459,150,0.0,6.5509859045769805e-09,0.0,UNSAFE,RED
SYN_0289,15.388975727824752,76.25377511581459,200,0.0,1.2249437061875973e-06,0.0,UNSAFE,RED
SYN_0290,12.66202867181169,81.71141419929121,0,0.0,1.930032355296607e-06,0.0,UNSAFE,RED
SYN_0290,12.66202867181169,81.71141419929121,10,0.0,3.851534277063445e-06,0.0,UNSAFE,RED
SYN_0290,12.66202867181169,81.71141419929121,25,0.0,1.899777752072335e-06,0.0,UNSAFE,RED
SYN_0290,12.66202867181169,81.71141419929121,50,0.0,9.878941710923834e-07,0.0,UNSAFE,RED
SYN_0290,12.66202867181169,81.71141419929121,75,0.0,6.092830758790499e-07,0.0,UNSAFE,RED
SYN_0290,12.66202867181169,81.71141419929121,100,0.0,1.4321786415128881e-06,0.0,UNSAFE,RED
SYN_0290,12.66202867181169,81.71141419929121,150,0.0,6.758281409339488e-08,0.0,UNSAFE,RED
SYN_0290,12.66202867181169,81.71141419929121,200,0.0,2.380353625458553e-06,0.0,UNSAFE,RED
SYN_0291,10.437214534518317,68.3941047831049,0,0.0,2.0697893688615883e-05,0.0,UNSAFE,RED
SYN_0291,10.437214534518317,68.3941047831049,10,0.0,7.3659695980605064e-06,0.0,UNSAFE,RED
SYN_0291,10.437214534518317,68.3941047831049,25,0.0,2.897512777531075e-06,0.0,UNSAFE,RED
SYN_0291,10.437214534518317,68.3941047831049,50,0.0,3.1849966697185835e-07,0.0,UNSAFE,RED
SYN_0291,10.437214534518317,68.3941047831049,75,0.0,3.5447553488941983e-07,0.0,UNSAFE,RED
SYN_0291,10.437214534518317,68.3941047831049,100,0.0,3.695508017069484e-07,0.0,UNSAFE,RED
SYN_0291,10.437214534518317,68.3941047831049,150,0.0,1.2865837183726648e-07,0.0,UNSAFE,RED
SYN_0291,10.437214534518317,68.3941047831049,200,0.0,9.694006753603045e-07,0.0,UNSAFE,RED
SYN_0292,21.63648236771967,78.1875785720293,0,0.0,1.5483069742533885e-05,0.0,UNSAFE,RED
SYN_0292,21.63648236771967,78.1875785720293,10,0.0,1.4488979525727937e-06,0.0,UNSAFE,RED
SYN_0292,21.63648236771967,78.1875785720293,25,0.0,3.1065456222990047e-06,0.0,UNSAFE,RED
SYN_0292,21.63648236771967,78.1875785720293,50,0.0,2.1528208705160268e-08,0.0,UNSAFE,RED
SYN_0292,21.63648236771967,78.1875785720293,75,0.0,8.012069491563479e-08,0.0,UNSAFE,RED
SYN_0292,21.63648236771967,78.1875785720293,100,0.0,7.794151695913863e-07,0.0,UNSAFE,RED
SYN_0292,21.63648236771967,78.1875785720293,150,0.0,6.7217097471508854e-09,0.0,UNSAFE,RED
SYN_0292,21.63648236771967,78.1875785720293,200,0.0,2.1147653958783872e-07,0.0,UNSAFE,RED
SYN_0293,12.304884032307438,72.8557129265741,0,0.0,7.395982209492593e-06,0.0,UNSAFE,RED
SYN_0293,12.304884032307438,72.8557129265741,10,0.0,7.103751151423707e-07,0.0,UNSAFE,RED
SYN_0293,12.304884032307438,72.8557129265741,25,0.0,1.2853962474137274e-06,0.0,UNSAFE,RED
SYN_0293,12.304884032307438,72.8557129265741,50,0.0,2.224767762721812e-06,0.0,UNSAFE,RED
SYN_0293,12.304884032307438,72.8557129265741,75,0.0,4.148954220169128e-07,0.0,UNSAFE,RED
SYN_0293,12.304884032307438,72.8557129265741,100,0.0,2.6777519971983135e-06,0.0,UNSAFE,RED
SYN_0293,12.304884032307438,72.8557129265741,150,0.0,1.3950387033432005e-07,0.0,UNSAFE,RED
SYN_0293,12.304884032307438,72.8557129265741,200,0.0,2.125285437939042e-07,0.0,UNSAFE,RED
SYN_0294,6.6640363301787,70.8679228957157,0,0.0,3.02988708907342e-05,0.0,UNSAFE,RED
SYN_0294,6.6640363301787,70.8679228957157,10,0.0,5.7489252243062136e-06,0.0,UNSAFE,RED
SYN_0294,6.6640363301787,70.8679228957157,25,0.0,2.2565901292028667e-06,0.0,UNSAFE,RED
SYN_0294,6.6640363301787,70.8679228957157,50,0.0,8.814946320046795e-08,0.0,UNSAFE,RED
SYN_0294,6.6640363301787,70.8679228957157,75,0.0,5.186122517277459e-07,0.0,UNSAFE,RED
SYN_0294,6.6640363301787,70.8679228957157,100,0.0,2.2108647948959146e-07,0.0,UNSAFE,RED
SYN_0294,6.6640363301787,70.8679228957157,150,0.0,9.444987767829413e-08,0.0,UNSAFE,RED
SYN_0294,6.6640363301787,70.8679228957157,200,0.0,5.190533855755993e-07,0.0,UNSAFE,RED
SYN_0295,12.353160921182166,76.82190761071229,0,0.0,3.7342705338135325e-06,0.0,UNSAFE,RED
SYN_0295,12.353160921182166,76.82190761071229,10,0.0,2.7861117460890684e-06,0.0,UNSAFE,RED
SYN_0295,12.353160921182166,76.82190761071229,25,0.0,1.7477094186996845e-07,0.0,UNSAFE,RED
SYN_0295,12.353160921182166,76.82190761071229,50,0.0,1.141122641492434e-06,0.0,UNSAFE,RED
SYN_0295,12.353160921182166,76.82190761071229,75,0.0,1.1505863720103519e-07,0.0,UNSAFE,RED
SYN_0295,12.353160921182166,76.82190761071229,100,0.0,9.82074054598319e-08,0.0,UNSAFE,RED
SYN_0295,12.353160921182166,76.82190761071229,150,0.0,3.3481754270723464e-10,0.0,UNSAFE,RED
SYN_0295,12.353160921182166,76.82190761071229,200,0.0,6.929328903631538e-07,0.0,UNSAFE,RED
SYN_0296,19.68809285086494,76.49149006946034,0,0.0,1.7895654504352046e-05,0.0,UNSAFE,RED
SYN_0296,19.68809285086494,76.49149006946034,10,0.0,2.4984617459661206e-06,0.0,UNSAFE,RED
SYN_0296,19.68809285086494,76.49149006946034,25,0.0,2.7525341379287517e-06,0.0,UNSAFE,RED
SYN_0296,19.68809285086494,76.49149006946034,50,0.0,1.087887968003494e-06,0.0,UNSAFE,RED
SYN_0296,19.68809285086494,76.49149006946034,75,0.0,1.9989947735132385e-07,0.0,UNSAFE,RED
SYN_0296,19.68809285086494,76.49149006946034,100,0.0,4.0058882701323536e-07,0.0,UNSAFE,RED
SYN_0296,19.68809285086494,76.49149006946034,150,0.0,9.623824700394437e-08,0.0,UNSAFE,RED
SYN_0296,19.68809285086494,76.49149006946034,200,0.0,2.9342121711180137e-07,0.0,UNSAFE,RED
SYN_0297,22.39811867780642,77.0988162639551,0,0.0,6.790817757195889e-05,0.0,UNSAFE,RED
SYN_0297,22.39811867780642,77.0988162639551,10,0.0,1.3532073882070719e-05,0.0,UNSAFE,RED
SYN_0297,22.39811867780642,77.0988162639551,25,0.0,4.932982025292898e-06,0.0,UNSAFE,RED
SYN_0297,22.39811867780642,77.0988162639551,50,0.0,4.760876467282658e-07,0.0,UNSAFE,RED
SYN_0297,22.39811867780642,77.0988162639551,75,0.0,1.0293678485613206e-06,0.0,UNSAFE,RED
SYN_0297,22.39811867780642,77.0988162639551,100,0.0,2.9559712312866607e-07,0.0,UNSAFE,RED
SYN_0297,22.39811867780642,77.0988162639551,150,0.0,4.316094809773096e-08,0.0,UNSAFE,RED
SYN_0297,22.39811867780642,77.0988162639551,200,0.0,3.472454009743407e-07,0.0,UNSAFE,RED
SYN_0298,9.680563506137492,76.76172491709396,0,0.0,6.707003525512461e-06,0.0,UNSAFE,RED
SYN_0298,9.680563506137492,76.76172491709396,10,0.0,4.570473836633345e-06,0.0,UNSAFE,RED
SYN_0298,9.680563506137492,76.76172491709396,25,0.0,1.363127788639274e-06,0.0,UNSAFE,RED
SYN_0298,9.680563506137492,76.76172491709396,50,0.0,1.7696980238373676e-07,0.0,UNSAFE,RED
SYN_0298,9.680563506137492,76.76172491709396,75,0.0,9.550540142706484e-07,0.0,UNSAFE,RED
SYN_0298,9.680563506137492,76.76172491709396,100,0.0,2.6130522956512972e-08,0.0,UNSAFE,RED
SYN_0298,9.680563506137492,76.76172491709396,150,0.0,1.8981880451478898e-07,0.0,UNSAFE,RED
SYN_0298,9.680563506137492,76.76172491709396,200,0.0,2.530379123879872e-06,0.0,UNSAFE,RED
SYN_0299,6.592832125780463,76.6687126942177,0,0.0,1.570011119759564e-05,0.0,UNSAFE,RED
SYN_0299,6.592832125780463,76.6687126942177,10,0.0,2.928611552679477e-06,0.0,UNSAFE,RED
SYN_0299,6.592832125780463,76.6687126942177,25,0.0,1.4536670322884014e-06,0.0,UNSAFE,RED
SYN_0299,6.592832125780463,76.6687126942177,50,0.0,1.8909204396491096e-07,0.0,UNSAFE,RED
SYN_0299,6.592832125780463,76.6687126942177,75,0.0,7.137298831607399e-07,0.0,UNSAFE,RED
SYN_0299,6.592832125780463,76.6687126942177,100,0.0,3.6547324350646394e-07,0.0,UNSAFE,RED
SYN_0299,6.592832125780463,76.6687126942177,150,0.0,4.7630122423513386e-08,0.0,UNSAFE,RED
SYN_0299,6.592832125780463,76.6687126942177,200,0.0,3.458831199792546e-07,0.0,UNSAFE,RED
SYN_0300,23.244592439992,82.85591879179772,0,0.0,6.53918225284561e-06,0.0,UNSAFE,RED
SYN_0300,23.244592439992,82.85591879179772,10,0.0,2.2548854211470523e-06,0.0,UNSAFE,RED
SYN_0300,23.244592439992,82.85591879179772,25,0.0,1.7662575300290888e-06,0.0,UNSAFE,RED
SYN_0300,23.244592439992,82.85591879179772,50,0.0,5.391458154169162e-07,0.0,UNSAFE,RED
SYN_0300,23.244592439992,82.85591879179772,75,0.0,4.9314559230298806e-08,0.0,UNSAFE,RED
SYN_0300,23.244592439992,82.85591879179772,100,0.0,2.0976690184706912e-07,0.0,UNSAFE,RED
SYN_0300,23.244592439992,82.85591879179772,150,0.0,1.2155858062872553e-07,0.0,UNSAFE,RED
SYN_0300,23.244592439992,82.85591879179772,200,0.0,6.082892441608006e-07,0.0,UNSAFE,RED
SYN_0301,7.42929541814255,77.17069286554477,0,0.0,1.7687174340618922e-05,0.0,UNSAFE,RED
SYN_0301,7.42929541814255,77.17069286554477,10,0.0,4.752398477926929e-06,0.0,UNSAFE,RED
SYN_0301,7.42929541814255,77.17069286554477,25,0.0,1.1156587547755639e-07,0.0,UNSAFE,RED
SYN_0301,7.42929541814255,77.17069286554477,50,0.0,2.971125063765294e-07,0.0,UNSAFE,RED
SYN_0301,7.42929541814255,77.17069286554477,75,0.0,8.523330233616111e-07,0.0,UNSAFE,RED
SYN_0301,7.42929541814255,77.17069286554477,100,0.0,1.6428062231609206e-06,0.0,UNSAFE,RED
SYN_0301,7.42929541814255,77.17069286554477,150,0.0,5.6198409159444846e-08,0.0,UNSAFE,RED
SYN_0301,7.42929541814255,77.17069286554477,200,0.0,1.2245906570686435e-06,0.0,UNSAFE,RED
SYN_0302,21.94024070778167,81.55824124298128,0,0.0,3.986700720064082e-06,0.0,UNSAFE,RED
SYN_0302,21.94024070778167,81.55824124298128,10,0.0,2.8992232514903223e-06,0.0,UNSAFE,RED
SYN_0302,21.94024070778167,81.55824124298128,25,0.0,8.454543310836133e-07,0.0,UNSAFE,RED
SYN_0302,21.94024070778167,81.55824124298128,50,0.0,3.0323653224963594e-07,0.0,UNSAFE,RED
SYN_0302,21.94024070778167,81.55824124298128,75,0.0,1.1667645270080529e-07,0.0,UNSAFE,RED
SYN_0302,21.94024070778167,81.55824124298128,100,0.0,3.261620464968028e-08,0.0,UNSAFE,RED
SYN_0302,21.94024070778167,81.55824124298128,150,0.0,8.852505399658309e-08,0.0,UNSAFE,RED
SYN_0302,21.94024070778167,81.55824124298128,200,0.0,7.945519019690002e-07,0.0,UNSAFE,RED
SYN_0303,5.3112509251743205,77.91928524998323,0,0.0,5.955304354919066e-06,0.0,UNSAFE,RED
SYN_0303,5.3112509251743205,77.91928524998323,10,0.0,5.6773977196729515e-06,0.0,UNSAFE,RED
SYN_0303,5.3112509251743205,77.91928524998323,25,0.0,4.686805203719991e-06,0.0,UNSAFE,RED
SYN_0303,5.3112509251743205,77.91928524998323,50,0.0,3.995806838889403e-08,0.0,UNSAFE,RED
SYN_0303,5.3112509251743205,77.91928524998323,75,0.0,4.5169338823924467e-07,0.0,UNSAFE,RED
SYN_0303,5.3112509251743205,77.91928524998323,100,0.0,8.931501416154049e-07,0.0,UNSAFE,RED
SYN_0303,5.3112509251743205,77.91928524998323,150,0.0,2.393216125858325e-08,0.0,UNSAFE,RED
SYN_0303,5.3112509251743205,77.91928524998323,200,0.0,6.09473296528576e-07,0.0,UNSAFE,RED
SYN_0304,23.027998824584664,81.67833200922074,0,0.0,9.63772206001034e-06,0.0,UNSAFE,RED
SYN_0304,23.027998824584664,81.67833200922074,10,0.0,2.8649084949586803e-06,0.0,UNSAFE,RED
SYN_0304,23.027998824584664,81.67833200922074,25,0.0,3.0508471496511493e-07,0.0,UNSAFE,RED
SYN_0304,23.027998824584664,81.67833200922074,50,0.0,2.913219994811801e-07,0.0,UNSAFE,RED
SYN_0304,23.027998824584664,81.67833200922074,75,0.0,5.567041820687649e-07,0.0,UNSAFE,RED
SYN_0304,23.027998824584664,81.67833200922074,100,0.0,1.7087608122681914e-06,0.0,UNSAFE,RED
SYN_0304,23.027998824584664,81.67833200922074,150,0.0,1.887152101094236e-07,0.0,UNSAFE,RED
SYN_0304,23.027998824584664,81.67833200922074,200,0.0,5.160642258014911e-07,0.0,UNSAFE,RED
SYN_0305,6.931009571954903,65.26845830240255,0,0.0,1.3232552857755307e-05,0.0,UNSAFE,RED
SYN_0305,6.931009571954903,65.26845830240255,10,0.0,3.983000138100264e-06,0.0,UNSAFE,RED
SYN_0305,6.931009571954903,65.26845830240255,25,0.0,3.435530193992311e-06,0.0,UNSAFE,RED
SYN_0305,6.931009571954903,65.26845830240255,50,0.0,1.8209271487242195e-06,0.0,UNSAFE,RED
SYN_0305,6.931009571954903,65.26845830240255,75,0.0,1.695317883871765e-07,0.0,UNSAFE,RED
SYN_0305,6.931009571954903,65.26845830240255,100,0.0,2.669831456466954e-07,0.0,UNSAFE,RED
SYN_0305,6.931009571954903,65.26845830240255,150,0.0,7.522500821629201e-08,0.0,UNSAFE,RED
SYN_0305,6.931009571954903,65.26845830240255,200,0.0,1.6053847330942718e-08,0.0,UNSAFE,RED
SYN_0306,10.831554335198614,70.65895136074663,0,0.0,5.281691004747117e-05,0.0,UNSAFE,RED
SYN_0306,10.831554335198614,70.65895136074663,10,0.0,2.200908216777116e-05,0.0,UNSAFE,RED
SYN_0306,10.831554335198614,70.65895136074663,25,0.0,1.4485861559054903e-07,0.0,UNSAFE,RED
SYN_0306,10.831554335198614,70.65895136074663,50,0.0,1.7222300796502735e-06,0.0,UNSAFE,RED
SYN_0306,10.831554335198614,70.65895136074663,75,0.0,2.7907824688448353e-07,0.0,UNSAFE,RED
SYN_0306,10.831554335198614,70.65895136074663,100,0.0,2.254457791862425e-06,0.0,UNSAFE,RED
SYN_0306,10.831554335198614,70.65895136074663,150,0.0,4.0288580889002396e-07,0.0,UNSAFE,RED
SYN_0306,10.831554335198614,70.65895136074663,200,0.0,1.7028791042592059e-06,0.0,UNSAFE,RED
SYN_0307,5.809756486566089,73.05779157913261,0,0.0,2.159290692756194e-06,0.0,UNSAFE,RED
SYN_0307,5.809756486566089,73.05779157913261,10,0.0,2.808721263913098e-07,0.0,UNSAFE,RED
SYN_0307,5.809756486566089,73.05779157913261,25,0.0,4.865172152593322e-07,0.0,UNSAFE,RED
SYN_0307,5.809756486566089,73.05779157913261,50,0.0,3.581258179577274e-07,0.0,UNSAFE,RED
SYN_0307,5.809756486566089,73.05779157913261,75,0.0,2.3798275635895126e-07,0.0,UNSAFE,RED
SYN_0307,5.809756486566089,73.05779157913261,100,0.0,9.979527058140837e-07,0.0,UNSAFE,RED
SYN_0307,5.809756486566089,73.05779157913261,150,0.0,3.008770086433417e-07,0.0,UNSAFE,RED
SYN_0307,5.809756486566089,73.05779157913261,200,0.0,4.370394292521058e-07,0.0,UNSAFE,RED
SYN_0308,24.82863383116176,79.2643801015421,0,0.0,1.080743527519768e-05,0.0,UNSAFE,RED
SYN_0308,24.82863383116176,79.2643801015421,10,0.0,1.9335450316309525e-06,0.0,UNSAFE,RED
SYN_0308,24.82863383116176,79.2643801015421,25,0.0,2.0616817490761646e-06,0.0,UNSAFE,RED
SYN_0308,24.82863383116176,79.2643801015421,50,0.0,3.635366838284928e-07,0.0,UNSAFE,RED
SYN_0308,24.82863383116176,79.2643801015421,75,0.0,6.840681595369966e-07,0.0,UNSAFE,RED
SYN_0308,24.82863383116176,79.2643801015421,100,0.0,1.1196341524304761e-09,0.0,UNSAFE,RED
SYN_0308,24.82863383116176,79.2643801015421,150,0.0,9.877708565104739e-08,0.0,UNSAFE,RED
SYN_0308,24.82863383116176,79.2643801015421,200,0.0,3.6071803354766035e-07,0.0,UNSAFE,RED
SYN_0309,9.65460483740107,74.82698180537571,0,0.0,3.3804178569377525e-06,0.0,UNSAFE,RED
SYN_0309,9.65460483740107,74.82698180537571,10,0.0,6.446909871765753e-07,0.0,UNSAFE,RED
SYN_0309,9.65460483740107,74.82698180537571,25,0.0,1.772337387046896e-06,0.0,UNSAFE,RED
SYN_0309,9.65460483740107,74.82698180537571,50,0.0,1.059715001228749e-06,0.0,UNSAFE,RED
SYN_0309,9.65460483740107,74.82698180537571,75,0.0,8.643954920607868e-07,0.0,UNSAFE,RED
SYN_0309,9.65460483740107,74.82698180537571,100,0.0,2.2341573167249817e-08,0.0,UNSAFE,RED
SYN_0309,9.65460483740107,74.82698180537571,150,0.0,1.8210081459913045e-07,0.0,UNSAFE,RED
SYN_0309,9.65460483740107,74.82698180537571,200,0.0,1.1273952602500407e-06,0.0,UNSAFE,RED
SYN_0310,19.830345046539804,76.98856784220837,0,0.0,1.4572351191054203e-05,0.0,UNSAFE,RED
SYN_0310,19.830345046539804,76.98856784220837,10,0.0,1.7839904571247224e-06,0.0,UNSAFE,RED
SYN_0310,19.830345046539804,76.98856784220837,25,0.0,2.8291451161418165e-06,0.0,UNSAFE,RED
SYN_0310,19.830345046539804,76.98856784220837,50,0.0,1.1371527380695844e-06,0.0,UNSAFE,RED
SYN_0310,19.830345046539804,76.98856784220837,75,0.0,1.1948353030403537e-06,0.0,UNSAFE,RED
SYN_0310,19.830345046539804,76.98856784220837,100,0.0,6.434634209688252e-07,0.0,UNSAFE,RED
SYN_0310,19.830345046539804,76.98856784220837,150,0.0,2.351869506902182e-08,0.0,UNSAFE,RED
SYN_0310,19.830345046539804,76.98856784220837,200,0.0,2.873445061425086e-07,0.0,UNSAFE,RED
SYN_0311,6.024126983806582,79.91006170705545,0,0.0,1.8174896590415155e-05,0.0,UNSAFE,RED
SYN_0311,6.024126983806582,79.91006170705545,10,0.0,4.024553264483007e-06,0.0,UNSAFE,RED
SYN_0311,6.024126983806582,79.91006170705545,25,0.0,7.881877080711042e-07,0.0,UNSAFE,RED
SYN_0311,6.024126983806582,79.91006170705545,50,0.0,7.349368248313579e-07,0.0,UNSAFE,RED
SYN_0311,6.024126983806582,79.91006170705545,75,0.0,2.887150072323e-07,0.0,UNSAFE,RED
SYN_0311,6.024126983806582,79.91006170705545,100,0.0,3.648682486189354e-07,0.0,UNSAFE,RED
SYN_0311,6.024126983806582,79.91006170705545,150,0.0,1.7656583641065265e-07,0.0,UNSAFE,RED
SYN_0311,6.024126983806582,79.91006170705545,200,0.0,1.9068787317465778e-07,0.0,UNSAFE,RED
SYN_0312,10.49472502592602,74.59542715564756,0,0.0,2.057846194387295e-05,0.0,UNSAFE,RED
SYN_0312,10.49472502592602,74.59542715564756,10,0.0,1.6434492958492236e-06,0.0,UNSAFE,RED
SYN_0312,10.49472502592602,74.59542715564756,25,0.0,4.865822361566471e-06,0.0,UNSAFE,RED
SYN_0312,10.49472502592602,74.59542715564756,50,0.0,1.521940114767758e-06,0.0,UNSAFE,RED
SYN_0312,10.49472502592602,74.59542715564756,75,0.0,4.113346220634393e-07,0.0,UNSAFE,RED
SYN_0312,10.49472502592602,74.59542715564756,100,0.0,2.487467400476782e-06,0.0,UNSAFE,RED
SYN_0312,10.49472502592602,74.59542715564756,150,0.0,7.077967276764272e-08,0.0,UNSAFE,RED
SYN_0312,10.49472502592602,74.59542715564756,200,0.0,1.2364674697435208e-06,0.0,UNSAFE,RED
SYN_0313,16.630609485542212,68.3642720466842,0,0.0,7.113602745307815e-06,0.0,UNSAFE,RED
SYN_0313,16.630609485542212,68.3642720466842,10,0.0,5.830464897361482e-06,0.0,UNSAFE,RED
SYN_0313,16.630609485542212,68.3642720466842,25,0.0,7.651885601933126e-07,0.0,UNSAFE,RED
SYN_0313,16.630609485542212,68.3642720466842,50,0.0,1.1967377806808266e-07,0.0,UNSAFE,RED
SYN_0313,16.630609485542212,68.3642720466842,75,0.0,1.3679210212884117e-06,0.0,UNSAFE,RED
SYN_0313,16.630609485542212,68.3642720466842,100,0.0,6.432791001941907e-07,0.0,UNSAFE,RED
SYN_0313,16.630609485542212,68.3642720466842,150,0.0,7.077343867098489e-07,0.0,UNSAFE,RED
SYN_0313,16.630609485542212,68.3642720466842,200,0.0,2.4467379720286855e-06,0.0,UNSAFE,RED
SYN_0314,5.180113285289504,69.70942834021754,0,0.0,1.3291507265729511e-05,0.0,UNSAFE,RED
SYN_0314,5.180113285289504,69.70942834021754,10,0.0,8.103025018550267e-06,0.0,UNSAFE,RED
SYN_0314,5.180113285289504,69.70942834021754,25,0.0,6.022701685386094e-07,0.0,UNSAFE,RED
SYN_0314,5.180113285289504,69.70942834021754,50,0.0,3.246646429605357e-06,0.0,UNSAFE,RED
SYN_0314,5.180113285289504,69.70942834021754,75,0.0,3.534897917202402e-07,0.0,UNSAFE,RED
SYN_0314,5.180113285289504,69.70942834021754,100,0.0,3.5064872428022735e-06,0.0,UNSAFE,RED
SYN_0314,5.180113285289504,69.70942834021754,150,0.0,3.000349040482009e-08,0.0,UNSAFE,RED
SYN_0314,5.180113285289504,69.70942834021754,200,0.0,5.784485630975749e-08,0.0,UNSAFE,RED
SYN_0315,23.825163920848052,76.98237369640216,0,0.0,8.225666018350293e-06,0.0,UNSAFE,RED
SYN_0315,23.825163920848052,76.98237369640216,10,0.0,4.5855198046056e-06,0.0,UNSAFE,RED
SYN_0315,23.825163920848052,76.98237369640216,25,0.0,2.306741977617349e-07,0.0,UNSAFE,RED
SYN_0315,23.825163920848052,76.98237369640216,50,0.0,6.005646000365367e-07,0.0,UNSAFE,RED
SYN_0315,23.825163920848052,76.98237369640216,75,0.0,1.4373893284800058e-06,0.0,UNSAFE,RED
SYN_0315,23.825163920848052,76.98237369640216,100,0.0,2.1921101026438956e-06,0.0,UNSAFE,RED
SYN_0315,23.825163920848052,76.98237369640216,150,0.0,3.781221764648851e-07,0.0,UNSAFE,RED
SYN_0315,23.825163920848052,76.98237369640216,200,0.0,3.583324009539542e-07,0.0,UNSAFE,RED
SYN_0316,16.514386106624087,76.66772464655496,0,0.0,4.355603003796341e-06,0.0,UNSAFE,RED
SYN_0316,16.514386106624087,76.66772464655496,10,0.0,3.1245205371218917e-07,0.0,UNSAFE,RED
SYN_0316,16.514386106624087,76.66772464655496,25,0.0,5.886224813087184e-07,0.0,UNSAFE,RED
SYN_0316,16.514386106624087,76.66772464655496,50,0.0,2.051095595998648e-07,0.0,UNSAFE,RED
SYN_0316,16.514386106624087,76.66772464655496,75,0.0,1.679742500643246e-06,0.0,UNSAFE,RED
SYN_0316,16.514386106624087,76.66772464655496,100,0.0,1.021201171969826e-06,0.0,UNSAFE,RED
SYN_0316,16.514386106624087,76.66772464655496,150,0.0,1.2869673745654973e-07,0.0,UNSAFE,RED
SYN_0316,16.514386106624087,76.66772464655496,200,0.0,5.092667297524912e-07,0.0,UNSAFE,RED
SYN_0317,5.197214566742789,78.5573723211549,0,0.0,2.0018738806939835e-05,0.0,UNSAFE,RED
SYN_0317,5.197214566742789,78.5573723211549,10,0.0,3.2132500438152514e-06,0.0,UNSAFE,RED
SYN_0317,5.197214566742789,78.5573723211549,25,0.0,1.6679314813829736e-06,0.0,UNSAFE,RED
SYN_0317,5.197214566742789,78.5573723211549,50,0.0,3.159524529278504e-07,0.0,UNSAFE,RED
SYN_0317,5.197214566742789,78.5573723211549,75,0.0,1.555501347378369e-07,0.0,UNSAFE,RED
SYN_0317,5.197214566742789,78.5573723211549,100,0.0,5.234308116520865e-07,0.0,UNSAFE,RED
SYN_0317,5.197214566742789,78.5573723211549,150,0.0,1.0459936636482347e-07,0.0,UNSAFE,RED
SYN_0317,5.197214566742789,78.5573723211549,200,0.0,2.8603966056477697e-08,0.0,UNSAFE,RED
SYN_0318,22.375144610731745,75.73109342021598,0,0.0,3.219073118255225e-05,0.0,UNSAFE,RED
SYN_0318,22.375144610731745,75.73109342021598,10,0.0,8.786054487870098e-06,0.0,UNSAFE,RED
SYN_0318,22.375144610731745,75.73109342021598,25,0.0,8.460326812374141e-07,0.0,UNSAFE,RED
SYN_0318,22.375144610731745,75.73109342021598,50,0.0,3.042302851871302e-07,0.0,UNSAFE,RED
SYN_0318,22.375144610731745,75.73109342021598,75,0.0,2.701158210862949e-07,0.0,UNSAFE,RED
SYN_0318,22.375144610731745,75.73109342021598,100,0.0,4.826418715584532e-07,0.0,UNSAFE,RED
SYN_0318,22.375144610731745,75.73109342021598,150,0.0,4.83667557848158e-10,0.0,UNSAFE,RED
SYN_0318,22.375144610731745,75.73109342021598,200,0.0,1.0863083488559025e-06,0.0,UNSAFE,RED
SYN_0319,19.345270507158546,80.29237468027236,0,0.0,4.7741292771823036e-05,0.0,UNSAFE,RED
SYN_0319,19.345270507158546,80.29237468027236,10,0.0,1.52456491754863e-05,0.0,UNSAFE,RED
SYN_0319,19.345270507158546,80.29237468027236,25,0.0,1.614036380860577e-06,0.0,UNSAFE,RED
SYN_0319,19.345270507158546,80.29237468027236,50,0.0,3.2506138943630003e-06,0.0,UNSAFE,RED
SYN_0319,19.345270507158546,80.29237468027236,75,0.0,1.0423543973450978e-06,0.0,UNSAFE,RED
SYN_0319,19.345270507158546,80.29237468027236,100,0.0,4.111032453416001e-06,0.0,UNSAFE,RED
SYN_0319,19.345270507158546,80.29237468027236,150,0.0,1.0386582077195586e-07,0.0,UNSAFE,RED
SYN_0319,19.345270507158546,80.29237468027236,200,0.0,4.085759013901034e-07,0.0,UNSAFE,RED
SYN_0320,5.279634259427295,80.43610936956469,0,0.0,2.436731787042735e-07,0.0,UNSAFE,RED
SYN_0320,5.279634259427295,80.43610936956469,10,0.0,1.3320127296342104e-06,0.0,UNSAFE,RED
SYN_0320,5.279634259427295,80.43610936956469,25,0.0,4.006357983512018e-06,0.0,UNSAFE,RED
SYN_0320,5.279634259427295,80.43610936956469,50,0.0,4.5390268085997823e-08,0.0,UNSAFE,RED
SYN_0320,5.279634259427295,80.43610936956469,75,0.0,1.2868543582493797e-07,0.0,UNSAFE,RED
SYN_0320,5.279634259427295,80.43610936956469,100,0.0,6.57328995492069e-07,0.0,UNSAFE,RED
SYN_0320,5.279634259427295,80.43610936956469,150,0.0,1.5049656039877373e-07,0.0,UNSAFE,RED
SYN_0320,5.279634259427295,80.43610936956469,200,0.0,7.641689837137873e-08,0.0,UNSAFE,RED
SYN_0321,12.31543037926044,83.99204294067263,0,0.0,2.792784506812901e-05,0.0,UNSAFE,RED
SYN_0321,12.31543037926044,83.99204294067263,10,0.0,2.8145502367834606e-06,0.0,UNSAFE,RED
SYN_0321,12.31543037926044,83.99204294067263,25,0.0,6.6165429650675475e-06,0.0,UNSAFE,RED
SYN_0321,12.31543037926044,83.99204294067263,50,0.0,1.2554733628249378e-07,0.0,UNSAFE,RED
SYN_0321,12.31543037926044,83.99204294067263,75,0.0,1.1647128865424735e-07,0.0,UNSAFE,RED
SYN_0321,12.31543037926044,83.99204294067263,100,0.0,6.054422128441308e-07,0.0,UNSAFE,RED
SYN_0321,12.31543037926044,83.99204294067263,150,0.0,9.615868106724369e-09,0.0,UNSAFE,RED
SYN_0321,12.31543037926044,83.99204294067263,200,0.0,9.229515413104913e-07,0.0,UNSAFE,RED
SYN_0322,22.54309800742389,82.35494780163461,0,0.0,2.2175007244841876e-05,0.0,UNSAFE,RED
SYN_0322,22.54309800742389,82.35494780163461,10,0.0,4.256229002543797e-06,0.0,UNSAFE,RED
SYN_0322,22.54309800742389,82.35494780163461,25,0.0,1.3294435141203507e-06,0.0,UNSAFE,RED
SYN_0322,22.54309800742389,82.35494780163461,50,0.0,6.323068854981582e-08,0.0,UNSAFE,RED
SYN_0322,22.54309800742389,82.35494780163461,75,0.0,4.406227805189829e-07,0.0,UNSAFE,RED
SYN_0322,22.54309800742389,82.35494780163461,100,0.0,6.572955135283838e-07,0.0,UNSAFE,RED
SYN_0322,22.54309800742389,82.35494780163461,150,0.0,1.9430560140756825e-07,0.0,UNSAFE,RED
SYN_0322,22.54309800742389,82.35494780163461,200,0.0,4.3077006654284077e-07,0.0,UNSAFE,RED
SYN_0323,18.38662357405478,77.65186536609994,0,0.0,3.2426130718160038e-06,0.0,UNSAFE,RED
SYN_0323,18.38662357405478,77.65186536609994,10,0.0,2.0230180801243744e-06,0.0,UNSAFE,RED
SYN_0323,18.38662357405478,77.65186536609994,25,0.0,3.0046190041023672e-06,0.0,UNSAFE,RED
SYN_0323,18.38662357405478,77.65186536609994,50,0.0,1.0813433090125634e-07,0.0,UNSAFE,RED
SYN_0323,18.38662357405478,77.65186536609994,75,0.0,2.902552414585375e-07,0.0,UNSAFE,RED
SYN_0323,18.38662357405478,77.65186536609994,100,0.0,5.807947315866757e-07,0.0,UNSAFE,RED
SYN_0323,18.38662357405478,77.65186536609994,150,0.0,3.1081780943286625e-07,0.0,UNSAFE,RED
SYN_0323,18.38662357405478,77.65186536609994,200,0.0,4.830290300302747e-07,0.0,UNSAFE,RED
SYN_0324,19.00612707767614,69.0339992526205,0,0.0,5.147650246785676e-06,0.0,UNSAFE,RED
SYN_0324,19.00612707767614,69.0339992526205,10,0.0,4.833154496960902e-06,0.0,UNSAFE,RED
SYN_0324,19.00612707767614,69.0339992526205,25,0.0,2.5252815273508454e-07,0.0,UNSAFE,RED
SYN_0324,19.00612707767614,69.0339992526205,50,0.0,1.1862547498203034e-06,0.0,UNSAFE,RED
SYN_0324,19.00612707767614,69.0339992526205,75,0.0,1.0500427629470602e-07,0.0,UNSAFE,RED
SYN_0324,19.00612707767614,69.0339992526205,100,0.0,1.4124844648019757e-06,0.0,UNSAFE,RED
SYN_0324,19.00612707767614,69.0339992526205,150,0.0,1.1828485398835951e-07,0.0,UNSAFE,RED
SYN_0324,19.00612707767614,69.0339992526205,200,0.0,4.912906839076288e-07,0.0,UNSAFE,RED
SYN_0325,22.146556470671054,67.08945971631873,0,0.0,5.767784097282475e-07,0.0,UNSAFE,RED
SYN_0325,22.146556470671054,67.08945971631873,10,0.0,6.877711532866832e-07,0.0,UNSAFE,RED
SYN_0325,22.146556470671054,67.08945971631873,25,0.0,4.418276540578035e-07,0.0,UNSAFE,RED
SYN_0325,22.146556470671054,67.08945971631873,50,0.0,4.2972641452795043e-07,0.0,UNSAFE,RED
SYN_0325,22.146556470671054,67.08945971631873,75,0.0,1.5970565561062921e-06,0.0,UNSAFE,RED
SYN_0325,22.146556470671054,67.08945971631873,100,0.0,2.2218859489885113e-06,0.0,UNSAFE,RED
SYN_0325,22.146556470671054,67.08945971631873,150,0.0,8.308628313576769e-07,0.0,UNSAFE,RED
SYN_0325,22.146556470671054,67.08945971631873,200,8.030819503760819e-06,7.897203912070441e-07,10.167906011501815,SAFE,GREEN
SYN_0326,15.273053436426592,78.89083948074548,0,0.0,1.5287971100232042e-05,0.0,UNSAFE,RED
SYN_0326,15.273053436426592,78.89083948074548,10,0.0,1.5772328313952227e-06,0.0,UNSAFE,RED
SYN_0326,15.273053436426592,78.89083948074548,25,0.0,4.161638459257204e-06,0.0,UNSAFE,RED
SYN_0326,15.273053436426592,78.89083948074548,50,0.0,3.573002400220118e-07,0.0,UNSAFE,RED
SYN_0326,15.273053436426592,78.89083948074548,75,0.0,1.820461268747171e-07,0.0,UNSAFE,RED
SYN_0326,15.273053436426592,78.89083948074548,100,0.0,1.8379277378258029e-06,0.0,UNSAFE,RED
SYN_0326,15.273053436426592,78.89083948074548,150,0.0,1.8335584144539904e-07,0.0,UNSAFE,RED
SYN_0326,15.273053436426592,78.89083948074548,200,0.0,1.9219446802559928e-07,0.0,UNSAFE,RED
SYN_0327,10.878454579430093,70.07825849340057,0,0.0,7.056447786663282e-06,0.0,UNSAFE,RED
SYN_0327,10.878454579430093,70.07825849340057,10,0.0,1.5726898892269187e-06,0.0,UNSAFE,RED
SYN_0327,10.878454579430093,70.07825849340057,25,0.0,1.2861105474389753e-06,0.0,UNSAFE,RED
SYN_0327,10.878454579430093,70.07825849340057,50,0.0,6.703381513510924e-07,0.0,UNSAFE,RED
SYN_0327,10.878454579430093,70.07825849340057,75,0.0,2.0539916695633299e-07,0.0,UNSAFE,RED
SYN_0327,10.878454579430093,70.07825849340057,100,0.0,1.1110289993156192e-06,0.0,UNSAFE,RED
SYN_0327,10.878454579430093,70.07825849340057,150,0.0,4.932736428971255e-07,0.0,UNSAFE,RED
SYN_0327,10.878454579430093,70.07825849340057,200,0.0,1.2096537231102068e-06,0.0,UNSAFE,RED
SYN_0328,6.61693603286508,82.49866648701297,0,0.0,8.202879093396619e-06,0.0,UNSAFE,RED
SYN_0328,6.61693603286508,82.49866648701297,10,0.0,6.936421642842634e-06,0.0,UNSAFE,RED
SYN_0328,6.61693603286508,82.49866648701297,25,0.0,2.2829287495243233e-06,0.0,UNSAFE,RED
SYN_0328,6.61693603286508,82.49866648701297,50,0.0,4.876469909423346e-07,0.0,UNSAFE,RED
SYN_0328,6.61693603286508,82.49866648701297,75,0.0,7.99948437094503e-07,0.0,UNSAFE,RED
SYN_0328,6.61693603286508,82.49866648701297,100,0.0,1.7860916071636933e-07,0.0,UNSAFE,RED
SYN_0328,6.61693603286508,82.49866648701297,150,0.0,1.7833717173708854e-08,0.0,UNSAFE,RED
SYN_0328,6.61693603286508,82.49866648701297,200,0.0,3.5639795249506913e-07,0.0,UNSAFE,RED
SYN_0329,21.027444997509185,66.40474611738962,0,0.0,2.3950090280285658e-05,0.0,UNSAFE,RED
SYN_0329,21.027444997509185,66.40474611738962,10,0.0,6.019814430628535e-06,0.0,UNSAFE,RED
SYN_0329,21.027444997509185,66.40474611738962,25,0.0,3.097218418981063e-07,0.0,UNSAFE,RED
SYN_0329,21.027444997509185,66.40474611738962,50,0.0,1.2239292898618218e-06,0.0,UNSAFE,RED
SYN_0329,21.027444997509185,66.40474611738962,75,0.0,8.144818769230014e-07,0.0,UNSAFE,RED
SYN_0329,21.027444997509185,66.40474611738962,100,0.0,1.0288755310501919e-06,0.0,UNSAFE,RED
SYN_0329,21.027444997509185,66.40474611738962,150,0.0,3.456012564735215e-07,0.0,UNSAFE,RED
SYN_0329,21.027444997509185,66.40474611738962,200,0.0,3.428751418455434e-07,0.0,UNSAFE,RED
SYN_0330,14.206539695556655,76.32933211959269,0,0.0,9.611564159757197e-05,0.0,UNSAFE,RED
SYN_0330,14.206539695556655,76.32933211959269,10,0.0,2.0057236078268636e-05,0.0,UNSAFE,RED
SYN_0330,14.206539695556655,76.32933211959269,25,0.0,3.5041637385110842e-06,0.0,UNSAFE,RED
SYN_0330,14.206539695556655,76.32933211959269,50,0.0,1.471360279017318e-07,0.0,UNSAFE,RED
SYN_0330,14.206539695556655,76.32933211959269,75,0.0,1.9168094166929193e-07,0.0,UNSAFE,RED
SYN_0330,14.206539695556655,76.32933211959269,100,0.0,8.259996889997304e-08,0.0,UNSAFE,RED
SYN_0330,14.206539695556655,76.32933211959269,150,0.0,2.3368446251412057e-07,0.0,UNSAFE,RED
SYN_0330,14.206539695556655,76.32933211959269,200,0.0,5.807158209198913e-07,0.0,UNSAFE,RED
SYN_0331,15.646954559092576,70.35333519538885,0,0.0,2.1006643985656957e-05,0.0,UNSAFE,RED
SYN_0331,15.646954559092576,70.35333519538885,10,0.0,3.685116448193083e-06,0.0,UNSAFE,RED
SYN_0331,15.646954559092576,70.35333519538885,25,0.0,2.100074523683772e-06,0.0,UNSAFE,RED
SYN_0331,15.646954559092576,70.35333519538885,50,0.0,4.70926678941082e-07,0.0,UNSAFE,RED
SYN_0331,15.646954559092576,70.35333519538885,75,0.0,4.24714712779549e-07,0.0,UNSAFE,RED
SYN_0331,15.646954559092576,70.35333519538885,100,0.0,3.338037305273852e-07,0.0,UNSAFE,RED
SYN_0331,15.646954559092576,70.35333519538885,150,0.0,1.366232793247805e-07,0.0,UNSAFE,RED
SYN_0331,15.646954559092576,70.35333519538885,200,0.0,3.311554430465101e-07,0.0,UNSAFE,RED
SYN_0332,20.33245330348972,72.24357515116293,0,0.0,9.547096741756196e-06,0.0,UNSAFE,RED
SYN_0332,20.33245330348972,72.24357515116293,10,0.0,5.924886411951195e-06,0.0,UNSAFE,RED
SYN_0332,20.33245330348972,72.24357515116293,25,0.0,3.6048911488487538e-06,0.0,UNSAFE,RED
SYN_0332,20.33245330348972,72.24357515116293,50,0.0,4.093551756364705e-07,0.0,UNSAFE,RED
SYN_0332,20.33245330348972,72.24357515116293,75,0.0,2.4206812096083956e-07,0.0,UNSAFE,RED
SYN_0332,20.33245330348972,72.24357515116293,100,0.0,9.487047002035788e-08,0.0,UNSAFE,RED
SYN_0332,20.33245330348972,72.24357515116293,150,0.0,5.294471919013963e-08,0.0,UNSAFE,RED
SYN_0332,20.33245330348972,72.24357515116293,200,0.0,9.02989299419094e-07,0.0,UNSAFE,RED
SYN_0333,22.322575045846325,79.84841023742797,0,0.0,7.129961903870624e-06,0.0,UNSAFE,RED
SYN_0333,22.322575045846325,79.84841023742797,10,0.0,4.301639581534582e-06,0.0,UNSAFE,RED
SYN_0333,22.322575045846325,79.84841023742797,25,0.0,4.1016308731952856e-07,0.0,UNSAFE,RED
SYN_0333,22.322575045846325,79.84841023742797,50,0.0,7.754860898633988e-07,0.0,UNSAFE,RED
SYN_0333,22.322575045846325,79.84841023742797,75,0.0,1.094330423356751e-06,0.0,UNSAFE,RED
SYN_0333,22.322575045846325,79.84841023742797,100,0.0,9.309653098912089e-07,0.0,UNSAFE,RED
SYN_0333,22.322575045846325,79.84841023742797,150,0.0,9.268683887365597e-09,0.0,UNSAFE,RED
SYN_0333,22.322575045846325,79.84841023742797,200,0.0,1.099483236553986e-08,0.0,UNSAFE,RED
SYN_0334,15.679130938698677,66.23360592506191,0,0.0,2.7267296541975127e-05,0.0,UNSAFE,RED
SYN_0334,15.679130938698677,66.23360592506191,10,0.0,7.43717758663885e-06,0.0,UNSAFE,RED
SYN_0334,15.679130938698677,66.23360592506191,25,0.0,2.3687804477859167e-07,0.0,UNSAFE,RED
SYN_0334,15.679130938698677,66.23360592506191,50,0.0,2.4539950358272453e-07,0.0,UNSAFE,RED
SYN_0334,15.679130938698677,66.23360592506191,75,0.0,7.361890216700519e-07,0.0,UNSAFE,RED
SYN_0334,15.679130938698677,66.23360592506191,100,0.0,5.636810235218543e-07,0.0,UNSAFE,RED
SYN_0334,15.679130938698677,66.23360592506191,150,0.0,1.8986541636382795e-07,0.0,UNSAFE,RED
SYN_0334,15.679130938698677,66.23360592506191,200,0.0,3.7185435911870147e-07,0.0,UNSAFE,RED
SYN_0335,7.564598946075483,70.30361750260646,0,0.0,1.1024338175510701e-07,0.0,UNSAFE,RED
SYN_0335,7.564598946075483,70.30361750260646,10,0.0,3.154106084546312e-08,0.0,UNSAFE,RED
SYN_0335,7.564598946075483,70.30361750260646,25,0.0,2.0777284469676576e-07,0.0,UNSAFE,RED
SYN_0335,7.564598946075483,70.30361750260646,50,0.0,3.4953734563546285e-07,0.0,UNSAFE,RED
SYN_0335,7.564598946075483,70.30361750260646,75,0.0,2.9911817085052763e-08,0.0,UNSAFE,RED
SYN_0335,7.564598946075483,70.30361750260646,100,0.0,3.5473513558695047e-07,0.0,UNSAFE,RED
SYN_0335,7.564598946075483,70.30361750260646,150,0.0,1.0290802365757647e-07,0.0,UNSAFE,RED
SYN_0335,7.564598946075483,70.30361750260646,200,0.0,7.918937759923317e-07,0.0,UNSAFE,RED
SYN_0336,13.269942741267435,73.47171653758159,0,0.0,8.118722569115495e-06,0.0,UNSAFE,RED
SYN_0336,13.269942741267435,73.47171653758159,10,0.0,4.120759644403269e-06,0.0,UNSAFE,RED
SYN_0336,13.269942741267435,73.47171653758159,25,0.0,2.0941037950305816e-06,0.0,UNSAFE,RED
SYN_0336,13.269942741267435,73.47171653758159,50,0.0,1.4080606617892342e-06,0.0,UNSAFE,RED
SYN_0336,13.269942741267435,73.47171653758159,75,0.0,8.932600101974069e-07,0.0,UNSAFE,RED
SYN_0336,13.269942741267435,73.47171653758159,100,0.0,1.0497143869597768e-06,0.0,UNSAFE,RED
SYN_0336,13.269942741267435,73.47171653758159,150,0.0,2.826741096157838e-08,0.0,UNSAFE,RED
SYN_0336,13.269942741267435,73.47171653758159,200,0.0,2.771242464028753e-08,0.0,UNSAFE,RED
SYN_0337,12.9966491870041,65.68089012400529,0,0.0,1.3152639961052247e-05,0.0,UNSAFE,RED
SYN_0337,12.9966491870041,65.68089012400529,10,0.0,3.2447864845627386e-06,0.0,UNSAFE,RED
SYN_0337,12.9966491870041,65.68089012400529,25,0.0,4.68126869592602e-07,0.0,UNSAFE,RED
SYN_0337,12.9966491870041,65.68089012400529,50,0.0,5.673350479362548e-07,0.0,UNSAFE,RED
SYN_0337,12.9966491870041,65.68089012400529,75,0.0,2.2650984543748135e-07,0.0,UNSAFE,RED
SYN_0337,12.9966491870041,65.68089012400529,100,0.0,4.053345605555096e-07,0.0,UNSAFE,RED
SYN_0337,12.9966491870041,65.68089012400529,150,0.0,1.757901807661819e-08,0.0,UNSAFE,RED
SYN_0337,12.9966491870041,65.68089012400529,200,0.0,3.309347556575516e-07,0.0,UNSAFE,RED
SYN_0338,7.636732356070284,78.28688582929429,0,0.0,2.627937148387438e-05,0.0,UNSAFE,RED
SYN_0338,7.636732356070284,78.28688582929429,10,0.0,1.235836253350214e-05,0.0,UNSAFE,RED
SYN_0338,7.636732356070284,78.28688582929429,25,0.0,1.0109404436731373e-06,0.0,UNSAFE,RED
SYN_0338,7.636732356070284,78.28688582929429,50,0.0,8.520476555102159e-07,0.0,UNSAFE,RED
SYN_0338,7.636732356070284,78.28688582929429,75,0.0,2.578614795380602e-06,0.0,UNSAFE,RED
SYN_0338,7.636732356070284,78.28688582929429,100,0.0,1.1679368281372046e-06,0.0,UNSAFE,RED
SYN_0338,7.636732356070284,78.28688582929429,150,0.0,6.012680033304564e-07,0.0,UNSAFE,RED
SYN_0338,7.636732356070284,78.28688582929429,200,0.0,1.5361436949103903e-07,0.0,UNSAFE,RED
SYN_0339,18.7770372460133,83.4737868204374,0,0.0,5.229427491319956e-06,0.0,UNSAFE,RED
SYN_0339,18.7770372460133,83.4737868204374,10,0.0,1.2440564593823594e-06,0.0,UNSAFE,RED
SYN_0339,18.7770372460133,83.4737868204374,25,0.0,2.941839814004053e-06,0.0,UNSAFE,RED
SYN_0339,18.7770372460133,83.4737868204374,50,0.0,5.547435117482262e-07,0.0,UNSAFE,RED
SYN_0339,18.7770372460133,83.4737868204374,75,0.0,4.264405945148374e-07,0.0,UNSAFE,RED
SYN_0339,18.7770372460133,83.4737868204374,100,0.0,4.4624831558090924e-09,0.0,UNSAFE,RED
SYN_0339,18.7770372460133,83.4737868204374,150,0.0,6.519364911950451e-08,0.0,UNSAFE,RED
SYN_0339,18.7770372460133,83.4737868204374,200,0.0,7.875353070425435e-07,0.0,UNSAFE,RED
SYN_0340,9.881891449852048,79.58026842585937,0,0.0,2.7319246295495508e-05,0.0,UNSAFE,RED
SYN_0340,9.881891449852048,79.58026842585937,10,0.0,5.331240615003075e-06,0.0,UNSAFE,RED
SYN_0340,9.881891449852048,79.58026842585937,25,0.0,2.1658439379091803e-06,0.0,UNSAFE,RED
SYN_0340,9.881891449852048,79.58026842585937,50,0.0,4.4240303487601353e-07,0.0,UNSAFE,RED
SYN_0340,9.881891449852048,79.58026842585937,75,0.0,2.6539792360998313e-08,0.0,UNSAFE,RED
SYN_0340,9.881891449852048,79.58026842585937,100,0.0,8.016989350995407e-07,0.0,UNSAFE,RED
SYN_0340,9.881891449852048,79.58026842585937,150,0.0,3.282642748981895e-08,0.0,UNSAFE,RED
SYN_0340,9.881891449852048,79.58026842585937,200,0.0,3.759525277370419e-07,0.0,UNSAFE,RED
SYN_0341,17.68257621733606,67.53443341905354,0,0.0,1.0663562715068223e-06,0.0,UNSAFE,RED
SYN_0341,17.68257621733606,67.53443341905354,10,0.0,1.1010443062543388e-07,0.0,UNSAFE,RED
SYN_0341,17.68257621733606,67.53443341905354,25,0.0,1.989462637380173e-09,0.0,UNSAFE,RED
SYN_0341,17.68257621733606,67.53443341905354,50,0.0,2.0140935366971055e-07,0.0,UNSAFE,RED
SYN_0341,17.68257621733606,67.53443341905354,75,0.0,4.6694316478217e-08,0.0,UNSAFE,RED
SYN_0341,17.68257621733606,67.53443341905354,100,0.0,3.9389273644748487e-07,0.0,UNSAFE,RED
SYN_0341,17.68257621733606,67.53443341905354,150,0.0,2.2719106159797243e-07,0.0,UNSAFE,RED
SYN_0341,17.68257621733606,67.53443341905354,200,0.0,6.49880016113768e-07,0.0,UNSAFE,RED
SYN_0342,10.202319660307984,83.83809945676659,0,0.0,4.413259646109189e-05,0.0,UNSAFE,RED
SYN_0342,10.202319660307984,83.83809945676659,10,0.0,6.4811200611946e-06,0.0,UNSAFE,RED
SYN_0342,10.202319660307984,83.83809945676659,25,0.0,4.446744859591468e-06,0.0,UNSAFE,RED
SYN_0342,10.202319660307984,83.83809945676659,50,0.0,2.1464043841626518e-07,0.0,UNSAFE,RED
SYN_0342,10.202319660307984,83.83809945676659,75,0.0,2.6429919515761917e-07,0.0,UNSAFE,RED
SYN_0342,10.202319660307984,83.83809945676659,100,0.0,2.511505479421343e-07,0.0,UNSAFE,RED
SYN_0342,10.202319660307984,83.83809945676659,150,0.0,4.2029327635074796e-07,0.0,UNSAFE,RED
SYN_0342,10.202319660307984,83.83809945676659,200,0.0,1.0159352202611444e-06,0.0,UNSAFE,RED
SYN_0343,10.550933185960483,75.4476661085347,0,0.0,4.969582739774053e-06,0.0,UNSAFE,RED
SYN_0343,10.550933185960483,75.4476661085347,10,0.0,4.972435374255328e-06,0.0,UNSAFE,RED
SYN_0343,10.550933185960483,75.4476661085347,25,0.0,1.7942280698407985e-06,0.0,UNSAFE,RED
SYN_0343,10.550933185960483,75.4476661085347,50,0.0,2.7643024097080023e-06,0.0,UNSAFE,RED
SYN_0343,10.550933185960483,75.4476661085347,75,0.0,1.0002482430384114e-06,0.0,UNSAFE,RED
SYN_0343,10.550933185960483,75.4476661085347,100,0.0,2.1987164236614635e-06,0.0,UNSAFE,RED
SYN_0343,10.550933185960483,75.4476661085347,150,0.0,4.688968066674463e-07,0.0,UNSAFE,RED
SYN_0343,10.550933185960483,75.4476661085347,200,0.0,2.685173790521026e-07,0.0,UNSAFE,RED
SYN_0344,13.054647397339323,71.86861176038987,0,0.0,4.845395203833555e-06,0.0,UNSAFE,RED
SYN_0344,13.054647397339323,71.86861176038987,10,0.0,1.1308649317463641e-06,0.0,UNSAFE,RED
SYN_0344,13.054647397339323,71.86861176038987,25,0.0,1.4007846463173123e-06,0.0,UNSAFE,RED
SYN_0344,13.054647397339323,71.86861176038987,50,0.0,6.336413700304086e-07,0.0,UNSAFE,RED
SYN_0344,13.054647397339323,71.86861176038987,75,0.0,2.5688021539716305e-07,0.0,UNSAFE,RED
SYN_0344,13.054647397339323,71.86861176038987,100,0.0,1.6234390751311787e-06,0.0,UNSAFE,RED
SYN_0344,13.054647397339323,71.86861176038987,150,0.0,6.089522663464747e-08,0.0,UNSAFE,RED
SYN_0344,13.054647397339323,71.86861176038987,200,1.909439003534454e-05,4.4136100099658774e-07,43.2527221934427,SAFE,GREEN
SYN_0345,15.144751104151142,81.08045579038262,0,0.0,1.0737755236904693e-05,0.0,UNSAFE,RED
SYN_0345,15.144751104151142,81.08045579038262,10,0.0,3.6034900541827846e-06,0.0,UNSAFE,RED
SYN_0345,15.144751104151142,81.08045579038262,25,0.0,1.007794406964889e-06,0.0,UNSAFE,RED
SYN_0345,15.144751104151142,81.08045579038262,50,0.0,5.546009529709746e-07,0.0,UNSAFE,RED
SYN_0345,15.144751104151142,81.08045579038262,75,0.0,8.940073159814721e-07,0.0,UNSAFE,RED
SYN_0345,15.144751104151142,81.08045579038262,100,0.0,2.17458761334852e-08,0.0,UNSAFE,RED
SYN_0345,15.144751104151142,81.08045579038262,150,0.0,2.910222627993691e-07,0.0,UNSAFE,RED
SYN_0345,15.144751104151142,81.08045579038262,200,0.0,6.600748668995917e-07,0.0,UNSAFE,RED
SYN_0346,22.21860965157392,81.43293194329,0,0.0,7.616505989023685e-07,0.0,UNSAFE,RED
SYN_0346,22.21860965157392,81.43293194329,10,0.0,9.653459199255562e-07,0.0,UNSAFE,RED
SYN_0346,22.21860965157392,81.43293194329,25,0.0,3.0286080757774677e-06,0.0,UNSAFE,RED
SYN_0346,22.21860965157392,81.43293194329,50,0.0,1.7268047175085687e-06,0.0,UNSAFE,RED
SYN_0346,22.21860965157392,81.43293194329,75,0.0,1.373583324308577e-06,0.0,UNSAFE,RED
SYN_0346,22.21860965157392,81.43293194329,100,0.0,3.6226727290003584e-06,0.0,UNSAFE,RED
SYN_0346,22.21860965157392,81.43293194329,150,0.0,2.2009978531439945e-07,0.0,UNSAFE,RED
SYN_0346,22.21860965157392,81.43293194329,200,0.0,4.158587460984634e-07,0.0,UNSAFE,RED
SYN_0347,11.70219720073888,82.26108786231899,0,0.0,3.9792550607362895e-06,0.0,UNSAFE,RED
SYN_0347,11.70219720073888,82.26108786231899,10,0.0,2.358141752241206e-06,0.0,UNSAFE,RED
SYN_0347,11.70219720073888,82.26108786231899,25,0.0,6.278487663591187e-06,0.0,UNSAFE,RED
SYN_0347,11.70219720073888,82.26108786231899,50,0.0,3.928556414837497e-07,0.0,UNSAFE,RED
SYN_0347,11.70219720073888,82.26108786231899,75,0.0,2.672997430913724e-07,0.0,UNSAFE,RED
SYN_0347,11.70219720073888,82.26108786231899,100,0.0,2.5038751278868566e-06,0.0,UNSAFE,RED
SYN_0347,11.70219720073888,82.26108786231899,150,0.0,1.237297164920276e-07,0.0,UNSAFE,RED
SYN_0347,11.70219720073888,82.26108786231899,200,0.0,8.619061437364207e-08,0.0,UNSAFE,RED
SYN_0348,10.481084148590956,66.30385604369383,0,0.0,7.465847965173771e-06,0.0,UNSAFE,RED
SYN_0348,10.481084148590956,66.30385604369383,10,0.0,2.3514616673063284e-06,0.0,UNSAFE,RED
SYN_0348,10.481084148590956,66.30385604369383,25,0.0,6.136211813808717e-08,0.0,UNSAFE,RED
SYN_0348,10.481084148590956,66.30385604369383,50,0.0,6.998374928551613e-08,0.0,UNSAFE,RED
SYN_0348,10.481084148590956,66.30385604369383,75,0.0,7.2427602151098e-07,0.0,UNSAFE,RED
SYN_0348,10.481084148590956,66.30385604369383,100,0.0,1.8492007015743024e-07,0.0,UNSAFE,RED
SYN_0348,10.481084148590956,66.30385604369383,150,0.0,5.3904680307483904e-09,0.0,UNSAFE,RED
SYN_0348,10.481084148590956,66.30385604369383,200,0.0,6.564736276886845e-07,0.0,UNSAFE,RED
SYN_0349,20.242169333948752,73.5864233387541,0,0.0,2.0131990514067788e-05,0.0,UNSAFE,RED
SYN_0349,20.242169333948752,73.5864233387541,10,0.0,7.3829701822105494e-06,0.0,UNSAFE,RED
SYN_0349,20.242169333948752,73.5864233387541,25,0.0,1.7676979812284044e-06,0.0,UNSAFE,RED
SYN_0349,20.242169333948752,73.5864233387541,50,0.0,1.263197250531767e-07,0.0,UNSAFE,RED
SYN_0349,20.242169333948752,73.5864233387541,75,0.0,8.126006673962676e-07,0.0,UNSAFE,RED
SYN_0349,20.242169333948752,73.5864233387541,100,0.0,8.823932199568228e-08,0.0,UNSAFE,RED
SYN_0349,20.242169333948752,73.5864233387541,150,0.0,5.058299524607687e-08,0.0,UNSAFE,RED
SYN_0349,20.242169333948752,73.5864233387541,200,0.0,8.358759169893198e-08,0.0,UNSAFE,RED
SYN_0350,11.576905764179791,78.06977864116496,0,0.0,2.090391670740688e-06,0.0,UNSAFE,RED
SYN_0350,11.576905764179791,78.06977864116496,10,0.0,7.668259563268381e-07,0.0,UNSAFE,RED
SYN_0350,11.576905764179791,78.06977864116496,25,0.0,3.8514648361806436e-07,0.0,UNSAFE,RED
SYN_0350,11.576905764179791,78.06977864116496,50,0.0,4.551489013450391e-07,0.0,UNSAFE,RED
SYN_0350,11.576905764179791,78.06977864116496,75,0.0,1.297206156565603e-07,0.0,UNSAFE,RED
SYN_0350,11.576905764179791,78.06977864116496,100,0.0,1.1472978664041987e-06,0.0,UNSAFE,RED
SYN_0350,11.576905764179791,78.06977864116496,150,0.0,2.2446000869816682e-07,0.0,UNSAFE,RED
SYN_0350,11.576905764179791,78.06977864116496,200,0.0,3.001880437797593e-07,0.0,UNSAFE,RED
SYN_0351,20.3614797162124,68.28595967904944,0,0.0,2.2118892234216276e-05,0.0,UNSAFE,RED
SYN_0351,20.3614797162124,68.28595967904944,10,0.0,4.753729786361064e-06,0.0,UNSAFE,RED
SYN_0351,20.3614797162124,68.28595967904944,25,0.0,1.1514524979333198e-06,0.0,UNSAFE,RED
SYN_0351,20.3614797162124,68.28595967904944,50,0.0,4.6451432218647836e-07,0.0,UNSAFE,RED
SYN_0351,20.3614797162124,68.28595967904944,75,0.0,2.488428698193062e-07,0.0,UNSAFE,RED
SYN_0351,20.3614797162124,68.28595967904944,100,0.0,1.39711398384499e-06,0.0,UNSAFE,RED
SYN_0351,20.3614797162124,68.28595967904944,150,0.0,9.968771814846002e-08,0.0,UNSAFE,RED
SYN_0351,20.3614797162124,68.28595967904944,200,0.0,7.84736079664139e-07,0.0,UNSAFE,RED
SYN_0352,6.487952487438971,81.33151226718559,0,0.0,3.3736106191205682e-06,0.0,UNSAFE,RED
SYN_0352,6.487952487438971,81.33151226718559,10,0.0,4.924651884466526e-06,0.0,UNSAFE,RED
SYN_0352,6.487952487438971,81.33151226718559,25,0.0,2.617093599674209e-06,0.0,UNSAFE,RED
SYN_0352,6.487952487438971,81.33151226718559,50,0.0,3.534729865131061e-07,0.0,UNSAFE,RED
SYN_0352,6.487952487438971,81.33151226718559,75,0.0,9.179462451941503e-07,0.0,UNSAFE,RED
SYN_0352,6.487952487438971,81.33151226718559,100,0.0,1.6505312096660179e-07,0.0,UNSAFE,RED
SYN_0352,6.487952487438971,81.33151226718559,150,0.0,1.456988205553595e-08,0.0,UNSAFE,RED
SYN_0352,6.487952487438971,81.33151226718559,200,0.0,7.130812120899424e-07,0.0,UNSAFE,RED
SYN_0353,14.535904478007664,67.65164360362358,0,0.0,2.3933122056048034e-05,0.0,UNSAFE,RED
SYN_0353,14.535904478007664,67.65164360362358,10,0.0,4.619478018190184e-06,0.0,UNSAFE,RED
SYN_0353,14.535904478007664,67.65164360362358,25,0.0,1.8167269392309498e-06,0.0,UNSAFE,RED
SYN_0353,14.535904478007664,67.65164360362358,50,0.0,7.112521111590075e-07,0.0,UNSAFE,RED
SYN_0353,14.535904478007664,67.65164360362358,75,0.0,1.3902217330835827e-07,0.0,UNSAFE,RED
SYN_0353,14.535904478007664,67.65164360362358,100,0.0,1.0933874902941575e-06,0.0,UNSAFE,RED
SYN_0353,14.535904478007664,67.65164360362358,150,0.0,5.134799727746074e-07,0.0,UNSAFE,RED
SYN_0353,14.535904478007664,67.65164360362358,200,0.0,1.173266972520848e-06,0.0,UNSAFE,RED
SYN_0354,16.773779486720322,80.56791228706423,0,0.0,1.6110144493918632e-06,0.0,UNSAFE,RED
SYN_0354,16.773779486720322,80.56791228706423,10,0.0,7.783055494014442e-07,0.0,UNSAFE,RED
SYN_0354,16.773779486720322,80.56791228706423,25,0.0,3.7029477800972816e-07,0.0,UNSAFE,RED
SYN_0354,16.773779486720322,80.56791228706423,50,0.0,9.586139728338616e-08,0.0,UNSAFE,RED
SYN_0354,16.773779486720322,80.56791228706423,75,0.0,4.358697858931558e-07,0.0,UNSAFE,RED
SYN_0354,16.773779486720322,80.56791228706423,100,0.0,5.848856174769726e-07,0.0,UNSAFE,RED
SYN_0354,16.773779486720322,80.56791228706423,150,0.0,2.690992298038289e-08,0.0,UNSAFE,RED
SYN_0354,16.773779486720322,80.56791228706423,200,0.0,7.11506135174738e-07,0.0,UNSAFE,RED
SYN_0355,19.029812310587264,79.32738110228087,0,0.0,4.0114332525278264e-05,0.0,UNSAFE,RED
SYN_0355,19.029812310587264,79.32738110228087,10,0.0,7.519192901030748e-06,0.0,UNSAFE,RED
SYN_0355,19.029812310587264,79.32738110228087,25,0.0,3.7300331695670773e-06,0.0,UNSAFE,RED
SYN_0355,19.029812310587264,79.32738110228087,50,0.0,9.401505100331741e-07,0.0,UNSAFE,RED
SYN_0355,19.029812310587264,79.32738110228087,75,0.0,4.739905306393124e-07,0.0,UNSAFE,RED
SYN_0355,19.029812310587264,79.32738110228087,100,0.0,2.720248742522949e-08,0.0,UNSAFE,RED
SYN_0355,19.029812310587264,79.32738110228087,150,0.0,1.5001490019570905e-07,0.0,UNSAFE,RED
SYN_0355,19.029812310587264,79.32738110228087,200,0.0,1.016461341139916e-06,0.0,UNSAFE,RED
SYN_0356,20.12663572960318,80.59924404777558,0,0.0,1.20488893078461e-05,0.0,UNSAFE,RED
SYN_0356,20.12663572960318,80.59924404777558,10,0.0,2.3658010051038187e-06,0.0,UNSAFE,RED
SYN_0356,20.12663572960318,80.59924404777558,25,0.0,3.5221691452065965e-07,0.0,UNSAFE,RED
SYN_0356,20.12663572960318,80.59924404777558,50,0.0,4.773931947272865e-07,0.0,UNSAFE,RED
SYN_0356,20.12663572960318,80.59924404777558,75,0.0,5.914263826149123e-07,0.0,UNSAFE,RED
SYN_0356,20.12663572960318,80.59924404777558,100,0.0,3.439414557475855e-07,0.0,UNSAFE,RED
SYN_0356,20.12663572960318,80.59924404777558,150,0.0,1.0362719362190188e-07,0.0,UNSAFE,RED
SYN_0356,20.12663572960318,80.59924404777558,200,0.0,4.3252504850999976e-07,0.0,UNSAFE,RED
SYN_0357,15.983113815804783,79.43706321066225,0,0.0,4.4345306369019955e-06,0.0,UNSAFE,RED
SYN_0357,15.983113815804783,79.43706321066225,10,0.0,2.5384911473819935e-07,0.0,UNSAFE,RED
SYN_0357,15.983113815804783,79.43706321066225,25,0.0,1.4141752284122125e-06,0.0,UNSAFE,RED
SYN_0357,15.983113815804783,79.43706321066225,50,0.0,1.2902771717211563e-07,0.0,UNSAFE,RED
SYN_0357,15.983113815804783,79.43706321066225,75,0.0,3.165077457737363e-08,0.0,UNSAFE,RED
SYN_0357,15.983113815804783,79.43706321066225,100,0.0,1.5226133802747583e-08,0.0,UNSAFE,RED
SYN_0357,15.983113815804783,79.43706321066225,150,0.0,1.4681419132410142e-07,0.0,UNSAFE,RED
SYN_0357,15.983113815804783,79.43706321066225,200,0.0,4.004509876795727e-07,0.0,UNSAFE,RED
SYN_0358,10.500805178814668,67.8365765737535,0,0.0,1.0661640329894336e-06,0.0,UNSAFE,RED
SYN_0358,10.500805178814668,67.8365765737535,10,0.0,1.0213393460801292e-07,0.0,UNSAFE,RED
SYN_0358,10.500805178814668,67.8365765737535,25,0.0,3.246983881766662e-07,0.0,UNSAFE,RED
SYN_0358,10.500805178814668,67.8365765737535,50,0.0,8.052370162323647e-07,0.0,UNSAFE,RED
SYN_0358,10.500805178814668,67.8365765737535,75,0.0,7.160483282826402e-08,0.0,UNSAFE,RED
SYN_0358,10.500805178814668,67.8365765737535,100,0.0,1.8013602030211292e-07,0.0,UNSAFE,RED
SYN_0358,10.500805178814668,67.8365765737535,150,0.0,9.49193597566175e-08,0.0,UNSAFE,RED
SYN_0358,10.500805178814668,67.8365765737535,200,0.0,1.0572342879525272e-07,0.0,UNSAFE,RED
SYN_0359,23.199101265452185,83.31183971029739,0,0.0,2.0839903368498967e-06,0.0,UNSAFE,RED
SYN_0359,23.199101265452185,83.31183971029739,10,0.0,8.95208226071668e-07,0.0,UNSAFE,RED
SYN_0359,23.199101265452185,83.31183971029739,25,0.0,5.426013173978717e-07,0.0,UNSAFE,RED
SYN_0359,23.199101265452185,83.31183971029739,50,0.0,3.610111777359502e-08,0.0,UNSAFE,RED
SYN_0359,23.199101265452185,83.31183971029739,75,0.0,1.7406062989818843e-07,0.0,UNSAFE,RED
SYN_0359,23.199101265452185,83.31183971029739,100,0.0,3.897329492931643e-08,0.0,UNSAFE,RED
SYN_0359,23.199101265452185,83.31183971029739,150,0.0,9.011335399905338e-08,0.0,UNSAFE,RED
SYN_0359,23.199101265452185,83.31183971029739,200,0.0,8.212175473685385e-07,0.0,UNSAFE,RED
SYN_0360,12.920486926046925,84.66482872944798,0,0.0,3.3074090302022886e-06,0.0,UNSAFE,RED
SYN_0360,12.920486926046925,84.66482872944798,10,0.0,1.5825368772832147e-06,0.0,UNSAFE,RED
SYN_0360,12.920486926046925,84.66482872944798,25,0.0,6.085639421632068e-07,0.0,UNSAFE,RED
SYN_0360,12.920486926046925,84.66482872944798,50,0.0,7.358416360781924e-08,0.0,UNSAFE,RED
SYN_0360,12.920486926046925,84.66482872944798,75,0.0,7.212414509219028e-07,0.0,UNSAFE,RED
SYN_0360,12.920486926046925,84.66482872944798,100,0.0,4.987124375070796e-07,0.0,UNSAFE,RED
SYN_0360,12.920486926046925,84.66482872944798,150,0.0,5.165851161474693e-08,0.0,UNSAFE,RED
SYN_0360,12.920486926046925,84.66482872944798,200,0.0,6.756906725202205e-07,0.0,UNSAFE,RED
SYN_0361,22.50658165275816,68.7871245536133,0,0.0,1.6949008972474585e-05,0.0,UNSAFE,RED
SYN_0361,22.50658165275816,68.7871245536133,10,0.0,3.7212398242628467e-06,0.0,UNSAFE,RED
SYN_0361,22.50658165275816,68.7871245536133,25,0.0,4.217748766185749e-06,0.0,UNSAFE,RED
SYN_0361,22.50658165275816,68.7871245536133,50,0.0,1.164079327050417e-07,0.0,UNSAFE,RED
SYN_0361,22.50658165275816,68.7871245536133,75,0.0,6.403332187867876e-07,0.0,UNSAFE,RED
SYN_0361,22.50658165275816,68.7871245536133,100,0.0,2.844668362577101e-07,0.0,UNSAFE,RED
SYN_0361,22.50658165275816,68.7871245536133,150,0.0,6.725278638147929e-08,0.0,UNSAFE,RED
SYN_0361,22.50658165275816,68.7871245536133,200,0.0,7.104812358041052e-08,0.0,UNSAFE,RED
SYN_0362,7.221048887562187,79.45524065679393,0,0.0,3.3020517761585846e-06,0.0,UNSAFE,RED
SYN_0362,7.221048887562187,79.45524065679393,10,0.0,1.3203627403191122e-07,0.0,UNSAFE,RED
SYN_0362,7.221048887562187,79.45524065679393,25,0.0,1.901716766036707e-06,0.0,UNSAFE,RED
SYN_0362,7.221048887562187,79.45524065679393,50,0.0,1.5631794757683352e-07,0.0,UNSAFE,RED
SYN_0362,7.221048887562187,79.45524065679393,75,0.0,7.971111693899576e-07,0.0,UNSAFE,RED
SYN_0362,7.221048887562187,79.45524065679393,100,0.0,4.837478924166266e-07,0.0,UNSAFE,RED
SYN_0362,7.221048887562187,79.45524065679393,150,0.0,6.517086052790441e-09,0.0,UNSAFE,RED
SYN_0362,7.221048887562187,79.45524065679393,200,0.0,2.1501204243885985e-07,0.0,UNSAFE,RED
SYN_0363,16.747164124377903,74.04365370723389,0,0.0,1.3344699049532678e-05,0.0,UNSAFE,RED
SYN_0363,16.747164124377903,74.04365370723389,10,0.0,2.7598716959333134e-06,0.0,UNSAFE,RED
SYN_0363,16.747164124377903,74.04365370723389,25,0.0,1.9138466163376086e-06,0.0,UNSAFE,RED
SYN_0363,16.747164124377903,74.04365370723389,50,0.0,4.908532847783287e-07,0.0,UNSAFE,RED
SYN_0363,16.747164124377903,74.04365370723389,75,0.0,1.652644742460196e-07,0.0,UNSAFE,RED
SYN_0363,16.747164124377903,74.04365370723389,100,0.0,1.955270156858926e-06,0.0,UNSAFE,RED
SYN_0363,16.747164124377903,74.04365370723389,150,0.0,7.305897830415224e-08,0.0,UNSAFE,RED
SYN_0363,16.747164124377903,74.04365370723389,200,0.0,1.2788729722570554e-06,0.0,UNSAFE,RED
SYN_0364,22.58834620528792,65.78487152081092,0,0.0,1.0578634628204667e-07,0.0,UNSAFE,RED
SYN_0364,22.58834620528792,65.78487152081092,10,0.0,1.2615954465450273e-06,0.0,UNSAFE,RED
SYN_0364,22.58834620528792,65.78487152081092,25,0.0,2.6558224040576965e-06,0.0,UNSAFE,RED
SYN_0364,22.58834620528792,65.78487152081092,50,0.0,3.022117992605122e-07,0.0,UNSAFE,RED
SYN_0364,22.58834620528792,65.78487152081092,75,0.0,1.4007110454677564e-07,0.0,UNSAFE,RED
SYN_0364,22.58834620528792,65.78487152081092,100,0.0,2.2532089243285807e-08,0.0,UNSAFE,RED
SYN_0364,22.58834620528792,65.78487152081092,150,0.0,1.7179515628060263e-07,0.0,UNSAFE,RED
SYN_0364,22.58834620528792,65.78487152081092,200,0.0,7.76454692347596e-07,0.0,UNSAFE,RED
SYN_0365,17.426800428568985,75.4297724341178,0,0.0,2.4190378667855278e-05,0.0,UNSAFE,RED
SYN_0365,17.426800428568985,75.4297724341178,10,0.0,5.958317581156852e-06,0.0,UNSAFE,RED
SYN_0365,17.426800428568985,75.4297724341178,25,0.0,1.7660236476227192e-06,0.0,UNSAFE,RED
SYN_0365,17.426800428568985,75.4297724341178,50,0.0,6.917443677389149e-07,0.0,UNSAFE,RED
SYN_0365,17.426800428568985,75.4297724341178,75,0.0,1.0994643458420725e-06,0.0,UNSAFE,RED
SYN_0365,17.426800428568985,75.4297724341178,100,0.0,5.312015947931423e-07,0.0,UNSAFE,RED
SYN_0365,17.426800428568985,75.4297724341178,150,0.0,1.8095880763306312e-07,0.0,UNSAFE,RED
SYN_0365,17.426800428568985,75.4297724341178,200,0.0,1.5350155189872924e-06,0.0,UNSAFE,RED
SYN_0366,20.52278807383044,75.70147499558429,0,0.0,1.836563987642948e-05,0.0,UNSAFE,RED
SYN_0366,20.52278807383044,75.70147499558429,10,0.0,2.647640345788066e-06,0.0,UNSAFE,RED
SYN_0366,20.52278807383044,75.70147499558429,25,0.0,2.125613705502637e-06,0.0,UNSAFE,RED
SYN_0366,20.52278807383044,75.70147499558429,50,0.0,2.048740148184832e-06,0.0,UNSAFE,RED
SYN_0366,20.52278807383044,75.70147499558429,75,0.0,5.281164212862165e-07,0.0,UNSAFE,RED
SYN_0366,20.52278807383044,75.70147499558429,100,0.0,2.150843280257081e-06,0.0,UNSAFE,RED
SYN_0366,20.52278807383044,75.70147499558429,150,0.0,5.936933729732636e-07,0.0,UNSAFE,RED
SYN_0366,20.52278807383044,75.70147499558429,200,0.0,1.4642533695092568e-06,0.0,UNSAFE,RED
SYN_0367,10.848909219947917,66.62780633265966,0,0.0,1.2962927996547259e-05,0.0,UNSAFE,RED
SYN_0367,10.848909219947917,66.62780633265966,10,0.0,5.18318772872311e-06,0.0,UNSAFE,RED
SYN_0367,10.848909219947917,66.62780633265966,25,0.0,8.109964793537318e-06,0.0,UNSAFE,RED
SYN_0367,10.848909219947917,66.62780633265966,50,0.0,1.4785390859141482e-06,0.0,UNSAFE,RED
SYN_0367,10.848909219947917,66.62780633265966,75,0.0,3.7376698197788805e-07,0.0,UNSAFE,RED
SYN_0367,10.848909219947917,66.62780633265966,100,0.0,9.514545524844217e-08,0.0,UNSAFE,RED
SYN_0367,10.848909219947917,66.62780633265966,150,0.0,1.5030130395386998e-07,0.0,UNSAFE,RED
SYN_0367,10.848909219947917,66.62780633265966,200,1.5743103318270048e-05,1.0460115012894576e-07,150.3622768124464,SAFE,GREEN
SYN_0368,22.87975347514495,84.32194128175819,0,0.0,1.120053839154692e-05,0.0,UNSAFE,RED
SYN_0368,22.87975347514495,84.32194128175819,10,0.0,1.7283989959843185e-06,0.0,UNSAFE,RED
SYN_0368,22.87975347514495,84.32194128175819,25,0.0,1.3962509809597954e-06,0.0,UNSAFE,RED
SYN_0368,22.87975347514495,84.32194128175819,50,0.0,5.985898953222075e-07,0.0,UNSAFE,RED
SYN_0368,22.87975347514495,84.32194128175819,75,0.0,1.8291196942839092e-07,0.0,UNSAFE,RED
SYN_0368,22.87975347514495,84.32194128175819,100,0.0,8.487499344356145e-07,0.0,UNSAFE,RED
SYN_0368,22.87975347514495,84.32194128175819,150,0.0,3.0477156981555267e-07,0.0,UNSAFE,RED
SYN_0368,22.87975347514495,84.32194128175819,200,0.0,2.433669936397498e-08,0.0,UNSAFE,RED
SYN_0369,10.05359255478698,71.54383211657826,0,0.0,1.2145986466878854e-06,0.0,UNSAFE,RED
SYN_0369,10.05359255478698,71.54383211657826,10,0.0,9.503376796330301e-07,0.0,UNSAFE,RED
SYN_0369,10.05359255478698,71.54383211657826,25,0.0,2.8114089004768766e-06,0.0,UNSAFE,RED
SYN_0369,10.05359255478698,71.54383211657826,50,0.0,9.190751301592149e-07,0.0,UNSAFE,RED
SYN_0369,10.05359255478698,71.54383211657826,75,0.0,2.957380347328847e-07,0.0,UNSAFE,RED
SYN_0369,10.05359255478698,71.54383211657826,100,0.0,9.285057458840281e-07,0.0,UNSAFE,RED
SYN_0369,10.05359255478698,71.54383211657826,150,0.0,1.9240769560363667e-07,0.0,UNSAFE,RED
SYN_0369,10.05359255478698,71.54383211657826,200,0.0,4.246212739554894e-07,0.0,UNSAFE,RED
SYN_0370,14.791218124552117,74.12210799034425,0,0.0,1.1962317868253745e-07,0.0,UNSAFE,RED
SYN_0370,14.791218124552117,74.12210799034425,10,0.0,8.072475227312634e-06,0.0,UNSAFE,RED
SYN_0370,14.791218124552117,74.12210799034425,25,0.0,1.3082187538641717e-05,0.0,UNSAFE,RED
SYN_0370,14.791218124552117,74.12210799034425,50,0.0,1.2871224384561169e-06,0.0,UNSAFE,RED
SYN_0370,14.791218124552117,74.12210799034425,75,0.0,1.3840103690171815e-06,0.0,UNSAFE,RED
SYN_0370,14.791218124552117,74.12210799034425,100,0.0,2.698162264265451e-06,0.0,UNSAFE,RED
SYN_0370,14.791218124552117,74.12210799034425,150,0.0,2.646581196144573e-07,0.0,UNSAFE,RED
SYN_0370,14.791218124552117,74.12210799034425,200,0.0,3.476377747470837e-07,0.0,UNSAFE,RED
SYN_0371,13.014968952951556,68.57105718569832,0,0.0,5.650010385314304e-06,0.0,UNSAFE,RED
SYN_0371,13.014968952951556,68.57105718569832,10,0.0,3.740940666851192e-07,0.0,UNSAFE,RED
SYN_0371,13.014968952951556,68.57105718569832,25,0.0,8.429340199859631e-07,0.0,UNSAFE,RED
SYN_0371,13.014968952951556,68.57105718569832,50,0.0,3.4839177472467717e-07,0.0,UNSAFE,RED
SYN_0371,13.014968952951556,68.57105718569832,75,0.0,2.2398142707873874e-06,0.0,UNSAFE,RED
SYN_0371,13.014968952951556,68.57105718569832,100,0.0,1.1422940626026397e-06,0.0,UNSAFE,RED
SYN_0371,13.014968952951556,68.57105718569832,150,0.0,1.434018117490677e-07,0.0,UNSAFE,RED
SYN_0371,13.014968952951556,68.57105718569832,200,0.0,1.1589102803420017e-06,0.0,UNSAFE,RED
SYN_0372,8.073486124272414,77.32589425461569,0,0.0,4.804479675827267e-05,0.0,UNSAFE,RED
SYN_0372,8.073486124272414,77.32589425461569,10,0.0,4.582713580474491e-06,0.0,UNSAFE,RED
SYN_0372,8.073486124272414,77.32589425461569,25,0.0,9.413521671762289e-06,0.0,UNSAFE,RED
SYN_0372,8.073486124272414,77.32589425461569,50,0.0,1.3546499129729134e-06,0.0,UNSAFE,RED
SYN_0372,8.073486124272414,77.32589425461569,75,0.0,3.9671801115898655e-07,0.0,UNSAFE,RED
SYN_0372,8.073486124272414,77.32589425461569,100,0.0,2.6828289111761688e-06,0.0,UNSAFE,RED
SYN_0372,8.073486124272414,77.32589425461569,150,0.0,1.9755253804880327e-07,0.0,UNSAFE,RED
SYN_0372,8.073486124272414,77.32589425461569,200,0.0,1.0779994794757484e-07,0.0,UNSAFE,RED
SYN_0373,11.988952815672569,69.25246379238627,0,0.0,3.223602814974708e-06,0.0,UNSAFE,RED
SYN_0373,11.988952815672569,69.25246379238627,10,0.0,2.5906950588901974e-06,0.0,UNSAFE,RED
SYN_0373,11.988952815672569,69.25246379238627,25,0.0,1.4947757476919265e-06,0.0,UNSAFE,RED
SYN_0373,11.988952815672569,69.25246379238627,50,0.0,4.7680686605356714e-08,0.0,UNSAFE,RED
SYN_0373,11.988952815672569,69.25246379238627,75,0.0,1.806167531958676e-06,0.0,UNSAFE,RED
SYN_0373,11.988952815672569,69.25246379238627,100,0.0,1.7117881748563524e-06,0.0,UNSAFE,RED
SYN_0373,11.988952815672569,69.25246379238627,150,0.0,1.8320921904137865e-07,0.0,UNSAFE,RED
SYN_0373,11.988952815672569,69.25246379238627,200,0.0,4.6665472819304263e-07,0.0,UNSAFE,RED
SYN_0374,11.121169058502897,78.35168043597122,0,0.0,7.173718112315356e-06,0.0,UNSAFE,RED
SYN_0374,11.121169058502897,78.35168043597122,10,0.0,6.664786283371123e-06,0.0,UNSAFE,RED
SYN_0374,11.121169058502897,78.35168043597122,25,0.0,3.8050255836448353e-06,0.0,UNSAFE,RED
SYN_0374,11.121169058502897,78.35168043597122,50,0.0,3.988889610093303e-07,0.0,UNSAFE,RED
SYN_0374,11.121169058502897,78.35168043597122,75,0.0,3.9586071853926036e-07,0.0,UNSAFE,RED
SYN_0374,11.121169058502897,78.35168043597122,100,0.0,1.5528828019721534e-06,0.0,UNSAFE,RED
SYN_0374,11.121169058502897,78.35168043597122,150,0.0,2.7888905291050075e-08,0.0,UNSAFE,RED
SYN_0374,11.121169058502897,78.35168043597122,200,0.0,5.492441299636823e-07,0.0,UNSAFE,RED
SYN_0375,7.988638042840382,76.60352739593068,0,0.0,4.155745129613889e-05,0.0,UNSAFE,RED
SYN_0375,7.988638042840382,76.60352739593068,10,0.0,8.071940346393982e-06,0.0,UNSAFE,RED
SYN_0375,7.988638042840382,76.60352739593068,25,0.0,1.8770972363663461e-06,0.0,UNSAFE,RED
SYN_0375,7.988638042840382,76.60352739593068,50,0.0,6.822404895158335e-07,0.0,UNSAFE,RED
SYN_0375,7.988638042840382,76.60352739593068,75,0.0,7.616388071862962e-07,0.0,UNSAFE,RED
SYN_0375,7.988638042840382,76.60352739593068,100,0.0,1.93762994084517e-07,0.0,UNSAFE,RED
SYN_0375,7.988638042840382,76.60352739593068,150,0.0,6.397900685795382e-07,0.0,UNSAFE,RED
SYN_0375,7.988638042840382,76.60352739593068,200,0.0,1.0979790586558425e-06,0.0,UNSAFE,RED
SYN_0376,23.043882367653516,72.71464655799666,0,0.0,2.368494175576558e-06,0.0,UNSAFE,RED
SYN_0376,23.043882367653516,72.71464655799666,10,0.0,3.5099180072530575e-07,0.0,UNSAFE,RED
SYN_0376,23.043882367653516,72.71464655799666,25,0.0,9.236049000088017e-07,0.0,UNSAFE,RED
SYN_0376,23.043882367653516,72.71464655799666,50,0.0,1.0832127865989676e-06,0.0,UNSAFE,RED
SYN_0376,23.043882367653516,72.71464655799666,75,0.0,2.2410354476418526e-07,0.0,UNSAFE,RED
SYN_0376,23.043882367653516,72.71464655799666,100,0.0,7.196485858273705e-06,0.0,UNSAFE,RED
SYN_0376,23.043882367653516,72.71464655799666,150,0.0,4.21836532570411e-07,0.0,UNSAFE,RED
SYN_0376,23.043882367653516,72.71464655799666,200,0.0,4.2686489189758504e-07,0.0,UNSAFE,RED
SYN_0377,10.503480538051663,74.47370520806743,0,0.0,2.218132671760895e-05,0.0,UNSAFE,RED
SYN_0377,10.503480538051663,74.47370520806743,10,0.0,1.5500848320160956e-06,0.0,UNSAFE,RED
SYN_0377,10.503480538051663,74.47370520806743,25,0.0,4.668135225260111e-06,0.0,UNSAFE,RED
SYN_0377,10.503480538051663,74.47370520806743,50,0.0,2.4443734953135415e-07,0.0,UNSAFE,RED
SYN_0377,10.503480538051663,74.47370520806743,75,0.0,4.275241954342852e-08,0.0,UNSAFE,RED
SYN_0377,10.503480538051663,74.47370520806743,100,0.0,1.6552680080151382e-06,0.0,UNSAFE,RED
SYN_0377,10.503480538051663,74.47370520806743,150,0.0,1.1425180997296928e-07,0.0,UNSAFE,RED
SYN_0377,10.503480538051663,74.47370520806743,200,0.0,2.0070243360974285e-06,0.0,UNSAFE,RED
SYN_0378,14.80238472253564,65.57715826672249,0,0.0,5.955872341203319e-06,0.0,UNSAFE,RED
SYN_0378,14.80238472253564,65.57715826672249,10,0.0,3.0820878449485296e-06,0.0,UNSAFE,RED
SYN_0378,14.80238472253564,65.57715826672249,25,0.0,3.298948449786762e-07,0.0,UNSAFE,RED
SYN_0378,14.80238472253564,65.57715826672249,50,0.0,2.632419623944917e-08,0.0,UNSAFE,RED
SYN_0378,14.80238472253564,65.57715826672249,75,0.0,1.0380074812441233e-06,0.0,UNSAFE,RED
SYN_0378,14.80238472253564,65.57715826672249,100,0.0,1.4006787827188594e-06,0.0,UNSAFE,RED
SYN_0378,14.80238472253564,65.57715826672249,150,0.0,4.9439660017527225e-08,0.0,UNSAFE,RED
SYN_0378,14.80238472253564,65.57715826672249,200,2.419209604840227e-05,5.826612209330174e-07,41.51287899642676,SAFE,GREEN
SYN_0379,23.635659865525064,67.14997274218858,0,0.0,3.841185763506106e-06,0.0,UNSAFE,RED
SYN_0379,23.635659865525064,67.14997274218858,10,0.0,4.0076927683003477e-07,0.0,UNSAFE,RED
SYN_0379,23.635659865525064,67.14997274218858,25,0.0,1.275755913221869e-06,0.0,UNSAFE,RED
SYN_0379,23.635659865525064,67.14997274218858,50,0.0,6.129433257930645e-07,0.0,UNSAFE,RED
SYN_0379,23.635659865525064,67.14997274218858,75,0.0,3.28766776019767e-07,0.0,UNSAFE,RED
SYN_0379,23.635659865525064,67.14997274218858,100,0.0,2.6108634866456485e-07,0.0,UNSAFE,RED
SYN_0379,23.635659865525064,67.14997274218858,150,0.0,2.1087328001419084e-07,0.0,UNSAFE,RED
SYN_0379,23.635659865525064,67.14997274218858,200,0.0,1.6814386913174573e-07,0.0,UNSAFE,RED
SYN_0380,21.27967949146617,79.44311158633255,0,0.0,1.043940110758141e-06,0.0,UNSAFE,RED
SYN_0380,21.27967949146617,79.44311158633255,10,0.0,4.3087003678339856e-07,0.0,UNSAFE,RED
SYN_0380,21.27967949146617,79.44311158633255,25,0.0,1.9891019105814662e-07,0.0,UNSAFE,RED
SYN_0380,21.27967949146617,79.44311158633255,50,0.0,4.297598717107991e-07,0.0,UNSAFE,RED
SYN_0380,21.27967949146617,79.44311158633255,75,0.0,6.201441430453837e-07,0.0,UNSAFE,RED
SYN_0380,21.27967949146617,79.44311158633255,100,0.0,2.742691594815736e-07,0.0,UNSAFE,RED
SYN_0380,21.27967949146617,79.44311158633255,150,0.0,3.011272096467733e-07,0.0,UNSAFE,RED
SYN_0380,21.27967949146617,79.44311158633255,200,0.0,2.530891809469375e-07,0.0,UNSAFE,RED
SYN_0381,9.425681318299151,71.54519890339064,0,0.0,1.5879294728013508e-06,0.0,UNSAFE,RED
SYN_0381,9.425681318299151,71.54519890339064,10,0.0,9.992641419795707e-07,0.0,UNSAFE,RED
SYN_0381,9.425681318299151,71.54519890339064,25,0.0,3.818282088398529e-07,0.0,UNSAFE,RED
SYN_0381,9.425681318299151,71.54519890339064,50,0.0,6.549392929440881e-08,0.0,UNSAFE,RED
SYN_0381,9.425681318299151,71.54519890339064,75,0.0,7.573675232086414e-08,0.0,UNSAFE,RED
SYN_0381,9.425681318299151,71.54519890339064,100,0.0,1.7573185128570145e-07,0.0,UNSAFE,RED
SYN_0381,9.425681318299151,71.54519890339064,150,0.0,1.181569042963496e-07,0.0,UNSAFE,RED
SYN_0381,9.425681318299151,71.54519890339064,200,0.0,4.210465739430242e-07,0.0,UNSAFE,RED
SYN_0382,9.26693149120253,71.50780847122479,0,0.0,3.284937423241961e-05,0.0,UNSAFE,RED
SYN_0382,9.26693149120253,71.50780847122479,10,0.0,5.073186303681844e-06,0.0,UNSAFE,RED
SYN_0382,9.26693149120253,71.50780847122479,25,0.0,2.986720333757237e-06,0.0,UNSAFE,RED
SYN_0382,9.26693149120253,71.50780847122479,50,0.0,1.4295419232399595e-06,0.0,UNSAFE,RED
SYN_0382,9.26693149120253,71.50780847122479,75,0.0,2.131907819655318e-08,0.0,UNSAFE,RED
SYN_0382,9.26693149120253,71.50780847122479,100,0.0,1.221821557434082e-07,0.0,UNSAFE,RED
SYN_0382,9.26693149120253,71.50780847122479,150,0.0,2.6374328656440745e-07,0.0,UNSAFE,RED
SYN_0382,9.26693149120253,71.50780847122479,200,0.0,1.8370707896615437e-06,0.0,UNSAFE,RED
SYN_0383,18.821472132091397,75.4219235916025,0,0.0,1.330113493241072e-07,0.0,UNSAFE,RED
SYN_0383,18.821472132091397,75.4219235916025,10,0.0,5.291038473145958e-08,0.0,UNSAFE,RED
SYN_0383,18.821472132091397,75.4219235916025,25,0.0,3.0247090488747187e-07,0.0,UNSAFE,RED
SYN_0383,18.821472132091397,75.4219235916025,50,0.0,1.5398028912985547e-07,0.0,UNSAFE,RED
SYN_0383,18.821472132091397,75.4219235916025,75,0.0,3.3510444850532373e-07,0.0,UNSAFE,RED
SYN_0383,18.821472132091397,75.4219235916025,100,0.0,1.130518292372045e-07,0.0,UNSAFE,RED
SYN_0383,18.821472132091397,75.4219235916025,150,0.0,3.59007468139073e-07,0.0,UNSAFE,RED
SYN_0383,18.821472132091397,75.4219235916025,200,0.0,1.2544635305669402e-06,0.0,UNSAFE,RED
SYN_0384,16.020627053603143,67.89309804013953,0,0.0,1.0562850763279737e-05,0.0,UNSAFE,RED
SYN_0384,16.020627053603143,67.89309804013953,10,0.0,5.167790895148277e-06,0.0,UNSAFE,RED
SYN_0384,16.020627053603143,67.89309804013953,25,0.0,8.5486423081192e-08,0.0,UNSAFE,RED
SYN_0384,16.020627053603143,67.89309804013953,50,0.0,4.933054174120791e-07,0.0,UNSAFE,RED
SYN_0384,16.020627053603143,67.89309804013953,75,0.0,3.193297467835348e-07,0.0,UNSAFE,RED
SYN_0384,16.020627053603143,67.89309804013953,100,0.0,2.382396656541548e-07,0.0,UNSAFE,RED
SYN_0384,16.020627053603143,67.89309804013953,150,0.0,4.3035320082254665e-08,0.0,UNSAFE,RED
SYN_0384,16.020627053603143,67.89309804013953,200,0.0,1.7335104636602856e-06,0.0,UNSAFE,RED
SYN_0385,11.684305867415198,69.15776708209994,0,0.0,1.7144183008619358e-05,0.0,UNSAFE,RED
SYN_0385,11.684305867415198,69.15776708209994,10,0.0,5.0124520180616505e-06,0.0,UNSAFE,RED
SYN_0385,11.684305867415198,69.15776708209994,25,0.0,1.2974756018553821e-06,0.0,UNSAFE,RED
SYN_0385,11.684305867415198,69.15776708209994,50,0.0,5.416135484318434e-08,0.0,UNSAFE,RED
SYN_0385,11.684305867415198,69.15776708209994,75,0.0,1.6059151006528304e-06,0.0,UNSAFE,RED
SYN_0385,11.684305867415198,69.15776708209994,100,0.0,8.463353957870626e-07,0.0,UNSAFE,RED
SYN_0385,11.684305867415198,69.15776708209994,150,0.0,2.1185798323283995e-09,0.0,UNSAFE,RED
SYN_0385,11.684305867415198,69.15776708209994,200,0.0,8.960666286587309e-07,0.0,UNSAFE,RED
SYN_0386,6.60415415627452,80.02158387804873,0,0.0,1.0295194724353867e-05,0.0,UNSAFE,RED
SYN_0386,6.60415415627452,80.02158387804873,10,0.0,8.430361361424426e-07,0.0,UNSAFE,RED
SYN_0386,6.60415415627452,80.02158387804873,25,0.0,4.5869874144069466e-06,0.0,UNSAFE,RED
SYN_0386,6.60415415627452,80.02158387804873,50,0.0,2.247400873747817e-06,0.0,UNSAFE,RED
SYN_0386,6.60415415627452,80.02158387804873,75,0.0,8.675837872158755e-07,0.0,UNSAFE,RED
SYN_0386,6.60415415627452,80.02158387804873,100,0.0,2.546933281132409e-07,0.0,UNSAFE,RED
SYN_0386,6.60415415627452,80.02158387804873,150,0.0,2.6414581991877205e-07,0.0,UNSAFE,RED
SYN_0386,6.60415415627452,80.02158387804873,200,0.0,3.4260306231801386e-07,0.0,UNSAFE,RED
SYN_0387,12.167352646647966,73.81073296246757,0,0.0,1.4664801110490215e-05,0.0,UNSAFE,RED
SYN_0387,12.167352646647966,73.81073296246757,10,0.0,3.965836513904855e-06,0.0,UNSAFE,RED
SYN_0387,12.167352646647966,73.81073296246757,25,0.0,4.777476087275689e-06,0.0,UNSAFE,RED
SYN_0387,12.167352646647966,73.81073296246757,50,0.0,3.1682370300349866e-07,0.0,UNSAFE,RED
SYN_0387,12.167352646647966,73.81073296246757,75,0.0,1.7526128078212246e-07,0.0,UNSAFE,RED
SYN_0387,12.167352646647966,73.81073296246757,100,0.0,7.806081588965333e-07,0.0,UNSAFE,RED
SYN_0387,12.167352646647966,73.81073296246757,150,0.0,8.289635915260424e-08,0.0,UNSAFE,RED
SYN_0387,12.167352646647966,73.81073296246757,200,0.0,2.483675853949491e-06,0.0,UNSAFE,RED
SYN_0388,7.376782687879189,71.23780299608849,0,0.0,1.7970994537727423e-05,0.0,UNSAFE,RED
SYN_0388,7.376782687879189,71.23780299608849,10,0.0,1.4038717122106784e-06,0.0,UNSAFE,RED
SYN_0388,7.376782687879189,71.23780299608849,25,0.0,3.632634841105316e-06,0.0,UNSAFE,RED
SYN_0388,7.376782687879189,71.23780299608849,50,0.0,3.8731835156822777e-07,0.0,UNSAFE,RED
SYN_0388,7.376782687879189,71.23780299608849,75,0.0,4.940394093784484e-07,0.0,UNSAFE,RED
SYN_0388,7.376782687879189,71.23780299608849,100,0.0,1.109950971810657e-06,0.0,UNSAFE,RED
SYN_0388,7.376782687879189,71.23780299608849,150,0.0,2.755023293030338e-07,0.0,UNSAFE,RED
SYN_0388,7.376782687879189,71.23780299608849,200,0.0,5.610728524106708e-07,0.0,UNSAFE,RED
SYN_0389,22.352377323782648,72.32913292679959,0,0.0,1.4204559257370777e-05,0.0,UNSAFE,RED
SYN_0389,22.352377323782648,72.32913292679959,10,0.0,4.091528516664198e-06,0.0,UNSAFE,RED
SYN_0389,22.352377323782648,72.32913292679959,25,0.0,1.2897025615032119e-06,0.0,UNSAFE,RED
SYN_0389,22.352377323782648,72.32913292679959,50,0.0,3.247475427476263e-07,0.0,UNSAFE,RED
SYN_0389,22.352377323782648,72.32913292679959,75,0.0,1.2776061875587238e-06,0.0,UNSAFE,RED
SYN_0389,22.352377323782648,72.32913292679959,100,0.0,4.7632913689864724e-07,0.0,UNSAFE,RED
SYN_0389,22.352377323782648,72.32913292679959,150,0.0,1.1720626951892071e-07,0.0,UNSAFE,RED
SYN_0389,22.352377323782648,72.32913292679959,200,0.0,1.5153071356930596e-06,0.0,UNSAFE,RED
SYN_0390,22.688359496892755,67.25109014731032,0,0.0,2.188009107808996e-05,0.0,UNSAFE,RED
SYN_0390,22.688359496892755,67.25109014731032,10,0.0,6.511050799965209e-06,0.0,UNSAFE,RED
SYN_0390,22.688359496892755,67.25109014731032,25,0.0,2.497800744305029e-07,0.0,UNSAFE,RED
SYN_0390,22.688359496892755,67.25109014731032,50,0.0,2.942012752444999e-08,0.0,UNSAFE,RED
SYN_0390,22.688359496892755,67.25109014731032,75,0.0,1.0283879357928835e-06,0.0,UNSAFE,RED
SYN_0390,22.688359496892755,67.25109014731032,100,0.0,8.313021345735424e-07,0.0,UNSAFE,RED
SYN_0390,22.688359496892755,67.25109014731032,150,0.0,3.389489534448868e-07,0.0,UNSAFE,RED
SYN_0390,22.688359496892755,67.25109014731032,200,0.0,3.7456008383906055e-06,0.0,UNSAFE,RED
SYN_0391,20.93097108092997,70.76435165911734,0,0.0,2.2431642724669597e-05,0.0,UNSAFE,RED
SYN_0391,20.93097108092997,70.76435165911734,10,0.0,8.144302280600993e-06,0.0,UNSAFE,RED
SYN_0391,20.93097108092997,70.76435165911734,25,0.0,1.4729748397772391e-07,0.0,UNSAFE,RED
SYN_0391,20.93097108092997,70.76435165911734,50,0.0,1.6567884741793832e-07,0.0,UNSAFE,RED
SYN_0391,20.93097108092997,70.76435165911734,75,0.0,1.0681152804214669e-07,0.0,UNSAFE,RED
SYN_0391,20.93097108092997,70.76435165911734,100,0.0,1.3517053613922476e-07,0.0,UNSAFE,RED
SYN_0391,20.93097108092997,70.76435165911734,150,0.0,8.522514655229474e-08,0.0,UNSAFE,RED
SYN_0391,20.93097108092997,70.76435165911734,200,0.0,1.3065979473579441e-07,0.0,UNSAFE,RED
SYN_0392,7.560354172833312,80.1037454849652,0,0.0,1.7699206368326647e-05,0.0,UNSAFE,RED
SYN_0392,7.560354172833312,80.1037454849652,10,0.0,4.671719376539384e-06,0.0,UNSAFE,RED
SYN_0392,7.560354172833312,80.1037454849652,25,0.0,1.1599252872155782e-06,0.0,UNSAFE,RED
SYN_0392,7.560354172833312,80.1037454849652,50,0.0,4.950085709286474e-07,0.0,UNSAFE,RED
SYN_0392,7.560354172833312,80.1037454849652,75,0.0,8.238488739834538e-10,0.0,UNSAFE,RED
SYN_0392,7.560354172833312,80.1037454849652,100,0.0,4.602308715825844e-07,0.0,UNSAFE,RED
SYN_0392,7.560354172833312,80.1037454849652,150,0.0,2.909481637901736e-08,0.0,UNSAFE,RED
SYN_0392,7.560354172833312,80.1037454849652,200,0.0,5.809269342460201e-07,0.0,UNSAFE,RED
SYN_0393,5.446935768537147,68.43025995296044,0,0.0,6.953685501701359e-06,0.0,UNSAFE,RED
SYN_0393,5.446935768537147,68.43025995296044,10,0.0,2.087743037937305e-06,0.0,UNSAFE,RED
SYN_0393,5.446935768537147,68.43025995296044,25,0.0,1.3916689002136514e-06,0.0,UNSAFE,RED
SYN_0393,5.446935768537147,68.43025995296044,50,0.0,1.28877385578847e-07,0.0,UNSAFE,RED
SYN_0393,5.446935768537147,68.43025995296044,75,0.0,3.1529830296694255e-10,0.0,UNSAFE,RED
SYN_0393,5.446935768537147,68.43025995296044,100,0.0,1.5558266755855603e-07,0.0,UNSAFE,RED
SYN_0393,5.446935768537147,68.43025995296044,150,0.0,9.155703589309743e-08,0.0,UNSAFE,RED
SYN_0393,5.446935768537147,68.43025995296044,200,0.0,1.4229074911052097e-06,0.0,UNSAFE,RED
SYN_0394,6.658350414255891,67.04344646071162,0,0.0,2.1330689813592736e-05,0.0,UNSAFE,RED
SYN_0394,6.658350414255891,67.04344646071162,10,0.0,2.9855984449346404e-06,0.0,UNSAFE,RED
SYN_0394,6.658350414255891,67.04344646071162,25,0.0,7.349621559687247e-07,0.0,UNSAFE,RED
SYN_0394,6.658350414255891,67.04344646071162,50,0.0,5.302412312283902e-07,0.0,UNSAFE,RED
SYN_0394,6.658350414255891,67.04344646071162,75,0.0,1.0844850047499324e-07,0.0,UNSAFE,RED
SYN_0394,6.658350414255891,67.04344646071162,100,0.0,2.9648653593871872e-06,0.0,UNSAFE,RED
SYN_0394,6.658350414255891,67.04344646071162,150,0.0,5.352281555798226e-08,0.0,UNSAFE,RED
SYN_0394,6.658350414255891,67.04344646071162,200,0.0,7.964298719865261e-07,0.0,UNSAFE,RED
SYN_0395,21.98273272322244,69.71284663999374,0,0.0,4.1538104281855684e-08,0.0,UNSAFE,RED
SYN_0395,21.98273272322244,69.71284663999374,10,0.0,5.081147490887321e-07,0.0,UNSAFE,RED
SYN_0395,21.98273272322244,69.71284663999374,25,0.0,6.641159306566923e-07,0.0,UNSAFE,RED
SYN_0395,21.98273272322244,69.71284663999374,50,0.0,2.6111896180780414e-07,0.0,UNSAFE,RED
SYN_0395,21.98273272322244,69.71284663999374,75,0.0,2.6819177400722338e-08,0.0,UNSAFE,RED
SYN_0395,21.98273272322244,69.71284663999374,100,0.0,3.6001023674163305e-07,0.0,UNSAFE,RED
SYN_0395,21.98273272322244,69.71284663999374,150,0.0,1.434490278601183e-07,0.0,UNSAFE,RED
SYN_0395,21.98273272322244,69.71284663999374,200,0.0,2.958370261493586e-06,0.0,UNSAFE,RED
SYN_0396,23.81290686721048,80.23083096152217,0,0.0,2.9336433334299004e-05,0.0,UNSAFE,RED
SYN_0396,23.81290686721048,80.23083096152217,10,0.0,9.113067771847061e-06,0.0,UNSAFE,RED
SYN_0396,23.81290686721048,80.23083096152217,25,0.0,2.1074908964308037e-06,0.0,UNSAFE,RED
SYN_0396,23.81290686721048,80.23083096152217,50,0.0,4.975795122860205e-07,0.0,UNSAFE,RED
SYN_0396,23.81290686721048,80.23083096152217,75,0.0,1.2867934177737892e-06,0.0,UNSAFE,RED
SYN_0396,23.81290686721048,80.23083096152217,100,0.0,3.167540115210956e-07,0.0,UNSAFE,RED
SYN_0396,23.81290686721048,80.23083096152217,150,0.0,2.1382330798064135e-08,0.0,UNSAFE,RED
SYN_0396,23.81290686721048,80.23083096152217,200,0.0,6.534606997212471e-07,0.0,UNSAFE,RED
SYN_0397,16.615221839045063,74.67360891515733,0,0.0,3.4191116659546365e-07,0.0,UNSAFE,RED
SYN_0397,16.615221839045063,74.67360891515733,10,0.0,1.6522747117167914e-06,0.0,UNSAFE,RED
SYN_0397,16.615221839045063,74.67360891515733,25,0.0,2.2565645121232676e-06,0.0,UNSAFE,RED
SYN_0397,16.615221839045063,74.67360891515733,50,0.0,1.8306397178863049e-06,0.0,UNSAFE,RED
SYN_0397,16.615221839045063,74.67360891515733,75,0.0,4.5101968128394835e-07,0.0,UNSAFE,RED
SYN_0397,16.615221839045063,74.67360891515733,100,0.0,6.417754203825612e-07,0.0,UNSAFE,RED
SYN_0397,16.615221839045063,74.67360891515733,150,0.0,1.7203955246999837e-07,0.0,UNSAFE,RED
SYN_0397,16.615221839045063,74.67360891515733,200,0.0,4.3474456002933685e-09,0.0,UNSAFE,RED
SYN_0398,22.080310609109187,80.43099870575634,0,0.0,7.91288406725861e-06,0.0,UNSAFE,RED
SYN_0398,22.080310609109187,80.43099870575634,10,0.0,2.970844667179165e-06,0.0,UNSAFE,RED
SYN_0398,22.080310609109187,80.43099870575634,25,0.0,9.649272346134972e-06,0.0,UNSAFE,RED
SYN_0398,22.080310609109187,80.43099870575634,50,0.0,4.198423257977679e-07,0.0,UNSAFE,RED
SYN_0398,22.080310609109187,80.43099870575634,75,0.0,1.2220392806786814e-06,0.0,UNSAFE,RED
SYN_0398,22.080310609109187,80.43099870575634,100,0.0,5.487316382798316e-07,0.0,UNSAFE,RED
SYN_0398,22.080310609109187,80.43099870575634,150,0.0,9.38928401639915e-10,0.0,UNSAFE,RED
SYN_0398,22.080310609109187,80.43099870575634,200,0.0,2.032597492731698e-07,0.0,UNSAFE,RED
SYN_0399,11.115189742870088,74.19174011758888,0,0.0,5.940569327469856e-06,0.0,UNSAFE,RED
SYN_0399,11.115189742870088,74.19174011758888,10,0.0,1.0729376021840668e-06,0.0,UNSAFE,RED
SYN_0399,11.115189742870088,74.19174011758888,25,0.0,8.765479502085106e-08,0.0,UNSAFE,RED
SYN_0399,11.115189742870088,74.19174011758888,50,0.0,2.1160183404996054e-07,0.0,UNSAFE,RED
SYN_0399,11.115189742870088,74.19174011758888,75,0.0,2.698087557346275e-07,0.0,UNSAFE,RED
SYN_0399,11.115189742870088,74.19174011758888,100,0.0,4.959464048071264e-07,0.0,UNSAFE,RED
SYN_0399,11.115189742870088,74.19174011758888,150,0.0,2.0424608871503418e-08,0.0,UNSAFE,RED
SYN_0399,11.115189742870088,74.19174011758888,200,0.0,1.0939051165641309e-06,0.0,UNSAFE,RED
SYN_0400,21.197432380826555,84.68350970230155,0,0.0,1.3595171416607796e-05,0.0,UNSAFE,RED
SYN_0400,21.197432380826555,84.68350970230155,10,0.0,3.1130430815377465e-06,0.0,UNSAFE,RED
SYN_0400,21.197432380826555,84.68350970230155,25,0.0,1.2135916304555632e-06,0.0,UNSAFE,RED
SYN_0400,21.197432380826555,84.68350970230155,50,0.0,5.873023661550514e-08,0.0,UNSAFE,RED
SYN_0400,21.197432380826555,84.68350970230155,75,0.0,1.3795836378817864e-06,0.0,UNSAFE,RED
SYN_0400,21.197432380826555,84.68350970230155,100,0.0,9.503976599527857e-07,0.0,UNSAFE,RED
SYN_0400,21.197432380826555,84.68350970230155,150,0.0,1.4576334512880188e-07,0.0,UNSAFE,RED
SYN_0400,21.197432380826555,84.68350970230155,200,0.0,5.675526220191523e-07,0.0,UNSAFE,RED
SYN_0401,24.39851147131887,77.68906279511206,0,0.0,1.7648815014328744e-06,0.0,UNSAFE,RED
SYN_0401,24.39851147131887,77.68906279511206,10,0.0,2.7903366139961674e-06,0.0,UNSAFE,RED
SYN_0401,24.39851147131887,77.68906279511206,25,0.0,2.8130819014746753e-06,0.0,UNSAFE,RED
SYN_0401,24.39851147131887,77.68906279511206,50,0.0,1.0386247468745532e-07,0.0,UNSAFE,RED
SYN_0401,24.39851147131887,77.68906279511206,75,0.0,8.991997433402196e-07,0.0,UNSAFE,RED
SYN_0401,24.39851147131887,77.68906279511206,100,0.0,8.406162541335213e-07,0.0,UNSAFE,RED
SYN_0401,24.39851147131887,77.68906279511206,150,0.0,7.484734457201364e-08,0.0,UNSAFE,RED
SYN_0401,24.39851147131887,77.68906279511206,200,4.37490568099996e-05,1.0987239982179634e-06,39.81443514243444,SAFE,GREEN
SYN_0402,18.88132149711914,80.35420103115018,0,0.0,2.5265296989063213e-06,0.0,UNSAFE,RED
SYN_0402,18.88132149711914,80.35420103115018,10,0.0,3.2018654575788443e-06,0.0,UNSAFE,RED
SYN_0402,18.88132149711914,80.35420103115018,25,0.0,1.4762000809153663e-06,0.0,UNSAFE,RED
SYN_0402,18.88132149711914,80.35420103115018,50,0.0,3.8593603160878077e-07,0.0,UNSAFE,RED
SYN_0402,18.88132149711914,80.35420103115018,75,0.0,2.705851010881688e-07,0.0,UNSAFE,RED
SYN_0402,18.88132149711914,80.35420103115018,100,0.0,4.198143897002804e-07,0.0,UNSAFE,RED
SYN_0402,18.88132149711914,80.35420103115018,150,0.0,4.5113994902938466e-08,0.0,UNSAFE,RED
SYN_0402,18.88132149711914,80.35420103115018,200,0.0,9.36965949531152e-07,0.0,UNSAFE,RED
SYN_0403,12.563436289058624,79.95491641865256,0,0.0,6.234597867494528e-06,0.0,UNSAFE,RED
SYN_0403,12.563436289058624,79.95491641865256,10,0.0,2.725826603420844e-06,0.0,UNSAFE,RED
SYN_0403,12.563436289058624,79.95491641865256,25,0.0,1.9860730780274048e-07,0.0,UNSAFE,RED
SYN_0403,12.563436289058624,79.95491641865256,50,0.0,1.9433366953294835e-07,0.0,UNSAFE,RED
SYN_0403,12.563436289058624,79.95491641865256,75,0.0,9.596893748210922e-07,0.0,UNSAFE,RED
SYN_0403,12.563436289058624,79.95491641865256,100,0.0,5.325484566964378e-07,0.0,UNSAFE,RED
SYN_0403,12.563436289058624,79.95491641865256,150,0.0,3.9932584695665895e-07,0.0,UNSAFE,RED
SYN_0403,12.563436289058624,79.95491641865256,200,0.0,7.783015007932224e-08,0.0,UNSAFE,RED
SYN_0404,15.071635548289208,68.8060622054246,0,0.0,1.678615934075676e-05,0.0,UNSAFE,RED
SYN_0404,15.071635548289208,68.8060622054246,10,0.0,2.851946922233523e-06,0.0,UNSAFE,RED
SYN_0404,15.071635548289208,68.8060622054246,25,0.0,2.08883778216328e-06,0.0,UNSAFE,RED
SYN_0404,15.071635548289208,68.8060622054246,50,0.0,4.279699302159455e-07,0.0,UNSAFE,RED
SYN_0404,15.071635548289208,68.8060622054246,75,0.0,4.0649058760290455e-07,0.0,UNSAFE,RED
SYN_0404,15.071635548289208,68.8060622054246,100,0.0,1.008635672952938e-06,0.0,UNSAFE,RED
SYN_0404,15.071635548289208,68.8060622054246,150,0.0,1.57964695500826e-07,0.0,UNSAFE,RED
SYN_0404,15.071635548289208,68.8060622054246,200,0.0,2.7368323433549083e-07,0.0,UNSAFE,RED
SYN_0405,6.119605697233728,67.42031433497297,0,0.0,1.4673109686899432e-05,0.0,UNSAFE,RED
SYN_0405,6.119605697233728,67.42031433497297,10,0.0,4.165035556908647e-06,0.0,UNSAFE,RED
SYN_0405,6.119605697233728,67.42031433497297,25,0.0,1.8928990000080238e-06,0.0,UNSAFE,RED
SYN_0405,6.119605697233728,67.42031433497297,50,0.0,9.885900888460311e-07,0.0,UNSAFE,RED
SYN_0405,6.119605697233728,67.42031433497297,75,0.0,6.179555699969671e-08,0.0,UNSAFE,RED
SYN_0405,6.119605697233728,67.42031433497297,100,0.0,5.386585589073155e-07,0.0,UNSAFE,RED
SYN_0405,6.119605697233728,67.42031433497297,150,0.0,1.3278281132716214e-07,0.0,UNSAFE,RED
SYN_0405,6.119605697233728,67.42031433497297,200,0.0,1.1871577430766878e-06,0.0,UNSAFE,RED
SYN_0406,23.81163073470596,82.99786107265534,0,0.0,3.418214658389697e-05,0.0,UNSAFE,RED
SYN_0406,23.81163073470596,82.99786107265534,10,0.0,3.8982011968699205e-06,0.0,UNSAFE,RED
SYN_0406,23.81163073470596,82.99786107265534,25,0.0,3.337618525744312e-06,0.0,UNSAFE,RED
SYN_0406,23.81163073470596,82.99786107265534,50,0.0,4.5246656199786754e-07,0.0,UNSAFE,RED
SYN_0406,23.81163073470596,82.99786107265534,75,0.0,1.2093108508881195e-06,0.0,UNSAFE,RED
SYN_0406,23.81163073470596,82.99786107265534,100,0.0,3.418912082826806e-07,0.0,UNSAFE,RED
SYN_0406,23.81163073470596,82.99786107265534,150,0.0,2.3154360012810701e-07,0.0,UNSAFE,RED
SYN_0406,23.81163073470596,82.99786107265534,200,0.0,9.717203359118353e-07,0.0,UNSAFE,RED
SYN_0407,24.37325826293475,78.44297373864813,0,0.0,7.050031769386105e-06,0.0,UNSAFE,RED
SYN_0407,24.37325826293475,78.44297373864813,10,0.0,3.742872061955333e-06,0.0,UNSAFE,RED
SYN_0407,24.37325826293475,78.44297373864813,25,0.0,1.7839535247804589e-06,0.0,UNSAFE,RED
SYN_0407,24.37325826293475,78.44297373864813,50,0.0,2.2204946702028724e-08,0.0,UNSAFE,RED
SYN_0407,24.37325826293475,78.44297373864813,75,0.0,1.698444850999013e-06,0.0,UNSAFE,RED
SYN_0407,24.37325826293475,78.44297373864813,100,0.0,1.0087135130671695e-06,0.0,UNSAFE,RED
SYN_0407,24.37325826293475,78.44297373864813,150,0.0,1.9073393053124872e-07,0.0,UNSAFE,RED
SYN_0407,24.37325826293475,78.44297373864813,200,0.0,3.343035044255711e-07,0.0,UNSAFE,RED
SYN_0408,7.817992761462522,82.07112727241326,0,0.0,1.1509922214378884e-05,0.0,UNSAFE,RED
SYN_0408,7.817992761462522,82.07112727241326,10,0.0,3.6666921282451925e-06,0.0,UNSAFE,RED
SYN_0408,7.817992761462522,82.07112727241326,25,0.0,1.4006378438021786e-07,0.0,UNSAFE,RED
SYN_0408,7.817992761462522,82.07112727241326,50,0.0,2.7868753947655394e-09,0.0,UNSAFE,RED
SYN_0408,7.817992761462522,82.07112727241326,75,0.0,3.3279444805764397e-07,0.0,UNSAFE,RED
SYN_0408,7.817992761462522,82.07112727241326,100,0.0,5.003586693344745e-07,0.0,UNSAFE,RED
SYN_0408,7.817992761462522,82.07112727241326,150,0.0,3.3846550567583034e-08,0.0,UNSAFE,RED
SYN_0408,7.817992761462522,82.07112727241326,200,0.0,3.970663165281626e-07,0.0,UNSAFE,RED
SYN_0409,24.440979295514285,72.22956668188552,0,0.0,3.0942313195619138e-06,0.0,UNSAFE,RED
SYN_0409,24.440979295514285,72.22956668188552,10,0.0,1.1799601418195286e-06,0.0,UNSAFE,RED
SYN_0409,24.440979295514285,72.22956668188552,25,0.0,3.0145620178646356e-07,0.0,UNSAFE,RED
SYN_0409,24.440979295514285,72.22956668188552,50,0.0,2.7119604880551717e-07,0.0,UNSAFE,RED
SYN_0409,24.440979295514285,72.22956668188552,75,0.0,9.26527282784318e-07,0.0,UNSAFE,RED
SYN_0409,24.440979295514285,72.22956668188552,100,0.0,2.257411876120297e-07,0.0,UNSAFE,RED
SYN_0409,24.440979295514285,72.22956668188552,150,0.0,3.3696953230769576e-07,0.0,UNSAFE,RED
SYN_0409,24.440979295514285,72.22956668188552,200,0.0,8.496372821282793e-07,0.0,UNSAFE,RED
SYN_0410,12.271125877353455,84.89494102724927,0,0.0,3.348311095492698e-05,0.0,UNSAFE,RED
SYN_0410,12.271125877353455,84.89494102724927,10,0.0,7.351833229921987e-06,0.0,UNSAFE,RED
SYN_0410,12.271125877353455,84.89494102724927,25,0.0,1.914491852647113e-06,0.0,UNSAFE,RED
SYN_0410,12.271125877353455,84.89494102724927,50,0.0,1.0110602860295706e-06,0.0,UNSAFE,RED
SYN_0410,12.271125877353455,84.89494102724927,75,0.0,1.0413919837832108e-06,0.0,UNSAFE,RED
SYN_0410,12.271125877353455,84.89494102724927,100,0.0,6.002600957069037e-07,0.0,UNSAFE,RED
SYN_0410,12.271125877353455,84.89494102724927,150,0.0,1.1428400902550095e-07,0.0,UNSAFE,RED
SYN_0410,12.271125877353455,84.89494102724927,200,0.0,1.2984584783046787e-06,0.0,UNSAFE,RED
SYN_0411,14.290769270488385,79.9622048231987,0,0.0,1.1196565721181618e-06,0.0,UNSAFE,RED
SYN_0411,14.290769270488385,79.9622048231987,10,0.0,6.859875249289193e-08,0.0,UNSAFE,RED
SYN_0411,14.290769270488385,79.9622048231987,25,0.0,7.582149065165635e-07,0.0,UNSAFE,RED
SYN_0411,14.290769270488385,79.9622048231987,50,0.0,5.425242540205952e-07,0.0,UNSAFE,RED
SYN_0411,14.290769270488385,79.9622048231987,75,0.0,1.4298427853959478e-06,0.0,UNSAFE,RED
SYN_0411,14.290769270488385,79.9622048231987,100,0.0,1.949859579283586e-06,0.0,UNSAFE,RED
SYN_0411,14.290769270488385,79.9622048231987,150,0.0,1.4655228092443808e-07,0.0,UNSAFE,RED
SYN_0411,14.290769270488385,79.9622048231987,200,0.0,2.978787165358394e-07,0.0,UNSAFE,RED
SYN_0412,13.98960317349831,82.21050452144074,0,0.0,1.7414558824765375e-05,0.0,UNSAFE,RED
SYN_0412,13.98960317349831,82.21050452144074,10,0.0,7.085174988359496e-06,0.0,UNSAFE,RED
SYN_0412,13.98960317349831,82.21050452144074,25,0.0,1.3597170591574831e-09,0.0,UNSAFE,RED
SYN_0412,13.98960317349831,82.21050452144074,50,0.0,4.717374157938148e-07,0.0,UNSAFE,RED
SYN_0412,13.98960317349831,82.21050452144074,75,0.0,2.4022566485333526e-07,0.0,UNSAFE,RED
SYN_0412,13.98960317349831,82.21050452144074,100,0.0,2.45032663505486e-07,0.0,UNSAFE,RED
SYN_0412,13.98960317349831,82.21050452144074,150,0.0,4.8323290333603524e-08,0.0,UNSAFE,RED
SYN_0412,13.98960317349831,82.21050452144074,200,0.0,4.3010646431995554e-07,0.0,UNSAFE,RED
SYN_0413,16.375382050457546,80.81319052091222,0,0.0,2.2862363879880633e-06,0.0,UNSAFE,RED
SYN_0413,16.375382050457546,80.81319052091222,10,0.0,1.183711720032646e-06,0.0,UNSAFE,RED
SYN_0413,16.375382050457546,80.81319052091222,25,0.0,2.6213775071599577e-07,0.0,UNSAFE,RED
SYN_0413,16.375382050457546,80.81319052091222,50,0.0,4.72482433018571e-08,0.0,UNSAFE,RED
SYN_0413,16.375382050457546,80.81319052091222,75,0.0,1.1437756040799707e-07,0.0,UNSAFE,RED
SYN_0413,16.375382050457546,80.81319052091222,100,0.0,4.3985982660729284e-07,0.0,UNSAFE,RED
SYN_0413,16.375382050457546,80.81319052091222,150,0.0,1.8388038871913604e-07,0.0,UNSAFE,RED
SYN_0413,16.375382050457546,80.81319052091222,200,0.0,2.0279605361740076e-06,0.0,UNSAFE,RED
SYN_0414,21.349306890219214,67.445457054427,0,0.0,2.2759660913087454e-06,0.0,UNSAFE,RED
SYN_0414,21.349306890219214,67.445457054427,10,0.0,2.3272823702201947e-07,0.0,UNSAFE,RED
SYN_0414,21.349306890219214,67.445457054427,25,0.0,7.954951899427025e-07,0.0,UNSAFE,RED
SYN_0414,21.349306890219214,67.445457054427,50,0.0,1.3296095400160486e-06,0.0,UNSAFE,RED
SYN_0414,21.349306890219214,67.445457054427,75,0.0,2.9740688118619084e-07,0.0,UNSAFE,RED
SYN_0414,21.349306890219214,67.445457054427,100,0.0,6.765874073617944e-07,0.0,UNSAFE,RED
SYN_0414,21.349306890219214,67.445457054427,150,0.0,2.0494556662683674e-08,0.0,UNSAFE,RED
SYN_0414,21.349306890219214,67.445457054427,200,0.0,7.882786605395958e-07,0.0,UNSAFE,RED
SYN_0415,18.979702163489712,74.1248008810667,0,0.0,6.037898559423304e-06,0.0,UNSAFE,RED
SYN_0415,18.979702163489712,74.1248008810667,10,0.0,6.377036156593918e-06,0.0,UNSAFE,RED
SYN_0415,18.979702163489712,74.1248008810667,25,0.0,1.4027963193277095e-06,0.0,UNSAFE,RED
SYN_0415,18.979702163489712,74.1248008810667,50,0.0,1.225834238507939e-07,0.0,UNSAFE,RED
SYN_0415,18.979702163489712,74.1248008810667,75,0.0,1.5013713236963477e-07,0.0,UNSAFE,RED
SYN_0415,18.979702163489712,74.1248008810667,100,0.0,6.664193027515821e-07,0.0,UNSAFE,RED
SYN_0415,18.979702163489712,74.1248008810667,150,0.0,2.6170622428328725e-07,0.0,UNSAFE,RED
SYN_0415,18.979702163489712,74.1248008810667,200,0.0,7.256500024549893e-07,0.0,UNSAFE,RED
SYN_0416,23.144941381509973,70.27933473471185,0,0.0,1.2751240334605873e-05,0.0,UNSAFE,RED
SYN_0416,23.144941381509973,70.27933473471185,10,0.0,2.4745074799321863e-06,0.0,UNSAFE,RED
SYN_0416,23.144941381509973,70.27933473471185,25,0.0,3.5685532697055727e-06,0.0,UNSAFE,RED
SYN_0416,23.144941381509973,70.27933473471185,50,0.0,8.522275192722401e-07,0.0,UNSAFE,RED
SYN_0416,23.144941381509973,70.27933473471185,75,0.0,5.599622038422371e-07,0.0,UNSAFE,RED
SYN_0416,23.144941381509973,70.27933473471185,100,0.0,3.954459186317803e-07,0.0,UNSAFE,RED
SYN_0416,23.144941381509973,70.27933473471185,150,0.0,3.0075735583688876e-07,0.0,UNSAFE,RED
SYN_0416,23.144941381509973,70.27933473471185,200,0.0,8.052681610112875e-07,0.0,UNSAFE,RED
SYN_0417,5.725046350295897,82.12260440706092,0,0.0,4.362139149702122e-05,0.0,UNSAFE,RED
SYN_0417,5.725046350295897,82.12260440706092,10,0.0,8.908344102481313e-06,0.0,UNSAFE,RED
SYN_0417,5.725046350295897,82.12260440706092,25,0.0,2.550954673142972e-06,0.0,UNSAFE,RED
SYN_0417,5.725046350295897,82.12260440706092,50,0.0,9.97599013280423e-07,0.0,UNSAFE,RED
SYN_0417,5.725046350295897,82.12260440706092,75,0.0,2.6514259495605284e-06,0.0,UNSAFE,RED
SYN_0417,5.725046350295897,82.12260440706092,100,0.0,1.4148458594809148e-06,0.0,UNSAFE,RED
SYN_0417,5.725046350295897,82.12260440706092,150,0.0,2.066317321369511e-07,0.0,UNSAFE,RED
SYN_0417,5.725046350295897,82.12260440706092,200,0.0,2.584737705754632e-07,0.0,UNSAFE,RED
SYN_0418,6.869847231679795,69.21755681214704,0,0.0,6.296813969998656e-06,0.0,UNSAFE,RED
SYN_0418,6.869847231679795,69.21755681214704,10,0.0,1.4636778181715266e-06,0.0,UNSAFE,RED
SYN_0418,6.869847231679795,69.21755681214704,25,0.0,1.277356714391403e-05,0.0,UNSAFE,RED
SYN_0418,6.869847231679795,69.21755681214704,50,0.0,1.7715531246675188e-06,0.0,UNSAFE,RED
SYN_0418,6.869847231679795,69.21755681214704,75,0.0,3.670183742777594e-07,0.0,UNSAFE,RED
SYN_0418,6.869847231679795,69.21755681214704,100,0.0,5.33384114132013e-07,0.0,UNSAFE,RED
SYN_0418,6.869847231679795,69.21755681214704,150,0.0,7.102893733675524e-08,0.0,UNSAFE,RED
SYN_0418,6.869847231679795,69.21755681214704,200,0.0,5.1672736449051e-07,0.0,UNSAFE,RED
SYN_0419,7.056171234717079,66.549745802715,0,0.0,3.377683977680706e-05,0.0,UNSAFE,RED
SYN_0419,7.056171234717079,66.549745802715,10,0.0,2.1321268805861462e-07,0.0,UNSAFE,RED
SYN_0419,7.056171234717079,66.549745802715,25,0.0,1.745734738746486e-05,0.0,UNSAFE,RED
SYN_0419,7.056171234717079,66.549745802715,50,0.0,4.488327085695095e-07,0.0,UNSAFE,RED
SYN_0419,7.056171234717079,66.549745802715,75,0.0,1.7793096527720584e-06,0.0,UNSAFE,RED
SYN_0419,7.056171234717079,66.549745802715,100,0.0,3.15529876187997e-06,0.0,UNSAFE,RED
SYN_0419,7.056171234717079,66.549745802715,150,0.0,3.1421793213749074e-07,0.0,UNSAFE,RED
SYN_0419,7.056171234717079,66.549745802715,200,0.0,2.3073470516854216e-07,0.0,UNSAFE,RED
SYN_0420,8.535204582020985,76.84128615509833,0,0.0,4.540457452477157e-06,0.0,UNSAFE,RED
SYN_0420,8.535204582020985,76.84128615509833,10,0.0,2.0553686471537485e-06,0.0,UNSAFE,RED
SYN_0420,8.535204582020985,76.84128615509833,25,0.0,3.378843191431127e-06,0.0,UNSAFE,RED
SYN_0420,8.535204582020985,76.84128615509833,50,0.0,1.600877706418508e-06,0.0,UNSAFE,RED
SYN_0420,8.535204582020985,76.84128615509833,75,0.0,1.2417944912518705e-06,0.0,UNSAFE,RED
SYN_0420,8.535204582020985,76.84128615509833,100,0.0,2.7554969589740394e-07,0.0,UNSAFE,RED
SYN_0420,8.535204582020985,76.84128615509833,150,0.0,2.0993348966243324e-07,0.0,UNSAFE,RED
SYN_0420,8.535204582020985,76.84128615509833,200,0.0,8.677969926486627e-07,0.0,UNSAFE,RED
SYN_0421,13.120250723764384,84.69371107830477,0,0.0,3.620415796207063e-06,0.0,UNSAFE,RED
SYN_0421,13.120250723764384,84.69371107830477,10,0.0,8.009470855898939e-06,0.0,UNSAFE,RED
SYN_0421,13.120250723764384,84.69371107830477,25,0.0,5.3982275301525176e-06,0.0,UNSAFE,RED
SYN_0421,13.120250723764384,84.69371107830477,50,0.0,1.850313511833961e-06,0.0,UNSAFE,RED
SYN_0421,13.120250723764384,84.69371107830477,75,0.0,1.0481855050779912e-06,0.0,UNSAFE,RED
SYN_0421,13.120250723764384,84.69371107830477,100,0.0,2.462780847320649e-07,0.0,UNSAFE,RED
SYN_0421,13.120250723764384,84.69371107830477,150,0.0,1.0024583764972885e-07,0.0,UNSAFE,RED
SYN_0421,13.120250723764384,84.69371107830477,200,0.0,1.2977283107455187e-07,0.0,UNSAFE,RED
SYN_0422,11.334972973004238,67.526898040564,0,0.0,1.4566049969307134e-05,0.0,UNSAFE,RED
SYN_0422,11.334972973004238,67.526898040564,10,0.0,3.112617621962188e-06,0.0,UNSAFE,RED
SYN_0422,11.334972973004238,67.526898040564,25,0.0,8.296667473118375e-07,0.0,UNSAFE,RED
SYN_0422,11.334972973004238,67.526898040564,50,0.0,7.7836882830369e-07,0.0,UNSAFE,RED
SYN_0422,11.334972973004238,67.526898040564,75,0.0,3.387247589658021e-07,0.0,UNSAFE,RED
SYN_0422,11.334972973004238,67.526898040564,100,0.0,2.350220006593659e-06,0.0,UNSAFE,RED
SYN_0422,11.334972973004238,67.526898040564,150,0.0,6.14060696502727e-07,0.0,UNSAFE,RED
SYN_0422,11.334972973004238,67.526898040564,200,0.0,9.324394160395486e-07,0.0,UNSAFE,RED
SYN_0423,19.58471018936721,78.8110528079929,0,0.0,3.093250364536501e-06,0.0,UNSAFE,RED
SYN_0423,19.58471018936721,78.8110528079929,10,0.0,9.398686119455665e-07,0.0,UNSAFE,RED
SYN_0423,19.58471018936721,78.8110528079929,25,0.0,1.4461572393938178e-06,0.0,UNSAFE,RED
SYN_0423,19.58471018936721,78.8110528079929,50,0.0,1.4032649886823396e-07,0.0,UNSAFE,RED
SYN_0423,19.58471018936721,78.8110528079929,75,0.0,9.994380995033632e-07,0.0,UNSAFE,RED
SYN_0423,19.58471018936721,78.8110528079929,100,0.0,1.4912298709149254e-07,0.0,UNSAFE,RED
SYN_0423,19.58471018936721,78.8110528079929,150,0.0,4.321144448711995e-07,0.0,UNSAFE,RED
SYN_0423,19.58471018936721,78.8110528079929,200,0.0,1.8849991790133106e-07,0.0,UNSAFE,RED
SYN_0424,13.189925566911036,68.39040320658924,0,0.0,5.6673156993769324e-06,0.0,UNSAFE,RED
SYN_0424,13.189925566911036,68.39040320658924,10,0.0,2.0063765602196073e-06,0.0,UNSAFE,RED
SYN_0424,13.189925566911036,68.39040320658924,25,0.0,7.79722959266924e-07,0.0,UNSAFE,RED
SYN_0424,13.189925566911036,68.39040320658924,50,0.0,1.8612595451185005e-07,0.0,UNSAFE,RED
SYN_0424,13.189925566911036,68.39040320658924,75,0.0,2.9167977995737233e-06,0.0,UNSAFE,RED
SYN_0424,13.189925566911036,68.39040320658924,100,0.0,2.1582239311692023e-07,0.0,UNSAFE,RED
SYN_0424,13.189925566911036,68.39040320658924,150,0.0,5.074433291832255e-07,0.0,UNSAFE,RED
SYN_0424,13.189925566911036,68.39040320658924,200,0.0,1.585103896371296e-07,0.0,UNSAFE,RED
SYN_0425,14.219110282263651,79.16781710069671,0,0.0,1.1633150502405696e-05,0.0,UNSAFE,RED
SYN_0425,14.219110282263651,79.16781710069671,10,0.0,5.794846559499158e-06,0.0,UNSAFE,RED
SYN_0425,14.219110282263651,79.16781710069671,25,0.0,3.593158357679494e-07,0.0,UNSAFE,RED
SYN_0425,14.219110282263651,79.16781710069671,50,0.0,1.1937007711573813e-06,0.0,UNSAFE,RED
SYN_0425,14.219110282263651,79.16781710069671,75,0.0,4.4464019954006537e-07,0.0,UNSAFE,RED
SYN_0425,14.219110282263651,79.16781710069671,100,0.0,1.7011554667386296e-06,0.0,UNSAFE,RED
SYN_0425,14.219110282263651,79.16781710069671,150,0.0,1.0817319558421053e-07,0.0,UNSAFE,RED
SYN_0425,14.219110282263651,79.16781710069671,200,0.0,8.285779320413535e-07,0.0,UNSAFE,RED
SYN_0426,22.894282095112256,83.57212659154038,0,0.0,3.1237091084140683e-05,0.0,UNSAFE,RED
SYN_0426,22.894282095112256,83.57212659154038,10,0.0,9.333596984031176e-06,0.0,UNSAFE,RED
SYN_0426,22.894282095112256,83.57212659154038,25,0.0,8.381204245980144e-07,0.0,UNSAFE,RED
SYN_0426,22.894282095112256,83.57212659154038,50,0.0,2.5456308133008593e-08,0.0,UNSAFE,RED
SYN_0426,22.894282095112256,83.57212659154038,75,0.0,4.3562298294070775e-07,0.0,UNSAFE,RED
SYN_0426,22.894282095112256,83.57212659154038,100,0.0,1.49067189792156e-06,0.0,UNSAFE,RED
SYN_0426,22.894282095112256,83.57212659154038,150,0.0,3.0754124583101946e-08,0.0,UNSAFE,RED
SYN_0426,22.894282095112256,83.57212659154038,200,0.0,9.348730776238416e-08,0.0,UNSAFE,RED
SYN_0427,8.325487367642166,81.6990852446528,0,0.0,1.8763277124186645e-06,0.0,UNSAFE,RED
SYN_0427,8.325487367642166,81.6990852446528,10,0.0,2.203268274275293e-06,0.0,UNSAFE,RED
SYN_0427,8.325487367642166,81.6990852446528,25,0.0,4.7291170601210263e-07,0.0,UNSAFE,RED
SYN_0427,8.325487367642166,81.6990852446528,50,0.0,1.2482767183396073e-06,0.0,UNSAFE,RED
SYN_0427,8.325487367642166,81.6990852446528,75,0.0,3.068941293346378e-06,0.0,UNSAFE,RED
SYN_0427,8.325487367642166,81.6990852446528,100,0.0,1.8643423031936143e-06,0.0,UNSAFE,RED
SYN_0427,8.325487367642166,81.6990852446528,150,0.0,2.9737663256411536e-07,0.0,UNSAFE,RED
SYN_0427,8.325487367642166,81.6990852446528,200,0.0,1.5298874665859988e-07,0.0,UNSAFE,RED
SYN_0428,8.108022574780309,77.99581455025249,0,0.0,2.6734376378210115e-05,0.0,UNSAFE,RED
SYN_0428,8.108022574780309,77.99581455025249,10,0.0,9.94500382165576e-06,0.0,UNSAFE,RED
SYN_0428,8.108022574780309,77.99581455025249,25,0.0,4.241747400727566e-06,0.0,UNSAFE,RED
SYN_0428,8.108022574780309,77.99581455025249,50,0.0,1.5295034293569418e-06,0.0,UNSAFE,RED
SYN_0428,8.108022574780309,77.99581455025249,75,0.0,7.485311514006245e-07,0.0,UNSAFE,RED
SYN_0428,8.108022574780309,77.99581455025249,100,0.0,4.604952337313933e-08,0.0,UNSAFE,RED
SYN_0428,8.108022574780309,77.99581455025249,150,0.0,7.370201797980538e-10,0.0,UNSAFE,RED
SYN_0428,8.108022574780309,77.99581455025249,200,0.0,1.4012210217930538e-07,0.0,UNSAFE,RED
SYN_0429,13.8176219523716,82.76621644298265,0,0.0,9.299679456262928e-06,0.0,UNSAFE,RED
SYN_0429,13.8176219523716,82.76621644298265,10,0.0,1.720006916415734e-06,0.0,UNSAFE,RED
SYN_0429,13.8176219523716,82.76621644298265,25,0.0,1.8774996723620169e-07,0.0,UNSAFE,RED
SYN_0429,13.8176219523716,82.76621644298265,50,0.0,5.8504319808304e-07,0.0,UNSAFE,RED
SYN_0429,13.8176219523716,82.76621644298265,75,0.0,1.4598146425194908e-06,0.0,UNSAFE,RED
SYN_0429,13.8176219523716,82.76621644298265,100,0.0,2.802312059407664e-07,0.0,UNSAFE,RED
SYN_0429,13.8176219523716,82.76621644298265,150,0.0,1.2310363241739595e-07,0.0,UNSAFE,RED
SYN_0429,13.8176219523716,82.76621644298265,200,0.0,5.589298428822758e-07,0.0,UNSAFE,RED
SYN_0430,6.909253573996567,80.69998348847167,0,0.0,2.2228064276498815e-05,0.0,UNSAFE,RED
SYN_0430,6.909253573996567,80.69998348847167,10,0.0,4.018038886749103e-06,0.0,UNSAFE,RED
SYN_0430,6.909253573996567,80.69998348847167,25,0.0,9.460484577081965e-07,0.0,UNSAFE,RED
SYN_0430,6.909253573996567,80.69998348847167,50,0.0,1.9268908262454494e-07,0.0,UNSAFE,RED
SYN_0430,6.909253573996567,80.69998348847167,75,0.0,4.64805391869387e-07,0.0,UNSAFE,RED
SYN_0430,6.909253573996567,80.69998348847167,100,0.0,1.4798908569168825e-06,0.0,UNSAFE,RED
SYN_0430,6.909253573996567,80.69998348847167,150,0.0,3.813382985121925e-07,0.0,UNSAFE,RED
SYN_0430,6.909253573996567,80.69998348847167,200,0.0,1.8918589373782279e-07,0.0,UNSAFE,RED
SYN_0431,7.440871240596254,66.57466736526963,0,0.0,2.11097179361793e-05,0.0,UNSAFE,RED
SYN_0431,7.440871240596254,66.57466736526963,10,0.0,4.773917286039277e-06,0.0,UNSAFE,RED
SYN_0431,7.440871240596254,66.57466736526963,25,0.0,3.2564021112492348e-06,0.0,UNSAFE,RED
SYN_0431,7.440871240596254,66.57466736526963,50,0.0,6.516696979784092e-07,0.0,UNSAFE,RED
SYN_0431,7.440871240596254,66.57466736526963,75,0.0,1.319837336146435e-06,0.0,UNSAFE,RED
SYN_0431,7.440871240596254,66.57466736526963,100,0.0,2.62142707458429e-07,0.0,UNSAFE,RED
SYN_0431,7.440871240596254,66.57466736526963,150,0.0,3.20803785260745e-07,0.0,UNSAFE,RED
SYN_0431,7.440871240596254,66.57466736526963,200,0.0,1.174977963786907e-06,0.0,UNSAFE,RED
SYN_0432,8.41810579888547,73.65501738222,0,0.0,9.251048393965874e-06,0.0,UNSAFE,RED
SYN_0432,8.41810579888547,73.65501738222,10,0.0,7.439861710326479e-06,0.0,UNSAFE,RED
SYN_0432,8.41810579888547,73.65501738222,25,0.0,3.6432400007454648e-06,0.0,UNSAFE,RED
SYN_0432,8.41810579888547,73.65501738222,50,0.0,5.634833375647323e-07,0.0,UNSAFE,RED
SYN_0432,8.41810579888547,73.65501738222,75,0.0,2.3193275682521376e-06,0.0,UNSAFE,RED
SYN_0432,8.41810579888547,73.65501738222,100,0.0,4.6430025598078246e-06,0.0,UNSAFE,RED
SYN_0432,8.41810579888547,73.65501738222,150,0.0,5.960260634119636e-08,0.0,UNSAFE,RED
SYN_0432,8.41810579888547,73.65501738222,200,0.0,1.1982000402402077e-06,0.0,UNSAFE,RED
SYN_0433,6.550628232183451,81.10557570656823,0,0.0,3.5219811695928715e-05,0.0,UNSAFE,RED
SYN_0433,6.550628232183451,81.10557570656823,10,0.0,5.292081509666127e-06,0.0,UNSAFE,RED
SYN_0433,6.550628232183451,81.10557570656823,25,0.0,4.030250012191292e-06,0.0,UNSAFE,RED
SYN_0433,6.550628232183451,81.10557570656823,50,0.0,2.4013690016719124e-07,0.0,UNSAFE,RED
SYN_0433,6.550628232183451,81.10557570656823,75,0.0,2.884769112305462e-07,0.0,UNSAFE,RED
SYN_0433,6.550628232183451,81.10557570656823,100,0.0,1.3543675816708919e-08,0.0,UNSAFE,RED
SYN_0433,6.550628232183451,81.10557570656823,150,0.0,4.784149237518152e-08,0.0,UNSAFE,RED
SYN_0433,6.550628232183451,81.10557570656823,200,0.0,3.2173814664466176e-07,0.0,UNSAFE,RED
SYN_0434,22.70565658193801,72.2318053284062,0,0.0,2.3204316811991507e-05,0.0,UNSAFE,RED
SYN_0434,22.70565658193801,72.2318053284062,10,0.0,7.449897863606056e-06,0.0,UNSAFE,RED
SYN_0434,22.70565658193801,72.2318053284062,25,0.0,2.717450135292867e-06,0.0,UNSAFE,RED
SYN_0434,22.70565658193801,72.2318053284062,50,0.0,1.280828584855928e-08,0.0,UNSAFE,RED
SYN_0434,22.70565658193801,72.2318053284062,75,0.0,3.7068514075029585e-07,0.0,UNSAFE,RED
SYN_0434,22.70565658193801,72.2318053284062,100,0.0,1.4330596777892634e-06,0.0,UNSAFE,RED
SYN_0434,22.70565658193801,72.2318053284062,150,0.0,3.931951293238719e-08,0.0,UNSAFE,RED
SYN_0434,22.70565658193801,72.2318053284062,200,0.0,1.101915892278382e-08,0.0,UNSAFE,RED
SYN_0435,11.69712429152424,83.3911772562657,0,0.0,1.1036512192960724e-05,0.0,UNSAFE,RED
SYN_0435,11.69712429152424,83.3911772562657,10,0.0,9.484997360846911e-07,0.0,UNSAFE,RED
SYN_0435,11.69712429152424,83.3911772562657,25,0.0,4.048947507076546e-06,0.0,UNSAFE,RED
SYN_0435,11.69712429152424,83.3911772562657,50,0.0,3.249452101685131e-07,0.0,UNSAFE,RED
SYN_0435,11.69712429152424,83.3911772562657,75,0.0,8.440610322509918e-07,0.0,UNSAFE,RED
SYN_0435,11.69712429152424,83.3911772562657,100,0.0,1.5681528603570347e-06,0.0,UNSAFE,RED
SYN_0435,11.69712429152424,83.3911772562657,150,0.0,4.3244933836417003e-07,0.0,UNSAFE,RED
SYN_0435,11.69712429152424,83.3911772562657,200,0.0,2.335772813972799e-06,0.0,UNSAFE,RED
SYN_0436,13.230232057984209,68.67691453778596,0,0.0,3.320897564924168e-05,0.0,UNSAFE,RED
SYN_0436,13.230232057984209,68.67691453778596,10,0.0,2.5610943171128743e-06,0.0,UNSAFE,RED
SYN_0436,13.230232057984209,68.67691453778596,25,0.0,9.144581718653774e-06,0.0,UNSAFE,RED
SYN_0436,13.230232057984209,68.67691453778596,50,0.0,5.569848769161574e-07,0.0,UNSAFE,RED
SYN_0436,13.230232057984209,68.67691453778596,75,0.0,2.7434899562813116e-06,0.0,UNSAFE,RED
SYN_0436,13.230232057984209,68.67691453778596,100,0.0,2.0493157605980315e-06,0.0,UNSAFE,RED
SYN_0436,13.230232057984209,68.67691453778596,150,0.0,1.9153936495359552e-07,0.0,UNSAFE,RED
SYN_0436,13.230232057984209,68.67691453778596,200,0.0,5.391620093648177e-07,0.0,UNSAFE,RED
SYN_0437,20.358751032360225,82.058487163569,0,0.0,1.244330628235543e-05,0.0,UNSAFE,RED
SYN_0437,20.358751032360225,82.058487163569,10,0.0,1.5076808716899485e-06,0.0,UNSAFE,RED
SYN_0437,20.358751032360225,82.058487163569,25,0.0,1.7448921431245304e-06,0.0,UNSAFE,RED
SYN_0437,20.358751032360225,82.058487163569,50,0.0,1.573164914440979e-06,0.0,UNSAFE,RED
SYN_0437,20.358751032360225,82.058487163569,75,0.0,1.4465522083093387e-06,0.0,UNSAFE,RED
SYN_0437,20.358751032360225,82.058487163569,100,0.0,3.886016477663861e-06,0.0,UNSAFE,RED
SYN_0437,20.358751032360225,82.058487163569,150,0.0,3.165564378137854e-08,0.0,UNSAFE,RED
SYN_0437,20.358751032360225,82.058487163569,200,0.0,5.278720817364211e-07,0.0,UNSAFE,RED
SYN_0438,9.903060591030629,80.03667422119302,0,0.0,2.575508116054715e-05,0.0,UNSAFE,RED
SYN_0438,9.903060591030629,80.03667422119302,10,0.0,1.2141411573356897e-05,0.0,UNSAFE,RED
SYN_0438,9.903060591030629,80.03667422119302,25,0.0,2.9395834034105245e-07,0.0,UNSAFE,RED
SYN_0438,9.903060591030629,80.03667422119302,50,0.0,7.580201675108472e-07,0.0,UNSAFE,RED
SYN_0438,9.903060591030629,80.03667422119302,75,0.0,5.224059783330474e-09,0.0,UNSAFE,RED
SYN_0438,9.903060591030629,80.03667422119302,100,0.0,6.035437244316338e-07,0.0,UNSAFE,RED
SYN_0438,9.903060591030629,80.03667422119302,150,0.0,1.4938447324247557e-07,0.0,UNSAFE,RED
SYN_0438,9.903060591030629,80.03667422119302,200,0.0,8.946489979076356e-07,0.0,UNSAFE,RED
SYN_0439,22.60739252518236,66.03000598930934,0,0.0,3.932785378289381e-05,0.0,UNSAFE,RED
SYN_0439,22.60739252518236,66.03000598930934,10,0.0,1.2839117860731701e-05,0.0,UNSAFE,RED
SYN_0439,22.60739252518236,66.03000598930934,25,0.0,3.172249051252205e-07,0.0,UNSAFE,RED
SYN_0439,22.60739252518236,66.03000598930934,50,0.0,2.4151942078875893e-06,0.0,UNSAFE,RED
SYN_0439,22.60739252518236,66.03000598930934,75,0.0,6.223144833484763e-07,0.0,UNSAFE,RED
SYN_0439,22.60739252518236,66.03000598930934,100,0.0,1.619984542029675e-06,0.0,UNSAFE,RED
SYN_0439,22.60739252518236,66.03000598930934,150,0.0,1.7467867487293615e-07,0.0,UNSAFE,RED
SYN_0439,22.60739252518236,66.03000598930934,200,2.6054618663530905e-05,1.61339847184726e-07,161.3890196124762,SAFE,GREEN
SYN_0440,14.433056026567773,70.37808609122963,0,0.0,1.9810941908700462e-05,0.0,UNSAFE,RED
SYN_0440,14.433056026567773,70.37808609122963,10,0.0,5.633096142203959e-06,0.0,UNSAFE,RED
SYN_0440,14.433056026567773,70.37808609122963,25,0.0,2.5825905784451158e-06,0.0,UNSAFE,RED
SYN_0440,14.433056026567773,70.37808609122963,50,0.0,3.475804086100139e-08,0.0,UNSAFE,RED
SYN_0440,14.433056026567773,70.37808609122963,75,0.0,1.787110867241325e-07,0.0,UNSAFE,RED
SYN_0440,14.433056026567773,70.37808609122963,100,0.0,1.2223615861520252e-07,0.0,UNSAFE,RED
SYN_0440,14.433056026567773,70.37808609122963,150,0.0,1.7645387758844652e-07,0.0,UNSAFE,RED
SYN_0440,14.433056026567773,70.37808609122963,200,0.0,7.0713223385121e-07,0.0,UNSAFE,RED
SYN_0441,23.504939739023307,69.95460571548318,0,0.0,1.7377437529258744e-05,0.0,UNSAFE,RED
SYN_0441,23.504939739023307,69.95460571548318,10,0.0,5.023749241153543e-06,0.0,UNSAFE,RED
SYN_0441,23.504939739023307,69.95460571548318,25,0.0,3.238680414173435e-07,0.0,UNSAFE,RED
SYN_0441,23.504939739023307,69.95460571548318,50,0.0,8.244881676635592e-08,0.0,UNSAFE,RED
SYN_0441,23.504939739023307,69.95460571548318,75,0.0,6.434570288988022e-07,0.0,UNSAFE,RED
SYN_0441,23.504939739023307,69.95460571548318,100,0.0,2.244753375994769e-06,0.0,UNSAFE,RED
SYN_0441,23.504939739023307,69.95460571548318,150,0.0,1.6741931571408107e-07,0.0,UNSAFE,RED
SYN_0441,23.504939739023307,69.95460571548318,200,0.0,4.0834684984157496e-07,0.0,UNSAFE,RED
SYN_0442,5.337867101430369,74.59400325067091,0,0.0,1.4672521451281346e-05,0.0,UNSAFE,RED
SYN_0442,5.337867101430369,74.59400325067091,10,0.0,5.486189026057464e-06,0.0,UNSAFE,RED
SYN_0442,5.337867101430369,74.59400325067091,25,0.0,3.2057132210495415e-07,0.0,UNSAFE,RED
SYN_0442,5.337867101430369,74.59400325067091,50,0.0,1.048527620077171e-07,0.0,UNSAFE,RED
SYN_0442,5.337867101430369,74.59400325067091,75,0.0,1.6590803864470342e-07,0.0,UNSAFE,RED
SYN_0442,5.337867101430369,74.59400325067091,100,0.0,9.532544743335804e-08,0.0,UNSAFE,RED
SYN_0442,5.337867101430369,74.59400325067091,150,0.0,3.67055030720573e-07,0.0,UNSAFE,RED
SYN_0442,5.337867101430369,74.59400325067091,200,0.0,4.133939613718335e-07,0.0,UNSAFE,RED
SYN_0443,18.51569507342463,66.96046881165864,0,0.0,1.0307544789291873e-06,0.0,UNSAFE,RED
SYN_0443,18.51569507342463,66.96046881165864,10,0.0,4.717944456837993e-07,0.0,UNSAFE,RED
SYN_0443,18.51569507342463,66.96046881165864,25,0.0,2.932605786605028e-07,0.0,UNSAFE,RED
SYN_0443,18.51569507342463,66.96046881165864,50,0.0,3.2301811571480293e-07,0.0,UNSAFE,RED
SYN_0443,18.51569507342463,66.96046881165864,75,0.0,8.804194616598027e-07,0.0,UNSAFE,RED
SYN_0443,18.51569507342463,66.96046881165864,100,0.0,7.977151848731166e-07,0.0,UNSAFE,RED
SYN_0443,18.51569507342463,66.96046881165864,150,0.0,1.0283319008822885e-07,0.0,UNSAFE,RED
SYN_0443,18.51569507342463,66.96046881165864,200,0.0,1.1187409601129711e-08,0.0,UNSAFE,RED
SYN_0444,8.496738309324224,71.77171943883147,0,0.0,9.358368687019558e-06,0.0,UNSAFE,RED
SYN_0444,8.496738309324224,71.77171943883147,10,0.0,5.12502103263595e-07,0.0,UNSAFE,RED
SYN_0444,8.496738309324224,71.77171943883147,25,0.0,2.2562718032660757e-06,0.0,UNSAFE,RED
SYN_0444,8.496738309324224,71.77171943883147,50,0.0,2.224673940697398e-06,0.0,UNSAFE,RED
SYN_0444,8.496738309324224,71.77171943883147,75,0.0,1.5051936573897108e-07,0.0,UNSAFE,RED
SYN_0444,8.496738309324224,71.77171943883147,100,0.0,1.7408979989882743e-06,0.0,UNSAFE,RED
SYN_0444,8.496738309324224,71.77171943883147,150,0.0,1.3183852180890062e-08,0.0,UNSAFE,RED
SYN_0444,8.496738309324224,71.77171943883147,200,0.0,1.0581296094640943e-07,0.0,UNSAFE,RED
SYN_0445,5.856746423779969,78.5158192725597,0,0.0,1.5184743102705573e-06,0.0,UNSAFE,RED
SYN_0445,5.856746423779969,78.5158192725597,10,0.0,1.7735037277407523e-07,0.0,UNSAFE,RED
SYN_0445,5.856746423779969,78.5158192725597,25,0.0,1.1006483708778256e-06,0.0,UNSAFE,RED
SYN_0445,5.856746423779969,78.5158192725597,50,0.0,7.380698012749413e-08,0.0,UNSAFE,RED
SYN_0445,5.856746423779969,78.5158192725597,75,0.0,1.6657628566543054e-06,0.0,UNSAFE,RED
SYN_0445,5.856746423779969,78.5158192725597,100,0.0,2.3752656716344997e-06,0.0,UNSAFE,RED
SYN_0445,5.856746423779969,78.5158192725597,150,0.0,2.0113820475090554e-07,0.0,UNSAFE,RED
SYN_0445,5.856746423779969,78.5158192725597,200,0.0,6.648605257877066e-07,0.0,UNSAFE,RED
SYN_0446,16.7244142305449,83.38508493052623,0,0.0,5.899081448618137e-05,0.0,UNSAFE,RED
SYN_0446,16.7244142305449,83.38508493052623,10,0.0,1.4206774251741278e-05,0.0,UNSAFE,RED
SYN_0446,16.7244142305449,83.38508493052623,25,0.0,9.029537343725166e-07,0.0,UNSAFE,RED
SYN_0446,16.7244142305449,83.38508493052623,50,0.0,2.7704643728704374e-07,0.0,UNSAFE,RED
SYN_0446,16.7244142305449,83.38508493052623,75,0.0,3.740447291233733e-07,0.0,UNSAFE,RED
SYN_0446,16.7244142305449,83.38508493052623,100,0.0,1.0013632955758225e-06,0.0,UNSAFE,RED
SYN_0446,16.7244142305449,83.38508493052623,150,0.0,3.9322999417415893e-07,0.0,UNSAFE,RED
SYN_0446,16.7244142305449,83.38508493052623,200,0.0,4.096091397727309e-07,0.0,UNSAFE,RED
SYN_0447,7.551824785747543,73.654098292531,0,0.0,1.5635442147851242e-06,0.0,UNSAFE,RED
SYN_0447,7.551824785747543,73.654098292531,10,0.0,1.7492911593733922e-07,0.0,UNSAFE,RED
SYN_0447,7.551824785747543,73.654098292531,25,0.0,5.4572751559962124e-08,0.0,UNSAFE,RED
SYN_0447,7.551824785747543,73.654098292531,50,0.0,2.4502097503348053e-08,0.0,UNSAFE,RED
SYN_0447,7.551824785747543,73.654098292531,75,0.0,2.431439524388531e-06,0.0,UNSAFE,RED
SYN_0447,7.551824785747543,73.654098292531,100,0.0,4.1804110314593995e-07,0.0,UNSAFE,RED
SYN_0447,7.551824785747543,73.654098292531,150,0.0,2.9622303402654684e-07,0.0,UNSAFE,RED
SYN_0447,7.551824785747543,73.654098292531,200,1.955147601204496e-06,1.3078758980407603e-06,1.4947887068356118,SAFE,GREEN
SYN_0448,12.76786360767774,75.06409340149928,0,0.0,3.018168883750717e-06,0.0,UNSAFE,RED
SYN_0448,12.76786360767774,75.06409340149928,10,0.0,7.558292382281238e-07,0.0,UNSAFE,RED
SYN_0448,12.76786360767774,75.06409340149928,25,0.0,2.032161813154605e-06,0.0,UNSAFE,RED
SYN_0448,12.76786360767774,75.06409340149928,50,0.0,1.6314860360356787e-07,0.0,UNSAFE,RED
SYN_0448,12.76786360767774,75.06409340149928,75,0.0,1.1528200347114021e-07,0.0,UNSAFE,RED
SYN_0448,12.76786360767774,75.06409340149928,100,0.0,4.155887025949819e-07,0.0,UNSAFE,RED
SYN_0448,12.76786360767774,75.06409340149928,150,0.0,6.608524661478392e-08,0.0,UNSAFE,RED
SYN_0448,12.76786360767774,75.06409340149928,200,0.0,1.267531319381102e-07,0.0,UNSAFE,RED
SYN_0449,23.784369897553702,76.59966640904167,0,0.0,4.5249369932386005e-07,0.0,UNSAFE,RED
SYN_0449,23.784369897553702,76.59966640904167,10,0.0,1.113994533235842e-06,0.0,UNSAFE,RED
SYN_0449,23.784369897553702,76.59966640904167,25,0.0,1.2265158138769132e-06,0.0,UNSAFE,RED
SYN_0449,23.784369897553702,76.59966640904167,50,0.0,4.5182244143192957e-07,0.0,UNSAFE,RED
SYN_0449,23.784369897553702,76.59966640904167,75,0.0,1.6984841487909637e-07,0.0,UNSAFE,RED
SYN_0449,23.784369897553702,76.59966640904167,100,0.0,1.9456350830991244e-06,0.0,UNSAFE,RED
SYN_0449,23.784369897553702,76.59966640904167,150,0.0,1.6513652838063047e-07,0.0,UNSAFE,RED
SYN_0449,23.784369897553702,76.59966640904167,200,0.0,1.0335092295748832e-06,0.0,UNSAFE,RED
SYN_0450,9.624738747820723,83.32730213484791,0,0.0,4.034269154925896e-07,0.0,UNSAFE,RED
SYN_0450,9.624738747820723,83.32730213484791,10,0.0,2.9652847970189217e-07,0.0,UNSAFE,RED
SYN_0450,9.624738747820723,83.32730213484791,25,0.0,9.82516401057516e-07,0.0,UNSAFE,RED
SYN_0450,9.624738747820723,83.32730213484791,50,0.0,1.4797354732716983e-07,0.0,UNSAFE,RED
SYN_0450,9.624738747820723,83.32730213484791,75,0.0,2.6185154268374587e-07,0.0,UNSAFE,RED
SYN_0450,9.624738747820723,83.32730213484791,100,0.0,2.9558419941863533e-07,0.0,UNSAFE,RED
SYN_0450,9.624738747820723,83.32730213484791,150,0.0,2.5894976446767147e-07,0.0,UNSAFE,RED
SYN_0450,9.624738747820723,83.32730213484791,200,0.0,4.588550240280142e-07,0.0,UNSAFE,RED
SYN_0451,13.767617942818632,65.33725740164209,0,0.0,1.422296121477092e-06,0.0,UNSAFE,RED
SYN_0451,13.767617942818632,65.33725740164209,10,0.0,9.467575466601867e-07,0.0,UNSAFE,RED
SYN_0451,13.767617942818632,65.33725740164209,25,0.0,1.7945317020513013e-06,0.0,UNSAFE,RED
SYN_0451,13.767617942818632,65.33725740164209,50,0.0,1.1882388650970784e-06,0.0,UNSAFE,RED
SYN_0451,13.767617942818632,65.33725740164209,75,0.0,8.661694659788603e-07,0.0,UNSAFE,RED
SYN_0451,13.767617942818632,65.33725740164209,100,0.0,6.6700994400068e-07,0.0,UNSAFE,RED
SYN_0451,13.767617942818632,65.33725740164209,150,0.0,3.3774562452480623e-07,0.0,UNSAFE,RED
SYN_0451,13.767617942818632,65.33725740164209,200,0.0,8.00623467505316e-07,0.0,UNSAFE,RED
SYN_0452,17.11350444346344,72.31057593814558,0,0.0,3.774035784469878e-05,0.0,UNSAFE,RED
SYN_0452,17.11350444346344,72.31057593814558,10,0.0,5.404779239678316e-06,0.0,UNSAFE,RED
SYN_0452,17.11350444346344,72.31057593814558,25,0.0,3.648812622697125e-06,0.0,UNSAFE,RED
SYN_0452,17.11350444346344,72.31057593814558,50,0.0,6.574894248253012e-07,0.0,UNSAFE,RED
SYN_0452,17.11350444346344,72.31057593814558,75,0.0,1.3932207083265138e-06,0.0,UNSAFE,RED
SYN_0452,17.11350444346344,72.31057593814558,100,0.0,1.5662753648844844e-06,0.0,UNSAFE,RED
SYN_0452,17.11350444346344,72.31057593814558,150,0.0,2.1477866344410447e-07,0.0,UNSAFE,RED
SYN_0452,17.11350444346344,72.31057593814558,200,0.0,4.920777992250013e-07,0.0,UNSAFE,RED
SYN_0453,15.27044153824967,77.19040622619849,0,0.0,1.6084494171454947e-05,0.0,UNSAFE,RED
SYN_0453,15.27044153824967,77.19040622619849,10,0.0,4.312096051236333e-06,0.0,UNSAFE,RED
SYN_0453,15.27044153824967,77.19040622619849,25,0.0,3.328344566492998e-07,0.0,UNSAFE,RED
SYN_0453,15.27044153824967,77.19040622619849,50,0.0,6.120929218184052e-07,0.0,UNSAFE,RED
SYN_0453,15.27044153824967,77.19040622619849,75,0.0,4.983343573464706e-07,0.0,UNSAFE,RED
SYN_0453,15.27044153824967,77.19040622619849,100,0.0,1.2997156154594703e-06,0.0,UNSAFE,RED
SYN_0453,15.27044153824967,77.19040622619849,150,0.0,2.3948726224600664e-07,0.0,UNSAFE,RED
SYN_0453,15.27044153824967,77.19040622619849,200,0.0,2.078290214887979e-08,0.0,UNSAFE,RED
SYN_0454,13.604570068041642,73.1397617758025,0,0.0,3.085642299655649e-05,0.0,UNSAFE,RED
SYN_0454,13.604570068041642,73.1397617758025,10,0.0,5.401588571317239e-06,0.0,UNSAFE,RED
SYN_0454,13.604570068041642,73.1397617758025,25,0.0,5.92674054094216e-07,0.0,UNSAFE,RED
SYN_0454,13.604570068041642,73.1397617758025,50,0.0,1.9262219898573603e-06,0.0,UNSAFE,RED
SYN_0454,13.604570068041642,73.1397617758025,75,0.0,1.5132192644863648e-06,0.0,UNSAFE,RED
SYN_0454,13.604570068041642,73.1397617758025,100,0.0,6.497919364326913e-07,0.0,UNSAFE,RED
SYN_0454,13.604570068041642,73.1397617758025,150,0.0,5.118174164155059e-07,0.0,UNSAFE,RED
SYN_0454,13.604570068041642,73.1397617758025,200,0.0,1.1349289981546022e-06,0.0,UNSAFE,RED
SYN_0455,15.217047299275958,69.28232486825871,0,0.0,7.777568021041617e-06,0.0,UNSAFE,RED
SYN_0455,15.217047299275958,69.28232486825871,10,0.0,1.3550940003986525e-06,0.0,UNSAFE,RED
SYN_0455,15.217047299275958,69.28232486825871,25,0.0,2.699003617327564e-06,0.0,UNSAFE,RED
SYN_0455,15.217047299275958,69.28232486825871,50,0.0,6.731760350590821e-08,0.0,UNSAFE,RED
SYN_0455,15.217047299275958,69.28232486825871,75,0.0,2.252334981064861e-06,0.0,UNSAFE,RED
SYN_0455,15.217047299275958,69.28232486825871,100,0.0,3.1746624257685975e-06,0.0,UNSAFE,RED
SYN_0455,15.217047299275958,69.28232486825871,150,0.0,2.0416334328219623e-07,0.0,UNSAFE,RED
SYN_0455,15.217047299275958,69.28232486825871,200,0.0,1.8448025318973555e-06,0.0,UNSAFE,RED
SYN_0456,23.347239701305533,74.27463471862642,0,0.0,4.046161887254364e-06,0.0,UNSAFE,RED
SYN_0456,23.347239701305533,74.27463471862642,10,0.0,2.27987963614119e-06,0.0,UNSAFE,RED
SYN_0456,23.347239701305533,74.27463471862642,25,0.0,2.6428072513877358e-06,0.0,UNSAFE,RED
SYN_0456,23.347239701305533,74.27463471862642,50,0.0,1.6866665373682146e-07,0.0,UNSAFE,RED
SYN_0456,23.347239701305533,74.27463471862642,75,0.0,1.3653675921509626e-07,0.0,UNSAFE,RED
SYN_0456,23.347239701305533,74.27463471862642,100,0.0,1.0417936445950977e-07,0.0,UNSAFE,RED
SYN_0456,23.347239701305533,74.27463471862642,150,0.0,1.1809917041443735e-07,0.0,UNSAFE,RED
SYN_0456,23.347239701305533,74.27463471862642,200,0.0,6.666888471354482e-07,0.0,UNSAFE,RED
SYN_0457,17.331756761424927,69.67696738170956,0,0.0,6.041464411618108e-06,0.0,UNSAFE,RED
SYN_0457,17.331756761424927,69.67696738170956,10,0.0,6.644909585205621e-06,0.0,UNSAFE,RED
SYN_0457,17.331756761424927,69.67696738170956,25,0.0,1.3642243644237995e-06,0.0,UNSAFE,RED
SYN_0457,17.331756761424927,69.67696738170956,50,0.0,1.3799666629816708e-06,0.0,UNSAFE,RED
SYN_0457,17.331756761424927,69.67696738170956,75,0.0,4.838860489690801e-07,0.0,UNSAFE,RED
SYN_0457,17.331756761424927,69.67696738170956,100,0.0,8.358380934480892e-07,0.0,UNSAFE,RED
SYN_0457,17.331756761424927,69.67696738170956,150,0.0,7.952502331969127e-08,0.0,UNSAFE,RED
SYN_0457,17.331756761424927,69.67696738170956,200,0.0,1.1203437504752657e-06,0.0,UNSAFE,RED
SYN_0458,18.834914252218013,66.30343991794415,0,0.0,7.750849828598176e-06,0.0,UNSAFE,RED
SYN_0458,18.834914252218013,66.30343991794415,10,0.0,3.54408405468565e-06,0.0,UNSAFE,RED
SYN_0458,18.834914252218013,66.30343991794415,25,0.0,2.0389003073760894e-06,0.0,UNSAFE,RED
SYN_0458,18.834914252218013,66.30343991794415,50,0.0,1.3013096372574534e-06,0.0,UNSAFE,RED
SYN_0458,18.834914252218013,66.30343991794415,75,0.0,2.9895895595183606e-07,0.0,UNSAFE,RED
SYN_0458,18.834914252218013,66.30343991794415,100,0.0,1.118738208404651e-06,0.0,UNSAFE,RED
SYN_0458,18.834914252218013,66.30343991794415,150,0.0,1.0125746377569037e-07,0.0,UNSAFE,RED
SYN_0458,18.834914252218013,66.30343991794415,200,0.0,3.682419538227957e-07,0.0,UNSAFE,RED
SYN_0459,15.503515798684482,81.69475909553935,0,0.0,1.5729927166143423e-05,0.0,UNSAFE,RED
SYN_0459,15.503515798684482,81.69475909553935,10,0.0,6.418154280756307e-06,0.0,UNSAFE,RED
SYN_0459,15.503515798684482,81.69475909553935,25,0.0,1.632036796115228e-07,0.0,UNSAFE,RED
SYN_0459,15.503515798684482,81.69475909553935,50,0.0,2.662350018692391e-08,0.0,UNSAFE,RED
SYN_0459,15.503515798684482,81.69475909553935,75,0.0,2.88999590684952e-07,0.0,UNSAFE,RED
SYN_0459,15.503515798684482,81.69475909553935,100,0.0,1.0066679007039217e-07,0.0,UNSAFE,RED
SYN_0459,15.503515798684482,81.69475909553935,150,0.0,1.5997698165092805e-07,0.0,UNSAFE,RED
SYN_0459,15.503515798684482,81.69475909553935,200,0.0,4.624745159411491e-07,0.0,UNSAFE,RED
SYN_0460,21.517268420846374,70.29396755422013,0,0.0,6.178352887791247e-06,0.0,UNSAFE,RED
SYN_0460,21.517268420846374,70.29396755422013,10,0.0,7.121773702116462e-07,0.0,UNSAFE,RED
SYN_0460,21.517268420846374,70.29396755422013,25,0.0,4.415056089191304e-07,0.0,UNSAFE,RED
SYN_0460,21.517268420846374,70.29396755422013,50,0.0,7.280863372618693e-07,0.0,UNSAFE,RED
SYN_0460,21.517268420846374,70.29396755422013,75,0.0,1.7363792464999916e-06,0.0,UNSAFE,RED
SYN_0460,21.517268420846374,70.29396755422013,100,0.0,2.8600874285817487e-06,0.0,UNSAFE,RED
SYN_0460,21.517268420846374,70.29396755422013,150,0.0,4.309512768837389e-08,0.0,UNSAFE,RED
SYN_0460,21.517268420846374,70.29396755422013,200,0.0,3.5674258043019596e-07,0.0,UNSAFE,RED
SYN_0461,16.05993165377843,70.71835151724426,0,0.0,2.179966319708764e-05,0.0,UNSAFE,RED
SYN_0461,16.05993165377843,70.71835151724426,10,0.0,4.852499036577163e-06,0.0,UNSAFE,RED
SYN_0461,16.05993165377843,70.71835151724426,25,0.0,2.281067422577907e-06,0.0,UNSAFE,RED
SYN_0461,16.05993165377843,70.71835151724426,50,0.0,5.441279351337996e-07,0.0,UNSAFE,RED
SYN_0461,16.05993165377843,70.71835151724426,75,0.0,6.577519340306938e-08,0.0,UNSAFE,RED
SYN_0461,16.05993165377843,70.71835151724426,100,0.0,3.7859373498251385e-07,0.0,UNSAFE,RED
SYN_0461,16.05993165377843,70.71835151724426,150,0.0,1.89829141060912e-07,0.0,UNSAFE,RED
SYN_0461,16.05993165377843,70.71835151724426,200,0.0,8.207874461404093e-07,0.0,UNSAFE,RED
SYN_0462,11.442251919382764,78.72839787995284,0,0.0,3.789723676964222e-07,0.0,UNSAFE,RED
SYN_0462,11.442251919382764,78.72839787995284,10,0.0,2.548275636097558e-06,0.0,UNSAFE,RED
SYN_0462,11.442251919382764,78.72839787995284,25,0.0,8.203774212831361e-06,0.0,UNSAFE,RED
SYN_0462,11.442251919382764,78.72839787995284,50,0.0,2.18908310825417e-06,0.0,UNSAFE,RED
SYN_0462,11.442251919382764,78.72839787995284,75,0.0,4.253148133499482e-07,0.0,UNSAFE,RED
SYN_0462,11.442251919382764,78.72839787995284,100,0.0,5.813587533537496e-07,0.0,UNSAFE,RED
SYN_0462,11.442251919382764,78.72839787995284,150,0.0,1.7954486822190067e-07,0.0,UNSAFE,RED
SYN_0462,11.442251919382764,78.72839787995284,200,0.0,3.8522889631369985e-07,0.0,UNSAFE,RED
SYN_0463,22.88671217517059,69.62528599298226,0,0.0,1.5166643824682491e-05,0.0,UNSAFE,RED
SYN_0463,22.88671217517059,69.62528599298226,10,0.0,3.106589968079051e-06,0.0,UNSAFE,RED
SYN_0463,22.88671217517059,69.62528599298226,25,0.0,4.880381224030852e-07,0.0,UNSAFE,RED
SYN_0463,22.88671217517059,69.62528599298226,50,0.0,2.1064048655658943e-06,0.0,UNSAFE,RED
SYN_0463,22.88671217517059,69.62528599298226,75,0.0,9.473292789809399e-07,0.0,UNSAFE,RED
SYN_0463,22.88671217517059,69.62528599298226,100,0.0,3.049601377288377e-07,0.0,UNSAFE,RED
SYN_0463,22.88671217517059,69.62528599298226,150,0.0,3.3886188284875157e-08,0.0,UNSAFE,RED
SYN_0463,22.88671217517059,69.62528599298226,200,0.0,7.825110850668229e-07,0.0,UNSAFE,RED
SYN_0464,21.3014798136522,82.07100455916634,0,0.0,3.411367285159161e-05,0.0,UNSAFE,RED
SYN_0464,21.3014798136522,82.07100455916634,10,0.0,7.794718224597172e-06,0.0,UNSAFE,RED
SYN_0464,21.3014798136522,82.07100455916634,25,0.0,2.873180441284194e-06,0.0,UNSAFE,RED
SYN_0464,21.3014798136522,82.07100455916634,50,0.0,1.4863390976999278e-07,0.0,UNSAFE,RED
SYN_0464,21.3014798136522,82.07100455916634,75,0.0,1.2037458675511409e-06,0.0,UNSAFE,RED
SYN_0464,21.3014798136522,82.07100455916634,100,0.0,3.2905823186696945e-07,0.0,UNSAFE,RED
SYN_0464,21.3014798136522,82.07100455916634,150,0.0,1.5248706062809437e-07,0.0,UNSAFE,RED
SYN_0464,21.3014798136522,82.07100455916634,200,0.0,1.3707232142732854e-07,0.0,UNSAFE,RED
SYN_0465,5.694457361873044,78.81230400301654,0,0.0,1.9879849980812735e-06,0.0,UNSAFE,RED
SYN_0465,5.694457361873044,78.81230400301654,10,0.0,1.1182210014783589e-06,0.0,UNSAFE,RED
SYN_0465,5.694457361873044,78.81230400301654,25,0.0,1.7615929254754254e-07,0.0,UNSAFE,RED
SYN_0465,5.694457361873044,78.81230400301654,50,0.0,4.1338439692713484e-08,0.0,UNSAFE,RED
SYN_0465,5.694457361873044,78.81230400301654,75,0.0,3.491119267083519e-07,0.0,UNSAFE,RED
SYN_0465,5.694457361873044,78.81230400301654,100,0.0,2.958626132640736e-07,0.0,UNSAFE,RED
SYN_0465,5.694457361873044,78.81230400301654,150,0.0,1.1809539260017737e-08,0.0,UNSAFE,RED
SYN_0465,5.694457361873044,78.81230400301654,200,0.0,1.6746439038982595e-06,0.0,UNSAFE,RED
SYN_0466,17.87267576239241,69.87434264335053,0,0.0,2.7961930418156316e-05,0.0,UNSAFE,RED
SYN_0466,17.87267576239241,69.87434264335053,10,0.0,4.925065228083481e-06,0.0,UNSAFE,RED
SYN_0466,17.87267576239241,69.87434264335053,25,0.0,2.6338433871520967e-06,0.0,UNSAFE,RED
SYN_0466,17.87267576239241,69.87434264335053,50,0.0,2.5230418413156554e-07,0.0,UNSAFE,RED
SYN_0466,17.87267576239241,69.87434264335053,75,0.0,1.405208869837319e-07,0.0,UNSAFE,RED
SYN_0466,17.87267576239241,69.87434264335053,100,0.0,3.7546216445591577e-07,0.0,UNSAFE,RED
SYN_0466,17.87267576239241,69.87434264335053,150,0.0,6.071582828495028e-08,0.0,UNSAFE,RED
SYN_0466,17.87267576239241,69.87434264335053,200,0.0,1.472496306440471e-06,0.0,UNSAFE,RED
SYN_0467,17.67744892104158,82.20574529629098,0,0.0,6.935423534454677e-06,0.0,UNSAFE,RED
SYN_0467,17.67744892104158,82.20574529629098,10,0.0,5.95913312436783e-07,0.0,UNSAFE,RED
SYN_0467,17.67744892104158,82.20574529629098,25,0.0,7.837574937506107e-06,0.0,UNSAFE,RED
SYN_0467,17.67744892104158,82.20574529629098,50,0.0,9.442615691314992e-07,0.0,UNSAFE,RED
SYN_0467,17.67744892104158,82.20574529629098,75,0.0,1.955097928838294e-07,0.0,UNSAFE,RED
SYN_0467,17.67744892104158,82.20574529629098,100,0.0,5.922870180372393e-07,0.0,UNSAFE,RED
SYN_0467,17.67744892104158,82.20574529629098,150,0.0,7.114415616634438e-08,0.0,UNSAFE,RED
SYN_0467,17.67744892104158,82.20574529629098,200,0.0,1.8857701671117123e-07,0.0,UNSAFE,RED
SYN_0468,15.627966139926444,70.47168535628741,0,0.0,5.849131064196183e-06,0.0,UNSAFE,RED
SYN_0468,15.627966139926444,70.47168535628741,10,0.0,3.1802640951394893e-07,0.0,UNSAFE,RED
SYN_0468,15.627966139926444,70.47168535628741,25,0.0,8.135216871029033e-06,0.0,UNSAFE,RED
SYN_0468,15.627966139926444,70.47168535628741,50,0.0,1.8242977973439034e-06,0.0,UNSAFE,RED
SYN_0468,15.627966139926444,70.47168535628741,75,0.0,2.5936520596375827e-07,0.0,UNSAFE,RED
SYN_0468,15.627966139926444,70.47168535628741,100,0.0,7.169230887217328e-07,0.0,UNSAFE,RED
SYN_0468,15.627966139926444,70.47168535628741,150,0.0,1.6760396603586857e-07,0.0,UNSAFE,RED
SYN_0468,15.627966139926444,70.47168535628741,200,0.0,2.3163442482886936e-07,0.0,UNSAFE,RED
SYN_0469,19.582065671897524,70.03816530734844,0,0.0,2.5049144862769346e-06,0.0,UNSAFE,RED
SYN_0469,19.582065671897524,70.03816530734844,10,0.0,2.824718364833398e-07,0.0,UNSAFE,RED
SYN_0469,19.582065671897524,70.03816530734844,25,0.0,3.5863208096958644e-07,0.0,UNSAFE,RED
SYN_0469,19.582065671897524,70.03816530734844,50,0.0,5.587999737697479e-07,0.0,UNSAFE,RED
SYN_0469,19.582065671897524,70.03816530734844,75,0.0,2.1207597017949107e-07,0.0,UNSAFE,RED
SYN_0469,19.582065671897524,70.03816530734844,100,0.0,2.9531667115881873e-06,0.0,UNSAFE,RED
SYN_0469,19.582065671897524,70.03816530734844,150,0.0,1.0318507261669765e-07,0.0,UNSAFE,RED
SYN_0469,19.582065671897524,70.03816530734844,200,0.0,1.3771732223690937e-06,0.0,UNSAFE,RED
SYN_0470,17.29249565358831,75.99106746572795,0,0.0,2.2053899292385002e-05,0.0,UNSAFE,RED
SYN_0470,17.29249565358831,75.99106746572795,10,0.0,2.9807854153930263e-06,0.0,UNSAFE,RED
SYN_0470,17.29249565358831,75.99106746572795,25,0.0,4.522974871734209e-06,0.0,UNSAFE,RED
SYN_0470,17.29249565358831,75.99106746572795,50,0.0,3.973159434780516e-07,0.0,UNSAFE,RED
SYN_0470,17.29249565358831,75.99106746572795,75,0.0,4.813377402089137e-07,0.0,UNSAFE,RED
SYN_0470,17.29249565358831,75.99106746572795,100,0.0,7.528198635897971e-07,0.0,UNSAFE,RED
SYN_0470,17.29249565358831,75.99106746572795,150,0.0,1.283022523905725e-07,0.0,UNSAFE,RED
SYN_0470,17.29249565358831,75.99106746572795,200,0.0,7.972620551607138e-07,0.0,UNSAFE,RED
SYN_0471,19.46068861701591,72.86492929584075,0,0.0,8.013083062785971e-07,0.0,UNSAFE,RED
SYN_0471,19.46068861701591,72.86492929584075,10,0.0,2.494616528568664e-06,0.0,UNSAFE,RED
SYN_0471,19.46068861701591,72.86492929584075,25,0.0,3.181685915727182e-06,0.0,UNSAFE,RED
SYN_0471,19.46068861701591,72.86492929584075,50,0.0,1.1727590946866538e-07,0.0,UNSAFE,RED
SYN_0471,19.46068861701591,72.86492929584075,75,0.0,2.734596197609806e-07,0.0,UNSAFE,RED
SYN_0471,19.46068861701591,72.86492929584075,100,0.0,2.410044629922176e-08,0.0,UNSAFE,RED
SYN_0471,19.46068861701591,72.86492929584075,150,0.0,1.1860409805531187e-09,0.0,UNSAFE,RED
SYN_0471,19.46068861701591,72.86492929584075,200,0.0,4.3036310252413803e-07,0.0,UNSAFE,RED
SYN_0472,7.340829653768869,65.32117645360228,0,0.0,1.1955198136430089e-05,0.0,UNSAFE,RED
SYN_0472,7.340829653768869,65.32117645360228,10,0.0,5.436496893815577e-06,0.0,UNSAFE,RED
SYN_0472,7.340829653768869,65.32117645360228,25,0.0,1.8271609823949894e-06,0.0,UNSAFE,RED
SYN_0472,7.340829653768869,65.32117645360228,50,0.0,8.833733917203503e-07,0.0,UNSAFE,RED
SYN_0472,7.340829653768869,65.32117645360228,75,0.0,4.0320651259611545e-07,0.0,UNSAFE,RED
SYN_0472,7.340829653768869,65.32117645360228,100,0.0,3.3305039335727493e-07,0.0,UNSAFE,RED
SYN_0472,7.340829653768869,65.32117645360228,150,0.0,7.926967097209113e-08,0.0,UNSAFE,RED
SYN_0472,7.340829653768869,65.32117645360228,200,0.0,2.2638217331469168e-07,0.0,UNSAFE,RED
SYN_0473,20.78180303192827,71.82144319140139,0,0.0,3.7199016360730215e-05,0.0,UNSAFE,RED
SYN_0473,20.78180303192827,71.82144319140139,10,0.0,2.2265284412976644e-05,0.0,UNSAFE,RED
SYN_0473,20.78180303192827,71.82144319140139,25,0.0,4.6095594730180587e-07,0.0,UNSAFE,RED
SYN_0473,20.78180303192827,71.82144319140139,50,0.0,9.054849325564115e-07,0.0,UNSAFE,RED
SYN_0473,20.78180303192827,71.82144319140139,75,0.0,9.668395379044234e-07,0.0,UNSAFE,RED
SYN_0473,20.78180303192827,71.82144319140139,100,0.0,1.8487392687344169e-06,0.0,UNSAFE,RED
SYN_0473,20.78180303192827,71.82144319140139,150,0.0,2.4942845709393128e-08,0.0,UNSAFE,RED
SYN_0473,20.78180303192827,71.82144319140139,200,0.0,3.235340014079906e-07,0.0,UNSAFE,RED
SYN_0474,23.22858617676402,70.54645883922156,0,0.0,1.6043859740608565e-05,0.0,UNSAFE,RED
SYN_0474,23.22858617676402,70.54645883922156,10,0.0,2.11591016800882e-06,0.0,UNSAFE,RED
SYN_0474,23.22858617676402,70.54645883922156,25,0.0,1.5249879146706381e-06,0.0,UNSAFE,RED
SYN_0474,23.22858617676402,70.54645883922156,50,0.0,6.070400159609048e-08,0.0,UNSAFE,RED
SYN_0474,23.22858617676402,70.54645883922156,75,0.0,2.317180559448469e-06,0.0,UNSAFE,RED
SYN_0474,23.22858617676402,70.54645883922156,100,0.0,6.56358821506848e-07,0.0,UNSAFE,RED
SYN_0474,23.22858617676402,70.54645883922156,150,0.0,2.8349726290325766e-07,0.0,UNSAFE,RED
SYN_0474,23.22858617676402,70.54645883922156,200,0.0,1.6160904492197167e-07,0.0,UNSAFE,RED
SYN_0475,10.045831785226415,73.01388863185565,0,0.0,4.625073337495528e-06,0.0,UNSAFE,RED
SYN_0475,10.045831785226415,73.01388863185565,10,0.0,1.0418807503207034e-06,0.0,UNSAFE,RED
SYN_0475,10.045831785226415,73.01388863185565,25,0.0,2.1521534039167682e-07,0.0,UNSAFE,RED
SYN_0475,10.045831785226415,73.01388863185565,50,0.0,2.6162236118738695e-07,0.0,UNSAFE,RED
SYN_0475,10.045831785226415,73.01388863185565,75,0.0,1.6499557276840626e-06,0.0,UNSAFE,RED
SYN_0475,10.045831785226415,73.01388863185565,100,0.0,4.7279864676478426e-07,0.0,UNSAFE,RED
SYN_0475,10.045831785226415,73.01388863185565,150,0.0,4.9061472255021745e-08,0.0,UNSAFE,RED
SYN_0475,10.045831785226415,73.01388863185565,200,0.0,6.475904673797948e-07,0.0,UNSAFE,RED
SYN_0476,8.269117166678166,71.85859218796367,0,0.0,5.077569410800924e-07,0.0,UNSAFE,RED
SYN_0476,8.269117166678166,71.85859218796367,10,0.0,5.165669131336792e-07,0.0,UNSAFE,RED
SYN_0476,8.269117166678166,71.85859218796367,25,0.0,9.626910743714126e-07,0.0,UNSAFE,RED
SYN_0476,8.269117166678166,71.85859218796367,50,0.0,6.409072003618514e-07,0.0,UNSAFE,RED
SYN_0476,8.269117166678166,71.85859218796367,75,0.0,1.376363236213243e-06,0.0,UNSAFE,RED
SYN_0476,8.269117166678166,71.85859218796367,100,0.0,2.4619684347308462e-06,0.0,UNSAFE,RED
SYN_0476,8.269117166678166,71.85859218796367,150,0.0,1.1745267433206307e-08,0.0,UNSAFE,RED
SYN_0476,8.269117166678166,71.85859218796367,200,0.0,1.364080070750031e-07,0.0,UNSAFE,RED
SYN_0477,7.118126723495557,77.3832004932541,0,0.0,3.270288793915425e-05,0.0,UNSAFE,RED
SYN_0477,7.118126723495557,77.3832004932541,10,0.0,6.891885047416811e-06,0.0,UNSAFE,RED
SYN_0477,7.118126723495557,77.3832004932541,25,0.0,3.66360828590802e-06,0.0,UNSAFE,RED
SYN_0477,7.118126723495557,77.3832004932541,50,0.0,4.132907295811256e-08,0.0,UNSAFE,RED
SYN_0477,7.118126723495557,77.3832004932541,75,0.0,1.5054921761081147e-07,0.0,UNSAFE,RED
SYN_0477,7.118126723495557,77.3832004932541,100,0.0,1.3710062403722304e-07,0.0,UNSAFE,RED
SYN_0477,7.118126723495557,77.3832004932541,150,0.0,4.240642477245537e-08,0.0,UNSAFE,RED
SYN_0477,7.118126723495557,77.3832004932541,200,1.958919119849913e-05,2.1471560399167477e-07,91.19072746344028,SAFE,GREEN
SYN_0478,23.96489071444937,67.31609778694815,0,0.0,0.00010470732434301737,0.0,UNSAFE,RED
SYN_0478,23.96489071444937,67.31609778694815,10,0.0,2.859024198477229e-05,0.0,UNSAFE,RED
SYN_0478,23.96489071444937,67.31609778694815,25,0.0,2.0783741258339665e-06,0.0,UNSAFE,RED
SYN_0478,23.96489071444937,67.31609778694815,50,0.0,4.911325738673101e-07,0.0,UNSAFE,RED
SYN_0478,23.96489071444937,67.31609778694815,75,0.0,3.136745117565257e-07,0.0,UNSAFE,RED
SYN_0478,23.96489071444937,67.31609778694815,100,0.0,8.157943318328701e-07,0.0,UNSAFE,RED
SYN_0478,23.96489071444937,67.31609778694815,150,0.0,7.821037023601546e-07,0.0,UNSAFE,RED
SYN_0478,23.96489071444937,67.31609778694815,200,0.0,1.381408646920143e-06,0.0,UNSAFE,RED
SYN_0479,24.13223708327717,79.90145229182977,0,0.0,9.750559364220765e-06,0.0,UNSAFE,RED
SYN_0479,24.13223708327717,79.90145229182977,10,0.0,5.942440933924196e-06,0.0,UNSAFE,RED
SYN_0479,24.13223708327717,79.90145229182977,25,0.0,6.144094897797639e-07,0.0,UNSAFE,RED
SYN_0479,24.13223708327717,79.90145229182977,50,0.0,1.285996087632507e-06,0.0,UNSAFE,RED
SYN_0479,24.13223708327717,79.90145229182977,75,0.0,3.871260149311244e-09,0.0,UNSAFE,RED
SYN_0479,24.13223708327717,79.90145229182977,100,0.0,2.8775344513911074e-06,0.0,UNSAFE,RED
SYN_0479,24.13223708327717,79.90145229182977,150,0.0,2.1927914975019805e-07,0.0,UNSAFE,RED
SYN_0479,24.13223708327717,79.90145229182977,200,0.0,1.5300030932280118e-06,0.0,UNSAFE,RED
SYN_0480,18.92751699741132,67.20886253882303,0,0.0,5.281601447899147e-05,0.0,UNSAFE,RED
SYN_0480,18.92751699741132,67.20886253882303,10,0.0,6.718023049730433e-06,0.0,UNSAFE,RED
SYN_0480,18.92751699741132,67.20886253882303,25,0.0,6.7043067959073846e-06,0.0,UNSAFE,RED
SYN_0480,18.92751699741132,67.20886253882303,50,0.0,1.796412853343463e-06,0.0,UNSAFE,RED
SYN_0480,18.92751699741132,67.20886253882303,75,0.0,1.3307314218709436e-07,0.0,UNSAFE,RED
SYN_0480,18.92751699741132,67.20886253882303,100,0.0,1.5979723013270343e-06,0.0,UNSAFE,RED
SYN_0480,18.92751699741132,67.20886253882303,150,0.0,4.081532769127913e-08,0.0,UNSAFE,RED
SYN_0480,18.92751699741132,67.20886253882303,200,0.0,9.07855108134592e-09,0.0,UNSAFE,RED
SYN_0481,10.134881748691155,77.22498745667454,0,0.0,2.4913153140665713e-05,0.0,UNSAFE,RED
SYN_0481,10.134881748691155,77.22498745667454,10,0.0,6.547398922437473e-06,0.0,UNSAFE,RED
SYN_0481,10.134881748691155,77.22498745667454,25,0.0,1.697932801760557e-06,0.0,UNSAFE,RED
SYN_0481,10.134881748691155,77.22498745667454,50,0.0,1.593401942151553e-08,0.0,UNSAFE,RED
SYN_0481,10.134881748691155,77.22498745667454,75,0.0,6.044671060671314e-07,0.0,UNSAFE,RED
SYN_0481,10.134881748691155,77.22498745667454,100,0.0,1.3390727046079277e-06,0.0,UNSAFE,RED
SYN_0481,10.134881748691155,77.22498745667454,150,0.0,1.1304594868269209e-07,0.0,UNSAFE,RED
SYN_0481,10.134881748691155,77.22498745667454,200,0.0,3.1812257920954635e-07,0.0,UNSAFE,RED
SYN_0482,15.843398208914296,65.3460024548194,0,0.0,6.559373191477017e-06,0.0,UNSAFE,RED
SYN_0482,15.843398208914296,65.3460024548194,10,0.0,1.3451440419624935e-06,0.0,UNSAFE,RED
SYN_0482,15.843398208914296,65.3460024548194,25,0.0,3.023874643728216e-07,0.0,UNSAFE,RED
SYN_0482,15.843398208914296,65.3460024548194,50,0.0,9.177720442798473e-07,0.0,UNSAFE,RED
SYN_0482,15.843398208914296,65.3460024548194,75,0.0,1.1019333906810637e-07,0.0,UNSAFE,RED
SYN_0482,15.843398208914296,65.3460024548194,100,0.0,2.5768301025654197e-06,0.0,UNSAFE,RED
SYN_0482,15.843398208914296,65.3460024548194,150,0.0,1.2589797270329938e-07,0.0,UNSAFE,RED
SYN_0482,15.843398208914296,65.3460024548194,200,0.0,6.382338744813837e-08,0.0,UNSAFE,RED
SYN_0483,18.03825213465904,70.81158457809325,0,0.0,2.7366131909334116e-06,0.0,UNSAFE,RED
SYN_0483,18.03825213465904,70.81158457809325,10,0.0,8.139530864329844e-07,0.0,UNSAFE,RED
SYN_0483,18.03825213465904,70.81158457809325,25,0.0,3.8427403773785444e-07,0.0,UNSAFE,RED
SYN_0483,18.03825213465904,70.81158457809325,50,0.0,6.294578971195248e-08,0.0,UNSAFE,RED
SYN_0483,18.03825213465904,70.81158457809325,75,0.0,2.718582302239282e-07,0.0,UNSAFE,RED
SYN_0483,18.03825213465904,70.81158457809325,100,0.0,3.076384947506928e-07,0.0,UNSAFE,RED
SYN_0483,18.03825213465904,70.81158457809325,150,0.0,1.1021312027869612e-07,0.0,UNSAFE,RED
SYN_0483,18.03825213465904,70.81158457809325,200,0.0,5.256321165546293e-07,0.0,UNSAFE,RED
SYN_0484,17.03340043527188,77.17143448612033,0,0.0,3.5129094984104474e-06,0.0,UNSAFE,RED
SYN_0484,17.03340043527188,77.17143448612033,10,0.0,2.821756871251593e-06,0.0,UNSAFE,RED
SYN_0484,17.03340043527188,77.17143448612033,25,0.0,4.1441836726321866e-06,0.0,UNSAFE,RED
SYN_0484,17.03340043527188,77.17143448612033,50,0.0,6.986648590355286e-07,0.0,UNSAFE,RED
SYN_0484,17.03340043527188,77.17143448612033,75,0.0,5.434215605703231e-07,0.0,UNSAFE,RED
SYN_0484,17.03340043527188,77.17143448612033,100,0.0,1.4912337384214995e-06,0.0,UNSAFE,RED
SYN_0484,17.03340043527188,77.17143448612033,150,0.0,5.660916205490256e-07,0.0,UNSAFE,RED
SYN_0484,17.03340043527188,77.17143448612033,200,0.0,4.159552116986062e-08,0.0,UNSAFE,RED
SYN_0485,20.497305350022152,75.79411030653262,0,0.0,3.821493434921159e-06,0.0,UNSAFE,RED
SYN_0485,20.497305350022152,75.79411030653262,10,0.0,4.770264650243217e-07,0.0,UNSAFE,RED
SYN_0485,20.497305350022152,75.79411030653262,25,0.0,7.635251396631271e-07,0.0,UNSAFE,RED
SYN_0485,20.497305350022152,75.79411030653262,50,0.0,5.736162182139809e-07,0.0,UNSAFE,RED
SYN_0485,20.497305350022152,75.79411030653262,75,0.0,4.0274640761700497e-07,0.0,UNSAFE,RED
SYN_0485,20.497305350022152,75.79411030653262,100,0.0,2.664862847422402e-07,0.0,UNSAFE,RED
SYN_0485,20.497305350022152,75.79411030653262,150,0.0,4.066151397074436e-08,0.0,UNSAFE,RED
SYN_0485,20.497305350022152,75.79411030653262,200,0.0,5.943488533149306e-07,0.0,UNSAFE,RED
SYN_0486,15.020411440312502,77.0872294992241,0,0.0,9.072823027025406e-06,0.0,UNSAFE,RED
SYN_0486,15.020411440312502,77.0872294992241,10,0.0,6.800168308746073e-06,0.0,UNSAFE,RED
SYN_0486,15.020411440312502,77.0872294992241,25,0.0,2.701806853632036e-06,0.0,UNSAFE,RED
SYN_0486,15.020411440312502,77.0872294992241,50,0.0,3.319092698151117e-07,0.0,UNSAFE,RED
SYN_0486,15.020411440312502,77.0872294992241,75,0.0,2.872982826397873e-07,0.0,UNSAFE,RED
SYN_0486,15.020411440312502,77.0872294992241,100,0.0,1.291608272755671e-06,0.0,UNSAFE,RED
SYN_0486,15.020411440312502,77.0872294992241,150,0.0,1.7156203333819958e-07,0.0,UNSAFE,RED
SYN_0486,15.020411440312502,77.0872294992241,200,0.0,5.971037186657174e-07,0.0,UNSAFE,RED
SYN_0487,15.6406937366678,68.53108384485681,0,0.0,8.913995298461726e-06,0.0,UNSAFE,RED
SYN_0487,15.6406937366678,68.53108384485681,10,0.0,2.2321685100039077e-06,0.0,UNSAFE,RED
SYN_0487,15.6406937366678,68.53108384485681,25,0.0,2.589552089928636e-06,0.0,UNSAFE,RED
SYN_0487,15.6406937366678,68.53108384485681,50,0.0,7.276606378286126e-08,0.0,UNSAFE,RED
SYN_0487,15.6406937366678,68.53108384485681,75,0.0,1.7478829910885548e-07,0.0,UNSAFE,RED
SYN_0487,15.6406937366678,68.53108384485681,100,0.0,3.311190876719424e-07,0.0,UNSAFE,RED
SYN_0487,15.6406937366678,68.53108384485681,150,0.0,8.088476059625715e-08,0.0,UNSAFE,RED
SYN_0487,15.6406937366678,68.53108384485681,200,0.0,2.0920432478107125e-06,0.0,UNSAFE,RED
SYN_0488,20.931818727952887,82.22889869131576,0,0.0,1.6899802510322257e-06,0.0,UNSAFE,RED
SYN_0488,20.931818727952887,82.22889869131576,10,0.0,5.861326155524674e-08,0.0,UNSAFE,RED
SYN_0488,20.931818727952887,82.22889869131576,25,0.0,1.5422342612789183e-06,0.0,UNSAFE,RED
SYN_0488,20.931818727952887,82.22889869131576,50,0.0,7.937071516281724e-08,0.0,UNSAFE,RED
SYN_0488,20.931818727952887,82.22889869131576,75,0.0,5.133908587071985e-07,0.0,UNSAFE,RED
SYN_0488,20.931818727952887,82.22889869131576,100,0.0,1.256933137067932e-06,0.0,UNSAFE,RED
SYN_0488,20.931818727952887,82.22889869131576,150,0.0,1.6262412528357136e-08,0.0,UNSAFE,RED
SYN_0488,20.931818727952887,82.22889869131576,200,0.0,5.531981823918903e-07,0.0,UNSAFE,RED
SYN_0489,12.19947036353339,65.32072800061292,0,0.0,4.552145308757203e-05,0.0,UNSAFE,RED
SYN_0489,12.19947036353339,65.32072800061292,10,0.0,7.154480895975767e-06,0.0,UNSAFE,RED
SYN_0489,12.19947036353339,65.32072800061292,25,0.0,3.0827400809742813e-06,0.0,UNSAFE,RED
SYN_0489,12.19947036353339,65.32072800061292,50,0.0,3.524321770237479e-07,0.0,UNSAFE,RED
SYN_0489,12.19947036353339,65.32072800061292,75,0.0,4.738509474397221e-07,0.0,UNSAFE,RED
SYN_0489,12.19947036353339,65.32072800061292,100,0.0,2.216688017590036e-07,0.0,UNSAFE,RED
SYN_0489,12.19947036353339,65.32072800061292,150,0.0,2.199534678537339e-07,0.0,UNSAFE,RED
SYN_0489,12.19947036353339,65.32072800061292,200,0.0,5.904746599474102e-07,0.0,UNSAFE,RED
SYN_0490,9.75641294552984,73.57990221280329,0,0.0,2.2854110401084865e-05,0.0,UNSAFE,RED
SYN_0490,9.75641294552984,73.57990221280329,10,0.0,8.388307550393747e-06,0.0,UNSAFE,RED
SYN_0490,9.75641294552984,73.57990221280329,25,0.0,4.512105137326998e-07,0.0,UNSAFE,RED
SYN_0490,9.75641294552984,73.57990221280329,50,0.0,5.8420052025162655e-08,0.0,UNSAFE,RED
SYN_0490,9.75641294552984,73.57990221280329,75,0.0,1.8971112617049534e-06,0.0,UNSAFE,RED
SYN_0490,9.75641294552984,73.57990221280329,100,0.0,7.00646157427622e-07,0.0,UNSAFE,RED
SYN_0490,9.75641294552984,73.57990221280329,150,0.0,2.849446786930877e-07,0.0,UNSAFE,RED
SYN_0490,9.75641294552984,73.57990221280329,200,0.0,2.4923251575695157e-06,0.0,UNSAFE,RED
SYN_0491,10.872243301294995,77.15817895213883,0,0.0,2.700835100154684e-05,0.0,UNSAFE,RED
SYN_0491,10.872243301294995,77.15817895213883,10,0.0,5.426168098652482e-06,0.0,UNSAFE,RED
SYN_0491,10.872243301294995,77.15817895213883,25,0.0,2.106344988498082e-06,0.0,UNSAFE,RED
SYN_0491,10.872243301294995,77.15817895213883,50,0.0,2.503701988587955e-07,0.0,UNSAFE,RED
SYN_0491,10.872243301294995,77.15817895213883,75,0.0,4.8474842884730676e-08,0.0,UNSAFE,RED
SYN_0491,10.872243301294995,77.15817895213883,100,0.0,7.372133203925246e-07,0.0,UNSAFE,RED
SYN_0491,10.872243301294995,77.15817895213883,150,0.0,3.304403008901478e-07,0.0,UNSAFE,RED
SYN_0491,10.872243301294995,77.15817895213883,200,0.0,8.894824978418566e-07,0.0,UNSAFE,RED
SYN_0492,18.653970095516737,72.85615433905078,0,0.0,5.739935300392601e-06,0.0,UNSAFE,RED
SYN_0492,18.653970095516737,72.85615433905078,10,0.0,2.032236708407999e-06,0.0,UNSAFE,RED
SYN_0492,18.653970095516737,72.85615433905078,25,0.0,2.1783728949907498e-06,0.0,UNSAFE,RED
SYN_0492,18.653970095516737,72.85615433905078,50,0.0,5.03217479471895e-07,0.0,UNSAFE,RED
SYN_0492,18.653970095516737,72.85615433905078,75,0.0,2.697278104172051e-08,0.0,UNSAFE,RED
SYN_0492,18.653970095516737,72.85615433905078,100,0.0,3.696990582202165e-08,0.0,UNSAFE,RED
SYN_0492,18.653970095516737,72.85615433905078,150,0.0,7.63142245610035e-08,0.0,UNSAFE,RED
SYN_0492,18.653970095516737,72.85615433905078,200,0.0,2.4887196016202474e-07,0.0,UNSAFE,RED
SYN_0493,20.370002147255555,68.37402057880487,0,0.0,5.520285900032646e-06,0.0,UNSAFE,RED
SYN_0493,20.370002147255555,68.37402057880487,10,0.0,1.5121231078522183e-07,0.0,UNSAFE,RED
SYN_0493,20.370002147255555,68.37402057880487,25,0.0,5.421607118283009e-06,0.0,UNSAFE,RED
SYN_0493,20.370002147255555,68.37402057880487,50,0.0,2.4682346204760597e-08,0.0,UNSAFE,RED
SYN_0493,20.370002147255555,68.37402057880487,75,0.0,1.1730645056840916e-07,0.0,UNSAFE,RED
SYN_0493,20.370002147255555,68.37402057880487,100,0.0,1.8995311509339843e-07,0.0,UNSAFE,RED
SYN_0493,20.370002147255555,68.37402057880487,150,0.0,4.856834106747418e-07,0.0,UNSAFE,RED
SYN_0493,20.370002147255555,68.37402057880487,200,0.0,1.9310569505380948e-07,0.0,UNSAFE,RED
SYN_0494,21.016531528837543,74.21397975492197,0,0.0,1.4680297015447107e-05,0.0,UNSAFE,RED
SYN_0494,21.016531528837543,74.21397975492197,10,0.0,7.254150174139515e-06,0.0,UNSAFE,RED
SYN_0494,21.016531528837543,74.21397975492197,25,0.0,2.2742185566234266e-06,0.0,UNSAFE,RED
SYN_0494,21.016531528837543,74.21397975492197,50,0.0,1.538205576470134e-06,0.0,UNSAFE,RED
SYN_0494,21.016531528837543,74.21397975492197,75,0.0,2.670603065237503e-08,0.0,UNSAFE,RED
SYN_0494,21.016531528837543,74.21397975492197,100,0.0,1.9152112755740633e-06,0.0,UNSAFE,RED
SYN_0494,21.016531528837543,74.21397975492197,150,0.0,7.073128150756908e-08,0.0,UNSAFE,RED
SYN_0494,21.016531528837543,74.21397975492197,200,0.0,5.554940224592455e-07,0.0,UNSAFE,RED
SYN_0495,7.169625151328313,84.22558484734773,0,0.0,4.678134581996976e-06,0.0,UNSAFE,RED
SYN_0495,7.169625151328313,84.22558484734773,10,0.0,1.2531187217097246e-06,0.0,UNSAFE,RED
SYN_0495,7.169625151328313,84.22558484734773,25,0.0,5.411404997224527e-07,0.0,UNSAFE,RED
SYN_0495,7.169625151328313,84.22558484734773,50,0.0,4.106155458939679e-07,0.0,UNSAFE,RED
SYN_0495,7.169625151328313,84.22558484734773,75,0.0,6.857668268249489e-07,0.0,UNSAFE,RED
SYN_0495,7.169625151328313,84.22558484734773,100,0.0,1.3399699386125853e-06,0.0,UNSAFE,RED
SYN_0495,7.169625151328313,84.22558484734773,150,0.0,1.2714785044831678e-07,0.0,UNSAFE,RED
SYN_0495,7.169625151328313,84.22558484734773,200,0.0,1.3103745383585778e-06,0.0,UNSAFE,RED
SYN_0496,22.36293297457313,67.08670105738165,0,0.0,1.0370572201652065e-05,0.0,UNSAFE,RED
SYN_0496,22.36293297457313,67.08670105738165,10,0.0,9.881966550283544e-07,0.0,UNSAFE,RED
SYN_0496,22.36293297457313,67.08670105738165,25,0.0,6.222112775489291e-06,0.0,UNSAFE,RED
SYN_0496,22.36293297457313,67.08670105738165,50,0.0,1.5928424366126056e-06,0.0,UNSAFE,RED
SYN_0496,22.36293297457313,67.08670105738165,75,0.0,1.1311659982137123e-06,0.0,UNSAFE,RED
SYN_0496,22.36293297457313,67.08670105738165,100,0.0,1.747250560319489e-06,0.0,UNSAFE,RED
SYN_0496,22.36293297457313,67.08670105738165,150,0.0,1.0153565623189487e-07,0.0,UNSAFE,RED
SYN_0496,22.36293297457313,67.08670105738165,200,0.0,1.0161099088489703e-07,0.0,UNSAFE,RED
SYN_0497,20.482693174148544,73.05999518107204,0,0.0,1.2052842207983955e-05,0.0,UNSAFE,RED
SYN_0497,20.482693174148544,73.05999518107204,10,0.0,2.8949700381551e-06,0.0,UNSAFE,RED
SYN_0497,20.482693174148544,73.05999518107204,25,0.0,4.810680700526749e-07,0.0,UNSAFE,RED
SYN_0497,20.482693174148544,73.05999518107204,50,0.0,1.30927916343214e-08,0.0,UNSAFE,RED
SYN_0497,20.482693174148544,73.05999518107204,75,0.0,6.176251097200833e-07,0.0,UNSAFE,RED
SYN_0497,20.482693174148544,73.05999518107204,100,0.0,5.627224932367966e-07,0.0,UNSAFE,RED
SYN_0497,20.482693174148544,73.05999518107204,150,0.0,2.4609571360911937e-07,0.0,UNSAFE,RED
SYN_0497,20.482693174148544,73.05999518107204,200,0.0,7.233996257932628e-07,0.0,UNSAFE,RED
SYN_0498,7.84003637608796,77.96174224216912,0,0.0,4.1172498646835836e-05,0.0,UNSAFE,RED
SYN_0498,7.84003637608796,77.96174224216912,10,0.0,1.2403151865720628e-05,0.0,UNSAFE,RED
SYN_0498,7.84003637608796,77.96174224216912,25,0.0,1.5278205883893024e-06,0.0,UNSAFE,RED
SYN_0498,7.84003637608796,77.96174224216912,50,0.0,2.710573117301961e-07,0.0,UNSAFE,RED
SYN_0498,7.84003637608796,77.96174224216912,75,0.0,7.37235293294414e-07,0.0,UNSAFE,RED
SYN_0498,7.84003637608796,77.96174224216912,100,0.0,9.058046973777054e-07,0.0,UNSAFE,RED
SYN_0498,7.84003637608796,77.96174224216912,150,0.0,1.9176970019452824e-07,0.0,UNSAFE,RED
SYN_0498,7.84003637608796,77.96174224216912,200,0.0,1.4926030924078776e-07,0.0,UNSAFE,RED
SYN_0499,16.304527623416615,65.11866993492113,0,0.0,4.771895040658387e-06,0.0,UNSAFE,RED
SYN_0499,16.304527623416615,65.11866993492113,10,0.0,1.395801047760304e-06,0.0,UNSAFE,RED
SYN_0499,16.304527623416615,65.11866993492113,25,0.0,6.422539205122543e-07,0.0,UNSAFE,RED
SYN_0499,16.304527623416615,65.11866993492113,50,0.0,1.7612128566754298e-07,0.0,UNSAFE,RED
SYN_0499,16.304527623416615,65.11866993492113,75,0.0,9.685664167912254e-07,0.0,UNSAFE,RED
SYN_0499,16.304527623416615,65.11866993492113,100,0.0,1.128253799655932e-06,0.0,UNSAFE,RED
SYN_0499,16.304527623416615,65.11866993492113,150,0.0,1.302097364865053e-07,0.0,UNSAFE,RED
SYN_0499,16.304527623416615,65.11866993492113,200,0.0,4.1760290810719297e-07,0.0,UNSAFE,RED
SYN_0500,12.899208552206977,75.34550805346532,0,0.0,5.2122110822492744e-05,0.0,UNSAFE,RED
SYN_0500,12.899208552206977,75.34550805346532,10,0.0,1.0117129569735719e-05,0.0,UNSAFE,RED
SYN_0500,12.899208552206977,75.34550805346532,25,0.0,3.4709903077682275e-06,0.0,UNSAFE,RED
SYN_0500,12.899208552206977,75.34550805346532,50,0.0,8.465777295228161e-07,0.0,UNSAFE,RED
SYN_0500,12.899208552206977,75.34550805346532,75,0.0,2.503763955683209e-07,0.0,UNSAFE,RED
SYN_0500,12.899208552206977,75.34550805346532,100,0.0,3.146222749527447e-07,0.0,UNSAFE,RED
SYN_0500,12.899208552206977,75.34550805346532,150,0.0,1.6710134533870848e-07,0.0,UNSAFE,RED
SYN_0500,12.899208552206977,75.34550805346532,200,0.0,2.4036643359125277e-07,0.0,UNSAFE,RED
SYN_0501,13.826222247769204,71.28334825583927,0,0.0,1.2119549327160573e-05,0.0,UNSAFE,RED
SYN_0501,13.826222247769204,71.28334825583927,10,0.0,2.6499571448152294e-06,0.0,UNSAFE,RED
SYN_0501,13.826222247769204,71.28334825583927,25,0.0,2.0630688374436375e-06,0.0,UNSAFE,RED
SYN_0501,13.826222247769204,71.28334825583927,50,0.0,2.8980589233929835e-06,0.0,UNSAFE,RED
SYN_0501,13.826222247769204,71.28334825583927,75,0.0,2.431186732468047e-07,0.0,UNSAFE,RED
SYN_0501,13.826222247769204,71.28334825583927,100,0.0,8.502408243419568e-07,0.0,UNSAFE,RED
SYN_0501,13.826222247769204,71.28334825583927,150,0.0,4.464261440630079e-09,0.0,UNSAFE,RED
SYN_0501,13.826222247769204,71.28334825583927,200,0.0,2.126644095908223e-06,0.0,UNSAFE,RED
SYN_0502,18.638103329215436,77.67705801767084,0,0.0,2.6360788353489025e-05,0.0,UNSAFE,RED
SYN_0502,18.638103329215436,77.67705801767084,10,0.0,4.968246885624323e-06,0.0,UNSAFE,RED
SYN_0502,18.638103329215436,77.67705801767084,25,0.0,4.467343631854847e-06,0.0,UNSAFE,RED
SYN_0502,18.638103329215436,77.67705801767084,50,0.0,2.036001188899805e-07,0.0,UNSAFE,RED
SYN_0502,18.638103329215436,77.67705801767084,75,0.0,9.747230495979015e-07,0.0,UNSAFE,RED
SYN_0502,18.638103329215436,77.67705801767084,100,0.0,3.2594977810413213e-07,0.0,UNSAFE,RED
SYN_0502,18.638103329215436,77.67705801767084,150,0.0,3.439045285576788e-07,0.0,UNSAFE,RED
SYN_0502,18.638103329215436,77.67705801767084,200,0.0,4.5252728463731107e-07,0.0,UNSAFE,RED
SYN_0503,8.255057724283276,75.97402511212472,0,0.0,4.0541081463864765e-05,0.0,UNSAFE,RED
SYN_0503,8.255057724283276,75.97402511212472,10,0.0,1.0220179903323945e-05,0.0,UNSAFE,RED
SYN_0503,8.255057724283276,75.97402511212472,25,0.0,8.195618700660285e-07,0.0,UNSAFE,RED
SYN_0503,8.255057724283276,75.97402511212472,50,0.0,5.871833591665666e-07,0.0,UNSAFE,RED
SYN_0503,8.255057724283276,75.97402511212472,75,0.0,1.6755422698956903e-06,0.0,UNSAFE,RED
SYN_0503,8.255057724283276,75.97402511212472,100,0.0,2.0385411079456676e-06,0.0,UNSAFE,RED
SYN_0503,8.255057724283276,75.97402511212472,150,0.0,3.3102469521505584e-07,0.0,UNSAFE,RED
SYN_0503,8.255057724283276,75.97402511212472,200,0.0,3.640847670395388e-07,0.0,UNSAFE,RED
SYN_0504,7.413769356924808,75.21993583868685,0,0.0,8.578094694463804e-07,0.0,UNSAFE,RED
SYN_0504,7.413769356924808,75.21993583868685,10,0.0,1.2976747269072471e-06,0.0,UNSAFE,RED
SYN_0504,7.413769356924808,75.21993583868685,25,0.0,4.761411134389683e-08,0.0,UNSAFE,RED
SYN_0504,7.413769356924808,75.21993583868685,50,0.0,1.0253956815889586e-06,0.0,UNSAFE,RED
SYN_0504,7.413769356924808,75.21993583868685,75,0.0,4.752168352096188e-07,0.0,UNSAFE,RED
SYN_0504,7.413769356924808,75.21993583868685,100,0.0,8.298352873399326e-08,0.0,UNSAFE,RED
SYN_0504,7.413769356924808,75.21993583868685,150,0.0,5.419057295455012e-07,0.0,UNSAFE,RED
SYN_0504,7.413769356924808,75.21993583868685,200,0.0,3.691572612476979e-06,0.0,UNSAFE,RED
SYN_0505,7.026709682651939,72.73329113604008,0,0.0,1.4783917677989256e-05,0.0,UNSAFE,RED
SYN_0505,7.026709682651939,72.73329113604008,10,0.0,2.792658154050164e-06,0.0,UNSAFE,RED
SYN_0505,7.026709682651939,72.73329113604008,25,0.0,1.6654274698955815e-06,0.0,UNSAFE,RED
SYN_0505,7.026709682651939,72.73329113604008,50,0.0,6.851998259862515e-09,0.0,UNSAFE,RED
SYN_0505,7.026709682651939,72.73329113604008,75,0.0,5.071011347317808e-08,0.0,UNSAFE,RED
SYN_0505,7.026709682651939,72.73329113604008,100,0.0,2.8411770212597815e-08,0.0,UNSAFE,RED
SYN_0505,7.026709682651939,72.73329113604008,150,0.0,6.11011674397827e-08,0.0,UNSAFE,RED
SYN_0505,7.026709682651939,72.73329113604008,200,0.0,2.1846679593425496e-07,0.0,UNSAFE,RED
SYN_0506,10.079327966244442,69.6018158408008,0,0.0,1.4107941394205449e-05,0.0,UNSAFE,RED
SYN_0506,10.079327966244442,69.6018158408008,10,0.0,1.202598084448811e-05,0.0,UNSAFE,RED
SYN_0506,10.079327966244442,69.6018158408008,25,0.0,3.52733646625423e-06,0.0,UNSAFE,RED
SYN_0506,10.079327966244442,69.6018158408008,50,0.0,2.5395752656050585e-07,0.0,UNSAFE,RED
SYN_0506,10.079327966244442,69.6018158408008,75,0.0,1.52276664384425e-06,0.0,UNSAFE,RED
SYN_0506,10.079327966244442,69.6018158408008,100,0.0,1.0003047300538394e-07,0.0,UNSAFE,RED
SYN_0506,10.079327966244442,69.6018158408008,150,0.0,2.3158771601025947e-07,0.0,UNSAFE,RED
SYN_0506,10.079327966244442,69.6018158408008,200,0.0,1.3042204359373631e-06,0.0,UNSAFE,RED
SYN_0507,8.257165832756554,79.6864681643705,0,0.0,1.5029459785033065e-05,0.0,UNSAFE,RED
SYN_0507,8.257165832756554,79.6864681643705,10,0.0,1.787427514868731e-06,0.0,UNSAFE,RED
SYN_0507,8.257165832756554,79.6864681643705,25,0.0,1.2027760394958192e-06,0.0,UNSAFE,RED
SYN_0507,8.257165832756554,79.6864681643705,50,0.0,1.3937620339316068e-07,0.0,UNSAFE,RED
SYN_0507,8.257165832756554,79.6864681643705,75,0.0,6.365929904803834e-08,0.0,UNSAFE,RED
SYN_0507,8.257165832756554,79.6864681643705,100,0.0,2.661947894458195e-07,0.0,UNSAFE,RED
SYN_0507,8.257165832756554,79.6864681643705,150,0.0,8.060058505430741e-09,0.0,UNSAFE,RED
SYN_0507,8.257165832756554,79.6864681643705,200,0.0,7.414977802513556e-07,0.0,UNSAFE,RED
SYN_0508,22.79202790248789,83.23366008659471,0,0.0,1.3768662293846451e-05,0.0,UNSAFE,RED
SYN_0508,22.79202790248789,83.23366008659471,10,0.0,4.451690211703578e-06,0.0,UNSAFE,RED
SYN_0508,22.79202790248789,83.23366008659471,25,0.0,7.501061441095924e-07,0.0,UNSAFE,RED
SYN_0508,22.79202790248789,83.23366008659471,50,0.0,4.637258501089425e-07,0.0,UNSAFE,RED
SYN_0508,22.79202790248789,83.23366008659471,75,0.0,9.42472835356889e-07,0.0,UNSAFE,RED
SYN_0508,22.79202790248789,83.23366008659471,100,0.0,3.289665806235241e-06,0.0,UNSAFE,RED
SYN_0508,22.79202790248789,83.23366008659471,150,0.0,4.113491643696145e-07,0.0,UNSAFE,RED
SYN_0508,22.79202790248789,83.23366008659471,200,0.0,1.072364754117607e-06,0.0,UNSAFE,RED
SYN_0509,17.38367557035702,69.9207045242846,0,0.0,2.2489785951760194e-05,0.0,UNSAFE,RED
SYN_0509,17.38367557035702,69.9207045242846,10,0.0,1.0061293293824956e-05,0.0,UNSAFE,RED
SYN_0509,17.38367557035702,69.9207045242846,25,0.0,6.2984219172211e-07,0.0,UNSAFE,RED
SYN_0509,17.38367557035702,69.9207045242846,50,0.0,5.32988789877908e-07,0.0,UNSAFE,RED
SYN_0509,17.38367557035702,69.9207045242846,75,0.0,4.2795517623700686e-07,0.0,UNSAFE,RED
SYN_0509,17.38367557035702,69.9207045242846,100,0.0,2.310920723414022e-06,0.0,UNSAFE,RED
SYN_0509,17.38367557035702,69.9207045242846,150,0.0,1.0813865553009461e-07,0.0,UNSAFE,RED
SYN_0509,17.38367557035702,69.9207045242846,200,0.0,5.90906950226235e-07,0.0,UNSAFE,RED
SYN_0510,11.651921687919348,67.1759169276191,0,0.0,4.208930398612376e-05,0.0,UNSAFE,RED
SYN_0510,11.651921687919348,67.1759169276191,10,0.0,6.263725040142345e-06,0.0,UNSAFE,RED
SYN_0510,11.651921687919348,67.1759169276191,25,0.0,5.328317733319808e-06,0.0,UNSAFE,RED
SYN_0510,11.651921687919348,67.1759169276191,50,0.0,3.358636552391367e-07,0.0,UNSAFE,RED
SYN_0510,11.651921687919348,67.1759169276191,75,0.0,6.307473037470677e-07,0.0,UNSAFE,RED
SYN_0510,11.651921687919348,67.1759169276191,100,0.0,2.3312345491316997e-06,0.0,UNSAFE,RED
SYN_0510,11.651921687919348,67.1759169276191,150,0.0,2.3361327284524674e-07,0.0,UNSAFE,RED
SYN_0510,11.651921687919348,67.1759169276191,200,0.0,2.2862991892092908e-07,0.0,UNSAFE,RED
SYN_0511,9.075876705998434,65.62217168374832,0,0.0,1.2999206317924402e-05,0.0,UNSAFE,RED
SYN_0511,9.075876705998434,65.62217168374832,10,0.0,3.308255659259071e-06,0.0,UNSAFE,RED
SYN_0511,9.075876705998434,65.62217168374832,25,0.0,3.2373964973874615e-07,0.0,UNSAFE,RED
SYN_0511,9.075876705998434,65.62217168374832,50,0.0,2.361248820853585e-07,0.0,UNSAFE,RED
SYN_0511,9.075876705998434,65.62217168374832,75,0.0,1.078209483442147e-06,0.0,UNSAFE,RED
SYN_0511,9.075876705998434,65.62217168374832,100,0.0,1.094585016324569e-06,0.0,UNSAFE,RED
SYN_0511,9.075876705998434,65.62217168374832,150,0.0,2.5662794636931574e-07,0.0,UNSAFE,RED
SYN_0511,9.075876705998434,65.62217168374832,200,0.0,2.7373568707648526e-07,0.0,UNSAFE,RED
SYN_0512,10.797909841027424,75.63642723283886,0,0.0,1.339018248403276e-05,0.0,UNSAFE,RED
SYN_0512,10.797909841027424,75.63642723283886,10,0.0,2.49965323839219e-06,0.0,UNSAFE,RED
SYN_0512,10.797909841027424,75.63642723283886,25,0.0,1.5093810749595294e-06,0.0,UNSAFE,RED
SYN_0512,10.797909841027424,75.63642723283886,50,0.0,2.342281452500643e-07,0.0,UNSAFE,RED
SYN_0512,10.797909841027424,75.63642723283886,75,0.0,1.8788698576364898e-07,0.0,UNSAFE,RED
SYN_0512,10.797909841027424,75.63642723283886,100,0.0,1.937231127376288e-06,0.0,UNSAFE,RED
SYN_0512,10.797909841027424,75.63642723283886,150,0.0,3.8987859345915e-07,0.0,UNSAFE,RED
SYN_0512,10.797909841027424,75.63642723283886,200,0.0,5.256647897219215e-07,0.0,UNSAFE,RED
SYN_0513,15.547870281756945,68.39640691791469,0,0.0,3.153255481604642e-05,0.0,UNSAFE,RED
SYN_0513,15.547870281756945,68.39640691791469,10,0.0,8.991213397797157e-06,0.0,UNSAFE,RED
SYN_0513,15.547870281756945,68.39640691791469,25,0.0,7.504147975812548e-07,0.0,UNSAFE,RED
SYN_0513,15.547870281756945,68.39640691791469,50,0.0,2.9318081057857306e-07,0.0,UNSAFE,RED
SYN_0513,15.547870281756945,68.39640691791469,75,0.0,2.2250816094004693e-09,0.0,UNSAFE,RED
SYN_0513,15.547870281756945,68.39640691791469,100,0.0,1.5033557017007316e-07,0.0,UNSAFE,RED
SYN_0513,15.547870281756945,68.39640691791469,150,0.0,2.089187790016722e-08,0.0,UNSAFE,RED
SYN_0513,15.547870281756945,68.39640691791469,200,0.0,6.98381101382863e-07,0.0,UNSAFE,RED
SYN_0514,9.555208061865766,67.03674683199598,0,0.0,4.63287664632672e-05,0.0,UNSAFE,RED
SYN_0514,9.555208061865766,67.03674683199598,10,0.0,1.0603180494839801e-05,0.0,UNSAFE,RED
SYN_0514,9.555208061865766,67.03674683199598,25,0.0,2.9786820207856243e-06,0.0,UNSAFE,RED
SYN_0514,9.555208061865766,67.03674683199598,50,0.0,3.647272257838256e-08,0.0,UNSAFE,RED
SYN_0514,9.555208061865766,67.03674683199598,75,0.0,1.826341084034652e-06,0.0,UNSAFE,RED
SYN_0514,9.555208061865766,67.03674683199598,100,0.0,7.953913894079596e-07,0.0,UNSAFE,RED
SYN_0514,9.555208061865766,67.03674683199598,150,0.0,1.7012905048857487e-08,0.0,UNSAFE,RED
SYN_0514,9.555208061865766,67.03674683199598,200,0.0,3.352346799491125e-07,0.0,UNSAFE,RED
SYN_0515,7.972482609398099,73.09994077753896,0,0.0,4.52560766261993e-05,0.0,UNSAFE,RED
SYN_0515,7.972482609398099,73.09994077753896,10,0.0,5.541351133203168e-06,0.0,UNSAFE,RED
SYN_0515,7.972482609398099,73.09994077753896,25,0.0,8.643978559681938e-06,0.0,UNSAFE,RED
SYN_0515,7.972482609398099,73.09994077753896,50,0.0,2.4908207672171034e-06,0.0,UNSAFE,RED
SYN_0515,7.972482609398099,73.09994077753896,75,0.0,1.8051743925353947e-08,0.0,UNSAFE,RED
SYN_0515,7.972482609398099,73.09994077753896,100,0.0,9.298111614256876e-07,0.0,UNSAFE,RED
SYN_0515,7.972482609398099,73.09994077753896,150,0.0,7.646916538530226e-08,0.0,UNSAFE,RED
SYN_0515,7.972482609398099,73.09994077753896,200,0.0,1.0265742018279372e-06,0.0,UNSAFE,RED
SYN_0516,23.063050224045863,72.95755558950991,0,0.0,2.2758314670905748e-05,0.0,UNSAFE,RED
SYN_0516,23.063050224045863,72.95755558950991,10,0.0,5.058440812645784e-06,0.0,UNSAFE,RED
SYN_0516,23.063050224045863,72.95755558950991,25,0.0,4.4340131315453863e-07,0.0,UNSAFE,RED
SYN_0516,23.063050224045863,72.95755558950991,50,0.0,1.586321640163074e-07,0.0,UNSAFE,RED
SYN_0516,23.063050224045863,72.95755558950991,75,0.0,4.863870048136901e-07,0.0,UNSAFE,RED
SYN_0516,23.063050224045863,72.95755558950991,100,0.0,1.826410652349758e-07,0.0,UNSAFE,RED
SYN_0516,23.063050224045863,72.95755558950991,150,0.0,8.27372523035557e-08,0.0,UNSAFE,RED
SYN_0516,23.063050224045863,72.95755558950991,200,0.0,7.427416206014459e-08,0.0,UNSAFE,RED
SYN_0517,8.544447666129393,70.84694848430303,0,0.0,6.000134067327459e-06,0.0,UNSAFE,RED
SYN_0517,8.544447666129393,70.84694848430303,10,0.0,4.7422687633078066e-08,0.0,UNSAFE,RED
SYN_0517,8.544447666129393,70.84694848430303,25,0.0,2.481478467053232e-06,0.0,UNSAFE,RED
SYN_0517,8.544447666129393,70.84694848430303,50,0.0,4.934055702783879e-07,0.0,UNSAFE,RED
SYN_0517,8.544447666129393,70.84694848430303,75,0.0,1.8507150434111357e-08,0.0,UNSAFE,RED
SYN_0517,8.544447666129393,70.84694848430303,100,0.0,7.791767161461184e-07,0.0,UNSAFE,RED
SYN_0517,8.544447666129393,70.84694848430303,150,0.0,3.101324903372828e-08,0.0,UNSAFE,RED
SYN_0517,8.544447666129393,70.84694848430303,200,0.0,1.898612342375175e-07,0.0,UNSAFE,RED
SYN_0518,10.30023572967335,65.73577833437662,0,0.0,1.1449966177226253e-05,0.0,UNSAFE,RED
SYN_0518,10.30023572967335,65.73577833437662,10,0.0,2.7996662055713125e-06,0.0,UNSAFE,RED
SYN_0518,10.30023572967335,65.73577833437662,25,0.0,5.401899438396012e-07,0.0,UNSAFE,RED
SYN_0518,10.30023572967335,65.73577833437662,50,0.0,6.39750557315401e-07,0.0,UNSAFE,RED
SYN_0518,10.30023572967335,65.73577833437662,75,0.0,3.2152810365575506e-07,0.0,UNSAFE,RED
SYN_0518,10.30023572967335,65.73577833437662,100,0.0,1.554238071032142e-06,0.0,UNSAFE,RED
SYN_0518,10.30023572967335,65.73577833437662,150,0.0,5.183945727270266e-08,0.0,UNSAFE,RED
SYN_0518,10.30023572967335,65.73577833437662,200,0.0,8.672497923541863e-07,0.0,UNSAFE,RED
SYN_0519,19.66063561891797,77.20516910380462,0,0.0,1.605992891000916e-05,0.0,UNSAFE,RED
SYN_0519,19.66063561891797,77.20516910380462,10,0.0,3.846643736596389e-06,0.0,UNSAFE,RED
SYN_0519,19.66063561891797,77.20516910380462,25,0.0,3.281177986731602e-06,0.0,UNSAFE,RED
SYN_0519,19.66063561891797,77.20516910380462,50,0.0,2.186360754859955e-07,0.0,UNSAFE,RED
SYN_0519,19.66063561891797,77.20516910380462,75,0.0,7.088772802023778e-07,0.0,UNSAFE,RED
SYN_0519,19.66063561891797,77.20516910380462,100,0.0,1.22764529645043e-06,0.0,UNSAFE,RED
SYN_0519,19.66063561891797,77.20516910380462,150,0.0,9.246592627032454e-08,0.0,UNSAFE,RED
SYN_0519,19.66063561891797,77.20516910380462,200,3.525079155296431e-05,3.268073949179342e-07,107.83112312835125,SAFE,GREEN
SYN_0520,19.329738712047373,65.85605272136213,0,0.0,5.474449940578788e-07,0.0,UNSAFE,RED
SYN_0520,19.329738712047373,65.85605272136213,10,0.0,7.219069954595455e-07,0.0,UNSAFE,RED
SYN_0520,19.329738712047373,65.85605272136213,25,0.0,7.992973770462768e-08,0.0,UNSAFE,RED
SYN_0520,19.329738712047373,65.85605272136213,50,0.0,7.600224802595745e-07,0.0,UNSAFE,RED
SYN_0520,19.329738712047373,65.85605272136213,75,0.0,3.3524046767158323e-07,0.0,UNSAFE,RED
SYN_0520,19.329738712047373,65.85605272136213,100,0.0,4.3690996412349623e-07,0.0,UNSAFE,RED
SYN_0520,19.329738712047373,65.85605272136213,150,0.0,2.2217413769634757e-07,0.0,UNSAFE,RED
SYN_0520,19.329738712047373,65.85605272136213,200,0.0,4.4457673787022475e-09,0.0,UNSAFE,RED
SYN_0521,7.973757894041265,74.72640454498053,0,0.0,3.358998766849312e-05,0.0,UNSAFE,RED
SYN_0521,7.973757894041265,74.72640454498053,10,0.0,1.538833775357768e-05,0.0,UNSAFE,RED
SYN_0521,7.973757894041265,74.72640454498053,25,0.0,8.786492519884088e-07,0.0,UNSAFE,RED
SYN_0521,7.973757894041265,74.72640454498053,50,0.0,7.634054516536234e-08,0.0,UNSAFE,RED
SYN_0521,7.973757894041265,74.72640454498053,75,0.0,2.229800823307903e-07,0.0,UNSAFE,RED
SYN_0521,7.973757894041265,74.72640454498053,100,0.0,1.2157031896951221e-06,0.0,UNSAFE,RED
SYN_0521,7.973757894041265,74.72640454498053,150,0.0,3.279791352962689e-07,0.0,UNSAFE,RED
SYN_0521,7.973757894041265,74.72640454498053,200,0.0,1.522279790381062e-06,0.0,UNSAFE,RED
SYN_0522,13.12344025822972,77.12354611563535,0,0.0,3.7989493522756474e-05,0.0,UNSAFE,RED
SYN_0522,13.12344025822972,77.12354611563535,10,0.0,1.2039659068439812e-05,0.0,UNSAFE,RED
SYN_0522,13.12344025822972,77.12354611563535,25,0.0,4.087944312137018e-07,0.0,UNSAFE,RED
SYN_0522,13.12344025822972,77.12354611563535,50,0.0,1.7013201012342005e-07,0.0,UNSAFE,RED
SYN_0522,13.12344025822972,77.12354611563535,75,0.0,4.2778904140508325e-07,0.0,UNSAFE,RED
SYN_0522,13.12344025822972,77.12354611563535,100,0.0,2.9060303214812357e-07,0.0,UNSAFE,RED
SYN_0522,13.12344025822972,77.12354611563535,150,0.0,2.8985850344874074e-07,0.0,UNSAFE,RED
SYN_0522,13.12344025822972,77.12354611563535,200,0.0,1.7295938379890066e-08,0.0,UNSAFE,RED
SYN_0523,24.22595948265885,71.51296973012676,0,0.0,2.361662480689188e-05,0.0,UNSAFE,RED
SYN_0523,24.22595948265885,71.51296973012676,10,0.0,7.361091556367222e-06,0.0,UNSAFE,RED
SYN_0523,24.22595948265885,71.51296973012676,25,0.0,6.587334413105628e-07,0.0,UNSAFE,RED
SYN_0523,24.22595948265885,71.51296973012676,50,0.0,3.6280707344065537e-07,0.0,UNSAFE,RED
SYN_0523,24.22595948265885,71.51296973012676,75,0.0,8.32017679561479e-07,0.0,UNSAFE,RED
SYN_0523,24.22595948265885,71.51296973012676,100,0.0,1.0802480461054065e-06,0.0,UNSAFE,RED
SYN_0523,24.22595948265885,71.51296973012676,150,0.0,4.3074102176644623e-08,0.0,UNSAFE,RED
SYN_0523,24.22595948265885,71.51296973012676,200,0.0,9.386500898952065e-08,0.0,UNSAFE,RED
SYN_0524,21.994814562907507,81.24264211606078,0,0.0,1.7611540303276324e-06,0.0,UNSAFE,RED
SYN_0524,21.994814562907507,81.24264211606078,10,0.0,6.789421574137598e-07,0.0,UNSAFE,RED
SYN_0524,21.994814562907507,81.24264211606078,25,0.0,1.8063010342521017e-06,0.0,UNSAFE,RED
SYN_0524,21.994814562907507,81.24264211606078,50,0.0,7.980850709009695e-07,0.0,UNSAFE,RED
SYN_0524,21.994814562907507,81.24264211606078,75,0.0,1.1135928889003874e-06,0.0,UNSAFE,RED
SYN_0524,21.994814562907507,81.24264211606078,100,0.0,2.3918475858801515e-07,0.0,UNSAFE,RED
SYN_0524,21.994814562907507,81.24264211606078,150,0.0,2.7865262876055933e-07,0.0,UNSAFE,RED
SYN_0524,21.994814562907507,81.24264211606078,200,0.0,7.768161341036804e-08,0.0,UNSAFE,RED
SYN_0525,17.678064540962247,77.86547987620592,0,0.0,1.3022897042186783e-05,0.0,UNSAFE,RED
SYN_0525,17.678064540962247,77.86547987620592,10,0.0,5.376926916890435e-06,0.0,UNSAFE,RED
SYN_0525,17.678064540962247,77.86547987620592,25,0.0,9.284039152459111e-08,0.0,UNSAFE,RED
SYN_0525,17.678064540962247,77.86547987620592,50,0.0,7.716273121376001e-07,0.0,UNSAFE,RED
SYN_0525,17.678064540962247,77.86547987620592,75,0.0,1.4403509084047947e-07,0.0,UNSAFE,RED
SYN_0525,17.678064540962247,77.86547987620592,100,0.0,3.0992242612603816e-07,0.0,UNSAFE,RED
SYN_0525,17.678064540962247,77.86547987620592,150,0.0,2.6351162453846775e-08,0.0,UNSAFE,RED
SYN_0525,17.678064540962247,77.86547987620592,200,0.0,1.07367172752902e-06,0.0,UNSAFE,RED
SYN_0526,6.769114813710731,79.59007652858767,0,0.0,1.1470748889647896e-05,0.0,UNSAFE,RED
SYN_0526,6.769114813710731,79.59007652858767,10,0.0,5.319519419957162e-06,0.0,UNSAFE,RED
SYN_0526,6.769114813710731,79.59007652858767,25,0.0,5.993324013290555e-08,0.0,UNSAFE,RED
SYN_0526,6.769114813710731,79.59007652858767,50,0.0,1.530267600193388e-06,0.0,UNSAFE,RED
SYN_0526,6.769114813710731,79.59007652858767,75,0.0,1.7560716236035942e-07,0.0,UNSAFE,RED
SYN_0526,6.769114813710731,79.59007652858767,100,0.0,2.0481596571122816e-07,0.0,UNSAFE,RED
SYN_0526,6.769114813710731,79.59007652858767,150,0.0,8.589350425400532e-08,0.0,UNSAFE,RED
SYN_0526,6.769114813710731,79.59007652858767,200,0.0,7.404608230150493e-07,0.0,UNSAFE,RED
SYN_0527,21.973758537658657,68.38431800278983,0,0.0,2.6466218999734526e-05,0.0,UNSAFE,RED
SYN_0527,21.973758537658657,68.38431800278983,10,0.0,4.881701683947169e-06,0.0,UNSAFE,RED
SYN_0527,21.973758537658657,68.38431800278983,25,0.0,1.9638809616025363e-06,0.0,UNSAFE,RED
SYN_0527,21.973758537658657,68.38431800278983,50,0.0,2.12250871978223e-07,0.0,UNSAFE,RED
SYN_0527,21.973758537658657,68.38431800278983,75,0.0,1.7687785584650565e-06,0.0,UNSAFE,RED
SYN_0527,21.973758537658657,68.38431800278983,100,0.0,1.2638952691984649e-06,0.0,UNSAFE,RED
SYN_0527,21.973758537658657,68.38431800278983,150,0.0,3.291505591988174e-08,0.0,UNSAFE,RED
SYN_0527,21.973758537658657,68.38431800278983,200,4.62654206418662e-06,1.4065332465832725e-06,3.289089089444275,SAFE,GREEN
SYN_0528,19.926123389752185,74.9375478337359,0,0.0,3.032385791543997e-06,0.0,UNSAFE,RED
SYN_0528,19.926123389752185,74.9375478337359,10,0.0,2.0748089385870494e-06,0.0,UNSAFE,RED
SYN_0528,19.926123389752185,74.9375478337359,25,0.0,5.689127050789662e-07,0.0,UNSAFE,RED
SYN_0528,19.926123389752185,74.9375478337359,50,0.0,5.499435107179596e-07,0.0,UNSAFE,RED
SYN_0528,19.926123389752185,74.9375478337359,75,0.0,7.482347579031016e-07,0.0,UNSAFE,RED
SYN_0528,19.926123389752185,74.9375478337359,100,0.0,1.7260956536751634e-07,0.0,UNSAFE,RED
SYN_0528,19.926123389752185,74.9375478337359,150,0.0,9.173235402708972e-08,0.0,UNSAFE,RED
SYN_0528,19.926123389752185,74.9375478337359,200,0.0,2.643589598479911e-07,0.0,UNSAFE,RED
SYN_0529,18.613971921611533,75.85866774785924,0,0.0,4.6538104601735465e-06,0.0,UNSAFE,RED
SYN_0529,18.613971921611533,75.85866774785924,10,0.0,1.8740897187634811e-06,0.0,UNSAFE,RED
SYN_0529,18.613971921611533,75.85866774785924,25,0.0,2.856793260799199e-07,0.0,UNSAFE,RED
SYN_0529,18.613971921611533,75.85866774785924,50,0.0,4.6282755782415994e-07,0.0,UNSAFE,RED
SYN_0529,18.613971921611533,75.85866774785924,75,0.0,4.974087461199507e-07,0.0,UNSAFE,RED
SYN_0529,18.613971921611533,75.85866774785924,100,0.0,1.6187855348647864e-06,0.0,UNSAFE,RED
SYN_0529,18.613971921611533,75.85866774785924,150,0.0,2.5360671568932177e-07,0.0,UNSAFE,RED
SYN_0529,18.613971921611533,75.85866774785924,200,0.0,1.7849057447075477e-06,0.0,UNSAFE,RED
SYN_0530,12.96902608492378,83.85296216865501,0,0.0,5.334452726376464e-06,0.0,UNSAFE,RED
SYN_0530,12.96902608492378,83.85296216865501,10,0.0,2.5485332074451497e-07,0.0,UNSAFE,RED
SYN_0530,12.96902608492378,83.85296216865501,25,0.0,1.1173555899026667e-06,0.0,UNSAFE,RED
SYN_0530,12.96902608492378,83.85296216865501,50,0.0,9.065096631728949e-09,0.0,UNSAFE,RED
SYN_0530,12.96902608492378,83.85296216865501,75,0.0,5.620603677745843e-07,0.0,UNSAFE,RED
SYN_0530,12.96902608492378,83.85296216865501,100,0.0,1.0622934163613635e-06,0.0,UNSAFE,RED
SYN_0530,12.96902608492378,83.85296216865501,150,0.0,1.6253191675657173e-08,0.0,UNSAFE,RED
SYN_0530,12.96902608492378,83.85296216865501,200,0.0,9.263551753384702e-08,0.0,UNSAFE,RED
SYN_0531,14.023825611076791,71.67199161684555,0,0.0,9.464452740593475e-06,0.0,UNSAFE,RED
SYN_0531,14.023825611076791,71.67199161684555,10,0.0,1.7695162143066224e-06,0.0,UNSAFE,RED
SYN_0531,14.023825611076791,71.67199161684555,25,0.0,8.852127090862432e-07,0.0,UNSAFE,RED
SYN_0531,14.023825611076791,71.67199161684555,50,0.0,1.603350836811995e-06,0.0,UNSAFE,RED
SYN_0531,14.023825611076791,71.67199161684555,75,0.0,5.570541724238755e-07,0.0,UNSAFE,RED
SYN_0531,14.023825611076791,71.67199161684555,100,0.0,1.9626100596106115e-06,0.0,UNSAFE,RED
SYN_0531,14.023825611076791,71.67199161684555,150,0.0,2.3547478878013218e-07,0.0,UNSAFE,RED
SYN_0531,14.023825611076791,71.67199161684555,200,0.0,7.153039376958009e-07,0.0,UNSAFE,RED
SYN_0532,13.782088948139348,77.2983448483212,0,0.0,2.0548691794181704e-05,0.0,UNSAFE,RED
SYN_0532,13.782088948139348,77.2983448483212,10,0.0,5.257356485527238e-06,0.0,UNSAFE,RED
SYN_0532,13.782088948139348,77.2983448483212,25,0.0,3.4423055839519914e-06,0.0,UNSAFE,RED
SYN_0532,13.782088948139348,77.2983448483212,50,0.0,5.661141693065982e-07,0.0,UNSAFE,RED
SYN_0532,13.782088948139348,77.2983448483212,75,0.0,1.348312282540649e-07,0.0,UNSAFE,RED
SYN_0532,13.782088948139348,77.2983448483212,100,0.0,7.330581681316698e-07,0.0,UNSAFE,RED
SYN_0532,13.782088948139348,77.2983448483212,150,0.0,3.9886465714280005e-08,0.0,UNSAFE,RED
SYN_0532,13.782088948139348,77.2983448483212,200,0.0,4.008039019361307e-07,0.0,UNSAFE,RED
SYN_0533,8.515450200949214,77.62273792415597,0,0.0,9.05103338592809e-06,0.0,UNSAFE,RED
SYN_0533,8.515450200949214,77.62273792415597,10,0.0,2.460053065649657e-06,0.0,UNSAFE,RED
SYN_0533,8.515450200949214,77.62273792415597,25,0.0,3.349313502890618e-06,0.0,UNSAFE,RED
SYN_0533,8.515450200949214,77.62273792415597,50,0.0,5.73582689926641e-07,0.0,UNSAFE,RED
SYN_0533,8.515450200949214,77.62273792415597,75,0.0,3.298978476710296e-07,0.0,UNSAFE,RED
SYN_0533,8.515450200949214,77.62273792415597,100,0.0,5.789914435381445e-07,0.0,UNSAFE,RED
SYN_0533,8.515450200949214,77.62273792415597,150,0.0,6.828215463565464e-08,0.0,UNSAFE,RED
SYN_0533,8.515450200949214,77.62273792415597,200,0.0,1.187344020727182e-07,0.0,UNSAFE,RED
SYN_0534,8.673230775637714,65.19907251426729,0,0.0,3.5821658311560527e-06,0.0,UNSAFE,RED
SYN_0534,8.673230775637714,65.19907251426729,10,0.0,1.444588489010378e-07,0.0,UNSAFE,RED
SYN_0534,8.673230775637714,65.19907251426729,25,0.0,3.017850136931456e-06,0.0,UNSAFE,RED
SYN_0534,8.673230775637714,65.19907251426729,50,0.0,1.3200717062408377e-06,0.0,UNSAFE,RED
SYN_0534,8.673230775637714,65.19907251426729,75,0.0,1.5617060365599782e-06,0.0,UNSAFE,RED
SYN_0534,8.673230775637714,65.19907251426729,100,0.0,1.2251423183305575e-06,0.0,UNSAFE,RED
SYN_0534,8.673230775637714,65.19907251426729,150,0.0,1.8466739127037846e-09,0.0,UNSAFE,RED
SYN_0534,8.673230775637714,65.19907251426729,200,0.0,1.0704367333744433e-07,0.0,UNSAFE,RED
SYN_0535,22.08433483427354,84.96590348363813,0,0.0,1.1555687020833529e-05,0.0,UNSAFE,RED
SYN_0535,22.08433483427354,84.96590348363813,10,0.0,6.59021850612428e-06,0.0,UNSAFE,RED
SYN_0535,22.08433483427354,84.96590348363813,25,0.0,1.822232800719496e-07,0.0,UNSAFE,RED
SYN_0535,22.08433483427354,84.96590348363813,50,0.0,1.2312866976808227e-06,0.0,UNSAFE,RED
SYN_0535,22.08433483427354,84.96590348363813,75,0.0,1.3535724738015693e-06,0.0,UNSAFE,RED
SYN_0535,22.08433483427354,84.96590348363813,100,0.0,1.6151410726088345e-06,0.0,UNSAFE,RED
SYN_0535,22.08433483427354,84.96590348363813,150,0.0,1.2584385730535381e-08,0.0,UNSAFE,RED
SYN_0535,22.08433483427354,84.96590348363813,200,0.0,3.871007085615405e-09,0.0,UNSAFE,RED
SYN_0536,16.45234490628669,83.47668872846728,0,0.0,2.7467041087194346e-05,0.0,UNSAFE,RED
SYN_0536,16.45234490628669,83.47668872846728,10,0.0,1.1520240703273009e-05,0.0,UNSAFE,RED
SYN_0536,16.45234490628669,83.47668872846728,25,0.0,1.2374859569678864e-07,0.0,UNSAFE,RED
SYN_0536,16.45234490628669,83.47668872846728,50,0.0,1.4502677064743679e-07,0.0,UNSAFE,RED
SYN_0536,16.45234490628669,83.47668872846728,75,0.0,3.4365978394014675e-07,0.0,UNSAFE,RED
SYN_0536,16.45234490628669,83.47668872846728,100,0.0,1.2075034271906312e-06,0.0,UNSAFE,RED
SYN_0536,16.45234490628669,83.47668872846728,150,0.0,5.495882643207721e-09,0.0,UNSAFE,RED
SYN_0536,16.45234490628669,83.47668872846728,200,0.0,5.158824617682767e-07,0.0,UNSAFE,RED
SYN_0537,20.639885710221208,68.33132500168813,0,0.0,1.4809968438690888e-06,0.0,UNSAFE,RED
SYN_0537,20.639885710221208,68.33132500168813,10,0.0,1.996710659810358e-06,0.0,UNSAFE,RED
SYN_0537,20.639885710221208,68.33132500168813,25,0.0,7.734880336581629e-07,0.0,UNSAFE,RED
SYN_0537,20.639885710221208,68.33132500168813,50,0.0,1.9121357068695746e-06,0.0,UNSAFE,RED
SYN_0537,20.639885710221208,68.33132500168813,75,0.0,1.1128791138704115e-07,0.0,UNSAFE,RED
SYN_0537,20.639885710221208,68.33132500168813,100,0.0,1.1558257123578173e-06,0.0,UNSAFE,RED
SYN_0537,20.639885710221208,68.33132500168813,150,0.0,8.215005191750343e-08,0.0,UNSAFE,RED
SYN_0537,20.639885710221208,68.33132500168813,200,0.0,1.9562396146924926e-06,0.0,UNSAFE,RED
SYN_0538,7.305851441115574,71.36062368172924,0,0.0,1.2814378354396571e-05,0.0,UNSAFE,RED
SYN_0538,7.305851441115574,71.36062368172924,10,0.0,1.2829898786333553e-06,0.0,UNSAFE,RED
SYN_0538,7.305851441115574,71.36062368172924,25,0.0,2.0951757981601404e-06,0.0,UNSAFE,RED
SYN_0538,7.305851441115574,71.36062368172924,50,0.0,7.556153768548696e-07,0.0,UNSAFE,RED
SYN_0538,7.305851441115574,71.36062368172924,75,0.0,2.9946981305429426e-07,0.0,UNSAFE,RED
SYN_0538,7.305851441115574,71.36062368172924,100,0.0,1.2270269890006133e-06,0.0,UNSAFE,RED
SYN_0538,7.305851441115574,71.36062368172924,150,0.0,6.568834299275478e-08,0.0,UNSAFE,RED
SYN_0538,7.305851441115574,71.36062368172924,200,0.0,1.1688677404887598e-07,0.0,UNSAFE,RED
SYN_0539,14.074835181886032,82.0287007571495,0,0.0,2.4151387751163837e-06,0.0,UNSAFE,RED
SYN_0539,14.074835181886032,82.0287007571495,10,0.0,5.51588952486194e-07,0.0,UNSAFE,RED
SYN_0539,14.074835181886032,82.0287007571495,25,0.0,2.5295503144973696e-06,0.0,UNSAFE,RED
SYN_0539,14.074835181886032,82.0287007571495,50,0.0,1.8788973235744498e-06,0.0,UNSAFE,RED
SYN_0539,14.074835181886032,82.0287007571495,75,0.0,4.5996430819276533e-07,0.0,UNSAFE,RED
SYN_0539,14.074835181886032,82.0287007571495,100,0.0,1.5024731846955813e-06,0.0,UNSAFE,RED
SYN_0539,14.074835181886032,82.0287007571495,150,0.0,6.285281668046617e-09,0.0,UNSAFE,RED
SYN_0539,14.074835181886032,82.0287007571495,200,0.0,1.2304262648835496e-08,0.0,UNSAFE,RED
SYN_0540,15.734372548124362,65.4813407671521,0,0.0,6.76468832341562e-07,0.0,UNSAFE,RED
SYN_0540,15.734372548124362,65.4813407671521,10,0.0,1.6016601774005758e-06,0.0,UNSAFE,RED
SYN_0540,15.734372548124362,65.4813407671521,25,0.0,1.0356008075297373e-06,0.0,UNSAFE,RED
SYN_0540,15.734372548124362,65.4813407671521,50,0.0,3.329973812116615e-08,0.0,UNSAFE,RED
SYN_0540,15.734372548124362,65.4813407671521,75,0.0,6.340106022861629e-07,0.0,UNSAFE,RED
SYN_0540,15.734372548124362,65.4813407671521,100,0.0,1.1074915147832561e-06,0.0,UNSAFE,RED
SYN_0540,15.734372548124362,65.4813407671521,150,0.0,3.434647252594931e-07,0.0,UNSAFE,RED
SYN_0540,15.734372548124362,65.4813407671521,200,0.0,2.6603478174218386e-07,0.0,UNSAFE,RED
SYN_0541,18.244950950429605,75.94230216657272,0,0.0,5.924548296120974e-06,0.0,UNSAFE,RED
SYN_0541,18.244950950429605,75.94230216657272,10,0.0,1.934594868270604e-06,0.0,UNSAFE,RED
SYN_0541,18.244950950429605,75.94230216657272,25,0.0,1.297691726001226e-06,0.0,UNSAFE,RED
SYN_0541,18.244950950429605,75.94230216657272,50,0.0,1.3931179571278648e-07,0.0,UNSAFE,RED
SYN_0541,18.244950950429605,75.94230216657272,75,0.0,4.779052798785396e-07,0.0,UNSAFE,RED
SYN_0541,18.244950950429605,75.94230216657272,100,0.0,2.095930126119646e-06,0.0,UNSAFE,RED
SYN_0541,18.244950950429605,75.94230216657272,150,0.0,1.743645742030385e-07,0.0,UNSAFE,RED
SYN_0541,18.244950950429605,75.94230216657272,200,0.0,5.713342905393642e-07,0.0,UNSAFE,RED
SYN_0542,23.015894005257387,67.57523087351947,0,0.0,7.764068083392267e-06,0.0,UNSAFE,RED
SYN_0542,23.015894005257387,67.57523087351947,10,0.0,4.7551292335311905e-06,0.0,UNSAFE,RED
SYN_0542,23.015894005257387,67.57523087351947,25,0.0,2.9373811037414526e-07,0.0,UNSAFE,RED
SYN_0542,23.015894005257387,67.57523087351947,50,0.0,3.8393831362131646e-07,0.0,UNSAFE,RED
SYN_0542,23.015894005257387,67.57523087351947,75,0.0,3.6873591306038953e-07,0.0,UNSAFE,RED
SYN_0542,23.015894005257387,67.57523087351947,100,0.0,3.066323974637962e-07,0.0,UNSAFE,RED
SYN_0542,23.015894005257387,67.57523087351947,150,0.0,1.206172719137953e-07,0.0,UNSAFE,RED
SYN_0542,23.015894005257387,67.57523087351947,200,0.0,1.1066076681025272e-06,0.0,UNSAFE,RED
SYN_0543,7.236796096832247,71.2665566430263,0,0.0,2.5715846550039826e-05,0.0,UNSAFE,RED
SYN_0543,7.236796096832247,71.2665566430263,10,0.0,3.842107497430381e-06,0.0,UNSAFE,RED
SYN_0543,7.236796096832247,71.2665566430263,25,0.0,1.782438475899379e-06,0.0,UNSAFE,RED
SYN_0543,7.236796096832247,71.2665566430263,50,0.0,1.503209153676469e-07,0.0,UNSAFE,RED
SYN_0543,7.236796096832247,71.2665566430263,75,0.0,8.50864224110601e-08,0.0,UNSAFE,RED
SYN_0543,7.236796096832247,71.2665566430263,100,0.0,1.2084421007963918e-06,0.0,UNSAFE,RED
SYN_0543,7.236796096832247,71.2665566430263,150,0.0,9.466264967362987e-08,0.0,UNSAFE,RED
SYN_0543,7.236796096832247,71.2665566430263,200,0.0,4.2394123289977636e-07,0.0,UNSAFE,RED
SYN_0544,7.749867090600646,65.35240005459428,0,0.0,2.2540305579904555e-05,0.0,UNSAFE,RED
SYN_0544,7.749867090600646,65.35240005459428,10,0.0,8.740935010218445e-06,0.0,UNSAFE,RED
SYN_0544,7.749867090600646,65.35240005459428,25,0.0,1.5012577812066504e-06,0.0,UNSAFE,RED
SYN_0544,7.749867090600646,65.35240005459428,50,0.0,6.120140712771315e-07,0.0,UNSAFE,RED
SYN_0544,7.749867090600646,65.35240005459428,75,0.0,2.4942347577027146e-07,0.0,UNSAFE,RED
SYN_0544,7.749867090600646,65.35240005459428,100,0.0,4.2141199956744983e-07,0.0,UNSAFE,RED
SYN_0544,7.749867090600646,65.35240005459428,150,0.0,7.560110962406238e-08,0.0,UNSAFE,RED
SYN_0544,7.749867090600646,65.35240005459428,200,0.0,3.2508945184187915e-07,0.0,UNSAFE,RED
SYN_0545,16.3097256666834,73.78086520938906,0,0.0,7.15851330631164e-06,0.0,UNSAFE,RED
SYN_0545,16.3097256666834,73.78086520938906,10,0.0,3.871767938711519e-06,0.0,UNSAFE,RED
SYN_0545,16.3097256666834,73.78086520938906,25,0.0,2.3285538222250363e-06,0.0,UNSAFE,RED
SYN_0545,16.3097256666834,73.78086520938906,50,0.0,1.412812523841512e-06,0.0,UNSAFE,RED
SYN_0545,16.3097256666834,73.78086520938906,75,0.0,5.569481222215608e-07,0.0,UNSAFE,RED
SYN_0545,16.3097256666834,73.78086520938906,100,0.0,2.8069690409152944e-06,0.0,UNSAFE,RED
SYN_0545,16.3097256666834,73.78086520938906,150,0.0,3.604480967431669e-08,0.0,UNSAFE,RED
SYN_0545,16.3097256666834,73.78086520938906,200,0.0,1.2773719012925233e-07,0.0,UNSAFE,RED
SYN_0546,17.27168369711753,66.04314461706659,0,0.0,3.0646035247698334e-06,0.0,UNSAFE,RED
SYN_0546,17.27168369711753,66.04314461706659,10,0.0,5.165391084511582e-07,0.0,UNSAFE,RED
SYN_0546,17.27168369711753,66.04314461706659,25,0.0,2.1310684606368864e-09,0.0,UNSAFE,RED
SYN_0546,17.27168369711753,66.04314461706659,50,0.0,4.0276905526684837e-07,0.0,UNSAFE,RED
SYN_0546,17.27168369711753,66.04314461706659,75,0.0,2.523457776991223e-07,0.0,UNSAFE,RED
SYN_0546,17.27168369711753,66.04314461706659,100,0.0,7.197310835658595e-07,0.0,UNSAFE,RED
SYN_0546,17.27168369711753,66.04314461706659,150,0.0,3.298809181114374e-07,0.0,UNSAFE,RED
SYN_0546,17.27168369711753,66.04314461706659,200,0.0,4.4171459093654747e-07,0.0,UNSAFE,RED
SYN_0547,6.9381686935562215,70.81006494397238,0,0.0,8.517583490108408e-05,0.0,UNSAFE,RED
SYN_0547,6.9381686935562215,70.81006494397238,10,0.0,1.9898533755370866e-05,0.0,UNSAFE,RED
SYN_0547,6.9381686935562215,70.81006494397238,25,0.0,3.321226745295037e-06,0.0,UNSAFE,RED
SYN_0547,6.9381686935562215,70.81006494397238,50,0.0,6.143185092214615e-07,0.0,UNSAFE,RED
SYN_0547,6.9381686935562215,70.81006494397238,75,0.0,5.777288739238013e-07,0.0,UNSAFE,RED
SYN_0547,6.9381686935562215,70.81006494397238,100,0.0,6.925149278345409e-07,0.0,UNSAFE,RED
SYN_0547,6.9381686935562215,70.81006494397238,150,0.0,4.617586175190428e-08,0.0,UNSAFE,RED
SYN_0547,6.9381686935562215,70.81006494397238,200,0.0,4.137131086487726e-07,0.0,UNSAFE,RED
SYN_0548,9.38158671335059,66.21943439119063,0,0.0,3.566213988153054e-06,0.0,UNSAFE,RED
SYN_0548,9.38158671335059,66.21943439119063,10,0.0,2.0264045144351406e-07,0.0,UNSAFE,RED
SYN_0548,9.38158671335059,66.21943439119063,25,0.0,1.3856537257319482e-06,0.0,UNSAFE,RED
SYN_0548,9.38158671335059,66.21943439119063,50,0.0,2.919245769786787e-07,0.0,UNSAFE,RED
SYN_0548,9.38158671335059,66.21943439119063,75,0.0,8.900686513961646e-08,0.0,UNSAFE,RED
SYN_0548,9.38158671335059,66.21943439119063,100,0.0,4.3264395926870903e-07,0.0,UNSAFE,RED
SYN_0548,9.38158671335059,66.21943439119063,150,0.0,1.9233844847684273e-07,0.0,UNSAFE,RED
SYN_0548,9.38158671335059,66.21943439119063,200,0.0,2.3772164649030164e-07,0.0,UNSAFE,RED
SYN_0549,14.58484750078661,70.74759830511137,0,0.0,1.4739571137244367e-05,0.0,UNSAFE,RED
SYN_0549,14.58484750078661,70.74759830511137,10,0.0,4.631167744950922e-06,0.0,UNSAFE,RED
SYN_0549,14.58484750078661,70.74759830511137,25,0.0,8.829896267446458e-07,0.0,UNSAFE,RED
SYN_0549,14.58484750078661,70.74759830511137,50,0.0,7.977668967379447e-08,0.0,UNSAFE,RED
SYN_0549,14.58484750078661,70.74759830511137,75,0.0,5.410410370282613e-07,0.0,UNSAFE,RED
SYN_0549,14.58484750078661,70.74759830511137,100,0.0,2.109521016148054e-07,0.0,UNSAFE,RED
SYN_0549,14.58484750078661,70.74759830511137,150,0.0,1.134724338062651e-07,0.0,UNSAFE,RED
SYN_0549,14.58484750078661,70.74759830511137,200,0.0,7.303699816779867e-08,0.0,UNSAFE,RED
SYN_0550,24.993896627423897,70.95898520471005,0,0.0,7.067444975901687e-06,0.0,UNSAFE,RED
SYN_0550,24.993896627423897,70.95898520471005,10,0.0,1.5882414218043712e-06,0.0,UNSAFE,RED
SYN_0550,24.993896627423897,70.95898520471005,25,0.0,1.8530103896547481e-07,0.0,UNSAFE,RED
SYN_0550,24.993896627423897,70.95898520471005,50,0.0,1.1759272033995739e-07,0.0,UNSAFE,RED
SYN_0550,24.993896627423897,70.95898520471005,75,0.0,3.6798641217581763e-07,0.0,UNSAFE,RED
SYN_0550,24.993896627423897,70.95898520471005,100,0.0,9.26624615440569e-08,0.0,UNSAFE,RED
SYN_0550,24.993896627423897,70.95898520471005,150,0.0,1.0044665451228062e-07,0.0,UNSAFE,RED
SYN_0550,24.993896627423897,70.95898520471005,200,0.0,3.157983013591937e-07,0.0,UNSAFE,RED
SYN_0551,7.273119381322686,80.06991122961117,0,0.0,6.186368241288868e-05,0.0,UNSAFE,RED
SYN_0551,7.273119381322686,80.06991122961117,10,0.0,1.3782500221460622e-05,0.0,UNSAFE,RED
SYN_0551,7.273119381322686,80.06991122961117,25,0.0,5.7019981306112465e-06,0.0,UNSAFE,RED
SYN_0551,7.273119381322686,80.06991122961117,50,0.0,4.037177261336796e-07,0.0,UNSAFE,RED
SYN_0551,7.273119381322686,80.06991122961117,75,0.0,8.454573360648282e-07,0.0,UNSAFE,RED
SYN_0551,7.273119381322686,80.06991122961117,100,0.0,1.883728711966547e-07,0.0,UNSAFE,RED
SYN_0551,7.273119381322686,80.06991122961117,150,0.0,4.860308082321428e-07,0.0,UNSAFE,RED
SYN_0551,7.273119381322686,80.06991122961117,200,0.0,1.1404932011476903e-06,0.0,UNSAFE,RED
SYN_0552,16.382610054248826,72.4915921386997,0,0.0,9.037136566389956e-06,0.0,UNSAFE,RED
SYN_0552,16.382610054248826,72.4915921386997,10,0.0,2.5329054538803727e-06,0.0,UNSAFE,RED
SYN_0552,16.382610054248826,72.4915921386997,25,0.0,8.34460287851526e-07,0.0,UNSAFE,RED
SYN_0552,16.382610054248826,72.4915921386997,50,0.0,3.5573274515091536e-09,0.0,UNSAFE,RED
SYN_0552,16.382610054248826,72.4915921386997,75,0.0,8.65253789425703e-08,0.0,UNSAFE,RED
SYN_0552,16.382610054248826,72.4915921386997,100,0.0,4.1721235858309806e-07,0.0,UNSAFE,RED
SYN_0552,16.382610054248826,72.4915921386997,150,0.0,1.1485035776370329e-07,0.0,UNSAFE,RED
SYN_0552,16.382610054248826,72.4915921386997,200,0.0,6.489117779484111e-07,0.0,UNSAFE,RED
SYN_0553,5.194619203110459,72.3920859522753,0,0.0,7.100503435805842e-05,0.0,UNSAFE,RED
SYN_0553,5.194619203110459,72.3920859522753,10,0.0,1.6761788610818392e-05,0.0,UNSAFE,RED
SYN_0553,5.194619203110459,72.3920859522753,25,0.0,2.679972600765003e-06,0.0,UNSAFE,RED
SYN_0553,5.194619203110459,72.3920859522753,50,0.0,5.433832897891116e-07,0.0,UNSAFE,RED
SYN_0553,5.194619203110459,72.3920859522753,75,0.0,9.852582063813308e-07,0.0,UNSAFE,RED
SYN_0553,5.194619203110459,72.3920859522753,100,0.0,1.8353781097012534e-06,0.0,UNSAFE,RED
SYN_0553,5.194619203110459,72.3920859522753,150,0.0,3.3384206495988664e-07,0.0,UNSAFE,RED
SYN_0553,5.194619203110459,72.3920859522753,200,0.0,1.4303989443116561e-06,0.0,UNSAFE,RED
SYN_0554,10.29985582441082,71.31227252042441,0,0.0,3.7121933303997453e-06,0.0,UNSAFE,RED
SYN_0554,10.29985582441082,71.31227252042441,10,0.0,3.7503079583282064e-06,0.0,UNSAFE,RED
SYN_0554,10.29985582441082,71.31227252042441,25,0.0,2.2377012899198825e-06,0.0,UNSAFE,RED
SYN_0554,10.29985582441082,71.31227252042441,50,0.0,2.2193838183170614e-07,0.0,UNSAFE,RED
SYN_0554,10.29985582441082,71.31227252042441,75,0.0,3.2851091640837376e-07,0.0,UNSAFE,RED
SYN_0554,10.29985582441082,71.31227252042441,100,0.0,1.971253827627707e-06,0.0,UNSAFE,RED
SYN_0554,10.29985582441082,71.31227252042441,150,0.0,5.885875809682255e-08,0.0,UNSAFE,RED
SYN_0554,10.29985582441082,71.31227252042441,200,2.9810076598774518e-05,4.90925540385224e-07,60.70982901497881,SAFE,GREEN
SYN_0555,15.33696912615852,82.78453783169974,0,0.0,5.191769854868239e-05,0.0,UNSAFE,RED
SYN_0555,15.33696912615852,82.78453783169974,10,0.0,1.1587920270041272e-05,0.0,UNSAFE,RED
SYN_0555,15.33696912615852,82.78453783169974,25,0.0,3.097524840589612e-06,0.0,UNSAFE,RED
SYN_0555,15.33696912615852,82.78453783169974,50,0.0,1.0182467919959137e-06,0.0,UNSAFE,RED
SYN_0555,15.33696912615852,82.78453783169974,75,0.0,4.2785648253705665e-07,0.0,UNSAFE,RED
SYN_0555,15.33696912615852,82.78453783169974,100,0.0,3.1847044799863246e-06,0.0,UNSAFE,RED
SYN_0555,15.33696912615852,82.78453783169974,150,0.0,1.7416932576200388e-07,0.0,UNSAFE,RED
SYN_0555,15.33696912615852,82.78453783169974,200,0.0,4.6176648485399264e-07,0.0,UNSAFE,RED
SYN_0556,23.049070784110413,69.57716551646995,0,0.0,9.866958516458093e-05,0.0,UNSAFE,RED
SYN_0556,23.049070784110413,69.57716551646995,10,0.0,1.7087452456237205e-05,0.0,UNSAFE,RED
SYN_0556,23.049070784110413,69.57716551646995,25,0.0,5.208177665921193e-06,0.0,UNSAFE,RED
SYN_0556,23.049070784110413,69.57716551646995,50,0.0,7.068006820632836e-08,0.0,UNSAFE,RED
SYN_0556,23.049070784110413,69.57716551646995,75,0.0,2.623832726670797e-07,0.0,UNSAFE,RED
SYN_0556,23.049070784110413,69.57716551646995,100,0.0,4.811095267788234e-07,0.0,UNSAFE,RED
SYN_0556,23.049070784110413,69.57716551646995,150,0.0,1.9643557013786486e-07,0.0,UNSAFE,RED
SYN_0556,23.049070784110413,69.57716551646995,200,0.0,1.1683539072385326e-06,0.0,UNSAFE,RED
SYN_0557,15.131386241144185,81.29157452005337,0,0.0,7.091834305919924e-06,0.0,UNSAFE,RED
SYN_0557,15.131386241144185,81.29157452005337,10,0.0,3.3360938501972236e-06,0.0,UNSAFE,RED
SYN_0557,15.131386241144185,81.29157452005337,25,0.0,2.7813271673842704e-07,0.0,UNSAFE,RED
SYN_0557,15.131386241144185,81.29157452005337,50,0.0,1.0421631699374542e-06,0.0,UNSAFE,RED
SYN_0557,15.131386241144185,81.29157452005337,75,0.0,9.615178163351049e-08,0.0,UNSAFE,RED
SYN_0557,15.131386241144185,81.29157452005337,100,0.0,2.2078061268229355e-06,0.0,UNSAFE,RED
SYN_0557,15.131386241144185,81.29157452005337,150,0.0,3.189186296907534e-08,0.0,UNSAFE,RED
SYN_0557,15.131386241144185,81.29157452005337,200,0.0,1.0205901656925984e-07,0.0,UNSAFE,RED
SYN_0558,12.317434062979514,80.87329962071603,0,0.0,1.6057698110132872e-05,0.0,UNSAFE,RED
SYN_0558,12.317434062979514,80.87329962071603,10,0.0,3.323051639009043e-06,0.0,UNSAFE,RED
SYN_0558,12.317434062979514,80.87329962071603,25,0.0,1.1903449115879e-06,0.0,UNSAFE,RED
SYN_0558,12.317434062979514,80.87329962071603,50,0.0,2.4382741949364756e-07,0.0,UNSAFE,RED
SYN_0558,12.317434062979514,80.87329962071603,75,0.0,4.1360112507913744e-07,0.0,UNSAFE,RED
SYN_0558,12.317434062979514,80.87329962071603,100,0.0,2.5805586828071843e-07,0.0,UNSAFE,RED
SYN_0558,12.317434062979514,80.87329962071603,150,0.0,9.120294390974118e-08,0.0,UNSAFE,RED
SYN_0558,12.317434062979514,80.87329962071603,200,0.0,1.9339443363733747e-07,0.0,UNSAFE,RED
SYN_0559,14.687938315661258,74.71939294927618,0,0.0,2.728630307698906e-05,0.0,UNSAFE,RED
SYN_0559,14.687938315661258,74.71939294927618,10,0.0,1.5420918824822375e-06,0.0,UNSAFE,RED
SYN_0559,14.687938315661258,74.71939294927618,25,0.0,8.07057126319135e-06,0.0,UNSAFE,RED
SYN_0559,14.687938315661258,74.71939294927618,50,0.0,2.6008112563994016e-07,0.0,UNSAFE,RED
SYN_0559,14.687938315661258,74.71939294927618,75,0.0,1.6367497688515777e-06,0.0,UNSAFE,RED
SYN_0559,14.687938315661258,74.71939294927618,100,0.0,3.858731777626917e-06,0.0,UNSAFE,RED
SYN_0559,14.687938315661258,74.71939294927618,150,0.0,3.2443111119417845e-07,0.0,UNSAFE,RED
SYN_0559,14.687938315661258,74.71939294927618,200,0.0,2.0417333872578494e-07,0.0,UNSAFE,RED
SYN_0560,10.213175968949086,84.1301749246949,0,0.0,2.5354356233864816e-05,0.0,UNSAFE,RED
SYN_0560,10.213175968949086,84.1301749246949,10,0.0,3.85350490665183e-06,0.0,UNSAFE,RED
SYN_0560,10.213175968949086,84.1301749246949,25,0.0,2.652239545210353e-06,0.0,UNSAFE,RED
SYN_0560,10.213175968949086,84.1301749246949,50,0.0,1.9167222127306048e-07,0.0,UNSAFE,RED
SYN_0560,10.213175968949086,84.1301749246949,75,0.0,5.550095043041207e-07,0.0,UNSAFE,RED
SYN_0560,10.213175968949086,84.1301749246949,100,0.0,7.014991268212996e-07,0.0,UNSAFE,RED
SYN_0560,10.213175968949086,84.1301749246949,150,0.0,5.8715002239590867e-08,0.0,UNSAFE,RED
SYN_0560,10.213175968949086,84.1301749246949,200,0.0,2.353216671578895e-07,0.0,UNSAFE,RED
SYN_0561,19.77861719972293,72.5303928139297,0,0.0,2.4463879149189964e-06,0.0,UNSAFE,RED
SYN_0561,19.77861719972293,72.5303928139297,10,0.0,7.947446011559911e-07,0.0,UNSAFE,RED
SYN_0561,19.77861719972293,72.5303928139297,25,0.0,3.1078177990740864e-07,0.0,UNSAFE,RED
SYN_0561,19.77861719972293,72.5303928139297,50,0.0,1.5788551226474305e-07,0.0,UNSAFE,RED
SYN_0561,19.77861719972293,72.5303928139297,75,0.0,1.0476082158133839e-07,0.0,UNSAFE,RED
SYN_0561,19.77861719972293,72.5303928139297,100,0.0,1.4537512545189216e-06,0.0,UNSAFE,RED
SYN_0561,19.77861719972293,72.5303928139297,150,0.0,2.6435846182813776e-07,0.0,UNSAFE,RED
SYN_0561,19.77861719972293,72.5303928139297,200,0.0,8.071345891549115e-07,0.0,UNSAFE,RED
SYN_0562,24.3411080645662,74.21762553385923,0,0.0,3.5909340549910843e-07,0.0,UNSAFE,RED
SYN_0562,24.3411080645662,74.21762553385923,10,0.0,8.848103456658313e-07,0.0,UNSAFE,RED
SYN_0562,24.3411080645662,74.21762553385923,25,0.0,7.243833892273226e-07,0.0,UNSAFE,RED
SYN_0562,24.3411080645662,74.21762553385923,50,0.0,2.445844270328165e-07,0.0,UNSAFE,RED
SYN_0562,24.3411080645662,74.21762553385923,75,0.0,7.389388539674958e-08,0.0,UNSAFE,RED
SYN_0562,24.3411080645662,74.21762553385923,100,0.0,1.096898247743357e-08,0.0,UNSAFE,RED
SYN_0562,24.3411080645662,74.21762553385923,150,0.0,1.645840112422221e-07,0.0,UNSAFE,RED
SYN_0562,24.3411080645662,74.21762553385923,200,0.0,1.5222957976988665e-06,0.0,UNSAFE,RED
SYN_0563,20.09936710132072,83.53820795757139,0,0.0,3.764485443918224e-06,0.0,UNSAFE,RED
SYN_0563,20.09936710132072,83.53820795757139,10,0.0,4.332256274270803e-07,0.0,UNSAFE,RED
SYN_0563,20.09936710132072,83.53820795757139,25,0.0,5.038121872571424e-06,0.0,UNSAFE,RED
SYN_0563,20.09936710132072,83.53820795757139,50,0.0,7.411841603958485e-07,0.0,UNSAFE,RED
SYN_0563,20.09936710132072,83.53820795757139,75,0.0,3.179662297781196e-07,0.0,UNSAFE,RED
SYN_0563,20.09936710132072,83.53820795757139,100,0.0,9.714666678331416e-07,0.0,UNSAFE,RED
SYN_0563,20.09936710132072,83.53820795757139,150,0.0,5.9476139595593616e-08,0.0,UNSAFE,RED
SYN_0563,20.09936710132072,83.53820795757139,200,0.0,1.8416710840973403e-09,0.0,UNSAFE,RED
SYN_0564,19.91564316002544,69.13592732715213,0,0.0,5.11928418432546e-06,0.0,UNSAFE,RED
SYN_0564,19.91564316002544,69.13592732715213,10,0.0,1.223784356950395e-06,0.0,UNSAFE,RED
SYN_0564,19.91564316002544,69.13592732715213,25,0.0,1.6018640091957517e-06,0.0,UNSAFE,RED
SYN_0564,19.91564316002544,69.13592732715213,50,0.0,2.0840468812883592e-06,0.0,UNSAFE,RED
SYN_0564,19.91564316002544,69.13592732715213,75,0.0,8.099827427752731e-07,0.0,UNSAFE,RED
SYN_0564,19.91564316002544,69.13592732715213,100,0.0,4.138133168650126e-06,0.0,UNSAFE,RED
SYN_0564,19.91564316002544,69.13592732715213,150,0.0,3.885471160025303e-07,0.0,UNSAFE,RED
SYN_0564,19.91564316002544,69.13592732715213,200,0.0,4.009355655204341e-07,0.0,UNSAFE,RED
SYN_0565,12.407243111153184,69.26440698140001,0,0.0,9.567921638018106e-06,0.0,UNSAFE,RED
SYN_0565,12.407243111153184,69.26440698140001,10,0.0,5.228827852233407e-06,0.0,UNSAFE,RED
SYN_0565,12.407243111153184,69.26440698140001,25,0.0,4.908105273070008e-09,0.0,UNSAFE,RED
SYN_0565,12.407243111153184,69.26440698140001,50,0.0,1.0685000010795234e-06,0.0,UNSAFE,RED
SYN_0565,12.407243111153184,69.26440698140001,75,0.0,1.0432595660997177e-07,0.0,UNSAFE,RED
SYN_0565,12.407243111153184,69.26440698140001,100,0.0,3.4639916436627776e-07,0.0,UNSAFE,RED
SYN_0565,12.407243111153184,69.26440698140001,150,0.0,1.597914598896607e-07,0.0,UNSAFE,RED
SYN_0565,12.407243111153184,69.26440698140001,200,0.0,5.171149913626698e-07,0.0,UNSAFE,RED
SYN_0566,20.45870973973013,66.32752506168816,0,0.0,1.0433569705070591e-05,0.0,UNSAFE,RED
SYN_0566,20.45870973973013,66.32752506168816,10,0.0,1.5666886584606913e-05,0.0,UNSAFE,RED
SYN_0566,20.45870973973013,66.32752506168816,25,0.0,5.747628264280851e-06,0.0,UNSAFE,RED
SYN_0566,20.45870973973013,66.32752506168816,50,0.0,2.749437613872873e-06,0.0,UNSAFE,RED
SYN_0566,20.45870973973013,66.32752506168816,75,0.0,1.294110075752728e-07,0.0,UNSAFE,RED
SYN_0566,20.45870973973013,66.32752506168816,100,0.0,2.4023140682098845e-08,0.0,UNSAFE,RED
SYN_0566,20.45870973973013,66.32752506168816,150,0.0,1.4307361919667133e-07,0.0,UNSAFE,RED
SYN_0566,20.45870973973013,66.32752506168816,200,0.0,4.0540874400988797e-07,0.0,UNSAFE,RED
SYN_0567,11.643584998066263,81.73434730949245,0,0.0,5.632223403826957e-06,0.0,UNSAFE,RED
SYN_0567,11.643584998066263,81.73434730949245,10,0.0,5.63047760582223e-06,0.0,UNSAFE,RED
SYN_0567,11.643584998066263,81.73434730949245,25,0.0,9.76618421783601e-07,0.0,UNSAFE,RED
SYN_0567,11.643584998066263,81.73434730949245,50,0.0,1.1167175776112388e-06,0.0,UNSAFE,RED
SYN_0567,11.643584998066263,81.73434730949245,75,0.0,1.1805515437146058e-06,0.0,UNSAFE,RED
SYN_0567,11.643584998066263,81.73434730949245,100,0.0,7.643826071104781e-07,0.0,UNSAFE,RED
SYN_0567,11.643584998066263,81.73434730949245,150,0.0,1.741111602938795e-07,0.0,UNSAFE,RED
SYN_0567,11.643584998066263,81.73434730949245,200,0.0,1.2319571168296208e-07,0.0,UNSAFE,RED
SYN_0568,18.798259451130765,75.86165778211566,0,0.0,1.5080867102290953e-05,0.0,UNSAFE,RED
SYN_0568,18.798259451130765,75.86165778211566,10,0.0,4.374330878962486e-06,0.0,UNSAFE,RED
SYN_0568,18.798259451130765,75.86165778211566,25,0.0,1.9352352894002222e-07,0.0,UNSAFE,RED
SYN_0568,18.798259451130765,75.86165778211566,50,0.0,3.9529834882968935e-07,0.0,UNSAFE,RED
SYN_0568,18.798259451130765,75.86165778211566,75,0.0,6.228635059812355e-07,0.0,UNSAFE,RED
SYN_0568,18.798259451130765,75.86165778211566,100,0.0,3.1480654972573097e-07,0.0,UNSAFE,RED
SYN_0568,18.798259451130765,75.86165778211566,150,0.0,7.150641958244158e-08,0.0,UNSAFE,RED
SYN_0568,18.798259451130765,75.86165778211566,200,0.0,5.106360428162203e-07,0.0,UNSAFE,RED
SYN_0569,18.583108054792604,66.9032780016043,0,0.0,3.340481473679252e-07,0.0,UNSAFE,RED
SYN_0569,18.583108054792604,66.9032780016043,10,0.0,1.5629303169734392e-06,0.0,UNSAFE,RED
SYN_0569,18.583108054792604,66.9032780016043,25,0.0,6.567882586041661e-07,0.0,UNSAFE,RED
SYN_0569,18.583108054792604,66.9032780016043,50,0.0,1.201915193848113e-06,0.0,UNSAFE,RED
SYN_0569,18.583108054792604,66.9032780016043,75,0.0,1.258254890050622e-07,0.0,UNSAFE,RED
SYN_0569,18.583108054792604,66.9032780016043,100,0.0,1.3151322537550095e-07,0.0,UNSAFE,RED
SYN_0569,18.583108054792604,66.9032780016043,150,0.0,3.815609679731671e-08,0.0,UNSAFE,RED
SYN_0569,18.583108054792604,66.9032780016043,200,0.0,6.4543145155186995e-09,0.0,UNSAFE,RED
SYN_0570,18.20376555685152,70.4167832967591,0,0.0,7.979058007955706e-06,0.0,UNSAFE,RED
SYN_0570,18.20376555685152,70.4167832967591,10,0.0,3.4363781734085563e-06,0.0,UNSAFE,RED
SYN_0570,18.20376555685152,70.4167832967591,25,0.0,1.0752805428247124e-06,0.0,UNSAFE,RED
SYN_0570,18.20376555685152,70.4167832967591,50,0.0,1.389955576457096e-07,0.0,UNSAFE,RED
SYN_0570,18.20376555685152,70.4167832967591,75,0.0,3.60127606456014e-08,0.0,UNSAFE,RED
SYN_0570,18.20376555685152,70.4167832967591,100,0.0,1.63588998663956e-07,0.0,UNSAFE,RED
SYN_0570,18.20376555685152,70.4167832967591,150,0.0,8.5410399418147e-09,0.0,UNSAFE,RED
SYN_0570,18.20376555685152,70.4167832967591,200,0.0,3.1134719836625333e-07,0.0,UNSAFE,RED
SYN_0571,18.645742435273952,67.70724923520515,0,0.0,2.7376737895257527e-06,0.0,UNSAFE,RED
SYN_0571,18.645742435273952,67.70724923520515,10,0.0,1.0169034070106414e-06,0.0,UNSAFE,RED
SYN_0571,18.645742435273952,67.70724923520515,25,0.0,2.627154430632471e-06,0.0,UNSAFE,RED
SYN_0571,18.645742435273952,67.70724923520515,50,0.0,2.453472980756593e-07,0.0,UNSAFE,RED
SYN_0571,18.645742435273952,67.70724923520515,75,0.0,1.6093236991864257e-06,0.0,UNSAFE,RED
SYN_0571,18.645742435273952,67.70724923520515,100,0.0,2.040051707961437e-06,0.0,UNSAFE,RED
SYN_0571,18.645742435273952,67.70724923520515,150,0.0,1.0966042955949528e-07,0.0,UNSAFE,RED
SYN_0571,18.645742435273952,67.70724923520515,200,0.0,1.2383104735287214e-06,0.0,UNSAFE,RED
SYN_0572,24.612224025078174,65.78718781397518,0,0.0,2.368519007174017e-06,0.0,UNSAFE,RED
SYN_0572,24.612224025078174,65.78718781397518,10,0.0,8.398999398605297e-07,0.0,UNSAFE,RED
SYN_0572,24.612224025078174,65.78718781397518,25,0.0,9.856560311197738e-08,0.0,UNSAFE,RED
SYN_0572,24.612224025078174,65.78718781397518,50,0.0,9.795703548117168e-08,0.0,UNSAFE,RED
SYN_0572,24.612224025078174,65.78718781397518,75,0.0,1.3479632674859325e-06,0.0,UNSAFE,RED
SYN_0572,24.612224025078174,65.78718781397518,100,0.0,1.6534575304528194e-06,0.0,UNSAFE,RED
SYN_0572,24.612224025078174,65.78718781397518,150,0.0,7.540295576443126e-08,0.0,UNSAFE,RED
SYN_0572,24.612224025078174,65.78718781397518,200,0.0,2.6477603609408835e-07,0.0,UNSAFE,RED
SYN_0573,16.54269669738515,70.29961545833766,0,0.0,2.1248941382774044e-05,0.0,UNSAFE,RED
SYN_0573,16.54269669738515,70.29961545833766,10,0.0,5.288310544405212e-06,0.0,UNSAFE,RED
SYN_0573,16.54269669738515,70.29961545833766,25,0.0,1.1359575765518732e-06,0.0,UNSAFE,RED
SYN_0573,16.54269669738515,70.29961545833766,50,0.0,4.198596113526835e-08,0.0,UNSAFE,RED
SYN_0573,16.54269669738515,70.29961545833766,75,0.0,5.610685077102659e-07,0.0,UNSAFE,RED
SYN_0573,16.54269669738515,70.29961545833766,100,0.0,2.6155571264687306e-07,0.0,UNSAFE,RED
SYN_0573,16.54269669738515,70.29961545833766,150,0.0,9.466595071432741e-08,0.0,UNSAFE,RED
SYN_0573,16.54269669738515,70.29961545833766,200,0.0,6.697674028700906e-08,0.0,UNSAFE,RED
SYN_0574,19.38974940715224,82.93869241017832,0,0.0,4.140573624981905e-06,0.0,UNSAFE,RED
SYN_0574,19.38974940715224,82.93869241017832,10,0.0,1.8279139108673397e-06,0.0,UNSAFE,RED
SYN_0574,19.38974940715224,82.93869241017832,25,0.0,2.0139869598194107e-07,0.0,UNSAFE,RED
SYN_0574,19.38974940715224,82.93869241017832,50,0.0,1.8391903553993656e-06,0.0,UNSAFE,RED
SYN_0574,19.38974940715224,82.93869241017832,75,0.0,2.377338537929199e-07,0.0,UNSAFE,RED
SYN_0574,19.38974940715224,82.93869241017832,100,0.0,1.3241082922311004e-06,0.0,UNSAFE,RED
SYN_0574,19.38974940715224,82.93869241017832,150,0.0,3.245484633799789e-08,0.0,UNSAFE,RED
SYN_0574,19.38974940715224,82.93869241017832,200,0.0,2.6324311856677368e-08,0.0,UNSAFE,RED
SYN_0575,9.66515282907996,77.84653783901597,0,0.0,3.746876319306534e-05,0.0,UNSAFE,RED
SYN_0575,9.66515282907996,77.84653783901597,10,0.0,1.7088891955488408e-05,0.0,UNSAFE,RED
SYN_0575,9.66515282907996,77.84653783901597,25,0.0,2.2544929995985037e-07,0.0,UNSAFE,RED
SYN_0575,9.66515282907996,77.84653783901597,50,0.0,9.347268630746508e-07,0.0,UNSAFE,RED
SYN_0575,9.66515282907996,77.84653783901597,75,0.0,4.776974338991732e-07,0.0,UNSAFE,RED
SYN_0575,9.66515282907996,77.84653783901597,100,0.0,1.1468586339298736e-06,0.0,UNSAFE,RED
SYN_0575,9.66515282907996,77.84653783901597,150,0.0,6.00069905946804e-08,0.0,UNSAFE,RED
SYN_0575,9.66515282907996,77.84653783901597,200,0.0,3.122039901431989e-07,0.0,UNSAFE,RED
SYN_0576,18.673450434790134,84.5875163933291,0,0.0,2.0865630021301e-05,0.0,UNSAFE,RED
SYN_0576,18.673450434790134,84.5875163933291,10,0.0,3.148408157617498e-06,0.0,UNSAFE,RED
SYN_0576,18.673450434790134,84.5875163933291,25,0.0,1.534196138908687e-06,0.0,UNSAFE,RED
SYN_0576,18.673450434790134,84.5875163933291,50,0.0,1.5925964276903383e-06,0.0,UNSAFE,RED
SYN_0576,18.673450434790134,84.5875163933291,75,0.0,8.768582845116229e-08,0.0,UNSAFE,RED
SYN_0576,18.673450434790134,84.5875163933291,100,0.0,1.3308779204325556e-06,0.0,UNSAFE,RED
SYN_0576,18.673450434790134,84.5875163933291,150,0.0,9.047999642575985e-09,0.0,UNSAFE,RED
SYN_0576,18.673450434790134,84.5875163933291,200,9.31719968244617e-06,7.732681789825652e-08,120.33556247513012,SAFE,GREEN
SYN_0577,9.418264055931996,73.26113246427006,0,0.0,8.524836695691794e-07,0.0,UNSAFE,RED
SYN_0577,9.418264055931996,73.26113246427006,10,0.0,7.36568065437348e-07,0.0,UNSAFE,RED
SYN_0577,9.418264055931996,73.26113246427006,25,0.0,1.691681078700045e-07,0.0,UNSAFE,RED
SYN_0577,9.418264055931996,73.26113246427006,50,0.0,2.4993024297229074e-07,0.0,UNSAFE,RED
SYN_0577,9.418264055931996,73.26113246427006,75,0.0,5.188658573446336e-07,0.0,UNSAFE,RED
SYN_0577,9.418264055931996,73.26113246427006,100,0.0,2.7714360497398147e-06,0.0,UNSAFE,RED
SYN_0577,9.418264055931996,73.26113246427006,150,0.0,2.409668708785603e-07,0.0,UNSAFE,RED
SYN_0577,9.418264055931996,73.26113246427006,200,0.0,4.954020138524711e-07,0.0,UNSAFE,RED
SYN_0578,24.939738017817238,68.46715860422765,0,0.0,6.58741482983239e-05,0.0,UNSAFE,RED
SYN_0578,24.939738017817238,68.46715860422765,10,0.0,2.337894164031353e-05,0.0,UNSAFE,RED
SYN_0578,24.939738017817238,68.46715860422765,25,0.0,4.346806045412095e-08,0.0,UNSAFE,RED
SYN_0578,24.939738017817238,68.46715860422765,50,0.0,3.415780024497283e-07,0.0,UNSAFE,RED
SYN_0578,24.939738017817238,68.46715860422765,75,0.0,1.0802833541047892e-06,0.0,UNSAFE,RED
SYN_0578,24.939738017817238,68.46715860422765,100,0.0,2.0635212950378098e-07,0.0,UNSAFE,RED
SYN_0578,24.939738017817238,68.46715860422765,150,0.0,4.827372131882685e-07,0.0,UNSAFE,RED
SYN_0578,24.939738017817238,68.46715860422765,200,0.0,1.0719045719323707e-06,0.0,UNSAFE,RED
SYN_0579,11.585514584449152,81.78806687789012,0,0.0,4.923813973063503e-06,0.0,UNSAFE,RED
SYN_0579,11.585514584449152,81.78806687789012,10,0.0,7.35090144112903e-07,0.0,UNSAFE,RED
SYN_0579,11.585514584449152,81.78806687789012,25,0.0,2.8923715764337295e-07,0.0,UNSAFE,RED
SYN_0579,11.585514584449152,81.78806687789012,50,0.0,2.607955610419424e-07,0.0,UNSAFE,RED
SYN_0579,11.585514584449152,81.78806687789012,75,0.0,4.1215027499012194e-07,0.0,UNSAFE,RED
SYN_0579,11.585514584449152,81.78806687789012,100,0.0,7.705133658038134e-07,0.0,UNSAFE,RED
SYN_0579,11.585514584449152,81.78806687789012,150,0.0,3.9360921238900093e-07,0.0,UNSAFE,RED
SYN_0579,11.585514584449152,81.78806687789012,200,0.0,1.6028840500185757e-07,0.0,UNSAFE,RED
SYN_0580,19.725255355552804,69.85643710022467,0,0.0,4.526177084263762e-06,0.0,UNSAFE,RED
SYN_0580,19.725255355552804,69.85643710022467,10,0.0,8.81728729212339e-07,0.0,UNSAFE,RED
SYN_0580,19.725255355552804,69.85643710022467,25,0.0,1.5426085083827016e-06,0.0,UNSAFE,RED
SYN_0580,19.725255355552804,69.85643710022467,50,0.0,1.2416402484237596e-06,0.0,UNSAFE,RED
SYN_0580,19.725255355552804,69.85643710022467,75,0.0,3.428291781519854e-08,0.0,UNSAFE,RED
SYN_0580,19.725255355552804,69.85643710022467,100,0.0,7.469628159800019e-07,0.0,UNSAFE,RED
SYN_0580,19.725255355552804,69.85643710022467,150,0.0,5.408795991463951e-09,0.0,UNSAFE,RED
SYN_0580,19.725255355552804,69.85643710022467,200,0.0,1.7755652218141678e-08,0.0,UNSAFE,RED
SYN_0581,12.598103772364524,84.16227057798639,0,0.0,2.936152166671629e-05,0.0,UNSAFE,RED
SYN_0581,12.598103772364524,84.16227057798639,10,0.0,1.7381324665468141e-06,0.0,UNSAFE,RED
SYN_0581,12.598103772364524,84.16227057798639,25,0.0,8.467894281670172e-06,0.0,UNSAFE,RED
SYN_0581,12.598103772364524,84.16227057798639,50,0.0,3.1051201601534813e-07,0.0,UNSAFE,RED
SYN_0581,12.598103772364524,84.16227057798639,75,0.0,4.139590490065212e-07,0.0,UNSAFE,RED
SYN_0581,12.598103772364524,84.16227057798639,100,0.0,2.022505238886212e-07,0.0,UNSAFE,RED
SYN_0581,12.598103772364524,84.16227057798639,150,0.0,1.2026095015916162e-07,0.0,UNSAFE,RED
SYN_0581,12.598103772364524,84.16227057798639,200,0.0,2.2805314447000334e-07,0.0,UNSAFE,RED
SYN_0582,12.00635051744657,72.43698605407917,0,0.0,6.151566034736919e-06,0.0,UNSAFE,RED
SYN_0582,12.00635051744657,72.43698605407917,10,0.0,2.339856932853498e-06,0.0,UNSAFE,RED
SYN_0582,12.00635051744657,72.43698605407917,25,0.0,2.89619086752622e-07,0.0,UNSAFE,RED
SYN_0582,12.00635051744657,72.43698605407917,50,0.0,4.4824556054778647e-07,0.0,UNSAFE,RED
SYN_0582,12.00635051744657,72.43698605407917,75,0.0,9.266811852098576e-07,0.0,UNSAFE,RED
SYN_0582,12.00635051744657,72.43698605407917,100,0.0,2.134757191066484e-06,0.0,UNSAFE,RED
SYN_0582,12.00635051744657,72.43698605407917,150,0.0,3.443910881089275e-07,0.0,UNSAFE,RED
SYN_0582,12.00635051744657,72.43698605407917,200,0.0,4.060630766521424e-07,0.0,UNSAFE,RED
SYN_0583,10.171920772613545,72.27523109963471,0,0.0,5.669291120062335e-07,0.0,UNSAFE,RED
SYN_0583,10.171920772613545,72.27523109963471,10,0.0,1.1145048877568409e-07,0.0,UNSAFE,RED
SYN_0583,10.171920772613545,72.27523109963471,25,0.0,3.246450441345707e-08,0.0,UNSAFE,RED
SYN_0583,10.171920772613545,72.27523109963471,50,0.0,6.625755416947227e-07,0.0,UNSAFE,RED
SYN_0583,10.171920772613545,72.27523109963471,75,0.0,4.6734201235455803e-07,0.0,UNSAFE,RED
SYN_0583,10.171920772613545,72.27523109963471,100,0.0,1.8660328229060365e-06,0.0,UNSAFE,RED
SYN_0583,10.171920772613545,72.27523109963471,150,0.0,2.970796992269839e-08,0.0,UNSAFE,RED
SYN_0583,10.171920772613545,72.27523109963471,200,0.0,5.121680456894622e-07,0.0,UNSAFE,RED
SYN_0584,10.641352490885534,82.70107506059932,0,0.0,4.2161745298286475e-07,0.0,UNSAFE,RED
SYN_0584,10.641352490885534,82.70107506059932,10,0.0,4.919181141076118e-07,0.0,UNSAFE,RED
SYN_0584,10.641352490885534,82.70107506059932,25,0.0,5.591832457714386e-07,0.0,UNSAFE,RED
SYN_0584,10.641352490885534,82.70107506059932,50,0.0,3.419397027573346e-08,0.0,UNSAFE,RED
SYN_0584,10.641352490885534,82.70107506059932,75,0.0,5.078904667273941e-07,0.0,UNSAFE,RED
SYN_0584,10.641352490885534,82.70107506059932,100,0.0,3.705948353803945e-07,0.0,UNSAFE,RED
SYN_0584,10.641352490885534,82.70107506059932,150,0.0,4.305988585219684e-08,0.0,UNSAFE,RED
SYN_0584,10.641352490885534,82.70107506059932,200,0.0,3.8855096592369883e-07,0.0,UNSAFE,RED
SYN_0585,10.385690396174189,84.98598951926996,0,0.0,1.0853625627477685e-05,0.0,UNSAFE,RED
SYN_0585,10.385690396174189,84.98598951926996,10,0.0,2.0116638721395067e-06,0.0,UNSAFE,RED
SYN_0585,10.385690396174189,84.98598951926996,25,0.0,1.4020660726967192e-06,0.0,UNSAFE,RED
SYN_0585,10.385690396174189,84.98598951926996,50,0.0,3.1817582197696377e-07,0.0,UNSAFE,RED
SYN_0585,10.385690396174189,84.98598951926996,75,0.0,1.9302705860726676e-06,0.0,UNSAFE,RED
SYN_0585,10.385690396174189,84.98598951926996,100,0.0,9.570896648071401e-07,0.0,UNSAFE,RED
SYN_0585,10.385690396174189,84.98598951926996,150,0.0,1.5612126431317876e-07,0.0,UNSAFE,RED
SYN_0585,10.385690396174189,84.98598951926996,200,0.0,4.816381281571241e-07,0.0,UNSAFE,RED
SYN_0586,18.029575337704667,65.87451390855595,0,0.0,3.833771286758712e-06,0.0,UNSAFE,RED
SYN_0586,18.029575337704667,65.87451390855595,10,0.0,3.794488502775553e-07,0.0,UNSAFE,RED
SYN_0586,18.029575337704667,65.87451390855595,25,0.0,1.360149863516758e-06,0.0,UNSAFE,RED
SYN_0586,18.029575337704667,65.87451390855595,50,0.0,1.0053852255383623e-06,0.0,UNSAFE,RED
SYN_0586,18.029575337704667,65.87451390855595,75,0.0,2.668657009592766e-07,0.0,UNSAFE,RED
SYN_0586,18.029575337704667,65.87451390855595,100,0.0,1.3838795043085864e-06,0.0,UNSAFE,RED
SYN_0586,18.029575337704667,65.87451390855595,150,0.0,2.5440590860563766e-07,0.0,UNSAFE,RED
SYN_0586,18.029575337704667,65.87451390855595,200,0.0,1.24612313049582e-06,0.0,UNSAFE,RED
SYN_0587,19.37819630650422,74.80181382428722,0,0.0,3.568704965064114e-05,0.0,UNSAFE,RED
SYN_0587,19.37819630650422,74.80181382428722,10,0.0,4.8593028269834875e-06,0.0,UNSAFE,RED
SYN_0587,19.37819630650422,74.80181382428722,25,0.0,3.4915209096259297e-06,0.0,UNSAFE,RED
SYN_0587,19.37819630650422,74.80181382428722,50,0.0,1.809391153667038e-07,0.0,UNSAFE,RED
SYN_0587,19.37819630650422,74.80181382428722,75,0.0,2.4495290801897676e-07,0.0,UNSAFE,RED
SYN_0587,19.37819630650422,74.80181382428722,100,0.0,2.239073013513695e-07,0.0,UNSAFE,RED
SYN_0587,19.37819630650422,74.80181382428722,150,0.0,9.089169401929257e-09,0.0,UNSAFE,RED
SYN_0587,19.37819630650422,74.80181382428722,200,0.0,4.324565169825636e-06,0.0,UNSAFE,RED
SYN_0588,8.242837577797907,67.06681162908357,0,0.0,4.467200354113896e-06,0.0,UNSAFE,RED
SYN_0588,8.242837577797907,67.06681162908357,10,0.0,1.4907749089840378e-06,0.0,UNSAFE,RED
SYN_0588,8.242837577797907,67.06681162908357,25,0.0,1.890010028543557e-07,0.0,UNSAFE,RED
SYN_0588,8.242837577797907,67.06681162908357,50,0.0,6.508620732830303e-07,0.0,UNSAFE,RED
SYN_0588,8.242837577797907,67.06681162908357,75,0.0,8.397145638666377e-07,0.0,UNSAFE,RED
SYN_0588,8.242837577797907,67.06681162908357,100,0.0,4.395533643750754e-07,0.0,UNSAFE,RED
SYN_0588,8.242837577797907,67.06681162908357,150,0.0,1.1008228426319213e-07,0.0,UNSAFE,RED
SYN_0588,8.242837577797907,67.06681162908357,200,0.0,3.25116538150442e-07,0.0,UNSAFE,RED
SYN_0589,9.54441388199821,69.88580589074328,0,0.0,5.918371249665912e-05,0.0,UNSAFE,RED
SYN_0589,9.54441388199821,69.88580589074328,10,0.0,7.427485696952037e-06,0.0,UNSAFE,RED
SYN_0589,9.54441388199821,69.88580589074328,25,0.0,6.420059477856569e-06,0.0,UNSAFE,RED
SYN_0589,9.54441388199821,69.88580589074328,50,0.0,1.2374948563209471e-06,0.0,UNSAFE,RED
SYN_0589,9.54441388199821,69.88580589074328,75,0.0,6.695217688373993e-07,0.0,UNSAFE,RED
SYN_0589,9.54441388199821,69.88580589074328,100,0.0,6.587065874352537e-10,0.0,UNSAFE,RED
SYN_0589,9.54441388199821,69.88580589074328,150,0.0,1.1301035893038874e-07,0.0,UNSAFE,RED
SYN_0589,9.54441388199821,69.88580589074328,200,0.0,1.8981264283261224e-07,0.0,UNSAFE,RED
SYN_0590,10.80194893522946,71.6261710864679,0,0.0,1.2695137226499473e-06,0.0,UNSAFE,RED
SYN_0590,10.80194893522946,71.6261710864679,10,0.0,1.096096388668325e-06,0.0,UNSAFE,RED
SYN_0590,10.80194893522946,71.6261710864679,25,0.0,1.759449427279398e-06,0.0,UNSAFE,RED
SYN_0590,10.80194893522946,71.6261710864679,50,0.0,1.3081674063971324e-06,0.0,UNSAFE,RED
SYN_0590,10.80194893522946,71.6261710864679,75,0.0,4.4933732414837085e-07,0.0,UNSAFE,RED
SYN_0590,10.80194893522946,71.6261710864679,100,0.0,5.795007049068645e-07,0.0,UNSAFE,RED
SYN_0590,10.80194893522946,71.6261710864679,150,0.0,5.758365614932773e-09,0.0,UNSAFE,RED
SYN_0590,10.80194893522946,71.6261710864679,200,1.2420783106419297e-05,8.906791246054518e-08,139.2965559434311,SAFE,GREEN
SYN_0591,24.556941746561137,73.53682818737957,0,0.0,3.2627446450290824e-05,0.0,UNSAFE,RED
SYN_0591,24.556941746561137,73.53682818737957,10,0.0,5.342936674785146e-06,0.0,UNSAFE,RED
SYN_0591,24.556941746561137,73.53682818737957,25,0.0,8.250221569739445e-06,0.0,UNSAFE,RED
SYN_0591,24.556941746561137,73.53682818737957,50,0.0,6.96269446969863e-07,0.0,UNSAFE,RED
SYN_0591,24.556941746561137,73.53682818737957,75,0.0,1.9919216443909475e-07,0.0,UNSAFE,RED
SYN_0591,24.556941746561137,73.53682818737957,100,0.0,1.1059478946160627e-06,0.0,UNSAFE,RED
SYN_0591,24.556941746561137,73.53682818737957,150,0.0,8.467741120254018e-08,0.0,UNSAFE,RED
SYN_0591,24.556941746561137,73.53682818737957,200,0.0,2.0918365729892124e-07,0.0,UNSAFE,RED
SYN_0592,19.631509552566676,68.48932035228779,0,0.0,1.1790893162629313e-05,0.0,UNSAFE,RED
SYN_0592,19.631509552566676,68.48932035228779,10,0.0,4.5577776354451515e-06,0.0,UNSAFE,RED
SYN_0592,19.631509552566676,68.48932035228779,25,0.0,2.5455347074799782e-06,0.0,UNSAFE,RED
SYN_0592,19.631509552566676,68.48932035228779,50,0.0,1.595935124448238e-07,0.0,UNSAFE,RED
SYN_0592,19.631509552566676,68.48932035228779,75,0.0,2.4447584757979966e-07,0.0,UNSAFE,RED
SYN_0592,19.631509552566676,68.48932035228779,100,0.0,9.174839064613861e-07,0.0,UNSAFE,RED
SYN_0592,19.631509552566676,68.48932035228779,150,0.0,7.197814721974984e-08,0.0,UNSAFE,RED
SYN_0592,19.631509552566676,68.48932035228779,200,0.0,1.1327072652828692e-06,0.0,UNSAFE,RED
SYN_0593,5.079236685418005,74.84165148441784,0,0.0,3.6213930566359715e-05,0.0,UNSAFE,RED
SYN_0593,5.079236685418005,74.84165148441784,10,0.0,9.276095863973378e-06,0.0,UNSAFE,RED
SYN_0593,5.079236685418005,74.84165148441784,25,0.0,1.2960898561655738e-06,0.0,UNSAFE,RED
SYN_0593,5.079236685418005,74.84165148441784,50,0.0,2.3277082254607524e-07,0.0,UNSAFE,RED
SYN_0593,5.079236685418005,74.84165148441784,75,0.0,5.799978205392248e-07,0.0,UNSAFE,RED
SYN_0593,5.079236685418005,74.84165148441784,100,0.0,1.349708130394723e-07,0.0,UNSAFE,RED
SYN_0593,5.079236685418005,74.84165148441784,150,0.0,3.0843429574789614e-07,0.0,UNSAFE,RED
SYN_0593,5.079236685418005,74.84165148441784,200,0.0,2.034729497218245e-06,0.0,UNSAFE,RED
SYN_0594,22.245850591084228,71.85084331318701,0,0.0,4.8131495765548294e-06,0.0,UNSAFE,RED
SYN_0594,22.245850591084228,71.85084331318701,10,0.0,6.983598250179851e-07,0.0,UNSAFE,RED
SYN_0594,22.245850591084228,71.85084331318701,25,0.0,3.0178132993215986e-07,0.0,UNSAFE,RED
SYN_0594,22.245850591084228,71.85084331318701,50,0.0,5.679443252827871e-07,0.0,UNSAFE,RED
SYN_0594,22.245850591084228,71.85084331318701,75,0.0,1.0971890495193265e-06,0.0,UNSAFE,RED
SYN_0594,22.245850591084228,71.85084331318701,100,0.0,1.7249225510617906e-06,0.0,UNSAFE,RED
SYN_0594,22.245850591084228,71.85084331318701,150,0.0,8.654612517897742e-08,0.0,UNSAFE,RED
SYN_0594,22.245850591084228,71.85084331318701,200,0.0,1.526976405903703e-07,0.0,UNSAFE,RED
SYN_0595,23.731388498066792,68.75610633671967,0,0.0,2.984813058571148e-06,0.0,UNSAFE,RED
SYN_0595,23.731388498066792,68.75610633671967,10,0.0,1.388466734132966e-07,0.0,UNSAFE,RED
SYN_0595,23.731388498066792,68.75610633671967,25,0.0,2.3471843271302124e-06,0.0,UNSAFE,RED
SYN_0595,23.731388498066792,68.75610633671967,50,0.0,3.3074349131316377e-07,0.0,UNSAFE,RED
SYN_0595,23.731388498066792,68.75610633671967,75,0.0,8.288519371566404e-07,0.0,UNSAFE,RED
SYN_0595,23.731388498066792,68.75610633671967,100,0.0,3.1508424682790264e-07,0.0,UNSAFE,RED
SYN_0595,23.731388498066792,68.75610633671967,150,0.0,1.313261116352615e-07,0.0,UNSAFE,RED
SYN_0595,23.731388498066792,68.75610633671967,200,0.0,4.3527903927997877e-07,0.0,UNSAFE,RED
SYN_0596,12.221811579905854,75.91554970811221,0,0.0,5.641610487951787e-07,0.0,UNSAFE,RED
SYN_0596,12.221811579905854,75.91554970811221,10,0.0,1.9413373148934037e-07,0.0,UNSAFE,RED
SYN_0596,12.221811579905854,75.91554970811221,25,0.0,6.689259468674976e-07,0.0,UNSAFE,RED
SYN_0596,12.221811579905854,75.91554970811221,50,0.0,7.66513403480514e-07,0.0,UNSAFE,RED
SYN_0596,12.221811579905854,75.91554970811221,75,0.0,6.352384415327969e-07,0.0,UNSAFE,RED
SYN_0596,12.221811579905854,75.91554970811221,100,0.0,1.7764939764860947e-06,0.0,UNSAFE,RED
SYN_0596,12.221811579905854,75.91554970811221,150,0.0,1.8102686278652396e-07,0.0,UNSAFE,RED
SYN_0596,12.221811579905854,75.91554970811221,200,0.0,2.8088455826000584e-07,0.0,UNSAFE,RED
SYN_0597,11.329490632757167,69.34288315679838,0,0.0,5.535244240416212e-05,0.0,UNSAFE,RED
SYN_0597,11.329490632757167,69.34288315679838,10,0.0,9.906886146043068e-06,0.0,UNSAFE,RED
SYN_0597,11.329490632757167,69.34288315679838,25,0.0,3.5517837258499897e-06,0.0,UNSAFE,RED
SYN_0597,11.329490632757167,69.34288315679838,50,0.0,4.6429234954463004e-07,0.0,UNSAFE,RED
SYN_0597,11.329490632757167,69.34288315679838,75,0.0,1.1271271709825015e-06,0.0,UNSAFE,RED
SYN_0597,11.329490632757167,69.34288315679838,100,0.0,2.9896622709671787e-06,0.0,UNSAFE,RED
SYN_0597,11.329490632757167,69.34288315679838,150,0.0,1.26505096891294e-07,0.0,UNSAFE,RED
SYN_0597,11.329490632757167,69.34288315679838,200,0.0,3.0184114113612547e-07,0.0,UNSAFE,RED
SYN_0598,23.295044492059,68.48134767326741,0,0.0,1.8325979549594383e-06,0.0,UNSAFE,RED
SYN_0598,23.295044492059,68.48134767326741,10,0.0,2.3966382023239504e-08,0.0,UNSAFE,RED
SYN_0598,23.295044492059,68.48134767326741,25,0.0,9.745468664358007e-07,0.0,UNSAFE,RED
SYN_0598,23.295044492059,68.48134767326741,50,0.0,2.3135784916812062e-07,0.0,UNSAFE,RED
SYN_0598,23.295044492059,68.48134767326741,75,0.0,1.090458628752192e-06,0.0,UNSAFE,RED
SYN_0598,23.295044492059,68.48134767326741,100,0.0,2.0801273847381083e-06,0.0,UNSAFE,RED
SYN_0598,23.295044492059,68.48134767326741,150,0.0,2.603252943029896e-07,0.0,UNSAFE,RED
SYN_0598,23.295044492059,68.48134767326741,200,0.0,2.3623060293843779e-07,0.0,UNSAFE,RED
SYN_0599,10.365426879108224,67.65172192809918,0,0.0,2.3045739794156965e-05,0.0,UNSAFE,RED
SYN_0599,10.365426879108224,67.65172192809918,10,0.0,4.798602508812385e-06,0.0,UNSAFE,RED
SYN_0599,10.365426879108224,67.65172192809918,25,0.0,2.0788615871168776e-06,0.0,UNSAFE,RED
SYN_0599,10.365426879108224,67.65172192809918,50,0.0,1.7381759656045499e-07,0.0,UNSAFE,RED
SYN_0599,10.365426879108224,67.65172192809918,75,0.0,8.256260105253497e-07,0.0,UNSAFE,RED
SYN_0599,10.365426879108224,67.65172192809918,100,0.0,2.183908902185486e-07,0.0,UNSAFE,RED
SYN_0599,10.365426879108224,67.65172192809918,150,0.0,1.682819238975518e-07,0.0,UNSAFE,RED
SYN_0599,10.365426879108224,67.65172192809918,200,0.0,2.2486838058378694e-07,0.0,UNSAFE,RED
SYN_0600,22.54077258086609,65.93627914468455,0,0.0,5.874475358893884e-05,0.0,UNSAFE,RED
SYN_0600,22.54077258086609,65.93627914468455,10,0.0,1.1981094133391316e-05,0.0,UNSAFE,RED
SYN_0600,22.54077258086609,65.93627914468455,25,0.0,3.573661302799885e-06,0.0,UNSAFE,RED
SYN_0600,22.54077258086609,65.93627914468455,50,0.0,4.4305633786119084e-07,0.0,UNSAFE,RED
SYN_0600,22.54077258086609,65.93627914468455,75,0.0,4.3097610793113614e-07,0.0,UNSAFE,RED
SYN_0600,22.54077258086609,65.93627914468455,100,0.0,2.8584835672238382e-06,0.0,UNSAFE,RED
SYN_0600,22.54077258086609,65.93627914468455,150,0.0,2.579986610011124e-08,0.0,UNSAFE,RED
SYN_0600,22.54077258086609,65.93627914468455,200,0.0,5.311038674477027e-07,0.0,UNSAFE,RED
SYN_0601,7.981795374574332,65.44278325884292,0,0.0,4.27267361536408e-06,0.0,UNSAFE,RED
SYN_0601,7.981795374574332,65.44278325884292,10,0.0,2.726867674309513e-06,0.0,UNSAFE,RED
SYN_0601,7.981795374574332,65.44278325884292,25,0.0,1.2675738034933701e-06,0.0,UNSAFE,RED
SYN_0601,7.981795374574332,65.44278325884292,50,0.0,4.022797101764677e-07,0.0,UNSAFE,RED
SYN_0601,7.981795374574332,65.44278325884292,75,0.0,6.225815120251064e-07,0.0,UNSAFE,RED
SYN_0601,7.981795374574332,65.44278325884292,100,0.0,8.00770602008896e-07,0.0,UNSAFE,RED
SYN_0601,7.981795374574332,65.44278325884292,150,0.0,1.1958753615095137e-07,0.0,UNSAFE,RED
SYN_0601,7.981795374574332,65.44278325884292,200,0.0,2.1608140528471776e-06,0.0,UNSAFE,RED
SYN_0602,23.11489271277895,84.4633291531923,0,0.0,5.6321364016331995e-05,0.0,UNSAFE,RED
SYN_0602,23.11489271277895,84.4633291531923,10,0.0,1.224485894638168e-05,0.0,UNSAFE,RED
SYN_0602,23.11489271277895,84.4633291531923,25,0.0,6.213860300950866e-06,0.0,UNSAFE,RED
SYN_0602,23.11489271277895,84.4633291531923,50,0.0,1.837997246325309e-07,0.0,UNSAFE,RED
SYN_0602,23.11489271277895,84.4633291531923,75,0.0,1.311555721748729e-06,0.0,UNSAFE,RED
SYN_0602,23.11489271277895,84.4633291531923,100,0.0,9.456438526822677e-07,0.0,UNSAFE,RED
SYN_0602,23.11489271277895,84.4633291531923,150,0.0,2.0621443496282305e-07,0.0,UNSAFE,RED
SYN_0602,23.11489271277895,84.4633291531923,200,0.0,1.4404096728980944e-07,0.0,UNSAFE,RED
SYN_0603,6.3413125708275135,75.05867874166498,0,0.0,5.59180416834105e-06,0.0,UNSAFE,RED
SYN_0603,6.3413125708275135,75.05867874166498,10,0.0,3.1213119524514506e-06,0.0,UNSAFE,RED
SYN_0603,6.3413125708275135,75.05867874166498,25,0.0,4.492051803310924e-07,0.0,UNSAFE,RED
SYN_0603,6.3413125708275135,75.05867874166498,50,0.0,5.2825884781845155e-09,0.0,UNSAFE,RED
SYN_0603,6.3413125708275135,75.05867874166498,75,0.0,9.475182900509439e-08,0.0,UNSAFE,RED
SYN_0603,6.3413125708275135,75.05867874166498,100,0.0,1.2423003377919892e-06,0.0,UNSAFE,RED
SYN_0603,6.3413125708275135,75.05867874166498,150,0.0,2.644417342403865e-08,0.0,UNSAFE,RED
SYN_0603,6.3413125708275135,75.05867874166498,200,0.0,2.255405909338208e-07,0.0,UNSAFE,RED
SYN_0604,17.3195834882089,83.84246627515009,0,0.0,1.0834904953226545e-05,0.0,UNSAFE,RED
SYN_0604,17.3195834882089,83.84246627515009,10,0.0,6.477803626541627e-06,0.0,UNSAFE,RED
SYN_0604,17.3195834882089,83.84246627515009,25,0.0,7.359391670768931e-07,0.0,UNSAFE,RED
SYN_0604,17.3195834882089,83.84246627515009,50,0.0,7.90350553771815e-08,0.0,UNSAFE,RED
SYN_0604,17.3195834882089,83.84246627515009,75,0.0,1.756199517598986e-08,0.0,UNSAFE,RED
SYN_0604,17.3195834882089,83.84246627515009,100,0.0,6.128141758171081e-07,0.0,UNSAFE,RED
SYN_0604,17.3195834882089,83.84246627515009,150,0.0,9.737080474943327e-09,0.0,UNSAFE,RED
SYN_0604,17.3195834882089,83.84246627515009,200,0.0,5.344039347887016e-07,0.0,UNSAFE,RED
SYN_0605,17.87070956571462,72.87410845858008,0,0.0,9.800727026680611e-06,0.0,UNSAFE,RED
SYN_0605,17.87070956571462,72.87410845858008,10,0.0,4.284680125624958e-06,0.0,UNSAFE,RED
SYN_0605,17.87070956571462,72.87410845858008,25,0.0,1.784126057594354e-06,0.0,UNSAFE,RED
SYN_0605,17.87070956571462,72.87410845858008,50,0.0,6.043504458527271e-07,0.0,UNSAFE,RED
SYN_0605,17.87070956571462,72.87410845858008,75,0.0,1.1167383579976885e-07,0.0,UNSAFE,RED
SYN_0605,17.87070956571462,72.87410845858008,100,0.0,1.8555983407586808e-06,0.0,UNSAFE,RED
SYN_0605,17.87070956571462,72.87410845858008,150,0.0,2.439248771708558e-07,0.0,UNSAFE,RED
SYN_0605,17.87070956571462,72.87410845858008,200,0.0,7.870437743279393e-08,0.0,UNSAFE,RED
SYN_0606,19.71949742009656,75.60186126949533,0,0.0,5.1479277767233655e-06,0.0,UNSAFE,RED
SYN_0606,19.71949742009656,75.60186126949533,10,0.0,6.336144508133901e-07,0.0,UNSAFE,RED
SYN_0606,19.71949742009656,75.60186126949533,25,0.0,2.7042457574219526e-06,0.0,UNSAFE,RED
SYN_0606,19.71949742009656,75.60186126949533,50,0.0,8.407853684396484e-07,0.0,UNSAFE,RED
SYN_0606,19.71949742009656,75.60186126949533,75,0.0,6.416115019347769e-07,0.0,UNSAFE,RED
SYN_0606,19.71949742009656,75.60186126949533,100,0.0,3.325825069437117e-07,0.0,UNSAFE,RED
SYN_0606,19.71949742009656,75.60186126949533,150,0.0,5.962052351626035e-08,0.0,UNSAFE,RED
SYN_0606,19.71949742009656,75.60186126949533,200,0.0,2.4947009238097735e-07,0.0,UNSAFE,RED
SYN_0607,17.30029716734165,67.43166614172482,0,0.0,5.325565732549973e-06,0.0,UNSAFE,RED
SYN_0607,17.30029716734165,67.43166614172482,10,0.0,1.7650292042249661e-06,0.0,UNSAFE,RED
SYN_0607,17.30029716734165,67.43166614172482,25,0.0,9.6130798882397e-07,0.0,UNSAFE,RED
SYN_0607,17.30029716734165,67.43166614172482,50,0.0,2.2988047230860365e-07,0.0,UNSAFE,RED
SYN_0607,17.30029716734165,67.43166614172482,75,0.0,4.5219192070617434e-07,0.0,UNSAFE,RED
SYN_0607,17.30029716734165,67.43166614172482,100,0.0,4.0282406695361535e-07,0.0,UNSAFE,RED
SYN_0607,17.30029716734165,67.43166614172482,150,0.0,3.883919095539206e-07,0.0,UNSAFE,RED
SYN_0607,17.30029716734165,67.43166614172482,200,0.0,1.8841933160103503e-06,0.0,UNSAFE,RED
SYN_0608,11.66635630330484,73.8026540923534,0,0.0,1.4937923864840512e-05,0.0,UNSAFE,RED
SYN_0608,11.66635630330484,73.8026540923534,10,0.0,3.6493862955531685e-06,0.0,UNSAFE,RED
SYN_0608,11.66635630330484,73.8026540923534,25,0.0,1.0049196884373362e-06,0.0,UNSAFE,RED
SYN_0608,11.66635630330484,73.8026540923534,50,0.0,1.1115344727841689e-06,0.0,UNSAFE,RED
SYN_0608,11.66635630330484,73.8026540923534,75,0.0,2.7911957229096414e-08,0.0,UNSAFE,RED
SYN_0608,11.66635630330484,73.8026540923534,100,0.0,8.118678180183442e-07,0.0,UNSAFE,RED
SYN_0608,11.66635630330484,73.8026540923534,150,0.0,1.0804023227971347e-07,0.0,UNSAFE,RED
SYN_0608,11.66635630330484,73.8026540923534,200,0.0,8.161196228512893e-09,0.0,UNSAFE,RED
SYN_0609,13.079129999860587,81.12782600922094,0,0.0,6.551073578762033e-05,0.0,UNSAFE,RED
SYN_0609,13.079129999860587,81.12782600922094,10,0.0,1.447759232452286e-05,0.0,UNSAFE,RED
SYN_0609,13.079129999860587,81.12782600922094,25,0.0,3.6750871475984295e-06,0.0,UNSAFE,RED
SYN_0609,13.079129999860587,81.12782600922094,50,0.0,5.342535669607743e-07,0.0,UNSAFE,RED
SYN_0609,13.079129999860587,81.12782600922094,75,0.0,1.0671129530309178e-06,0.0,UNSAFE,RED
SYN_0609,13.079129999860587,81.12782600922094,100,0.0,2.3602277274619834e-06,0.0,UNSAFE,RED
SYN_0609,13.079129999860587,81.12782600922094,150,0.0,1.7965869431673948e-07,0.0,UNSAFE,RED
SYN_0609,13.079129999860587,81.12782600922094,200,0.0,3.1195295756218605e-07,0.0,UNSAFE,RED
SYN_0610,11.470947165933016,70.04938595042559,0,0.0,2.1216028555784102e-05,0.0,UNSAFE,RED
SYN_0610,11.470947165933016,70.04938595042559,10,0.0,2.063599592202834e-06,0.0,UNSAFE,RED
SYN_0610,11.470947165933016,70.04938595042559,25,0.0,5.294764038554293e-06,0.0,UNSAFE,RED
SYN_0610,11.470947165933016,70.04938595042559,50,0.0,1.0713798110258458e-08,0.0,UNSAFE,RED
SYN_0610,11.470947165933016,70.04938595042559,75,0.0,1.1056318010762509e-07,0.0,UNSAFE,RED
SYN_0610,11.470947165933016,70.04938595042559,100,0.0,1.472878377556476e-07,0.0,UNSAFE,RED
SYN_0610,11.470947165933016,70.04938595042559,150,0.0,7.975657454260156e-08,0.0,UNSAFE,RED
SYN_0610,11.470947165933016,70.04938595042559,200,0.0,6.459478348572737e-07,0.0,UNSAFE,RED
SYN_0611,24.390531212797733,84.62489201364781,0,0.0,8.936039813811499e-07,0.0,UNSAFE,RED
SYN_0611,24.390531212797733,84.62489201364781,10,0.0,2.8132393991112712e-06,0.0,UNSAFE,RED
SYN_0611,24.390531212797733,84.62489201364781,25,0.0,3.008935519896889e-06,0.0,UNSAFE,RED
SYN_0611,24.390531212797733,84.62489201364781,50,0.0,1.5211950244735622e-07,0.0,UNSAFE,RED
SYN_0611,24.390531212797733,84.62489201364781,75,0.0,1.6768112701618745e-07,0.0,UNSAFE,RED
SYN_0611,24.390531212797733,84.62489201364781,100,0.0,8.431266964636822e-07,0.0,UNSAFE,RED
SYN_0611,24.390531212797733,84.62489201364781,150,0.0,1.5268873785974823e-07,0.0,UNSAFE,RED
SYN_0611,24.390531212797733,84.62489201364781,200,0.0,1.444668880406921e-07,0.0,UNSAFE,RED
SYN_0612,22.125926175979423,71.16710878457903,0,0.0,3.8911360533761354e-05,0.0,UNSAFE,RED
SYN_0612,22.125926175979423,71.16710878457903,10,0.0,8.993979975580542e-06,0.0,UNSAFE,RED
SYN_0612,22.125926175979423,71.16710878457903,25,0.0,1.8093673609401619e-06,0.0,UNSAFE,RED
SYN_0612,22.125926175979423,71.16710878457903,50,0.0,6.431927576869582e-08,0.0,UNSAFE,RED
SYN_0612,22.125926175979423,71.16710878457903,75,0.0,1.90398937519738e-08,0.0,UNSAFE,RED
SYN_0612,22.125926175979423,71.16710878457903,100,0.0,3.226652442328621e-08,0.0,UNSAFE,RED
SYN_0612,22.125926175979423,71.16710878457903,150,0.0,4.743775306030146e-08,0.0,UNSAFE,RED
SYN_0612,22.125926175979423,71.16710878457903,200,0.0,6.259881989937186e-07,0.0,UNSAFE,RED
SYN_0613,9.895589293215238,79.42413561066134,0,0.0,3.409091290231205e-05,0.0,UNSAFE,RED
SYN_0613,9.895589293215238,79.42413561066134,10,0.0,6.260727704919717e-06,0.0,UNSAFE,RED
SYN_0613,9.895589293215238,79.42413561066134,25,0.0,4.0414922827891305e-06,0.0,UNSAFE,RED
SYN_0613,9.895589293215238,79.42413561066134,50,0.0,3.148144290744609e-07,0.0,UNSAFE,RED
SYN_0613,9.895589293215238,79.42413561066134,75,0.0,2.3336207342923454e-06,0.0,UNSAFE,RED
SYN_0613,9.895589293215238,79.42413561066134,100,0.0,7.737920367557411e-07,0.0,UNSAFE,RED
SYN_0613,9.895589293215238,79.42413561066134,150,0.0,4.003383446129173e-08,0.0,UNSAFE,RED
SYN_0613,9.895589293215238,79.42413561066134,200,0.0,7.851077114727789e-08,0.0,UNSAFE,RED
SYN_0614,17.366306044630644,75.11159303659251,0,0.0,2.4350123449082284e-06,0.0,UNSAFE,RED
SYN_0614,17.366306044630644,75.11159303659251,10,0.0,1.396204928203281e-06,0.0,UNSAFE,RED
SYN_0614,17.366306044630644,75.11159303659251,25,0.0,2.3595861459069345e-06,0.0,UNSAFE,RED
SYN_0614,17.366306044630644,75.11159303659251,50,0.0,3.789095812463624e-07,0.0,UNSAFE,RED
SYN_0614,17.366306044630644,75.11159303659251,75,0.0,1.7859437488769633e-06,0.0,UNSAFE,RED
SYN_0614,17.366306044630644,75.11159303659251,100,0.0,3.0335940243446124e-07,0.0,UNSAFE,RED
SYN_0614,17.366306044630644,75.11159303659251,150,0.0,9.720127596317977e-09,0.0,UNSAFE,RED
SYN_0614,17.366306044630644,75.11159303659251,200,0.0,3.4781013952654397e-07,0.0,UNSAFE,RED
SYN_0615,7.7127440304126065,72.68461076078698,0,0.0,9.958477156691544e-06,0.0,UNSAFE,RED
SYN_0615,7.7127440304126065,72.68461076078698,10,0.0,1.2303421547280953e-06,0.0,UNSAFE,RED
SYN_0615,7.7127440304126065,72.68461076078698,25,0.0,7.400776915672296e-06,0.0,UNSAFE,RED
SYN_0615,7.7127440304126065,72.68461076078698,50,0.0,4.452555384275319e-07,0.0,UNSAFE,RED
SYN_0615,7.7127440304126065,72.68461076078698,75,0.0,9.140440308373483e-07,0.0,UNSAFE,RED
SYN_0615,7.7127440304126065,72.68461076078698,100,0.0,1.1001328033040668e-06,0.0,UNSAFE,RED
SYN_0615,7.7127440304126065,72.68461076078698,150,0.0,3.165589496787447e-07,0.0,UNSAFE,RED
SYN_0615,7.7127440304126065,72.68461076078698,200,0.0,1.6867508504212345e-06,0.0,UNSAFE,RED
SYN_0616,22.601133466681677,70.09154636427851,0,0.0,1.4886319841994287e-05,0.0,UNSAFE,RED
SYN_0616,22.601133466681677,70.09154636427851,10,0.0,3.164402747497023e-06,0.0,UNSAFE,RED
SYN_0616,22.601133466681677,70.09154636427851,25,0.0,1.2960125997555869e-06,0.0,UNSAFE,RED
SYN_0616,22.601133466681677,70.09154636427851,50,0.0,8.67879270936956e-07,0.0,UNSAFE,RED
SYN_0616,22.601133466681677,70.09154636427851,75,0.0,5.64908763169975e-07,0.0,UNSAFE,RED
SYN_0616,22.601133466681677,70.09154636427851,100,0.0,1.4988061437963e-06,0.0,UNSAFE,RED
SYN_0616,22.601133466681677,70.09154636427851,150,0.0,4.2594809148363314e-07,0.0,UNSAFE,RED
SYN_0616,22.601133466681677,70.09154636427851,200,0.0,4.244170317681589e-06,0.0,UNSAFE,RED
SYN_0617,14.173072328182757,77.5677010443501,0,0.0,7.672842903863758e-06,0.0,UNSAFE,RED
SYN_0617,14.173072328182757,77.5677010443501,10,0.0,5.927106027580382e-06,0.0,UNSAFE,RED
SYN_0617,14.173072328182757,77.5677010443501,25,0.0,7.162307923050355e-07,0.0,UNSAFE,RED
SYN_0617,14.173072328182757,77.5677010443501,50,0.0,6.53783106926673e-07,0.0,UNSAFE,RED
SYN_0617,14.173072328182757,77.5677010443501,75,0.0,7.851029002211827e-07,0.0,UNSAFE,RED
SYN_0617,14.173072328182757,77.5677010443501,100,0.0,2.1417327719229823e-06,0.0,UNSAFE,RED
SYN_0617,14.173072328182757,77.5677010443501,150,0.0,2.698225938938482e-07,0.0,UNSAFE,RED
SYN_0617,14.173072328182757,77.5677010443501,200,0.0,8.467104511393049e-07,0.0,UNSAFE,RED
SYN_0618,11.285401964418451,79.2421786570715,0,0.0,2.7337631061835484e-05,0.0,UNSAFE,RED
SYN_0618,11.285401964418451,79.2421786570715,10,0.0,4.86023056289994e-06,0.0,UNSAFE,RED
SYN_0618,11.285401964418451,79.2421786570715,25,0.0,3.232064298854766e-06,0.0,UNSAFE,RED
SYN_0618,11.285401964418451,79.2421786570715,50,0.0,5.4284291540538924e-09,0.0,UNSAFE,RED
SYN_0618,11.285401964418451,79.2421786570715,75,0.0,1.5687987619504666e-07,0.0,UNSAFE,RED
SYN_0618,11.285401964418451,79.2421786570715,100,0.0,3.6500013887206184e-07,0.0,UNSAFE,RED
SYN_0618,11.285401964418451,79.2421786570715,150,0.0,1.288264981654895e-07,0.0,UNSAFE,RED
SYN_0618,11.285401964418451,79.2421786570715,200,0.0,5.429196422836204e-07,0.0,UNSAFE,RED
SYN_0619,24.31467402472459,84.41303266095579,0,0.0,2.549199905139208e-05,0.0,UNSAFE,RED
SYN_0619,24.31467402472459,84.41303266095579,10,0.0,6.657192334508238e-06,0.0,UNSAFE,RED
SYN_0619,24.31467402472459,84.41303266095579,25,0.0,6.755530690531814e-07,0.0,UNSAFE,RED
SYN_0619,24.31467402472459,84.41303266095579,50,0.0,1.0304721998444687e-06,0.0,UNSAFE,RED
SYN_0619,24.31467402472459,84.41303266095579,75,0.0,1.5801545954025376e-07,0.0,UNSAFE,RED
SYN_0619,24.31467402472459,84.41303266095579,100,0.0,3.853979502686977e-06,0.0,UNSAFE,RED
SYN_0619,24.31467402472459,84.41303266095579,150,0.0,1.5802642917864143e-07,0.0,UNSAFE,RED
SYN_0619,24.31467402472459,84.41303266095579,200,0.0,5.279819289792719e-07,0.0,UNSAFE,RED
SYN_0620,11.892764410925968,79.25322872627406,0,0.0,1.9557471254105657e-05,0.0,UNSAFE,RED
SYN_0620,11.892764410925968,79.25322872627406,10,0.0,4.5828962174044836e-06,0.0,UNSAFE,RED
SYN_0620,11.892764410925968,79.25322872627406,25,0.0,4.24869654531967e-06,0.0,UNSAFE,RED
SYN_0620,11.892764410925968,79.25322872627406,50,0.0,4.468162905247167e-06,0.0,UNSAFE,RED
SYN_0620,11.892764410925968,79.25322872627406,75,0.0,4.912763699913571e-07,0.0,UNSAFE,RED
SYN_0620,11.892764410925968,79.25322872627406,100,0.0,3.087113080976957e-06,0.0,UNSAFE,RED
SYN_0620,11.892764410925968,79.25322872627406,150,0.0,3.959549462803961e-07,0.0,UNSAFE,RED
SYN_0620,11.892764410925968,79.25322872627406,200,0.0,5.459911366662206e-07,0.0,UNSAFE,RED
SYN_0621,8.362137224122675,79.68650626989998,0,0.0,3.859633104852999e-07,0.0,UNSAFE,RED
SYN_0621,8.362137224122675,79.68650626989998,10,0.0,2.5260132385520164e-06,0.0,UNSAFE,RED
SYN_0621,8.362137224122675,79.68650626989998,25,0.0,1.8845684898701826e-06,0.0,UNSAFE,RED
SYN_0621,8.362137224122675,79.68650626989998,50,0.0,1.8118235098447671e-06,0.0,UNSAFE,RED
SYN_0621,8.362137224122675,79.68650626989998,75,0.0,1.2604533426346646e-06,0.0,UNSAFE,RED
SYN_0621,8.362137224122675,79.68650626989998,100,0.0,7.445463455404512e-09,0.0,UNSAFE,RED
SYN_0621,8.362137224122675,79.68650626989998,150,0.0,6.397332540213178e-08,0.0,UNSAFE,RED
SYN_0621,8.362137224122675,79.68650626989998,200,0.0,4.0275532805467956e-07,0.0,UNSAFE,RED
SYN_0622,11.294973989169256,79.66720565368809,0,0.0,2.9833802821806894e-06,0.0,UNSAFE,RED
SYN_0622,11.294973989169256,79.66720565368809,10,0.0,1.416626737147041e-07,0.0,UNSAFE,RED
SYN_0622,11.294973989169256,79.66720565368809,25,0.0,4.698661620587497e-07,0.0,UNSAFE,RED
SYN_0622,11.294973989169256,79.66720565368809,50,0.0,2.9699859925047e-08,0.0,UNSAFE,RED
SYN_0622,11.294973989169256,79.66720565368809,75,0.0,2.3114514651026148e-07,0.0,UNSAFE,RED
SYN_0622,11.294973989169256,79.66720565368809,100,0.0,1.7159272608004224e-07,0.0,UNSAFE,RED
SYN_0622,11.294973989169256,79.66720565368809,150,0.0,2.5255815451865395e-07,0.0,UNSAFE,RED
SYN_0622,11.294973989169256,79.66720565368809,200,0.0,1.2428490722008405e-06,0.0,UNSAFE,RED
SYN_0623,21.84031039437016,71.8376264411223,0,0.0,3.217069950360659e-06,0.0,UNSAFE,RED
SYN_0623,21.84031039437016,71.8376264411223,10,0.0,1.5405515832810685e-06,0.0,UNSAFE,RED
SYN_0623,21.84031039437016,71.8376264411223,25,0.0,3.51525756031133e-07,0.0,UNSAFE,RED
SYN_0623,21.84031039437016,71.8376264411223,50,0.0,9.862121250181573e-08,0.0,UNSAFE,RED
SYN_0623,21.84031039437016,71.8376264411223,75,0.0,5.235937520026257e-09,0.0,UNSAFE,RED
SYN_0623,21.84031039437016,71.8376264411223,100,0.0,4.3679153094621577e-07,0.0,UNSAFE,RED
SYN_0623,21.84031039437016,71.8376264411223,150,0.0,2.53062379044338e-07,0.0,UNSAFE,RED
SYN_0623,21.84031039437016,71.8376264411223,200,0.0,2.5768384860051936e-07,0.0,UNSAFE,RED
SYN_0624,8.242638905503403,76.53639575182504,0,0.0,2.7224197584070066e-07,0.0,UNSAFE,RED
SYN_0624,8.242638905503403,76.53639575182504,10,0.0,4.013181573357031e-06,0.0,UNSAFE,RED
SYN_0624,8.242638905503403,76.53639575182504,25,0.0,3.939135371202273e-06,0.0,UNSAFE,RED
SYN_0624,8.242638905503403,76.53639575182504,50,0.0,8.017097827787475e-07,0.0,UNSAFE,RED
SYN_0624,8.242638905503403,76.53639575182504,75,0.0,1.5779376376377795e-07,0.0,UNSAFE,RED
SYN_0624,8.242638905503403,76.53639575182504,100,0.0,6.505791189245685e-07,0.0,UNSAFE,RED
SYN_0624,8.242638905503403,76.53639575182504,150,0.0,3.101109419976849e-07,0.0,UNSAFE,RED
SYN_0624,8.242638905503403,76.53639575182504,200,0.0,3.0703737877286896e-07,0.0,UNSAFE,RED
SYN_0625,20.468531134542925,67.07177309264058,0,0.0,9.697934791794492e-06,0.0,UNSAFE,RED
SYN_0625,20.468531134542925,67.07177309264058,10,0.0,1.963258632166011e-06,0.0,UNSAFE,RED
SYN_0625,20.468531134542925,67.07177309264058,25,0.0,1.6469943902622334e-06,0.0,UNSAFE,RED
SYN_0625,20.468531134542925,67.07177309264058,50,0.0,2.3020231139368498e-07,0.0,UNSAFE,RED
SYN_0625,20.468531134542925,67.07177309264058,75,0.0,5.224106227205282e-07,0.0,UNSAFE,RED
SYN_0625,20.468531134542925,67.07177309264058,100,0.0,1.2489553481102867e-06,0.0,UNSAFE,RED
SYN_0625,20.468531134542925,67.07177309264058,150,0.0,7.535265514184132e-08,0.0,UNSAFE,RED
SYN_0625,20.468531134542925,67.07177309264058,200,2.7364949661747594e-05,3.908865862907776e-07,69.98948460445705,SAFE,GREEN
SYN_0626,24.868334102142576,82.62188792766892,0,0.0,4.657012412372712e-06,0.0,UNSAFE,RED
SYN_0626,24.868334102142576,82.62188792766892,10,0.0,4.054150442309321e-06,0.0,UNSAFE,RED
SYN_0626,24.868334102142576,82.62188792766892,25,0.0,2.5400695531759643e-06,0.0,UNSAFE,RED
SYN_0626,24.868334102142576,82.62188792766892,50,0.0,1.8351841699129646e-06,0.0,UNSAFE,RED
SYN_0626,24.868334102142576,82.62188792766892,75,0.0,1.735713165614692e-06,0.0,UNSAFE,RED
SYN_0626,24.868334102142576,82.62188792766892,100,0.0,4.2159876344337694e-07,0.0,UNSAFE,RED
SYN_0626,24.868334102142576,82.62188792766892,150,0.0,5.222105467076871e-10,0.0,UNSAFE,RED
SYN_0626,24.868334102142576,82.62188792766892,200,0.0,7.850388874048113e-07,0.0,UNSAFE,RED
SYN_0627,11.713708829598312,80.21085969311613,0,0.0,8.950054572175181e-06,0.0,UNSAFE,RED
SYN_0627,11.713708829598312,80.21085969311613,10,0.0,1.6563061622601245e-06,0.0,UNSAFE,RED
SYN_0627,11.713708829598312,80.21085969311613,25,0.0,2.4048802219443867e-07,0.0,UNSAFE,RED
SYN_0627,11.713708829598312,80.21085969311613,50,0.0,1.8496665921919345e-06,0.0,UNSAFE,RED
SYN_0627,11.713708829598312,80.21085969311613,75,0.0,9.006213765485635e-07,0.0,UNSAFE,RED
SYN_0627,11.713708829598312,80.21085969311613,100,0.0,6.258655090845031e-07,0.0,UNSAFE,RED
SYN_0627,11.713708829598312,80.21085969311613,150,0.0,8.61075234488196e-08,0.0,UNSAFE,RED
SYN_0627,11.713708829598312,80.21085969311613,200,0.0,1.0693458433308503e-06,0.0,UNSAFE,RED
SYN_0628,15.953364690246929,79.22481183605879,0,0.0,1.1563867697488467e-05,0.0,UNSAFE,RED
SYN_0628,15.953364690246929,79.22481183605879,10,0.0,4.078942103733343e-06,0.0,UNSAFE,RED
SYN_0628,15.953364690246929,79.22481183605879,25,0.0,1.6001825252674667e-06,0.0,UNSAFE,RED
SYN_0628,15.953364690246929,79.22481183605879,50,0.0,7.838960421531561e-08,0.0,UNSAFE,RED
SYN_0628,15.953364690246929,79.22481183605879,75,0.0,6.902574642497361e-07,0.0,UNSAFE,RED
SYN_0628,15.953364690246929,79.22481183605879,100,0.0,2.750051449427875e-07,0.0,UNSAFE,RED
SYN_0628,15.953364690246929,79.22481183605879,150,0.0,1.894572545848785e-07,0.0,UNSAFE,RED
SYN_0628,15.953364690246929,79.22481183605879,200,0.0,1.669672003058395e-08,0.0,UNSAFE,RED
SYN_0629,20.052533148685647,81.34079557218358,0,0.0,2.0635093370035168e-05,0.0,UNSAFE,RED
SYN_0629,20.052533148685647,81.34079557218358,10,0.0,3.742452426021997e-06,0.0,UNSAFE,RED
SYN_0629,20.052533148685647,81.34079557218358,25,0.0,7.62730906513914e-06,0.0,UNSAFE,RED
SYN_0629,20.052533148685647,81.34079557218358,50,0.0,6.395762792240367e-07,0.0,UNSAFE,RED
SYN_0629,20.052533148685647,81.34079557218358,75,0.0,1.6670865754762108e-07,0.0,UNSAFE,RED
SYN_0629,20.052533148685647,81.34079557218358,100,0.0,5.843537933331504e-07,0.0,UNSAFE,RED
SYN_0629,20.052533148685647,81.34079557218358,150,0.0,3.358598781535517e-07,0.0,UNSAFE,RED
SYN_0629,20.052533148685647,81.34079557218358,200,0.0,2.3774379924766712e-06,0.0,UNSAFE,RED
SYN_0630,7.827506527621104,79.46462301909425,0,0.0,1.4081043487708858e-05,0.0,UNSAFE,RED
SYN_0630,7.827506527621104,79.46462301909425,10,0.0,3.543124673308959e-06,0.0,UNSAFE,RED
SYN_0630,7.827506527621104,79.46462301909425,25,0.0,4.779800445637427e-07,0.0,UNSAFE,RED
SYN_0630,7.827506527621104,79.46462301909425,50,0.0,7.57681887738727e-07,0.0,UNSAFE,RED
SYN_0630,7.827506527621104,79.46462301909425,75,0.0,1.3122175595626536e-07,0.0,UNSAFE,RED
SYN_0630,7.827506527621104,79.46462301909425,100,0.0,1.5863648909794658e-06,0.0,UNSAFE,RED
SYN_0630,7.827506527621104,79.46462301909425,150,0.0,9.205235930612438e-08,0.0,UNSAFE,RED
SYN_0630,7.827506527621104,79.46462301909425,200,0.0,1.0548475778368444e-06,0.0,UNSAFE,RED
SYN_0631,7.484065879275477,83.8760941798348,0,0.0,1.8897034112751258e-05,0.0,UNSAFE,RED
SYN_0631,7.484065879275477,83.8760941798348,10,0.0,7.356414901572396e-06,0.0,UNSAFE,RED
SYN_0631,7.484065879275477,83.8760941798348,25,0.0,9.480485863639676e-08,0.0,UNSAFE,RED
SYN_0631,7.484065879275477,83.8760941798348,50,0.0,1.562567312180926e-07,0.0,UNSAFE,RED
SYN_0631,7.484065879275477,83.8760941798348,75,0.0,7.725016378176189e-07,0.0,UNSAFE,RED
SYN_0631,7.484065879275477,83.8760941798348,100,0.0,2.3581114660657768e-07,0.0,UNSAFE,RED
SYN_0631,7.484065879275477,83.8760941798348,150,0.0,6.31883861111096e-08,0.0,UNSAFE,RED
SYN_0631,7.484065879275477,83.8760941798348,200,0.0,9.162356694558328e-07,0.0,UNSAFE,RED
SYN_0632,24.350993834706827,70.54775004324786,0,0.0,3.946771586020285e-05,0.0,UNSAFE,RED
SYN_0632,24.350993834706827,70.54775004324786,10,0.0,1.0776210946456381e-05,0.0,UNSAFE,RED
SYN_0632,24.350993834706827,70.54775004324786,25,0.0,2.388182461369602e-06,0.0,UNSAFE,RED
SYN_0632,24.350993834706827,70.54775004324786,50,0.0,1.278184065229918e-06,0.0,UNSAFE,RED
SYN_0632,24.350993834706827,70.54775004324786,75,0.0,4.690881832127309e-08,0.0,UNSAFE,RED
SYN_0632,24.350993834706827,70.54775004324786,100,0.0,3.4565330401697205e-07,0.0,UNSAFE,RED
SYN_0632,24.350993834706827,70.54775004324786,150,0.0,1.946363650708012e-07,0.0,UNSAFE,RED
SYN_0632,24.350993834706827,70.54775004324786,200,0.0,1.4480418733493758e-06,0.0,UNSAFE,RED
SYN_0633,6.169585272318228,73.37207234767936,0,0.0,1.285856308262158e-05,0.0,UNSAFE,RED
SYN_0633,6.169585272318228,73.37207234767936,10,0.0,1.2852919296404798e-06,0.0,UNSAFE,RED
SYN_0633,6.169585272318228,73.37207234767936,25,0.0,2.7127647422060407e-06,0.0,UNSAFE,RED
SYN_0633,6.169585272318228,73.37207234767936,50,0.0,1.898587655645435e-07,0.0,UNSAFE,RED
SYN_0633,6.169585272318228,73.37207234767936,75,0.0,8.56921473928872e-08,0.0,UNSAFE,RED
SYN_0633,6.169585272318228,73.37207234767936,100,0.0,1.7423936877002626e-07,0.0,UNSAFE,RED
SYN_0633,6.169585272318228,73.37207234767936,150,0.0,1.724693890873678e-10,0.0,UNSAFE,RED
SYN_0633,6.169585272318228,73.37207234767936,200,0.0,5.487326244278006e-07,0.0,UNSAFE,RED
SYN_0634,24.443665504771857,77.30530735941946,0,0.0,5.899188394198229e-05,0.0,UNSAFE,RED
SYN_0634,24.443665504771857,77.30530735941946,10,0.0,1.2978732638255108e-05,0.0,UNSAFE,RED
SYN_0634,24.443665504771857,77.30530735941946,25,0.0,2.6121922139329553e-06,0.0,UNSAFE,RED
SYN_0634,24.443665504771857,77.30530735941946,50,0.0,8.449031847532434e-07,0.0,UNSAFE,RED
SYN_0634,24.443665504771857,77.30530735941946,75,0.0,3.007146902889792e-07,0.0,UNSAFE,RED
SYN_0634,24.443665504771857,77.30530735941946,100,0.0,4.966676407410687e-07,0.0,UNSAFE,RED
SYN_0634,24.443665504771857,77.30530735941946,150,0.0,1.3620891140214244e-07,0.0,UNSAFE,RED
SYN_0634,24.443665504771857,77.30530735941946,200,0.0,4.541515927361158e-07,0.0,UNSAFE,RED
SYN_0635,8.417408676769508,84.78147952735694,0,0.0,3.937528238347038e-05,0.0,UNSAFE,RED
SYN_0635,8.417408676769508,84.78147952735694,10,0.0,7.264753610371239e-06,0.0,UNSAFE,RED
SYN_0635,8.417408676769508,84.78147952735694,25,0.0,5.159673218017739e-06,0.0,UNSAFE,RED
SYN_0635,8.417408676769508,84.78147952735694,50,0.0,2.4679904139969063e-06,0.0,UNSAFE,RED
SYN_0635,8.417408676769508,84.78147952735694,75,0.0,5.418345323686484e-07,0.0,UNSAFE,RED
SYN_0635,8.417408676769508,84.78147952735694,100,0.0,3.62673248193134e-06,0.0,UNSAFE,RED
SYN_0635,8.417408676769508,84.78147952735694,150,0.0,6.522549029800238e-09,0.0,UNSAFE,RED
SYN_0635,8.417408676769508,84.78147952735694,200,0.0,1.7819831361551854e-06,0.0,UNSAFE,RED
SYN_0636,14.318992527311272,68.40969727792142,0,0.0,1.2038539689044172e-05,0.0,UNSAFE,RED
SYN_0636,14.318992527311272,68.40969727792142,10,0.0,1.4016879303092262e-06,0.0,UNSAFE,RED
SYN_0636,14.318992527311272,68.40969727792142,25,0.0,6.881549966089359e-06,0.0,UNSAFE,RED
SYN_0636,14.318992527311272,68.40969727792142,50,0.0,4.634359761988491e-07,0.0,UNSAFE,RED
SYN_0636,14.318992527311272,68.40969727792142,75,0.0,5.263030172666557e-07,0.0,UNSAFE,RED
SYN_0636,14.318992527311272,68.40969727792142,100,0.0,8.553586071921428e-07,0.0,UNSAFE,RED
SYN_0636,14.318992527311272,68.40969727792142,150,0.0,3.884717396343506e-07,0.0,UNSAFE,RED
SYN_0636,14.318992527311272,68.40969727792142,200,0.0,3.5907993937502013e-07,0.0,UNSAFE,RED
SYN_0637,21.704938977710032,72.80788746138809,0,0.0,1.5143297184999132e-05,0.0,UNSAFE,RED
SYN_0637,21.704938977710032,72.80788746138809,10,0.0,1.980026018738733e-06,0.0,UNSAFE,RED
SYN_0637,21.704938977710032,72.80788746138809,25,0.0,7.302098867756367e-06,0.0,UNSAFE,RED
SYN_0637,21.704938977710032,72.80788746138809,50,0.0,1.0900162342670658e-06,0.0,UNSAFE,RED
SYN_0637,21.704938977710032,72.80788746138809,75,0.0,2.4415206935045174e-07,0.0,UNSAFE,RED
SYN_0637,21.704938977710032,72.80788746138809,100,0.0,1.3870057263037655e-06,0.0,UNSAFE,RED
SYN_0637,21.704938977710032,72.80788746138809,150,0.0,9.022307533720781e-08,0.0,UNSAFE,RED
SYN_0637,21.704938977710032,72.80788746138809,200,0.0,2.8925020568524804e-07,0.0,UNSAFE,RED
SYN_0638,5.521665733694436,75.97446976698147,0,0.0,1.3765438622908042e-05,0.0,UNSAFE,RED
SYN_0638,5.521665733694436,75.97446976698147,10,0.0,6.922009544916014e-06,0.0,UNSAFE,RED
SYN_0638,5.521665733694436,75.97446976698147,25,0.0,1.2539556614382461e-07,0.0,UNSAFE,RED
SYN_0638,5.521665733694436,75.97446976698147,50,0.0,9.548388739543874e-08,0.0,UNSAFE,RED
SYN_0638,5.521665733694436,75.97446976698147,75,0.0,3.6256757628744803e-07,0.0,UNSAFE,RED
SYN_0638,5.521665733694436,75.97446976698147,100,0.0,2.3655893636944242e-07,0.0,UNSAFE,RED
SYN_0638,5.521665733694436,75.97446976698147,150,0.0,5.842686933942689e-08,0.0,UNSAFE,RED
SYN_0638,5.521665733694436,75.97446976698147,200,0.0,6.758137525419028e-07,0.0,UNSAFE,RED
SYN_0639,20.912705843469343,80.33550399051977,0,0.0,1.8163988281000674e-05,0.0,UNSAFE,RED
SYN_0639,20.912705843469343,80.33550399051977,10,0.0,7.736511796040201e-06,0.0,UNSAFE,RED
SYN_0639,20.912705843469343,80.33550399051977,25,0.0,8.771070360286104e-07,0.0,UNSAFE,RED
SYN_0639,20.912705843469343,80.33550399051977,50,0.0,8.119034681520009e-07,0.0,UNSAFE,RED
SYN_0639,20.912705843469343,80.33550399051977,75,0.0,1.360046061002031e-06,0.0,UNSAFE,RED
SYN_0639,20.912705843469343,80.33550399051977,100,0.0,2.3516607433059884e-06,0.0,UNSAFE,RED
SYN_0639,20.912705843469343,80.33550399051977,150,0.0,2.24198223602543e-07,0.0,UNSAFE,RED
SYN_0639,20.912705843469343,80.33550399051977,200,0.0,2.0150337560871574e-07,0.0,UNSAFE,RED
SYN_0640,21.58985272970046,84.96142507184474,0,0.0,2.6326859124423676e-05,0.0,UNSAFE,RED
SYN_0640,21.58985272970046,84.96142507184474,10,0.0,1.2957423181727184e-05,0.0,UNSAFE,RED
SYN_0640,21.58985272970046,84.96142507184474,25,0.0,3.4425908072136794e-06,0.0,UNSAFE,RED
SYN_0640,21.58985272970046,84.96142507184474,50,0.0,6.063090065171142e-07,0.0,UNSAFE,RED
SYN_0640,21.58985272970046,84.96142507184474,75,0.0,7.301278609585382e-07,0.0,UNSAFE,RED
SYN_0640,21.58985272970046,84.96142507184474,100,0.0,1.4855169150366978e-06,0.0,UNSAFE,RED
SYN_0640,21.58985272970046,84.96142507184474,150,0.0,1.1066640755715767e-07,0.0,UNSAFE,RED
SYN_0640,21.58985272970046,84.96142507184474,200,0.0,2.206970980233535e-06,0.0,UNSAFE,RED
SYN_0641,8.120276320470758,82.38913881316098,0,0.0,1.9777577003519234e-06,0.0,UNSAFE,RED
SYN_0641,8.120276320470758,82.38913881316098,10,0.0,1.6595968367963627e-06,0.0,UNSAFE,RED
SYN_0641,8.120276320470758,82.38913881316098,25,0.0,8.267097368643061e-06,0.0,UNSAFE,RED
SYN_0641,8.120276320470758,82.38913881316098,50,0.0,3.248422618343727e-06,0.0,UNSAFE,RED
SYN_0641,8.120276320470758,82.38913881316098,75,0.0,1.1462813952343637e-06,0.0,UNSAFE,RED
SYN_0641,8.120276320470758,82.38913881316098,100,0.0,1.8688266107326238e-06,0.0,UNSAFE,RED
SYN_0641,8.120276320470758,82.38913881316098,150,0.0,1.8343555344074295e-08,0.0,UNSAFE,RED
SYN_0641,8.120276320470758,82.38913881316098,200,0.0,3.014730003399682e-07,0.0,UNSAFE,RED
SYN_0642,20.188228937737627,79.53498264566953,0,0.0,2.6776788541145993e-06,0.0,UNSAFE,RED
SYN_0642,20.188228937737627,79.53498264566953,10,0.0,6.123886011159034e-07,0.0,UNSAFE,RED
SYN_0642,20.188228937737627,79.53498264566953,25,0.0,2.069461504699825e-07,0.0,UNSAFE,RED
SYN_0642,20.188228937737627,79.53498264566953,50,0.0,1.5725341690034934e-07,0.0,UNSAFE,RED
SYN_0642,20.188228937737627,79.53498264566953,75,0.0,1.0722634511675267e-07,0.0,UNSAFE,RED
SYN_0642,20.188228937737627,79.53498264566953,100,0.0,2.9126832528933497e-07,0.0,UNSAFE,RED
SYN_0642,20.188228937737627,79.53498264566953,150,0.0,5.905121177312615e-08,0.0,UNSAFE,RED
SYN_0642,20.188228937737627,79.53498264566953,200,0.0,1.1316024695889692e-07,0.0,UNSAFE,RED
SYN_0643,15.750784088486649,68.82678406002681,0,0.0,1.9527406332644047e-05,0.0,UNSAFE,RED
SYN_0643,15.750784088486649,68.82678406002681,10,0.0,7.966376184870206e-06,0.0,UNSAFE,RED
SYN_0643,15.750784088486649,68.82678406002681,25,0.0,1.7618358461514909e-07,0.0,UNSAFE,RED
SYN_0643,15.750784088486649,68.82678406002681,50,0.0,7.167636900649448e-08,0.0,UNSAFE,RED
SYN_0643,15.750784088486649,68.82678406002681,75,0.0,1.2077439097840273e-07,0.0,UNSAFE,RED
SYN_0643,15.750784088486649,68.82678406002681,100,0.0,6.063245451026767e-07,0.0,UNSAFE,RED
SYN_0643,15.750784088486649,68.82678406002681,150,0.0,6.121579140309757e-08,0.0,UNSAFE,RED
SYN_0643,15.750784088486649,68.82678406002681,200,0.0,1.3959270663088072e-07,0.0,UNSAFE,RED
SYN_0644,22.892405381361343,83.73544139374171,0,0.0,1.2964734438982099e-05,0.0,UNSAFE,RED
SYN_0644,22.892405381361343,83.73544139374171,10,0.0,2.4289896803901398e-06,0.0,UNSAFE,RED
SYN_0644,22.892405381361343,83.73544139374171,25,0.0,1.3477894573371253e-06,0.0,UNSAFE,RED
SYN_0644,22.892405381361343,83.73544139374171,50,0.0,1.1244554716494505e-07,0.0,UNSAFE,RED
SYN_0644,22.892405381361343,83.73544139374171,75,0.0,2.6279037029548745e-07,0.0,UNSAFE,RED
SYN_0644,22.892405381361343,83.73544139374171,100,0.0,7.226443955635793e-07,0.0,UNSAFE,RED
SYN_0644,22.892405381361343,83.73544139374171,150,0.0,7.154941447854616e-09,0.0,UNSAFE,RED
SYN_0644,22.892405381361343,83.73544139374171,200,0.0,1.718414704802872e-06,0.0,UNSAFE,RED
SYN_0645,24.434334781321027,67.94200021006594,0,0.0,8.55921399430911e-06,0.0,UNSAFE,RED
SYN_0645,24.434334781321027,67.94200021006594,10,0.0,1.2268898752902586e-06,0.0,UNSAFE,RED
SYN_0645,24.434334781321027,67.94200021006594,25,0.0,1.1423200444860401e-06,0.0,UNSAFE,RED
SYN_0645,24.434334781321027,67.94200021006594,50,0.0,3.5639596278641107e-07,0.0,UNSAFE,RED
SYN_0645,24.434334781321027,67.94200021006594,75,0.0,1.1870241767587974e-07,0.0,UNSAFE,RED
SYN_0645,24.434334781321027,67.94200021006594,100,0.0,6.163507145754963e-07,0.0,UNSAFE,RED
SYN_0645,24.434334781321027,67.94200021006594,150,0.0,7.406689214941569e-08,0.0,UNSAFE,RED
SYN_0645,24.434334781321027,67.94200021006594,200,0.0,2.096453603013858e-06,0.0,UNSAFE,RED
SYN_0646,15.15141241905324,80.59182192015088,0,0.0,6.7453483780834204e-06,0.0,UNSAFE,RED
SYN_0646,15.15141241905324,80.59182192015088,10,0.0,1.4382920925448846e-06,0.0,UNSAFE,RED
SYN_0646,15.15141241905324,80.59182192015088,25,0.0,2.217896726007284e-06,0.0,UNSAFE,RED
SYN_0646,15.15141241905324,80.59182192015088,50,0.0,2.1819956419921346e-06,0.0,UNSAFE,RED
SYN_0646,15.15141241905324,80.59182192015088,75,0.0,2.903316151573127e-07,0.0,UNSAFE,RED
SYN_0646,15.15141241905324,80.59182192015088,100,0.0,5.068713454636573e-07,0.0,UNSAFE,RED
SYN_0646,15.15141241905324,80.59182192015088,150,0.0,4.819240380724603e-07,0.0,UNSAFE,RED
SYN_0646,15.15141241905324,80.59182192015088,200,0.0,2.5771788260007163e-06,0.0,UNSAFE,RED
SYN_0647,16.251621075293258,67.66513011666024,0,0.0,3.117812659403403e-05,0.0,UNSAFE,RED
SYN_0647,16.251621075293258,67.66513011666024,10,0.0,3.3397655230639605e-06,0.0,UNSAFE,RED
SYN_0647,16.251621075293258,67.66513011666024,25,0.0,6.125773698477774e-06,0.0,UNSAFE,RED
SYN_0647,16.251621075293258,67.66513011666024,50,0.0,3.9047021233834387e-07,0.0,UNSAFE,RED
SYN_0647,16.251621075293258,67.66513011666024,75,0.0,3.022996927060099e-07,0.0,UNSAFE,RED
SYN_0647,16.251621075293258,67.66513011666024,100,0.0,9.694383676575417e-07,0.0,UNSAFE,RED
SYN_0647,16.251621075293258,67.66513011666024,150,0.0,6.880383515684522e-09,0.0,UNSAFE,RED
SYN_0647,16.251621075293258,67.66513011666024,200,0.0,1.3433893886825285e-07,0.0,UNSAFE,RED
SYN_0648,5.173584831917504,79.20972136579128,0,0.0,1.9729443219710495e-06,0.0,UNSAFE,RED
SYN_0648,5.173584831917504,79.20972136579128,10,0.0,1.315897312796863e-07,0.0,UNSAFE,RED
SYN_0648,5.173584831917504,79.20972136579128,25,0.0,6.643855725015044e-07,0.0,UNSAFE,RED
SYN_0648,5.173584831917504,79.20972136579128,50,0.0,9.184206971710772e-08,0.0,UNSAFE,RED
SYN_0648,5.173584831917504,79.20972136579128,75,0.0,1.0409179823363002e-07,0.0,UNSAFE,RED
SYN_0648,5.173584831917504,79.20972136579128,100,0.0,7.42680577036312e-09,0.0,UNSAFE,RED
SYN_0648,5.173584831917504,79.20972136579128,150,0.0,2.3584349288781315e-07,0.0,UNSAFE,RED
SYN_0648,5.173584831917504,79.20972136579128,200,0.0,4.615557519344628e-07,0.0,UNSAFE,RED
SYN_0649,9.745169752693808,74.94261606968425,0,0.0,1.735848348599885e-05,0.0,UNSAFE,RED
SYN_0649,9.745169752693808,74.94261606968425,10,0.0,7.599852095089552e-06,0.0,UNSAFE,RED
SYN_0649,9.745169752693808,74.94261606968425,25,0.0,8.177426167698297e-07,0.0,UNSAFE,RED
SYN_0649,9.745169752693808,74.94261606968425,50,0.0,4.235591999595165e-08,0.0,UNSAFE,RED
SYN_0649,9.745169752693808,74.94261606968425,75,0.0,8.585467798365709e-07,0.0,UNSAFE,RED
SYN_0649,9.745169752693808,74.94261606968425,100,0.0,7.454274590018895e-07,0.0,UNSAFE,RED
SYN_0649,9.745169752693808,74.94261606968425,150,0.0,6.169486712977637e-09,0.0,UNSAFE,RED
SYN_0649,9.745169752693808,74.94261606968425,200,0.0,3.071693138785711e-08,0.0,UNSAFE,RED
SYN_0650,19.23969291958432,83.28534489144593,0,0.0,4.303917155157599e-05,0.0,UNSAFE,RED
SYN_0650,19.23969291958432,83.28534489144593,10,0.0,9.72252408285338e-06,0.0,UNSAFE,RED
SYN_0650,19.23969291958432,83.28534489144593,25,0.0,1.8502476509672578e-06,0.0,UNSAFE,RED
SYN_0650,19.23969291958432,83.28534489144593,50,0.0,1.3532766081357823e-07,0.0,UNSAFE,RED
SYN_0650,19.23969291958432,83.28534489144593,75,0.0,1.9255852547804925e-06,0.0,UNSAFE,RED
SYN_0650,19.23969291958432,83.28534489144593,100,0.0,2.7568600691113605e-07,0.0,UNSAFE,RED
SYN_0650,19.23969291958432,83.28534489144593,150,0.0,7.053766069026899e-08,0.0,UNSAFE,RED
SYN_0650,19.23969291958432,83.28534489144593,200,0.0,9.85732554520065e-07,0.0,UNSAFE,RED
SYN_0651,20.57158908270432,72.86933437480559,0,0.0,5.401122874730794e-06,0.0,UNSAFE,RED
SYN_0651,20.57158908270432,72.86933437480559,10,0.0,2.1293118848220895e-06,0.0,UNSAFE,RED
SYN_0651,20.57158908270432,72.86933437480559,25,0.0,2.2245708852357483e-06,0.0,UNSAFE,RED
SYN_0651,20.57158908270432,72.86933437480559,50,0.0,8.699635885787571e-09,0.0,UNSAFE,RED
SYN_0651,20.57158908270432,72.86933437480559,75,0.0,2.2167502925625834e-06,0.0,UNSAFE,RED
SYN_0651,20.57158908270432,72.86933437480559,100,0.0,2.796995594075381e-07,0.0,UNSAFE,RED
SYN_0651,20.57158908270432,72.86933437480559,150,0.0,3.4167280822462613e-07,0.0,UNSAFE,RED
SYN_0651,20.57158908270432,72.86933437480559,200,0.0,7.36685770679403e-07,0.0,UNSAFE,RED
SYN_0652,16.041533925624954,70.85499650374013,0,0.0,1.4756844447482581e-06,0.0,UNSAFE,RED
SYN_0652,16.041533925624954,70.85499650374013,10,0.0,6.457416154094629e-07,0.0,UNSAFE,RED
SYN_0652,16.041533925624954,70.85499650374013,25,0.0,2.3606137211507155e-06,0.0,UNSAFE,RED
SYN_0652,16.041533925624954,70.85499650374013,50,0.0,1.0936958792389044e-06,0.0,UNSAFE,RED
SYN_0652,16.041533925624954,70.85499650374013,75,0.0,9.600206114891048e-07,0.0,UNSAFE,RED
SYN_0652,16.041533925624954,70.85499650374013,100,0.0,1.1561400036645147e-06,0.0,UNSAFE,RED
SYN_0652,16.041533925624954,70.85499650374013,150,0.0,1.3005174835921017e-07,0.0,UNSAFE,RED
SYN_0652,16.041533925624954,70.85499650374013,200,0.0,5.477639681173099e-07,0.0,UNSAFE,RED
SYN_0653,11.823638228167324,79.95033793495013,0,0.0,3.226178114620875e-05,0.0,UNSAFE,RED
SYN_0653,11.823638228167324,79.95033793495013,10,0.0,3.4865107345458214e-06,0.0,UNSAFE,RED
SYN_0653,11.823638228167324,79.95033793495013,25,0.0,3.2476774581819965e-06,0.0,UNSAFE,RED
SYN_0653,11.823638228167324,79.95033793495013,50,0.0,1.1693473311099127e-06,0.0,UNSAFE,RED
SYN_0653,11.823638228167324,79.95033793495013,75,0.0,9.671998449481413e-07,0.0,UNSAFE,RED
SYN_0653,11.823638228167324,79.95033793495013,100,0.0,5.578673767215525e-07,0.0,UNSAFE,RED
SYN_0653,11.823638228167324,79.95033793495013,150,0.0,4.3112828637615627e-07,0.0,UNSAFE,RED
SYN_0653,11.823638228167324,79.95033793495013,200,0.0,7.784634173660495e-07,0.0,UNSAFE,RED
SYN_0654,16.37600697767516,66.9407155701985,0,0.0,2.293033827732821e-05,0.0,UNSAFE,RED
SYN_0654,16.37600697767516,66.9407155701985,10,0.0,6.312535538558766e-06,0.0,UNSAFE,RED
SYN_0654,16.37600697767516,66.9407155701985,25,0.0,6.315129362883261e-07,0.0,UNSAFE,RED
SYN_0654,16.37600697767516,66.9407155701985,50,0.0,1.0238388526929909e-06,0.0,UNSAFE,RED
SYN_0654,16.37600697767516,66.9407155701985,75,0.0,1.7584406693690141e-06,0.0,UNSAFE,RED
SYN_0654,16.37600697767516,66.9407155701985,100,0.0,2.0275865122783724e-06,0.0,UNSAFE,RED
SYN_0654,16.37600697767516,66.9407155701985,150,0.0,9.753493649331115e-07,0.0,UNSAFE,RED
SYN_0654,16.37600697767516,66.9407155701985,200,0.0,2.5019684579734663e-06,0.0,UNSAFE,RED
SYN_0655,7.080013516609213,70.57166094598301,0,0.0,1.4341536192747257e-05,0.0,UNSAFE,RED
SYN_0655,7.080013516609213,70.57166094598301,10,0.0,2.1814534261502895e-06,0.0,UNSAFE,RED
SYN_0655,7.080013516609213,70.57166094598301,25,0.0,5.372094868178825e-06,0.0,UNSAFE,RED
SYN_0655,7.080013516609213,70.57166094598301,50,0.0,4.62703239379684e-07,0.0,UNSAFE,RED
SYN_0655,7.080013516609213,70.57166094598301,75,0.0,1.4561018550820997e-06,0.0,UNSAFE,RED
SYN_0655,7.080013516609213,70.57166094598301,100,0.0,1.6882637442820016e-06,0.0,UNSAFE,RED
SYN_0655,7.080013516609213,70.57166094598301,150,0.0,1.9559108220263215e-07,0.0,UNSAFE,RED
SYN_0655,7.080013516609213,70.57166094598301,200,0.0,2.003421239658239e-07,0.0,UNSAFE,RED
SYN_0656,14.372827971671056,66.62908429468801,0,0.0,3.973793635644421e-05,0.0,UNSAFE,RED
SYN_0656,14.372827971671056,66.62908429468801,10,0.0,5.8231126331093365e-06,0.0,UNSAFE,RED
SYN_0656,14.372827971671056,66.62908429468801,25,0.0,3.0662975361687266e-06,0.0,UNSAFE,RED
SYN_0656,14.372827971671056,66.62908429468801,50,0.0,6.302923691602024e-07,0.0,UNSAFE,RED
SYN_0656,14.372827971671056,66.62908429468801,75,0.0,9.004907468259845e-07,0.0,UNSAFE,RED
SYN_0656,14.372827971671056,66.62908429468801,100,0.0,1.9826756586817473e-06,0.0,UNSAFE,RED
SYN_0656,14.372827971671056,66.62908429468801,150,0.0,3.15546341494236e-08,0.0,UNSAFE,RED
SYN_0656,14.372827971671056,66.62908429468801,200,0.0,3.914387174403843e-07,0.0,UNSAFE,RED
SYN_0657,16.477631815305152,69.86964953211641,0,0.0,1.4051425234688487e-05,0.0,UNSAFE,RED
SYN_0657,16.477631815305152,69.86964953211641,10,0.0,4.869550726002914e-06,0.0,UNSAFE,RED
SYN_0657,16.477631815305152,69.86964953211641,25,0.0,5.087663685829045e-06,0.0,UNSAFE,RED
SYN_0657,16.477631815305152,69.86964953211641,50,0.0,2.9486788778945186e-07,0.0,UNSAFE,RED
SYN_0657,16.477631815305152,69.86964953211641,75,0.0,1.828325703619995e-06,0.0,UNSAFE,RED
SYN_0657,16.477631815305152,69.86964953211641,100,0.0,6.719820182644104e-07,0.0,UNSAFE,RED
SYN_0657,16.477631815305152,69.86964953211641,150,0.0,5.489396734546763e-07,0.0,UNSAFE,RED
SYN_0657,16.477631815305152,69.86964953211641,200,0.0,1.2131489865884701e-06,0.0,UNSAFE,RED
SYN_0658,21.94912037126705,67.16373314649321,0,0.0,4.723797137658313e-05,0.0,UNSAFE,RED
SYN_0658,21.94912037126705,67.16373314649321,10,0.0,1.2144638291072003e-05,0.0,UNSAFE,RED
SYN_0658,21.94912037126705,67.16373314649321,25,0.0,1.7567806964212413e-06,0.0,UNSAFE,RED
SYN_0658,21.94912037126705,67.16373314649321,50,0.0,1.970938146199602e-07,0.0,UNSAFE,RED
SYN_0658,21.94912037126705,67.16373314649321,75,0.0,2.851600550557774e-08,0.0,UNSAFE,RED
SYN_0658,21.94912037126705,67.16373314649321,100,0.0,4.807094961174357e-07,0.0,UNSAFE,RED
SYN_0658,21.94912037126705,67.16373314649321,150,0.0,1.2266401733254715e-07,0.0,UNSAFE,RED
SYN_0658,21.94912037126705,67.16373314649321,200,0.0,1.9627562198389627e-07,0.0,UNSAFE,RED
SYN_0659,17.580606627024945,67.8488526766487,0,0.0,1.3891311772097623e-06,0.0,UNSAFE,RED
SYN_0659,17.580606627024945,67.8488526766487,10,0.0,5.467404004094216e-08,0.0,UNSAFE,RED
SYN_0659,17.580606627024945,67.8488526766487,25,0.0,2.350830029008136e-06,0.0,UNSAFE,RED
SYN_0659,17.580606627024945,67.8488526766487,50,0.0,1.0238043131814426e-07,0.0,UNSAFE,RED
SYN_0659,17.580606627024945,67.8488526766487,75,0.0,7.515230610334874e-07,0.0,UNSAFE,RED
SYN_0659,17.580606627024945,67.8488526766487,100,0.0,6.477389869652348e-07,0.0,UNSAFE,RED
SYN_0659,17.580606627024945,67.8488526766487,150,0.0,3.772559564630918e-08,0.0,UNSAFE,RED
SYN_0659,17.580606627024945,67.8488526766487,200,0.0,7.6442198695114e-08,0.0,UNSAFE,RED
SYN_0660,21.77074379595196,68.62634952164204,0,0.0,1.8158118857563485e-05,0.0,UNSAFE,RED
SYN_0660,21.77074379595196,68.62634952164204,10,0.0,5.735734825865824e-07,0.0,UNSAFE,RED
SYN_0660,21.77074379595196,68.62634952164204,25,0.0,1.147393937525964e-05,0.0,UNSAFE,RED
SYN_0660,21.77074379595196,68.62634952164204,50,0.0,5.428112758276182e-07,0.0,UNSAFE,RED
SYN_0660,21.77074379595196,68.62634952164204,75,0.0,9.787139569662821e-08,0.0,UNSAFE,RED
SYN_0660,21.77074379595196,68.62634952164204,100,0.0,6.272039129249352e-07,0.0,UNSAFE,RED
SYN_0660,21.77074379595196,68.62634952164204,150,0.0,6.662614060855962e-08,0.0,UNSAFE,RED
SYN_0660,21.77074379595196,68.62634952164204,200,0.0,5.3229523199721407e-08,0.0,UNSAFE,RED
SYN_0661,21.78472296227525,74.51663190002583,0,0.0,3.121035220177049e-05,0.0,UNSAFE,RED
SYN_0661,21.78472296227525,74.51663190002583,10,0.0,7.413293267064891e-06,0.0,UNSAFE,RED
SYN_0661,21.78472296227525,74.51663190002583,25,0.0,4.498632130627213e-06,0.0,UNSAFE,RED
SYN_0661,21.78472296227525,74.51663190002583,50,0.0,3.612547317933912e-07,0.0,UNSAFE,RED
SYN_0661,21.78472296227525,74.51663190002583,75,0.0,4.4833584298870986e-07,0.0,UNSAFE,RED
SYN_0661,21.78472296227525,74.51663190002583,100,0.0,1.6286256944027578e-06,0.0,UNSAFE,RED
SYN_0661,21.78472296227525,74.51663190002583,150,0.0,2.2998348911937447e-07,0.0,UNSAFE,RED
SYN_0661,21.78472296227525,74.51663190002583,200,0.0,2.819165436025851e-07,0.0,UNSAFE,RED
SYN_0662,14.198643932507776,72.568761760969,0,0.0,9.493903862394307e-06,0.0,UNSAFE,RED
SYN_0662,14.198643932507776,72.568761760969,10,0.0,5.029591605404258e-06,0.0,UNSAFE,RED
SYN_0662,14.198643932507776,72.568761760969,25,0.0,6.5006275527891e-06,0.0,UNSAFE,RED
SYN_0662,14.198643932507776,72.568761760969,50,0.0,2.7349476964903485e-07,0.0,UNSAFE,RED
SYN_0662,14.198643932507776,72.568761760969,75,0.0,1.296322722142277e-07,0.0,UNSAFE,RED
SYN_0662,14.198643932507776,72.568761760969,100,0.0,2.650644547918977e-07,0.0,UNSAFE,RED
SYN_0662,14.198643932507776,72.568761760969,150,0.0,2.222490704593311e-08,0.0,UNSAFE,RED
SYN_0662,14.198643932507776,72.568761760969,200,0.0,8.978964356913528e-07,0.0,UNSAFE,RED
SYN_0663,14.473295139043763,83.43166268121053,0,0.0,7.16650376797835e-07,0.0,UNSAFE,RED
SYN_0663,14.473295139043763,83.43166268121053,10,0.0,1.1126798325543111e-06,0.0,UNSAFE,RED
SYN_0663,14.473295139043763,83.43166268121053,25,0.0,4.814198885237603e-07,0.0,UNSAFE,RED
SYN_0663,14.473295139043763,83.43166268121053,50,0.0,6.384038455224278e-07,0.0,UNSAFE,RED
SYN_0663,14.473295139043763,83.43166268121053,75,0.0,1.8108449254050466e-07,0.0,UNSAFE,RED
SYN_0663,14.473295139043763,83.43166268121053,100,0.0,2.8829058869118144e-07,0.0,UNSAFE,RED
SYN_0663,14.473295139043763,83.43166268121053,150,0.0,2.722491522549558e-07,0.0,UNSAFE,RED
SYN_0663,14.473295139043763,83.43166268121053,200,0.0,1.7541900754244577e-06,0.0,UNSAFE,RED
SYN_0664,9.651370821466625,84.24523330275798,0,0.0,1.5221261613020075e-05,0.0,UNSAFE,RED
SYN_0664,9.651370821466625,84.24523330275798,10,0.0,4.6078526191148176e-06,0.0,UNSAFE,RED
SYN_0664,9.651370821466625,84.24523330275798,25,0.0,7.425541856199533e-07,0.0,UNSAFE,RED
SYN_0664,9.651370821466625,84.24523330275798,50,0.0,1.457627665458187e-07,0.0,UNSAFE,RED
SYN_0664,9.651370821466625,84.24523330275798,75,0.0,9.208508441341017e-07,0.0,UNSAFE,RED
SYN_0664,9.651370821466625,84.24523330275798,100,0.0,1.31708830096596e-06,0.0,UNSAFE,RED
SYN_0664,9.651370821466625,84.24523330275798,150,0.0,4.909631070007184e-07,0.0,UNSAFE,RED
SYN_0664,9.651370821466625,84.24523330275798,200,0.0,1.3214201055211581e-06,0.0,UNSAFE,RED
SYN_0665,5.92067563122725,70.72137884597012,0,0.0,7.501161039121872e-06,0.0,UNSAFE,RED
SYN_0665,5.92067563122725,70.72137884597012,10,0.0,5.9825034407101165e-06,0.0,UNSAFE,RED
SYN_0665,5.92067563122725,70.72137884597012,25,0.0,8.146361953191073e-07,0.0,UNSAFE,RED
SYN_0665,5.92067563122725,70.72137884597012,50,0.0,4.861613521230348e-07,0.0,UNSAFE,RED
SYN_0665,5.92067563122725,70.72137884597012,75,0.0,3.6368008691043493e-07,0.0,UNSAFE,RED
SYN_0665,5.92067563122725,70.72137884597012,100,0.0,3.4282056720991476e-07,0.0,UNSAFE,RED
SYN_0665,5.92067563122725,70.72137884597012,150,0.0,6.4568112159452e-08,0.0,UNSAFE,RED
SYN_0665,5.92067563122725,70.72137884597012,200,0.0,2.654188273448901e-07,0.0,UNSAFE,RED
SYN_0666,8.699993950039588,69.60735326849633,0,0.0,5.974472218119133e-07,0.0,UNSAFE,RED
SYN_0666,8.699993950039588,69.60735326849633,10,0.0,4.467631546980396e-07,0.0,UNSAFE,RED
SYN_0666,8.699993950039588,69.60735326849633,25,0.0,6.130690730010593e-07,0.0,UNSAFE,RED
SYN_0666,8.699993950039588,69.60735326849633,50,0.0,1.3658740787965937e-06,0.0,UNSAFE,RED
SYN_0666,8.699993950039588,69.60735326849633,75,0.0,6.442053801211468e-07,0.0,UNSAFE,RED
SYN_0666,8.699993950039588,69.60735326849633,100,0.0,1.6960671708589715e-06,0.0,UNSAFE,RED
SYN_0666,8.699993950039588,69.60735326849633,150,0.0,2.4184048202818393e-09,0.0,UNSAFE,RED
SYN_0666,8.699993950039588,69.60735326849633,200,0.0,3.844910872035647e-08,0.0,UNSAFE,RED
SYN_0667,10.784017749820096,72.3461897121736,0,0.0,9.853726354909967e-06,0.0,UNSAFE,RED
SYN_0667,10.784017749820096,72.3461897121736,10,0.0,2.1407960839227647e-06,0.0,UNSAFE,RED
SYN_0667,10.784017749820096,72.3461897121736,25,0.0,8.468415928270846e-07,0.0,UNSAFE,RED
SYN_0667,10.784017749820096,72.3461897121736,50,0.0,3.759500748823881e-07,0.0,UNSAFE,RED
SYN_0667,10.784017749820096,72.3461897121736,75,0.0,6.425956266279595e-09,0.0,UNSAFE,RED
SYN_0667,10.784017749820096,72.3461897121736,100,0.0,4.167048425437239e-07,0.0,UNSAFE,RED
SYN_0667,10.784017749820096,72.3461897121736,150,0.0,1.4119544619062396e-07,0.0,UNSAFE,RED
SYN_0667,10.784017749820096,72.3461897121736,200,0.0,8.695710715390194e-08,0.0,UNSAFE,RED
SYN_0668,21.98326140287241,76.74772381517614,0,0.0,1.2763725645231203e-06,0.0,UNSAFE,RED
SYN_0668,21.98326140287241,76.74772381517614,10,0.0,1.0808233783648594e-06,0.0,UNSAFE,RED
SYN_0668,21.98326140287241,76.74772381517614,25,0.0,2.052567283707419e-07,0.0,UNSAFE,RED
SYN_0668,21.98326140287241,76.74772381517614,50,0.0,5.219039112572755e-07,0.0,UNSAFE,RED
SYN_0668,21.98326140287241,76.74772381517614,75,0.0,3.488269484877358e-07,0.0,UNSAFE,RED
SYN_0668,21.98326140287241,76.74772381517614,100,0.0,5.025980451760927e-07,0.0,UNSAFE,RED
SYN_0668,21.98326140287241,76.74772381517614,150,0.0,2.6991356205751864e-07,0.0,UNSAFE,RED
SYN_0668,21.98326140287241,76.74772381517614,200,0.0,8.227723049224666e-07,0.0,UNSAFE,RED
SYN_0669,19.217133469325624,69.07637360369766,0,0.0,1.6831521284953932e-05,0.0,UNSAFE,RED
SYN_0669,19.217133469325624,69.07637360369766,10,0.0,5.4370790711461394e-06,0.0,UNSAFE,RED
SYN_0669,19.217133469325624,69.07637360369766,25,0.0,3.889753971901386e-07,0.0,UNSAFE,RED
SYN_0669,19.217133469325624,69.07637360369766,50,0.0,1.1904538513392586e-06,0.0,UNSAFE,RED
SYN_0669,19.217133469325624,69.07637360369766,75,0.0,8.424279074324784e-07,0.0,UNSAFE,RED
SYN_0669,19.217133469325624,69.07637360369766,100,0.0,1.9595843503692967e-06,0.0,UNSAFE,RED
SYN_0669,19.217133469325624,69.07637360369766,150,0.0,2.1542423357439338e-07,0.0,UNSAFE,RED
SYN_0669,19.217133469325624,69.07637360369766,200,0.0,6.855807988395548e-08,0.0,UNSAFE,RED
SYN_0670,19.875155242820195,81.6583655625726,0,0.0,1.816190199703823e-05,0.0,UNSAFE,RED
SYN_0670,19.875155242820195,81.6583655625726,10,0.0,7.247745406560295e-06,0.0,UNSAFE,RED
SYN_0670,19.875155242820195,81.6583655625726,25,0.0,6.199693052274645e-07,0.0,UNSAFE,RED
SYN_0670,19.875155242820195,81.6583655625726,50,0.0,6.313980146950021e-08,0.0,UNSAFE,RED
SYN_0670,19.875155242820195,81.6583655625726,75,0.0,7.592874560947084e-07,0.0,UNSAFE,RED
SYN_0670,19.875155242820195,81.6583655625726,100,0.0,1.7925712079677913e-06,0.0,UNSAFE,RED
SYN_0670,19.875155242820195,81.6583655625726,150,0.0,1.357889959093709e-08,0.0,UNSAFE,RED
SYN_0670,19.875155242820195,81.6583655625726,200,0.0,4.840882770822815e-07,0.0,UNSAFE,RED
SYN_0671,22.67845083922525,75.87554617679771,0,0.0,4.7396357478237826e-05,0.0,UNSAFE,RED
SYN_0671,22.67845083922525,75.87554617679771,10,0.0,9.684042838517851e-06,0.0,UNSAFE,RED
SYN_0671,22.67845083922525,75.87554617679771,25,0.0,4.083223487436014e-06,0.0,UNSAFE,RED
SYN_0671,22.67845083922525,75.87554617679771,50,0.0,2.9829550336521007e-07,0.0,UNSAFE,RED
SYN_0671,22.67845083922525,75.87554617679771,75,0.0,9.350265777823924e-07,0.0,UNSAFE,RED
SYN_0671,22.67845083922525,75.87554617679771,100,0.0,7.670179190106652e-07,0.0,UNSAFE,RED
SYN_0671,22.67845083922525,75.87554617679771,150,0.0,6.081080711796362e-08,0.0,UNSAFE,RED
SYN_0671,22.67845083922525,75.87554617679771,200,0.0,3.4774727024545413e-07,0.0,UNSAFE,RED
SYN_0672,23.31527728362235,73.12561218457901,0,0.0,3.943640482063368e-06,0.0,UNSAFE,RED
SYN_0672,23.31527728362235,73.12561218457901,10,0.0,6.009820084750715e-07,0.0,UNSAFE,RED
SYN_0672,23.31527728362235,73.12561218457901,25,0.0,2.276317256032394e-06,0.0,UNSAFE,RED
SYN_0672,23.31527728362235,73.12561218457901,50,0.0,2.998000811540459e-07,0.0,UNSAFE,RED
SYN_0672,23.31527728362235,73.12561218457901,75,0.0,8.638813479348515e-07,0.0,UNSAFE,RED
SYN_0672,23.31527728362235,73.12561218457901,100,0.0,9.199881527840588e-07,0.0,UNSAFE,RED
SYN_0672,23.31527728362235,73.12561218457901,150,0.0,1.3704988850299343e-07,0.0,UNSAFE,RED
SYN_0672,23.31527728362235,73.12561218457901,200,0.0,1.438455198042969e-07,0.0,UNSAFE,RED
SYN_0673,23.00309502895311,79.5044632557027,0,0.0,1.2518684970294512e-05,0.0,UNSAFE,RED
SYN_0673,23.00309502895311,79.5044632557027,10,0.0,3.978803810747548e-06,0.0,UNSAFE,RED
SYN_0673,23.00309502895311,79.5044632557027,25,0.0,3.357576183728641e-06,0.0,UNSAFE,RED
SYN_0673,23.00309502895311,79.5044632557027,50,0.0,7.784994024076828e-07,0.0,UNSAFE,RED
SYN_0673,23.00309502895311,79.5044632557027,75,0.0,6.72833549501361e-08,0.0,UNSAFE,RED
SYN_0673,23.00309502895311,79.5044632557027,100,0.0,1.1463045115469426e-06,0.0,UNSAFE,RED
SYN_0673,23.00309502895311,79.5044632557027,150,0.0,2.308014648426042e-07,0.0,UNSAFE,RED
SYN_0673,23.00309502895311,79.5044632557027,200,0.0,7.642088495854415e-07,0.0,UNSAFE,RED
SYN_0674,11.11102228446427,65.90606848122337,0,0.0,5.7940655476191936e-06,0.0,UNSAFE,RED
SYN_0674,11.11102228446427,65.90606848122337,10,0.0,1.20600441639703e-06,0.0,UNSAFE,RED
SYN_0674,11.11102228446427,65.90606848122337,25,0.0,1.429975427108038e-06,0.0,UNSAFE,RED
SYN_0674,11.11102228446427,65.90606848122337,50,0.0,3.114331739932781e-07,0.0,UNSAFE,RED
SYN_0674,11.11102228446427,65.90606848122337,75,0.0,5.576054278271299e-07,0.0,UNSAFE,RED
SYN_0674,11.11102228446427,65.90606848122337,100,0.0,7.691725887885558e-07,0.0,UNSAFE,RED
SYN_0674,11.11102228446427,65.90606848122337,150,0.0,1.962775145649563e-07,0.0,UNSAFE,RED
SYN_0674,11.11102228446427,65.90606848122337,200,0.0,2.622707793303792e-07,0.0,UNSAFE,RED
SYN_0675,13.433874274363635,67.19073209954743,0,0.0,6.386574781174261e-05,0.0,UNSAFE,RED
SYN_0675,13.433874274363635,67.19073209954743,10,0.0,1.4666791839292474e-05,0.0,UNSAFE,RED
SYN_0675,13.433874274363635,67.19073209954743,25,0.0,3.580194584879236e-06,0.0,UNSAFE,RED
SYN_0675,13.433874274363635,67.19073209954743,50,0.0,2.2896566451187592e-07,0.0,UNSAFE,RED
SYN_0675,13.433874274363635,67.19073209954743,75,0.0,5.22134896536119e-07,0.0,UNSAFE,RED
SYN_0675,13.433874274363635,67.19073209954743,100,0.0,2.3367183834423853e-06,0.0,UNSAFE,RED
SYN_0675,13.433874274363635,67.19073209954743,150,0.0,2.890442720895177e-07,0.0,UNSAFE,RED
SYN_0675,13.433874274363635,67.19073209954743,200,8.987220837628405e-07,5.339441555232824e-07,1.6828610040348235,SAFE,GREEN
SYN_0676,24.82608118822222,75.63690166718358,0,0.0,3.504356359926575e-05,0.0,UNSAFE,RED
SYN_0676,24.82608118822222,75.63690166718358,10,0.0,7.028641649913096e-06,0.0,UNSAFE,RED
SYN_0676,24.82608118822222,75.63690166718358,25,0.0,3.9531560289376865e-06,0.0,UNSAFE,RED
SYN_0676,24.82608118822222,75.63690166718358,50,0.0,2.515457950850056e-07,0.0,UNSAFE,RED
SYN_0676,24.82608118822222,75.63690166718358,75,0.0,1.1205986354232496e-06,0.0,UNSAFE,RED
SYN_0676,24.82608118822222,75.63690166718358,100,0.0,1.092239875691531e-06,0.0,UNSAFE,RED
SYN_0676,24.82608118822222,75.63690166718358,150,0.0,4.050009783746547e-08,0.0,UNSAFE,RED
SYN_0676,24.82608118822222,75.63690166718358,200,3.613069588423511e-05,3.3835521980284534e-07,106.75177621808203,SAFE,GREEN
SYN_0677,17.066348937788796,78.8965141091183,0,0.0,4.588154550544851e-06,0.0,UNSAFE,RED
SYN_0677,17.066348937788796,78.8965141091183,10,0.0,3.1390351547195187e-06,0.0,UNSAFE,RED
SYN_0677,17.066348937788796,78.8965141091183,25,0.0,1.4476011007314624e-06,0.0,UNSAFE,RED
SYN_0677,17.066348937788796,78.8965141091183,50,0.0,6.678269720996137e-07,0.0,UNSAFE,RED
SYN_0677,17.066348937788796,78.8965141091183,75,0.0,5.062283908166161e-07,0.0,UNSAFE,RED
SYN_0677,17.066348937788796,78.8965141091183,100,0.0,6.181078776348629e-07,0.0,UNSAFE,RED
SYN_0677,17.066348937788796,78.8965141091183,150,0.0,1.0989858006295393e-07,0.0,UNSAFE,RED
SYN_0677,17.066348937788796,78.8965141091183,200,0.0,1.528853648854858e-07,0.0,UNSAFE,RED
SYN_0678,17.196534308849202,76.59668467340727,0,0.0,8.012656790649633e-06,0.0,UNSAFE,RED
SYN_0678,17.196534308849202,76.59668467340727,10,0.0,1.5198546373693954e-06,0.0,UNSAFE,RED
SYN_0678,17.196534308849202,76.59668467340727,25,0.0,1.4493106197460271e-06,0.0,UNSAFE,RED
SYN_0678,17.196534308849202,76.59668467340727,50,0.0,7.63541885507689e-07,0.0,UNSAFE,RED
SYN_0678,17.196534308849202,76.59668467340727,75,0.0,7.999594139997292e-07,0.0,UNSAFE,RED
SYN_0678,17.196534308849202,76.59668467340727,100,0.0,1.2258850223194346e-06,0.0,UNSAFE,RED
SYN_0678,17.196534308849202,76.59668467340727,150,0.0,2.846206208382018e-07,0.0,UNSAFE,RED
SYN_0678,17.196534308849202,76.59668467340727,200,0.0,1.826976115537618e-06,0.0,UNSAFE,RED
SYN_0679,10.849668862098524,75.43625757495042,0,0.0,8.020553239808796e-06,0.0,UNSAFE,RED
SYN_0679,10.849668862098524,75.43625757495042,10,0.0,3.5476049143931605e-06,0.0,UNSAFE,RED
SYN_0679,10.849668862098524,75.43625757495042,25,0.0,3.0796749731125766e-07,0.0,UNSAFE,RED
SYN_0679,10.849668862098524,75.43625757495042,50,0.0,4.2230026907958614e-07,0.0,UNSAFE,RED
SYN_0679,10.849668862098524,75.43625757495042,75,0.0,2.1227252352136183e-07,0.0,UNSAFE,RED
SYN_0679,10.849668862098524,75.43625757495042,100,0.0,4.262825424531953e-07,0.0,UNSAFE,RED
SYN_0679,10.849668862098524,75.43625757495042,150,0.0,1.5258515459892513e-07,0.0,UNSAFE,RED
SYN_0679,10.849668862098524,75.43625757495042,200,0.0,8.305689600417884e-07,0.0,UNSAFE,RED
SYN_0680,13.086522456989576,74.7993035265426,0,0.0,1.574154291907564e-05,0.0,UNSAFE,RED
SYN_0680,13.086522456989576,74.7993035265426,10,0.0,2.5013641645518847e-06,0.0,UNSAFE,RED
SYN_0680,13.086522456989576,74.7993035265426,25,0.0,2.2064089241076104e-06,0.0,UNSAFE,RED
SYN_0680,13.086522456989576,74.7993035265426,50,0.0,3.7075792555357966e-07,0.0,UNSAFE,RED
SYN_0680,13.086522456989576,74.7993035265426,75,0.0,1.4097924422259555e-06,0.0,UNSAFE,RED
SYN_0680,13.086522456989576,74.7993035265426,100,0.0,1.4597263524059266e-06,0.0,UNSAFE,RED
SYN_0680,13.086522456989576,74.7993035265426,150,0.0,2.293865830027714e-07,0.0,UNSAFE,RED
SYN_0680,13.086522456989576,74.7993035265426,200,0.0,5.142952412964579e-07,0.0,UNSAFE,RED
SYN_0681,9.97004655004547,69.44021068548642,0,0.0,3.866448644039295e-05,0.0,UNSAFE,RED
SYN_0681,9.97004655004547,69.44021068548642,10,0.0,1.4090108445922875e-05,0.0,UNSAFE,RED
SYN_0681,9.97004655004547,69.44021068548642,25,0.0,1.6203389429924503e-07,0.0,UNSAFE,RED
SYN_0681,9.97004655004547,69.44021068548642,50,0.0,2.796185142929532e-08,0.0,UNSAFE,RED
SYN_0681,9.97004655004547,69.44021068548642,75,0.0,5.557328596165038e-08,0.0,UNSAFE,RED
SYN_0681,9.97004655004547,69.44021068548642,100,0.0,1.457403126195951e-08,0.0,UNSAFE,RED
SYN_0681,9.97004655004547,69.44021068548642,150,0.0,7.791220517279478e-08,0.0,UNSAFE,RED
SYN_0681,9.97004655004547,69.44021068548642,200,0.0,7.368348454452417e-07,0.0,UNSAFE,RED
SYN_0682,10.086694270120567,82.83773546354702,0,0.0,9.15798411771888e-05,0.0,UNSAFE,RED
SYN_0682,10.086694270120567,82.83773546354702,10,0.0,2.5111787847113602e-05,0.0,UNSAFE,RED
SYN_0682,10.086694270120567,82.83773546354702,25,0.0,3.380195426334388e-06,0.0,UNSAFE,RED
SYN_0682,10.086694270120567,82.83773546354702,50,0.0,2.4311517756546924e-07,0.0,UNSAFE,RED
SYN_0682,10.086694270120567,82.83773546354702,75,0.0,2.932567082402552e-06,0.0,UNSAFE,RED
SYN_0682,10.086694270120567,82.83773546354702,100,0.0,1.1460313919798842e-07,0.0,UNSAFE,RED
SYN_0682,10.086694270120567,82.83773546354702,150,0.0,5.921605233616427e-08,0.0,UNSAFE,RED
SYN_0682,10.086694270120567,82.83773546354702,200,0.0,1.814098943718118e-06,0.0,UNSAFE,RED
SYN_0683,13.156786133502202,72.06723143081848,0,0.0,1.4035480681584984e-06,0.0,UNSAFE,RED
SYN_0683,13.156786133502202,72.06723143081848,10,0.0,8.734067008720201e-07,0.0,UNSAFE,RED
SYN_0683,13.156786133502202,72.06723143081848,25,0.0,2.714082493984311e-06,0.0,UNSAFE,RED
SYN_0683,13.156786133502202,72.06723143081848,50,0.0,4.1575681341926277e-07,0.0,UNSAFE,RED
SYN_0683,13.156786133502202,72.06723143081848,75,0.0,2.4451631047184333e-07,0.0,UNSAFE,RED
SYN_0683,13.156786133502202,72.06723143081848,100,0.0,3.502767105832753e-07,0.0,UNSAFE,RED
SYN_0683,13.156786133502202,72.06723143081848,150,0.0,4.788166891073535e-08,0.0,UNSAFE,RED
SYN_0683,13.156786133502202,72.06723143081848,200,0.0,1.38959898269769e-07,0.0,UNSAFE,RED
SYN_0684,14.29910047235461,78.06916556410792,0,0.0,1.487750490719196e-06,0.0,UNSAFE,RED
SYN_0684,14.29910047235461,78.06916556410792,10,0.0,5.990762182138989e-06,0.0,UNSAFE,RED
SYN_0684,14.29910047235461,78.06916556410792,25,0.0,3.868041459607237e-06,0.0,UNSAFE,RED
SYN_0684,14.29910047235461,78.06916556410792,50,0.0,6.982255326445907e-07,0.0,UNSAFE,RED
SYN_0684,14.29910047235461,78.06916556410792,75,0.0,1.135320245975132e-07,0.0,UNSAFE,RED
SYN_0684,14.29910047235461,78.06916556410792,100,0.0,3.1295929002895215e-07,0.0,UNSAFE,RED
SYN_0684,14.29910047235461,78.06916556410792,150,0.0,3.854524816742185e-08,0.0,UNSAFE,RED
SYN_0684,14.29910047235461,78.06916556410792,200,0.0,1.0072567903312367e-06,0.0,UNSAFE,RED
SYN_0685,16.165192624971986,79.27781926148064,0,0.0,2.7833927117814245e-05,0.0,UNSAFE,RED
SYN_0685,16.165192624971986,79.27781926148064,10,0.0,7.792891067391447e-06,0.0,UNSAFE,RED
SYN_0685,16.165192624971986,79.27781926148064,25,0.0,5.264319285734674e-07,0.0,UNSAFE,RED
SYN_0685,16.165192624971986,79.27781926148064,50,0.0,5.974039268178059e-07,0.0,UNSAFE,RED
SYN_0685,16.165192624971986,79.27781926148064,75,0.0,1.3927615491297893e-08,0.0,UNSAFE,RED
SYN_0685,16.165192624971986,79.27781926148064,100,0.0,1.4743744915131628e-06,0.0,UNSAFE,RED
SYN_0685,16.165192624971986,79.27781926148064,150,0.0,3.0540839752775426e-08,0.0,UNSAFE,RED
SYN_0685,16.165192624971986,79.27781926148064,200,0.0,5.167617575929031e-07,0.0,UNSAFE,RED
SYN_0686,16.99697266420162,83.6913789342091,0,0.0,2.1665494292572117e-05,0.0,UNSAFE,RED
SYN_0686,16.99697266420162,83.6913789342091,10,0.0,7.44677405835801e-06,0.0,UNSAFE,RED
SYN_0686,16.99697266420162,83.6913789342091,25,0.0,1.694980489604788e-07,0.0,UNSAFE,RED
SYN_0686,16.99697266420162,83.6913789342091,50,0.0,1.430278873990716e-07,0.0,UNSAFE,RED
SYN_0686,16.99697266420162,83.6913789342091,75,0.0,6.157500897664364e-07,0.0,UNSAFE,RED
SYN_0686,16.99697266420162,83.6913789342091,100,0.0,9.822442663049841e-09,0.0,UNSAFE,RED
SYN_0686,16.99697266420162,83.6913789342091,150,0.0,2.229921482298243e-09,0.0,UNSAFE,RED
SYN_0686,16.99697266420162,83.6913789342091,200,0.0,2.709169878412975e-07,0.0,UNSAFE,RED
SYN_0687,18.691767953061674,77.0487051118088,0,0.0,1.2656429670652792e-05,0.0,UNSAFE,RED
SYN_0687,18.691767953061674,77.0487051118088,10,0.0,1.842764767922172e-06,0.0,UNSAFE,RED
SYN_0687,18.691767953061674,77.0487051118088,25,0.0,9.085576589826853e-07,0.0,UNSAFE,RED
SYN_0687,18.691767953061674,77.0487051118088,50,0.0,1.0590573272460178e-06,0.0,UNSAFE,RED
SYN_0687,18.691767953061674,77.0487051118088,75,0.0,1.1314619687346459e-06,0.0,UNSAFE,RED
SYN_0687,18.691767953061674,77.0487051118088,100,0.0,1.8239143690023583e-06,0.0,UNSAFE,RED
SYN_0687,18.691767953061674,77.0487051118088,150,0.0,6.672892448146004e-08,0.0,UNSAFE,RED
SYN_0687,18.691767953061674,77.0487051118088,200,0.0,1.475270704200861e-07,0.0,UNSAFE,RED
SYN_0688,9.921096840618606,69.52326500920711,0,0.0,2.3760654385203356e-05,0.0,UNSAFE,RED
SYN_0688,9.921096840618606,69.52326500920711,10,0.0,3.123166623448934e-06,0.0,UNSAFE,RED
SYN_0688,9.921096840618606,69.52326500920711,25,0.0,3.794624890733818e-06,0.0,UNSAFE,RED
SYN_0688,9.921096840618606,69.52326500920711,50,0.0,2.956054373235381e-07,0.0,UNSAFE,RED
SYN_0688,9.921096840618606,69.52326500920711,75,0.0,3.4695088247926293e-07,0.0,UNSAFE,RED
SYN_0688,9.921096840618606,69.52326500920711,100,0.0,9.37102040717157e-07,0.0,UNSAFE,RED
SYN_0688,9.921096840618606,69.52326500920711,150,0.0,1.1674904753459449e-07,0.0,UNSAFE,RED
SYN_0688,9.921096840618606,69.52326500920711,200,0.0,1.749028169949053e-06,0.0,UNSAFE,RED
SYN_0689,13.765491650935886,69.76824503589837,0,0.0,6.7655115238016695e-06,0.0,UNSAFE,RED
SYN_0689,13.765491650935886,69.76824503589837,10,0.0,1.4974285055608262e-06,0.0,UNSAFE,RED
SYN_0689,13.765491650935886,69.76824503589837,25,0.0,6.432614178547299e-07,0.0,UNSAFE,RED
SYN_0689,13.765491650935886,69.76824503589837,50,0.0,4.883414274460776e-09,0.0,UNSAFE,RED
SYN_0689,13.765491650935886,69.76824503589837,75,0.0,9.046541475285071e-07,0.0,UNSAFE,RED
SYN_0689,13.765491650935886,69.76824503589837,100,0.0,4.5634715373500853e-07,0.0,UNSAFE,RED
SYN_0689,13.765491650935886,69.76824503589837,150,0.0,5.590361560457312e-08,0.0,UNSAFE,RED
SYN_0689,13.765491650935886,69.76824503589837,200,0.0,2.7279244468815166e-07,0.0,UNSAFE,RED
SYN_0690,10.76088019569701,80.81553617145158,0,0.0,2.8456385302765886e-06,0.0,UNSAFE,RED
SYN_0690,10.76088019569701,80.81553617145158,10,0.0,3.629407626495297e-06,0.0,UNSAFE,RED
SYN_0690,10.76088019569701,80.81553617145158,25,0.0,8.264243101853102e-07,0.0,UNSAFE,RED
SYN_0690,10.76088019569701,80.81553617145158,50,0.0,4.5328195593794144e-07,0.0,UNSAFE,RED
SYN_0690,10.76088019569701,80.81553617145158,75,0.0,2.1970615191952415e-06,0.0,UNSAFE,RED
SYN_0690,10.76088019569701,80.81553617145158,100,0.0,2.3741572478252214e-07,0.0,UNSAFE,RED
SYN_0690,10.76088019569701,80.81553617145158,150,0.0,3.129902124967971e-08,0.0,UNSAFE,RED
SYN_0690,10.76088019569701,80.81553617145158,200,0.0,5.312664341222846e-07,0.0,UNSAFE,RED
SYN_0691,21.471054543531316,82.86741044281172,0,0.0,2.494158275074184e-06,0.0,UNSAFE,RED
SYN_0691,21.471054543531316,82.86741044281172,10,0.0,1.5937549052325253e-06,0.0,UNSAFE,RED
SYN_0691,21.471054543531316,82.86741044281172,25,0.0,3.1727992509180246e-08,0.0,UNSAFE,RED
SYN_0691,21.471054543531316,82.86741044281172,50,0.0,2.434869770451186e-07,0.0,UNSAFE,RED
SYN_0691,21.471054543531316,82.86741044281172,75,0.0,4.1194027914096354e-08,0.0,UNSAFE,RED
SYN_0691,21.471054543531316,82.86741044281172,100,0.0,4.401022733099887e-08,0.0,UNSAFE,RED
SYN_0691,21.471054543531316,82.86741044281172,150,0.0,1.4373605918728215e-07,0.0,UNSAFE,RED
SYN_0691,21.471054543531316,82.86741044281172,200,0.0,2.777869927313643e-07,0.0,UNSAFE,RED
SYN_0692,17.31230218777577,80.78439182855189,0,0.0,1.9922091652247237e-05,0.0,UNSAFE,RED
SYN_0692,17.31230218777577,80.78439182855189,10,0.0,4.220138803023112e-06,0.0,UNSAFE,RED
SYN_0692,17.31230218777577,80.78439182855189,25,0.0,3.8785924142169777e-07,0.0,UNSAFE,RED
SYN_0692,17.31230218777577,80.78439182855189,50,0.0,4.204347120316243e-08,0.0,UNSAFE,RED
SYN_0692,17.31230218777577,80.78439182855189,75,0.0,1.5205458173460958e-07,0.0,UNSAFE,RED
SYN_0692,17.31230218777577,80.78439182855189,100,0.0,1.948449188195631e-06,0.0,UNSAFE,RED
SYN_0692,17.31230218777577,80.78439182855189,150,0.0,2.7315621322967126e-07,0.0,UNSAFE,RED
SYN_0692,17.31230218777577,80.78439182855189,200,0.0,1.6103251480587972e-06,0.0,UNSAFE,RED
SYN_0693,18.6305946224911,69.22404982698099,0,0.0,5.292810991178916e-06,0.0,UNSAFE,RED
SYN_0693,18.6305946224911,69.22404982698099,10,0.0,6.918974156181331e-07,0.0,UNSAFE,RED
SYN_0693,18.6305946224911,69.22404982698099,25,0.0,1.6567806876005187e-06,0.0,UNSAFE,RED
SYN_0693,18.6305946224911,69.22404982698099,50,0.0,1.2950854366069366e-06,0.0,UNSAFE,RED
SYN_0693,18.6305946224911,69.22404982698099,75,0.0,1.6109407854927034e-07,0.0,UNSAFE,RED
SYN_0693,18.6305946224911,69.22404982698099,100,0.0,2.386925377157827e-06,0.0,UNSAFE,RED
SYN_0693,18.6305946224911,69.22404982698099,150,0.0,5.471232462568151e-08,0.0,UNSAFE,RED
SYN_0693,18.6305946224911,69.22404982698099,200,0.0,1.7617999100341354e-07,0.0,UNSAFE,RED
SYN_0694,17.15546447754804,80.62195510248394,0,0.0,1.5179935145899592e-06,0.0,UNSAFE,RED
SYN_0694,17.15546447754804,80.62195510248394,10,0.0,1.660521384228645e-06,0.0,UNSAFE,RED
SYN_0694,17.15546447754804,80.62195510248394,25,0.0,4.560158864680075e-06,0.0,UNSAFE,RED
SYN_0694,17.15546447754804,80.62195510248394,50,0.0,6.374345003612611e-07,0.0,UNSAFE,RED
SYN_0694,17.15546447754804,80.62195510248394,75,0.0,2.366491248360259e-06,0.0,UNSAFE,RED
SYN_0694,17.15546447754804,80.62195510248394,100,0.0,1.0960970392823257e-06,0.0,UNSAFE,RED
SYN_0694,17.15546447754804,80.62195510248394,150,0.0,3.0079869172563584e-08,0.0,UNSAFE,RED
SYN_0694,17.15546447754804,80.62195510248394,200,0.0,7.758666144993071e-09,0.0,UNSAFE,RED
SYN_0695,15.383462930021125,73.54622083574974,0,0.0,1.5792475541236676e-05,0.0,UNSAFE,RED
SYN_0695,15.383462930021125,73.54622083574974,10,0.0,2.334318060495969e-06,0.0,UNSAFE,RED
SYN_0695,15.383462930021125,73.54622083574974,25,0.0,1.6611542887015983e-06,0.0,UNSAFE,RED
SYN_0695,15.383462930021125,73.54622083574974,50,0.0,1.3447549519850936e-06,0.0,UNSAFE,RED
SYN_0695,15.383462930021125,73.54622083574974,75,0.0,5.971842599272106e-07,0.0,UNSAFE,RED
SYN_0695,15.383462930021125,73.54622083574974,100,0.0,1.105985190684964e-06,0.0,UNSAFE,RED
SYN_0695,15.383462930021125,73.54622083574974,150,0.0,1.4671710652162276e-07,0.0,UNSAFE,RED
SYN_0695,15.383462930021125,73.54622083574974,200,0.0,4.472912691362433e-07,0.0,UNSAFE,RED
SYN_0696,7.91711117767009,70.15607833983938,0,0.0,1.5893276886814717e-05,0.0,UNSAFE,RED
SYN_0696,7.91711117767009,70.15607833983938,10,0.0,3.7971033643739955e-06,0.0,UNSAFE,RED
SYN_0696,7.91711117767009,70.15607833983938,25,0.0,5.990935063297108e-07,0.0,UNSAFE,RED
SYN_0696,7.91711117767009,70.15607833983938,50,0.0,2.2840830316623408e-07,0.0,UNSAFE,RED
SYN_0696,7.91711117767009,70.15607833983938,75,0.0,2.5367451931377886e-07,0.0,UNSAFE,RED
SYN_0696,7.91711117767009,70.15607833983938,100,0.0,1.8498495403970405e-06,0.0,UNSAFE,RED
SYN_0696,7.91711117767009,70.15607833983938,150,0.0,4.535599669753776e-07,0.0,UNSAFE,RED
SYN_0696,7.91711117767009,70.15607833983938,200,0.0,2.5770109415825446e-06,0.0,UNSAFE,RED
SYN_0697,23.944556029219797,84.03562687396735,0,0.0,1.0232201613663435e-05,0.0,UNSAFE,RED
SYN_0697,23.944556029219797,84.03562687396735,10,0.0,3.1352528524798217e-06,0.0,UNSAFE,RED
SYN_0697,23.944556029219797,84.03562687396735,25,0.0,2.063048207468568e-06,0.0,UNSAFE,RED
SYN_0697,23.944556029219797,84.03562687396735,50,0.0,3.7645719739786544e-08,0.0,UNSAFE,RED
SYN_0697,23.944556029219797,84.03562687396735,75,0.0,1.6649961610317607e-06,0.0,UNSAFE,RED
SYN_0697,23.944556029219797,84.03562687396735,100,0.0,4.811230726306322e-07,0.0,UNSAFE,RED
SYN_0697,23.944556029219797,84.03562687396735,150,0.0,2.729763548256323e-07,0.0,UNSAFE,RED
SYN_0697,23.944556029219797,84.03562687396735,200,0.0,1.0305166318309203e-06,0.0,UNSAFE,RED
SYN_0698,15.811893079234975,69.98959789263537,0,0.0,3.964476705384122e-06,0.0,UNSAFE,RED
SYN_0698,15.811893079234975,69.98959789263537,10,0.0,5.71262401201541e-07,0.0,UNSAFE,RED
SYN_0698,15.811893079234975,69.98959789263537,25,0.0,7.477726229435219e-07,0.0,UNSAFE,RED
SYN_0698,15.811893079234975,69.98959789263537,50,0.0,9.763539841527857e-07,0.0,UNSAFE,RED
SYN_0698,15.811893079234975,69.98959789263537,75,0.0,7.864360636067079e-10,0.0,UNSAFE,RED
SYN_0698,15.811893079234975,69.98959789263537,100,0.0,4.1335573791509986e-07,0.0,UNSAFE,RED
SYN_0698,15.811893079234975,69.98959789263537,150,0.0,5.489255932352224e-08,0.0,UNSAFE,RED
SYN_0698,15.811893079234975,69.98959789263537,200,0.0,3.75175289091498e-07,0.0,UNSAFE,RED
SYN_0699,6.920348805671265,76.14572654000335,0,0.0,4.0876558924766775e-06,0.0,UNSAFE,RED
SYN_0699,6.920348805671265,76.14572654000335,10,0.0,1.3863630122962454e-06,0.0,UNSAFE,RED
SYN_0699,6.920348805671265,76.14572654000335,25,0.0,1.5298215756662543e-06,0.0,UNSAFE,RED
SYN_0699,6.920348805671265,76.14572654000335,50,0.0,6.385502832446873e-07,0.0,UNSAFE,RED
SYN_0699,6.920348805671265,76.14572654000335,75,0.0,5.847741964752402e-07,0.0,UNSAFE,RED
SYN_0699,6.920348805671265,76.14572654000335,100,0.0,2.1123065132774866e-06,0.0,UNSAFE,RED
SYN_0699,6.920348805671265,76.14572654000335,150,0.0,2.0999189131269695e-07,0.0,UNSAFE,RED
SYN_0699,6.920348805671265,76.14572654000335,200,0.0,5.418594943056979e-07,0.0,UNSAFE,RED
SYN_0700,12.942460512102382,66.42448057471444,0,0.0,1.9606199792769665e-05,0.0,UNSAFE,RED
SYN_0700,12.942460512102382,66.42448057471444,10,0.0,5.479680636576873e-06,0.0,UNSAFE,RED
SYN_0700,12.942460512102382,66.42448057471444,25,0.0,4.789087489642652e-07,0.0,UNSAFE,RED
SYN_0700,12.942460512102382,66.42448057471444,50,0.0,7.051784405632167e-07,0.0,UNSAFE,RED
SYN_0700,12.942460512102382,66.42448057471444,75,0.0,5.887353278148396e-07,0.0,UNSAFE,RED
SYN_0700,12.942460512102382,66.42448057471444,100,0.0,1.0863681472452627e-06,0.0,UNSAFE,RED
SYN_0700,12.942460512102382,66.42448057471444,150,0.0,8.96770052617069e-09,0.0,UNSAFE,RED
SYN_0700,12.942460512102382,66.42448057471444,200,0.0,8.795589037074919e-07,0.0,UNSAFE,RED
SYN_0701,21.745715556995226,80.68526754590562,0,0.0,6.810686623941697e-06,0.0,UNSAFE,RED
SYN_0701,21.745715556995226,80.68526754590562,10,0.0,3.174729592196386e-07,0.0,UNSAFE,RED
SYN_0701,21.745715556995226,80.68526754590562,25,0.0,2.4765243448964316e-06,0.0,UNSAFE,RED
SYN_0701,21.745715556995226,80.68526754590562,50,0.0,2.3833302381398038e-08,0.0,UNSAFE,RED
SYN_0701,21.745715556995226,80.68526754590562,75,0.0,6.722246387935456e-07,0.0,UNSAFE,RED
SYN_0701,21.745715556995226,80.68526754590562,100,0.0,2.6060238934554545e-08,0.0,UNSAFE,RED
SYN_0701,21.745715556995226,80.68526754590562,150,0.0,7.365314190937822e-08,0.0,UNSAFE,RED
SYN_0701,21.745715556995226,80.68526754590562,200,0.0,8.284859916239953e-08,0.0,UNSAFE,RED
SYN_0702,21.79816664032142,69.7272884141139,0,0.0,1.284901614889277e-05,0.0,UNSAFE,RED
SYN_0702,21.79816664032142,69.7272884141139,10,0.0,8.978901774741607e-06,0.0,UNSAFE,RED
SYN_0702,21.79816664032142,69.7272884141139,25,0.0,2.6934188254422053e-06,0.0,UNSAFE,RED
SYN_0702,21.79816664032142,69.7272884141139,50,0.0,3.1367179811962534e-07,0.0,UNSAFE,RED
SYN_0702,21.79816664032142,69.7272884141139,75,0.0,2.704310379577869e-07,0.0,UNSAFE,RED
SYN_0702,21.79816664032142,69.7272884141139,100,0.0,8.05790308486637e-07,0.0,UNSAFE,RED
SYN_0702,21.79816664032142,69.7272884141139,150,0.0,1.4324290607973824e-08,0.0,UNSAFE,RED
SYN_0702,21.79816664032142,69.7272884141139,200,0.0,5.065032526258314e-07,0.0,UNSAFE,RED
SYN_0703,9.987092602506907,65.83852708755967,0,0.0,6.953403702955648e-07,0.0,UNSAFE,RED
SYN_0703,9.987092602506907,65.83852708755967,10,0.0,1.6961795056313795e-08,0.0,UNSAFE,RED
SYN_0703,9.987092602506907,65.83852708755967,25,0.0,1.249357350149618e-06,0.0,UNSAFE,RED
SYN_0703,9.987092602506907,65.83852708755967,50,0.0,4.0922638140918443e-07,0.0,UNSAFE,RED
SYN_0703,9.987092602506907,65.83852708755967,75,0.0,1.6949478734820994e-06,0.0,UNSAFE,RED
SYN_0703,9.987092602506907,65.83852708755967,100,0.0,1.0369701112368163e-06,0.0,UNSAFE,RED
SYN_0703,9.987092602506907,65.83852708755967,150,0.0,2.523049240264075e-07,0.0,UNSAFE,RED
SYN_0703,9.987092602506907,65.83852708755967,200,0.0,8.529368766738659e-09,0.0,UNSAFE,RED
SYN_0704,12.873404579515032,84.97845016926667,0,0.0,3.7224366248415515e-05,0.0,UNSAFE,RED
SYN_0704,12.873404579515032,84.97845016926667,10,0.0,4.814129451797566e-06,0.0,UNSAFE,RED
SYN_0704,12.873404579515032,84.97845016926667,25,0.0,7.023749435992093e-06,0.0,UNSAFE,RED
SYN_0704,12.873404579515032,84.97845016926667,50,0.0,3.614569842048296e-07,0.0,UNSAFE,RED
SYN_0704,12.873404579515032,84.97845016926667,75,0.0,2.6925633605908967e-07,0.0,UNSAFE,RED
SYN_0704,12.873404579515032,84.97845016926667,100,0.0,3.369728078848474e-08,0.0,UNSAFE,RED
SYN_0704,12.873404579515032,84.97845016926667,150,0.0,1.4369000262879747e-07,0.0,UNSAFE,RED
SYN_0704,12.873404579515032,84.97845016926667,200,9.430639356778442e-06,1.915257265112249e-06,4.923697280165517,SAFE,GREEN
SYN_0705,5.041630246998405,84.36146561727485,0,0.0,6.940195892634585e-06,0.0,UNSAFE,RED
SYN_0705,5.041630246998405,84.36146561727485,10,0.0,3.3388561054099875e-06,0.0,UNSAFE,RED
SYN_0705,5.041630246998405,84.36146561727485,25,0.0,6.0134253413938816e-06,0.0,UNSAFE,RED
SYN_0705,5.041630246998405,84.36146561727485,50,0.0,4.003238405627602e-06,0.0,UNSAFE,RED
SYN_0705,5.041630246998405,84.36146561727485,75,0.0,3.1491707590152194e-07,0.0,UNSAFE,RED
SYN_0705,5.041630246998405,84.36146561727485,100,0.0,4.47405950442422e-06,0.0,UNSAFE,RED
SYN_0705,5.041630246998405,84.36146561727485,150,0.0,2.5185113964980707e-07,0.0,UNSAFE,RED
SYN_0705,5.041630246998405,84.36146561727485,200,0.0,1.2338807450177572e-07,0.0,UNSAFE,RED
SYN_0706,12.805577279771043,78.59769930209868,0,0.0,9.238262155703147e-06,0.0,UNSAFE,RED
SYN_0706,12.805577279771043,78.59769930209868,10,0.0,1.3188128994316047e-06,0.0,UNSAFE,RED
SYN_0706,12.805577279771043,78.59769930209868,25,0.0,3.3894789755899377e-06,0.0,UNSAFE,RED
SYN_0706,12.805577279771043,78.59769930209868,50,0.0,4.380985266169396e-08,0.0,UNSAFE,RED
SYN_0706,12.805577279771043,78.59769930209868,75,0.0,2.7513458371215947e-07,0.0,UNSAFE,RED
SYN_0706,12.805577279771043,78.59769930209868,100,0.0,1.1595260819537118e-06,0.0,UNSAFE,RED
SYN_0706,12.805577279771043,78.59769930209868,150,0.0,3.203683297350464e-07,0.0,UNSAFE,RED
SYN_0706,12.805577279771043,78.59769930209868,200,0.0,8.783986414944468e-07,0.0,UNSAFE,RED
SYN_0707,15.821024456611608,70.87685837519331,0,0.0,3.471799230734129e-05,0.0,UNSAFE,RED
SYN_0707,15.821024456611608,70.87685837519331,10,0.0,5.017860640095383e-06,0.0,UNSAFE,RED
SYN_0707,15.821024456611608,70.87685837519331,25,0.0,2.3596020195996824e-06,0.0,UNSAFE,RED
SYN_0707,15.821024456611608,70.87685837519331,50,0.0,3.894730083341574e-07,0.0,UNSAFE,RED
SYN_0707,15.821024456611608,70.87685837519331,75,0.0,1.5054835803368563e-07,0.0,UNSAFE,RED
SYN_0707,15.821024456611608,70.87685837519331,100,0.0,1.3163406588449306e-07,0.0,UNSAFE,RED
SYN_0707,15.821024456611608,70.87685837519331,150,0.0,1.2830617452010767e-07,0.0,UNSAFE,RED
SYN_0707,15.821024456611608,70.87685837519331,200,0.0,8.244815710222437e-08,0.0,UNSAFE,RED
SYN_0708,17.53439845899024,83.66060308533943,0,0.0,6.867803463392343e-07,0.0,UNSAFE,RED
SYN_0708,17.53439845899024,83.66060308533943,10,0.0,2.498130525053207e-06,0.0,UNSAFE,RED
SYN_0708,17.53439845899024,83.66060308533943,25,0.0,4.113842138802241e-06,0.0,UNSAFE,RED
SYN_0708,17.53439845899024,83.66060308533943,50,0.0,3.055409763110519e-07,0.0,UNSAFE,RED
SYN_0708,17.53439845899024,83.66060308533943,75,0.0,1.5672518123307675e-06,0.0,UNSAFE,RED
SYN_0708,17.53439845899024,83.66060308533943,100,0.0,8.296283736770963e-07,0.0,UNSAFE,RED
SYN_0708,17.53439845899024,83.66060308533943,150,0.0,1.3017765643299566e-07,0.0,UNSAFE,RED
SYN_0708,17.53439845899024,83.66060308533943,200,0.0,4.977694930848627e-08,0.0,UNSAFE,RED
SYN_0709,16.583932268153987,83.19868895883575,0,0.0,1.9416516364898006e-05,0.0,UNSAFE,RED
SYN_0709,16.583932268153987,83.19868895883575,10,0.0,5.8309210580741115e-06,0.0,UNSAFE,RED
SYN_0709,16.583932268153987,83.19868895883575,25,0.0,1.3849871873935913e-06,0.0,UNSAFE,RED
SYN_0709,16.583932268153987,83.19868895883575,50,0.0,1.7939332191449716e-07,0.0,UNSAFE,RED
SYN_0709,16.583932268153987,83.19868895883575,75,0.0,6.536334735969536e-07,0.0,UNSAFE,RED
SYN_0709,16.583932268153987,83.19868895883575,100,0.0,5.383342958252093e-07,0.0,UNSAFE,RED
SYN_0709,16.583932268153987,83.19868895883575,150,0.0,1.6126949286976787e-07,0.0,UNSAFE,RED
SYN_0709,16.583932268153987,83.19868895883575,200,0.0,5.064390107577138e-07,0.0,UNSAFE,RED
SYN_0710,17.50939368810643,81.74022521006033,0,0.0,3.2659602532337454e-06,0.0,UNSAFE,RED
SYN_0710,17.50939368810643,81.74022521006033,10,0.0,8.683492416775713e-07,0.0,UNSAFE,RED
SYN_0710,17.50939368810643,81.74022521006033,25,0.0,2.655305089570722e-06,0.0,UNSAFE,RED
SYN_0710,17.50939368810643,81.74022521006033,50,0.0,2.777920788579029e-07,0.0,UNSAFE,RED
SYN_0710,17.50939368810643,81.74022521006033,75,0.0,2.1539982279071253e-06,0.0,UNSAFE,RED
SYN_0710,17.50939368810643,81.74022521006033,100,0.0,2.9475503565194983e-06,0.0,UNSAFE,RED
SYN_0710,17.50939368810643,81.74022521006033,150,0.0,2.160844158029844e-07,0.0,UNSAFE,RED
SYN_0710,17.50939368810643,81.74022521006033,200,0.0,3.171465623633718e-07,0.0,UNSAFE,RED
SYN_0711,16.33293436708334,72.95132017578354,0,0.0,9.173317149731185e-06,0.0,UNSAFE,RED
SYN_0711,16.33293436708334,72.95132017578354,10,0.0,2.9533866022021722e-06,0.0,UNSAFE,RED
SYN_0711,16.33293436708334,72.95132017578354,25,0.0,3.0026039159793083e-07,0.0,UNSAFE,RED
SYN_0711,16.33293436708334,72.95132017578354,50,0.0,7.990194592286438e-07,0.0,UNSAFE,RED
SYN_0711,16.33293436708334,72.95132017578354,75,0.0,4.5534391860744086e-07,0.0,UNSAFE,RED
SYN_0711,16.33293436708334,72.95132017578354,100,0.0,1.875530749798647e-06,0.0,UNSAFE,RED
SYN_0711,16.33293436708334,72.95132017578354,150,0.0,1.4848122275798072e-07,0.0,UNSAFE,RED
SYN_0711,16.33293436708334,72.95132017578354,200,0.0,3.8419649180101665e-07,0.0,UNSAFE,RED
SYN_0712,11.185867560348871,66.19860866237784,0,0.0,1.4617807977124699e-05,0.0,UNSAFE,RED
SYN_0712,11.185867560348871,66.19860866237784,10,0.0,2.9452324739091566e-06,0.0,UNSAFE,RED
SYN_0712,11.185867560348871,66.19860866237784,25,0.0,1.3208337848894021e-07,0.0,UNSAFE,RED
SYN_0712,11.185867560348871,66.19860866237784,50,0.0,1.003347612164012e-06,0.0,UNSAFE,RED
SYN_0712,11.185867560348871,66.19860866237784,75,0.0,4.6791269008170753e-07,0.0,UNSAFE,RED
SYN_0712,11.185867560348871,66.19860866237784,100,0.0,4.070680629404251e-07,0.0,UNSAFE,RED
SYN_0712,11.185867560348871,66.19860866237784,150,0.0,2.4033433341670032e-08,0.0,UNSAFE,RED
SYN_0712,11.185867560348871,66.19860866237784,200,0.0,2.0490710366607802e-07,0.0,UNSAFE,RED
SYN_0713,8.18241885743911,71.19461199771054,0,0.0,3.165171519023472e-05,0.0,UNSAFE,RED
SYN_0713,8.18241885743911,71.19461199771054,10,0.0,9.726651214071103e-06,0.0,UNSAFE,RED
SYN_0713,8.18241885743911,71.19461199771054,25,0.0,3.224714150000846e-06,0.0,UNSAFE,RED
SYN_0713,8.18241885743911,71.19461199771054,50,0.0,3.205920530814156e-07,0.0,UNSAFE,RED
SYN_0713,8.18241885743911,71.19461199771054,75,0.0,1.1386421778593516e-06,0.0,UNSAFE,RED
SYN_0713,8.18241885743911,71.19461199771054,100,0.0,1.4688272701456184e-06,0.0,UNSAFE,RED
SYN_0713,8.18241885743911,71.19461199771054,150,0.0,3.1774547927263286e-07,0.0,UNSAFE,RED
SYN_0713,8.18241885743911,71.19461199771054,200,0.0,3.873437800266733e-07,0.0,UNSAFE,RED
SYN_0714,11.00497693832277,78.7035715636044,0,0.0,2.3288759264519683e-05,0.0,UNSAFE,RED
SYN_0714,11.00497693832277,78.7035715636044,10,0.0,2.961232883048991e-06,0.0,UNSAFE,RED
SYN_0714,11.00497693832277,78.7035715636044,25,0.0,2.2037089110437145e-06,0.0,UNSAFE,RED
SYN_0714,11.00497693832277,78.7035715636044,50,0.0,8.848110013910254e-07,0.0,UNSAFE,RED
SYN_0714,11.00497693832277,78.7035715636044,75,0.0,5.016534465483894e-07,0.0,UNSAFE,RED
SYN_0714,11.00497693832277,78.7035715636044,100,0.0,1.4217537600726027e-06,0.0,UNSAFE,RED
SYN_0714,11.00497693832277,78.7035715636044,150,0.0,1.602260342428796e-07,0.0,UNSAFE,RED
SYN_0714,11.00497693832277,78.7035715636044,200,0.0,3.2012369103213636e-08,0.0,UNSAFE,RED
SYN_0715,16.687048052497726,76.80633072997963,0,0.0,2.0373300754230246e-05,0.0,UNSAFE,RED
SYN_0715,16.687048052497726,76.80633072997963,10,0.0,2.7197822070211755e-06,0.0,UNSAFE,RED
SYN_0715,16.687048052497726,76.80633072997963,25,0.0,1.385453458564025e-06,0.0,UNSAFE,RED
SYN_0715,16.687048052497726,76.80633072997963,50,0.0,8.015152670399643e-08,0.0,UNSAFE,RED
SYN_0715,16.687048052497726,76.80633072997963,75,0.0,1.6371741685014796e-06,0.0,UNSAFE,RED
SYN_0715,16.687048052497726,76.80633072997963,100,0.0,5.201426077255825e-07,0.0,UNSAFE,RED
SYN_0715,16.687048052497726,76.80633072997963,150,0.0,1.2374561863891374e-07,0.0,UNSAFE,RED
SYN_0715,16.687048052497726,76.80633072997963,200,0.0,1.0105310239086274e-06,0.0,UNSAFE,RED
SYN_0716,17.047966363891128,73.97305214672618,0,0.0,3.302967984280545e-05,0.0,UNSAFE,RED
SYN_0716,17.047966363891128,73.97305214672618,10,0.0,1.125373141448122e-05,0.0,UNSAFE,RED
SYN_0716,17.047966363891128,73.97305214672618,25,0.0,8.196319796440887e-08,0.0,UNSAFE,RED
SYN_0716,17.047966363891128,73.97305214672618,50,0.0,4.330189863229965e-07,0.0,UNSAFE,RED
SYN_0716,17.047966363891128,73.97305214672618,75,0.0,6.191214185567313e-07,0.0,UNSAFE,RED
SYN_0716,17.047966363891128,73.97305214672618,100,0.0,1.6349909126877891e-06,0.0,UNSAFE,RED
SYN_0716,17.047966363891128,73.97305214672618,150,0.0,3.5116775121984707e-07,0.0,UNSAFE,RED
SYN_0716,17.047966363891128,73.97305214672618,200,0.0,2.9455013645505386e-07,0.0,UNSAFE,RED
SYN_0717,8.536347155595855,75.8944975331157,0,0.0,2.143223235467548e-05,0.0,UNSAFE,RED
SYN_0717,8.536347155595855,75.8944975331157,10,0.0,1.1340492702064328e-05,0.0,UNSAFE,RED
SYN_0717,8.536347155595855,75.8944975331157,25,0.0,7.922278898796264e-07,0.0,UNSAFE,RED
SYN_0717,8.536347155595855,75.8944975331157,50,0.0,3.04375509608176e-07,0.0,UNSAFE,RED
SYN_0717,8.536347155595855,75.8944975331157,75,0.0,8.900733697451383e-07,0.0,UNSAFE,RED
SYN_0717,8.536347155595855,75.8944975331157,100,0.0,1.1791343054812654e-06,0.0,UNSAFE,RED
SYN_0717,8.536347155595855,75.8944975331157,150,0.0,5.406602304934021e-07,0.0,UNSAFE,RED
SYN_0717,8.536347155595855,75.8944975331157,200,0.0,1.518016899171064e-06,0.0,UNSAFE,RED
SYN_0718,18.134064458663737,74.44284674280772,0,0.0,8.77569172808781e-06,0.0,UNSAFE,RED
SYN_0718,18.134064458663737,74.44284674280772,10,0.0,1.673882355823393e-06,0.0,UNSAFE,RED
SYN_0718,18.134064458663737,74.44284674280772,25,0.0,4.225831055840595e-07,0.0,UNSAFE,RED
SYN_0718,18.134064458663737,74.44284674280772,50,0.0,8.69120639085466e-08,0.0,UNSAFE,RED
SYN_0718,18.134064458663737,74.44284674280772,75,0.0,3.155103624516481e-07,0.0,UNSAFE,RED
SYN_0718,18.134064458663737,74.44284674280772,100,0.0,4.5376297520334715e-07,0.0,UNSAFE,RED
SYN_0718,18.134064458663737,74.44284674280772,150,0.0,4.917989689129051e-09,0.0,UNSAFE,RED
SYN_0718,18.134064458663737,74.44284674280772,200,0.0,4.2910215065552104e-07,0.0,UNSAFE,RED
SYN_0719,10.50439846876171,81.40548587819492,0,0.0,3.9371402236903805e-05,0.0,UNSAFE,RED
SYN_0719,10.50439846876171,81.40548587819492,10,0.0,7.285822721657985e-06,0.0,UNSAFE,RED
SYN_0719,10.50439846876171,81.40548587819492,25,0.0,1.9234249880843354e-06,0.0,UNSAFE,RED
SYN_0719,10.50439846876171,81.40548587819492,50,0.0,2.0872952923726015e-07,0.0,UNSAFE,RED
SYN_0719,10.50439846876171,81.40548587819492,75,0.0,6.729950647095399e-07,0.0,UNSAFE,RED
SYN_0719,10.50439846876171,81.40548587819492,100,0.0,7.748806692631366e-07,0.0,UNSAFE,RED
SYN_0719,10.50439846876171,81.40548587819492,150,0.0,5.136541883962342e-07,0.0,UNSAFE,RED
SYN_0719,10.50439846876171,81.40548587819492,200,0.0,1.0877617529550586e-06,0.0,UNSAFE,RED
SYN_0720,19.181551405201517,76.76084009086856,0,0.0,1.1144939385786168e-05,0.0,UNSAFE,RED
SYN_0720,19.181551405201517,76.76084009086856,10,0.0,2.6354350125293077e-06,0.0,UNSAFE,RED
SYN_0720,19.181551405201517,76.76084009086856,25,0.0,1.2595513642590523e-06,0.0,UNSAFE,RED
SYN_0720,19.181551405201517,76.76084009086856,50,0.0,5.8441329857890906e-08,0.0,UNSAFE,RED
SYN_0720,19.181551405201517,76.76084009086856,75,0.0,1.920414414104131e-07,0.0,UNSAFE,RED
SYN_0720,19.181551405201517,76.76084009086856,100,0.0,4.12161133267227e-08,0.0,UNSAFE,RED
SYN_0720,19.181551405201517,76.76084009086856,150,0.0,1.0128178524225807e-07,0.0,UNSAFE,RED
SYN_0720,19.181551405201517,76.76084009086856,200,0.0,1.5361832443348905e-07,0.0,UNSAFE,RED
SYN_0721,12.50482813780497,72.71721626683204,0,0.0,1.4457027061702713e-05,0.0,UNSAFE,RED
SYN_0721,12.50482813780497,72.71721626683204,10,0.0,3.2123338966609346e-06,0.0,UNSAFE,RED
SYN_0721,12.50482813780497,72.71721626683204,25,0.0,1.694256527820952e-06,0.0,UNSAFE,RED
SYN_0721,12.50482813780497,72.71721626683204,50,0.0,1.636105667834357e-07,0.0,UNSAFE,RED
SYN_0721,12.50482813780497,72.71721626683204,75,0.0,2.4521131429633285e-07,0.0,UNSAFE,RED
SYN_0721,12.50482813780497,72.71721626683204,100,0.0,8.132096180249305e-07,0.0,UNSAFE,RED
SYN_0721,12.50482813780497,72.71721626683204,150,0.0,2.6941250977925676e-08,0.0,UNSAFE,RED
SYN_0721,12.50482813780497,72.71721626683204,200,0.0,8.776767176061863e-07,0.0,UNSAFE,RED
SYN_0722,16.630316686437574,83.02750336756823,0,0.0,1.163843493951092e-05,0.0,UNSAFE,RED
SYN_0722,16.630316686437574,83.02750336756823,10,0.0,1.8133180626830458e-06,0.0,UNSAFE,RED
SYN_0722,16.630316686437574,83.02750336756823,25,0.0,7.959552962192008e-07,0.0,UNSAFE,RED
SYN_0722,16.630316686437574,83.02750336756823,50,0.0,1.83263092878798e-07,0.0,UNSAFE,RED
SYN_0722,16.630316686437574,83.02750336756823,75,0.0,4.315746688031781e-07,0.0,UNSAFE,RED
SYN_0722,16.630316686437574,83.02750336756823,100,0.0,1.0045712209086883e-06,0.0,UNSAFE,RED
SYN_0722,16.630316686437574,83.02750336756823,150,0.0,2.7952121171764396e-07,0.0,UNSAFE,RED
SYN_0722,16.630316686437574,83.02750336756823,200,0.0,7.253668640366395e-07,0.0,UNSAFE,RED
SYN_0723,19.948850506411183,81.16211329090547,0,0.0,1.7169164803569715e-05,0.0,UNSAFE,RED
SYN_0723,19.948850506411183,81.16211329090547,10,0.0,2.7081918169695966e-06,0.0,UNSAFE,RED
SYN_0723,19.948850506411183,81.16211329090547,25,0.0,4.049912537573024e-06,0.0,UNSAFE,RED
SYN_0723,19.948850506411183,81.16211329090547,50,0.0,2.599616713758007e-07,0.0,UNSAFE,RED
SYN_0723,19.948850506411183,81.16211329090547,75,0.0,1.1389444998852703e-06,0.0,UNSAFE,RED
SYN_0723,19.948850506411183,81.16211329090547,100,0.0,1.4229216833072103e-06,0.0,UNSAFE,RED
SYN_0723,19.948850506411183,81.16211329090547,150,0.0,6.277336582771971e-08,0.0,UNSAFE,RED
SYN_0723,19.948850506411183,81.16211329090547,200,0.0,5.495547450204356e-07,0.0,UNSAFE,RED
SYN_0724,7.286599893256707,70.47143147110549,0,0.0,1.6594205240003148e-05,0.0,UNSAFE,RED
SYN_0724,7.286599893256707,70.47143147110549,10,0.0,3.3822099930103877e-06,0.0,UNSAFE,RED
SYN_0724,7.286599893256707,70.47143147110549,25,0.0,1.4365800375582752e-06,0.0,UNSAFE,RED
SYN_0724,7.286599893256707,70.47143147110549,50,0.0,1.695188988082464e-08,0.0,UNSAFE,RED
SYN_0724,7.286599893256707,70.47143147110549,75,0.0,1.4260724315486722e-06,0.0,UNSAFE,RED
SYN_0724,7.286599893256707,70.47143147110549,100,0.0,6.242325018601478e-07,0.0,UNSAFE,RED
SYN_0724,7.286599893256707,70.47143147110549,150,0.0,5.643497304771383e-09,0.0,UNSAFE,RED
SYN_0724,7.286599893256707,70.47143147110549,200,0.0,2.1276183552442731e-07,0.0,UNSAFE,RED
SYN_0725,14.37380134458282,77.708251662707,0,0.0,5.081524204384777e-06,0.0,UNSAFE,RED
SYN_0725,14.37380134458282,77.708251662707,10,0.0,4.767179521281645e-06,0.0,UNSAFE,RED
SYN_0725,14.37380134458282,77.708251662707,25,0.0,1.1873736398303215e-06,0.0,UNSAFE,RED
SYN_0725,14.37380134458282,77.708251662707,50,0.0,3.4117703701317733e-07,0.0,UNSAFE,RED
SYN_0725,14.37380134458282,77.708251662707,75,0.0,2.528624577502217e-07,0.0,UNSAFE,RED
SYN_0725,14.37380134458282,77.708251662707,100,0.0,1.1218951104293638e-06,0.0,UNSAFE,RED
SYN_0725,14.37380134458282,77.708251662707,150,0.0,1.3231940709169873e-07,0.0,UNSAFE,RED
SYN_0725,14.37380134458282,77.708251662707,200,0.0,6.12688384971397e-07,0.0,UNSAFE,RED
SYN_0726,16.69558462127904,68.9290186674524,0,0.0,8.98135888895742e-06,0.0,UNSAFE,RED
SYN_0726,16.69558462127904,68.9290186674524,10,0.0,1.6854440750990053e-06,0.0,UNSAFE,RED
SYN_0726,16.69558462127904,68.9290186674524,25,0.0,9.438136211968558e-07,0.0,UNSAFE,RED
SYN_0726,16.69558462127904,68.9290186674524,50,0.0,1.434384511225475e-07,0.0,UNSAFE,RED
SYN_0726,16.69558462127904,68.9290186674524,75,0.0,2.0351903338918363e-06,0.0,UNSAFE,RED
SYN_0726,16.69558462127904,68.9290186674524,100,0.0,1.1920005570569873e-06,0.0,UNSAFE,RED
SYN_0726,16.69558462127904,68.9290186674524,150,0.0,1.1648479006523517e-06,0.0,UNSAFE,RED
SYN_0726,16.69558462127904,68.9290186674524,200,4.525074670753905e-05,2.1005081948696253e-06,21.54173577826471,SAFE,GREEN
SYN_0727,12.175957143147052,79.33596058607905,0,0.0,8.902059538487463e-05,0.0,UNSAFE,RED
SYN_0727,12.175957143147052,79.33596058607905,10,0.0,2.052793793708007e-05,0.0,UNSAFE,RED
SYN_0727,12.175957143147052,79.33596058607905,25,0.0,1.4924999878976377e-05,0.0,UNSAFE,RED
SYN_0727,12.175957143147052,79.33596058607905,50,0.0,1.2249900517543105e-06,0.0,UNSAFE,RED
SYN_0727,12.175957143147052,79.33596058607905,75,0.0,6.25984122811829e-07,0.0,UNSAFE,RED
SYN_0727,12.175957143147052,79.33596058607905,100,0.0,4.6676849328548285e-07,0.0,UNSAFE,RED
SYN_0727,12.175957143147052,79.33596058607905,150,0.0,3.4664806389823e-07,0.0,UNSAFE,RED
SYN_0727,12.175957143147052,79.33596058607905,200,0.0,6.619048952177906e-07,0.0,UNSAFE,RED
SYN_0728,12.350791773043648,66.39122366972829,0,0.0,1.104920332013733e-05,0.0,UNSAFE,RED
SYN_0728,12.350791773043648,66.39122366972829,10,0.0,2.5183989771964412e-06,0.0,UNSAFE,RED
SYN_0728,12.350791773043648,66.39122366972829,25,0.0,6.246118841853513e-07,0.0,UNSAFE,RED
SYN_0728,12.350791773043648,66.39122366972829,50,0.0,2.2674858751921642e-07,0.0,UNSAFE,RED
SYN_0728,12.350791773043648,66.39122366972829,75,0.0,2.1276464510434077e-07,0.0,UNSAFE,RED
SYN_0728,12.350791773043648,66.39122366972829,100,0.0,8.875823725366583e-07,0.0,UNSAFE,RED
SYN_0728,12.350791773043648,66.39122366972829,150,0.0,1.069926452210565e-07,0.0,UNSAFE,RED
SYN_0728,12.350791773043648,66.39122366972829,200,0.0,2.7490062533953e-08,0.0,UNSAFE,RED
SYN_0729,19.93653012298188,73.24545044948759,0,0.0,0.00015258353913441672,0.0,UNSAFE,RED
SYN_0729,19.93653012298188,73.24545044948759,10,0.0,3.7889054111525776e-05,0.0,UNSAFE,RED
SYN_0729,19.93653012298188,73.24545044948759,25,0.0,2.1893492420966575e-06,0.0,UNSAFE,RED
SYN_0729,19.93653012298188,73.24545044948759,50,0.0,4.402213918629686e-07,0.0,UNSAFE,RED
SYN_0729,19.93653012298188,73.24545044948759,75,0.0,1.754729083877339e-06,0.0,UNSAFE,RED
SYN_0729,19.93653012298188,73.24545044948759,100,0.0,9.625795295734642e-07,0.0,UNSAFE,RED
SYN_0729,19.93653012298188,73.24545044948759,150,0.0,4.6747512171108684e-07,0.0,UNSAFE,RED
SYN_0729,19.93653012298188,73.24545044948759,200,0.0,8.05731528314569e-07,0.0,UNSAFE,RED
SYN_0730,9.634499126292964,70.45143338836829,0,0.0,1.947695997656053e-05,0.0,UNSAFE,RED
SYN_0730,9.634499126292964,70.45143338836829,10,0.0,1.4261505626512413e-06,0.0,UNSAFE,RED
SYN_0730,9.634499126292964,70.45143338836829,25,0.0,9.754607879594238e-06,0.0,UNSAFE,RED
SYN_0730,9.634499126292964,70.45143338836829,50,0.0,8.628958165493303e-09,0.0,UNSAFE,RED
SYN_0730,9.634499126292964,70.45143338836829,75,0.0,1.7466627902864471e-06,0.0,UNSAFE,RED
SYN_0730,9.634499126292964,70.45143338836829,100,0.0,5.898266552638339e-07,0.0,UNSAFE,RED
SYN_0730,9.634499126292964,70.45143338836829,150,0.0,4.3863210478699606e-08,0.0,UNSAFE,RED
SYN_0730,9.634499126292964,70.45143338836829,200,0.0,1.0730306112986376e-07,0.0,UNSAFE,RED
SYN_0731,23.76863630825486,84.64596872640838,0,0.0,3.0706167587295055e-05,0.0,UNSAFE,RED
SYN_0731,23.76863630825486,84.64596872640838,10,0.0,5.54369231713054e-06,0.0,UNSAFE,RED
SYN_0731,23.76863630825486,84.64596872640838,25,0.0,4.943159449346853e-06,0.0,UNSAFE,RED
SYN_0731,23.76863630825486,84.64596872640838,50,0.0,9.470745674558713e-07,0.0,UNSAFE,RED
SYN_0731,23.76863630825486,84.64596872640838,75,0.0,9.854330079005448e-07,0.0,UNSAFE,RED
SYN_0731,23.76863630825486,84.64596872640838,100,0.0,2.542510650325226e-07,0.0,UNSAFE,RED
SYN_0731,23.76863630825486,84.64596872640838,150,0.0,9.042287569475976e-09,0.0,UNSAFE,RED
SYN_0731,23.76863630825486,84.64596872640838,200,0.0,2.115970137570348e-07,0.0,UNSAFE,RED
SYN_0732,19.502788051916664,69.26408565521898,0,0.0,1.1571798262013357e-06,0.0,UNSAFE,RED
SYN_0732,19.502788051916664,69.26408565521898,10,0.0,1.9339046853165135e-06,0.0,UNSAFE,RED
SYN_0732,19.502788051916664,69.26408565521898,25,0.0,6.815530865270459e-07,0.0,UNSAFE,RED
SYN_0732,19.502788051916664,69.26408565521898,50,0.0,4.901615607046872e-07,0.0,UNSAFE,RED
SYN_0732,19.502788051916664,69.26408565521898,75,0.0,1.4880763147221335e-07,0.0,UNSAFE,RED
SYN_0732,19.502788051916664,69.26408565521898,100,0.0,1.4105801823380883e-06,0.0,UNSAFE,RED
SYN_0732,19.502788051916664,69.26408565521898,150,0.0,1.822275525764175e-07,0.0,UNSAFE,RED
SYN_0732,19.502788051916664,69.26408565521898,200,0.0,1.0429769517241487e-06,0.0,UNSAFE,RED
SYN_0733,19.04205159571753,69.2066740457853,0,0.0,1.0343762839607067e-05,0.0,UNSAFE,RED
SYN_0733,19.04205159571753,69.2066740457853,10,0.0,1.8986351988958906e-06,0.0,UNSAFE,RED
SYN_0733,19.04205159571753,69.2066740457853,25,0.0,7.875951563614327e-07,0.0,UNSAFE,RED
SYN_0733,19.04205159571753,69.2066740457853,50,0.0,1.832573955073635e-07,0.0,UNSAFE,RED
SYN_0733,19.04205159571753,69.2066740457853,75,0.0,1.2647920925780877e-07,0.0,UNSAFE,RED
SYN_0733,19.04205159571753,69.2066740457853,100,0.0,1.9994925211457587e-07,0.0,UNSAFE,RED
SYN_0733,19.04205159571753,69.2066740457853,150,0.0,6.129399364439697e-08,0.0,UNSAFE,RED
SYN_0733,19.04205159571753,69.2066740457853,200,0.0,1.5401103874647767e-06,0.0,UNSAFE,RED
SYN_0734,9.981933037611032,78.78363517886484,0,0.0,5.441351823517655e-07,0.0,UNSAFE,RED
SYN_0734,9.981933037611032,78.78363517886484,10,0.0,2.280285177365642e-06,0.0,UNSAFE,RED
SYN_0734,9.981933037611032,78.78363517886484,25,0.0,4.910847799065723e-06,0.0,UNSAFE,RED
SYN_0734,9.981933037611032,78.78363517886484,50,0.0,1.2109225022398575e-06,0.0,UNSAFE,RED
SYN_0734,9.981933037611032,78.78363517886484,75,0.0,7.739971478967701e-07,0.0,UNSAFE,RED
SYN_0734,9.981933037611032,78.78363517886484,100,0.0,1.3742754732987752e-06,0.0,UNSAFE,RED
SYN_0734,9.981933037611032,78.78363517886484,150,0.0,2.7069710325596084e-07,0.0,UNSAFE,RED
SYN_0734,9.981933037611032,78.78363517886484,200,0.0,7.63703614524741e-08,0.0,UNSAFE,RED
SYN_0735,6.959381807901346,78.59513175364744,0,0.0,4.823669968119207e-05,0.0,UNSAFE,RED
SYN_0735,6.959381807901346,78.59513175364744,10,0.0,9.168771076501156e-06,0.0,UNSAFE,RED
SYN_0735,6.959381807901346,78.59513175364744,25,0.0,4.128081800767459e-06,0.0,UNSAFE,RED
SYN_0735,6.959381807901346,78.59513175364744,50,0.0,8.858958530511768e-07,0.0,UNSAFE,RED
SYN_0735,6.959381807901346,78.59513175364744,75,0.0,6.914797372105101e-07,0.0,UNSAFE,RED
SYN_0735,6.959381807901346,78.59513175364744,100,0.0,8.193218387864063e-07,0.0,UNSAFE,RED
SYN_0735,6.959381807901346,78.59513175364744,150,0.0,1.7044503816688306e-07,0.0,UNSAFE,RED
SYN_0735,6.959381807901346,78.59513175364744,200,0.0,3.661485548049974e-07,0.0,UNSAFE,RED
SYN_0736,21.99969070998417,66.86957841853254,0,0.0,8.461835523711344e-06,0.0,UNSAFE,RED
SYN_0736,21.99969070998417,66.86957841853254,10,0.0,8.356973239219017e-06,0.0,UNSAFE,RED
SYN_0736,21.99969070998417,66.86957841853254,25,0.0,2.915495178754621e-06,0.0,UNSAFE,RED
SYN_0736,21.99969070998417,66.86957841853254,50,0.0,1.5723552668843248e-07,0.0,UNSAFE,RED
SYN_0736,21.99969070998417,66.86957841853254,75,0.0,8.144702197481446e-08,0.0,UNSAFE,RED
SYN_0736,21.99969070998417,66.86957841853254,100,0.0,4.843785973441114e-07,0.0,UNSAFE,RED
SYN_0736,21.99969070998417,66.86957841853254,150,0.0,1.262166264991176e-07,0.0,UNSAFE,RED
SYN_0736,21.99969070998417,66.86957841853254,200,0.0,1.0247396087511471e-06,0.0,UNSAFE,RED
SYN_0737,14.431349267294523,69.71123719621056,0,0.0,8.806063187082705e-07,0.0,UNSAFE,RED
SYN_0737,14.431349267294523,69.71123719621056,10,0.0,1.7291493993432954e-07,0.0,UNSAFE,RED
SYN_0737,14.431349267294523,69.71123719621056,25,0.0,1.756084993078834e-06,0.0,UNSAFE,RED
SYN_0737,14.431349267294523,69.71123719621056,50,0.0,9.483998610252624e-07,0.0,UNSAFE,RED
SYN_0737,14.431349267294523,69.71123719621056,75,0.0,5.741465469141884e-07,0.0,UNSAFE,RED
SYN_0737,14.431349267294523,69.71123719621056,100,0.0,5.132274954416876e-07,0.0,UNSAFE,RED
SYN_0737,14.431349267294523,69.71123719621056,150,0.0,1.0729208202270804e-07,0.0,UNSAFE,RED
SYN_0737,14.431349267294523,69.71123719621056,200,0.0,2.2691033903798183e-07,0.0,UNSAFE,RED
SYN_0738,11.900659329301252,79.83553822587011,0,0.0,1.4995464534374327e-05,0.0,UNSAFE,RED
SYN_0738,11.900659329301252,79.83553822587011,10,0.0,4.315682989648107e-06,0.0,UNSAFE,RED
SYN_0738,11.900659329301252,79.83553822587011,25,0.0,6.847129724718858e-08,0.0,UNSAFE,RED
SYN_0738,11.900659329301252,79.83553822587011,50,0.0,3.3096772635986985e-07,0.0,UNSAFE,RED
SYN_0738,11.900659329301252,79.83553822587011,75,0.0,3.865291740580996e-07,0.0,UNSAFE,RED
SYN_0738,11.900659329301252,79.83553822587011,100,0.0,3.9020620595704395e-08,0.0,UNSAFE,RED
SYN_0738,11.900659329301252,79.83553822587011,150,0.0,4.3696194269703397e-07,0.0,UNSAFE,RED
SYN_0738,11.900659329301252,79.83553822587011,200,0.0,7.78291835298516e-07,0.0,UNSAFE,RED
SYN_0739,14.424495024165171,84.27924419744461,0,0.0,1.0378309284464698e-06,0.0,UNSAFE,RED
SYN_0739,14.424495024165171,84.27924419744461,10,0.0,4.244142361887344e-07,0.0,UNSAFE,RED
SYN_0739,14.424495024165171,84.27924419744461,25,0.0,1.9035808141232044e-07,0.0,UNSAFE,RED
SYN_0739,14.424495024165171,84.27924419744461,50,0.0,9.794854256286503e-07,0.0,UNSAFE,RED
SYN_0739,14.424495024165171,84.27924419744461,75,0.0,4.974514310802212e-07,0.0,UNSAFE,RED
SYN_0739,14.424495024165171,84.27924419744461,100,0.0,1.5781156100565909e-07,0.0,UNSAFE,RED
SYN_0739,14.424495024165171,84.27924419744461,150,0.0,1.1682785599489768e-07,0.0,UNSAFE,RED
SYN_0739,14.424495024165171,84.27924419744461,200,0.0,4.970505913725589e-09,0.0,UNSAFE,RED
SYN_0740,19.61000335783204,79.48356070280906,0,0.0,3.675186219741133e-07,0.0,UNSAFE,RED
SYN_0740,19.61000335783204,79.48356070280906,10,0.0,1.3274446159574072e-06,0.0,UNSAFE,RED
SYN_0740,19.61000335783204,79.48356070280906,25,0.0,3.1967147479362826e-07,0.0,UNSAFE,RED
SYN_0740,19.61000335783204,79.48356070280906,50,0.0,1.5349968452413148e-06,0.0,UNSAFE,RED
SYN_0740,19.61000335783204,79.48356070280906,75,0.0,5.960617017094072e-08,0.0,UNSAFE,RED
SYN_0740,19.61000335783204,79.48356070280906,100,0.0,5.361103047947004e-07,0.0,UNSAFE,RED
SYN_0740,19.61000335783204,79.48356070280906,150,0.0,5.194921830453362e-08,0.0,UNSAFE,RED
SYN_0740,19.61000335783204,79.48356070280906,200,0.0,1.785657195656325e-07,0.0,UNSAFE,RED
SYN_0741,8.272449857115642,70.67729534629706,0,0.0,5.537905309687378e-06,0.0,UNSAFE,RED
SYN_0741,8.272449857115642,70.67729534629706,10,0.0,5.834643703960196e-07,0.0,UNSAFE,RED
SYN_0741,8.272449857115642,70.67729534629706,25,0.0,1.1899855436549223e-06,0.0,UNSAFE,RED
SYN_0741,8.272449857115642,70.67729534629706,50,0.0,2.994142790918318e-07,0.0,UNSAFE,RED
SYN_0741,8.272449857115642,70.67729534629706,75,0.0,7.63273878035586e-07,0.0,UNSAFE,RED
SYN_0741,8.272449857115642,70.67729534629706,100,0.0,1.0960231866041778e-06,0.0,UNSAFE,RED
SYN_0741,8.272449857115642,70.67729534629706,150,0.0,2.477628240380679e-07,0.0,UNSAFE,RED
SYN_0741,8.272449857115642,70.67729534629706,200,0.0,1.5348171167205501e-06,0.0,UNSAFE,RED
SYN_0742,24.61054336594585,70.97838318568154,0,0.0,2.011389253905323e-06,0.0,UNSAFE,RED
SYN_0742,24.61054336594585,70.97838318568154,10,0.0,9.187920724141837e-07,0.0,UNSAFE,RED
SYN_0742,24.61054336594585,70.97838318568154,25,0.0,3.2077167029621674e-07,0.0,UNSAFE,RED
SYN_0742,24.61054336594585,70.97838318568154,50,0.0,5.95995249469003e-07,0.0,UNSAFE,RED
SYN_0742,24.61054336594585,70.97838318568154,75,0.0,4.684684171244696e-07,0.0,UNSAFE,RED
SYN_0742,24.61054336594585,70.97838318568154,100,0.0,5.77301402266959e-07,0.0,UNSAFE,RED
SYN_0742,24.61054336594585,70.97838318568154,150,0.0,1.7275495683953485e-08,0.0,UNSAFE,RED
SYN_0742,24.61054336594585,70.97838318568154,200,0.0,4.623985107874873e-07,0.0,UNSAFE,RED
SYN_0743,22.794712050078104,84.6704061544547,0,0.0,2.0997091659118154e-06,0.0,UNSAFE,RED
SYN_0743,22.794712050078104,84.6704061544547,10,0.0,2.6764768774720013e-07,0.0,UNSAFE,RED
SYN_0743,22.794712050078104,84.6704061544547,25,0.0,1.9262807737313385e-07,0.0,UNSAFE,RED
SYN_0743,22.794712050078104,84.6704061544547,50,0.0,1.399791043129635e-08,0.0,UNSAFE,RED
SYN_0743,22.794712050078104,84.6704061544547,75,0.0,1.7453269017413492e-07,0.0,UNSAFE,RED
SYN_0743,22.794712050078104,84.6704061544547,100,0.0,6.40963855467628e-08,0.0,UNSAFE,RED
SYN_0743,22.794712050078104,84.6704061544547,150,0.0,8.17789733496292e-08,0.0,UNSAFE,RED
SYN_0743,22.794712050078104,84.6704061544547,200,5.246650198543875e-06,6.837615144399459e-07,7.672094550956947,SAFE,GREEN
SYN_0744,23.403593644772663,65.80008844447254,0,0.0,1.760092344448637e-06,0.0,UNSAFE,RED
SYN_0744,23.403593644772663,65.80008844447254,10,0.0,3.0885291623952377e-06,0.0,UNSAFE,RED
SYN_0744,23.403593644772663,65.80008844447254,25,0.0,1.5152116879823198e-06,0.0,UNSAFE,RED
SYN_0744,23.403593644772663,65.80008844447254,50,0.0,3.527124256713453e-06,0.0,UNSAFE,RED
SYN_0744,23.403593644772663,65.80008844447254,75,0.0,7.505408991904916e-07,0.0,UNSAFE,RED
SYN_0744,23.403593644772663,65.80008844447254,100,0.0,1.8580054622846274e-06,0.0,UNSAFE,RED
SYN_0744,23.403593644772663,65.80008844447254,150,0.0,1.7568384974680855e-07,0.0,UNSAFE,RED
SYN_0744,23.403593644772663,65.80008844447254,200,0.0,5.568628251776636e-07,0.0,UNSAFE,RED
SYN_0745,9.874733240556196,81.30443708424237,0,0.0,6.301429962345126e-06,0.0,UNSAFE,RED
SYN_0745,9.874733240556196,81.30443708424237,10,0.0,2.5701287711948136e-07,0.0,UNSAFE,RED
SYN_0745,9.874733240556196,81.30443708424237,25,0.0,3.2451028149932447e-06,0.0,UNSAFE,RED
SYN_0745,9.874733240556196,81.30443708424237,50,0.0,3.823148792874341e-07,0.0,UNSAFE,RED
SYN_0745,9.874733240556196,81.30443708424237,75,0.0,5.09402363917503e-07,0.0,UNSAFE,RED
SYN_0745,9.874733240556196,81.30443708424237,100,0.0,7.685845947966876e-07,0.0,UNSAFE,RED
SYN_0745,9.874733240556196,81.30443708424237,150,0.0,9.044075807109119e-08,0.0,UNSAFE,RED
SYN_0745,9.874733240556196,81.30443708424237,200,0.0,9.40936519733081e-08,0.0,UNSAFE,RED
SYN_0746,9.596779915973908,65.16928843234619,0,0.0,1.0530807335369427e-06,0.0,UNSAFE,RED
SYN_0746,9.596779915973908,65.16928843234619,10,0.0,2.7843369921355237e-07,0.0,UNSAFE,RED
SYN_0746,9.596779915973908,65.16928843234619,25,0.0,5.507685108877435e-07,0.0,UNSAFE,RED
SYN_0746,9.596779915973908,65.16928843234619,50,0.0,6.855138598711332e-07,0.0,UNSAFE,RED
SYN_0746,9.596779915973908,65.16928843234619,75,0.0,1.529378150938421e-07,0.0,UNSAFE,RED
SYN_0746,9.596779915973908,65.16928843234619,100,0.0,3.3418842913085253e-07,0.0,UNSAFE,RED
SYN_0746,9.596779915973908,65.16928843234619,150,0.0,1.6460369821252438e-07,0.0,UNSAFE,RED
SYN_0746,9.596779915973908,65.16928843234619,200,0.0,6.20836471241691e-07,0.0,UNSAFE,RED
SYN_0747,8.95093760814114,65.83726405864299,0,0.0,4.2922247320106845e-05,0.0,UNSAFE,RED
SYN_0747,8.95093760814114,65.83726405864299,10,0.0,7.430919779723211e-06,0.0,UNSAFE,RED
SYN_0747,8.95093760814114,65.83726405864299,25,0.0,4.262353614526358e-06,0.0,UNSAFE,RED
SYN_0747,8.95093760814114,65.83726405864299,50,0.0,1.9306259379212996e-07,0.0,UNSAFE,RED
SYN_0747,8.95093760814114,65.83726405864299,75,0.0,8.483826565131801e-08,0.0,UNSAFE,RED
SYN_0747,8.95093760814114,65.83726405864299,100,0.0,1.7056623464703672e-06,0.0,UNSAFE,RED
SYN_0747,8.95093760814114,65.83726405864299,150,0.0,1.658485993454863e-08,0.0,UNSAFE,RED
SYN_0747,8.95093760814114,65.83726405864299,200,0.0,1.9354520220852114e-08,0.0,UNSAFE,RED
SYN_0748,24.496155345001547,77.12852981609882,0,0.0,2.4910324809393768e-05,0.0,UNSAFE,RED
SYN_0748,24.496155345001547,77.12852981609882,10,0.0,7.772274755513728e-06,0.0,UNSAFE,RED
SYN_0748,24.496155345001547,77.12852981609882,25,0.0,9.754330306388733e-07,0.0,UNSAFE,RED
SYN_0748,24.496155345001547,77.12852981609882,50,0.0,8.021315408504454e-07,0.0,UNSAFE,RED
SYN_0748,24.496155345001547,77.12852981609882,75,0.0,2.1288280089699897e-06,0.0,UNSAFE,RED
SYN_0748,24.496155345001547,77.12852981609882,100,0.0,1.4037970707344055e-06,0.0,UNSAFE,RED
SYN_0748,24.496155345001547,77.12852981609882,150,0.0,1.0166816913048859e-07,0.0,UNSAFE,RED
SYN_0748,24.496155345001547,77.12852981609882,200,0.0,5.10650741139509e-07,0.0,UNSAFE,RED
SYN_0749,15.065161665807109,77.15808633192665,0,0.0,8.185764715755863e-05,0.0,UNSAFE,RED
SYN_0749,15.065161665807109,77.15808633192665,10,0.0,1.355570975794928e-05,0.0,UNSAFE,RED
SYN_0749,15.065161665807109,77.15808633192665,25,0.0,7.90571145115771e-06,0.0,UNSAFE,RED
SYN_0749,15.065161665807109,77.15808633192665,50,0.0,1.567895195334619e-07,0.0,UNSAFE,RED
SYN_0749,15.065161665807109,77.15808633192665,75,0.0,8.361741456579787e-07,0.0,UNSAFE,RED
SYN_0749,15.065161665807109,77.15808633192665,100,0.0,1.378262501597563e-06,0.0,UNSAFE,RED
SYN_0749,15.065161665807109,77.15808633192665,150,0.0,4.488789138902085e-07,0.0,UNSAFE,RED
SYN_0749,15.065161665807109,77.15808633192665,200,0.0,1.0075180865366388e-07,0.0,UNSAFE,RED
SYN_0750,18.965738532611837,77.61274577918488,0,0.0,3.3757065072369034e-06,0.0,UNSAFE,RED
SYN_0750,18.965738532611837,77.61274577918488,10,0.0,2.5883205055387587e-07,0.0,UNSAFE,RED
SYN_0750,18.965738532611837,77.61274577918488,25,0.0,1.545858410419515e-06,0.0,UNSAFE,RED
SYN_0750,18.965738532611837,77.61274577918488,50,0.0,4.290540472363719e-08,0.0,UNSAFE,RED
SYN_0750,18.965738532611837,77.61274577918488,75,0.0,3.778724261471972e-07,0.0,UNSAFE,RED
SYN_0750,18.965738532611837,77.61274577918488,100,0.0,3.707622957040568e-08,0.0,UNSAFE,RED
SYN_0750,18.965738532611837,77.61274577918488,150,0.0,2.734549100391879e-07,0.0,UNSAFE,RED
SYN_0750,18.965738532611837,77.61274577918488,200,0.0,3.047458945350553e-07,0.0,UNSAFE,RED
SYN_0751,13.39042378303999,66.32597960770391,0,0.0,2.081158899552335e-05,0.0,UNSAFE,RED
SYN_0751,13.39042378303999,66.32597960770391,10,0.0,2.616768389329154e-06,0.0,UNSAFE,RED
SYN_0751,13.39042378303999,66.32597960770391,25,0.0,2.289896897521358e-06,0.0,UNSAFE,RED
SYN_0751,13.39042378303999,66.32597960770391,50,0.0,6.936006985003986e-07,0.0,UNSAFE,RED
SYN_0751,13.39042378303999,66.32597960770391,75,0.0,1.543196058137953e-06,0.0,UNSAFE,RED
SYN_0751,13.39042378303999,66.32597960770391,100,0.0,9.423535276831107e-07,0.0,UNSAFE,RED
SYN_0751,13.39042378303999,66.32597960770391,150,0.0,2.716674781734033e-07,0.0,UNSAFE,RED
SYN_0751,13.39042378303999,66.32597960770391,200,0.0,3.0386303658639156e-07,0.0,UNSAFE,RED
SYN_0752,8.323818392310237,83.01747185074353,0,0.0,1.397884553611288e-06,0.0,UNSAFE,RED
SYN_0752,8.323818392310237,83.01747185074353,10,0.0,3.987634000346034e-07,0.0,UNSAFE,RED
SYN_0752,8.323818392310237,83.01747185074353,25,0.0,3.388262258091086e-07,0.0,UNSAFE,RED
SYN_0752,8.323818392310237,83.01747185074353,50,0.0,6.420028500912283e-07,0.0,UNSAFE,RED
SYN_0752,8.323818392310237,83.01747185074353,75,0.0,3.3083421108741235e-07,0.0,UNSAFE,RED
SYN_0752,8.323818392310237,83.01747185074353,100,0.0,8.203258653332334e-07,0.0,UNSAFE,RED
SYN_0752,8.323818392310237,83.01747185074353,150,0.0,5.8614168876822605e-08,0.0,UNSAFE,RED
SYN_0752,8.323818392310237,83.01747185074353,200,0.0,1.6691014790808068e-07,0.0,UNSAFE,RED
SYN_0753,7.927658102854627,78.49288740171605,0,0.0,4.371480883709357e-05,0.0,UNSAFE,RED
SYN_0753,7.927658102854627,78.49288740171605,10,0.0,1.3722959114182505e-05,0.0,UNSAFE,RED
SYN_0753,7.927658102854627,78.49288740171605,25,0.0,3.9404637162920865e-06,0.0,UNSAFE,RED
SYN_0753,7.927658102854627,78.49288740171605,50,0.0,8.739328960655891e-07,0.0,UNSAFE,RED
SYN_0753,7.927658102854627,78.49288740171605,75,0.0,2.2191428060233878e-07,0.0,UNSAFE,RED
SYN_0753,7.927658102854627,78.49288740171605,100,0.0,1.1784860147533215e-07,0.0,UNSAFE,RED
SYN_0753,7.927658102854627,78.49288740171605,150,0.0,1.2456429207831985e-07,0.0,UNSAFE,RED
SYN_0753,7.927658102854627,78.49288740171605,200,0.0,6.07996423037772e-07,0.0,UNSAFE,RED
SYN_0754,7.283675359759185,79.37957494353799,0,0.0,9.766275455365507e-06,0.0,UNSAFE,RED
SYN_0754,7.283675359759185,79.37957494353799,10,0.0,2.6667703888159487e-06,0.0,UNSAFE,RED
SYN_0754,7.283675359759185,79.37957494353799,25,0.0,5.562847462003693e-07,0.0,UNSAFE,RED
SYN_0754,7.283675359759185,79.37957494353799,50,0.0,1.4104306428776325e-06,0.0,UNSAFE,RED
SYN_0754,7.283675359759185,79.37957494353799,75,0.0,7.377507826803861e-07,0.0,UNSAFE,RED
SYN_0754,7.283675359759185,79.37957494353799,100,0.0,1.6702657183741527e-06,0.0,UNSAFE,RED
SYN_0754,7.283675359759185,79.37957494353799,150,0.0,2.6842188261078425e-07,0.0,UNSAFE,RED
SYN_0754,7.283675359759185,79.37957494353799,200,0.0,5.587978099890986e-07,0.0,UNSAFE,RED
SYN_0755,10.780681284469944,84.86868098739123,0,0.0,3.447349114786576e-05,0.0,UNSAFE,RED
SYN_0755,10.780681284469944,84.86868098739123,10,0.0,5.079112113717992e-06,0.0,UNSAFE,RED
SYN_0755,10.780681284469944,84.86868098739123,25,0.0,2.9325180353044687e-06,0.0,UNSAFE,RED
SYN_0755,10.780681284469944,84.86868098739123,50,0.0,8.668686390112965e-08,0.0,UNSAFE,RED
SYN_0755,10.780681284469944,84.86868098739123,75,0.0,5.73193001601927e-07,0.0,UNSAFE,RED
SYN_0755,10.780681284469944,84.86868098739123,100,0.0,1.6940584477412755e-06,0.0,UNSAFE,RED
SYN_0755,10.780681284469944,84.86868098739123,150,0.0,1.4034498215254242e-07,0.0,UNSAFE,RED
SYN_0755,10.780681284469944,84.86868098739123,200,0.0,2.464145125650342e-07,0.0,UNSAFE,RED
SYN_0756,21.199757500341804,76.87888105613717,0,0.0,4.155553720346501e-06,0.0,UNSAFE,RED
SYN_0756,21.199757500341804,76.87888105613717,10,0.0,2.026816681838537e-06,0.0,UNSAFE,RED
SYN_0756,21.199757500341804,76.87888105613717,25,0.0,6.544927103733856e-08,0.0,UNSAFE,RED
SYN_0756,21.199757500341804,76.87888105613717,50,0.0,1.1816565487963134e-07,0.0,UNSAFE,RED
SYN_0756,21.199757500341804,76.87888105613717,75,0.0,2.937387993881879e-07,0.0,UNSAFE,RED
SYN_0756,21.199757500341804,76.87888105613717,100,0.0,1.0428004408184193e-08,0.0,UNSAFE,RED
SYN_0756,21.199757500341804,76.87888105613717,150,0.0,1.0295109513792574e-07,0.0,UNSAFE,RED
SYN_0756,21.199757500341804,76.87888105613717,200,0.0,3.641831395277757e-06,0.0,UNSAFE,RED
SYN_0757,17.468293049645492,68.29303844689612,0,0.0,4.7076449682882725e-06,0.0,UNSAFE,RED
SYN_0757,17.468293049645492,68.29303844689612,10,0.0,8.130663949895087e-08,0.0,UNSAFE,RED
SYN_0757,17.468293049645492,68.29303844689612,25,0.0,1.4838623853831703e-06,0.0,UNSAFE,RED
SYN_0757,17.468293049645492,68.29303844689612,50,0.0,4.0692139084508017e-07,0.0,UNSAFE,RED
SYN_0757,17.468293049645492,68.29303844689612,75,0.0,8.844601712570762e-07,0.0,UNSAFE,RED
SYN_0757,17.468293049645492,68.29303844689612,100,0.0,8.113149879735041e-07,0.0,UNSAFE,RED
SYN_0757,17.468293049645492,68.29303844689612,150,0.0,6.754935597958482e-08,0.0,UNSAFE,RED
SYN_0757,17.468293049645492,68.29303844689612,200,0.0,6.688008972674232e-07,0.0,UNSAFE,RED
SYN_0758,14.435610578252582,70.58557275796984,0,0.0,7.42191607491526e-07,0.0,UNSAFE,RED
SYN_0758,14.435610578252582,70.58557275796984,10,0.0,2.7220440923806864e-07,0.0,UNSAFE,RED
SYN_0758,14.435610578252582,70.58557275796984,25,0.0,1.55739569433922e-07,0.0,UNSAFE,RED
SYN_0758,14.435610578252582,70.58557275796984,50,0.0,1.234476847217659e-07,0.0,UNSAFE,RED
SYN_0758,14.435610578252582,70.58557275796984,75,0.0,1.088134737640197e-06,0.0,UNSAFE,RED
SYN_0758,14.435610578252582,70.58557275796984,100,0.0,2.4531948964298173e-07,0.0,UNSAFE,RED
SYN_0758,14.435610578252582,70.58557275796984,150,0.0,2.4275197456401003e-08,0.0,UNSAFE,RED
SYN_0758,14.435610578252582,70.58557275796984,200,0.0,2.3725531730786728e-07,0.0,UNSAFE,RED
SYN_0759,9.921174931502495,72.21907266622344,0,0.0,2.405197204663517e-05,0.0,UNSAFE,RED
SYN_0759,9.921174931502495,72.21907266622344,10,0.0,1.4508791235825775e-06,0.0,UNSAFE,RED
SYN_0759,9.921174931502495,72.21907266622344,25,0.0,8.170657187859096e-06,0.0,UNSAFE,RED
SYN_0759,9.921174931502495,72.21907266622344,50,0.0,1.008527622108167e-06,0.0,UNSAFE,RED
SYN_0759,9.921174931502495,72.21907266622344,75,0.0,1.3720306508489545e-08,0.0,UNSAFE,RED
SYN_0759,9.921174931502495,72.21907266622344,100,0.0,1.2954420957508687e-06,0.0,UNSAFE,RED
SYN_0759,9.921174931502495,72.21907266622344,150,0.0,3.916807199229065e-08,0.0,UNSAFE,RED
SYN_0759,9.921174931502495,72.21907266622344,200,0.0,1.4689768127630808e-07,0.0,UNSAFE,RED
SYN_0760,21.17063351544573,72.60185891491636,0,0.0,1.6815502449379165e-05,0.0,UNSAFE,RED
SYN_0760,21.17063351544573,72.60185891491636,10,0.0,2.699180228695025e-06,0.0,UNSAFE,RED
SYN_0760,21.17063351544573,72.60185891491636,25,0.0,2.3893931934508737e-06,0.0,UNSAFE,RED
SYN_0760,21.17063351544573,72.60185891491636,50,0.0,1.0057362341098795e-07,0.0,UNSAFE,RED
SYN_0760,21.17063351544573,72.60185891491636,75,0.0,1.7033224513912906e-07,0.0,UNSAFE,RED
SYN_0760,21.17063351544573,72.60185891491636,100,0.0,7.069609052136804e-07,0.0,UNSAFE,RED
SYN_0760,21.17063351544573,72.60185891491636,150,0.0,7.533503725646381e-09,0.0,UNSAFE,RED
SYN_0760,21.17063351544573,72.60185891491636,200,0.0,5.535366052091639e-07,0.0,UNSAFE,RED
SYN_0761,21.00624481510007,72.64285592071388,0,0.0,4.9827418424997136e-06,0.0,UNSAFE,RED
SYN_0761,21.00624481510007,72.64285592071388,10,0.0,3.9523162826680505e-06,0.0,UNSAFE,RED
SYN_0761,21.00624481510007,72.64285592071388,25,0.0,1.1659700845280122e-06,0.0,UNSAFE,RED
SYN_0761,21.00624481510007,72.64285592071388,50,0.0,1.2092237416396439e-07,0.0,UNSAFE,RED
SYN_0761,21.00624481510007,72.64285592071388,75,0.0,4.4277025120101905e-08,0.0,UNSAFE,RED
SYN_0761,21.00624481510007,72.64285592071388,100,0.0,1.5029917922000725e-06,0.0,UNSAFE,RED
SYN_0761,21.00624481510007,72.64285592071388,150,0.0,1.9617570042626845e-07,0.0,UNSAFE,RED
SYN_0761,21.00624481510007,72.64285592071388,200,0.0,9.83025348621922e-07,0.0,UNSAFE,RED
SYN_0762,24.024474912792105,82.88937520950887,0,0.0,1.4576355672250794e-05,0.0,UNSAFE,RED
SYN_0762,24.024474912792105,82.88937520950887,10,0.0,3.199308595486557e-06,0.0,UNSAFE,RED
SYN_0762,24.024474912792105,82.88937520950887,25,0.0,1.807325639527212e-06,0.0,UNSAFE,RED
SYN_0762,24.024474912792105,82.88937520950887,50,0.0,2.0513865548813528e-07,0.0,UNSAFE,RED
SYN_0762,24.024474912792105,82.88937520950887,75,0.0,4.706709491427963e-07,0.0,UNSAFE,RED
SYN_0762,24.024474912792105,82.88937520950887,100,0.0,3.6524612023470576e-07,0.0,UNSAFE,RED
SYN_0762,24.024474912792105,82.88937520950887,150,0.0,2.487093782322067e-07,0.0,UNSAFE,RED
SYN_0762,24.024474912792105,82.88937520950887,200,0.0,3.8580735857865584e-07,0.0,UNSAFE,RED
SYN_0763,13.8426148454076,80.13698531003294,0,0.0,2.537489880355906e-06,0.0,UNSAFE,RED
SYN_0763,13.8426148454076,80.13698531003294,10,0.0,1.2557097609312417e-06,0.0,UNSAFE,RED
SYN_0763,13.8426148454076,80.13698531003294,25,0.0,2.6730992745977698e-06,0.0,UNSAFE,RED
SYN_0763,13.8426148454076,80.13698531003294,50,0.0,9.25922813733577e-07,0.0,UNSAFE,RED
SYN_0763,13.8426148454076,80.13698531003294,75,0.0,1.34472703166703e-06,0.0,UNSAFE,RED
SYN_0763,13.8426148454076,80.13698531003294,100,0.0,1.0196054683909621e-06,0.0,UNSAFE,RED
SYN_0763,13.8426148454076,80.13698531003294,150,0.0,2.4383985178941695e-07,0.0,UNSAFE,RED
SYN_0763,13.8426148454076,80.13698531003294,200,0.0,3.921472594362002e-07,0.0,UNSAFE,RED
SYN_0764,20.234969938577706,80.72381188130316,0,0.0,1.0838309577690228e-05,0.0,UNSAFE,RED
SYN_0764,20.234969938577706,80.72381188130316,10,0.0,4.754310198906863e-06,0.0,UNSAFE,RED
SYN_0764,20.234969938577706,80.72381188130316,25,0.0,5.926454298776497e-06,0.0,UNSAFE,RED
SYN_0764,20.234969938577706,80.72381188130316,50,0.0,4.1502486804571484e-07,0.0,UNSAFE,RED
SYN_0764,20.234969938577706,80.72381188130316,75,0.0,5.222585408666195e-07,0.0,UNSAFE,RED
SYN_0764,20.234969938577706,80.72381188130316,100,0.0,1.6541878605283032e-07,0.0,UNSAFE,RED
SYN_0764,20.234969938577706,80.72381188130316,150,0.0,2.1269644756673568e-07,0.0,UNSAFE,RED
SYN_0764,20.234969938577706,80.72381188130316,200,0.0,1.3866768357705358e-06,0.0,UNSAFE,RED
SYN_0765,5.239824880565105,67.44851822366519,0,0.0,1.1638232231252476e-06,0.0,UNSAFE,RED
SYN_0765,5.239824880565105,67.44851822366519,10,0.0,3.6663882917431736e-07,0.0,UNSAFE,RED
SYN_0765,5.239824880565105,67.44851822366519,25,0.0,2.364823785352108e-08,0.0,UNSAFE,RED
SYN_0765,5.239824880565105,67.44851822366519,50,0.0,4.747807859702895e-07,0.0,UNSAFE,RED
SYN_0765,5.239824880565105,67.44851822366519,75,0.0,6.435446044527379e-07,0.0,UNSAFE,RED
SYN_0765,5.239824880565105,67.44851822366519,100,0.0,1.4111357731545835e-06,0.0,UNSAFE,RED
SYN_0765,5.239824880565105,67.44851822366519,150,0.0,3.353591485392665e-07,0.0,UNSAFE,RED
SYN_0765,5.239824880565105,67.44851822366519,200,0.0,1.8093426310039647e-06,0.0,UNSAFE,RED
SYN_0766,6.228958320885178,69.37052001509527,0,0.0,4.932777604006124e-06,0.0,UNSAFE,RED
SYN_0766,6.228958320885178,69.37052001509527,10,0.0,1.3343731675162751e-06,0.0,UNSAFE,RED
SYN_0766,6.228958320885178,69.37052001509527,25,0.0,2.9549442599811564e-06,0.0,UNSAFE,RED
SYN_0766,6.228958320885178,69.37052001509527,50,0.0,1.126051343725745e-06,0.0,UNSAFE,RED
SYN_0766,6.228958320885178,69.37052001509527,75,0.0,2.5459352505006895e-06,0.0,UNSAFE,RED
SYN_0766,6.228958320885178,69.37052001509527,100,0.0,3.3325997498477916e-07,0.0,UNSAFE,RED
SYN_0766,6.228958320885178,69.37052001509527,150,0.0,2.3366496457350475e-07,0.0,UNSAFE,RED
SYN_0766,6.228958320885178,69.37052001509527,200,5.113931294148432e-05,1.8809817957326375e-07,271.7311775142664,SAFE,GREEN
SYN_0767,17.08852836703204,69.88907944858522,0,0.0,3.34162431871139e-06,0.0,UNSAFE,RED
SYN_0767,17.08852836703204,69.88907944858522,10,0.0,6.131470992082327e-07,0.0,UNSAFE,RED
SYN_0767,17.08852836703204,69.88907944858522,25,0.0,2.3100678591725885e-07,0.0,UNSAFE,RED
SYN_0767,17.08852836703204,69.88907944858522,50,0.0,2.763930079805654e-07,0.0,UNSAFE,RED
SYN_0767,17.08852836703204,69.88907944858522,75,0.0,1.2256756047101706e-08,0.0,UNSAFE,RED
SYN_0767,17.08852836703204,69.88907944858522,100,0.0,6.431901795750868e-07,0.0,UNSAFE,RED
SYN_0767,17.08852836703204,69.88907944858522,150,0.0,6.76200446272194e-08,0.0,UNSAFE,RED
SYN_0767,17.08852836703204,69.88907944858522,200,0.0,7.829368119035473e-08,0.0,UNSAFE,RED
SYN_0768,20.630463021237123,79.45800200890639,0,0.0,1.7110612776455764e-06,0.0,UNSAFE,RED
SYN_0768,20.630463021237123,79.45800200890639,10,0.0,1.6733366801535457e-06,0.0,UNSAFE,RED
SYN_0768,20.630463021237123,79.45800200890639,25,0.0,8.293826300255986e-07,0.0,UNSAFE,RED
SYN_0768,20.630463021237123,79.45800200890639,50,0.0,5.9788514285317e-08,0.0,UNSAFE,RED
SYN_0768,20.630463021237123,79.45800200890639,75,0.0,8.883175923893386e-07,0.0,UNSAFE,RED
SYN_0768,20.630463021237123,79.45800200890639,100,0.0,3.767981818023434e-08,0.0,UNSAFE,RED
SYN_0768,20.630463021237123,79.45800200890639,150,0.0,9.053131695224497e-09,0.0,UNSAFE,RED
SYN_0768,20.630463021237123,79.45800200890639,200,0.0,1.4700600957731759e-07,0.0,UNSAFE,RED
SYN_0769,16.68652868926773,71.59095770476364,0,0.0,4.0587321529493496e-05,0.0,UNSAFE,RED
SYN_0769,16.68652868926773,71.59095770476364,10,0.0,1.0909979015319253e-05,0.0,UNSAFE,RED
SYN_0769,16.68652868926773,71.59095770476364,25,0.0,3.2995416994471018e-06,0.0,UNSAFE,RED
SYN_0769,16.68652868926773,71.59095770476364,50,0.0,2.027662326760382e-08,0.0,UNSAFE,RED
SYN_0769,16.68652868926773,71.59095770476364,75,0.0,8.29653787246069e-07,0.0,UNSAFE,RED
SYN_0769,16.68652868926773,71.59095770476364,100,0.0,3.3306051193934315e-08,0.0,UNSAFE,RED
SYN_0769,16.68652868926773,71.59095770476364,150,0.0,3.4949722479958146e-08,0.0,UNSAFE,RED
SYN_0769,16.68652868926773,71.59095770476364,200,0.0,4.0336816578713057e-07,0.0,UNSAFE,RED
SYN_0770,23.852142796306524,79.1232064624772,0,0.0,9.661801334885603e-06,0.0,UNSAFE,RED
SYN_0770,23.852142796306524,79.1232064624772,10,0.0,4.8041760888568375e-06,0.0,UNSAFE,RED
SYN_0770,23.852142796306524,79.1232064624772,25,0.0,7.910170023977561e-07,0.0,UNSAFE,RED
SYN_0770,23.852142796306524,79.1232064624772,50,0.0,2.7345831937899283e-07,0.0,UNSAFE,RED
SYN_0770,23.852142796306524,79.1232064624772,75,0.0,1.2683441919408898e-06,0.0,UNSAFE,RED
SYN_0770,23.852142796306524,79.1232064624772,100,0.0,4.251894144266581e-07,0.0,UNSAFE,RED
SYN_0770,23.852142796306524,79.1232064624772,150,0.0,7.071102372339475e-08,0.0,UNSAFE,RED
SYN_0770,23.852142796306524,79.1232064624772,200,0.0,8.510879843942289e-07,0.0,UNSAFE,RED
SYN_0771,8.866279944904292,78.89048993571153,0,0.0,1.201450833158093e-05,0.0,UNSAFE,RED
SYN_0771,8.866279944904292,78.89048993571153,10,0.0,3.2547301639151668e-06,0.0,UNSAFE,RED
SYN_0771,8.866279944904292,78.89048993571153,25,0.0,3.3011477554610125e-07,0.0,UNSAFE,RED
SYN_0771,8.866279944904292,78.89048993571153,50,0.0,1.509341268288551e-07,0.0,UNSAFE,RED
SYN_0771,8.866279944904292,78.89048993571153,75,0.0,3.0078581139645523e-07,0.0,UNSAFE,RED
SYN_0771,8.866279944904292,78.89048993571153,100,0.0,5.849658319457766e-07,0.0,UNSAFE,RED
SYN_0771,8.866279944904292,78.89048993571153,150,0.0,2.2427201259280223e-07,0.0,UNSAFE,RED
SYN_0771,8.866279944904292,78.89048993571153,200,0.0,5.53205223929088e-07,0.0,UNSAFE,RED
SYN_0772,7.49209139238896,80.94364056815785,0,0.0,1.3314676809054718e-05,0.0,UNSAFE,RED
SYN_0772,7.49209139238896,80.94364056815785,10,0.0,1.0512295424396647e-06,0.0,UNSAFE,RED
SYN_0772,7.49209139238896,80.94364056815785,25,0.0,2.1144171848146684e-06,0.0,UNSAFE,RED
SYN_0772,7.49209139238896,80.94364056815785,50,0.0,7.457704908975078e-08,0.0,UNSAFE,RED
SYN_0772,7.49209139238896,80.94364056815785,75,0.0,6.03738021923275e-07,0.0,UNSAFE,RED
SYN_0772,7.49209139238896,80.94364056815785,100,0.0,1.0352774648773124e-07,0.0,UNSAFE,RED
SYN_0772,7.49209139238896,80.94364056815785,150,0.0,1.7048787228970726e-07,0.0,UNSAFE,RED
SYN_0772,7.49209139238896,80.94364056815785,200,0.0,1.4795243103041452e-07,0.0,UNSAFE,RED
SYN_0773,11.778543867137357,66.79265356219858,0,0.0,4.098001393114645e-05,0.0,UNSAFE,RED
SYN_0773,11.778543867137357,66.79265356219858,10,0.0,5.181565650914147e-06,0.0,UNSAFE,RED
SYN_0773,11.778543867137357,66.79265356219858,25,0.0,5.203347412616289e-06,0.0,UNSAFE,RED
SYN_0773,11.778543867137357,66.79265356219858,50,0.0,2.72636877104378e-07,0.0,UNSAFE,RED
SYN_0773,11.778543867137357,66.79265356219858,75,0.0,2.678454947942256e-07,0.0,UNSAFE,RED
SYN_0773,11.778543867137357,66.79265356219858,100,0.0,6.219648849933787e-07,0.0,UNSAFE,RED
SYN_0773,11.778543867137357,66.79265356219858,150,0.0,2.201251620650145e-07,0.0,UNSAFE,RED
SYN_0773,11.778543867137357,66.79265356219858,200,0.0,9.114161052453787e-09,0.0,UNSAFE,RED
SYN_0774,9.015452967088502,81.15292255993144,0,0.0,1.925493840618889e-06,0.0,UNSAFE,RED
SYN_0774,9.015452967088502,81.15292255993144,10,0.0,3.974450067861849e-07,0.0,UNSAFE,RED
SYN_0774,9.015452967088502,81.15292255993144,25,0.0,1.4617040429674518e-06,0.0,UNSAFE,RED
SYN_0774,9.015452967088502,81.15292255993144,50,0.0,3.066495790479351e-07,0.0,UNSAFE,RED
SYN_0774,9.015452967088502,81.15292255993144,75,0.0,3.45618051002769e-07,0.0,UNSAFE,RED
SYN_0774,9.015452967088502,81.15292255993144,100,0.0,2.094986020514019e-07,0.0,UNSAFE,RED
SYN_0774,9.015452967088502,81.15292255993144,150,0.0,3.101140626669326e-08,0.0,UNSAFE,RED
SYN_0774,9.015452967088502,81.15292255993144,200,0.0,1.5429943728791529e-06,0.0,UNSAFE,RED
SYN_0775,10.537218630931296,74.42436697998646,0,0.0,1.458235542188038e-05,0.0,UNSAFE,RED
SYN_0775,10.537218630931296,74.42436697998646,10,0.0,6.186105892297262e-06,0.0,UNSAFE,RED
SYN_0775,10.537218630931296,74.42436697998646,25,0.0,2.4015178647662914e-06,0.0,UNSAFE,RED
SYN_0775,10.537218630931296,74.42436697998646,50,0.0,5.992391747990815e-07,0.0,UNSAFE,RED
SYN_0775,10.537218630931296,74.42436697998646,75,0.0,1.2823705322895512e-07,0.0,UNSAFE,RED
SYN_0775,10.537218630931296,74.42436697998646,100,0.0,1.2391196296187756e-06,0.0,UNSAFE,RED
SYN_0775,10.537218630931296,74.42436697998646,150,0.0,1.6977314106589528e-07,0.0,UNSAFE,RED
SYN_0775,10.537218630931296,74.42436697998646,200,0.0,9.373559281866792e-08,0.0,UNSAFE,RED
SYN_0776,24.60374979688741,66.33532421653517,0,0.0,2.301287712794121e-05,0.0,UNSAFE,RED
SYN_0776,24.60374979688741,66.33532421653517,10,0.0,5.63437703172935e-06,0.0,UNSAFE,RED
SYN_0776,24.60374979688741,66.33532421653517,25,0.0,1.4178185429053253e-06,0.0,UNSAFE,RED
SYN_0776,24.60374979688741,66.33532421653517,50,0.0,3.1034277489888223e-07,0.0,UNSAFE,RED
SYN_0776,24.60374979688741,66.33532421653517,75,0.0,6.954533433496278e-08,0.0,UNSAFE,RED
SYN_0776,24.60374979688741,66.33532421653517,100,0.0,1.8967982564792324e-06,0.0,UNSAFE,RED
SYN_0776,24.60374979688741,66.33532421653517,150,0.0,9.226121510441236e-08,0.0,UNSAFE,RED
SYN_0776,24.60374979688741,66.33532421653517,200,0.0,2.551197742763027e-07,0.0,UNSAFE,RED
SYN_0777,24.736608686123493,70.70638722576075,0,0.0,1.7311206272468098e-05,0.0,UNSAFE,RED
SYN_0777,24.736608686123493,70.70638722576075,10,0.0,4.882789980121349e-06,0.0,UNSAFE,RED
SYN_0777,24.736608686123493,70.70638722576075,25,0.0,3.863067124304061e-06,0.0,UNSAFE,RED
SYN_0777,24.736608686123493,70.70638722576075,50,0.0,7.171580092708464e-07,0.0,UNSAFE,RED
SYN_0777,24.736608686123493,70.70638722576075,75,0.0,1.2714561596878243e-06,0.0,UNSAFE,RED
SYN_0777,24.736608686123493,70.70638722576075,100,0.0,3.3902818490784553e-07,0.0,UNSAFE,RED
SYN_0777,24.736608686123493,70.70638722576075,150,0.0,1.367584947489552e-07,0.0,UNSAFE,RED
SYN_0777,24.736608686123493,70.70638722576075,200,0.0,3.141913807084932e-07,0.0,UNSAFE,RED
SYN_0778,21.727007094558683,71.49916984849246,0,0.0,3.21271101519748e-05,0.0,UNSAFE,RED
SYN_0778,21.727007094558683,71.49916984849246,10,0.0,1.2760520425372567e-05,0.0,UNSAFE,RED
SYN_0778,21.727007094558683,71.49916984849246,25,0.0,3.4954593872963e-08,0.0,UNSAFE,RED
SYN_0778,21.727007094558683,71.49916984849246,50,0.0,5.509707655003053e-08,0.0,UNSAFE,RED
SYN_0778,21.727007094558683,71.49916984849246,75,0.0,3.8833668538537054e-07,0.0,UNSAFE,RED
SYN_0778,21.727007094558683,71.49916984849246,100,0.0,6.765646595493789e-07,0.0,UNSAFE,RED
SYN_0778,21.727007094558683,71.49916984849246,150,0.0,1.2024155615248957e-07,0.0,UNSAFE,RED
SYN_0778,21.727007094558683,71.49916984849246,200,0.0,1.6335238553513788e-07,0.0,UNSAFE,RED
SYN_0779,15.29706576922242,82.09738049566552,0,0.0,2.8851924725084397e-06,0.0,UNSAFE,RED
SYN_0779,15.29706576922242,82.09738049566552,10,0.0,2.6937673337051654e-06,0.0,UNSAFE,RED
SYN_0779,15.29706576922242,82.09738049566552,25,0.0,6.904890518773987e-07,0.0,UNSAFE,RED
SYN_0779,15.29706576922242,82.09738049566552,50,0.0,3.160124999810773e-07,0.0,UNSAFE,RED
SYN_0779,15.29706576922242,82.09738049566552,75,0.0,4.5867830870226197e-07,0.0,UNSAFE,RED
SYN_0779,15.29706576922242,82.09738049566552,100,0.0,1.9759933023693312e-07,0.0,UNSAFE,RED
SYN_0779,15.29706576922242,82.09738049566552,150,0.0,8.34051292534257e-09,0.0,UNSAFE,RED
SYN_0779,15.29706576922242,82.09738049566552,200,0.0,1.9778451904659223e-07,0.0,UNSAFE,RED
SYN_0780,13.844005623544763,83.94071388292426,0,0.0,5.898211884187347e-06,0.0,UNSAFE,RED
SYN_0780,13.844005623544763,83.94071388292426,10,0.0,1.3449611912039191e-06,0.0,UNSAFE,RED
SYN_0780,13.844005623544763,83.94071388292426,25,0.0,1.4808388260477598e-06,0.0,UNSAFE,RED
SYN_0780,13.844005623544763,83.94071388292426,50,0.0,2.5891426701056917e-07,0.0,UNSAFE,RED
SYN_0780,13.844005623544763,83.94071388292426,75,0.0,1.397560753655008e-07,0.0,UNSAFE,RED
SYN_0780,13.844005623544763,83.94071388292426,100,0.0,7.432281392405591e-08,0.0,UNSAFE,RED
SYN_0780,13.844005623544763,83.94071388292426,150,0.0,2.9619069013570226e-08,0.0,UNSAFE,RED
SYN_0780,13.844005623544763,83.94071388292426,200,0.0,7.173335966606198e-07,0.0,UNSAFE,RED
SYN_0781,14.265748981328697,81.4406509368473,0,0.0,4.648662468812209e-06,0.0,UNSAFE,RED
SYN_0781,14.265748981328697,81.4406509368473,10,0.0,4.2907575897198057e-07,0.0,UNSAFE,RED
SYN_0781,14.265748981328697,81.4406509368473,25,0.0,4.292539092649153e-06,0.0,UNSAFE,RED
SYN_0781,14.265748981328697,81.4406509368473,50,0.0,1.026021838757645e-06,0.0,UNSAFE,RED
SYN_0781,14.265748981328697,81.4406509368473,75,0.0,6.7737315380488e-07,0.0,UNSAFE,RED
SYN_0781,14.265748981328697,81.4406509368473,100,0.0,5.609114956918015e-07,0.0,UNSAFE,RED
SYN_0781,14.265748981328697,81.4406509368473,150,0.0,1.4509670754906183e-07,0.0,UNSAFE,RED
SYN_0781,14.265748981328697,81.4406509368473,200,0.0,2.735270618711463e-07,0.0,UNSAFE,RED
SYN_0782,23.52002009412093,83.61940776997328,0,0.0,2.8333945600562826e-05,0.0,UNSAFE,RED
SYN_0782,23.52002009412093,83.61940776997328,10,0.0,3.3062958149809585e-06,0.0,UNSAFE,RED
SYN_0782,23.52002009412093,83.61940776997328,25,0.0,3.7214227342836647e-06,0.0,UNSAFE,RED
SYN_0782,23.52002009412093,83.61940776997328,50,0.0,5.654716857573323e-08,0.0,UNSAFE,RED
SYN_0782,23.52002009412093,83.61940776997328,75,0.0,1.7684074012615806e-06,0.0,UNSAFE,RED
SYN_0782,23.52002009412093,83.61940776997328,100,0.0,1.723140939619493e-06,0.0,UNSAFE,RED
SYN_0782,23.52002009412093,83.61940776997328,150,0.0,1.0481187923989893e-07,0.0,UNSAFE,RED
SYN_0782,23.52002009412093,83.61940776997328,200,0.0,4.3005106375762757e-07,0.0,UNSAFE,RED
SYN_0783,16.369984765832083,77.25605696519602,0,0.0,4.894925248904855e-06,0.0,UNSAFE,RED
SYN_0783,16.369984765832083,77.25605696519602,10,0.0,1.7666424145515703e-06,0.0,UNSAFE,RED
SYN_0783,16.369984765832083,77.25605696519602,25,0.0,4.927168315426013e-07,0.0,UNSAFE,RED
SYN_0783,16.369984765832083,77.25605696519602,50,0.0,1.0421132342339436e-06,0.0,UNSAFE,RED
SYN_0783,16.369984765832083,77.25605696519602,75,0.0,1.9744483522831592e-07,0.0,UNSAFE,RED
SYN_0783,16.369984765832083,77.25605696519602,100,0.0,1.5186807255878155e-06,0.0,UNSAFE,RED
SYN_0783,16.369984765832083,77.25605696519602,150,0.0,9.500127461288615e-08,0.0,UNSAFE,RED
SYN_0783,16.369984765832083,77.25605696519602,200,5.97176590483952e-05,1.6326556771083396e-06,36.57476736149343,SAFE,GREEN
SYN_0784,19.655313621868267,79.53840677162047,0,0.0,7.044296061073672e-06,0.0,UNSAFE,RED
SYN_0784,19.655313621868267,79.53840677162047,10,0.0,5.598530059602488e-07,0.0,UNSAFE,RED
SYN_0784,19.655313621868267,79.53840677162047,25,0.0,1.0976414425911573e-05,0.0,UNSAFE,RED
SYN_0784,19.655313621868267,79.53840677162047,50,0.0,1.634002497125444e-06,0.0,UNSAFE,RED
SYN_0784,19.655313621868267,79.53840677162047,75,0.0,6.70339070707876e-07,0.0,UNSAFE,RED
SYN_0784,19.655313621868267,79.53840677162047,100,0.0,7.855272727954053e-07,0.0,UNSAFE,RED
SYN_0784,19.655313621868267,79.53840677162047,150,0.0,7.470759132433804e-08,0.0,UNSAFE,RED
SYN_0784,19.655313621868267,79.53840677162047,200,0.0,2.3827757660865765e-08,0.0,UNSAFE,RED
SYN_0785,8.718687889645341,68.79003950652763,0,0.0,1.335123972087406e-05,0.0,UNSAFE,RED
SYN_0785,8.718687889645341,68.79003950652763,10,0.0,1.9677569532083287e-06,0.0,UNSAFE,RED
SYN_0785,8.718687889645341,68.79003950652763,25,0.0,5.4798703243450196e-06,0.0,UNSAFE,RED
SYN_0785,8.718687889645341,68.79003950652763,50,0.0,7.511026510129693e-07,0.0,UNSAFE,RED
SYN_0785,8.718687889645341,68.79003950652763,75,0.0,1.0308633865721965e-06,0.0,UNSAFE,RED
SYN_0785,8.718687889645341,68.79003950652763,100,0.0,2.2892072989648362e-07,0.0,UNSAFE,RED
SYN_0785,8.718687889645341,68.79003950652763,150,0.0,2.812914698835929e-07,0.0,UNSAFE,RED
SYN_0785,8.718687889645341,68.79003950652763,200,0.0,1.1072022423706716e-06,0.0,UNSAFE,RED
SYN_0786,8.00240791626643,71.97999784505176,0,0.0,2.7474008923888438e-05,0.0,UNSAFE,RED
SYN_0786,8.00240791626643,71.97999784505176,10,0.0,4.346262624483714e-06,0.0,UNSAFE,RED
SYN_0786,8.00240791626643,71.97999784505176,25,0.0,3.738834190438676e-06,0.0,UNSAFE,RED
SYN_0786,8.00240791626643,71.97999784505176,50,0.0,3.4991740522335466e-07,0.0,UNSAFE,RED
SYN_0786,8.00240791626643,71.97999784505176,75,0.0,5.9723156539124e-08,0.0,UNSAFE,RED
SYN_0786,8.00240791626643,71.97999784505176,100,0.0,2.6381961917897143e-07,0.0,UNSAFE,RED
SYN_0786,8.00240791626643,71.97999784505176,150,0.0,2.2301605884091087e-07,0.0,UNSAFE,RED
SYN_0786,8.00240791626643,71.97999784505176,200,0.0,5.279299772560222e-07,0.0,UNSAFE,RED
SYN_0787,20.42363392236456,67.23412244465943,0,0.0,4.460520786407994e-06,0.0,UNSAFE,RED
SYN_0787,20.42363392236456,67.23412244465943,10,0.0,3.261300672090899e-06,0.0,UNSAFE,RED
SYN_0787,20.42363392236456,67.23412244465943,25,0.0,1.0923496847185621e-06,0.0,UNSAFE,RED
SYN_0787,20.42363392236456,67.23412244465943,50,0.0,7.544620114245405e-08,0.0,UNSAFE,RED
SYN_0787,20.42363392236456,67.23412244465943,75,0.0,1.8031168199650198e-07,0.0,UNSAFE,RED
SYN_0787,20.42363392236456,67.23412244465943,100,0.0,3.9968075783181254e-07,0.0,UNSAFE,RED
SYN_0787,20.42363392236456,67.23412244465943,150,0.0,1.0839106606335261e-09,0.0,UNSAFE,RED
SYN_0787,20.42363392236456,67.23412244465943,200,0.0,1.475492037172353e-06,0.0,UNSAFE,RED
SYN_0788,24.0296953502014,82.03849389448824,0,0.0,1.5008715198103475e-06,0.0,UNSAFE,RED
SYN_0788,24.0296953502014,82.03849389448824,10,0.0,7.016880618549149e-08,0.0,UNSAFE,RED
SYN_0788,24.0296953502014,82.03849389448824,25,0.0,7.046669068452794e-07,0.0,UNSAFE,RED
SYN_0788,24.0296953502014,82.03849389448824,50,0.0,1.7496086875313654e-06,0.0,UNSAFE,RED
SYN_0788,24.0296953502014,82.03849389448824,75,0.0,4.510720535395398e-08,0.0,UNSAFE,RED
SYN_0788,24.0296953502014,82.03849389448824,100,0.0,2.907094322119662e-06,0.0,UNSAFE,RED
SYN_0788,24.0296953502014,82.03849389448824,150,0.0,4.315369280762815e-09,0.0,UNSAFE,RED
SYN_0788,24.0296953502014,82.03849389448824,200,0.0,3.104148932666259e-07,0.0,UNSAFE,RED
SYN_0789,5.464534269222354,70.0262983591751,0,0.0,1.4073998053110996e-06,0.0,UNSAFE,RED
SYN_0789,5.464534269222354,70.0262983591751,10,0.0,4.089450562222048e-09,0.0,UNSAFE,RED
SYN_0789,5.464534269222354,70.0262983591751,25,0.0,2.6840913900623384e-06,0.0,UNSAFE,RED
SYN_0789,5.464534269222354,70.0262983591751,50,0.0,6.064872303152331e-07,0.0,UNSAFE,RED
SYN_0789,5.464534269222354,70.0262983591751,75,0.0,5.141085792844252e-07,0.0,UNSAFE,RED
SYN_0789,5.464534269222354,70.0262983591751,100,0.0,5.107809553482945e-07,0.0,UNSAFE,RED
SYN_0789,5.464534269222354,70.0262983591751,150,0.0,1.4941986497485896e-07,0.0,UNSAFE,RED
SYN_0789,5.464534269222354,70.0262983591751,200,0.0,1.45765686521884e-07,0.0,UNSAFE,RED
SYN_0790,15.770807747526984,84.72073979978096,0,0.0,3.2982217674330396e-06,0.0,UNSAFE,RED
SYN_0790,15.770807747526984,84.72073979978096,10,0.0,6.422741451610808e-07,0.0,UNSAFE,RED
SYN_0790,15.770807747526984,84.72073979978096,25,0.0,4.122907521211578e-06,0.0,UNSAFE,RED
SYN_0790,15.770807747526984,84.72073979978096,50,0.0,1.6698238701840757e-07,0.0,UNSAFE,RED
SYN_0790,15.770807747526984,84.72073979978096,75,0.0,2.2951842778191635e-07,0.0,UNSAFE,RED
SYN_0790,15.770807747526984,84.72073979978096,100,0.0,1.75549456795574e-07,0.0,UNSAFE,RED
SYN_0790,15.770807747526984,84.72073979978096,150,0.0,3.535834256262491e-07,0.0,UNSAFE,RED
SYN_0790,15.770807747526984,84.72073979978096,200,0.0,1.5288119973736202e-06,0.0,UNSAFE,RED
SYN_0791,15.066200617618978,80.1564798806091,0,0.0,1.1266565607157037e-05,0.0,UNSAFE,RED
SYN_0791,15.066200617618978,80.1564798806091,10,0.0,4.7653344525689244e-07,0.0,UNSAFE,RED
SYN_0791,15.066200617618978,80.1564798806091,25,0.0,5.1331220593257415e-06,0.0,UNSAFE,RED
SYN_0791,15.066200617618978,80.1564798806091,50,0.0,1.8481734775807095e-07,0.0,UNSAFE,RED
SYN_0791,15.066200617618978,80.1564798806091,75,0.0,2.1159532717891057e-07,0.0,UNSAFE,RED
SYN_0791,15.066200617618978,80.1564798806091,100,0.0,1.257447842348257e-06,0.0,UNSAFE,RED
SYN_0791,15.066200617618978,80.1564798806091,150,0.0,8.974302019782736e-08,0.0,UNSAFE,RED
SYN_0791,15.066200617618978,80.1564798806091,200,0.0,1.397612066005224e-06,0.0,UNSAFE,RED
SYN_0792,6.3092896972822565,79.044381639334,0,0.0,6.306892489892327e-07,0.0,UNSAFE,RED
SYN_0792,6.3092896972822565,79.044381639334,10,0.0,1.697933637109181e-07,0.0,UNSAFE,RED
SYN_0792,6.3092896972822565,79.044381639334,25,0.0,4.886149262778642e-07,0.0,UNSAFE,RED
SYN_0792,6.3092896972822565,79.044381639334,50,0.0,4.9137695422728e-07,0.0,UNSAFE,RED
SYN_0792,6.3092896972822565,79.044381639334,75,0.0,9.345303981165379e-07,0.0,UNSAFE,RED
SYN_0792,6.3092896972822565,79.044381639334,100,0.0,2.4444013391046983e-07,0.0,UNSAFE,RED
SYN_0792,6.3092896972822565,79.044381639334,150,0.0,1.628398546840931e-07,0.0,UNSAFE,RED
SYN_0792,6.3092896972822565,79.044381639334,200,0.0,4.1726715652350205e-08,0.0,UNSAFE,RED
SYN_0793,11.47839654333335,69.65539712477198,0,0.0,2.7602255698109287e-05,0.0,UNSAFE,RED
SYN_0793,11.47839654333335,69.65539712477198,10,0.0,7.417189982294713e-06,0.0,UNSAFE,RED
SYN_0793,11.47839654333335,69.65539712477198,25,0.0,8.386551401696609e-07,0.0,UNSAFE,RED
SYN_0793,11.47839654333335,69.65539712477198,50,0.0,1.0945773953236351e-06,0.0,UNSAFE,RED
SYN_0793,11.47839654333335,69.65539712477198,75,0.0,1.3394949858729928e-07,0.0,UNSAFE,RED
SYN_0793,11.47839654333335,69.65539712477198,100,0.0,5.385672913322985e-07,0.0,UNSAFE,RED
SYN_0793,11.47839654333335,69.65539712477198,150,0.0,1.2124156476352487e-07,0.0,UNSAFE,RED
SYN_0793,11.47839654333335,69.65539712477198,200,0.0,2.7395044925350137e-07,0.0,UNSAFE,RED
SYN_0794,11.774975912788843,67.9986137908002,0,0.0,8.373479195018483e-07,0.0,UNSAFE,RED
SYN_0794,11.774975912788843,67.9986137908002,10,0.0,2.3984128919440547e-06,0.0,UNSAFE,RED
SYN_0794,11.774975912788843,67.9986137908002,25,0.0,2.5147363793811146e-06,0.0,UNSAFE,RED
SYN_0794,11.774975912788843,67.9986137908002,50,0.0,6.72072657475577e-07,0.0,UNSAFE,RED
SYN_0794,11.774975912788843,67.9986137908002,75,0.0,1.7707681882068212e-06,0.0,UNSAFE,RED
SYN_0794,11.774975912788843,67.9986137908002,100,0.0,5.319771701832918e-07,0.0,UNSAFE,RED
SYN_0794,11.774975912788843,67.9986137908002,150,0.0,7.125645020218386e-08,0.0,UNSAFE,RED
SYN_0794,11.774975912788843,67.9986137908002,200,0.0,7.074912692309694e-07,0.0,UNSAFE,RED
SYN_0795,14.5280943747672,68.251514346205,0,0.0,1.7286372465035397e-05,0.0,UNSAFE,RED
SYN_0795,14.5280943747672,68.251514346205,10,0.0,4.430873852033554e-06,0.0,UNSAFE,RED
SYN_0795,14.5280943747672,68.251514346205,25,0.0,1.051418706785184e-06,0.0,UNSAFE,RED
SYN_0795,14.5280943747672,68.251514346205,50,0.0,6.903139854511077e-08,0.0,UNSAFE,RED
SYN_0795,14.5280943747672,68.251514346205,75,0.0,1.2025575738431365e-07,0.0,UNSAFE,RED
SYN_0795,14.5280943747672,68.251514346205,100,0.0,3.35167725166324e-08,0.0,UNSAFE,RED
SYN_0795,14.5280943747672,68.251514346205,150,0.0,5.614228508039693e-08,0.0,UNSAFE,RED
SYN_0795,14.5280943747672,68.251514346205,200,0.0,4.052854214380689e-07,0.0,UNSAFE,RED
SYN_0796,17.912794395259564,84.42483665760702,0,0.0,1.103784854995422e-05,0.0,UNSAFE,RED
SYN_0796,17.912794395259564,84.42483665760702,10,0.0,8.548362439525913e-06,0.0,UNSAFE,RED
SYN_0796,17.912794395259564,84.42483665760702,25,0.0,7.620679597636084e-07,0.0,UNSAFE,RED
SYN_0796,17.912794395259564,84.42483665760702,50,0.0,2.802065454437569e-07,0.0,UNSAFE,RED
SYN_0796,17.912794395259564,84.42483665760702,75,0.0,1.5658381979399487e-07,0.0,UNSAFE,RED
SYN_0796,17.912794395259564,84.42483665760702,100,0.0,2.7765482689864906e-07,0.0,UNSAFE,RED
SYN_0796,17.912794395259564,84.42483665760702,150,0.0,2.0775120182208193e-08,0.0,UNSAFE,RED
SYN_0796,17.912794395259564,84.42483665760702,200,0.0,4.497843918507453e-07,0.0,UNSAFE,RED
SYN_0797,16.002134601383275,69.58681254502419,0,0.0,3.88077375166792e-05,0.0,UNSAFE,RED
SYN_0797,16.002134601383275,69.58681254502419,10,0.0,6.021222170878022e-06,0.0,UNSAFE,RED
SYN_0797,16.002134601383275,69.58681254502419,25,0.0,4.878612555642358e-06,0.0,UNSAFE,RED
SYN_0797,16.002134601383275,69.58681254502419,50,0.0,2.7208152688875315e-07,0.0,UNSAFE,RED
SYN_0797,16.002134601383275,69.58681254502419,75,0.0,8.121632276563713e-07,0.0,UNSAFE,RED
SYN_0797,16.002134601383275,69.58681254502419,100,0.0,1.1911048576685442e-08,0.0,UNSAFE,RED
SYN_0797,16.002134601383275,69.58681254502419,150,0.0,2.829878311214051e-08,0.0,UNSAFE,RED
SYN_0797,16.002134601383275,69.58681254502419,200,4.2746012619051387e-05,7.903849099925688e-07,54.075684530718284,SAFE,GREEN
SYN_0798,14.127531864958902,79.72934774900004,0,0.0,1.5364096425515834e-05,0.0,UNSAFE,RED
SYN_0798,14.127531864958902,79.72934774900004,10,0.0,3.4015268088023077e-06,0.0,UNSAFE,RED
SYN_0798,14.127531864958902,79.72934774900004,25,0.0,7.006731675328686e-07,0.0,UNSAFE,RED
SYN_0798,14.127531864958902,79.72934774900004,50,0.0,6.218870162283949e-07,0.0,UNSAFE,RED
SYN_0798,14.127531864958902,79.72934774900004,75,0.0,2.606605778249154e-07,0.0,UNSAFE,RED
SYN_0798,14.127531864958902,79.72934774900004,100,0.0,5.984415227467531e-07,0.0,UNSAFE,RED
SYN_0798,14.127531864958902,79.72934774900004,150,0.0,4.785259431012376e-07,0.0,UNSAFE,RED
SYN_0798,14.127531864958902,79.72934774900004,200,1.4644942406234358e-05,2.567406862562338e-06,5.703954532615699,SAFE,GREEN
SYN_0799,19.27684560099653,66.06454569751062,0,0.0,4.058581513376311e-06,0.0,UNSAFE,RED
SYN_0799,19.27684560099653,66.06454569751062,10,0.0,4.1688068450815307e-07,0.0,UNSAFE,RED
SYN_0799,19.27684560099653,66.06454569751062,25,0.0,4.4746837773492164e-07,0.0,UNSAFE,RED
SYN_0799,19.27684560099653,66.06454569751062,50,0.0,1.1487210933616395e-07,0.0,UNSAFE,RED
SYN_0799,19.27684560099653,66.06454569751062,75,0.0,5.963126202789895e-07,0.0,UNSAFE,RED
SYN_0799,19.27684560099653,66.06454569751062,100,0.0,1.5420657401772245e-06,0.0,UNSAFE,RED
SYN_0799,19.27684560099653,66.06454569751062,150,0.0,3.26399332091711e-07,0.0,UNSAFE,RED
SYN_0799,19.27684560099653,66.06454569751062,200,0.0,1.8911544535524053e-06,0.0,UNSAFE,RED
SYN_0800,23.986509700207115,76.65370504141411,0,0.0,3.35996917829355e-05,0.0,UNSAFE,RED
SYN_0800,23.986509700207115,76.65370504141411,10,0.0,9.323838343588433e-06,0.0,UNSAFE,RED
SYN_0800,23.986509700207115,76.65370504141411,25,0.0,9.063195652464998e-07,0.0,UNSAFE,RED
SYN_0800,23.986509700207115,76.65370504141411,50,0.0,6.463552541710934e-07,0.0,UNSAFE,RED
SYN_0800,23.986509700207115,76.65370504141411,75,0.0,9.93439754524441e-07,0.0,UNSAFE,RED
SYN_0800,23.986509700207115,76.65370504141411,100,0.0,6.302091488794096e-07,0.0,UNSAFE,RED
SYN_0800,23.986509700207115,76.65370504141411,150,0.0,1.935796195870751e-07,0.0,UNSAFE,RED
SYN_0800,23.986509700207115,76.65370504141411,200,0.0,1.5267875697154457e-07,0.0,UNSAFE,RED
SYN_0801,19.100149482415056,84.84930157555519,0,0.0,1.6727599190433548e-05,0.0,UNSAFE,RED
SYN_0801,19.100149482415056,84.84930157555519,10,0.0,2.7053679476137633e-06,0.0,UNSAFE,RED
SYN_0801,19.100149482415056,84.84930157555519,25,0.0,6.2760761635546405e-06,0.0,UNSAFE,RED
SYN_0801,19.100149482415056,84.84930157555519,50,0.0,2.545107172636548e-07,0.0,UNSAFE,RED
SYN_0801,19.100149482415056,84.84930157555519,75,0.0,7.016157632702581e-07,0.0,UNSAFE,RED
SYN_0801,19.100149482415056,84.84930157555519,100,0.0,7.214071075878879e-07,0.0,UNSAFE,RED
SYN_0801,19.100149482415056,84.84930157555519,150,0.0,3.4216541406866874e-07,0.0,UNSAFE,RED
SYN_0801,19.100149482415056,84.84930157555519,200,0.0,7.279029031743928e-07,0.0,UNSAFE,RED
SYN_0802,12.258226892467704,81.81835494803383,0,0.0,6.000417799511831e-05,0.0,UNSAFE,RED
SYN_0802,12.258226892467704,81.81835494803383,10,0.0,7.517239240341251e-06,0.0,UNSAFE,RED
SYN_0802,12.258226892467704,81.81835494803383,25,0.0,7.674975471884256e-06,0.0,UNSAFE,RED
SYN_0802,12.258226892467704,81.81835494803383,50,0.0,4.057236092850462e-08,0.0,UNSAFE,RED
SYN_0802,12.258226892467704,81.81835494803383,75,0.0,1.719097665213796e-06,0.0,UNSAFE,RED
SYN_0802,12.258226892467704,81.81835494803383,100,0.0,9.644111243318794e-08,0.0,UNSAFE,RED
SYN_0802,12.258226892467704,81.81835494803383,150,0.0,1.6402382449288794e-08,0.0,UNSAFE,RED
SYN_0802,12.258226892467704,81.81835494803383,200,0.0,1.788263037906047e-08,0.0,UNSAFE,RED
SYN_0803,14.017673928552288,84.66643195274472,0,0.0,1.7340246751996677e-05,0.0,UNSAFE,RED
SYN_0803,14.017673928552288,84.66643195274472,10,0.0,3.532881582186774e-06,0.0,UNSAFE,RED
SYN_0803,14.017673928552288,84.66643195274472,25,0.0,3.547814278267115e-06,0.0,UNSAFE,RED
SYN_0803,14.017673928552288,84.66643195274472,50,0.0,8.02446790893872e-07,0.0,UNSAFE,RED
SYN_0803,14.017673928552288,84.66643195274472,75,0.0,4.4392077526515527e-07,0.0,UNSAFE,RED
SYN_0803,14.017673928552288,84.66643195274472,100,0.0,1.3146601588933116e-06,0.0,UNSAFE,RED
SYN_0803,14.017673928552288,84.66643195274472,150,0.0,6.992194200261259e-08,0.0,UNSAFE,RED
SYN_0803,14.017673928552288,84.66643195274472,200,0.0,8.133454080470195e-07,0.0,UNSAFE,RED
SYN_0804,13.538490837870388,76.92975678496302,0,0.0,2.251802920530972e-05,0.0,UNSAFE,RED
SYN_0804,13.538490837870388,76.92975678496302,10,0.0,4.715212603704016e-06,0.0,UNSAFE,RED
SYN_0804,13.538490837870388,76.92975678496302,25,0.0,1.2069867734568684e-06,0.0,UNSAFE,RED
SYN_0804,13.538490837870388,76.92975678496302,50,0.0,1.2876561750113036e-06,0.0,UNSAFE,RED
SYN_0804,13.538490837870388,76.92975678496302,75,0.0,2.4703931134009803e-07,0.0,UNSAFE,RED
SYN_0804,13.538490837870388,76.92975678496302,100,0.0,1.1090694461074601e-06,0.0,UNSAFE,RED
SYN_0804,13.538490837870388,76.92975678496302,150,0.0,1.727214595869287e-07,0.0,UNSAFE,RED
SYN_0804,13.538490837870388,76.92975678496302,200,0.0,6.159453754193502e-07,0.0,UNSAFE,RED
SYN_0805,13.838255354289531,81.99759529214643,0,0.0,2.9922651236346953e-06,0.0,UNSAFE,RED
SYN_0805,13.838255354289531,81.99759529214643,10,0.0,1.4885157789334143e-06,0.0,UNSAFE,RED
SYN_0805,13.838255354289531,81.99759529214643,25,0.0,5.528311921989589e-07,0.0,UNSAFE,RED
SYN_0805,13.838255354289531,81.99759529214643,50,0.0,6.471388257986852e-07,0.0,UNSAFE,RED
SYN_0805,13.838255354289531,81.99759529214643,75,0.0,8.195773336124499e-07,0.0,UNSAFE,RED
SYN_0805,13.838255354289531,81.99759529214643,100,0.0,1.0789234230431128e-06,0.0,UNSAFE,RED
SYN_0805,13.838255354289531,81.99759529214643,150,0.0,9.574888235961099e-08,0.0,UNSAFE,RED
SYN_0805,13.838255354289531,81.99759529214643,200,0.0,5.816978099588581e-07,0.0,UNSAFE,RED
SYN_0806,11.525509823024771,78.28603200519856,0,0.0,1.2175420144969204e-05,0.0,UNSAFE,RED
SYN_0806,11.525509823024771,78.28603200519856,10,0.0,4.043051369334319e-06,0.0,UNSAFE,RED
SYN_0806,11.525509823024771,78.28603200519856,25,0.0,8.501190739633653e-07,0.0,UNSAFE,RED
SYN_0806,11.525509823024771,78.28603200519856,50,0.0,3.015864910263091e-07,0.0,UNSAFE,RED
SYN_0806,11.525509823024771,78.28603200519856,75,0.0,4.766905603960677e-07,0.0,UNSAFE,RED
SYN_0806,11.525509823024771,78.28603200519856,100,0.0,9.634602342315928e-08,0.0,UNSAFE,RED
SYN_0806,11.525509823024771,78.28603200519856,150,0.0,6.95796305426641e-08,0.0,UNSAFE,RED
SYN_0806,11.525509823024771,78.28603200519856,200,0.0,1.4825682097512975e-07,0.0,UNSAFE,RED
SYN_0807,22.66033158865573,73.96469266434134,0,0.0,2.1301202440952038e-05,0.0,UNSAFE,RED
SYN_0807,22.66033158865573,73.96469266434134,10,0.0,6.970747854754023e-06,0.0,UNSAFE,RED
SYN_0807,22.66033158865573,73.96469266434134,25,0.0,4.509963318122674e-08,0.0,UNSAFE,RED
SYN_0807,22.66033158865573,73.96469266434134,50,0.0,7.704841135699127e-07,0.0,UNSAFE,RED
SYN_0807,22.66033158865573,73.96469266434134,75,0.0,4.2047009498953564e-08,0.0,UNSAFE,RED
SYN_0807,22.66033158865573,73.96469266434134,100,0.0,9.627798316189443e-07,0.0,UNSAFE,RED
SYN_0807,22.66033158865573,73.96469266434134,150,0.0,3.301776917095e-08,0.0,UNSAFE,RED
SYN_0807,22.66033158865573,73.96469266434134,200,0.0,2.064749793020003e-06,0.0,UNSAFE,RED
SYN_0808,10.9150339452706,75.16161072371347,0,0.0,1.774732242699778e-06,0.0,UNSAFE,RED
SYN_0808,10.9150339452706,75.16161072371347,10,0.0,7.682680546621728e-07,0.0,UNSAFE,RED
SYN_0808,10.9150339452706,75.16161072371347,25,0.0,3.0214686099461576e-06,0.0,UNSAFE,RED
SYN_0808,10.9150339452706,75.16161072371347,50,0.0,2.951306145406463e-07,0.0,UNSAFE,RED
SYN_0808,10.9150339452706,75.16161072371347,75,0.0,3.16417882661648e-07,0.0,UNSAFE,RED
SYN_0808,10.9150339452706,75.16161072371347,100,0.0,6.260858967377601e-07,0.0,UNSAFE,RED
SYN_0808,10.9150339452706,75.16161072371347,150,0.0,2.1981535274741842e-07,0.0,UNSAFE,RED
SYN_0808,10.9150339452706,75.16161072371347,200,0.0,9.403994609965061e-07,0.0,UNSAFE,RED
SYN_0809,15.036402317206008,78.97056714163479,0,0.0,8.003932690662851e-06,0.0,UNSAFE,RED
SYN_0809,15.036402317206008,78.97056714163479,10,0.0,2.7678891710220855e-06,0.0,UNSAFE,RED
SYN_0809,15.036402317206008,78.97056714163479,25,0.0,2.1615267078257787e-06,0.0,UNSAFE,RED
SYN_0809,15.036402317206008,78.97056714163479,50,0.0,1.240846360902974e-06,0.0,UNSAFE,RED
SYN_0809,15.036402317206008,78.97056714163479,75,0.0,7.01871508509444e-08,0.0,UNSAFE,RED
SYN_0809,15.036402317206008,78.97056714163479,100,0.0,6.800958483330574e-07,0.0,UNSAFE,RED
SYN_0809,15.036402317206008,78.97056714163479,150,0.0,4.1503463305524436e-08,0.0,UNSAFE,RED
SYN_0809,15.036402317206008,78.97056714163479,200,0.0,6.78893246127486e-07,0.0,UNSAFE,RED
SYN_0810,5.289216915076218,66.5485830100061,0,0.0,5.469060257882838e-06,0.0,UNSAFE,RED
SYN_0810,5.289216915076218,66.5485830100061,10,0.0,9.025086575513939e-07,0.0,UNSAFE,RED
SYN_0810,5.289216915076218,66.5485830100061,25,0.0,1.5592289724088284e-06,0.0,UNSAFE,RED
SYN_0810,5.289216915076218,66.5485830100061,50,0.0,7.211231758256438e-08,0.0,UNSAFE,RED
SYN_0810,5.289216915076218,66.5485830100061,75,0.0,3.8440682470634254e-08,0.0,UNSAFE,RED
SYN_0810,5.289216915076218,66.5485830100061,100,0.0,1.1112283939352663e-06,0.0,UNSAFE,RED
SYN_0810,5.289216915076218,66.5485830100061,150,0.0,3.815035278246191e-07,0.0,UNSAFE,RED
SYN_0810,5.289216915076218,66.5485830100061,200,0.0,1.2354856769709905e-06,0.0,UNSAFE,RED
SYN_0811,6.33321526555738,72.78902356983848,0,0.0,4.099929353940197e-06,0.0,UNSAFE,RED
SYN_0811,6.33321526555738,72.78902356983848,10,0.0,2.446680380156508e-07,0.0,UNSAFE,RED
SYN_0811,6.33321526555738,72.78902356983848,25,0.0,2.4580878022543795e-06,0.0,UNSAFE,RED
SYN_0811,6.33321526555738,72.78902356983848,50,0.0,1.1031105388857276e-07,0.0,UNSAFE,RED
SYN_0811,6.33321526555738,72.78902356983848,75,0.0,1.123107605832972e-06,0.0,UNSAFE,RED
SYN_0811,6.33321526555738,72.78902356983848,100,0.0,2.023376005907516e-07,0.0,UNSAFE,RED
SYN_0811,6.33321526555738,72.78902356983848,150,0.0,1.1828438877684718e-07,0.0,UNSAFE,RED
SYN_0811,6.33321526555738,72.78902356983848,200,0.0,2.5475735124829094e-07,0.0,UNSAFE,RED
SYN_0812,19.892676145370917,65.39802870801213,0,0.0,3.417920661361119e-05,0.0,UNSAFE,RED
SYN_0812,19.892676145370917,65.39802870801213,10,0.0,1.0406262848628356e-05,0.0,UNSAFE,RED
SYN_0812,19.892676145370917,65.39802870801213,25,0.0,2.287586140862068e-06,0.0,UNSAFE,RED
SYN_0812,19.892676145370917,65.39802870801213,50,0.0,2.1484104705620493e-06,0.0,UNSAFE,RED
SYN_0812,19.892676145370917,65.39802870801213,75,0.0,7.42690203634107e-07,0.0,UNSAFE,RED
SYN_0812,19.892676145370917,65.39802870801213,100,0.0,5.076036644915923e-06,0.0,UNSAFE,RED
SYN_0812,19.892676145370917,65.39802870801213,150,0.0,2.117680134566596e-10,0.0,UNSAFE,RED
SYN_0812,19.892676145370917,65.39802870801213,200,0.0,2.0139557618429762e-07,0.0,UNSAFE,RED
SYN_0813,9.572421160588902,82.74957769622567,0,0.0,1.3698209904835312e-06,0.0,UNSAFE,RED
SYN_0813,9.572421160588902,82.74957769622567,10,0.0,6.186147968380641e-07,0.0,UNSAFE,RED
SYN_0813,9.572421160588902,82.74957769622567,25,0.0,3.1236333739552665e-08,0.0,UNSAFE,RED
SYN_0813,9.572421160588902,82.74957769622567,50,0.0,1.4968788307984472e-07,0.0,UNSAFE,RED
SYN_0813,9.572421160588902,82.74957769622567,75,0.0,1.1703584614511836e-07,0.0,UNSAFE,RED
SYN_0813,9.572421160588902,82.74957769622567,100,0.0,3.133133788979823e-07,0.0,UNSAFE,RED
SYN_0813,9.572421160588902,82.74957769622567,150,0.0,1.1318565817707229e-07,0.0,UNSAFE,RED
SYN_0813,9.572421160588902,82.74957769622567,200,0.0,4.237288421514437e-08,0.0,UNSAFE,RED
SYN_0814,11.902878387791048,77.72272507422053,0,0.0,5.109205020945818e-07,0.0,UNSAFE,RED
SYN_0814,11.902878387791048,77.72272507422053,10,0.0,3.5705383118566275e-07,0.0,UNSAFE,RED
SYN_0814,11.902878387791048,77.72272507422053,25,0.0,6.489068292638179e-07,0.0,UNSAFE,RED
SYN_0814,11.902878387791048,77.72272507422053,50,0.0,5.59568676321774e-07,0.0,UNSAFE,RED
SYN_0814,11.902878387791048,77.72272507422053,75,0.0,1.3915499493060305e-07,0.0,UNSAFE,RED
SYN_0814,11.902878387791048,77.72272507422053,100,0.0,6.323620308695978e-08,0.0,UNSAFE,RED
SYN_0814,11.902878387791048,77.72272507422053,150,0.0,2.9614414562147464e-07,0.0,UNSAFE,RED
SYN_0814,11.902878387791048,77.72272507422053,200,0.0,1.473410501402796e-06,0.0,UNSAFE,RED
SYN_0815,21.27477121257673,84.60756938117486,0,0.0,1.2056834661976141e-05,0.0,UNSAFE,RED
SYN_0815,21.27477121257673,84.60756938117486,10,0.0,3.0000756827779514e-06,0.0,UNSAFE,RED
SYN_0815,21.27477121257673,84.60756938117486,25,0.0,4.858091662506158e-07,0.0,UNSAFE,RED
SYN_0815,21.27477121257673,84.60756938117486,50,0.0,1.9530646973103295e-07,0.0,UNSAFE,RED
SYN_0815,21.27477121257673,84.60756938117486,75,0.0,1.8651601428350692e-06,0.0,UNSAFE,RED
SYN_0815,21.27477121257673,84.60756938117486,100,0.0,8.213494657573802e-07,0.0,UNSAFE,RED
SYN_0815,21.27477121257673,84.60756938117486,150,0.0,3.6265140335684523e-07,0.0,UNSAFE,RED
SYN_0815,21.27477121257673,84.60756938117486,200,0.0,7.232502246615418e-07,0.0,UNSAFE,RED
SYN_0816,20.74794079347441,69.0048607300246,0,0.0,4.043398212647227e-06,0.0,UNSAFE,RED
SYN_0816,20.74794079347441,69.0048607300246,10,0.0,2.03458815955096e-06,0.0,UNSAFE,RED
SYN_0816,20.74794079347441,69.0048607300246,25,0.0,1.2267106959822677e-07,0.0,UNSAFE,RED
SYN_0816,20.74794079347441,69.0048607300246,50,0.0,1.3717916557734626e-07,0.0,UNSAFE,RED
SYN_0816,20.74794079347441,69.0048607300246,75,0.0,2.3173130256484422e-07,0.0,UNSAFE,RED
SYN_0816,20.74794079347441,69.0048607300246,100,0.0,1.6373752616044556e-06,0.0,UNSAFE,RED
SYN_0816,20.74794079347441,69.0048607300246,150,0.0,1.3675100755672403e-07,0.0,UNSAFE,RED
SYN_0816,20.74794079347441,69.0048607300246,200,0.0,4.6913149853928386e-07,0.0,UNSAFE,RED
SYN_0817,22.15011146720796,82.29472473223798,0,0.0,4.080627303160153e-06,0.0,UNSAFE,RED
SYN_0817,22.15011146720796,82.29472473223798,10,0.0,1.339908178684019e-06,0.0,UNSAFE,RED
SYN_0817,22.15011146720796,82.29472473223798,25,0.0,4.914432531583712e-07,0.0,UNSAFE,RED
SYN_0817,22.15011146720796,82.29472473223798,50,0.0,2.387430346766194e-07,0.0,UNSAFE,RED
SYN_0817,22.15011146720796,82.29472473223798,75,0.0,1.1268685051930877e-07,0.0,UNSAFE,RED
SYN_0817,22.15011146720796,82.29472473223798,100,0.0,4.4451045077104445e-07,0.0,UNSAFE,RED
SYN_0817,22.15011146720796,82.29472473223798,150,0.0,2.6005006637374755e-07,0.0,UNSAFE,RED
SYN_0817,22.15011146720796,82.29472473223798,200,0.0,1.4897230077112422e-06,0.0,UNSAFE,RED
SYN_0818,11.247945677343898,65.51720767077194,0,0.0,3.706323563493738e-05,0.0,UNSAFE,RED
SYN_0818,11.247945677343898,65.51720767077194,10,0.0,8.3523680304479e-06,0.0,UNSAFE,RED
SYN_0818,11.247945677343898,65.51720767077194,25,0.0,1.999348862199838e-06,0.0,UNSAFE,RED
SYN_0818,11.247945677343898,65.51720767077194,50,0.0,2.511711303256551e-07,0.0,UNSAFE,RED
SYN_0818,11.247945677343898,65.51720767077194,75,0.0,1.1954468738244901e-06,0.0,UNSAFE,RED
SYN_0818,11.247945677343898,65.51720767077194,100,0.0,1.4943389747992444e-08,0.0,UNSAFE,RED
SYN_0818,11.247945677343898,65.51720767077194,150,0.0,2.073248111630008e-07,0.0,UNSAFE,RED
SYN_0818,11.247945677343898,65.51720767077194,200,0.0,2.3927965376560854e-07,0.0,UNSAFE,RED
SYN_0819,15.008968929326327,79.60707142361443,0,0.0,4.696329677585881e-06,0.0,UNSAFE,RED
SYN_0819,15.008968929326327,79.60707142361443,10,0.0,2.9072342250333717e-06,0.0,UNSAFE,RED
SYN_0819,15.008968929326327,79.60707142361443,25,0.0,2.5064023554966087e-06,0.0,UNSAFE,RED
SYN_0819,15.008968929326327,79.60707142361443,50,0.0,2.4397171401252538e-06,0.0,UNSAFE,RED
SYN_0819,15.008968929326327,79.60707142361443,75,0.0,2.1158880230437933e-08,0.0,UNSAFE,RED
SYN_0819,15.008968929326327,79.60707142361443,100,0.0,1.93191056126295e-06,0.0,UNSAFE,RED
SYN_0819,15.008968929326327,79.60707142361443,150,0.0,4.4759471360274173e-08,0.0,UNSAFE,RED
SYN_0819,15.008968929326327,79.60707142361443,200,0.0,7.63872329978328e-08,0.0,UNSAFE,RED
SYN_0820,12.320942504263565,71.20420141835135,0,0.0,4.540510316406113e-06,0.0,UNSAFE,RED
SYN_0820,12.320942504263565,71.20420141835135,10,0.0,1.6964274156046856e-06,0.0,UNSAFE,RED
SYN_0820,12.320942504263565,71.20420141835135,25,0.0,6.104156088174838e-06,0.0,UNSAFE,RED
SYN_0820,12.320942504263565,71.20420141835135,50,0.0,1.344675753457979e-06,0.0,UNSAFE,RED
SYN_0820,12.320942504263565,71.20420141835135,75,0.0,1.5929085053605441e-07,0.0,UNSAFE,RED
SYN_0820,12.320942504263565,71.20420141835135,100,0.0,5.050000090547261e-08,0.0,UNSAFE,RED
SYN_0820,12.320942504263565,71.20420141835135,150,0.0,2.113064104726481e-08,0.0,UNSAFE,RED
SYN_0820,12.320942504263565,71.20420141835135,200,0.0,3.8706227894611635e-07,0.0,UNSAFE,RED
SYN_0821,22.89853030279008,82.59586470476944,0,0.0,3.5957802157405133e-06,0.0,UNSAFE,RED
SYN_0821,22.89853030279008,82.59586470476944,10,0.0,2.601838532359022e-06,0.0,UNSAFE,RED
SYN_0821,22.89853030279008,82.59586470476944,25,0.0,1.592389705822652e-06,0.0,UNSAFE,RED
SYN_0821,22.89853030279008,82.59586470476944,50,0.0,2.0446730965616777e-07,0.0,UNSAFE,RED
SYN_0821,22.89853030279008,82.59586470476944,75,0.0,1.2276851828097814e-06,0.0,UNSAFE,RED
SYN_0821,22.89853030279008,82.59586470476944,100,0.0,2.1033776902560715e-08,0.0,UNSAFE,RED
SYN_0821,22.89853030279008,82.59586470476944,150,0.0,3.73793345479247e-08,0.0,UNSAFE,RED
SYN_0821,22.89853030279008,82.59586470476944,200,0.0,1.0054715305132249e-06,0.0,UNSAFE,RED
SYN_0822,15.531968603336264,76.32349083510957,0,0.0,1.3639178539730083e-08,0.0,UNSAFE,RED
SYN_0822,15.531968603336264,76.32349083510957,10,0.0,2.6239629910543997e-07,0.0,UNSAFE,RED
SYN_0822,15.531968603336264,76.32349083510957,25,0.0,2.619009766621511e-07,0.0,UNSAFE,RED
SYN_0822,15.531968603336264,76.32349083510957,50,0.0,3.7652447406186884e-07,0.0,UNSAFE,RED
SYN_0822,15.531968603336264,76.32349083510957,75,0.0,6.797366383342694e-08,0.0,UNSAFE,RED
SYN_0822,15.531968603336264,76.32349083510957,100,0.0,5.272144504770192e-08,0.0,UNSAFE,RED
SYN_0822,15.531968603336264,76.32349083510957,150,0.0,6.837370359179263e-08,0.0,UNSAFE,RED
SYN_0822,15.531968603336264,76.32349083510957,200,0.0,8.130839890385163e-07,0.0,UNSAFE,RED
SYN_0823,5.856726958939216,80.8798883333967,0,0.0,1.8237790533476155e-06,0.0,UNSAFE,RED
SYN_0823,5.856726958939216,80.8798883333967,10,0.0,4.095112162280614e-08,0.0,UNSAFE,RED
SYN_0823,5.856726958939216,80.8798883333967,25,0.0,2.281809981662476e-06,0.0,UNSAFE,RED
SYN_0823,5.856726958939216,80.8798883333967,50,0.0,2.3528940784535146e-07,0.0,UNSAFE,RED
SYN_0823,5.856726958939216,80.8798883333967,75,0.0,2.4043720656166207e-07,0.0,UNSAFE,RED
SYN_0823,5.856726958939216,80.8798883333967,100,0.0,1.1684408515508954e-06,0.0,UNSAFE,RED
SYN_0823,5.856726958939216,80.8798883333967,150,0.0,2.304915315129589e-07,0.0,UNSAFE,RED
SYN_0823,5.856726958939216,80.8798883333967,200,1.1537426552762026e-05,1.5630594553737367e-06,7.380837900509348,SAFE,GREEN
SYN_0824,11.366546077115853,66.88279521339378,0,0.0,1.0200713976928874e-05,0.0,UNSAFE,RED
SYN_0824,11.366546077115853,66.88279521339378,10,0.0,4.095809233699582e-06,0.0,UNSAFE,RED
SYN_0824,11.366546077115853,66.88279521339378,25,0.0,6.026458595156874e-08,0.0,UNSAFE,RED
SYN_0824,11.366546077115853,66.88279521339378,50,0.0,8.98368269875535e-07,0.0,UNSAFE,RED
SYN_0824,11.366546077115853,66.88279521339378,75,0.0,1.4374271636398993e-07,0.0,UNSAFE,RED
SYN_0824,11.366546077115853,66.88279521339378,100,0.0,1.0909989288345923e-06,0.0,UNSAFE,RED
SYN_0824,11.366546077115853,66.88279521339378,150,0.0,2.0528388416081207e-08,0.0,UNSAFE,RED
SYN_0824,11.366546077115853,66.88279521339378,200,0.0,2.0214788495379827e-07,0.0,UNSAFE,RED
SYN_0825,22.60916466735408,69.71033237170178,0,0.0,1.5863892749541427e-05,0.0,UNSAFE,RED
SYN_0825,22.60916466735408,69.71033237170178,10,0.0,6.077460252283171e-07,0.0,UNSAFE,RED
SYN_0825,22.60916466735408,69.71033237170178,25,0.0,4.1552269562017975e-06,0.0,UNSAFE,RED
SYN_0825,22.60916466735408,69.71033237170178,50,0.0,1.5024248630190878e-06,0.0,UNSAFE,RED
SYN_0825,22.60916466735408,69.71033237170178,75,0.0,2.1624731558659846e-06,0.0,UNSAFE,RED
SYN_0825,22.60916466735408,69.71033237170178,100,0.0,5.6124472266669426e-06,0.0,UNSAFE,RED
SYN_0825,22.60916466735408,69.71033237170178,150,0.0,2.3880747958786285e-07,0.0,UNSAFE,RED
SYN_0825,22.60916466735408,69.71033237170178,200,0.0,3.2430374122371467e-07,0.0,UNSAFE,RED
SYN_0826,9.358955934055489,76.74950620702546,0,0.0,9.657189212440859e-06,0.0,UNSAFE,RED
SYN_0826,9.358955934055489,76.74950620702546,10,0.0,3.5672370924858293e-07,0.0,UNSAFE,RED
SYN_0826,9.358955934055489,76.74950620702546,25,0.0,1.4627179194562237e-06,0.0,UNSAFE,RED
SYN_0826,9.358955934055489,76.74950620702546,50,0.0,6.622916118494749e-07,0.0,UNSAFE,RED
SYN_0826,9.358955934055489,76.74950620702546,75,0.0,3.508425646853659e-07,0.0,UNSAFE,RED
SYN_0826,9.358955934055489,76.74950620702546,100,0.0,2.346445711625124e-07,0.0,UNSAFE,RED
SYN_0826,9.358955934055489,76.74950620702546,150,0.0,6.21239549637924e-08,0.0,UNSAFE,RED
SYN_0826,9.358955934055489,76.74950620702546,200,4.758122848889083e-05,1.4378663499301226e-07,330.6855323373263,SAFE,GREEN
SYN_0827,19.34054592436162,69.70421448424166,0,0.0,4.411046472590309e-05,0.0,UNSAFE,RED
SYN_0827,19.34054592436162,69.70421448424166,10,0.0,4.995131226285083e-06,0.0,UNSAFE,RED
SYN_0827,19.34054592436162,69.70421448424166,25,0.0,9.65741325291152e-06,0.0,UNSAFE,RED
SYN_0827,19.34054592436162,69.70421448424166,50,0.0,1.1630994766971692e-06,0.0,UNSAFE,RED
SYN_0827,19.34054592436162,69.70421448424166,75,0.0,2.1161724821092885e-06,0.0,UNSAFE,RED
SYN_0827,19.34054592436162,69.70421448424166,100,0.0,2.8465865018812974e-08,0.0,UNSAFE,RED
SYN_0827,19.34054592436162,69.70421448424166,150,0.0,1.3615058282916658e-08,0.0,UNSAFE,RED
SYN_0827,19.34054592436162,69.70421448424166,200,0.0,1.3649503438991618e-07,0.0,UNSAFE,RED
SYN_0828,15.178886159090144,84.58264258786683,0,0.0,4.243821427865434e-06,0.0,UNSAFE,RED
SYN_0828,15.178886159090144,84.58264258786683,10,0.0,1.609607340693083e-06,0.0,UNSAFE,RED
SYN_0828,15.178886159090144,84.58264258786683,25,0.0,2.7464260583859094e-06,0.0,UNSAFE,RED
SYN_0828,15.178886159090144,84.58264258786683,50,0.0,2.2059108520830812e-08,0.0,UNSAFE,RED
SYN_0828,15.178886159090144,84.58264258786683,75,0.0,3.243877902912918e-07,0.0,UNSAFE,RED
SYN_0828,15.178886159090144,84.58264258786683,100,0.0,8.261806494958456e-08,0.0,UNSAFE,RED
SYN_0828,15.178886159090144,84.58264258786683,150,0.0,2.706830855223551e-07,0.0,UNSAFE,RED
SYN_0828,15.178886159090144,84.58264258786683,200,0.0,4.918921064641105e-07,0.0,UNSAFE,RED
SYN_0829,12.177454636514524,65.71759363577698,0,0.0,1.9996774814389524e-06,0.0,UNSAFE,RED
SYN_0829,12.177454636514524,65.71759363577698,10,0.0,2.109363238888964e-07,0.0,UNSAFE,RED
SYN_0829,12.177454636514524,65.71759363577698,25,0.0,1.0682680829804957e-06,0.0,UNSAFE,RED
SYN_0829,12.177454636514524,65.71759363577698,50,0.0,8.857047348216065e-07,0.0,UNSAFE,RED
SYN_0829,12.177454636514524,65.71759363577698,75,0.0,7.775447587471056e-07,0.0,UNSAFE,RED
SYN_0829,12.177454636514524,65.71759363577698,100,0.0,6.052607608618272e-07,0.0,UNSAFE,RED
SYN_0829,12.177454636514524,65.71759363577698,150,0.0,1.5405870843084777e-07,0.0,UNSAFE,RED
SYN_0829,12.177454636514524,65.71759363577698,200,0.0,3.067654879525524e-07,0.0,UNSAFE,RED
SYN_0830,5.214963315031636,81.65846855226229,0,0.0,3.3925231556529876e-05,0.0,UNSAFE,RED
SYN_0830,5.214963315031636,81.65846855226229,10,0.0,4.403662927422824e-06,0.0,UNSAFE,RED
SYN_0830,5.214963315031636,81.65846855226229,25,0.0,4.232683866491584e-06,0.0,UNSAFE,RED
SYN_0830,5.214963315031636,81.65846855226229,50,0.0,1.4253683598838247e-06,0.0,UNSAFE,RED
SYN_0830,5.214963315031636,81.65846855226229,75,0.0,2.5648896316779245e-07,0.0,UNSAFE,RED
SYN_0830,5.214963315031636,81.65846855226229,100,0.0,2.6806904656343955e-06,0.0,UNSAFE,RED
SYN_0830,5.214963315031636,81.65846855226229,150,0.0,1.0337141153769473e-08,0.0,UNSAFE,RED
SYN_0830,5.214963315031636,81.65846855226229,200,0.0,9.942119525679573e-07,0.0,UNSAFE,RED
SYN_0831,12.619101914473116,71.72909888721331,0,0.0,1.0709452349298427e-06,0.0,UNSAFE,RED
SYN_0831,12.619101914473116,71.72909888721331,10,0.0,8.97939643264777e-08,0.0,UNSAFE,RED
SYN_0831,12.619101914473116,71.72909888721331,25,0.0,2.424490897322329e-06,0.0,UNSAFE,RED
SYN_0831,12.619101914473116,71.72909888721331,50,0.0,6.619505250196148e-07,0.0,UNSAFE,RED
SYN_0831,12.619101914473116,71.72909888721331,75,0.0,1.423843823735811e-06,0.0,UNSAFE,RED
SYN_0831,12.619101914473116,71.72909888721331,100,0.0,8.840594723448052e-07,0.0,UNSAFE,RED
SYN_0831,12.619101914473116,71.72909888721331,150,0.0,3.287025550093888e-08,0.0,UNSAFE,RED
SYN_0831,12.619101914473116,71.72909888721331,200,0.0,2.214599902598807e-08,0.0,UNSAFE,RED
SYN_0832,17.699741797248812,67.88170322102926,0,0.0,3.4611937514726443e-06,0.0,UNSAFE,RED
SYN_0832,17.699741797248812,67.88170322102926,10,0.0,8.585716802169386e-07,0.0,UNSAFE,RED
SYN_0832,17.699741797248812,67.88170322102926,25,0.0,1.457330782184778e-06,0.0,UNSAFE,RED
SYN_0832,17.699741797248812,67.88170322102926,50,0.0,9.096849096691329e-07,0.0,UNSAFE,RED
SYN_0832,17.699741797248812,67.88170322102926,75,0.0,4.003074046544957e-08,0.0,UNSAFE,RED
SYN_0832,17.699741797248812,67.88170322102926,100,0.0,2.222097503691926e-07,0.0,UNSAFE,RED
SYN_0832,17.699741797248812,67.88170322102926,150,0.0,2.5310931382588403e-08,0.0,UNSAFE,RED
SYN_0832,17.699741797248812,67.88170322102926,200,0.0,2.840645315690461e-07,0.0,UNSAFE,RED
SYN_0833,5.599990255301535,80.72466390258003,0,0.0,5.7837099544223805e-05,0.0,UNSAFE,RED
SYN_0833,5.599990255301535,80.72466390258003,10,0.0,8.593391401721355e-06,0.0,UNSAFE,RED
SYN_0833,5.599990255301535,80.72466390258003,25,0.0,4.4888909622770555e-06,0.0,UNSAFE,RED
SYN_0833,5.599990255301535,80.72466390258003,50,0.0,9.384088101874012e-09,0.0,UNSAFE,RED
SYN_0833,5.599990255301535,80.72466390258003,75,0.0,1.5329633852815193e-06,0.0,UNSAFE,RED
SYN_0833,5.599990255301535,80.72466390258003,100,0.0,2.412284179913239e-06,0.0,UNSAFE,RED
SYN_0833,5.599990255301535,80.72466390258003,150,0.0,8.92630784239787e-08,0.0,UNSAFE,RED
SYN_0833,5.599990255301535,80.72466390258003,200,0.0,1.3233836455754626e-07,0.0,UNSAFE,RED
SYN_0834,15.077964088056932,72.68987162814639,0,0.0,1.585574788523134e-05,0.0,UNSAFE,RED
SYN_0834,15.077964088056932,72.68987162814639,10,0.0,7.141502822055107e-06,0.0,UNSAFE,RED
SYN_0834,15.077964088056932,72.68987162814639,25,0.0,5.611860856073716e-07,0.0,UNSAFE,RED
SYN_0834,15.077964088056932,72.68987162814639,50,0.0,4.77823404450366e-07,0.0,UNSAFE,RED
SYN_0834,15.077964088056932,72.68987162814639,75,0.0,3.942643992611052e-06,0.0,UNSAFE,RED
SYN_0834,15.077964088056932,72.68987162814639,100,0.0,2.6079686450086333e-06,0.0,UNSAFE,RED
SYN_0834,15.077964088056932,72.68987162814639,150,0.0,8.514659588568491e-07,0.0,UNSAFE,RED
SYN_0834,15.077964088056932,72.68987162814639,200,0.0,5.136109926608266e-08,0.0,UNSAFE,RED
SYN_0835,15.445348645636368,80.62056083885894,0,0.0,1.4801445877717212e-05,0.0,UNSAFE,RED
SYN_0835,15.445348645636368,80.62056083885894,10,0.0,3.7726273529875547e-06,0.0,UNSAFE,RED
SYN_0835,15.445348645636368,80.62056083885894,25,0.0,2.0787930868234346e-06,0.0,UNSAFE,RED
SYN_0835,15.445348645636368,80.62056083885894,50,0.0,5.150877931837068e-07,0.0,UNSAFE,RED
SYN_0835,15.445348645636368,80.62056083885894,75,0.0,2.6319266372545664e-09,0.0,UNSAFE,RED
SYN_0835,15.445348645636368,80.62056083885894,100,0.0,9.264253212793601e-07,0.0,UNSAFE,RED
SYN_0835,15.445348645636368,80.62056083885894,150,0.0,4.166118921766374e-08,0.0,UNSAFE,RED
SYN_0835,15.445348645636368,80.62056083885894,200,0.0,4.3930111944249176e-07,0.0,UNSAFE,RED
SYN_0836,24.299585920922222,75.14254557028843,0,0.0,7.906555255795378e-06,0.0,UNSAFE,RED
SYN_0836,24.299585920922222,75.14254557028843,10,0.0,3.595713568513066e-07,0.0,UNSAFE,RED
SYN_0836,24.299585920922222,75.14254557028843,25,0.0,6.172507169018565e-06,0.0,UNSAFE,RED
SYN_0836,24.299585920922222,75.14254557028843,50,0.0,1.4514256525848069e-06,0.0,UNSAFE,RED
SYN_0836,24.299585920922222,75.14254557028843,75,0.0,1.312511540203758e-06,0.0,UNSAFE,RED
SYN_0836,24.299585920922222,75.14254557028843,100,0.0,1.2781547891668764e-07,0.0,UNSAFE,RED
SYN_0836,24.299585920922222,75.14254557028843,150,0.0,7.241147495717246e-07,0.0,UNSAFE,RED
SYN_0836,24.299585920922222,75.14254557028843,200,0.0,1.9673505543335357e-06,0.0,UNSAFE,RED
SYN_0837,7.174187996002857,75.37733839559542,0,0.0,2.2183758492596152e-05,0.0,UNSAFE,RED
SYN_0837,7.174187996002857,75.37733839559542,10,0.0,3.162876693068297e-06,0.0,UNSAFE,RED
SYN_0837,7.174187996002857,75.37733839559542,25,0.0,6.724355160475133e-06,0.0,UNSAFE,RED
SYN_0837,7.174187996002857,75.37733839559542,50,0.0,4.849302123661544e-07,0.0,UNSAFE,RED
SYN_0837,7.174187996002857,75.37733839559542,75,0.0,1.0058668597406894e-06,0.0,UNSAFE,RED
SYN_0837,7.174187996002857,75.37733839559542,100,0.0,2.785286077112099e-06,0.0,UNSAFE,RED
SYN_0837,7.174187996002857,75.37733839559542,150,0.0,1.7499409259808168e-07,0.0,UNSAFE,RED
SYN_0837,7.174187996002857,75.37733839559542,200,0.0,7.796603779987271e-08,0.0,UNSAFE,RED
SYN_0838,20.136283460665823,72.99144517428455,0,0.0,2.795892028120838e-05,0.0,UNSAFE,RED
SYN_0838,20.136283460665823,72.99144517428455,10,0.0,9.887892961964743e-06,0.0,UNSAFE,RED
SYN_0838,20.136283460665823,72.99144517428455,25,0.0,4.861921152916898e-07,0.0,UNSAFE,RED
SYN_0838,20.136283460665823,72.99144517428455,50,0.0,3.3837860251524183e-07,0.0,UNSAFE,RED
SYN_0838,20.136283460665823,72.99144517428455,75,0.0,6.982705610726966e-07,0.0,UNSAFE,RED
SYN_0838,20.136283460665823,72.99144517428455,100,0.0,2.0458041692341916e-06,0.0,UNSAFE,RED
SYN_0838,20.136283460665823,72.99144517428455,150,0.0,5.494860229282595e-08,0.0,UNSAFE,RED
SYN_0838,20.136283460665823,72.99144517428455,200,0.0,1.2626385951779312e-08,0.0,UNSAFE,RED
SYN_0839,5.783474141643811,83.17409048393586,0,0.0,3.2996403709649618e-06,0.0,UNSAFE,RED
SYN_0839,5.783474141643811,83.17409048393586,10,0.0,1.20143286960666e-07,0.0,UNSAFE,RED
SYN_0839,5.783474141643811,83.17409048393586,25,0.0,1.8526494055591248e-06,0.0,UNSAFE,RED
SYN_0839,5.783474141643811,83.17409048393586,50,0.0,6.342068190854223e-07,0.0,UNSAFE,RED
SYN_0839,5.783474141643811,83.17409048393586,75,0.0,5.599816019234262e-07,0.0,UNSAFE,RED
SYN_0839,5.783474141643811,83.17409048393586,100,0.0,1.738332347057665e-06,0.0,UNSAFE,RED
SYN_0839,5.783474141643811,83.17409048393586,150,0.0,5.536383404138142e-08,0.0,UNSAFE,RED
SYN_0839,5.783474141643811,83.17409048393586,200,0.0,1.2071055938806783e-06,0.0,UNSAFE,RED
SYN_0840,22.211982070321287,83.90582342651727,0,0.0,2.2392851179985905e-05,0.0,UNSAFE,RED
SYN_0840,22.211982070321287,83.90582342651727,10,0.0,7.654172332563018e-06,0.0,UNSAFE,RED
SYN_0840,22.211982070321287,83.90582342651727,25,0.0,9.189416059529384e-07,0.0,UNSAFE,RED
SYN_0840,22.211982070321287,83.90582342651727,50,0.0,6.175359190537095e-07,0.0,UNSAFE,RED
SYN_0840,22.211982070321287,83.90582342651727,75,0.0,2.011518891685914e-07,0.0,UNSAFE,RED
SYN_0840,22.211982070321287,83.90582342651727,100,0.0,1.6817607884223734e-07,0.0,UNSAFE,RED
SYN_0840,22.211982070321287,83.90582342651727,150,0.0,1.326166850819296e-08,0.0,UNSAFE,RED
SYN_0840,22.211982070321287,83.90582342651727,200,0.0,2.838968527697239e-07,0.0,UNSAFE,RED
SYN_0841,14.498379744222804,73.07534180911621,0,0.0,3.778981441223076e-05,0.0,UNSAFE,RED
SYN_0841,14.498379744222804,73.07534180911621,10,0.0,9.801074602928334e-06,0.0,UNSAFE,RED
SYN_0841,14.498379744222804,73.07534180911621,25,0.0,1.9507694548609963e-06,0.0,UNSAFE,RED
SYN_0841,14.498379744222804,73.07534180911621,50,0.0,5.975569096091167e-07,0.0,UNSAFE,RED
SYN_0841,14.498379744222804,73.07534180911621,75,0.0,1.8560542886092732e-07,0.0,UNSAFE,RED
SYN_0841,14.498379744222804,73.07534180911621,100,0.0,2.7840426687804173e-07,0.0,UNSAFE,RED
SYN_0841,14.498379744222804,73.07534180911621,150,0.0,9.032955690125822e-08,0.0,UNSAFE,RED
SYN_0841,14.498379744222804,73.07534180911621,200,0.0,3.078796109539331e-09,0.0,UNSAFE,RED
SYN_0842,17.659729404572108,77.13387926924858,0,0.0,3.660078404738886e-06,0.0,UNSAFE,RED
SYN_0842,17.659729404572108,77.13387926924858,10,0.0,1.0633997226384349e-07,0.0,UNSAFE,RED
SYN_0842,17.659729404572108,77.13387926924858,25,0.0,1.2402947280556869e-06,0.0,UNSAFE,RED
SYN_0842,17.659729404572108,77.13387926924858,50,0.0,6.488284990143256e-07,0.0,UNSAFE,RED
SYN_0842,17.659729404572108,77.13387926924858,75,0.0,1.6547289850014256e-07,0.0,UNSAFE,RED
SYN_0842,17.659729404572108,77.13387926924858,100,0.0,1.802483541158404e-06,0.0,UNSAFE,RED
SYN_0842,17.659729404572108,77.13387926924858,150,0.0,9.910114588378075e-08,0.0,UNSAFE,RED
SYN_0842,17.659729404572108,77.13387926924858,200,0.0,8.938515602196228e-08,0.0,UNSAFE,RED
SYN_0843,8.661514480395116,81.19482580710363,0,0.0,2.9674952005935504e-05,0.0,UNSAFE,RED
SYN_0843,8.661514480395116,81.19482580710363,10,0.0,7.136781349048554e-06,0.0,UNSAFE,RED
SYN_0843,8.661514480395116,81.19482580710363,25,0.0,1.8700294248369635e-06,0.0,UNSAFE,RED
SYN_0843,8.661514480395116,81.19482580710363,50,0.0,4.5446809911689293e-08,0.0,UNSAFE,RED
SYN_0843,8.661514480395116,81.19482580710363,75,0.0,5.742272681454708e-07,0.0,UNSAFE,RED
SYN_0843,8.661514480395116,81.19482580710363,100,0.0,2.145405413273559e-06,0.0,UNSAFE,RED
SYN_0843,8.661514480395116,81.19482580710363,150,0.0,1.737121766581948e-07,0.0,UNSAFE,RED
SYN_0843,8.661514480395116,81.19482580710363,200,0.0,1.8293198568686433e-06,0.0,UNSAFE,RED
SYN_0844,10.939071362061451,79.53704819536597,0,0.0,6.235732469723836e-05,0.0,UNSAFE,RED
SYN_0844,10.939071362061451,79.53704819536597,10,0.0,1.1303253293541918e-05,0.0,UNSAFE,RED
SYN_0844,10.939071362061451,79.53704819536597,25,0.0,5.228843502235726e-06,0.0,UNSAFE,RED
SYN_0844,10.939071362061451,79.53704819536597,50,0.0,2.452966116434713e-07,0.0,UNSAFE,RED
SYN_0844,10.939071362061451,79.53704819536597,75,0.0,6.535545033792823e-07,0.0,UNSAFE,RED
SYN_0844,10.939071362061451,79.53704819536597,100,0.0,2.063704320872816e-06,0.0,UNSAFE,RED
SYN_0844,10.939071362061451,79.53704819536597,150,0.0,2.6630418981139636e-07,0.0,UNSAFE,RED
SYN_0844,10.939071362061451,79.53704819536597,200,0.0,2.433451843057114e-07,0.0,UNSAFE,RED
SYN_0845,17.272126760987376,69.72575416079043,0,0.0,5.371324204719457e-06,0.0,UNSAFE,RED
SYN_0845,17.272126760987376,69.72575416079043,10,0.0,3.431184349904483e-06,0.0,UNSAFE,RED
SYN_0845,17.272126760987376,69.72575416079043,25,0.0,1.5608111473292284e-06,0.0,UNSAFE,RED
SYN_0845,17.272126760987376,69.72575416079043,50,0.0,1.9398807246761888e-07,0.0,UNSAFE,RED
SYN_0845,17.272126760987376,69.72575416079043,75,0.0,4.6125856746379e-07,0.0,UNSAFE,RED
SYN_0845,17.272126760987376,69.72575416079043,100,0.0,7.786233196458654e-07,0.0,UNSAFE,RED
SYN_0845,17.272126760987376,69.72575416079043,150,0.0,1.9886489642096867e-07,0.0,UNSAFE,RED
SYN_0845,17.272126760987376,69.72575416079043,200,0.0,2.3864966557283614e-08,0.0,UNSAFE,RED
SYN_0846,9.67360568828953,68.75361268641954,0,0.0,2.3798883896323906e-06,0.0,UNSAFE,RED
SYN_0846,9.67360568828953,68.75361268641954,10,0.0,2.693461189222443e-07,0.0,UNSAFE,RED
SYN_0846,9.67360568828953,68.75361268641954,25,0.0,1.2914947430614683e-06,0.0,UNSAFE,RED
SYN_0846,9.67360568828953,68.75361268641954,50,0.0,1.8453175003775487e-07,0.0,UNSAFE,RED
SYN_0846,9.67360568828953,68.75361268641954,75,0.0,4.2781216423965837e-07,0.0,UNSAFE,RED
SYN_0846,9.67360568828953,68.75361268641954,100,0.0,4.0630026996243293e-07,0.0,UNSAFE,RED
SYN_0846,9.67360568828953,68.75361268641954,150,0.0,2.628195350326063e-07,0.0,UNSAFE,RED
SYN_0846,9.67360568828953,68.75361268641954,200,0.0,2.3009628708513053e-08,0.0,UNSAFE,RED
SYN_0847,21.052928166142507,84.64228481615261,0,0.0,3.322799034912964e-05,0.0,UNSAFE,RED
SYN_0847,21.052928166142507,84.64228481615261,10,0.0,4.825702483229995e-06,0.0,UNSAFE,RED
SYN_0847,21.052928166142507,84.64228481615261,25,0.0,5.350016053988259e-06,0.0,UNSAFE,RED
SYN_0847,21.052928166142507,84.64228481615261,50,0.0,1.1554917382916458e-07,0.0,UNSAFE,RED
SYN_0847,21.052928166142507,84.64228481615261,75,0.0,1.2241334206368746e-08,0.0,UNSAFE,RED
SYN_0847,21.052928166142507,84.64228481615261,100,0.0,8.886161647572179e-08,0.0,UNSAFE,RED
SYN_0847,21.052928166142507,84.64228481615261,150,0.0,1.6882516521463047e-07,0.0,UNSAFE,RED
SYN_0847,21.052928166142507,84.64228481615261,200,0.0,6.269117285190867e-07,0.0,UNSAFE,RED
SYN_0848,6.483398975683241,72.49443420384675,0,0.0,1.999066631959384e-06,0.0,UNSAFE,RED
SYN_0848,6.483398975683241,72.49443420384675,10,0.0,8.815303925748103e-07,0.0,UNSAFE,RED
SYN_0848,6.483398975683241,72.49443420384675,25,0.0,2.890647548207585e-06,0.0,UNSAFE,RED
SYN_0848,6.483398975683241,72.49443420384675,50,0.0,1.6315367527081882e-06,0.0,UNSAFE,RED
SYN_0848,6.483398975683241,72.49443420384675,75,0.0,1.6632227804976923e-06,0.0,UNSAFE,RED
SYN_0848,6.483398975683241,72.49443420384675,100,0.0,2.0539378585652602e-07,0.0,UNSAFE,RED
SYN_0848,6.483398975683241,72.49443420384675,150,0.0,1.396831719541986e-07,0.0,UNSAFE,RED
SYN_0848,6.483398975683241,72.49443420384675,200,0.0,5.714013226094122e-07,0.0,UNSAFE,RED
SYN_0849,11.317654195448332,78.1659203042696,0,0.0,2.8916147734119266e-06,0.0,UNSAFE,RED
SYN_0849,11.317654195448332,78.1659203042696,10,0.0,2.2494724662510018e-06,0.0,UNSAFE,RED
SYN_0849,11.317654195448332,78.1659203042696,25,0.0,3.0977999149564807e-06,0.0,UNSAFE,RED
SYN_0849,11.317654195448332,78.1659203042696,50,0.0,6.862529787132036e-07,0.0,UNSAFE,RED
SYN_0849,11.317654195448332,78.1659203042696,75,0.0,8.343346219649591e-07,0.0,UNSAFE,RED
SYN_0849,11.317654195448332,78.1659203042696,100,0.0,5.60892426388354e-07,0.0,UNSAFE,RED
SYN_0849,11.317654195448332,78.1659203042696,150,0.0,4.398442824415428e-09,0.0,UNSAFE,RED
SYN_0849,11.317654195448332,78.1659203042696,200,0.0,1.6100892716644302e-07,0.0,UNSAFE,RED
SYN_0850,21.652851566702687,82.81408054771842,0,0.0,3.10732139931666e-08,0.0,UNSAFE,RED
SYN_0850,21.652851566702687,82.81408054771842,10,0.0,2.0887073738921793e-06,0.0,UNSAFE,RED
SYN_0850,21.652851566702687,82.81408054771842,25,0.0,2.986030728512352e-06,0.0,UNSAFE,RED
SYN_0850,21.652851566702687,82.81408054771842,50,0.0,8.822962347634008e-07,0.0,UNSAFE,RED
SYN_0850,21.652851566702687,82.81408054771842,75,0.0,7.71996138727684e-08,0.0,UNSAFE,RED
SYN_0850,21.652851566702687,82.81408054771842,100,0.0,1.0036855560072482e-06,0.0,UNSAFE,RED
SYN_0850,21.652851566702687,82.81408054771842,150,0.0,3.239757690015013e-08,0.0,UNSAFE,RED
SYN_0850,21.652851566702687,82.81408054771842,200,0.0,9.813739850739367e-08,0.0,UNSAFE,RED
SYN_0851,20.976591809807584,80.17895539182533,0,0.0,4.66622030025301e-05,0.0,UNSAFE,RED
SYN_0851,20.976591809807584,80.17895539182533,10,0.0,4.0126822293739485e-06,0.0,UNSAFE,RED
SYN_0851,20.976591809807584,80.17895539182533,25,0.0,6.879974070617235e-06,0.0,UNSAFE,RED
SYN_0851,20.976591809807584,80.17895539182533,50,0.0,9.209679767255714e-07,0.0,UNSAFE,RED
SYN_0851,20.976591809807584,80.17895539182533,75,0.0,2.9708871260367314e-07,0.0,UNSAFE,RED
SYN_0851,20.976591809807584,80.17895539182533,100,0.0,6.622365010695923e-07,0.0,UNSAFE,RED
SYN_0851,20.976591809807584,80.17895539182533,150,0.0,5.1601130601008464e-08,0.0,UNSAFE,RED
SYN_0851,20.976591809807584,80.17895539182533,200,0.0,3.3330161149155373e-07,0.0,UNSAFE,RED
SYN_0852,14.822834473038416,68.3220132026645,0,0.0,2.1240332311005563e-05,0.0,UNSAFE,RED
SYN_0852,14.822834473038416,68.3220132026645,10,0.0,9.803357122308565e-06,0.0,UNSAFE,RED
SYN_0852,14.822834473038416,68.3220132026645,25,0.0,1.4019745080942485e-06,0.0,UNSAFE,RED
SYN_0852,14.822834473038416,68.3220132026645,50,0.0,4.7018778467234623e-07,0.0,UNSAFE,RED
SYN_0852,14.822834473038416,68.3220132026645,75,0.0,2.3657525601388915e-06,0.0,UNSAFE,RED
SYN_0852,14.822834473038416,68.3220132026645,100,0.0,7.146224641665348e-07,0.0,UNSAFE,RED
SYN_0852,14.822834473038416,68.3220132026645,150,0.0,1.579405514425174e-07,0.0,UNSAFE,RED
SYN_0852,14.822834473038416,68.3220132026645,200,0.0,5.503968780141566e-07,0.0,UNSAFE,RED
SYN_0853,11.28291230301212,83.30663167137033,0,0.0,3.962388246589864e-05,0.0,UNSAFE,RED
SYN_0853,11.28291230301212,83.30663167137033,10,0.0,1.3940040412786274e-05,0.0,UNSAFE,RED
SYN_0853,11.28291230301212,83.30663167137033,25,0.0,1.6127688934054948e-06,0.0,UNSAFE,RED
SYN_0853,11.28291230301212,83.30663167137033,50,0.0,8.726186618797043e-07,0.0,UNSAFE,RED
SYN_0853,11.28291230301212,83.30663167137033,75,0.0,2.6698429810355354e-07,0.0,UNSAFE,RED
SYN_0853,11.28291230301212,83.30663167137033,100,0.0,1.1951262133534367e-07,0.0,UNSAFE,RED
SYN_0853,11.28291230301212,83.30663167137033,150,0.0,2.682383201943542e-07,0.0,UNSAFE,RED
SYN_0853,11.28291230301212,83.30663167137033,200,0.0,2.471199108578278e-07,0.0,UNSAFE,RED
SYN_0854,10.43052248063317,75.0337732462702,0,0.0,5.882902185667515e-06,0.0,UNSAFE,RED
SYN_0854,10.43052248063317,75.0337732462702,10,0.0,2.29710462016645e-06,0.0,UNSAFE,RED
SYN_0854,10.43052248063317,75.0337732462702,25,0.0,1.0918701707860638e-06,0.0,UNSAFE,RED
SYN_0854,10.43052248063317,75.0337732462702,50,0.0,7.405983757994863e-07,0.0,UNSAFE,RED
SYN_0854,10.43052248063317,75.0337732462702,75,0.0,4.697580412872953e-07,0.0,UNSAFE,RED
SYN_0854,10.43052248063317,75.0337732462702,100,0.0,8.039120928738164e-07,0.0,UNSAFE,RED
SYN_0854,10.43052248063317,75.0337732462702,150,0.0,1.5600538212558276e-08,0.0,UNSAFE,RED
SYN_0854,10.43052248063317,75.0337732462702,200,0.0,1.4032238977943595e-06,0.0,UNSAFE,RED
SYN_0855,8.489134834486102,66.35602887423023,0,0.0,7.817775914057482e-06,0.0,UNSAFE,RED
SYN_0855,8.489134834486102,66.35602887423023,10,0.0,5.701692325307481e-06,0.0,UNSAFE,RED
SYN_0855,8.489134834486102,66.35602887423023,25,0.0,1.6661367353308549e-06,0.0,UNSAFE,RED
SYN_0855,8.489134834486102,66.35602887423023,50,0.0,1.4146747224434997e-07,0.0,UNSAFE,RED
SYN_0855,8.489134834486102,66.35602887423023,75,0.0,7.681845972999575e-07,0.0,UNSAFE,RED
SYN_0855,8.489134834486102,66.35602887423023,100,0.0,6.786930710724348e-08,0.0,UNSAFE,RED
SYN_0855,8.489134834486102,66.35602887423023,150,0.0,6.043266406323822e-08,0.0,UNSAFE,RED
SYN_0855,8.489134834486102,66.35602887423023,200,0.0,9.934466638051674e-08,0.0,UNSAFE,RED
SYN_0856,8.068740584181207,67.05403382722743,0,0.0,8.717375682279576e-06,0.0,UNSAFE,RED
SYN_0856,8.068740584181207,67.05403382722743,10,0.0,9.924467427142183e-07,0.0,UNSAFE,RED
SYN_0856,8.068740584181207,67.05403382722743,25,0.0,9.338010325874281e-06,0.0,UNSAFE,RED
SYN_0856,8.068740584181207,67.05403382722743,50,0.0,4.816950121863197e-07,0.0,UNSAFE,RED
SYN_0856,8.068740584181207,67.05403382722743,75,0.0,1.8843688670374053e-06,0.0,UNSAFE,RED
SYN_0856,8.068740584181207,67.05403382722743,100,0.0,1.800157582997932e-06,0.0,UNSAFE,RED
SYN_0856,8.068740584181207,67.05403382722743,150,0.0,1.0265007011373671e-07,0.0,UNSAFE,RED
SYN_0856,8.068740584181207,67.05403382722743,200,0.0,3.043240865838899e-07,0.0,UNSAFE,RED
SYN_0857,6.698674435430265,75.54188685958835,0,0.0,1.6558705710638398e-05,0.0,UNSAFE,RED
SYN_0857,6.698674435430265,75.54188685958835,10,0.0,7.432777932523528e-06,0.0,UNSAFE,RED
SYN_0857,6.698674435430265,75.54188685958835,25,0.0,1.7515064109474274e-06,0.0,UNSAFE,RED
SYN_0857,6.698674435430265,75.54188685958835,50,0.0,3.280621827417544e-07,0.0,UNSAFE,RED
SYN_0857,6.698674435430265,75.54188685958835,75,0.0,9.559976221906145e-07,0.0,UNSAFE,RED
SYN_0857,6.698674435430265,75.54188685958835,100,0.0,2.9663875764911016e-06,0.0,UNSAFE,RED
SYN_0857,6.698674435430265,75.54188685958835,150,0.0,3.097943590229339e-08,0.0,UNSAFE,RED
SYN_0857,6.698674435430265,75.54188685958835,200,0.0,5.691291940515737e-07,0.0,UNSAFE,RED
SYN_0858,17.043961593950968,65.64223581473131,0,0.0,2.8494124223699542e-05,0.0,UNSAFE,RED
SYN_0858,17.043961593950968,65.64223581473131,10,0.0,1.082253783488482e-05,0.0,UNSAFE,RED
SYN_0858,17.043961593950968,65.64223581473131,25,0.0,1.0669161964031233e-06,0.0,UNSAFE,RED
SYN_0858,17.043961593950968,65.64223581473131,50,0.0,7.940180374652511e-07,0.0,UNSAFE,RED
SYN_0858,17.043961593950968,65.64223581473131,75,0.0,1.8111175633363937e-07,0.0,UNSAFE,RED
SYN_0858,17.043961593950968,65.64223581473131,100,0.0,8.524690375177787e-07,0.0,UNSAFE,RED
SYN_0858,17.043961593950968,65.64223581473131,150,0.0,4.536688787559085e-07,0.0,UNSAFE,RED
SYN_0858,17.043961593950968,65.64223581473131,200,0.0,1.3966418446635233e-06,0.0,UNSAFE,RED
SYN_0859,15.447982207226438,83.06908299475545,0,0.0,7.639750997322887e-06,0.0,UNSAFE,RED
SYN_0859,15.447982207226438,83.06908299475545,10,0.0,4.434818553834895e-06,0.0,UNSAFE,RED
SYN_0859,15.447982207226438,83.06908299475545,25,0.0,3.6645069328152546e-07,0.0,UNSAFE,RED
SYN_0859,15.447982207226438,83.06908299475545,50,0.0,1.8704550976300962e-07,0.0,UNSAFE,RED
SYN_0859,15.447982207226438,83.06908299475545,75,0.0,5.804162150242991e-07,0.0,UNSAFE,RED
SYN_0859,15.447982207226438,83.06908299475545,100,0.0,2.097381542022086e-07,0.0,UNSAFE,RED
SYN_0859,15.447982207226438,83.06908299475545,150,0.0,3.241593727259453e-07,0.0,UNSAFE,RED
SYN_0859,15.447982207226438,83.06908299475545,200,0.0,4.4228838763929356e-07,0.0,UNSAFE,RED
SYN_0860,7.013243299268912,77.72621631078513,0,0.0,1.133042199819545e-05,0.0,UNSAFE,RED
SYN_0860,7.013243299268912,77.72621631078513,10,0.0,8.141665519931855e-06,0.0,UNSAFE,RED
SYN_0860,7.013243299268912,77.72621631078513,25,0.0,9.79047931734874e-07,0.0,UNSAFE,RED
SYN_0860,7.013243299268912,77.72621631078513,50,0.0,1.0813777371059244e-06,0.0,UNSAFE,RED
SYN_0860,7.013243299268912,77.72621631078513,75,0.0,1.32723384833441e-06,0.0,UNSAFE,RED
SYN_0860,7.013243299268912,77.72621631078513,100,0.0,4.163641505537098e-07,0.0,UNSAFE,RED
SYN_0860,7.013243299268912,77.72621631078513,150,0.0,3.2914456728769154e-08,0.0,UNSAFE,RED
SYN_0860,7.013243299268912,77.72621631078513,200,0.0,5.14888054395342e-07,0.0,UNSAFE,RED
SYN_0861,23.36217940068284,80.71364163552062,0,0.0,2.4149536153664787e-06,0.0,UNSAFE,RED
SYN_0861,23.36217940068284,80.71364163552062,10,0.0,1.8376582774975198e-06,0.0,UNSAFE,RED
SYN_0861,23.36217940068284,80.71364163552062,25,0.0,2.303850265502978e-07,0.0,UNSAFE,RED
SYN_0861,23.36217940068284,80.71364163552062,50,0.0,9.07317620835933e-07,0.0,UNSAFE,RED
SYN_0861,23.36217940068284,80.71364163552062,75,0.0,4.548146261389032e-07,0.0,UNSAFE,RED
SYN_0861,23.36217940068284,80.71364163552062,100,0.0,2.479183186273332e-06,0.0,UNSAFE,RED
SYN_0861,23.36217940068284,80.71364163552062,150,0.0,1.5845446360641374e-07,0.0,UNSAFE,RED
SYN_0861,23.36217940068284,80.71364163552062,200,0.0,7.024646787615583e-07,0.0,UNSAFE,RED
SYN_0862,24.47755950008163,71.85041628771822,0,0.0,7.6270235106915295e-06,0.0,UNSAFE,RED
SYN_0862,24.47755950008163,71.85041628771822,10,0.0,3.3064783208968526e-06,0.0,UNSAFE,RED
SYN_0862,24.47755950008163,71.85041628771822,25,0.0,2.3196604631571304e-06,0.0,UNSAFE,RED
SYN_0862,24.47755950008163,71.85041628771822,50,0.0,1.6893089840715957e-06,0.0,UNSAFE,RED
SYN_0862,24.47755950008163,71.85041628771822,75,0.0,1.3516851079621252e-06,0.0,UNSAFE,RED
SYN_0862,24.47755950008163,71.85041628771822,100,0.0,3.599378982016202e-06,0.0,UNSAFE,RED
SYN_0862,24.47755950008163,71.85041628771822,150,0.0,4.340034137302574e-09,0.0,UNSAFE,RED
SYN_0862,24.47755950008163,71.85041628771822,200,0.0,1.6184806239855054e-06,0.0,UNSAFE,RED
SYN_0863,24.44215455801559,65.87200730637433,0,0.0,1.667320617544764e-05,0.0,UNSAFE,RED
SYN_0863,24.44215455801559,65.87200730637433,10,0.0,6.023336069525664e-06,0.0,UNSAFE,RED
SYN_0863,24.44215455801559,65.87200730637433,25,0.0,1.0644400944955954e-07,0.0,UNSAFE,RED
SYN_0863,24.44215455801559,65.87200730637433,50,0.0,6.639445792232907e-07,0.0,UNSAFE,RED
SYN_0863,24.44215455801559,65.87200730637433,75,0.0,8.909305237002153e-07,0.0,UNSAFE,RED
SYN_0863,24.44215455801559,65.87200730637433,100,0.0,1.6483339367943844e-06,0.0,UNSAFE,RED
SYN_0863,24.44215455801559,65.87200730637433,150,0.0,2.1728817898381855e-08,0.0,UNSAFE,RED
SYN_0863,24.44215455801559,65.87200730637433,200,0.0,3.763307544232269e-07,0.0,UNSAFE,RED
SYN_0864,6.139470512107415,72.57731528834807,0,0.0,3.8917253301962244e-05,0.0,UNSAFE,RED
SYN_0864,6.139470512107415,72.57731528834807,10,0.0,4.6176218565125135e-06,0.0,UNSAFE,RED
SYN_0864,6.139470512107415,72.57731528834807,25,0.0,1.0797573920507407e-05,0.0,UNSAFE,RED
SYN_0864,6.139470512107415,72.57731528834807,50,0.0,1.579454823559033e-07,0.0,UNSAFE,RED
SYN_0864,6.139470512107415,72.57731528834807,75,0.0,1.6963743565844467e-06,0.0,UNSAFE,RED
SYN_0864,6.139470512107415,72.57731528834807,100,0.0,1.5028551844245506e-06,0.0,UNSAFE,RED
SYN_0864,6.139470512107415,72.57731528834807,150,0.0,8.101762260290769e-09,0.0,UNSAFE,RED
SYN_0864,6.139470512107415,72.57731528834807,200,0.0,1.884955231374457e-07,0.0,UNSAFE,RED
SYN_0865,9.685748189793832,72.4101298680379,0,0.0,1.1112298507095723e-05,0.0,UNSAFE,RED
SYN_0865,9.685748189793832,72.4101298680379,10,0.0,3.201488695254623e-06,0.0,UNSAFE,RED
SYN_0865,9.685748189793832,72.4101298680379,25,0.0,1.0535537860352446e-07,0.0,UNSAFE,RED
SYN_0865,9.685748189793832,72.4101298680379,50,0.0,3.730675824483611e-08,0.0,UNSAFE,RED
SYN_0865,9.685748189793832,72.4101298680379,75,0.0,1.7797576943840182e-07,0.0,UNSAFE,RED
SYN_0865,9.685748189793832,72.4101298680379,100,0.0,9.464831505364478e-07,0.0,UNSAFE,RED
SYN_0865,9.685748189793832,72.4101298680379,150,0.0,6.730481898560275e-08,0.0,UNSAFE,RED
SYN_0865,9.685748189793832,72.4101298680379,200,0.0,1.003111812791959e-06,0.0,UNSAFE,RED
SYN_0866,22.84614094684241,84.8769612571077,0,0.0,3.328925121454173e-05,0.0,UNSAFE,RED
SYN_0866,22.84614094684241,84.8769612571077,10,0.0,2.6491514294637974e-06,0.0,UNSAFE,RED
SYN_0866,22.84614094684241,84.8769612571077,25,0.0,5.527904213558565e-06,0.0,UNSAFE,RED
SYN_0866,22.84614094684241,84.8769612571077,50,0.0,2.2733212787681047e-07,0.0,UNSAFE,RED
SYN_0866,22.84614094684241,84.8769612571077,75,0.0,1.928222910711486e-07,0.0,UNSAFE,RED
SYN_0866,22.84614094684241,84.8769612571077,100,0.0,2.982139734386747e-07,0.0,UNSAFE,RED
SYN_0866,22.84614094684241,84.8769612571077,150,0.0,1.8836127331380238e-08,0.0,UNSAFE,RED
SYN_0866,22.84614094684241,84.8769612571077,200,0.0,9.467603899912826e-08,0.0,UNSAFE,RED
SYN_0867,16.74372671777364,76.95106571790588,0,0.0,1.404998361992033e-05,0.0,UNSAFE,RED
SYN_0867,16.74372671777364,76.95106571790588,10,0.0,1.677853404447362e-06,0.0,UNSAFE,RED
SYN_0867,16.74372671777364,76.95106571790588,25,0.0,4.152531286397958e-06,0.0,UNSAFE,RED
SYN_0867,16.74372671777364,76.95106571790588,50,0.0,2.4789749206952457e-07,0.0,UNSAFE,RED
SYN_0867,16.74372671777364,76.95106571790588,75,0.0,4.4514899985528184e-08,0.0,UNSAFE,RED
SYN_0867,16.74372671777364,76.95106571790588,100,0.0,1.8580473138056736e-06,0.0,UNSAFE,RED
SYN_0867,16.74372671777364,76.95106571790588,150,0.0,2.8289540599942262e-08,0.0,UNSAFE,RED
SYN_0867,16.74372671777364,76.95106571790588,200,0.0,3.6387513818600096e-07,0.0,UNSAFE,RED
SYN_0868,21.136249578125017,71.61352437526364,0,0.0,9.356768589965057e-06,0.0,UNSAFE,RED
SYN_0868,21.136249578125017,71.61352437526364,10,0.0,3.1989947166239415e-06,0.0,UNSAFE,RED
SYN_0868,21.136249578125017,71.61352437526364,25,0.0,1.604348821180737e-06,0.0,UNSAFE,RED
SYN_0868,21.136249578125017,71.61352437526364,50,0.0,4.6023271041686326e-07,0.0,UNSAFE,RED
SYN_0868,21.136249578125017,71.61352437526364,75,0.0,1.2207886596606938e-06,0.0,UNSAFE,RED
SYN_0868,21.136249578125017,71.61352437526364,100,0.0,1.449556200899125e-06,0.0,UNSAFE,RED
SYN_0868,21.136249578125017,71.61352437526364,150,0.0,1.222510922635046e-07,0.0,UNSAFE,RED
SYN_0868,21.136249578125017,71.61352437526364,200,0.0,1.382150516126982e-09,0.0,UNSAFE,RED
SYN_0869,21.96754277345233,72.6804916395258,0,0.0,1.1941703096541728e-05,0.0,UNSAFE,RED
SYN_0869,21.96754277345233,72.6804916395258,10,0.0,3.536290187429206e-06,0.0,UNSAFE,RED
SYN_0869,21.96754277345233,72.6804916395258,25,0.0,4.5344299876375477e-07,0.0,UNSAFE,RED
SYN_0869,21.96754277345233,72.6804916395258,50,0.0,1.287698979682768e-06,0.0,UNSAFE,RED
SYN_0869,21.96754277345233,72.6804916395258,75,0.0,1.7072984284523105e-10,0.0,UNSAFE,RED
SYN_0869,21.96754277345233,72.6804916395258,100,0.0,1.6705422300963689e-06,0.0,UNSAFE,RED
SYN_0869,21.96754277345233,72.6804916395258,150,0.0,5.465026969515637e-09,0.0,UNSAFE,RED
SYN_0869,21.96754277345233,72.6804916395258,200,0.0,1.6649522924236718e-06,0.0,UNSAFE,RED
SYN_0870,15.93842589248091,82.51870040700464,0,0.0,1.534418017710269e-05,0.0,UNSAFE,RED
SYN_0870,15.93842589248091,82.51870040700464,10,0.0,2.600102876914425e-06,0.0,UNSAFE,RED
SYN_0870,15.93842589248091,82.51870040700464,25,0.0,4.521050233547477e-06,0.0,UNSAFE,RED
SYN_0870,15.93842589248091,82.51870040700464,50,0.0,1.6148023199735157e-08,0.0,UNSAFE,RED
SYN_0870,15.93842589248091,82.51870040700464,75,0.0,2.3699543647357295e-08,0.0,UNSAFE,RED
SYN_0870,15.93842589248091,82.51870040700464,100,0.0,1.549742106166269e-07,0.0,UNSAFE,RED
SYN_0870,15.93842589248091,82.51870040700464,150,0.0,2.7121349126262424e-08,0.0,UNSAFE,RED
SYN_0870,15.93842589248091,82.51870040700464,200,0.0,3.156267267452147e-08,0.0,UNSAFE,RED
SYN_0871,8.699191748046793,83.25926163836361,0,0.0,4.3911863461972326e-05,0.0,UNSAFE,RED
SYN_0871,8.699191748046793,83.25926163836361,10,0.0,7.799714012009908e-06,0.0,UNSAFE,RED
SYN_0871,8.699191748046793,83.25926163836361,25,0.0,5.923458326243207e-06,0.0,UNSAFE,RED
SYN_0871,8.699191748046793,83.25926163836361,50,0.0,1.0135568307715616e-07,0.0,UNSAFE,RED
SYN_0871,8.699191748046793,83.25926163836361,75,0.0,4.90140572459669e-07,0.0,UNSAFE,RED
SYN_0871,8.699191748046793,83.25926163836361,100,0.0,6.51450501083335e-07,0.0,UNSAFE,RED
SYN_0871,8.699191748046793,83.25926163836361,150,0.0,7.079280309398974e-07,0.0,UNSAFE,RED
SYN_0871,8.699191748046793,83.25926163836361,200,0.0,1.255025351366259e-06,0.0,UNSAFE,RED
SYN_0872,15.67297236235374,69.1653037706941,0,0.0,3.0032888883087442e-05,0.0,UNSAFE,RED
SYN_0872,15.67297236235374,69.1653037706941,10,0.0,1.7871095835306998e-05,0.0,UNSAFE,RED
SYN_0872,15.67297236235374,69.1653037706941,25,0.0,4.819237194956361e-07,0.0,UNSAFE,RED
SYN_0872,15.67297236235374,69.1653037706941,50,0.0,1.3461955964242003e-06,0.0,UNSAFE,RED
SYN_0872,15.67297236235374,69.1653037706941,75,0.0,1.7322425582651178e-06,0.0,UNSAFE,RED
SYN_0872,15.67297236235374,69.1653037706941,100,0.0,9.089279689766333e-08,0.0,UNSAFE,RED
SYN_0872,15.67297236235374,69.1653037706941,150,0.0,3.46134317106083e-08,0.0,UNSAFE,RED
SYN_0872,15.67297236235374,69.1653037706941,200,0.0,9.342318857721844e-07,0.0,UNSAFE,RED
SYN_0873,7.155910433594503,69.13609737109937,0,0.0,5.005458735529551e-06,0.0,UNSAFE,RED
SYN_0873,7.155910433594503,69.13609737109937,10,0.0,3.4150387760586676e-06,0.0,UNSAFE,RED
SYN_0873,7.155910433594503,69.13609737109937,25,0.0,5.542572503753529e-07,0.0,UNSAFE,RED
SYN_0873,7.155910433594503,69.13609737109937,50,0.0,1.1308221985766769e-06,0.0,UNSAFE,RED
SYN_0873,7.155910433594503,69.13609737109937,75,0.0,3.120128056925293e-07,0.0,UNSAFE,RED
SYN_0873,7.155910433594503,69.13609737109937,100,0.0,9.269540312985821e-07,0.0,UNSAFE,RED
SYN_0873,7.155910433594503,69.13609737109937,150,0.0,1.4480013759176406e-08,0.0,UNSAFE,RED
SYN_0873,7.155910433594503,69.13609737109937,200,0.0,7.912128928103832e-07,0.0,UNSAFE,RED
SYN_0874,14.4486007756928,83.22284307115575,0,0.0,1.7657765803787216e-05,0.0,UNSAFE,RED
SYN_0874,14.4486007756928,83.22284307115575,10,0.0,4.1475778224656285e-06,0.0,UNSAFE,RED
SYN_0874,14.4486007756928,83.22284307115575,25,0.0,1.07537934487735e-06,0.0,UNSAFE,RED
SYN_0874,14.4486007756928,83.22284307115575,50,0.0,2.704593308002325e-07,0.0,UNSAFE,RED
SYN_0874,14.4486007756928,83.22284307115575,75,0.0,2.805255008968592e-07,0.0,UNSAFE,RED
SYN_0874,14.4486007756928,83.22284307115575,100,0.0,7.909673501734275e-07,0.0,UNSAFE,RED
SYN_0874,14.4486007756928,83.22284307115575,150,0.0,1.1143682889986739e-07,0.0,UNSAFE,RED
SYN_0874,14.4486007756928,83.22284307115575,200,0.0,3.426421500373831e-07,0.0,UNSAFE,RED
SYN_0875,5.9901893772833485,72.97238827848159,0,0.0,6.801378663880338e-06,0.0,UNSAFE,RED
SYN_0875,5.9901893772833485,72.97238827848159,10,0.0,1.2368387013208422e-06,0.0,UNSAFE,RED
SYN_0875,5.9901893772833485,72.97238827848159,25,0.0,1.768291023293758e-06,0.0,UNSAFE,RED
SYN_0875,5.9901893772833485,72.97238827848159,50,0.0,4.3618036339354593e-07,0.0,UNSAFE,RED
SYN_0875,5.9901893772833485,72.97238827848159,75,0.0,3.257016338728805e-07,0.0,UNSAFE,RED
SYN_0875,5.9901893772833485,72.97238827848159,100,0.0,7.862810212100944e-08,0.0,UNSAFE,RED
SYN_0875,5.9901893772833485,72.97238827848159,150,0.0,1.0494965398207658e-07,0.0,UNSAFE,RED
SYN_0875,5.9901893772833485,72.97238827848159,200,0.0,7.379232412899024e-07,0.0,UNSAFE,RED
SYN_0876,22.557380138210256,73.19308345104633,0,0.0,2.980289047852622e-05,0.0,UNSAFE,RED
SYN_0876,22.557380138210256,73.19308345104633,10,0.0,1.291664029265378e-06,0.0,UNSAFE,RED
SYN_0876,22.557380138210256,73.19308345104633,25,0.0,5.0359337498161364e-06,0.0,UNSAFE,RED
SYN_0876,22.557380138210256,73.19308345104633,50,0.0,9.592840804479226e-07,0.0,UNSAFE,RED
SYN_0876,22.557380138210256,73.19308345104633,75,0.0,1.455620402890413e-06,0.0,UNSAFE,RED
SYN_0876,22.557380138210256,73.19308345104633,100,0.0,1.4090932362573898e-06,0.0,UNSAFE,RED
SYN_0876,22.557380138210256,73.19308345104633,150,0.0,2.3560304049463602e-07,0.0,UNSAFE,RED
SYN_0876,22.557380138210256,73.19308345104633,200,0.0,1.5665934729862657e-06,0.0,UNSAFE,RED
SYN_0877,7.446827598426657,73.8369713902265,0,0.0,3.537641266770176e-06,0.0,UNSAFE,RED
SYN_0877,7.446827598426657,73.8369713902265,10,0.0,2.8165674149897203e-06,0.0,UNSAFE,RED
SYN_0877,7.446827598426657,73.8369713902265,25,0.0,1.3202390286895913e-06,0.0,UNSAFE,RED
SYN_0877,7.446827598426657,73.8369713902265,50,0.0,5.596059544775124e-07,0.0,UNSAFE,RED
SYN_0877,7.446827598426657,73.8369713902265,75,0.0,4.626511284700371e-07,0.0,UNSAFE,RED
SYN_0877,7.446827598426657,73.8369713902265,100,0.0,2.783141719808749e-07,0.0,UNSAFE,RED
SYN_0877,7.446827598426657,73.8369713902265,150,0.0,2.557603820245126e-08,0.0,UNSAFE,RED
SYN_0877,7.446827598426657,73.8369713902265,200,0.0,7.578310750852898e-08,0.0,UNSAFE,RED
SYN_0878,9.990757059420773,73.54823278414663,0,0.0,7.205913884689056e-06,0.0,UNSAFE,RED
SYN_0878,9.990757059420773,73.54823278414663,10,0.0,1.6436521666776106e-06,0.0,UNSAFE,RED
SYN_0878,9.990757059420773,73.54823278414663,25,0.0,4.586495512003427e-07,0.0,UNSAFE,RED
SYN_0878,9.990757059420773,73.54823278414663,50,0.0,5.060738474552999e-07,0.0,UNSAFE,RED
SYN_0878,9.990757059420773,73.54823278414663,75,0.0,1.2727772911322316e-07,0.0,UNSAFE,RED
SYN_0878,9.990757059420773,73.54823278414663,100,0.0,4.7097256753332634e-07,0.0,UNSAFE,RED
SYN_0878,9.990757059420773,73.54823278414663,150,0.0,6.580086452611335e-07,0.0,UNSAFE,RED
SYN_0878,9.990757059420773,73.54823278414663,200,0.0,1.4557994795024828e-06,0.0,UNSAFE,RED
SYN_0879,22.792289358579595,77.32759209231277,0,0.0,4.620640624077823e-06,0.0,UNSAFE,RED
SYN_0879,22.792289358579595,77.32759209231277,10,0.0,1.340571696037526e-06,0.0,UNSAFE,RED
SYN_0879,22.792289358579595,77.32759209231277,25,0.0,4.3621150740537877e-07,0.0,UNSAFE,RED
SYN_0879,22.792289358579595,77.32759209231277,50,0.0,2.5890566923538807e-07,0.0,UNSAFE,RED
SYN_0879,22.792289358579595,77.32759209231277,75,0.0,1.0166218122980439e-07,0.0,UNSAFE,RED
SYN_0879,22.792289358579595,77.32759209231277,100,0.0,2.3281300173255883e-08,0.0,UNSAFE,RED
SYN_0879,22.792289358579595,77.32759209231277,150,0.0,5.434295050475855e-08,0.0,UNSAFE,RED
SYN_0879,22.792289358579595,77.32759209231277,200,4.390062559992872e-05,4.563986645309241e-09,9412.682526456492,SAFE,GREEN
SYN_0880,15.498806781504085,78.6954651201778,0,0.0,4.978314819129984e-05,0.0,UNSAFE,RED
SYN_0880,15.498806781504085,78.6954651201778,10,0.0,8.09433957849173e-06,0.0,UNSAFE,RED
SYN_0880,15.498806781504085,78.6954651201778,25,0.0,4.191671012274711e-06,0.0,UNSAFE,RED
SYN_0880,15.498806781504085,78.6954651201778,50,0.0,1.8231943538150718e-07,0.0,UNSAFE,RED
SYN_0880,15.498806781504085,78.6954651201778,75,0.0,8.176463599432467e-07,0.0,UNSAFE,RED
SYN_0880,15.498806781504085,78.6954651201778,100,0.0,8.796655533915911e-07,0.0,UNSAFE,RED
SYN_0880,15.498806781504085,78.6954651201778,150,0.0,2.350936541591572e-07,0.0,UNSAFE,RED
SYN_0880,15.498806781504085,78.6954651201778,200,0.0,3.440270012788073e-07,0.0,UNSAFE,RED
SYN_0881,22.075260082497067,69.48134093830424,0,0.0,6.310435448889851e-06,0.0,UNSAFE,RED
SYN_0881,22.075260082497067,69.48134093830424,10,0.0,2.125507926593204e-08,0.0,UNSAFE,RED
SYN_0881,22.075260082497067,69.48134093830424,25,0.0,2.8094856851410738e-06,0.0,UNSAFE,RED
SYN_0881,22.075260082497067,69.48134093830424,50,0.0,7.856372474802291e-07,0.0,UNSAFE,RED
SYN_0881,22.075260082497067,69.48134093830424,75,0.0,1.2974889330276857e-06,0.0,UNSAFE,RED
SYN_0881,22.075260082497067,69.48134093830424,100,0.0,1.820128975226901e-06,0.0,UNSAFE,RED
SYN_0881,22.075260082497067,69.48134093830424,150,0.0,9.525328034445054e-09,0.0,UNSAFE,RED
SYN_0881,22.075260082497067,69.48134093830424,200,0.0,5.582223774060734e-08,0.0,UNSAFE,RED
SYN_0882,12.38801142332476,82.07654415665513,0,0.0,5.353829910115598e-06,0.0,UNSAFE,RED
SYN_0882,12.38801142332476,82.07654415665513,10,0.0,1.6690431913564799e-06,0.0,UNSAFE,RED
SYN_0882,12.38801142332476,82.07654415665513,25,0.0,1.306123844408542e-06,0.0,UNSAFE,RED
SYN_0882,12.38801142332476,82.07654415665513,50,0.0,5.057763629274921e-08,0.0,UNSAFE,RED
SYN_0882,12.38801142332476,82.07654415665513,75,0.0,1.0656625546588862e-07,0.0,UNSAFE,RED
SYN_0882,12.38801142332476,82.07654415665513,100,0.0,8.746476051366915e-08,0.0,UNSAFE,RED
SYN_0882,12.38801142332476,82.07654415665513,150,0.0,1.350157773465927e-07,0.0,UNSAFE,RED
SYN_0882,12.38801142332476,82.07654415665513,200,0.0,5.255304734647767e-09,0.0,UNSAFE,RED
SYN_0883,5.397738329268728,66.20507745427999,0,0.0,7.435343883921773e-06,0.0,UNSAFE,RED
SYN_0883,5.397738329268728,66.20507745427999,10,0.0,2.069823512600749e-06,0.0,UNSAFE,RED
SYN_0883,5.397738329268728,66.20507745427999,25,0.0,2.2562803286242224e-07,0.0,UNSAFE,RED
SYN_0883,5.397738329268728,66.20507745427999,50,0.0,1.719804984102554e-06,0.0,UNSAFE,RED
SYN_0883,5.397738329268728,66.20507745427999,75,0.0,2.539384673423534e-07,0.0,UNSAFE,RED
SYN_0883,5.397738329268728,66.20507745427999,100,0.0,5.297336152341759e-07,0.0,UNSAFE,RED
SYN_0883,5.397738329268728,66.20507745427999,150,0.0,7.945297975608197e-09,0.0,UNSAFE,RED
SYN_0883,5.397738329268728,66.20507745427999,200,0.0,2.4287011609973585e-07,0.0,UNSAFE,RED
SYN_0884,15.267559665679627,66.30209385009826,0,0.0,1.522731070423518e-07,0.0,UNSAFE,RED
SYN_0884,15.267559665679627,66.30209385009826,10,0.0,3.145856311599835e-07,0.0,UNSAFE,RED
SYN_0884,15.267559665679627,66.30209385009826,25,0.0,5.609769463860299e-07,0.0,UNSAFE,RED
SYN_0884,15.267559665679627,66.30209385009826,50,0.0,4.709133629983148e-07,0.0,UNSAFE,RED
SYN_0884,15.267559665679627,66.30209385009826,75,0.0,5.948716840000724e-07,0.0,UNSAFE,RED
SYN_0884,15.267559665679627,66.30209385009826,100,0.0,9.279658095247376e-07,0.0,UNSAFE,RED
SYN_0884,15.267559665679627,66.30209385009826,150,0.0,8.824356257669381e-08,0.0,UNSAFE,RED
SYN_0884,15.267559665679627,66.30209385009826,200,0.0,5.571771571218007e-07,0.0,UNSAFE,RED
SYN_0885,18.77757848061873,67.8469794131034,0,0.0,9.397715663826281e-07,0.0,UNSAFE,RED
SYN_0885,18.77757848061873,67.8469794131034,10,0.0,1.0165718860636755e-06,0.0,UNSAFE,RED
SYN_0885,18.77757848061873,67.8469794131034,25,0.0,1.0705532163869082e-06,0.0,UNSAFE,RED
SYN_0885,18.77757848061873,67.8469794131034,50,0.0,1.8837910442382485e-07,0.0,UNSAFE,RED
SYN_0885,18.77757848061873,67.8469794131034,75,0.0,3.301459711796202e-07,0.0,UNSAFE,RED
SYN_0885,18.77757848061873,67.8469794131034,100,0.0,5.998330432134569e-07,0.0,UNSAFE,RED
SYN_0885,18.77757848061873,67.8469794131034,150,0.0,1.566393571716767e-07,0.0,UNSAFE,RED
SYN_0885,18.77757848061873,67.8469794131034,200,0.0,1.8563257907382963e-07,0.0,UNSAFE,RED
SYN_0886,9.62774788775686,72.80452395731578,0,0.0,4.6414273549486846e-07,0.0,UNSAFE,RED
SYN_0886,9.62774788775686,72.80452395731578,10,0.0,5.802220491685944e-08,0.0,UNSAFE,RED
SYN_0886,9.62774788775686,72.80452395731578,25,0.0,6.703724084568987e-07,0.0,UNSAFE,RED
SYN_0886,9.62774788775686,72.80452395731578,50,0.0,6.037618597081374e-08,0.0,UNSAFE,RED
SYN_0886,9.62774788775686,72.80452395731578,75,0.0,4.847918408823722e-08,0.0,UNSAFE,RED
SYN_0886,9.62774788775686,72.80452395731578,100,0.0,1.8772464558329654e-07,0.0,UNSAFE,RED
SYN_0886,9.62774788775686,72.80452395731578,150,0.0,1.1491941395423278e-07,0.0,UNSAFE,RED
SYN_0886,9.62774788775686,72.80452395731578,200,0.0,9.21473348267401e-07,0.0,UNSAFE,RED
SYN_0887,11.395142438975268,68.95990123313632,0,0.0,1.7579499491090364e-05,0.0,UNSAFE,RED
SYN_0887,11.395142438975268,68.95990123313632,10,0.0,9.053376605681732e-06,0.0,UNSAFE,RED
SYN_0887,11.395142438975268,68.95990123313632,25,0.0,5.436760802622554e-07,0.0,UNSAFE,RED
SYN_0887,11.395142438975268,68.95990123313632,50,0.0,3.0327815047696372e-06,0.0,UNSAFE,RED
SYN_0887,11.395142438975268,68.95990123313632,75,0.0,3.0028167354416453e-07,0.0,UNSAFE,RED
SYN_0887,11.395142438975268,68.95990123313632,100,0.0,8.183289947024355e-07,0.0,UNSAFE,RED
SYN_0887,11.395142438975268,68.95990123313632,150,0.0,1.4152982174347418e-07,0.0,UNSAFE,RED
SYN_0887,11.395142438975268,68.95990123313632,200,0.0,8.095864682904082e-07,0.0,UNSAFE,RED
SYN_0888,15.145151016160597,82.62756653943072,0,0.0,1.7507086450867197e-05,0.0,UNSAFE,RED
SYN_0888,15.145151016160597,82.62756653943072,10,0.0,8.543009479856904e-07,0.0,UNSAFE,RED
SYN_0888,15.145151016160597,82.62756653943072,25,0.0,4.824206390974948e-06,0.0,UNSAFE,RED
SYN_0888,15.145151016160597,82.62756653943072,50,0.0,6.923950433825222e-07,0.0,UNSAFE,RED
SYN_0888,15.145151016160597,82.62756653943072,75,0.0,1.3230120720577537e-06,0.0,UNSAFE,RED
SYN_0888,15.145151016160597,82.62756653943072,100,0.0,1.0385189360351688e-06,0.0,UNSAFE,RED
SYN_0888,15.145151016160597,82.62756653943072,150,0.0,1.7843374985317916e-07,0.0,UNSAFE,RED
SYN_0888,15.145151016160597,82.62756653943072,200,0.0,1.3957570224115797e-07,0.0,UNSAFE,RED
SYN_0889,20.372956712999677,79.27386094291357,0,0.0,1.2505148637303766e-05,0.0,UNSAFE,RED
SYN_0889,20.372956712999677,79.27386094291357,10,0.0,1.3422043604698242e-06,0.0,UNSAFE,RED
SYN_0889,20.372956712999677,79.27386094291357,25,0.0,2.921245158918939e-06,0.0,UNSAFE,RED
SYN_0889,20.372956712999677,79.27386094291357,50,0.0,1.341938690319858e-06,0.0,UNSAFE,RED
SYN_0889,20.372956712999677,79.27386094291357,75,0.0,5.06081839858683e-07,0.0,UNSAFE,RED
SYN_0889,20.372956712999677,79.27386094291357,100,0.0,8.707747595145107e-07,0.0,UNSAFE,RED
SYN_0889,20.372956712999677,79.27386094291357,150,0.0,3.5804617730474393e-08,0.0,UNSAFE,RED
SYN_0889,20.372956712999677,79.27386094291357,200,0.0,2.893897604325942e-07,0.0,UNSAFE,RED
SYN_0890,17.85725128930272,77.2479837151703,0,0.0,5.229215878323898e-05,0.0,UNSAFE,RED
SYN_0890,17.85725128930272,77.2479837151703,10,0.0,1.0439328992895751e-05,0.0,UNSAFE,RED
SYN_0890,17.85725128930272,77.2479837151703,25,0.0,3.7056847813019356e-06,0.0,UNSAFE,RED
SYN_0890,17.85725128930272,77.2479837151703,50,0.0,1.1247629244495479e-07,0.0,UNSAFE,RED
SYN_0890,17.85725128930272,77.2479837151703,75,0.0,1.830843733245157e-07,0.0,UNSAFE,RED
SYN_0890,17.85725128930272,77.2479837151703,100,0.0,4.0348216997458853e-07,0.0,UNSAFE,RED
SYN_0890,17.85725128930272,77.2479837151703,150,0.0,1.0261691019656797e-07,0.0,UNSAFE,RED
SYN_0890,17.85725128930272,77.2479837151703,200,0.0,2.0938995327183644e-07,0.0,UNSAFE,RED
SYN_0891,21.734683651053217,66.46260479490921,0,0.0,1.6052594350676732e-05,0.0,UNSAFE,RED
SYN_0891,21.734683651053217,66.46260479490921,10,0.0,2.3974386420696425e-06,0.0,UNSAFE,RED
SYN_0891,21.734683651053217,66.46260479490921,25,0.0,2.06578308947819e-06,0.0,UNSAFE,RED
SYN_0891,21.734683651053217,66.46260479490921,50,0.0,7.86620318095278e-08,0.0,UNSAFE,RED
SYN_0891,21.734683651053217,66.46260479490921,75,0.0,7.756617811924066e-07,0.0,UNSAFE,RED
SYN_0891,21.734683651053217,66.46260479490921,100,0.0,2.130191048776734e-06,0.0,UNSAFE,RED
SYN_0891,21.734683651053217,66.46260479490921,150,0.0,2.643948895173707e-07,0.0,UNSAFE,RED
SYN_0891,21.734683651053217,66.46260479490921,200,0.0,4.45863370045134e-07,0.0,UNSAFE,RED
SYN_0892,6.97400011441077,66.0950121235508,0,0.0,1.8503954195834925e-06,0.0,UNSAFE,RED
SYN_0892,6.97400011441077,66.0950121235508,10,0.0,3.448261408370527e-06,0.0,UNSAFE,RED
SYN_0892,6.97400011441077,66.0950121235508,25,0.0,1.7572367071092837e-06,0.0,UNSAFE,RED
SYN_0892,6.97400011441077,66.0950121235508,50,0.0,3.818704038034451e-06,0.0,UNSAFE,RED
SYN_0892,6.97400011441077,66.0950121235508,75,0.0,3.106044661592579e-08,0.0,UNSAFE,RED
SYN_0892,6.97400011441077,66.0950121235508,100,0.0,1.6474327832843489e-06,0.0,UNSAFE,RED
SYN_0892,6.97400011441077,66.0950121235508,150,0.0,3.0107219543982435e-07,0.0,UNSAFE,RED
SYN_0892,6.97400011441077,66.0950121235508,200,0.0,9.275737594169837e-07,0.0,UNSAFE,RED
SYN_0893,10.210049029081302,76.65355749433655,0,0.0,4.036355278720909e-06,0.0,UNSAFE,RED
SYN_0893,10.210049029081302,76.65355749433655,10,0.0,3.2094001522543223e-06,0.0,UNSAFE,RED
SYN_0893,10.210049029081302,76.65355749433655,25,0.0,5.294556767788626e-07,0.0,UNSAFE,RED
SYN_0893,10.210049029081302,76.65355749433655,50,0.0,3.7758564250230944e-07,0.0,UNSAFE,RED
SYN_0893,10.210049029081302,76.65355749433655,75,0.0,1.7642765385504594e-07,0.0,UNSAFE,RED
SYN_0893,10.210049029081302,76.65355749433655,100,0.0,1.9146005884616907e-07,0.0,UNSAFE,RED
SYN_0893,10.210049029081302,76.65355749433655,150,0.0,6.368912668074986e-08,0.0,UNSAFE,RED
SYN_0893,10.210049029081302,76.65355749433655,200,0.0,9.37016524276989e-08,0.0,UNSAFE,RED
SYN_0894,5.319942940814821,65.95281886825475,0,0.0,1.2464313431763505e-06,0.0,UNSAFE,RED
SYN_0894,5.319942940814821,65.95281886825475,10,0.0,8.360707988041414e-07,0.0,UNSAFE,RED
SYN_0894,5.319942940814821,65.95281886825475,25,0.0,1.2985539860449357e-07,0.0,UNSAFE,RED
SYN_0894,5.319942940814821,65.95281886825475,50,0.0,9.618292415548853e-07,0.0,UNSAFE,RED
SYN_0894,5.319942940814821,65.95281886825475,75,0.0,3.970885139198399e-07,0.0,UNSAFE,RED
SYN_0894,5.319942940814821,65.95281886825475,100,0.0,1.2319176287144247e-06,0.0,UNSAFE,RED
SYN_0894,5.319942940814821,65.95281886825475,150,0.0,3.2241043252889904e-07,0.0,UNSAFE,RED
SYN_0894,5.319942940814821,65.95281886825475,200,0.0,2.6552699258444724e-07,0.0,UNSAFE,RED
SYN_0895,22.49004184565355,78.29850501292819,0,0.0,1.308402417514101e-05,0.0,UNSAFE,RED
SYN_0895,22.49004184565355,78.29850501292819,10,0.0,2.1635494946493125e-06,0.0,UNSAFE,RED
SYN_0895,22.49004184565355,78.29850501292819,25,0.0,1.0170356005109946e-06,0.0,UNSAFE,RED
SYN_0895,22.49004184565355,78.29850501292819,50,0.0,1.7543983467426683e-07,0.0,UNSAFE,RED
SYN_0895,22.49004184565355,78.29850501292819,75,0.0,1.1477616870361773e-06,0.0,UNSAFE,RED
SYN_0895,22.49004184565355,78.29850501292819,100,0.0,1.1960364094399293e-06,0.0,UNSAFE,RED
SYN_0895,22.49004184565355,78.29850501292819,150,0.0,3.2104962540772767e-07,0.0,UNSAFE,RED
SYN_0895,22.49004184565355,78.29850501292819,200,0.0,1.0236441171327699e-07,0.0,UNSAFE,RED
SYN_0896,16.43543150335303,70.40227613955871,0,0.0,1.0572742480820997e-06,0.0,UNSAFE,RED
SYN_0896,16.43543150335303,70.40227613955871,10,0.0,1.3255810612079242e-06,0.0,UNSAFE,RED
SYN_0896,16.43543150335303,70.40227613955871,25,0.0,7.2137117996271e-06,0.0,UNSAFE,RED
SYN_0896,16.43543150335303,70.40227613955871,50,0.0,6.425099505231444e-07,0.0,UNSAFE,RED
SYN_0896,16.43543150335303,70.40227613955871,75,0.0,2.609662476237431e-07,0.0,UNSAFE,RED
SYN_0896,16.43543150335303,70.40227613955871,100,0.0,7.012908940879072e-07,0.0,UNSAFE,RED
SYN_0896,16.43543150335303,70.40227613955871,150,0.0,3.037991029753292e-07,0.0,UNSAFE,RED
SYN_0896,16.43543150335303,70.40227613955871,200,0.0,4.451510260821522e-08,0.0,UNSAFE,RED
SYN_0897,5.359069419984781,71.93164507584709,0,0.0,2.775299366888686e-05,0.0,UNSAFE,RED
SYN_0897,5.359069419984781,71.93164507584709,10,0.0,7.312799939970383e-06,0.0,UNSAFE,RED
SYN_0897,5.359069419984781,71.93164507584709,25,0.0,1.0201440585248482e-06,0.0,UNSAFE,RED
SYN_0897,5.359069419984781,71.93164507584709,50,0.0,2.5160328662094993e-08,0.0,UNSAFE,RED
SYN_0897,5.359069419984781,71.93164507584709,75,0.0,4.052664608297393e-07,0.0,UNSAFE,RED
SYN_0897,5.359069419984781,71.93164507584709,100,0.0,8.504771450963982e-08,0.0,UNSAFE,RED
SYN_0897,5.359069419984781,71.93164507584709,150,0.0,4.890345435707384e-08,0.0,UNSAFE,RED
SYN_0897,5.359069419984781,71.93164507584709,200,0.0,4.823668266820512e-07,0.0,UNSAFE,RED
SYN_0898,13.919207511253322,67.53593196373468,0,0.0,1.5830573070841237e-06,0.0,UNSAFE,RED
SYN_0898,13.919207511253322,67.53593196373468,10,0.0,6.068378945268271e-07,0.0,UNSAFE,RED
SYN_0898,13.919207511253322,67.53593196373468,25,0.0,8.436661633766066e-07,0.0,UNSAFE,RED
SYN_0898,13.919207511253322,67.53593196373468,50,0.0,1.170479595018015e-06,0.0,UNSAFE,RED
SYN_0898,13.919207511253322,67.53593196373468,75,0.0,3.593409919900914e-07,0.0,UNSAFE,RED
SYN_0898,13.919207511253322,67.53593196373468,100,0.0,1.2765990850375792e-06,0.0,UNSAFE,RED
SYN_0898,13.919207511253322,67.53593196373468,150,0.0,5.695442937075232e-08,0.0,UNSAFE,RED
SYN_0898,13.919207511253322,67.53593196373468,200,0.0,2.2221248394633557e-06,0.0,UNSAFE,RED
SYN_0899,14.308488274837543,80.74071684390553,0,0.0,2.1112849871890233e-05,0.0,UNSAFE,RED
SYN_0899,14.308488274837543,80.74071684390553,10,0.0,6.098654797580741e-06,0.0,UNSAFE,RED
SYN_0899,14.308488274837543,80.74071684390553,25,0.0,8.35939591050295e-07,0.0,UNSAFE,RED
SYN_0899,14.308488274837543,80.74071684390553,50,0.0,6.144862252576842e-07,0.0,UNSAFE,RED
SYN_0899,14.308488274837543,80.74071684390553,75,0.0,1.0024297864216567e-07,0.0,UNSAFE,RED
SYN_0899,14.308488274837543,80.74071684390553,100,0.0,1.3918082137896293e-07,0.0,UNSAFE,RED
SYN_0899,14.308488274837543,80.74071684390553,150,0.0,2.325327266587422e-07,0.0,UNSAFE,RED
SYN_0899,14.308488274837543,80.74071684390553,200,0.0,4.832504584846582e-07,0.0,UNSAFE,RED
SYN_0900,6.356467439423774,69.7846243891986,0,0.0,9.178903178018482e-05,0.0,UNSAFE,RED
SYN_0900,6.356467439423774,69.7846243891986,10,0.0,2.711575423824142e-05,0.0,UNSAFE,RED
SYN_0900,6.356467439423774,69.7846243891986,25,0.0,2.2445693204127593e-06,0.0,UNSAFE,RED
SYN_0900,6.356467439423774,69.7846243891986,50,0.0,1.2803510851374408e-06,0.0,UNSAFE,RED
SYN_0900,6.356467439423774,69.7846243891986,75,0.0,6.018444464549103e-08,0.0,UNSAFE,RED
SYN_0900,6.356467439423774,69.7846243891986,100,0.0,1.2926245769109699e-06,0.0,UNSAFE,RED
SYN_0900,6.356467439423774,69.7846243891986,150,0.0,6.40985870641492e-08,0.0,UNSAFE,RED
SYN_0900,6.356467439423774,69.7846243891986,200,1.4614080913196975e-06,1.3776724568404492e-07,10.600110882528663,SAFE,GREEN
SYN_0901,6.236380860228383,66.6305218374411,0,0.0,5.6867106217501614e-05,0.0,UNSAFE,RED
SYN_0901,6.236380860228383,66.6305218374411,10,0.0,2.1365333751075675e-05,0.0,UNSAFE,RED
SYN_0901,6.236380860228383,66.6305218374411,25,0.0,1.5700266091817488e-06,0.0,UNSAFE,RED
SYN_0901,6.236380860228383,66.6305218374411,50,0.0,1.389302874609574e-07,0.0,UNSAFE,RED
SYN_0901,6.236380860228383,66.6305218374411,75,0.0,2.9245372720959033e-07,0.0,UNSAFE,RED
SYN_0901,6.236380860228383,66.6305218374411,100,0.0,4.3966320679438703e-07,0.0,UNSAFE,RED
SYN_0901,6.236380860228383,66.6305218374411,150,0.0,9.77595336401762e-09,0.0,UNSAFE,RED
SYN_0901,6.236380860228383,66.6305218374411,200,0.0,4.6956985370618406e-07,0.0,UNSAFE,RED
SYN_0902,13.840606775443405,84.00128009293371,0,0.0,2.19333281612146e-05,0.0,UNSAFE,RED
SYN_0902,13.840606775443405,84.00128009293371,10,0.0,1.439746519401062e-05,0.0,UNSAFE,RED
SYN_0902,13.840606775443405,84.00128009293371,25,0.0,1.2025013325681718e-06,0.0,UNSAFE,RED
SYN_0902,13.840606775443405,84.00128009293371,50,0.0,1.8541354565852939e-06,0.0,UNSAFE,RED
SYN_0902,13.840606775443405,84.00128009293371,75,0.0,5.403101576827786e-07,0.0,UNSAFE,RED
SYN_0902,13.840606775443405,84.00128009293371,100,0.0,2.6886512828014205e-06,0.0,UNSAFE,RED
SYN_0902,13.840606775443405,84.00128009293371,150,0.0,4.521797800312172e-08,0.0,UNSAFE,RED
SYN_0902,13.840606775443405,84.00128009293371,200,0.0,4.596063682760473e-07,0.0,UNSAFE,RED
SYN_0903,18.561590203818625,80.35137124612379,0,0.0,2.618618839448669e-06,0.0,UNSAFE,RED
SYN_0903,18.561590203818625,80.35137124612379,10,0.0,2.0143821307973143e-08,0.0,UNSAFE,RED
SYN_0903,18.561590203818625,80.35137124612379,25,0.0,2.5721111808174853e-06,0.0,UNSAFE,RED
SYN_0903,18.561590203818625,80.35137124612379,50,0.0,1.0700649510010066e-06,0.0,UNSAFE,RED
SYN_0903,18.561590203818625,80.35137124612379,75,0.0,9.911056037173744e-08,0.0,UNSAFE,RED
SYN_0903,18.561590203818625,80.35137124612379,100,0.0,1.1230488755935666e-06,0.0,UNSAFE,RED
SYN_0903,18.561590203818625,80.35137124612379,150,0.0,4.3261039960239e-07,0.0,UNSAFE,RED
SYN_0903,18.561590203818625,80.35137124612379,200,0.0,5.744042424892678e-08,0.0,UNSAFE,RED
SYN_0904,24.804926667669516,75.0879565966094,0,0.0,1.2268500197316235e-05,0.0,UNSAFE,RED
SYN_0904,24.804926667669516,75.0879565966094,10,0.0,7.16995708208157e-07,0.0,UNSAFE,RED
SYN_0904,24.804926667669516,75.0879565966094,25,0.0,2.624097070732304e-06,0.0,UNSAFE,RED
SYN_0904,24.804926667669516,75.0879565966094,50,0.0,9.029778639080701e-07,0.0,UNSAFE,RED
SYN_0904,24.804926667669516,75.0879565966094,75,0.0,4.951557940381466e-07,0.0,UNSAFE,RED
SYN_0904,24.804926667669516,75.0879565966094,100,0.0,1.0444755309051255e-06,0.0,UNSAFE,RED
SYN_0904,24.804926667669516,75.0879565966094,150,0.0,1.2547195000479673e-07,0.0,UNSAFE,RED
SYN_0904,24.804926667669516,75.0879565966094,200,0.0,2.2248885198419851e-07,0.0,UNSAFE,RED
SYN_0905,23.048799922748728,69.01222287150307,0,0.0,1.5130341301161326e-05,0.0,UNSAFE,RED
SYN_0905,23.048799922748728,69.01222287150307,10,0.0,3.281052435564059e-06,0.0,UNSAFE,RED
SYN_0905,23.048799922748728,69.01222287150307,25,0.0,1.8936712187156225e-06,0.0,UNSAFE,RED
SYN_0905,23.048799922748728,69.01222287150307,50,0.0,3.2524374519510366e-09,0.0,UNSAFE,RED
SYN_0905,23.048799922748728,69.01222287150307,75,0.0,5.215727014209207e-07,0.0,UNSAFE,RED
SYN_0905,23.048799922748728,69.01222287150307,100,0.0,4.609940041711196e-07,0.0,UNSAFE,RED
SYN_0905,23.048799922748728,69.01222287150307,150,0.0,2.2210456580763546e-08,0.0,UNSAFE,RED
SYN_0905,23.048799922748728,69.01222287150307,200,0.0,2.3776191464720023e-07,0.0,UNSAFE,RED
SYN_0906,15.928932027425224,76.91588279945877,0,0.0,7.566875222869803e-06,0.0,UNSAFE,RED
SYN_0906,15.928932027425224,76.91588279945877,10,0.0,1.5873222881988536e-07,0.0,UNSAFE,RED
SYN_0906,15.928932027425224,76.91588279945877,25,0.0,5.6620611971679574e-06,0.0,UNSAFE,RED
SYN_0906,15.928932027425224,76.91588279945877,50,0.0,5.93665807004096e-07,0.0,UNSAFE,RED
SYN_0906,15.928932027425224,76.91588279945877,75,0.0,3.379196417606288e-06,0.0,UNSAFE,RED
SYN_0906,15.928932027425224,76.91588279945877,100,0.0,1.4394738700400942e-07,0.0,UNSAFE,RED
SYN_0906,15.928932027425224,76.91588279945877,150,0.0,2.459941796907558e-07,0.0,UNSAFE,RED
SYN_0906,15.928932027425224,76.91588279945877,200,0.0,2.2618623326487266e-07,0.0,UNSAFE,RED
SYN_0907,9.676865111922591,69.53792679912445,0,0.0,2.9694229634732803e-05,0.0,UNSAFE,RED
SYN_0907,9.676865111922591,69.53792679912445,10,0.0,5.571252120470823e-06,0.0,UNSAFE,RED
SYN_0907,9.676865111922591,69.53792679912445,25,0.0,1.8442058706351944e-06,0.0,UNSAFE,RED
SYN_0907,9.676865111922591,69.53792679912445,50,0.0,9.363238280345319e-08,0.0,UNSAFE,RED
SYN_0907,9.676865111922591,69.53792679912445,75,0.0,1.3263130263178907e-07,0.0,UNSAFE,RED
SYN_0907,9.676865111922591,69.53792679912445,100,0.0,1.0160499250778187e-06,0.0,UNSAFE,RED
SYN_0907,9.676865111922591,69.53792679912445,150,0.0,2.525137810916286e-08,0.0,UNSAFE,RED
SYN_0907,9.676865111922591,69.53792679912445,200,0.0,1.1576296656499066e-06,0.0,UNSAFE,RED
SYN_0908,12.054156606166902,80.69532422535946,0,0.0,2.4671027347703747e-05,0.0,UNSAFE,RED
SYN_0908,12.054156606166902,80.69532422535946,10,0.0,6.054514406783552e-06,0.0,UNSAFE,RED
SYN_0908,12.054156606166902,80.69532422535946,25,0.0,3.139253532445691e-06,0.0,UNSAFE,RED
SYN_0908,12.054156606166902,80.69532422535946,50,0.0,6.237064353843586e-07,0.0,UNSAFE,RED
SYN_0908,12.054156606166902,80.69532422535946,75,0.0,4.931058246539582e-07,0.0,UNSAFE,RED
SYN_0908,12.054156606166902,80.69532422535946,100,0.0,9.264850328159721e-07,0.0,UNSAFE,RED
SYN_0908,12.054156606166902,80.69532422535946,150,0.0,3.7642697180601804e-07,0.0,UNSAFE,RED
SYN_0908,12.054156606166902,80.69532422535946,200,0.0,8.718531740902961e-07,0.0,UNSAFE,RED
SYN_0909,20.279521692904822,66.3979211482174,0,0.0,2.5289603723040406e-05,0.0,UNSAFE,RED
SYN_0909,20.279521692904822,66.3979211482174,10,0.0,4.924542197607762e-06,0.0,UNSAFE,RED
SYN_0909,20.279521692904822,66.3979211482174,25,0.0,1.6980973701751582e-06,0.0,UNSAFE,RED
SYN_0909,20.279521692904822,66.3979211482174,50,0.0,1.7659281568247028e-08,0.0,UNSAFE,RED
SYN_0909,20.279521692904822,66.3979211482174,75,0.0,4.255580565464426e-07,0.0,UNSAFE,RED
SYN_0909,20.279521692904822,66.3979211482174,100,0.0,1.924574834058779e-06,0.0,UNSAFE,RED
SYN_0909,20.279521692904822,66.3979211482174,150,0.0,5.259339213320212e-07,0.0,UNSAFE,RED
SYN_0909,20.279521692904822,66.3979211482174,200,0.0,5.470729057313894e-07,0.0,UNSAFE,RED
SYN_0910,17.952849955735175,84.83426147311124,0,0.0,9.503020220963567e-06,0.0,UNSAFE,RED
SYN_0910,17.952849955735175,84.83426147311124,10,0.0,6.469471637296431e-07,0.0,UNSAFE,RED
SYN_0910,17.952849955735175,84.83426147311124,25,0.0,2.5232457779545775e-06,0.0,UNSAFE,RED
SYN_0910,17.952849955735175,84.83426147311124,50,0.0,9.753037228053983e-07,0.0,UNSAFE,RED
SYN_0910,17.952849955735175,84.83426147311124,75,0.0,3.751379749777739e-07,0.0,UNSAFE,RED
SYN_0910,17.952849955735175,84.83426147311124,100,0.0,2.7834814726978127e-06,0.0,UNSAFE,RED
SYN_0910,17.952849955735175,84.83426147311124,150,0.0,2.2371624096587223e-08,0.0,UNSAFE,RED
SYN_0910,17.952849955735175,84.83426147311124,200,0.0,2.296239289720579e-07,0.0,UNSAFE,RED
SYN_0911,21.372940712015907,69.96216171389604,0,0.0,5.715463244629987e-06,0.0,UNSAFE,RED
SYN_0911,21.372940712015907,69.96216171389604,10,0.0,1.6770138637120843e-07,0.0,UNSAFE,RED
SYN_0911,21.372940712015907,69.96216171389604,25,0.0,2.8756862905136767e-06,0.0,UNSAFE,RED
SYN_0911,21.372940712015907,69.96216171389604,50,0.0,4.2920937727772567e-07,0.0,UNSAFE,RED
SYN_0911,21.372940712015907,69.96216171389604,75,0.0,1.097704288275278e-06,0.0,UNSAFE,RED
SYN_0911,21.372940712015907,69.96216171389604,100,0.0,9.528124421119744e-08,0.0,UNSAFE,RED
SYN_0911,21.372940712015907,69.96216171389604,150,0.0,3.355384383890369e-08,0.0,UNSAFE,RED
SYN_0911,21.372940712015907,69.96216171389604,200,0.0,1.225171065073062e-07,0.0,UNSAFE,RED
SYN_0912,18.945760358323508,71.42738942161077,0,0.0,5.105066014502045e-06,0.0,UNSAFE,RED
SYN_0912,18.945760358323508,71.42738942161077,10,0.0,1.678722679832295e-06,0.0,UNSAFE,RED
SYN_0912,18.945760358323508,71.42738942161077,25,0.0,3.1553717111208274e-06,0.0,UNSAFE,RED
SYN_0912,18.945760358323508,71.42738942161077,50,0.0,5.895669441586244e-07,0.0,UNSAFE,RED
SYN_0912,18.945760358323508,71.42738942161077,75,0.0,2.0682128945031978e-07,0.0,UNSAFE,RED
SYN_0912,18.945760358323508,71.42738942161077,100,0.0,7.2701888934877e-07,0.0,UNSAFE,RED
SYN_0912,18.945760358323508,71.42738942161077,150,0.0,2.1407811278763196e-08,0.0,UNSAFE,RED
SYN_0912,18.945760358323508,71.42738942161077,200,0.0,1.652137849048124e-07,0.0,UNSAFE,RED
SYN_0913,10.851763244805635,72.10885174352393,0,0.0,3.0174630587647284e-05,0.0,UNSAFE,RED
SYN_0913,10.851763244805635,72.10885174352393,10,0.0,1.1400177340442495e-06,0.0,UNSAFE,RED
SYN_0913,10.851763244805635,72.10885174352393,25,0.0,9.808874599140658e-06,0.0,UNSAFE,RED
SYN_0913,10.851763244805635,72.10885174352393,50,0.0,2.2067400937217518e-08,0.0,UNSAFE,RED
SYN_0913,10.851763244805635,72.10885174352393,75,0.0,2.530288904847031e-07,0.0,UNSAFE,RED
SYN_0913,10.851763244805635,72.10885174352393,100,0.0,2.1159199351514443e-08,0.0,UNSAFE,RED
SYN_0913,10.851763244805635,72.10885174352393,150,0.0,4.964928642212989e-11,0.0,UNSAFE,RED
SYN_0913,10.851763244805635,72.10885174352393,200,0.0,7.394620332564298e-07,0.0,UNSAFE,RED
SYN_0914,14.411942338720165,79.37072657991551,0,0.0,9.543118657045226e-05,0.0,UNSAFE,RED
SYN_0914,14.411942338720165,79.37072657991551,10,0.0,2.086661539500076e-05,0.0,UNSAFE,RED
SYN_0914,14.411942338720165,79.37072657991551,25,0.0,5.870583541929161e-06,0.0,UNSAFE,RED
SYN_0914,14.411942338720165,79.37072657991551,50,0.0,3.3316282034372185e-07,0.0,UNSAFE,RED
SYN_0914,14.411942338720165,79.37072657991551,75,0.0,5.918118997872014e-07,0.0,UNSAFE,RED
SYN_0914,14.411942338720165,79.37072657991551,100,0.0,1.955066297058572e-07,0.0,UNSAFE,RED
SYN_0914,14.411942338720165,79.37072657991551,150,0.0,4.008445979101556e-08,0.0,UNSAFE,RED
SYN_0914,14.411942338720165,79.37072657991551,200,1.5558859622938955e-05,1.3910303687356796e-06,11.184328926036983,SAFE,GREEN
SYN_0915,5.6139714919710375,81.98097170186128,0,0.0,1.2284451071202208e-05,0.0,UNSAFE,RED
SYN_0915,5.6139714919710375,81.98097170186128,10,0.0,3.469255987709571e-06,0.0,UNSAFE,RED
SYN_0915,5.6139714919710375,81.98097170186128,25,0.0,1.3813587249119426e-06,0.0,UNSAFE,RED
SYN_0915,5.6139714919710375,81.98097170186128,50,0.0,2.429471556672162e-07,0.0,UNSAFE,RED
SYN_0915,5.6139714919710375,81.98097170186128,75,0.0,1.161246809781731e-06,0.0,UNSAFE,RED
SYN_0915,5.6139714919710375,81.98097170186128,100,0.0,4.367989358706765e-07,0.0,UNSAFE,RED
SYN_0915,5.6139714919710375,81.98097170186128,150,0.0,2.470555788534041e-07,0.0,UNSAFE,RED
SYN_0915,5.6139714919710375,81.98097170186128,200,0.0,1.2482388638265026e-06,0.0,UNSAFE,RED
SYN_0916,16.973405150139275,77.83402941872129,0,0.0,9.49316030041502e-05,0.0,UNSAFE,RED
SYN_0916,16.973405150139275,77.83402941872129,10,0.0,2.1074833970916815e-05,0.0,UNSAFE,RED
SYN_0916,16.973405150139275,77.83402941872129,25,0.0,6.3794073801153984e-06,0.0,UNSAFE,RED
SYN_0916,16.973405150139275,77.83402941872129,50,0.0,1.0133000776533862e-06,0.0,UNSAFE,RED
SYN_0916,16.973405150139275,77.83402941872129,75,0.0,1.0603374391540358e-07,0.0,UNSAFE,RED
SYN_0916,16.973405150139275,77.83402941872129,100,0.0,4.110955769086765e-07,0.0,UNSAFE,RED
SYN_0916,16.973405150139275,77.83402941872129,150,0.0,8.5732613127516e-08,0.0,UNSAFE,RED
SYN_0916,16.973405150139275,77.83402941872129,200,0.0,1.8283850676801267e-08,0.0,UNSAFE,RED
SYN_0917,24.96464263748993,76.86685667510326,0,0.0,2.3059113188591187e-05,0.0,UNSAFE,RED
SYN_0917,24.96464263748993,76.86685667510326,10,0.0,1.155452442846556e-06,0.0,UNSAFE,RED
SYN_0917,24.96464263748993,76.86685667510326,25,0.0,4.622665822887035e-06,0.0,UNSAFE,RED
SYN_0917,24.96464263748993,76.86685667510326,50,0.0,1.0923310729104052e-06,0.0,UNSAFE,RED
SYN_0917,24.96464263748993,76.86685667510326,75,0.0,1.349878147698047e-06,0.0,UNSAFE,RED
SYN_0917,24.96464263748993,76.86685667510326,100,0.0,1.0270795427117385e-06,0.0,UNSAFE,RED
SYN_0917,24.96464263748993,76.86685667510326,150,0.0,3.7459941584128304e-08,0.0,UNSAFE,RED
SYN_0917,24.96464263748993,76.86685667510326,200,0.0,1.2206268610910805e-06,0.0,UNSAFE,RED
SYN_0918,9.23780311427471,66.01157370333475,0,0.0,2.1972648165227473e-05,0.0,UNSAFE,RED
SYN_0918,9.23780311427471,66.01157370333475,10,0.0,3.5300940788090907e-06,0.0,UNSAFE,RED
SYN_0918,9.23780311427471,66.01157370333475,25,0.0,8.487941465461228e-07,0.0,UNSAFE,RED
SYN_0918,9.23780311427471,66.01157370333475,50,0.0,1.213822541379706e-08,0.0,UNSAFE,RED
SYN_0918,9.23780311427471,66.01157370333475,75,0.0,1.412237195190457e-06,0.0,UNSAFE,RED
SYN_0918,9.23780311427471,66.01157370333475,100,0.0,1.8807749010151536e-07,0.0,UNSAFE,RED
SYN_0918,9.23780311427471,66.01157370333475,150,0.0,4.928769667002137e-08,0.0,UNSAFE,RED
SYN_0918,9.23780311427471,66.01157370333475,200,0.0,1.0177179749021242e-06,0.0,UNSAFE,RED
SYN_0919,21.025647169734835,76.68046502432703,0,0.0,3.7499015689101984e-06,0.0,UNSAFE,RED
SYN_0919,21.025647169734835,76.68046502432703,10,0.0,2.6408159896979853e-06,0.0,UNSAFE,RED
SYN_0919,21.025647169734835,76.68046502432703,25,0.0,6.582226227616678e-06,0.0,UNSAFE,RED
SYN_0919,21.025647169734835,76.68046502432703,50,0.0,6.799297825936609e-07,0.0,UNSAFE,RED
SYN_0919,21.025647169734835,76.68046502432703,75,0.0,1.1439547537929739e-07,0.0,UNSAFE,RED
SYN_0919,21.025647169734835,76.68046502432703,100,0.0,7.33531994924436e-07,0.0,UNSAFE,RED
SYN_0919,21.025647169734835,76.68046502432703,150,0.0,5.520592186457834e-08,0.0,UNSAFE,RED
SYN_0919,21.025647169734835,76.68046502432703,200,0.0,4.242605747778269e-07,0.0,UNSAFE,RED
SYN_0920,19.318760497680888,79.52902886936873,0,0.0,3.475456659178404e-05,0.0,UNSAFE,RED
SYN_0920,19.318760497680888,79.52902886936873,10,0.0,7.041089961007015e-06,0.0,UNSAFE,RED
SYN_0920,19.318760497680888,79.52902886936873,25,0.0,2.8271666113472326e-06,0.0,UNSAFE,RED
SYN_0920,19.318760497680888,79.52902886936873,50,0.0,5.289959192782193e-09,0.0,UNSAFE,RED
SYN_0920,19.318760497680888,79.52902886936873,75,0.0,2.5793310874389915e-07,0.0,UNSAFE,RED
SYN_0920,19.318760497680888,79.52902886936873,100,0.0,5.441483575800959e-07,0.0,UNSAFE,RED
SYN_0920,19.318760497680888,79.52902886936873,150,0.0,1.83482222764141e-07,0.0,UNSAFE,RED
SYN_0920,19.318760497680888,79.52902886936873,200,0.0,1.1417304420481904e-06,0.0,UNSAFE,RED
SYN_0921,13.630662632375422,74.73444117810088,0,0.0,1.1990426758420112e-05,0.0,UNSAFE,RED
SYN_0921,13.630662632375422,74.73444117810088,10,0.0,3.3965816804117104e-06,0.0,UNSAFE,RED
SYN_0921,13.630662632375422,74.73444117810088,25,0.0,2.3853598104028317e-06,0.0,UNSAFE,RED
SYN_0921,13.630662632375422,74.73444117810088,50,0.0,6.660200383193227e-07,0.0,UNSAFE,RED
SYN_0921,13.630662632375422,74.73444117810088,75,0.0,1.756169144056621e-07,0.0,UNSAFE,RED
SYN_0921,13.630662632375422,74.73444117810088,100,0.0,1.3504693668207204e-06,0.0,UNSAFE,RED
SYN_0921,13.630662632375422,74.73444117810088,150,0.0,7.292162158681861e-08,0.0,UNSAFE,RED
SYN_0921,13.630662632375422,74.73444117810088,200,0.0,7.864775029723936e-08,0.0,UNSAFE,RED
SYN_0922,19.00307157473148,77.71821721933406,0,0.0,8.285659736224867e-06,0.0,UNSAFE,RED
SYN_0922,19.00307157473148,77.71821721933406,10,0.0,6.930326120257296e-07,0.0,UNSAFE,RED
SYN_0922,19.00307157473148,77.71821721933406,25,0.0,3.444022934325846e-06,0.0,UNSAFE,RED
SYN_0922,19.00307157473148,77.71821721933406,50,0.0,1.3364980110760516e-06,0.0,UNSAFE,RED
SYN_0922,19.00307157473148,77.71821721933406,75,0.0,1.038150749578552e-06,0.0,UNSAFE,RED
SYN_0922,19.00307157473148,77.71821721933406,100,0.0,1.4933435398140315e-06,0.0,UNSAFE,RED
SYN_0922,19.00307157473148,77.71821721933406,150,0.0,2.501846315789036e-07,0.0,UNSAFE,RED
SYN_0922,19.00307157473148,77.71821721933406,200,0.0,2.0291164546328695e-06,0.0,UNSAFE,RED
SYN_0923,12.645451900799516,69.92770255785193,0,0.0,8.709139898082978e-07,0.0,UNSAFE,RED
SYN_0923,12.645451900799516,69.92770255785193,10,0.0,4.062445361052852e-07,0.0,UNSAFE,RED
SYN_0923,12.645451900799516,69.92770255785193,25,0.0,1.4041502088104319e-06,0.0,UNSAFE,RED
SYN_0923,12.645451900799516,69.92770255785193,50,0.0,3.2480257430920436e-07,0.0,UNSAFE,RED
SYN_0923,12.645451900799516,69.92770255785193,75,0.0,8.817729238613858e-07,0.0,UNSAFE,RED
SYN_0923,12.645451900799516,69.92770255785193,100,0.0,1.4350931040606217e-07,0.0,UNSAFE,RED
SYN_0923,12.645451900799516,69.92770255785193,150,0.0,4.397741954875745e-07,0.0,UNSAFE,RED
SYN_0923,12.645451900799516,69.92770255785193,200,0.0,2.5417651255674964e-06,0.0,UNSAFE,RED
SYN_0924,20.4572854105435,74.63043361668011,0,0.0,3.9924142420354826e-05,0.0,UNSAFE,RED
SYN_0924,20.4572854105435,74.63043361668011,10,0.0,7.300885942911723e-06,0.0,UNSAFE,RED
SYN_0924,20.4572854105435,74.63043361668011,25,0.0,2.551279090077692e-06,0.0,UNSAFE,RED
SYN_0924,20.4572854105435,74.63043361668011,50,0.0,9.43269931333461e-07,0.0,UNSAFE,RED
SYN_0924,20.4572854105435,74.63043361668011,75,0.0,1.757484356110336e-07,0.0,UNSAFE,RED
SYN_0924,20.4572854105435,74.63043361668011,100,0.0,1.2094979102186072e-06,0.0,UNSAFE,RED
SYN_0924,20.4572854105435,74.63043361668011,150,0.0,5.914547197181675e-08,0.0,UNSAFE,RED
SYN_0924,20.4572854105435,74.63043361668011,200,0.0,3.633983473375349e-07,0.0,UNSAFE,RED
SYN_0925,11.147211625917995,70.26551651366472,0,0.0,2.325874956557333e-05,0.0,UNSAFE,RED
SYN_0925,11.147211625917995,70.26551651366472,10,0.0,5.265996184875001e-06,0.0,UNSAFE,RED
SYN_0925,11.147211625917995,70.26551651366472,25,0.0,1.1814734763688563e-06,0.0,UNSAFE,RED
SYN_0925,11.147211625917995,70.26551651366472,50,0.0,7.390442193520103e-08,0.0,UNSAFE,RED
SYN_0925,11.147211625917995,70.26551651366472,75,0.0,1.2310377418438593e-06,0.0,UNSAFE,RED
SYN_0925,11.147211625917995,70.26551651366472,100,0.0,5.265610365343351e-07,0.0,UNSAFE,RED
SYN_0925,11.147211625917995,70.26551651366472,150,0.0,7.788197482802469e-08,0.0,UNSAFE,RED
SYN_0925,11.147211625917995,70.26551651366472,200,0.0,4.7502545357427776e-07,0.0,UNSAFE,RED
SYN_0926,15.51066954778276,84.31197381932819,0,0.0,3.129663351402323e-05,0.0,UNSAFE,RED
SYN_0926,15.51066954778276,84.31197381932819,10,0.0,1.007510145745599e-05,0.0,UNSAFE,RED
SYN_0926,15.51066954778276,84.31197381932819,25,0.0,5.782281244186769e-07,0.0,UNSAFE,RED
SYN_0926,15.51066954778276,84.31197381932819,50,0.0,2.4774103060826606e-07,0.0,UNSAFE,RED
SYN_0926,15.51066954778276,84.31197381932819,75,0.0,6.0286860838343e-08,0.0,UNSAFE,RED
SYN_0926,15.51066954778276,84.31197381932819,100,0.0,7.356434460827219e-07,0.0,UNSAFE,RED
SYN_0926,15.51066954778276,84.31197381932819,150,0.0,5.703624888079012e-07,0.0,UNSAFE,RED
SYN_0926,15.51066954778276,84.31197381932819,200,0.0,6.865679222932352e-08,0.0,UNSAFE,RED
SYN_0927,5.241674910288577,79.22253843093888,0,0.0,8.921612164408132e-06,0.0,UNSAFE,RED
SYN_0927,5.241674910288577,79.22253843093888,10,0.0,2.9231340073302787e-07,0.0,UNSAFE,RED
SYN_0927,5.241674910288577,79.22253843093888,25,0.0,3.086549413325818e-06,0.0,UNSAFE,RED
SYN_0927,5.241674910288577,79.22253843093888,50,0.0,1.1746658404414555e-06,0.0,UNSAFE,RED
SYN_0927,5.241674910288577,79.22253843093888,75,0.0,2.415464051731216e-08,0.0,UNSAFE,RED
SYN_0927,5.241674910288577,79.22253843093888,100,0.0,3.534538970572137e-07,0.0,UNSAFE,RED
SYN_0927,5.241674910288577,79.22253843093888,150,0.0,7.989930747097906e-08,0.0,UNSAFE,RED
SYN_0927,5.241674910288577,79.22253843093888,200,0.0,4.5154709006941887e-07,0.0,UNSAFE,RED
SYN_0928,7.811595188745219,79.83190093581965,0,0.0,4.058700375827133e-06,0.0,UNSAFE,RED
SYN_0928,7.811595188745219,79.83190093581965,10,0.0,5.982181812972837e-07,0.0,UNSAFE,RED
SYN_0928,7.811595188745219,79.83190093581965,25,0.0,1.5560919274332475e-06,0.0,UNSAFE,RED
SYN_0928,7.811595188745219,79.83190093581965,50,0.0,3.988227597314004e-07,0.0,UNSAFE,RED
SYN_0928,7.811595188745219,79.83190093581965,75,0.0,6.684535519739225e-07,0.0,UNSAFE,RED
SYN_0928,7.811595188745219,79.83190093581965,100,0.0,1.3421140156218017e-06,0.0,UNSAFE,RED
SYN_0928,7.811595188745219,79.83190093581965,150,0.0,3.011603822445563e-07,0.0,UNSAFE,RED
SYN_0928,7.811595188745219,79.83190093581965,200,0.0,4.595905117568362e-07,0.0,UNSAFE,RED
SYN_0929,16.892973328449898,69.77483086984685,0,0.0,3.9218625435007725e-06,0.0,UNSAFE,RED
SYN_0929,16.892973328449898,69.77483086984685,10,0.0,5.112372095943462e-07,0.0,UNSAFE,RED
SYN_0929,16.892973328449898,69.77483086984685,25,0.0,6.730883207455362e-06,0.0,UNSAFE,RED
SYN_0929,16.892973328449898,69.77483086984685,50,0.0,1.2173054610332367e-06,0.0,UNSAFE,RED
SYN_0929,16.892973328449898,69.77483086984685,75,0.0,1.1007725892028916e-06,0.0,UNSAFE,RED
SYN_0929,16.892973328449898,69.77483086984685,100,0.0,2.872635124274904e-07,0.0,UNSAFE,RED
SYN_0929,16.892973328449898,69.77483086984685,150,0.0,3.7677704690149896e-07,0.0,UNSAFE,RED
SYN_0929,16.892973328449898,69.77483086984685,200,0.0,1.5865582544076288e-06,0.0,UNSAFE,RED
SYN_0930,13.233430490768889,75.70233037816801,0,0.0,8.155835543123297e-06,0.0,UNSAFE,RED
SYN_0930,13.233430490768889,75.70233037816801,10,0.0,1.6925791196514387e-06,0.0,UNSAFE,RED
SYN_0930,13.233430490768889,75.70233037816801,25,0.0,1.3895366156849197e-06,0.0,UNSAFE,RED
SYN_0930,13.233430490768889,75.70233037816801,50,0.0,3.0862272529447186e-07,0.0,UNSAFE,RED
SYN_0930,13.233430490768889,75.70233037816801,75,0.0,1.401769323283821e-07,0.0,UNSAFE,RED
SYN_0930,13.233430490768889,75.70233037816801,100,0.0,4.135602218863379e-07,0.0,UNSAFE,RED
SYN_0930,13.233430490768889,75.70233037816801,150,0.0,1.2207338318175064e-08,0.0,UNSAFE,RED
SYN_0930,13.233430490768889,75.70233037816801,200,0.0,1.8948022779940265e-07,0.0,UNSAFE,RED
SYN_0931,9.303019052140098,83.81086863583769,0,0.0,3.389378137891701e-05,0.0,UNSAFE,RED
SYN_0931,9.303019052140098,83.81086863583769,10,0.0,1.5143777070435786e-05,0.0,UNSAFE,RED
SYN_0931,9.303019052140098,83.81086863583769,25,0.0,2.946608232960772e-06,0.0,UNSAFE,RED
SYN_0931,9.303019052140098,83.81086863583769,50,0.0,7.149046593491692e-07,0.0,UNSAFE,RED
SYN_0931,9.303019052140098,83.81086863583769,75,0.0,1.1996471841250623e-06,0.0,UNSAFE,RED
SYN_0931,9.303019052140098,83.81086863583769,100,0.0,6.053770148908718e-07,0.0,UNSAFE,RED
SYN_0931,9.303019052140098,83.81086863583769,150,0.0,6.863294032765716e-08,0.0,UNSAFE,RED
SYN_0931,9.303019052140098,83.81086863583769,200,0.0,4.409829224149758e-08,0.0,UNSAFE,RED
SYN_0932,20.69493292245501,69.79813303844253,0,0.0,9.518948100234228e-06,0.0,UNSAFE,RED
SYN_0932,20.69493292245501,69.79813303844253,10,0.0,2.1174788916314997e-06,0.0,UNSAFE,RED
SYN_0932,20.69493292245501,69.79813303844253,25,0.0,8.315694821679619e-07,0.0,UNSAFE,RED
SYN_0932,20.69493292245501,69.79813303844253,50,0.0,7.782281359963705e-07,0.0,UNSAFE,RED
SYN_0932,20.69493292245501,69.79813303844253,75,0.0,3.820902996417021e-07,0.0,UNSAFE,RED
SYN_0932,20.69493292245501,69.79813303844253,100,0.0,2.5114800461510154e-07,0.0,UNSAFE,RED
SYN_0932,20.69493292245501,69.79813303844253,150,0.0,7.634159661784061e-08,0.0,UNSAFE,RED
SYN_0932,20.69493292245501,69.79813303844253,200,0.0,4.982230617814998e-08,0.0,UNSAFE,RED
SYN_0933,15.088186565801108,65.6723080925732,0,0.0,6.741178702618276e-06,0.0,UNSAFE,RED
SYN_0933,15.088186565801108,65.6723080925732,10,0.0,4.6285037330297644e-06,0.0,UNSAFE,RED
SYN_0933,15.088186565801108,65.6723080925732,25,0.0,2.467161778705487e-07,0.0,UNSAFE,RED
SYN_0933,15.088186565801108,65.6723080925732,50,0.0,1.7432717199413144e-06,0.0,UNSAFE,RED
SYN_0933,15.088186565801108,65.6723080925732,75,0.0,8.771245166067708e-07,0.0,UNSAFE,RED
SYN_0933,15.088186565801108,65.6723080925732,100,0.0,7.781388402870408e-07,0.0,UNSAFE,RED
SYN_0933,15.088186565801108,65.6723080925732,150,0.0,5.4064081465164385e-08,0.0,UNSAFE,RED
SYN_0933,15.088186565801108,65.6723080925732,200,0.0,8.675958138848918e-07,0.0,UNSAFE,RED
SYN_0934,24.391505769627848,78.20352195545931,0,0.0,9.618696908799653e-06,0.0,UNSAFE,RED
SYN_0934,24.391505769627848,78.20352195545931,10,0.0,5.515168893388839e-07,0.0,UNSAFE,RED
SYN_0934,24.391505769627848,78.20352195545931,25,0.0,5.118123052062402e-06,0.0,UNSAFE,RED
SYN_0934,24.391505769627848,78.20352195545931,50,0.0,2.8823463823385475e-06,0.0,UNSAFE,RED
SYN_0934,24.391505769627848,78.20352195545931,75,0.0,7.053198935580306e-07,0.0,UNSAFE,RED
SYN_0934,24.391505769627848,78.20352195545931,100,0.0,5.608980636949696e-07,0.0,UNSAFE,RED
SYN_0934,24.391505769627848,78.20352195545931,150,0.0,1.5686272167414917e-08,0.0,UNSAFE,RED
SYN_0934,24.391505769627848,78.20352195545931,200,0.0,3.0684200449804038e-06,0.0,UNSAFE,RED
SYN_0935,5.96275350468102,80.73933976275586,0,0.0,5.3842721312724337e-05,0.0,UNSAFE,RED
SYN_0935,5.96275350468102,80.73933976275586,10,0.0,2.959488436090243e-05,0.0,UNSAFE,RED
SYN_0935,5.96275350468102,80.73933976275586,25,0.0,2.0578093314305702e-06,0.0,UNSAFE,RED
SYN_0935,5.96275350468102,80.73933976275586,50,0.0,5.441216114084593e-07,0.0,UNSAFE,RED
SYN_0935,5.96275350468102,80.73933976275586,75,0.0,4.837826002296654e-07,0.0,UNSAFE,RED
SYN_0935,5.96275350468102,80.73933976275586,100,0.0,9.030024910711159e-08,0.0,UNSAFE,RED
SYN_0935,5.96275350468102,80.73933976275586,150,0.0,1.8729157725245707e-07,0.0,UNSAFE,RED
SYN_0935,5.96275350468102,80.73933976275586,200,0.0,2.2922789815280826e-06,0.0,UNSAFE,RED
SYN_0936,11.25926157007564,78.0742229226759,0,0.0,1.1261212871667123e-05,0.0,UNSAFE,RED
SYN_0936,11.25926157007564,78.0742229226759,10,0.0,1.471529791512772e-06,0.0,UNSAFE,RED
SYN_0936,11.25926157007564,78.0742229226759,25,0.0,6.101971888714416e-07,0.0,UNSAFE,RED
SYN_0936,11.25926157007564,78.0742229226759,50,0.0,4.4043093108082947e-07,0.0,UNSAFE,RED
SYN_0936,11.25926157007564,78.0742229226759,75,0.0,2.3805759082568362e-08,0.0,UNSAFE,RED
SYN_0936,11.25926157007564,78.0742229226759,100,0.0,2.205813018499096e-07,0.0,UNSAFE,RED
SYN_0936,11.25926157007564,78.0742229226759,150,0.0,1.0858226818165147e-08,0.0,UNSAFE,RED
SYN_0936,11.25926157007564,78.0742229226759,200,0.0,1.4897070452783633e-06,0.0,UNSAFE,RED
SYN_0937,13.476401097444535,84.21287358163094,0,0.0,8.380414898796507e-05,0.0,UNSAFE,RED
SYN_0937,13.476401097444535,84.21287358163094,10,0.0,2.316219566265641e-05,0.0,UNSAFE,RED
SYN_0937,13.476401097444535,84.21287358163094,25,0.0,4.1289727611604725e-06,0.0,UNSAFE,RED
SYN_0937,13.476401097444535,84.21287358163094,50,0.0,1.4564860666711406e-06,0.0,UNSAFE,RED
SYN_0937,13.476401097444535,84.21287358163094,75,0.0,5.736610313691183e-07,0.0,UNSAFE,RED
SYN_0937,13.476401097444535,84.21287358163094,100,0.0,3.0951812916643165e-06,0.0,UNSAFE,RED
SYN_0937,13.476401097444535,84.21287358163094,150,0.0,3.2964917124356406e-07,0.0,UNSAFE,RED
SYN_0937,13.476401097444535,84.21287358163094,200,0.0,2.0262461180529395e-06,0.0,UNSAFE,RED
SYN_0938,11.478228991030724,77.07172418572145,0,0.0,7.346048495413677e-06,0.0,UNSAFE,RED
SYN_0938,11.478228991030724,77.07172418572145,10,0.0,8.626977690607993e-06,0.0,UNSAFE,RED
SYN_0938,11.478228991030724,77.07172418572145,25,0.0,4.1513803503418115e-06,0.0,UNSAFE,RED
SYN_0938,11.478228991030724,77.07172418572145,50,0.0,2.538063996015996e-06,0.0,UNSAFE,RED
SYN_0938,11.478228991030724,77.07172418572145,75,0.0,1.1650856697107355e-07,0.0,UNSAFE,RED
SYN_0938,11.478228991030724,77.07172418572145,100,0.0,2.540613898589389e-06,0.0,UNSAFE,RED
SYN_0938,11.478228991030724,77.07172418572145,150,0.0,3.888899965414071e-07,0.0,UNSAFE,RED
SYN_0938,11.478228991030724,77.07172418572145,200,0.0,5.023855328558732e-07,0.0,UNSAFE,RED
SYN_0939,10.333275659951084,82.42537045640844,0,0.0,7.708252831259638e-06,0.0,UNSAFE,RED
SYN_0939,10.333275659951084,82.42537045640844,10,0.0,1.8158889704214568e-06,0.0,UNSAFE,RED
SYN_0939,10.333275659951084,82.42537045640844,25,0.0,1.5844706005823486e-06,0.0,UNSAFE,RED
SYN_0939,10.333275659951084,82.42537045640844,50,0.0,5.986547902627984e-08,0.0,UNSAFE,RED
SYN_0939,10.333275659951084,82.42537045640844,75,0.0,1.3063203960088438e-06,0.0,UNSAFE,RED
SYN_0939,10.333275659951084,82.42537045640844,100,0.0,8.780628598766343e-09,0.0,UNSAFE,RED
SYN_0939,10.333275659951084,82.42537045640844,150,0.0,4.675334671794959e-08,0.0,UNSAFE,RED
SYN_0939,10.333275659951084,82.42537045640844,200,0.0,7.424454008136101e-07,0.0,UNSAFE,RED
SYN_0940,9.71426168120843,73.49259691551777,0,0.0,2.2952895256524948e-06,0.0,UNSAFE,RED
SYN_0940,9.71426168120843,73.49259691551777,10,0.0,4.2543381206329806e-07,0.0,UNSAFE,RED
SYN_0940,9.71426168120843,73.49259691551777,25,0.0,7.694644466980387e-08,0.0,UNSAFE,RED
SYN_0940,9.71426168120843,73.49259691551777,50,0.0,4.962373913292554e-07,0.0,UNSAFE,RED
SYN_0940,9.71426168120843,73.49259691551777,75,0.0,3.861331499183741e-07,0.0,UNSAFE,RED
SYN_0940,9.71426168120843,73.49259691551777,100,0.0,3.285805837970217e-07,0.0,UNSAFE,RED
SYN_0940,9.71426168120843,73.49259691551777,150,0.0,3.98612998316419e-08,0.0,UNSAFE,RED
SYN_0940,9.71426168120843,73.49259691551777,200,0.0,7.587595693856994e-07,0.0,UNSAFE,RED
SYN_0941,13.988240585928931,69.95091131434287,0,0.0,4.156523862988847e-06,0.0,UNSAFE,RED
SYN_0941,13.988240585928931,69.95091131434287,10,0.0,1.2758301101753704e-06,0.0,UNSAFE,RED
SYN_0941,13.988240585928931,69.95091131434287,25,0.0,2.5946998925353836e-06,0.0,UNSAFE,RED
SYN_0941,13.988240585928931,69.95091131434287,50,0.0,4.493093613812172e-07,0.0,UNSAFE,RED
SYN_0941,13.988240585928931,69.95091131434287,75,0.0,8.382243530037447e-07,0.0,UNSAFE,RED
SYN_0941,13.988240585928931,69.95091131434287,100,0.0,2.2900177409603093e-06,0.0,UNSAFE,RED
SYN_0941,13.988240585928931,69.95091131434287,150,0.0,3.5735184664213523e-07,0.0,UNSAFE,RED
SYN_0941,13.988240585928931,69.95091131434287,200,0.0,5.13104744719673e-07,0.0,UNSAFE,RED
SYN_0942,15.83108281172712,78.18974273110702,0,0.0,4.2766703482088644e-06,0.0,UNSAFE,RED
SYN_0942,15.83108281172712,78.18974273110702,10,0.0,5.501430202412219e-07,0.0,UNSAFE,RED
SYN_0942,15.83108281172712,78.18974273110702,25,0.0,1.0956152403526172e-06,0.0,UNSAFE,RED
SYN_0942,15.83108281172712,78.18974273110702,50,0.0,5.271700970014193e-07,0.0,UNSAFE,RED
SYN_0942,15.83108281172712,78.18974273110702,75,0.0,1.0748054265674537e-07,0.0,UNSAFE,RED
SYN_0942,15.83108281172712,78.18974273110702,100,0.0,2.1493439521818026e-06,0.0,UNSAFE,RED
SYN_0942,15.83108281172712,78.18974273110702,150,0.0,3.5214565028417895e-07,0.0,UNSAFE,RED
SYN_0942,15.83108281172712,78.18974273110702,200,0.0,2.3824355278268154e-07,0.0,UNSAFE,RED
SYN_0943,7.330656411842527,79.86440500805213,0,0.0,2.9746238264368016e-05,0.0,UNSAFE,RED
SYN_0943,7.330656411842527,79.86440500805213,10,0.0,7.658997011013955e-06,0.0,UNSAFE,RED
SYN_0943,7.330656411842527,79.86440500805213,25,0.0,5.333776080378745e-06,0.0,UNSAFE,RED
SYN_0943,7.330656411842527,79.86440500805213,50,0.0,2.2936330016275783e-06,0.0,UNSAFE,RED
SYN_0943,7.330656411842527,79.86440500805213,75,0.0,2.122927826237281e-07,0.0,UNSAFE,RED
SYN_0943,7.330656411842527,79.86440500805213,100,0.0,7.60828060175603e-07,0.0,UNSAFE,RED
SYN_0943,7.330656411842527,79.86440500805213,150,0.0,2.5956123296869335e-08,0.0,UNSAFE,RED
SYN_0943,7.330656411842527,79.86440500805213,200,0.0,1.7932213215578868e-07,0.0,UNSAFE,RED
SYN_0944,19.824276194098736,69.57410274300256,0,0.0,9.312760183991074e-06,0.0,UNSAFE,RED
SYN_0944,19.824276194098736,69.57410274300256,10,0.0,4.023900778842142e-06,0.0,UNSAFE,RED
SYN_0944,19.824276194098736,69.57410274300256,25,0.0,2.211306773791077e-07,0.0,UNSAFE,RED
SYN_0944,19.824276194098736,69.57410274300256,50,0.0,5.97076595345775e-07,0.0,UNSAFE,RED
SYN_0944,19.824276194098736,69.57410274300256,75,0.0,8.293849786905918e-07,0.0,UNSAFE,RED
SYN_0944,19.824276194098736,69.57410274300256,100,0.0,7.406327390498065e-07,0.0,UNSAFE,RED
SYN_0944,19.824276194098736,69.57410274300256,150,0.0,6.291021911257754e-07,0.0,UNSAFE,RED
SYN_0944,19.824276194098736,69.57410274300256,200,0.0,1.0689835288746693e-06,0.0,UNSAFE,RED
SYN_0945,10.99389063371224,79.0732325120194,0,0.0,5.8301681382145466e-05,0.0,UNSAFE,RED
SYN_0945,10.99389063371224,79.0732325120194,10,0.0,7.647164127613686e-06,0.0,UNSAFE,RED
SYN_0945,10.99389063371224,79.0732325120194,25,0.0,4.783226836652978e-06,0.0,UNSAFE,RED
SYN_0945,10.99389063371224,79.0732325120194,50,0.0,1.4614122835345781e-07,0.0,UNSAFE,RED
SYN_0945,10.99389063371224,79.0732325120194,75,0.0,2.6811166291344396e-07,0.0,UNSAFE,RED
SYN_0945,10.99389063371224,79.0732325120194,100,0.0,5.032792664263622e-07,0.0,UNSAFE,RED
SYN_0945,10.99389063371224,79.0732325120194,150,0.0,3.680230821486598e-08,0.0,UNSAFE,RED
SYN_0945,10.99389063371224,79.0732325120194,200,0.0,1.6436801499435456e-07,0.0,UNSAFE,RED
SYN_0946,14.866479830213756,66.01030235940486,0,0.0,1.1825525684385448e-06,0.0,UNSAFE,RED
SYN_0946,14.866479830213756,66.01030235940486,10,0.0,1.0359386908699544e-06,0.0,UNSAFE,RED
SYN_0946,14.866479830213756,66.01030235940486,25,0.0,5.92401168589027e-07,0.0,UNSAFE,RED
SYN_0946,14.866479830213756,66.01030235940486,50,0.0,9.176942571505604e-07,0.0,UNSAFE,RED
SYN_0946,14.866479830213756,66.01030235940486,75,0.0,9.248594488594445e-07,0.0,UNSAFE,RED
SYN_0946,14.866479830213756,66.01030235940486,100,0.0,3.3906380789617215e-07,0.0,UNSAFE,RED
SYN_0946,14.866479830213756,66.01030235940486,150,0.0,2.501173200198178e-07,0.0,UNSAFE,RED
SYN_0946,14.866479830213756,66.01030235940486,200,0.0,8.63055456261406e-08,0.0,UNSAFE,RED
SYN_0947,5.716069034278704,73.45087809996815,0,0.0,3.3576000636108684e-05,0.0,UNSAFE,RED
SYN_0947,5.716069034278704,73.45087809996815,10,0.0,4.472662155041843e-06,0.0,UNSAFE,RED
SYN_0947,5.716069034278704,73.45087809996815,25,0.0,5.180534325821757e-06,0.0,UNSAFE,RED
SYN_0947,5.716069034278704,73.45087809996815,50,0.0,9.379296360229671e-08,0.0,UNSAFE,RED
SYN_0947,5.716069034278704,73.45087809996815,75,0.0,7.044966728191217e-07,0.0,UNSAFE,RED
SYN_0947,5.716069034278704,73.45087809996815,100,0.0,2.435071510327287e-07,0.0,UNSAFE,RED
SYN_0947,5.716069034278704,73.45087809996815,150,0.0,3.327703510166993e-07,0.0,UNSAFE,RED
SYN_0947,5.716069034278704,73.45087809996815,200,0.0,1.9698314818426566e-07,0.0,UNSAFE,RED
SYN_0948,7.590663579849397,81.22085883655025,0,0.0,5.833850349454542e-06,0.0,UNSAFE,RED
SYN_0948,7.590663579849397,81.22085883655025,10,0.0,1.5986587144861573e-06,0.0,UNSAFE,RED
SYN_0948,7.590663579849397,81.22085883655025,25,0.0,1.621507948572224e-07,0.0,UNSAFE,RED
SYN_0948,7.590663579849397,81.22085883655025,50,0.0,3.7119416450754235e-07,0.0,UNSAFE,RED
SYN_0948,7.590663579849397,81.22085883655025,75,0.0,1.048521918749502e-07,0.0,UNSAFE,RED
SYN_0948,7.590663579849397,81.22085883655025,100,0.0,2.831549073648358e-07,0.0,UNSAFE,RED
SYN_0948,7.590663579849397,81.22085883655025,150,0.0,1.5888839695042478e-09,0.0,UNSAFE,RED
SYN_0948,7.590663579849397,81.22085883655025,200,0.0,6.531996409817165e-08,0.0,UNSAFE,RED
SYN_0949,20.261507947944114,83.87068042955481,0,0.0,1.3765065456664341e-05,0.0,UNSAFE,RED
SYN_0949,20.261507947944114,83.87068042955481,10,0.0,3.465696621496606e-06,0.0,UNSAFE,RED
SYN_0949,20.261507947944114,83.87068042955481,25,0.0,3.645281680206806e-07,0.0,UNSAFE,RED
SYN_0949,20.261507947944114,83.87068042955481,50,0.0,2.3806650994849937e-07,0.0,UNSAFE,RED
SYN_0949,20.261507947944114,83.87068042955481,75,0.0,1.173040172098442e-06,0.0,UNSAFE,RED
SYN_0949,20.261507947944114,83.87068042955481,100,0.0,1.2729381987078697e-06,0.0,UNSAFE,RED
SYN_0949,20.261507947944114,83.87068042955481,150,0.0,5.22307196258088e-07,0.0,UNSAFE,RED
SYN_0949,20.261507947944114,83.87068042955481,200,0.0,3.821071666653396e-06,0.0,UNSAFE,RED
SYN_0950,5.979427685710419,66.73353146462107,0,0.0,5.7725042487870515e-05,0.0,UNSAFE,RED
SYN_0950,5.979427685710419,66.73353146462107,10,0.0,1.3414521797063556e-05,0.0,UNSAFE,RED
SYN_0950,5.979427685710419,66.73353146462107,25,0.0,1.9633443708210643e-06,0.0,UNSAFE,RED
SYN_0950,5.979427685710419,66.73353146462107,50,0.0,1.641167318173716e-07,0.0,UNSAFE,RED
SYN_0950,5.979427685710419,66.73353146462107,75,0.0,1.9077705447081645e-06,0.0,UNSAFE,RED
SYN_0950,5.979427685710419,66.73353146462107,100,0.0,7.985276329608601e-07,0.0,UNSAFE,RED
SYN_0950,5.979427685710419,66.73353146462107,150,0.0,1.4562516406344827e-07,0.0,UNSAFE,RED
SYN_0950,5.979427685710419,66.73353146462107,200,0.0,1.654604771715945e-07,0.0,UNSAFE,RED
SYN_0951,8.741788523944825,75.95286026071696,0,0.0,1.71075691718691e-05,0.0,UNSAFE,RED
SYN_0951,8.741788523944825,75.95286026071696,10,0.0,7.228925230127031e-06,0.0,UNSAFE,RED
SYN_0951,8.741788523944825,75.95286026071696,25,0.0,7.745917674173162e-09,0.0,UNSAFE,RED
SYN_0951,8.741788523944825,75.95286026071696,50,0.0,4.557863513842613e-07,0.0,UNSAFE,RED
SYN_0951,8.741788523944825,75.95286026071696,75,0.0,1.6505995429156335e-06,0.0,UNSAFE,RED
SYN_0951,8.741788523944825,75.95286026071696,100,0.0,1.2611530499204747e-06,0.0,UNSAFE,RED
SYN_0951,8.741788523944825,75.95286026071696,150,0.0,2.6676422914625504e-07,0.0,UNSAFE,RED
SYN_0951,8.741788523944825,75.95286026071696,200,0.0,4.5543611586690333e-07,0.0,UNSAFE,RED
SYN_0952,20.852030164751064,78.95973607966125,0,0.0,1.177004300678983e-05,0.0,UNSAFE,RED
SYN_0952,20.852030164751064,78.95973607966125,10,0.0,7.258750253890035e-06,0.0,UNSAFE,RED
SYN_0952,20.852030164751064,78.95973607966125,25,0.0,5.420771344099097e-07,0.0,UNSAFE,RED
SYN_0952,20.852030164751064,78.95973607966125,50,0.0,6.930270545211038e-08,0.0,UNSAFE,RED
SYN_0952,20.852030164751064,78.95973607966125,75,0.0,4.7538253107934436e-07,0.0,UNSAFE,RED
SYN_0952,20.852030164751064,78.95973607966125,100,0.0,4.089787007307159e-07,0.0,UNSAFE,RED
SYN_0952,20.852030164751064,78.95973607966125,150,0.0,2.0894782746880066e-07,0.0,UNSAFE,RED
SYN_0952,20.852030164751064,78.95973607966125,200,0.0,3.151395822233699e-07,0.0,UNSAFE,RED
SYN_0953,12.792950159363516,75.22663530631277,0,0.0,1.7035750354423395e-06,0.0,UNSAFE,RED
SYN_0953,12.792950159363516,75.22663530631277,10,0.0,1.6030774697354125e-07,0.0,UNSAFE,RED
SYN_0953,12.792950159363516,75.22663530631277,25,0.0,8.719050454461436e-07,0.0,UNSAFE,RED
SYN_0953,12.792950159363516,75.22663530631277,50,0.0,1.1077834831110512e-06,0.0,UNSAFE,RED
SYN_0953,12.792950159363516,75.22663530631277,75,0.0,9.722613910086262e-08,0.0,UNSAFE,RED
SYN_0953,12.792950159363516,75.22663530631277,100,0.0,5.305298117748757e-08,0.0,UNSAFE,RED
SYN_0953,12.792950159363516,75.22663530631277,150,0.0,1.0058761119485191e-07,0.0,UNSAFE,RED
SYN_0953,12.792950159363516,75.22663530631277,200,0.0,7.011077652352029e-07,0.0,UNSAFE,RED
SYN_0954,15.962004686546395,76.79603473671938,0,0.0,7.492109793359225e-06,0.0,UNSAFE,RED
SYN_0954,15.962004686546395,76.79603473671938,10,0.0,6.268102860469297e-07,0.0,UNSAFE,RED
SYN_0954,15.962004686546395,76.79603473671938,25,0.0,1.929570186140579e-06,0.0,UNSAFE,RED
SYN_0954,15.962004686546395,76.79603473671938,50,0.0,9.750432542373657e-07,0.0,UNSAFE,RED
SYN_0954,15.962004686546395,76.79603473671938,75,0.0,7.945895105868089e-08,0.0,UNSAFE,RED
SYN_0954,15.962004686546395,76.79603473671938,100,0.0,4.4086830208966626e-07,0.0,UNSAFE,RED
SYN_0954,15.962004686546395,76.79603473671938,150,0.0,1.942833574028787e-07,0.0,UNSAFE,RED
SYN_0954,15.962004686546395,76.79603473671938,200,0.0,2.704285871676038e-06,0.0,UNSAFE,RED
SYN_0955,12.456269023555596,84.02977185098263,0,0.0,3.49302037994812e-05,0.0,UNSAFE,RED
SYN_0955,12.456269023555596,84.02977185098263,10,0.0,3.5960544908599054e-06,0.0,UNSAFE,RED
SYN_0955,12.456269023555596,84.02977185098263,25,0.0,5.438736679482e-06,0.0,UNSAFE,RED
SYN_0955,12.456269023555596,84.02977185098263,50,0.0,9.709271778279842e-08,0.0,UNSAFE,RED
SYN_0955,12.456269023555596,84.02977185098263,75,0.0,7.319152933949895e-08,0.0,UNSAFE,RED
SYN_0955,12.456269023555596,84.02977185098263,100,0.0,2.0776216795188859e-07,0.0,UNSAFE,RED
SYN_0955,12.456269023555596,84.02977185098263,150,0.0,1.5538997790482472e-07,0.0,UNSAFE,RED
SYN_0955,12.456269023555596,84.02977185098263,200,0.0,1.1614067802500467e-07,0.0,UNSAFE,RED
SYN_0956,8.740644600116456,78.26920196259496,0,0.0,5.254907912775325e-05,0.0,UNSAFE,RED
SYN_0956,8.740644600116456,78.26920196259496,10,0.0,2.1418874906252783e-05,0.0,UNSAFE,RED
SYN_0956,8.740644600116456,78.26920196259496,25,0.0,1.4449294630148692e-06,0.0,UNSAFE,RED
SYN_0956,8.740644600116456,78.26920196259496,50,0.0,5.16657136562342e-07,0.0,UNSAFE,RED
SYN_0956,8.740644600116456,78.26920196259496,75,0.0,1.1606338772335335e-06,0.0,UNSAFE,RED
SYN_0956,8.740644600116456,78.26920196259496,100,0.0,5.591947136165838e-08,0.0,UNSAFE,RED
SYN_0956,8.740644600116456,78.26920196259496,150,0.0,1.631648239607801e-08,0.0,UNSAFE,RED
SYN_0956,8.740644600116456,78.26920196259496,200,1.8462741592405533e-05,7.308895574389283e-07,25.25718925054279,SAFE,GREEN
SYN_0957,16.566237135735626,70.99907840387971,0,0.0,7.762935067217032e-06,0.0,UNSAFE,RED
SYN_0957,16.566237135735626,70.99907840387971,10,0.0,5.324125398910404e-06,0.0,UNSAFE,RED
SYN_0957,16.566237135735626,70.99907840387971,25,0.0,2.8355874096261955e-07,0.0,UNSAFE,RED
SYN_0957,16.566237135735626,70.99907840387971,50,0.0,1.2837756396567368e-06,0.0,UNSAFE,RED
SYN_0957,16.566237135735626,70.99907840387971,75,0.0,4.2607478595175147e-07,0.0,UNSAFE,RED
SYN_0957,16.566237135735626,70.99907840387971,100,0.0,1.100944424779806e-06,0.0,UNSAFE,RED
SYN_0957,16.566237135735626,70.99907840387971,150,0.0,3.2798309991032867e-07,0.0,UNSAFE,RED
SYN_0957,16.566237135735626,70.99907840387971,200,0.0,1.3925888257704235e-06,0.0,UNSAFE,RED
SYN_0958,24.648461327077616,65.20821973225031,0,0.0,2.8965618003142257e-07,0.0,UNSAFE,RED
SYN_0958,24.648461327077616,65.20821973225031,10,0.0,2.533695259291685e-06,0.0,UNSAFE,RED
SYN_0958,24.648461327077616,65.20821973225031,25,0.0,1.5302948989461804e-06,0.0,UNSAFE,RED
SYN_0958,24.648461327077616,65.20821973225031,50,0.0,1.0961020106289307e-06,0.0,UNSAFE,RED
SYN_0958,24.648461327077616,65.20821973225031,75,0.0,2.1640436146217405e-07,0.0,UNSAFE,RED
SYN_0958,24.648461327077616,65.20821973225031,100,0.0,1.0226890188896837e-06,0.0,UNSAFE,RED
SYN_0958,24.648461327077616,65.20821973225031,150,0.0,2.733967366543266e-07,0.0,UNSAFE,RED
SYN_0958,24.648461327077616,65.20821973225031,200,0.0,1.1631980360881577e-06,0.0,UNSAFE,RED
SYN_0959,16.101264650275784,66.50693459716905,0,0.0,6.8804860889771905e-06,0.0,UNSAFE,RED
SYN_0959,16.101264650275784,66.50693459716905,10,0.0,8.800833366303706e-07,0.0,UNSAFE,RED
SYN_0959,16.101264650275784,66.50693459716905,25,0.0,2.3303522628499942e-07,0.0,UNSAFE,RED
SYN_0959,16.101264650275784,66.50693459716905,50,0.0,2.233967914763592e-07,0.0,UNSAFE,RED
SYN_0959,16.101264650275784,66.50693459716905,75,0.0,9.524024363867329e-07,0.0,UNSAFE,RED
SYN_0959,16.101264650275784,66.50693459716905,100,0.0,1.309833304023087e-07,0.0,UNSAFE,RED
SYN_0959,16.101264650275784,66.50693459716905,150,0.0,3.722797674244318e-08,0.0,UNSAFE,RED
SYN_0959,16.101264650275784,66.50693459716905,200,0.0,1.0136628442549364e-07,0.0,UNSAFE,RED
SYN_0960,22.83170589894289,81.9123353377915,0,0.0,3.237306955378979e-05,0.0,UNSAFE,RED
SYN_0960,22.83170589894289,81.9123353377915,10,0.0,5.301330026780822e-06,0.0,UNSAFE,RED
SYN_0960,22.83170589894289,81.9123353377915,25,0.0,1.128434889807636e-06,0.0,UNSAFE,RED
SYN_0960,22.83170589894289,81.9123353377915,50,0.0,7.918762988975329e-09,0.0,UNSAFE,RED
SYN_0960,22.83170589894289,81.9123353377915,75,0.0,1.234559461414279e-07,0.0,UNSAFE,RED
SYN_0960,22.83170589894289,81.9123353377915,100,0.0,3.3923016862688244e-07,0.0,UNSAFE,RED
SYN_0960,22.83170589894289,81.9123353377915,150,0.0,1.0864263154260752e-07,0.0,UNSAFE,RED
SYN_0960,22.83170589894289,81.9123353377915,200,0.0,1.8472282581232777e-06,0.0,UNSAFE,RED
SYN_0961,6.215625148955311,71.18954026550165,0,0.0,7.922715805362401e-06,0.0,UNSAFE,RED
SYN_0961,6.215625148955311,71.18954026550165,10,0.0,6.577490652302866e-06,0.0,UNSAFE,RED
SYN_0961,6.215625148955311,71.18954026550165,25,0.0,1.4815808899637735e-06,0.0,UNSAFE,RED
SYN_0961,6.215625148955311,71.18954026550165,50,0.0,3.178234744090604e-08,0.0,UNSAFE,RED
SYN_0961,6.215625148955311,71.18954026550165,75,0.0,8.154025435895654e-07,0.0,UNSAFE,RED
SYN_0961,6.215625148955311,71.18954026550165,100,0.0,1.9146496769628262e-06,0.0,UNSAFE,RED
SYN_0961,6.215625148955311,71.18954026550165,150,0.0,3.9842721594875696e-07,0.0,UNSAFE,RED
SYN_0961,6.215625148955311,71.18954026550165,200,0.0,1.8132698555151251e-07,0.0,UNSAFE,RED
SYN_0962,22.81083170261193,74.09157148374909,0,0.0,1.0923411149218162e-05,0.0,UNSAFE,RED
SYN_0962,22.81083170261193,74.09157148374909,10,0.0,1.921890613792612e-06,0.0,UNSAFE,RED
SYN_0962,22.81083170261193,74.09157148374909,25,0.0,5.747686630469171e-07,0.0,UNSAFE,RED
SYN_0962,22.81083170261193,74.09157148374909,50,0.0,3.219614847358264e-07,0.0,UNSAFE,RED
SYN_0962,22.81083170261193,74.09157148374909,75,0.0,3.159611814982441e-07,0.0,UNSAFE,RED
SYN_0962,22.81083170261193,74.09157148374909,100,0.0,8.19856646106114e-07,0.0,UNSAFE,RED
SYN_0962,22.81083170261193,74.09157148374909,150,0.0,1.8866390996281858e-07,0.0,UNSAFE,RED
SYN_0962,22.81083170261193,74.09157148374909,200,0.0,8.799798384459683e-07,0.0,UNSAFE,RED
SYN_0963,19.1145571767272,76.69236703287775,0,0.0,2.5668880162673646e-05,0.0,UNSAFE,RED
SYN_0963,19.1145571767272,76.69236703287775,10,0.0,6.599358422511214e-06,0.0,UNSAFE,RED
SYN_0963,19.1145571767272,76.69236703287775,25,0.0,2.0783926193466913e-06,0.0,UNSAFE,RED
SYN_0963,19.1145571767272,76.69236703287775,50,0.0,1.8668286580546125e-07,0.0,UNSAFE,RED
SYN_0963,19.1145571767272,76.69236703287775,75,0.0,3.4392830132471925e-07,0.0,UNSAFE,RED
SYN_0963,19.1145571767272,76.69236703287775,100,0.0,4.1133716982845785e-08,0.0,UNSAFE,RED
SYN_0963,19.1145571767272,76.69236703287775,150,0.0,3.1209702017540025e-08,0.0,UNSAFE,RED
SYN_0963,19.1145571767272,76.69236703287775,200,0.0,6.021116595897762e-07,0.0,UNSAFE,RED
SYN_0964,13.217135048851992,79.20590942930767,0,0.0,2.099593304269455e-05,0.0,UNSAFE,RED
SYN_0964,13.217135048851992,79.20590942930767,10,0.0,6.997322504863683e-06,0.0,UNSAFE,RED
SYN_0964,13.217135048851992,79.20590942930767,25,0.0,3.438685497694826e-07,0.0,UNSAFE,RED
SYN_0964,13.217135048851992,79.20590942930767,50,0.0,8.89090839961674e-07,0.0,UNSAFE,RED
SYN_0964,13.217135048851992,79.20590942930767,75,0.0,1.8173753551939795e-06,0.0,UNSAFE,RED
SYN_0964,13.217135048851992,79.20590942930767,100,0.0,4.571005939920418e-06,0.0,UNSAFE,RED
SYN_0964,13.217135048851992,79.20590942930767,150,0.0,1.9158152743262063e-07,0.0,UNSAFE,RED
SYN_0964,13.217135048851992,79.20590942930767,200,0.0,4.391607504709883e-08,0.0,UNSAFE,RED
SYN_0965,13.44859731884594,77.82635465087259,0,0.0,7.004669219396976e-07,0.0,UNSAFE,RED
SYN_0965,13.44859731884594,77.82635465087259,10,0.0,7.687624880374574e-08,0.0,UNSAFE,RED
SYN_0965,13.44859731884594,77.82635465087259,25,0.0,5.070731576972178e-07,0.0,UNSAFE,RED
SYN_0965,13.44859731884594,77.82635465087259,50,0.0,5.509062409061053e-08,0.0,UNSAFE,RED
SYN_0965,13.44859731884594,77.82635465087259,75,0.0,2.1833117136514183e-06,0.0,UNSAFE,RED
SYN_0965,13.44859731884594,77.82635465087259,100,0.0,8.711660075588311e-07,0.0,UNSAFE,RED
SYN_0965,13.44859731884594,77.82635465087259,150,0.0,3.186714987419383e-07,0.0,UNSAFE,RED
SYN_0965,13.44859731884594,77.82635465087259,200,0.0,4.2922966901869274e-08,0.0,UNSAFE,RED
SYN_0966,14.413799836035574,81.93257049504915,0,0.0,1.9197849653905476e-05,0.0,UNSAFE,RED
SYN_0966,14.413799836035574,81.93257049504915,10,0.0,8.694959748211551e-06,0.0,UNSAFE,RED
SYN_0966,14.413799836035574,81.93257049504915,25,0.0,1.49617448616107e-06,0.0,UNSAFE,RED
SYN_0966,14.413799836035574,81.93257049504915,50,0.0,2.594923457446796e-06,0.0,UNSAFE,RED
SYN_0966,14.413799836035574,81.93257049504915,75,0.0,2.307940517190864e-07,0.0,UNSAFE,RED
SYN_0966,14.413799836035574,81.93257049504915,100,0.0,1.3107484589792768e-06,0.0,UNSAFE,RED
SYN_0966,14.413799836035574,81.93257049504915,150,0.0,2.554239775101686e-07,0.0,UNSAFE,RED
SYN_0966,14.413799836035574,81.93257049504915,200,0.0,1.6487201584492828e-07,0.0,UNSAFE,RED
SYN_0967,13.048125331464536,84.09841988106328,0,0.0,5.229104385623845e-06,0.0,UNSAFE,RED
SYN_0967,13.048125331464536,84.09841988106328,10,0.0,3.986269696264352e-07,0.0,UNSAFE,RED
SYN_0967,13.048125331464536,84.09841988106328,25,0.0,1.574349348899442e-06,0.0,UNSAFE,RED
SYN_0967,13.048125331464536,84.09841988106328,50,0.0,3.4450543483474267e-07,0.0,UNSAFE,RED
SYN_0967,13.048125331464536,84.09841988106328,75,0.0,4.946095308060948e-07,0.0,UNSAFE,RED
SYN_0967,13.048125331464536,84.09841988106328,100,0.0,5.970246886695166e-07,0.0,UNSAFE,RED
SYN_0967,13.048125331464536,84.09841988106328,150,0.0,1.649034156376356e-07,0.0,UNSAFE,RED
SYN_0967,13.048125331464536,84.09841988106328,200,0.0,8.123181342199611e-08,0.0,UNSAFE,RED
SYN_0968,16.861712562502195,71.65823687543619,0,0.0,1.4235822590300692e-05,0.0,UNSAFE,RED
SYN_0968,16.861712562502195,71.65823687543619,10,0.0,6.438614824318209e-06,0.0,UNSAFE,RED
SYN_0968,16.861712562502195,71.65823687543619,25,0.0,3.9892412196488355e-07,0.0,UNSAFE,RED
SYN_0968,16.861712562502195,71.65823687543619,50,0.0,1.3287234899046912e-06,0.0,UNSAFE,RED
SYN_0968,16.861712562502195,71.65823687543619,75,0.0,3.6961773244965276e-07,0.0,UNSAFE,RED
SYN_0968,16.861712562502195,71.65823687543619,100,0.0,2.2173002298902014e-06,0.0,UNSAFE,RED
SYN_0968,16.861712562502195,71.65823687543619,150,0.0,2.41023617140126e-07,0.0,UNSAFE,RED
SYN_0968,16.861712562502195,71.65823687543619,200,0.0,4.444060753378946e-08,0.0,UNSAFE,RED
SYN_0969,20.228981542935895,75.19983655592566,0,0.0,5.924491798208494e-05,0.0,UNSAFE,RED
SYN_0969,20.228981542935895,75.19983655592566,10,0.0,1.7096080253707858e-05,0.0,UNSAFE,RED
SYN_0969,20.228981542935895,75.19983655592566,25,0.0,1.4309297830448894e-06,0.0,UNSAFE,RED
SYN_0969,20.228981542935895,75.19983655592566,50,0.0,8.180400762187925e-07,0.0,UNSAFE,RED
SYN_0969,20.228981542935895,75.19983655592566,75,0.0,5.8788506701119855e-08,0.0,UNSAFE,RED
SYN_0969,20.228981542935895,75.19983655592566,100,0.0,4.3567857917413405e-08,0.0,UNSAFE,RED
SYN_0969,20.228981542935895,75.19983655592566,150,0.0,4.429893611151039e-08,0.0,UNSAFE,RED
SYN_0969,20.228981542935895,75.19983655592566,200,0.0,2.00811706603833e-07,0.0,UNSAFE,RED
SYN_0970,10.046890683834937,65.02336292848095,0,0.0,4.243504201264319e-06,0.0,UNSAFE,RED
SYN_0970,10.046890683834937,65.02336292848095,10,0.0,1.5513358794152877e-07,0.0,UNSAFE,RED
SYN_0970,10.046890683834937,65.02336292848095,25,0.0,4.837950948127361e-07,0.0,UNSAFE,RED
SYN_0970,10.046890683834937,65.02336292848095,50,0.0,1.037947426750651e-06,0.0,UNSAFE,RED
SYN_0970,10.046890683834937,65.02336292848095,75,0.0,7.077135222592748e-07,0.0,UNSAFE,RED
SYN_0970,10.046890683834937,65.02336292848095,100,0.0,4.499259759832936e-06,0.0,UNSAFE,RED
SYN_0970,10.046890683834937,65.02336292848095,150,0.0,3.5953970836147973e-07,0.0,UNSAFE,RED
SYN_0970,10.046890683834937,65.02336292848095,200,0.0,1.844055101367273e-06,0.0,UNSAFE,RED
SYN_0971,11.970326982295838,66.72258334029306,0,0.0,5.1937444134086314e-05,0.0,UNSAFE,RED
SYN_0971,11.970326982295838,66.72258334029306,10,0.0,1.273675686447134e-05,0.0,UNSAFE,RED
SYN_0971,11.970326982295838,66.72258334029306,25,0.0,2.2032744555659077e-06,0.0,UNSAFE,RED
SYN_0971,11.970326982295838,66.72258334029306,50,0.0,3.9306322150387384e-07,0.0,UNSAFE,RED
SYN_0971,11.970326982295838,66.72258334029306,75,0.0,5.181241900795476e-07,0.0,UNSAFE,RED
SYN_0971,11.970326982295838,66.72258334029306,100,0.0,7.478199891484726e-07,0.0,UNSAFE,RED
SYN_0971,11.970326982295838,66.72258334029306,150,0.0,5.802192993854862e-08,0.0,UNSAFE,RED
SYN_0971,11.970326982295838,66.72258334029306,200,0.0,1.0239461070844705e-07,0.0,UNSAFE,RED
SYN_0972,18.046523389989183,73.66029198654377,0,0.0,4.0810354418752447e-07,0.0,UNSAFE,RED
SYN_0972,18.046523389989183,73.66029198654377,10,0.0,2.26388517781548e-07,0.0,UNSAFE,RED
SYN_0972,18.046523389989183,73.66029198654377,25,0.0,2.1475016844763885e-07,0.0,UNSAFE,RED
SYN_0972,18.046523389989183,73.66029198654377,50,0.0,1.7564273089192023e-06,0.0,UNSAFE,RED
SYN_0972,18.046523389989183,73.66029198654377,75,0.0,5.761088015115857e-08,0.0,UNSAFE,RED
SYN_0972,18.046523389989183,73.66029198654377,100,0.0,2.6414527732459095e-06,0.0,UNSAFE,RED
SYN_0972,18.046523389989183,73.66029198654377,150,0.0,5.2564449337200085e-08,0.0,UNSAFE,RED
SYN_0972,18.046523389989183,73.66029198654377,200,0.0,8.129023738907895e-09,0.0,UNSAFE,RED
SYN_0973,10.634957283970405,71.81991445511285,0,0.0,3.3994607639919243e-05,0.0,UNSAFE,RED
SYN_0973,10.634957283970405,71.81991445511285,10,0.0,7.446923357134926e-06,0.0,UNSAFE,RED
SYN_0973,10.634957283970405,71.81991445511285,25,0.0,2.523892774408806e-06,0.0,UNSAFE,RED
SYN_0973,10.634957283970405,71.81991445511285,50,0.0,4.4187649588515126e-08,0.0,UNSAFE,RED
SYN_0973,10.634957283970405,71.81991445511285,75,0.0,1.9025756189713758e-06,0.0,UNSAFE,RED
SYN_0973,10.634957283970405,71.81991445511285,100,0.0,1.542998619764875e-06,0.0,UNSAFE,RED
SYN_0973,10.634957283970405,71.81991445511285,150,0.0,8.615039397045669e-07,0.0,UNSAFE,RED
SYN_0973,10.634957283970405,71.81991445511285,200,0.0,7.617595719378265e-07,0.0,UNSAFE,RED
SYN_0974,13.48035667631879,74.0858009815409,0,0.0,1.6881666794055615e-05,0.0,UNSAFE,RED
SYN_0974,13.48035667631879,74.0858009815409,10,0.0,2.7795898684684225e-06,0.0,UNSAFE,RED
SYN_0974,13.48035667631879,74.0858009815409,25,0.0,2.859886479066545e-06,0.0,UNSAFE,RED
SYN_0974,13.48035667631879,74.0858009815409,50,0.0,3.519684018876459e-07,0.0,UNSAFE,RED
SYN_0974,13.48035667631879,74.0858009815409,75,0.0,1.0399290744987417e-06,0.0,UNSAFE,RED
SYN_0974,13.48035667631879,74.0858009815409,100,0.0,1.4788522829600147e-06,0.0,UNSAFE,RED
SYN_0974,13.48035667631879,74.0858009815409,150,0.0,1.4388481718950527e-07,0.0,UNSAFE,RED
SYN_0974,13.48035667631879,74.0858009815409,200,0.0,1.822399643700938e-08,0.0,UNSAFE,RED
SYN_0975,5.478059291969284,80.37210653589031,0,0.0,7.017171410225675e-06,0.0,UNSAFE,RED
SYN_0975,5.478059291969284,80.37210653589031,10,0.0,3.858305612312374e-06,0.0,UNSAFE,RED
SYN_0975,5.478059291969284,80.37210653589031,25,0.0,1.1781452551558861e-07,0.0,UNSAFE,RED
SYN_0975,5.478059291969284,80.37210653589031,50,0.0,5.253738155963426e-07,0.0,UNSAFE,RED
SYN_0975,5.478059291969284,80.37210653589031,75,0.0,3.6469410149512295e-06,0.0,UNSAFE,RED
SYN_0975,5.478059291969284,80.37210653589031,100,0.0,9.298687040011881e-07,0.0,UNSAFE,RED
SYN_0975,5.478059291969284,80.37210653589031,150,0.0,4.6649766949434486e-07,0.0,UNSAFE,RED
SYN_0975,5.478059291969284,80.37210653589031,200,0.0,3.810888371029647e-08,0.0,UNSAFE,RED
SYN_0976,23.647077424326287,70.21268630056771,0,0.0,6.332170381656637e-05,0.0,UNSAFE,RED
SYN_0976,23.647077424326287,70.21268630056771,10,0.0,1.488276759775749e-05,0.0,UNSAFE,RED
SYN_0976,23.647077424326287,70.21268630056771,25,0.0,1.8398235072105457e-06,0.0,UNSAFE,RED
SYN_0976,23.647077424326287,70.21268630056771,50,0.0,1.2748035122031912e-06,0.0,UNSAFE,RED
SYN_0976,23.647077424326287,70.21268630056771,75,0.0,2.347248029125663e-07,0.0,UNSAFE,RED
SYN_0976,23.647077424326287,70.21268630056771,100,0.0,1.8869888440971772e-06,0.0,UNSAFE,RED
SYN_0976,23.647077424326287,70.21268630056771,150,0.0,1.20025923585357e-09,0.0,UNSAFE,RED
SYN_0976,23.647077424326287,70.21268630056771,200,0.0,6.229072133539158e-07,0.0,UNSAFE,RED
SYN_0977,10.713503765173735,67.47345274909716,0,0.0,6.741201141220957e-06,0.0,UNSAFE,RED
SYN_0977,10.713503765173735,67.47345274909716,10,0.0,2.2202591627727643e-06,0.0,UNSAFE,RED
SYN_0977,10.713503765173735,67.47345274909716,25,0.0,3.911629677182845e-08,0.0,UNSAFE,RED
SYN_0977,10.713503765173735,67.47345274909716,50,0.0,1.5760421606001758e-07,0.0,UNSAFE,RED
SYN_0977,10.713503765173735,67.47345274909716,75,0.0,2.5525032607370407e-07,0.0,UNSAFE,RED
SYN_0977,10.713503765173735,67.47345274909716,100,0.0,3.844199044316287e-07,0.0,UNSAFE,RED
SYN_0977,10.713503765173735,67.47345274909716,150,0.0,5.636887053934939e-08,0.0,UNSAFE,RED
SYN_0977,10.713503765173735,67.47345274909716,200,0.0,4.01192809351407e-07,0.0,UNSAFE,RED
SYN_0978,18.256428370768287,66.90285657515022,0,0.0,3.811952587342978e-07,0.0,UNSAFE,RED
SYN_0978,18.256428370768287,66.90285657515022,10,0.0,2.0902994295152935e-07,0.0,UNSAFE,RED
SYN_0978,18.256428370768287,66.90285657515022,25,0.0,1.8616581382489115e-07,0.0,UNSAFE,RED
SYN_0978,18.256428370768287,66.90285657515022,50,0.0,7.917441494017474e-07,0.0,UNSAFE,RED
SYN_0978,18.256428370768287,66.90285657515022,75,0.0,1.2131580248912234e-06,0.0,UNSAFE,RED
SYN_0978,18.256428370768287,66.90285657515022,100,0.0,3.009941766967355e-06,0.0,UNSAFE,RED
SYN_0978,18.256428370768287,66.90285657515022,150,0.0,2.3380923577409418e-07,0.0,UNSAFE,RED
SYN_0978,18.256428370768287,66.90285657515022,200,0.0,8.267826410253453e-07,0.0,UNSAFE,RED
SYN_0979,17.81341536471326,66.79495675376766,0,0.0,4.302265969332013e-06,0.0,UNSAFE,RED
SYN_0979,17.81341536471326,66.79495675376766,10,0.0,1.634502568246707e-06,0.0,UNSAFE,RED
SYN_0979,17.81341536471326,66.79495675376766,25,0.0,2.3170558052881618e-07,0.0,UNSAFE,RED
SYN_0979,17.81341536471326,66.79495675376766,50,0.0,1.1481424671980158e-06,0.0,UNSAFE,RED
SYN_0979,17.81341536471326,66.79495675376766,75,0.0,1.7933926350851813e-07,0.0,UNSAFE,RED
SYN_0979,17.81341536471326,66.79495675376766,100,0.0,7.783484971541426e-07,0.0,UNSAFE,RED
SYN_0979,17.81341536471326,66.79495675376766,150,0.0,2.290733323052345e-07,0.0,UNSAFE,RED
SYN_0979,17.81341536471326,66.79495675376766,200,0.0,4.3698243768987815e-07,0.0,UNSAFE,RED
SYN_0980,9.143089965825355,65.36817122696569,0,0.0,2.400261160939997e-05,0.0,UNSAFE,RED
SYN_0980,9.143089965825355,65.36817122696569,10,0.0,1.1451480800703419e-05,0.0,UNSAFE,RED
SYN_0980,9.143089965825355,65.36817122696569,25,0.0,4.373553246189278e-06,0.0,UNSAFE,RED
SYN_0980,9.143089965825355,65.36817122696569,50,0.0,1.4677646502580214e-07,0.0,UNSAFE,RED
SYN_0980,9.143089965825355,65.36817122696569,75,0.0,1.2307867166077676e-06,0.0,UNSAFE,RED
SYN_0980,9.143089965825355,65.36817122696569,100,0.0,2.5817268754366416e-06,0.0,UNSAFE,RED
SYN_0980,9.143089965825355,65.36817122696569,150,0.0,7.7300193577673e-08,0.0,UNSAFE,RED
SYN_0980,9.143089965825355,65.36817122696569,200,0.0,2.256004572385407e-07,0.0,UNSAFE,RED
SYN_0981,21.89265343508565,84.30136842860068,0,0.0,1.221590866460214e-05,0.0,UNSAFE,RED
SYN_0981,21.89265343508565,84.30136842860068,10,0.0,3.450921406343706e-06,0.0,UNSAFE,RED
SYN_0981,21.89265343508565,84.30136842860068,25,0.0,1.217833327858378e-06,0.0,UNSAFE,RED
SYN_0981,21.89265343508565,84.30136842860068,50,0.0,2.0431021845174345e-06,0.0,UNSAFE,RED
SYN_0981,21.89265343508565,84.30136842860068,75,0.0,5.133156559860646e-07,0.0,UNSAFE,RED
SYN_0981,21.89265343508565,84.30136842860068,100,0.0,1.2482254035650177e-06,0.0,UNSAFE,RED
SYN_0981,21.89265343508565,84.30136842860068,150,0.0,7.201162701572227e-08,0.0,UNSAFE,RED
SYN_0981,21.89265343508565,84.30136842860068,200,3.977279770913877e-05,6.5198175890165e-07,60.99357506354887,SAFE,GREEN
SYN_0982,16.682110058876166,77.49343629027217,0,0.0,8.698757444336041e-07,0.0,UNSAFE,RED
SYN_0982,16.682110058876166,77.49343629027217,10,0.0,1.669941600181497e-07,0.0,UNSAFE,RED
SYN_0982,16.682110058876166,77.49343629027217,25,0.0,3.953572665622881e-09,0.0,UNSAFE,RED
SYN_0982,16.682110058876166,77.49343629027217,50,0.0,1.085750805546182e-06,0.0,UNSAFE,RED
SYN_0982,16.682110058876166,77.49343629027217,75,0.0,8.738049235769722e-07,0.0,UNSAFE,RED
SYN_0982,16.682110058876166,77.49343629027217,100,0.0,1.9547777045405226e-06,0.0,UNSAFE,RED
SYN_0982,16.682110058876166,77.49343629027217,150,0.0,2.2345638242389917e-07,0.0,UNSAFE,RED
SYN_0982,16.682110058876166,77.49343629027217,200,0.0,8.220990730629602e-07,0.0,UNSAFE,RED
SYN_0983,12.626949643603885,71.740735039281,0,0.0,1.8830750232758365e-05,0.0,UNSAFE,RED
SYN_0983,12.626949643603885,71.740735039281,10,0.0,4.517981232420517e-06,0.0,UNSAFE,RED
SYN_0983,12.626949643603885,71.740735039281,25,0.0,6.445593948395325e-07,0.0,UNSAFE,RED
SYN_0983,12.626949643603885,71.740735039281,50,0.0,3.6491401138601737e-07,0.0,UNSAFE,RED
SYN_0983,12.626949643603885,71.740735039281,75,0.0,6.730103413542734e-07,0.0,UNSAFE,RED
SYN_0983,12.626949643603885,71.740735039281,100,0.0,7.732005023313421e-07,0.0,UNSAFE,RED
SYN_0983,12.626949643603885,71.740735039281,150,0.0,3.486771298109767e-07,0.0,UNSAFE,RED
SYN_0983,12.626949643603885,71.740735039281,200,0.0,2.0310042494045245e-06,0.0,UNSAFE,RED
SYN_0984,6.760174244370045,70.98539295060387,0,0.0,6.268850129507332e-06,0.0,UNSAFE,RED
SYN_0984,6.760174244370045,70.98539295060387,10,0.0,3.7906946690499246e-06,0.0,UNSAFE,RED
SYN_0984,6.760174244370045,70.98539295060387,25,0.0,1.6760743346024875e-06,0.0,UNSAFE,RED
SYN_0984,6.760174244370045,70.98539295060387,50,0.0,7.788892675501933e-08,0.0,UNSAFE,RED
SYN_0984,6.760174244370045,70.98539295060387,75,0.0,3.411597456606729e-07,0.0,UNSAFE,RED
SYN_0984,6.760174244370045,70.98539295060387,100,0.0,1.1894775008223965e-06,0.0,UNSAFE,RED
SYN_0984,6.760174244370045,70.98539295060387,150,0.0,6.423160712481104e-08,0.0,UNSAFE,RED
SYN_0984,6.760174244370045,70.98539295060387,200,0.0,1.9020346661628236e-06,0.0,UNSAFE,RED
SYN_0985,5.899371424492057,69.21677085672701,0,0.0,1.669925149690489e-05,0.0,UNSAFE,RED
SYN_0985,5.899371424492057,69.21677085672701,10,0.0,7.373823281404325e-07,0.0,UNSAFE,RED
SYN_0985,5.899371424492057,69.21677085672701,25,0.0,6.334376061906877e-06,0.0,UNSAFE,RED
SYN_0985,5.899371424492057,69.21677085672701,50,0.0,1.1900865591240415e-06,0.0,UNSAFE,RED
SYN_0985,5.899371424492057,69.21677085672701,75,0.0,1.790971164106973e-07,0.0,UNSAFE,RED
SYN_0985,5.899371424492057,69.21677085672701,100,0.0,3.910858389584637e-06,0.0,UNSAFE,RED
SYN_0985,5.899371424492057,69.21677085672701,150,0.0,4.493733422298595e-07,0.0,UNSAFE,RED
SYN_0985,5.899371424492057,69.21677085672701,200,0.0,2.6398216911815646e-06,0.0,UNSAFE,RED
SYN_0986,7.121876754077105,83.01132470636908,0,0.0,2.753865836596335e-06,0.0,UNSAFE,RED
SYN_0986,7.121876754077105,83.01132470636908,10,0.0,3.352916378970925e-07,0.0,UNSAFE,RED
SYN_0986,7.121876754077105,83.01132470636908,25,0.0,1.2367784390999683e-06,0.0,UNSAFE,RED
SYN_0986,7.121876754077105,83.01132470636908,50,0.0,3.487210554231607e-07,0.0,UNSAFE,RED
SYN_0986,7.121876754077105,83.01132470636908,75,0.0,2.073785549492158e-07,0.0,UNSAFE,RED
SYN_0986,7.121876754077105,83.01132470636908,100,0.0,1.0797687965821125e-06,0.0,UNSAFE,RED
SYN_0986,7.121876754077105,83.01132470636908,150,0.0,5.459396924634897e-08,0.0,UNSAFE,RED
SYN_0986,7.121876754077105,83.01132470636908,200,0.0,6.484462644768227e-07,0.0,UNSAFE,RED
SYN_0987,19.680214702782568,76.14408900372635,0,0.0,3.639875723834646e-06,0.0,UNSAFE,RED
SYN_0987,19.680214702782568,76.14408900372635,10,0.0,9.97116802960289e-07,0.0,UNSAFE,RED
SYN_0987,19.680214702782568,76.14408900372635,25,0.0,6.668348935693371e-07,0.0,UNSAFE,RED
SYN_0987,19.680214702782568,76.14408900372635,50,0.0,2.59646425734265e-07,0.0,UNSAFE,RED
SYN_0987,19.680214702782568,76.14408900372635,75,0.0,1.011030956201314e-06,0.0,UNSAFE,RED
SYN_0987,19.680214702782568,76.14408900372635,100,0.0,7.629045192061688e-07,0.0,UNSAFE,RED
SYN_0987,19.680214702782568,76.14408900372635,150,0.0,9.376246573084508e-08,0.0,UNSAFE,RED
SYN_0987,19.680214702782568,76.14408900372635,200,0.0,1.9031029968427328e-07,0.0,UNSAFE,RED
SYN_0988,21.793679409440664,67.97363523644921,0,0.0,1.8274380913884773e-05,0.0,UNSAFE,RED
SYN_0988,21.793679409440664,67.97363523644921,10,0.0,2.7098636033854494e-06,0.0,UNSAFE,RED
SYN_0988,21.793679409440664,67.97363523644921,25,0.0,2.702219234576991e-06,0.0,UNSAFE,RED
SYN_0988,21.793679409440664,67.97363523644921,50,0.0,2.098718645721558e-07,0.0,UNSAFE,RED
SYN_0988,21.793679409440664,67.97363523644921,75,0.0,1.820345415341778e-07,0.0,UNSAFE,RED
SYN_0988,21.793679409440664,67.97363523644921,100,0.0,3.8094939842564334e-07,0.0,UNSAFE,RED
SYN_0988,21.793679409440664,67.97363523644921,150,0.0,1.845746291730338e-07,0.0,UNSAFE,RED
SYN_0988,21.793679409440664,67.97363523644921,200,0.0,1.6389078224952685e-07,0.0,UNSAFE,RED
SYN_0989,17.658061530015942,68.40164736036164,0,0.0,2.6949451574017694e-05,0.0,UNSAFE,RED
SYN_0989,17.658061530015942,68.40164736036164,10,0.0,6.275071395990391e-06,0.0,UNSAFE,RED
SYN_0989,17.658061530015942,68.40164736036164,25,0.0,1.407870023289958e-06,0.0,UNSAFE,RED
SYN_0989,17.658061530015942,68.40164736036164,50,0.0,1.005330548523388e-08,0.0,UNSAFE,RED
SYN_0989,17.658061530015942,68.40164736036164,75,0.0,1.8669021855183403e-07,0.0,UNSAFE,RED
SYN_0989,17.658061530015942,68.40164736036164,100,0.0,1.4272732823725298e-07,0.0,UNSAFE,RED
SYN_0989,17.658061530015942,68.40164736036164,150,0.0,2.525578335859221e-07,0.0,UNSAFE,RED
SYN_0989,17.658061530015942,68.40164736036164,200,0.0,4.783741911145197e-07,0.0,UNSAFE,RED
SYN_0990,24.558766250919163,84.56057945906339,0,0.0,4.5379333800271616e-06,0.0,UNSAFE,RED
SYN_0990,24.558766250919163,84.56057945906339,10,0.0,1.8566657251968429e-06,0.0,UNSAFE,RED
SYN_0990,24.558766250919163,84.56057945906339,25,0.0,1.7619812093893934e-07,0.0,UNSAFE,RED
SYN_0990,24.558766250919163,84.56057945906339,50,0.0,2.9973060625390996e-07,0.0,UNSAFE,RED
SYN_0990,24.558766250919163,84.56057945906339,75,0.0,2.802602694420554e-07,0.0,UNSAFE,RED
SYN_0990,24.558766250919163,84.56057945906339,100,0.0,2.376941403531536e-07,0.0,UNSAFE,RED
SYN_0990,24.558766250919163,84.56057945906339,150,0.0,1.772298518624896e-07,0.0,UNSAFE,RED
SYN_0990,24.558766250919163,84.56057945906339,200,0.0,1.4301016563063428e-06,0.0,UNSAFE,RED
SYN_0991,24.23371990444512,77.74233149529226,0,0.0,1.7650347229077635e-06,0.0,UNSAFE,RED
SYN_0991,24.23371990444512,77.74233149529226,10,0.0,1.6183326799627903e-06,0.0,UNSAFE,RED
SYN_0991,24.23371990444512,77.74233149529226,25,0.0,6.797443095143808e-07,0.0,UNSAFE,RED
SYN_0991,24.23371990444512,77.74233149529226,50,0.0,4.572840785790173e-07,0.0,UNSAFE,RED
SYN_0991,24.23371990444512,77.74233149529226,75,0.0,5.521752364049095e-07,0.0,UNSAFE,RED
SYN_0991,24.23371990444512,77.74233149529226,100,0.0,3.6306558606783544e-07,0.0,UNSAFE,RED
SYN_0991,24.23371990444512,77.74233149529226,150,0.0,3.342844740804746e-08,0.0,UNSAFE,RED
SYN_0991,24.23371990444512,77.74233149529226,200,0.0,5.250972885252435e-07,0.0,UNSAFE,RED
SYN_0992,17.411108550232647,75.95415352794397,0,0.0,1.7248122777824047e-06,0.0,UNSAFE,RED
SYN_0992,17.411108550232647,75.95415352794397,10,0.0,2.001127479834719e-06,0.0,UNSAFE,RED
SYN_0992,17.411108550232647,75.95415352794397,25,0.0,6.392686861956374e-06,0.0,UNSAFE,RED
SYN_0992,17.411108550232647,75.95415352794397,50,0.0,2.2342176414979483e-07,0.0,UNSAFE,RED
SYN_0992,17.411108550232647,75.95415352794397,75,0.0,8.034453857558143e-07,0.0,UNSAFE,RED
SYN_0992,17.411108550232647,75.95415352794397,100,0.0,1.543731597640897e-06,0.0,UNSAFE,RED
SYN_0992,17.411108550232647,75.95415352794397,150,0.0,1.7028908626674327e-07,0.0,UNSAFE,RED
SYN_0992,17.411108550232647,75.95415352794397,200,0.0,7.379692412690172e-07,0.0,UNSAFE,RED
SYN_0993,6.758888496108519,78.26022006988049,0,0.0,6.991433852489953e-06,0.0,UNSAFE,RED
SYN_0993,6.758888496108519,78.26022006988049,10,0.0,1.1339797030398716e-06,0.0,UNSAFE,RED
SYN_0993,6.758888496108519,78.26022006988049,25,0.0,6.820936415009958e-07,0.0,UNSAFE,RED
SYN_0993,6.758888496108519,78.26022006988049,50,0.0,4.1024814298880005e-07,0.0,UNSAFE,RED
SYN_0993,6.758888496108519,78.26022006988049,75,0.0,3.6860860673803626e-07,0.0,UNSAFE,RED
SYN_0993,6.758888496108519,78.26022006988049,100,0.0,5.047226597007499e-07,0.0,UNSAFE,RED
SYN_0993,6.758888496108519,78.26022006988049,150,0.0,5.3110863042512714e-08,0.0,UNSAFE,RED
SYN_0993,6.758888496108519,78.26022006988049,200,0.0,9.062376003915702e-07,0.0,UNSAFE,RED
SYN_0994,14.600541792561543,79.6436485104467,0,0.0,1.780978583711716e-05,0.0,UNSAFE,RED
SYN_0994,14.600541792561543,79.6436485104467,10,0.0,7.047416227074562e-06,0.0,UNSAFE,RED
SYN_0994,14.600541792561543,79.6436485104467,25,0.0,1.2849162081114957e-08,0.0,UNSAFE,RED
SYN_0994,14.600541792561543,79.6436485104467,50,0.0,6.923937752829598e-07,0.0,UNSAFE,RED
SYN_0994,14.600541792561543,79.6436485104467,75,0.0,4.648385907098443e-07,0.0,UNSAFE,RED
SYN_0994,14.600541792561543,79.6436485104467,100,0.0,1.37141777750805e-06,0.0,UNSAFE,RED
SYN_0994,14.600541792561543,79.6436485104467,150,0.0,8.296305209490962e-08,0.0,UNSAFE,RED
SYN_0994,14.600541792561543,79.6436485104467,200,0.0,2.3619880281231148e-07,0.0,UNSAFE,RED
SYN_0995,8.267636155327656,71.31514621347907,0,0.0,1.952687533634288e-06,0.0,UNSAFE,RED
SYN_0995,8.267636155327656,71.31514621347907,10,0.0,7.196512449938651e-07,0.0,UNSAFE,RED
SYN_0995,8.267636155327656,71.31514621347907,25,0.0,5.051396310229755e-07,0.0,UNSAFE,RED
SYN_0995,8.267636155327656,71.31514621347907,50,0.0,2.788194759679297e-07,0.0,UNSAFE,RED
SYN_0995,8.267636155327656,71.31514621347907,75,0.0,4.5944911094547e-07,0.0,UNSAFE,RED
SYN_0995,8.267636155327656,71.31514621347907,100,0.0,1.5296365594934737e-06,0.0,UNSAFE,RED
SYN_0995,8.267636155327656,71.31514621347907,150,0.0,4.0172395184520443e-07,0.0,UNSAFE,RED
SYN_0995,8.267636155327656,71.31514621347907,200,0.0,1.3083327003188123e-07,0.0,UNSAFE,RED
SYN_0996,19.13161609434208,83.8236083981781,0,0.0,5.117248327991871e-06,0.0,UNSAFE,RED
SYN_0996,19.13161609434208,83.8236083981781,10,0.0,1.134352004030251e-06,0.0,UNSAFE,RED
SYN_0996,19.13161609434208,83.8236083981781,25,0.0,1.0586535071368838e-06,0.0,UNSAFE,RED
SYN_0996,19.13161609434208,83.8236083981781,50,0.0,1.5996214763836979e-07,0.0,UNSAFE,RED
SYN_0996,19.13161609434208,83.8236083981781,75,0.0,2.403305630196129e-06,0.0,UNSAFE,RED
SYN_0996,19.13161609434208,83.8236083981781,100,0.0,1.6393881938786245e-06,0.0,UNSAFE,RED
SYN_0996,19.13161609434208,83.8236083981781,150,0.0,2.128303390774898e-07,0.0,UNSAFE,RED
SYN_0996,19.13161609434208,83.8236083981781,200,0.0,8.45736048808037e-08,0.0,UNSAFE,RED
SYN_0997,7.464232384732714,71.9457987083833,0,0.0,3.7181280998974376e-05,0.0,UNSAFE,RED
SYN_0997,7.464232384732714,71.9457987083833,10,0.0,1.1466162328392098e-05,0.0,UNSAFE,RED
SYN_0997,7.464232384732714,71.9457987083833,25,0.0,2.5995072888962126e-06,0.0,UNSAFE,RED
SYN_0997,7.464232384732714,71.9457987083833,50,0.0,3.4761061350990033e-06,0.0,UNSAFE,RED
SYN_0997,7.464232384732714,71.9457987083833,75,0.0,2.38011531356662e-07,0.0,UNSAFE,RED
SYN_0997,7.464232384732714,71.9457987083833,100,0.0,2.752339409103531e-06,0.0,UNSAFE,RED
SYN_0997,7.464232384732714,71.9457987083833,150,0.0,8.653252820366944e-08,0.0,UNSAFE,RED
SYN_0997,7.464232384732714,71.9457987083833,200,0.0,4.039354029610512e-08,0.0,UNSAFE,RED
SYN_0998,13.760310444992852,68.73347964391482,0,0.0,2.5381850045074948e-05,0.0,UNSAFE,RED
SYN_0998,13.760310444992852,68.73347964391482,10,0.0,8.207116467168703e-06,0.0,UNSAFE,RED
SYN_0998,13.760310444992852,68.73347964391482,25,0.0,9.583382220842395e-07,0.0,UNSAFE,RED
SYN_0998,13.760310444992852,68.73347964391482,50,0.0,2.656053299402853e-07,0.0,UNSAFE,RED
SYN_0998,13.760310444992852,68.73347964391482,75,0.0,8.188887180686348e-07,0.0,UNSAFE,RED
SYN_0998,13.760310444992852,68.73347964391482,100,0.0,2.6120078143897304e-07,0.0,UNSAFE,RED
SYN_0998,13.760310444992852,68.73347964391482,150,0.0,2.235978449246033e-07,0.0,UNSAFE,RED
SYN_0998,13.760310444992852,68.73347964391482,200,0.0,2.684746647392372e-07,0.0,UNSAFE,RED
SYN_0999,10.673759192334176,84.86575951454513,0,0.0,3.0410454780260736e-06,0.0,UNSAFE,RED
SYN_0999,10.673759192334176,84.86575951454513,10,0.0,2.003097840118748e-07,0.0,UNSAFE,RED
SYN_0999,10.673759192334176,84.86575951454513,25,0.0,4.076609985943665e-07,0.0,UNSAFE,RED
SYN_0999,10.673759192334176,84.86575951454513,50,0.0,4.919533248515294e-07,0.0,UNSAFE,RED
SYN_0999,10.673759192334176,84.86575951454513,75,0.0,6.162086071649785e-07,0.0,UNSAFE,RED
SYN_0999,10.673759192334176,84.86575951454513,100,0.0,1.0378257834310092e-06,0.0,UNSAFE,RED
SYN_0999,10.673759192334176,84.86575951454513,150,0.0,2.311020108918352e-09,0.0,UNSAFE,RED
SYN_0999,10.673759192334176,84.86575951454513,200,0.0,3.5220962050120554e-07,0.0,UNSAFE,RED
