latitude,longitude,ssh
5.0,65.0,-0.0448167493589593
5.0,65.20202020202021,-0.008752188365447486
5.0,65.4040404040404,0.06599554810245004
5.0,65.60606060606061,0.10094097790114161
5.0,65.8080808080808,0.14599890506549687
5.0,66.01010101010101,0.1995972026021788
5.0,66.21212121212122,0.22561326225179584
5.0,66.41414141414141,0.2341921526548418
5.0,66.61616161616162,0.20484269475110586
5.0,66.81818181818181,0.1909834092599126
5.0,67.02020202020202,0.17079873612646565
5.0,67.22222222222223,0.12227709923905807
5.0,67.42424242424242,0.0640850943597991
5.0,67.62626262626263,0.02712377775742418
5.0,67.82828282828282,-0.039079774989090786
5.0,68.03030303030303,-0.06557612497913072
5.0,68.23232323232324,-0.11142969505887712
5.0,68.43434343434343,-0.15195232416651108
5.0,68.63636363636364,-0.16150929419774934
5.0,68.83838383838383,-0.1783921621530541
5.0,69.04040404040404,-0.16416889624775977
5.0,69.24242424242425,-0.13939927821415155
5.0,69.44444444444444,-0.12179035223217562
5.0,69.64646464646465,-0.08255970684330806
5.0,69.84848484848484,-0.04017363857434852
5.0,70.05050505050505,0.0394306647290729
5.0,70.25252525252526,0.11088644724077758
5.0,70.45454545454545,0.1676816739593039
5.0,70.65656565656566,0.2080642969350091
5.0,70.85858585858585,0.22826491377406466
5.0,71.06060606060606,0.22713370393019683
5.0,71.26262626262626,0.23490332160849242
5.0,71.46464646464646,0.20797585091974122
5.0,71.66666666666667,0.1575893130243798
5.0,71.86868686868686,0.09750251355355809
5.0,72.07070707070707,0.02806121943984807
5.0,72.27272727272727,-0.07783341001182859
5.0,72.47474747474747,-0.16057440763179892
5.0,72.67676767676768,-0.2223311177325003
5.0,72.87878787878788,-0.25719323115425613
5.0,73.08080808080808,-0.2829560296301321
5.0,73.28282828282828,-0.268939294422506
5.0,73.48484848484848,-0.24111356869541226
5.0,73.68686868686869,-0.1990868406898733
5.0,73.88888888888889,-0.13349991070826447
5.0,74.0909090909091,-0.05594526679048622
5.0,74.29292929292929,0.007431190789783552
5.0,74.4949494949495,0.11531746873709077
5.0,74.6969696969697,0.174848717797074
5.0,74.8989898989899,0.22455882287447856
5.0,75.1010101010101,0.2554344062129847
5.0,75.3030303030303,0.276790178362122
5.0,75.5050505050505,0.25086299031168424
5.0,75.70707070707071,0.19332769863461186
5.0,75.9090909090909,0.15293467884334144
5.0,76.11111111111111,0.05964085390960374
5.0,76.31313131313131,-0.002744242972808168
5.0,76.51515151515152,-0.07622420036065601
5.0,76.71717171717171,-0.13417579577067207
5.0,76.91919191919192,-0.1751816548168697
5.0,77.12121212121212,-0.23895264199438712
5.0,77.32323232323232,-0.23729905433009324
5.0,77.52525252525253,-0.22728064216321636
5.0,77.72727272727272,-0.184130490419995
5.0,77.92929292929293,-0.1317967449856043
5.0,78.13131313131314,-0.07448787556927412
5.0,78.33333333333333,-0.014306151322879072
5.0,78.53535353535354,0.03162635446683415
5.0,78.73737373737373,0.09574922505128167
5.0,78.93939393939394,0.1256250205266508
5.0,79.14141414141415,0.15826496261728856
5.0,79.34343434343434,0.1649379649751646
5.0,79.54545454545455,0.16814050089894064
5.0,79.74747474747474,0.15713486637866142
5.0,79.94949494949495,0.15336674279055879
5.0,80.15151515151516,0.11336564690972488
5.0,80.35353535353535,0.11074441511517699
5.0,80.55555555555556,0.04330994735594121
5.0,80.75757575757575,0.02030580399330273
5.0,80.95959595959596,-0.006051244842054729
5.0,81.16161616161617,-0.05270726518820492
5.0,81.36363636363636,-0.08948083042032418
5.0,81.56565656565657,-0.12746194803062819
5.0,81.76767676767676,-0.15035685602663607
5.0,81.96969696969697,-0.13792025633061172
5.0,82.17171717171718,-0.12930106878408426
5.0,82.37373737373737,-0.1385281730312211
5.0,82.57575757575758,-0.12821439660152265
5.0,82.77777777777777,-0.11721652055460147
5.0,82.97979797979798,-0.07044317662463306
5.0,83.18181818181819,-0.022666401464712348
5.0,83.38383838383838,0.03709076601308752
5.0,83.58585858585859,0.06940195595517076
5.0,83.78787878787878,0.10285508960081008
5.0,83.98989898989899,0.12647438637994077
5.0,84.1919191919192,0.1470088428237188
5.0,84.39393939393939,0.17835539512337653
5.0,84.5959595959596,0.16377071925019027
5.0,84.79797979797979,0.12239509319188527
5.0,85.0,0.1036253305122333
5.202020202020202,65.0,-0.036243189249729996
5.202020202020202,65.20202020202021,0.010656014140518453
5.202020202020202,65.4040404040404,0.06615162331431873
5.202020202020202,65.60606060606061,0.09954076618932726
5.202020202020202,65.8080808080808,0.13350336455562198
5.202020202020202,66.01010101010101,0.17376623240845457
5.202020202020202,66.21212121212122,0.17057369290619617
5.202020202020202,66.41414141414141,0.2006735785461932
5.202020202020202,66.61616161616162,0.16625420637052102
5.202020202020202,66.81818181818181,0.15305608110379462
5.202020202020202,67.02020202020202,0.12035238365269356
5.202020202020202,67.22222222222223,0.09036216857009956
5.202020202020202,67.42424242424242,0.056127432247127504
5.202020202020202,67.62626262626263,0.016187144650024424
5.202020202020202,67.82828282828282,-0.03557297558520772
5.202020202020202,68.03030303030303,-0.07518053439113453
5.202020202020202,68.23232323232324,-0.06647954533572656
5.202020202020202,68.43434343434343,-0.11253456722426268
5.202020202020202,68.63636363636364,-0.10496336443455187
5.202020202020202,68.83838383838383,-0.12251994084852524
5.202020202020202,69.04040404040404,-0.09726773147270046
5.202020202020202,69.24242424242425,-0.07899677110592608
5.202020202020202,69.44444444444444,-0.05034306173894191
5.202020202020202,69.64646464646465,-0.051966450792738594
5.202020202020202,69.84848484848484,0.01396102561507115
5.202020202020202,70.05050505050505,0.040205490916921306
5.202020202020202,70.25252525252526,0.09152346232343889
5.202020202020202,70.45454545454545,0.10808293718871571
5.202020202020202,70.65656565656566,0.13179542160756508
5.202020202020202,70.85858585858585,0.15021944498014403
5.202020202020202,71.06060606060606,0.14502508261744768
5.202020202020202,71.26262626262626,0.14276111425340576
5.202020202020202,71.46464646464646,0.11630926851940092
5.202020202020202,71.66666666666667,0.07880724360741823
5.202020202020202,71.86868686868686,0.06443772907514547
5.202020202020202,72.07070707070707,-0.010882877530739852
5.202020202020202,72.27272727272727,-0.05476775488554413
5.202020202020202,72.47474747474747,-0.09459146626631136
5.202020202020202,72.67676767676768,-0.14461338878410565
5.202020202020202,72.87878787878788,-0.168170459211695
5.202020202020202,73.08080808080808,-0.1659387889840594
5.202020202020202,73.28282828282828,-0.1545254269627084
5.202020202020202,73.48484848484848,-0.16496742195198294
5.202020202020202,73.68686868686869,-0.13179440868652537
5.202020202020202,73.88888888888889,-0.11360011841840292
5.202020202020202,74.0909090909091,-0.05625166321242227
5.202020202020202,74.29292929292929,-0.0013092726440355835
5.202020202020202,74.4949494949495,0.042092973186967406
5.202020202020202,74.6969696969697,0.09412541779866732
5.202020202020202,74.8989898989899,0.12341265180638597
5.202020202020202,75.1010101010101,0.1643784957959947
5.202020202020202,75.3030303030303,0.18523141682109093
5.202020202020202,75.5050505050505,0.15822643969812833
5.202020202020202,75.70707070707071,0.14128122726012107
5.202020202020202,75.9090909090909,0.1174766623192493
5.202020202020202,76.11111111111111,0.08075899119852314
5.202020202020202,76.31313131313131,0.006041529557190752
5.202020202020202,76.51515151515152,-0.027914790937285043
5.202020202020202,76.71717171717171,-0.06669604693012741
5.202020202020202,76.91919191919192,-0.1074791106990675
5.202020202020202,77.12121212121212,-0.15970894176751246
5.202020202020202,77.32323232323232,-0.14714948942243739
5.202020202020202,77.52525252525253,-0.13937283335725076
5.202020202020202,77.72727272727272,-0.1390166971329568
5.202020202020202,77.92929292929293,-0.12168460648489826
5.202020202020202,78.13131313131314,-0.07981849639941563
5.202020202020202,78.33333333333333,-0.01965291710351722
5.202020202020202,78.53535353535354,0.005613993330917817
5.202020202020202,78.73737373737373,0.0333614891611531
5.202020202020202,78.93939393939394,0.059605701392228864
5.202020202020202,79.14141414141415,0.07778124455704691
5.202020202020202,79.34343434343434,0.10755449901432973
5.202020202020202,79.54545454545455,0.12660737971267752
5.202020202020202,79.74747474747474,0.1404536664252106
5.202020202020202,79.94949494949495,0.1473544977315657
5.202020202020202,80.15151515151516,0.13231089656630202
5.202020202020202,80.35353535353535,0.08876722531639397
5.202020202020202,80.55555555555556,0.08030505591327115
5.202020202020202,80.75757575757575,0.054216364735583056
5.202020202020202,80.95959595959596,0.01731643154755077
5.202020202020202,81.16161616161617,-0.0322088092966685
5.202020202020202,81.36363636363636,-0.03166583386052374
5.202020202020202,81.56565656565657,-0.10335941889787953
5.202020202020202,81.76767676767676,-0.12365583711011546
5.202020202020202,81.96969696969697,-0.1232463049617457
5.202020202020202,82.17171717171718,-0.10701353725044518
5.202020202020202,82.37373737373737,-0.13016046094623762
5.202020202020202,82.57575757575758,-0.11103375980717202
5.202020202020202,82.77777777777777,-0.07785806397157688
5.202020202020202,82.97979797979798,-0.062136152212179
5.202020202020202,83.18181818181819,-0.03200719153889056
5.202020202020202,83.38383838383838,0.014155521081486995
5.202020202020202,83.58585858585859,0.04812448086895648
5.202020202020202,83.78787878787878,0.0887695745017233
5.202020202020202,83.98989898989899,0.11830216837202892
5.202020202020202,84.1919191919192,0.12779313106046597
5.202020202020202,84.39393939393939,0.13797261118911736
5.202020202020202,84.5959595959596,0.13665368085109678
5.202020202020202,84.79797979797979,0.12656768767699436
5.202020202020202,85.0,0.09758743685514094
5.404040404040404,65.0,0.006674034611811193
5.404040404040404,65.20202020202021,0.04427010711854197
5.404040404040404,65.4040404040404,0.07318442174671536
5.404040404040404,65.60606060606061,0.06482631771352938
5.404040404040404,65.8080808080808,0.09682996970543566
5.404040404040404,66.01010101010101,0.10192070700463027
5.404040404040404,66.21212121212122,0.11239710500240349
5.404040404040404,66.41414141414141,0.11917396355646626
5.404040404040404,66.61616161616162,0.11344345761805133
5.404040404040404,66.81818181818181,0.09001260152204539
5.404040404040404,67.02020202020202,0.051594474645529576
5.404040404040404,67.22222222222223,0.03874422271275127
5.404040404040404,67.42424242424242,0.03505108581384002
5.404040404040404,67.62626262626263,-0.022683893198480964
5.404040404040404,67.82828282828282,-0.002639759936703699
5.404040404040404,68.03030303030303,-0.024071963219981403
5.404040404040404,68.23232323232324,-0.02361479588135416
5.404040404040404,68.43434343434343,-0.03721847739298929
5.404040404040404,68.63636363636364,-0.0459440541737504
5.404040404040404,68.83838383838383,-0.006127299106245099
5.404040404040404,69.04040404040404,0.017833546355740748
5.404040404040404,69.24242424242425,0.02780357619855295
5.404040404040404,69.44444444444444,0.02350861235233045
5.404040404040404,69.64646464646465,0.042009677517916164
5.404040404040404,69.84848484848484,0.04629623723941571
5.404040404040404,70.05050505050505,0.051699875245292994
5.404040404040404,70.25252525252526,0.07354483678491423
5.404040404040404,70.45454545454545,0.05102972087985687
5.404040404040404,70.65656565656566,0.04833399285227448
5.404040404040404,70.85858585858585,0.03726324043008315
5.404040404040404,71.06060606060606,0.02364019967258791
5.404040404040404,71.26262626262626,0.03169684928292467
5.404040404040404,71.46464646464646,0.03550482122295581
5.404040404040404,71.66666666666667,0.01584571317677109
5.404040404040404,71.86868686868686,-0.0063330773223966505
5.404040404040404,72.07070707070707,0.0041410676145784845
5.404040404040404,72.27272727272727,-0.0019851660838286836
5.404040404040404,72.47474747474747,-0.03687817387261505
5.404040404040404,72.67676767676768,-0.04078249682758765
5.404040404040404,72.87878787878788,-0.03125559211897706
5.404040404040404,73.08080808080808,-0.018843177429679017
5.404040404040404,73.28282828282828,-0.04028175143773434
5.404040404040404,73.48484848484848,-0.05071780237903267
5.404040404040404,73.68686868686869,-0.03427923813246436
5.404040404040404,73.88888888888889,-0.03418721984050679
5.404040404040404,74.0909090909091,-0.039798315112535086
5.404040404040404,74.29292929292929,-0.03791835598501064
5.404040404040404,74.4949494949495,-0.009663870258925254
5.404040404040404,74.6969696969697,0.002409396335861223
5.404040404040404,74.8989898989899,0.00830286789570353
5.404040404040404,75.1010101010101,0.0351771084538477
5.404040404040404,75.3030303030303,0.03688308695832932
5.404040404040404,75.5050505050505,0.06718910399943173
5.404040404040404,75.70707070707071,0.06062294555802183
5.404040404040404,75.9090909090909,0.055778172874968036
5.404040404040404,76.11111111111111,0.052632384486283455
5.404040404040404,76.31313131313131,0.043393059162208716
5.404040404040404,76.51515151515152,0.03946912621580255
5.404040404040404,76.71717171717171,0.021423004057477227
5.404040404040404,76.91919191919192,-0.0036756097104060446
5.404040404040404,77.12121212121212,-0.01444596977136978
5.404040404040404,77.32323232323232,-0.03864953302453715
5.404040404040404,77.52525252525253,-0.06435596820084816
5.404040404040404,77.72727272727272,-0.07170492923487803
5.404040404040404,77.92929292929293,-0.07401558162270191
5.404040404040404,78.13131313131314,-0.0633749624105365
5.404040404040404,78.33333333333333,-0.06485960192124102
5.404040404040404,78.53535353535354,-0.05582733307803969
5.404040404040404,78.73737373737373,-0.019362769939409667
5.404040404040404,78.93939393939394,-0.01079388383752514
5.404040404040404,79.14141414141415,-0.0025076433032066477
5.404040404040404,79.34343434343434,0.039792491929659744
5.404040404040404,79.54545454545455,0.06305586312960351
5.404040404040404,79.74747474747474,0.08774335608451048
5.404040404040404,79.94949494949495,0.09904196699944708
5.404040404040404,80.15151515151516,0.11540979445176358
5.404040404040404,80.35353535353535,0.10532590495889761
5.404040404040404,80.55555555555556,0.09137721741296813
5.404040404040404,80.75757575757575,0.08312077516064997
5.404040404040404,80.95959595959596,0.0468876246997544
5.404040404040404,81.16161616161617,0.01224885061348205
5.404040404040404,81.36363636363636,-0.019623146704318768
5.404040404040404,81.56565656565657,-0.053268222100517286
5.404040404040404,81.76767676767676,-0.07477547150755094
5.404040404040404,81.96969696969697,-0.09480005345253065
5.404040404040404,82.17171717171718,-0.10163370505415258
5.404040404040404,82.37373737373737,-0.10137973506842926
5.404040404040404,82.57575757575758,-0.09667953102716931
5.404040404040404,82.77777777777777,-0.07845932517799638
5.404040404040404,82.97979797979798,-0.05375660447563101
5.404040404040404,83.18181818181819,-0.02845710972011851
5.404040404040404,83.38383838383838,-0.006103277394927108
5.404040404040404,83.58585858585859,-0.00033403072212363424
5.404040404040404,83.78787878787878,0.0626293461394808
5.404040404040404,83.98989898989899,0.07599277369779434
5.404040404040404,84.1919191919192,0.08169619261117335
5.404040404040404,84.39393939393939,0.10271481354162756
5.404040404040404,84.5959595959596,0.07460502198371372
5.404040404040404,84.79797979797979,0.09760112325397531
5.404040404040404,85.0,0.05665295687927052
5.606060606060606,65.0,0.04666347151049468
5.606060606060606,65.20202020202021,0.035160898908487746
5.606060606060606,65.4040404040404,0.05118049548900415
5.606060606060606,65.60606060606061,0.05514148382511211
5.606060606060606,65.8080808080808,0.04694008765045198
5.606060606060606,66.01010101010101,0.05119286262800833
5.606060606060606,66.21212121212122,0.039990307402690925
5.606060606060606,66.41414141414141,0.028075464448881447
5.606060606060606,66.61616161616162,0.02076342301921436
5.606060606060606,66.81818181818181,0.02626293822706805
5.606060606060606,67.02020202020202,0.0028054544746943556
5.606060606060606,67.22222222222223,0.01127326882736978
5.606060606060606,67.42424242424242,0.010800541208977396
5.606060606060606,67.62626262626263,-0.017203352657341832
5.606060606060606,67.82828282828282,0.015999380077791087
5.606060606060606,68.03030303030303,0.034808189831717726
5.606060606060606,68.23232323232324,0.031218849213209686
5.606060606060606,68.43434343434343,0.05427016380614932
5.606060606060606,68.63636363636364,0.08154870665750634
5.606060606060606,68.83838383838383,0.09062319552193436
5.606060606060606,69.04040404040404,0.11187746386627638
5.606060606060606,69.24242424242425,0.10470446673260789
5.606060606060606,69.44444444444444,0.11722083148338326
5.606060606060606,69.64646464646465,0.10970879058913682
5.606060606060606,69.84848484848484,0.09092933330436237
5.606060606060606,70.05050505050505,0.07113500676248634
5.606060606060606,70.25252525252526,0.02296145193126255
5.606060606060606,70.45454545454545,-0.006940267643124157
5.606060606060606,70.65656565656566,-0.015238269796631721
5.606060606060606,70.85858585858585,-0.0648535982485126
5.606060606060606,71.06060606060606,-0.08186975056518508
5.606060606060606,71.26262626262626,-0.09168557755848669
5.606060606060606,71.46464646464646,-0.09153113133329573
5.606060606060606,71.66666666666667,-0.047401326140298725
5.606060606060606,71.86868686868686,-0.04278830447022969
5.606060606060606,72.07070707070707,-0.021051514782158
5.606060606060606,72.27272727272727,0.013126042999127039
5.606060606060606,72.47474747474747,0.024700786034200162
5.606060606060606,72.67676767676768,0.06391876035418535
5.606060606060606,72.87878787878788,0.08149475895777167
5.606060606060606,73.08080808080808,0.1081900449798172
5.606060606060606,73.28282828282828,0.09240479084103964
5.606060606060606,73.48484848484848,0.09053852650360279
5.606060606060606,73.68686868686869,0.06591961007990157
5.606060606060606,73.88888888888889,0.02241946661480023
5.606060606060606,74.0909090909091,-0.02690224873341121
5.606060606060606,74.29292929292929,-0.059241029989696464
5.606060606060606,74.4949494949495,-0.10363697932455701
5.606060606060606,74.6969696969697,-0.10594572451498638
5.606060606060606,74.8989898989899,-0.1164422877837917
5.606060606060606,75.1010101010101,-0.09184153714136052
5.606060606060606,75.3030303030303,-0.05450906539344987
5.606060606060606,75.5050505050505,-0.050875144211474786
5.606060606060606,75.70707070707071,-0.048381736716658075
5.606060606060606,75.9090909090909,-0.0029593691754566595
5.606060606060606,76.11111111111111,0.031607638210633573
5.606060606060606,76.31313131313131,0.05933950986981771
5.606060606060606,76.51515151515152,0.07439497882342794
5.606060606060606,76.71717171717171,0.09941599146086247
5.606060606060606,76.91919191919192,0.08917543888484879
5.606060606060606,77.12121212121212,0.08429807080813018
5.606060606060606,77.32323232323232,0.08001980809893024
5.606060606060606,77.52525252525253,0.034195264777444556
5.606060606060606,77.72727272727272,0.016823426071194848
5.606060606060606,77.92929292929293,-0.034287943408080376
5.606060606060606,78.13131313131314,-0.03167349026172128
5.606060606060606,78.33333333333333,-0.08110140029247746
5.606060606060606,78.53535353535354,-0.0928416011148038
5.606060606060606,78.73737373737373,-0.09461910153897331
5.606060606060606,78.93939393939394,-0.09833924247207398
5.606060606060606,79.14141414141415,-0.07320438012201155
5.606060606060606,79.34343434343434,-0.04080717219862909
5.606060606060606,79.54545454545455,-0.003928489527974425
5.606060606060606,79.74747474747474,0.02670885880764399
5.606060606060606,79.94949494949495,0.044812320072230974
5.606060606060606,80.15151515151516,0.06702697572596793
5.606060606060606,80.35353535353535,0.1078242799168779
5.606060606060606,80.55555555555556,0.10153402940574535
5.606060606060606,80.75757575757575,0.07919158681799415
5.606060606060606,80.95959595959596,0.07340185920367737
5.606060606060606,81.16161616161617,0.04401527296839144
5.606060606060606,81.36363636363636,0.018254490998215647
5.606060606060606,81.56565656565657,-0.017581276944316576
5.606060606060606,81.76767676767676,-0.02873831336916389
5.606060606060606,81.96969696969697,-0.019680281267378495
5.606060606060606,82.17171717171718,-0.03899906355023205
5.606060606060606,82.37373737373737,-0.07108917258982866
5.606060606060606,82.57575757575758,-0.03153359946303062
5.606060606060606,82.77777777777777,-0.028365508483705858
5.606060606060606,82.97979797979798,-0.0368921355920178
5.606060606060606,83.18181818181819,-0.01784461783140613
5.606060606060606,83.38383838383838,-0.02283588109249881
5.606060606060606,83.58585858585859,-0.007244883948679981
5.606060606060606,83.78787878787878,0.022376456105545006
5.606060606060606,83.98989898989899,0.010782223948445432
5.606060606060606,84.1919191919192,-0.0027037190604922087
5.606060606060606,84.39393939393939,0.016456491014508443
5.606060606060606,84.5959595959596,0.017938479048040922
5.606060606060606,84.79797979797979,0.03292079572907783
5.606060606060606,85.0,0.022690144954174707
5.808080808080808,65.0,0.07775637500266948
5.808080808080808,65.20202020202021,0.07321338521592634
5.808080808080808,65.4040404040404,0.04342660324161132
5.808080808080808,65.60606060606061,0.012583970982945928
5.808080808080808,65.8080808080808,0.009004357437662949
5.808080808080808,66.01010101010101,-0.021460165393937164
5.808080808080808,66.21212121212122,-0.04003848193297265
5.808080808080808,66.41414141414141,-0.04914725640583384
5.808080808080808,66.61616161616162,-0.06646857907444115
5.808080808080808,66.81818181818181,-0.06092321343862044
5.808080808080808,67.02020202020202,-0.0512980516134808
5.808080808080808,67.22222222222223,-0.04378122433705585
5.808080808080808,67.42424242424242,-0.012608022682149559
5.808080808080808,67.62626262626263,0.0007680443435482309
5.808080808080808,67.82828282828282,0.03685358098535961
5.808080808080808,68.03030303030303,0.0615455134913981
5.808080808080808,68.23232323232324,0.10677564439603172
5.808080808080808,68.43434343434343,0.13495274820650105
5.808080808080808,68.63636363636364,0.16328022008326853
5.808080808080808,68.83838383838383,0.18855520336033255
5.808080808080808,69.04040404040404,0.1935845211473766
5.808080808080808,69.24242424242425,0.20808627436781035
5.808080808080808,69.44444444444444,0.18621398395073693
5.808080808080808,69.64646464646465,0.14900691130078814
5.808080808080808,69.84848484848484,0.1186334314071928
5.808080808080808,70.05050505050505,0.03934588826989934
5.808080808080808,70.25252525252526,-0.011820337652625449
5.808080808080808,70.45454545454545,-0.05581810688310048
5.808080808080808,70.65656565656566,-0.11657209359961015
5.808080808080808,70.85858585858585,-0.16389291996572072
5.808080808080808,71.06060606060606,-0.18784395869102163
5.808080808080808,71.26262626262626,-0.19269154649258405
5.808080808080808,71.46464646464646,-0.18901650475389833
5.808080808080808,71.66666666666667,-0.1353001578502471
5.808080808080808,71.86868686868686,-0.05921284684302183
5.808080808080808,72.07070707070707,-0.018747527045891076
5.808080808080808,72.27272727272727,0.04869788972419513
5.808080808080808,72.47474747474747,0.10680576632210045
5.808080808080808,72.67676767676768,0.16334617069706717
5.808080808080808,72.87878787878788,0.19635769271003584
5.808080808080808,73.08080808080808,0.22518746203836365
5.808080808080808,73.28282828282828,0.21649241992762872
5.808080808080808,73.48484848484848,0.19180535413327532
5.808080808080808,73.68686868686869,0.12167498696794472
5.808080808080808,73.88888888888889,0.06187867361099254
5.808080808080808,74.0909090909091,-0.010727340343065349
5.808080808080808,74.29292929292929,-0.07589788740863505
5.808080808080808,74.4949494949495,-0.15043253570482595
5.808080808080808,74.6969696969697,-0.17863498061109895
5.808080808080808,74.8989898989899,-0.20007295529126945
5.808080808080808,75.1010101010101,-0.22364593277333666
5.808080808080808,75.3030303030303,-0.20006697999113812
5.808080808080808,75.5050505050505,-0.1651901028981825
5.808080808080808,75.70707070707071,-0.08564084883674195
5.808080808080808,75.9090909090909,-0.05970214186364064
5.808080808080808,76.11111111111111,0.022205646619212444
5.808080808080808,76.31313131313131,0.052682172600314395
5.808080808080808,76.51515151515152,0.10893272237255143
5.808080808080808,76.71717171717171,0.15384535746767541
5.808080808080808,76.91919191919192,0.17795012631337223
5.808080808080808,77.12121212121212,0.1895061570906954
5.808080808080808,77.32323232323232,0.1694323156937275
5.808080808080808,77.52525252525253,0.13345232259620177
5.808080808080808,77.72727272727272,0.10482859060953485
5.808080808080808,77.92929292929293,0.05043970575443625
5.808080808080808,78.13131313131314,-0.0078112111912363395
5.808080808080808,78.33333333333333,-0.062805677123028
5.808080808080808,78.53535353535354,-0.10826039482961787
5.808080808080808,78.73737373737373,-0.14134393871206258
5.808080808080808,78.93939393939394,-0.15638056483142856
5.808080808080808,79.14141414141415,-0.13681536167331243
5.808080808080808,79.34343434343434,-0.13127330945046378
5.808080808080808,79.54545454545455,-0.09847072150980511
5.808080808080808,79.74747474747474,-0.04134702201885361
5.808080808080808,79.94949494949495,0.002074623627590349
5.808080808080808,80.15151515151516,0.021385622183474628
5.808080808080808,80.35353535353535,0.060235763247789814
5.808080808080808,80.55555555555556,0.07242514728727122
5.808080808080808,80.75757575757575,0.0760216335409793
5.808080808080808,80.95959595959596,0.09590013010501217
5.808080808080808,81.16161616161617,0.08423499798982909
5.808080808080808,81.36363636363636,0.06292153675544206
5.808080808080808,81.56565656565657,0.04418971161033228
5.808080808080808,81.76767676767676,0.0435330957591056
5.808080808080808,81.96969696969697,0.013798643842809728
5.808080808080808,82.17171717171718,0.00764194256817982
5.808080808080808,82.37373737373737,-0.0011216678890929657
5.808080808080808,82.57575757575758,0.0042774031502318425
5.808080808080808,82.77777777777777,-0.013688061339927856
5.808080808080808,82.97979797979798,-0.01713290068391987
5.808080808080808,83.18181818181819,-0.025016356066058572
5.808080808080808,83.38383838383838,-0.027165396930390044
5.808080808080808,83.58585858585859,-0.04497199191436445
5.808080808080808,83.78787878787878,-0.03495473789743908
5.808080808080808,83.98989898989899,-0.030257968635186344
5.808080808080808,84.1919191919192,-0.04830461284434706
5.808080808080808,84.39393939393939,-0.037846695018926985
5.808080808080808,84.5959595959596,-0.03705519914532307
5.808080808080808,84.79797979797979,-0.032660497473573684
5.808080808080808,85.0,-0.024342278552173902
6.01010101010101,65.0,0.11491997435040993
6.01010101010101,65.20202020202021,0.08295787010116813
6.01010101010101,65.4040404040404,0.029554369188339865
6.01010101010101,65.60606060606061,-0.027416201450999843
6.01010101010101,65.8080808080808,-0.04337920605283897
6.01010101010101,66.01010101010101,-0.09396851020629135
6.01010101010101,66.21212121212122,-0.11799239471162723
6.01010101010101,66.41414141414141,-0.12261950251888697
6.01010101010101,66.61616161616162,-0.1254922576605639
6.01010101010101,66.81818181818181,-0.1298175699482973
6.01010101010101,67.02020202020202,-0.09650939960433289
6.01010101010101,67.22222222222223,-0.06258007862992698
6.01010101010101,67.42424242424242,-0.0482455649814819
6.01010101010101,67.62626262626263,0.019969790181846997
6.01010101010101,67.82828282828282,0.04168959865861833
6.01010101010101,68.03030303030303,0.1300140028089315
6.01010101010101,68.23232323232324,0.15402437879211803
6.01010101010101,68.43434343434343,0.20367255137602108
6.01010101010101,68.63636363636364,0.21906456212163272
6.01010101010101,68.83838383838383,0.26122888577353276
6.01010101010101,69.04040404040404,0.27260111891009636
6.01010101010101,69.24242424242425,0.25973615989928917
6.01010101010101,69.44444444444444,0.2252022583126723
6.01010101010101,69.64646464646465,0.1713719373725917
6.01010101010101,69.84848484848484,0.12497336471426852
6.01010101010101,70.05050505050505,0.0363809650410135
6.01010101010101,70.25252525252526,-0.028308916415018193
6.01010101010101,70.45454545454545,-0.12417714096985681
6.01010101010101,70.65656565656566,-0.18873664765634335
6.01010101010101,70.85858585858585,-0.2263496253272387
6.01010101010101,71.06060606060606,-0.27851954633566633
6.01010101010101,71.26262626262626,-0.27389488713791277
6.01010101010101,71.46464646464646,-0.22004526287337434
6.01010101010101,71.66666666666667,-0.1850668906806356
6.01010101010101,71.86868686868686,-0.11424451068541577
6.01010101010101,72.07070707070707,0.010369785379218057
6.01010101010101,72.27272727272727,0.06683997018645438
6.01010101010101,72.47474747474747,0.16496635910315288
6.01010101010101,72.67676767676768,0.2321720760479382
6.01010101010101,72.87878787878788,0.25111990452233646
6.01010101010101,73.08080808080808,0.2980559136301896
6.01010101010101,73.28282828282828,0.29682795847340393
6.01010101010101,73.48484848484848,0.2571820844826653
6.01010101010101,73.68686868686869,0.19718552176833962
6.01010101010101,73.88888888888889,0.09918144301042967
6.01010101010101,74.0909090909091,0.014990800227252372
6.01010101010101,74.29292929292929,-0.09397674581921522
6.01010101010101,74.4949494949495,-0.18589040831027795
6.01010101010101,74.6969696969697,-0.2505262361765914
6.01010101010101,74.8989898989899,-0.29270216470505267
6.01010101010101,75.1010101010101,-0.28026850939476383
6.01010101010101,75.3030303030303,-0.289871984582487
6.01010101010101,75.5050505050505,-0.23139207261938408
6.01010101010101,75.70707070707071,-0.17613229611315998
6.01010101010101,75.9090909090909,-0.10014138969105224
6.01010101010101,76.11111111111111,-0.00458801830558702
6.01010101010101,76.31313131313131,0.05772990351971654
6.01010101010101,76.51515151515152,0.14152811178239302
6.01010101010101,76.71717171717171,0.19613519248124311
6.01010101010101,76.91919191919192,0.23612716496650402
6.01010101010101,77.12121212121212,0.2792593340986252
6.01010101010101,77.32323232323232,0.23430839375904733
6.01010101010101,77.52525252525253,0.22862849642116945
6.01010101010101,77.72727272727272,0.16869125992542353
6.01010101010101,77.92929292929293,0.09076583150813128
6.01010101010101,78.13131313131314,0.040775493090211855
6.01010101010101,78.33333333333333,-0.06186573166207198
6.01010101010101,78.53535353535354,-0.10682245188188653
6.01010101010101,78.73737373737373,-0.1574090180933355
6.01010101010101,78.93939393939394,-0.16769752955628542
6.01010101010101,79.14141414141415,-0.19175437428992995
6.01010101010101,79.34343434343434,-0.16864861903601308
6.01010101010101,79.54545454545455,-0.153482969355022
6.01010101010101,79.74747474747474,-0.1254010748414398
6.01010101010101,79.94949494949495,-0.07982969252389831
6.01010101010101,80.15151515151516,-0.0455504655544181
6.01010101010101,80.35353535353535,-0.010527879216921953
6.01010101010101,80.55555555555556,0.06968657280364488
6.01010101010101,80.75757575757575,0.06947096557558383
6.01010101010101,80.95959595959596,0.0713100166453117
6.01010101010101,81.16161616161617,0.09148087542554546
6.01010101010101,81.36363636363636,0.08643081542042308
6.01010101010101,81.56565656565657,0.10464899751698281
6.01010101010101,81.76767676767676,0.09634902033191708
6.01010101010101,81.96969696969697,0.09181006993272198
6.01010101010101,82.17171717171718,0.07553934644424573
6.01010101010101,82.37373737373737,0.06466668813089889
6.01010101010101,82.57575757575758,0.048888959490123986
6.01010101010101,82.77777777777777,0.03346042456982516
6.01010101010101,82.97979797979798,0.021004725924590774
6.01010101010101,83.18181818181819,-0.007481662635735966
6.01010101010101,83.38383838383838,-0.029276446307059983
6.01010101010101,83.58585858585859,-0.05132758564188618
6.01010101010101,83.78787878787878,-0.06767901119739358
6.01010101010101,83.98989898989899,-0.09155455520875358
6.01010101010101,84.1919191919192,-0.10460043671541214
6.01010101010101,84.39393939393939,-0.10233609319675531
6.01010101010101,84.5959595959596,-0.11587576471758525
6.01010101010101,84.79797979797979,-0.1009209807449143
6.01010101010101,85.0,-0.07737052684114548
6.212121212121212,65.0,0.13856514305956621
6.212121212121212,65.20202020202021,0.06475300783275632
6.212121212121212,65.4040404040404,0.030772702938878595
6.212121212121212,65.60606060606061,-0.031164333874924136
6.212121212121212,65.8080808080808,-0.06994057119128698
6.212121212121212,66.01010101010101,-0.13053692646270149
6.212121212121212,66.21212121212122,-0.15599307519913613
6.212121212121212,66.41414141414141,-0.15726664938328955
6.212121212121212,66.61616161616162,-0.15249415246433476
6.212121212121212,66.81818181818181,-0.15605950237265984
6.212121212121212,67.02020202020202,-0.11824333087944973
6.212121212121212,67.22222222222223,-0.07720458655729631
6.212121212121212,67.42424242424242,-0.02621623797169046
6.212121212121212,67.62626262626263,0.02600680578106293
6.212121212121212,67.82828282828282,0.10401971334287327
6.212121212121212,68.03030303030303,0.13348325651217569
6.212121212121212,68.23232323232324,0.2033813160015651
6.212121212121212,68.43434343434343,0.25780205951165885
6.212121212121212,68.63636363636364,0.2909480034325697
6.212121212121212,68.83838383838383,0.3173042485162325
6.212121212121212,69.04040404040404,0.315246066437799
6.212121212121212,69.24242424242425,0.28047370072638544
6.212121212121212,69.44444444444444,0.25589709477285943
6.212121212121212,69.64646464646465,0.17500143255601688
6.212121212121212,69.84848484848484,0.11382759329491715
6.212121212121212,70.05050505050505,0.035624665501936756
6.212121212121212,70.25252525252526,-0.057507501875533856
6.212121212121212,70.45454545454545,-0.14827285176139993
6.212121212121212,70.65656565656566,-0.21920471443038544
6.212121212121212,70.85858585858585,-0.2791832064584647
6.212121212121212,71.06060606060606,-0.28421274923317197
6.212121212121212,71.26262626262626,-0.2924374711899764
6.212121212121212,71.46464646464646,-0.25234234356536317
6.212121212121212,71.66666666666667,-0.1915438210156977
6.212121212121212,71.86868686868686,-0.09842322100286963
6.212121212121212,72.07070707070707,0.0031497558510531647
6.212121212121212,72.27272727272727,0.1042415447696591
6.212121212121212,72.47474747474747,0.18452695429510696
6.212121212121212,72.67676767676768,0.27300454128055285
6.212121212121212,72.87878787878788,0.3084881417358132
6.212121212121212,73.08080808080808,0.3230178622693302
6.212121212121212,73.28282828282828,0.3230458419897521
6.212121212121212,73.48484848484848,0.2997944501960244
6.212121212121212,73.68686868686869,0.21550229519762484
6.212121212121212,73.88888888888889,0.11970447955623943
6.212121212121212,74.0909090909091,0.007674840325563197
6.212121212121212,74.29292929292929,-0.08075342735250111
6.212121212121212,74.4949494949495,-0.16867893438302456
6.212121212121212,74.6969696969697,-0.24945632186549374
6.212121212121212,74.8989898989899,-0.3119624158896859
6.212121212121212,75.1010101010101,-0.3243473882736031
6.212121212121212,75.3030303030303,-0.29118794816411114
6.212121212121212,75.5050505050505,-0.2523775905911273
6.212121212121212,75.70707070707071,-0.21273915777984329
6.212121212121212,75.9090909090909,-0.11824896887539939
6.212121212121212,76.11111111111111,-0.05039419861349333
6.212121212121212,76.31313131313131,0.06173837847504209
6.212121212121212,76.51515151515152,0.13021372760053757
6.212121212121212,76.71717171717171,0.20552247556825248
6.212121212121212,76.91919191919192,0.2299172423294632
6.212121212121212,77.12121212121212,0.2826740380523509
6.212121212121212,77.32323232323232,0.2787818778369554
6.212121212121212,77.52525252525253,0.26350481847142876
6.212121212121212,77.72727272727272,0.21640905722126666
6.212121212121212,77.92929292929293,0.14320533607104616
6.212121212121212,78.13131313131314,0.06370922249615019
6.212121212121212,78.33333333333333,0.004969834297574291
6.212121212121212,78.53535353535354,-0.06917354674565049
6.212121212121212,78.73737373737373,-0.13178655896728042
6.212121212121212,78.93939393939394,-0.17286140158727437
6.212121212121212,79.14141414141415,-0.20381493926423574
6.212121212121212,79.34343434343434,-0.2036311551672937
6.212121212121212,79.54545454545455,-0.18140796289221497
6.212121212121212,79.74747474747474,-0.17097269041738217
6.212121212121212,79.94949494949495,-0.14735190155521286
6.212121212121212,80.15151515151516,-0.09384754579668347
6.212121212121212,80.35353535353535,-0.06216280577215145
6.212121212121212,80.55555555555556,-0.0013038572735784217
6.212121212121212,80.75757575757575,0.04362062207156717
6.212121212121212,80.95959595959596,0.0903151313284438
6.212121212121212,81.16161616161617,0.09163573842379967
6.212121212121212,81.36363636363636,0.11503259578543291
6.212121212121212,81.56565656565657,0.11868465003638129
6.212121212121212,81.76767676767676,0.14007720847159869
6.212121212121212,81.96969696969697,0.15604402332307238
6.212121212121212,82.17171717171718,0.1315909908508952
6.212121212121212,82.37373737373737,0.11552778485864333
6.212121212121212,82.57575757575758,0.10569151976829427
6.212121212121212,82.77777777777777,0.07769315075237479
6.212121212121212,82.97979797979798,0.03147615336765956
6.212121212121212,83.18181818181819,0.002054465037210766
6.212121212121212,83.38383838383838,-0.05275563284772508
6.212121212121212,83.58585858585859,-0.0631172056617452
6.212121212121212,83.78787878787878,-0.08612221657498763
6.212121212121212,83.98989898989899,-0.12722034961961023
6.212121212121212,84.1919191919192,-0.17003912122821002
6.212121212121212,84.39393939393939,-0.16054124911193887
6.212121212121212,84.5959595959596,-0.14099729657323068
6.212121212121212,84.79797979797979,-0.12929802785290095
6.212121212121212,85.0,-0.07789304084049369
6.414141414141414,65.0,0.150204684131941
6.414141414141414,65.20202020202021,0.07839811587167485
6.414141414141414,65.4040404040404,0.022274097544578177
6.414141414141414,65.60606060606061,-0.04897889242572458
6.414141414141414,65.8080808080808,-0.09708122265354155
6.414141414141414,66.01010101010101,-0.14497339316114363
6.414141414141414,66.21212121212122,-0.15699975285796033
6.414141414141414,66.41414141414141,-0.1590901799593781
6.414141414141414,66.61616161616162,-0.18749875575678338
6.414141414141414,66.81818181818181,-0.16866273162562873
6.414141414141414,67.02020202020202,-0.11427498163290933
6.414141414141414,67.22222222222223,-0.07770770939027738
6.414141414141414,67.42424242424242,-0.0031694902586869955
6.414141414141414,67.62626262626263,0.06861380455481758
6.414141414141414,67.82828282828282,0.14130261189847587
6.414141414141414,68.03030303030303,0.18876959572858074
6.414141414141414,68.23232323232324,0.23632296901900682
6.414141414141414,68.43434343434343,0.2579771656548391
6.414141414141414,68.63636363636364,0.30271134995400606
6.414141414141414,68.83838383838383,0.3107005390050605
6.414141414141414,69.04040404040404,0.30563297840239634
6.414141414141414,69.24242424242425,0.2631464240401124
6.414141414141414,69.44444444444444,0.21903966318055615
6.414141414141414,69.64646464646465,0.1450999905624267
6.414141414141414,69.84848484848484,0.060405971966371846
6.414141414141414,70.05050505050505,-0.010447492410269068
6.414141414141414,70.25252525252526,-0.09547834917408085
6.414141414141414,70.45454545454545,-0.1475297411510898
6.414141414141414,70.65656565656566,-0.212917305379183
6.414141414141414,70.85858585858585,-0.25129871897208633
6.414141414141414,71.06060606060606,-0.2708495873097276
6.414141414141414,71.26262626262626,-0.2820568868605585
6.414141414141414,71.46464646464646,-0.1963936439904399
6.414141414141414,71.66666666666667,-0.15892640351023535
6.414141414141414,71.86868686868686,-0.07230171330526258
6.414141414141414,72.07070707070707,0.007266281750499188
6.414141414141414,72.27272727272727,0.12071117679325011
6.414141414141414,72.47474747474747,0.19160116503244423
6.414141414141414,72.67676767676768,0.24391170812653434
6.414141414141414,72.87878787878788,0.28826490143495115
6.414141414141414,73.08080808080808,0.32427565911368417
6.414141414141414,73.28282828282828,0.2962427548794987
6.414141414141414,73.48484848484848,0.25906432693164355
6.414141414141414,73.68686868686869,0.192002738496406
6.414141414141414,73.88888888888889,0.10449749131613131
6.414141414141414,74.0909090909091,0.032863179975415345
6.414141414141414,74.29292929292929,-0.05330849962885024
6.414141414141414,74.4949494949495,-0.12993067592384586
6.414141414141414,74.6969696969697,-0.23368258942154557
6.414141414141414,74.8989898989899,-0.27252531013062675
6.414141414141414,75.1010101010101,-0.2921359905178618
6.414141414141414,75.3030303030303,-0.28350780419871774
6.414141414141414,75.5050505050505,-0.25451545649105417
6.414141414141414,75.70707070707071,-0.2008017340762293
6.414141414141414,75.9090909090909,-0.1265741535225072
6.414141414141414,76.11111111111111,-0.06336335627679301
6.414141414141414,76.31313131313131,0.032349168620575186
6.414141414141414,76.51515151515152,0.10084953249711302
6.414141414141414,76.71717171717171,0.1585060446597826
6.414141414141414,76.91919191919192,0.23000842865738025
6.414141414141414,77.12121212121212,0.2645719648445906
6.414141414141414,77.32323232323232,0.27223653468997544
6.414141414141414,77.52525252525253,0.22311572317461154
6.414141414141414,77.72727272727272,0.2366779831126008
6.414141414141414,77.92929292929293,0.17838179894762568
6.414141414141414,78.13131313131314,0.12940655242359714
6.414141414141414,78.33333333333333,0.057148734426728826
6.414141414141414,78.53535353535354,-0.0023227806964154288
6.414141414141414,78.73737373737373,-0.06712946577258216
6.414141414141414,78.93939393939394,-0.11260414105932764
6.414141414141414,79.14141414141415,-0.14609274909514913
6.414141414141414,79.34343434343434,-0.19066175070461122
6.414141414141414,79.54545454545455,-0.21996533331552154
6.414141414141414,79.74747474747474,-0.20310949711646895
6.414141414141414,79.94949494949495,-0.17741125632746585
6.414141414141414,80.15151515151516,-0.1481142851109528
6.414141414141414,80.35353535353535,-0.11605549453324385
6.414141414141414,80.55555555555556,-0.06532551504398344
6.414141414141414,80.75757575757575,0.00027758697063941847
6.414141414141414,80.95959595959596,0.06660046958799369
6.414141414141414,81.16161616161617,0.11493269452711824
6.414141414141414,81.36363636363636,0.1394825838855817
6.414141414141414,81.56565656565657,0.16530911133347587
6.414141414141414,81.76767676767676,0.1716762120043979
6.414141414141414,81.96969696969697,0.16321025000376976
6.414141414141414,82.17171717171718,0.1716012445861591
6.414141414141414,82.37373737373737,0.15572286728314072
6.414141414141414,82.57575757575758,0.12373249576509639
6.414141414141414,82.77777777777777,0.0907792945441994
6.414141414141414,82.97979797979798,0.05061698467589659
6.414141414141414,83.18181818181819,0.008379678004697511
6.414141414141414,83.38383838383838,-0.04855926263276986
6.414141414141414,83.58585858585859,-0.10678167834231778
6.414141414141414,83.78787878787878,-0.12813814999259232
6.414141414141414,83.98989898989899,-0.14971575046843477
6.414141414141414,84.1919191919192,-0.1540559021777819
6.414141414141414,84.39393939393939,-0.17549554138186843
6.414141414141414,84.5959595959596,-0.15419649777566635
6.414141414141414,84.79797979797979,-0.13178924603519904
6.414141414141414,85.0,-0.09713159094551817
6.616161616161616,65.0,0.14573077632393894
6.616161616161616,65.20202020202021,0.07531994985015429
6.616161616161616,65.4040404040404,0.016664299917075014
6.616161616161616,65.60606060606061,-0.035738577498415386
6.616161616161616,65.8080808080808,-0.09299986459120853
6.616161616161616,66.01010101010101,-0.12089991289040244
6.616161616161616,66.21212121212122,-0.1570951368584124
6.616161616161616,66.41414141414141,-0.15380335875034884
6.616161616161616,66.61616161616162,-0.14512770618386905
6.616161616161616,66.81818181818181,-0.11395440497623475
6.616161616161616,67.02020202020202,-0.07921104748244699
6.616161616161616,67.22222222222223,-0.025632715248811864
6.616161616161616,67.42424242424242,0.038366954750379906
6.616161616161616,67.62626262626263,0.10100295976697761
6.616161616161616,67.82828282828282,0.15664890082431612
6.616161616161616,68.03030303030303,0.223276805768694
6.616161616161616,68.23232323232324,0.23520814579765825
6.616161616161616,68.43434343434343,0.27098741536303633
6.616161616161616,68.63636363636364,0.2681198637564598
6.616161616161616,68.83838383838383,0.2838486621808106
6.616161616161616,69.04040404040404,0.24899325773844455
6.616161616161616,69.24242424242425,0.22251803860831576
6.616161616161616,69.44444444444444,0.17402899099258942
6.616161616161616,69.64646464646465,0.1226534319840972
6.616161616161616,69.84848484848484,0.04956416481966276
6.616161616161616,70.05050505050505,-0.016927055701906075
6.616161616161616,70.25252525252526,-0.05760044346382179
6.616161616161616,70.45454545454545,-0.11997756977294566
6.616161616161616,70.65656565656566,-0.16609580385388004
6.616161616161616,70.85858585858585,-0.18511449334389687
6.616161616161616,71.06060606060606,-0.17038883165462043
6.616161616161616,71.26262626262626,-0.17397109976152988
6.616161616161616,71.46464646464646,-0.14407309488697645
6.616161616161616,71.66666666666667,-0.09294897299529874
6.616161616161616,71.86868686868686,-0.02899281643900366
6.616161616161616,72.07070707070707,0.03753578387511616
6.616161616161616,72.27272727272727,0.0946352498954259
6.616161616161616,72.47474747474747,0.15101327038760112
6.616161616161616,72.67676767676768,0.19529966161674037
6.616161616161616,72.87878787878788,0.23464281142561216
6.616161616161616,73.08080808080808,0.23270048165940957
6.616161616161616,73.28282828282828,0.22483815380574285
6.616161616161616,73.48484848484848,0.21308807792297826
6.616161616161616,73.68686868686869,0.17103752187977825
6.616161616161616,73.88888888888889,0.09989664904737701
6.616161616161616,74.0909090909091,0.0328182831316404
6.616161616161616,74.29292929292929,-0.035100521756966
6.616161616161616,74.4949494949495,-0.08126214057871517
6.616161616161616,74.6969696969697,-0.14364541797945637
6.616161616161616,74.8989898989899,-0.18670620954500983
6.616161616161616,75.1010101010101,-0.2159157659638359
6.616161616161616,75.3030303030303,-0.22041206936744978
6.616161616161616,75.5050505050505,-0.19339796683424637
6.616161616161616,75.70707070707071,-0.17558852545978876
6.616161616161616,75.9090909090909,-0.10609855363531943
6.616161616161616,76.11111111111111,-0.06848993783406525
6.616161616161616,76.31313131313131,-0.009178394195779602
6.616161616161616,76.51515151515152,0.03412592770597726
6.616161616161616,76.71717171717171,0.09929657755361401
6.616161616161616,76.91919191919192,0.14164704402765693
6.616161616161616,77.12121212121212,0.18035698403886274
6.616161616161616,77.32323232323232,0.21851936334648175
6.616161616161616,77.52525252525253,0.21223776600124872
6.616161616161616,77.72727272727272,0.1914172954897494
6.616161616161616,77.92929292929293,0.16524989618540348
6.616161616161616,78.13131313131314,0.13971429064362037
6.616161616161616,78.33333333333333,0.10083961700065633
6.616161616161616,78.53535353535354,0.04032676732170446
6.616161616161616,78.73737373737373,-0.008328443603885259
6.616161616161616,78.93939393939394,-0.06173170608545102
6.616161616161616,79.14141414141415,-0.10248889671059841
6.616161616161616,79.34343434343434,-0.17660446955835715
6.616161616161616,79.54545454545455,-0.1781402417396425
6.616161616161616,79.74747474747474,-0.18757893096904468
6.616161616161616,79.94949494949495,-0.20768652407565316
6.616161616161616,80.15151515151516,-0.18393587935946465
6.616161616161616,80.35353535353535,-0.1480181452996481
6.616161616161616,80.55555555555556,-0.09696389296983106
6.616161616161616,80.75757575757575,-0.03657512414701779
6.616161616161616,80.95959595959596,0.02810260436930856
6.616161616161616,81.16161616161617,0.08471913480873502
6.616161616161616,81.36363636363636,0.12834832996246776
6.616161616161616,81.56565656565657,0.1425778383744832
6.616161616161616,81.76767676767676,0.16744928102536938
6.616161616161616,81.96969696969697,0.2026032187119973
6.616161616161616,82.17171717171718,0.19483036931019432
6.616161616161616,82.37373737373737,0.17231115297532842
6.616161616161616,82.57575757575758,0.1451747488207969
6.616161616161616,82.77777777777777,0.09870725119717708
6.616161616161616,82.97979797979798,0.05698843486381853
6.616161616161616,83.18181818181819,-0.0004912888538062287
6.616161616161616,83.38383838383838,-0.04142335099087028
6.616161616161616,83.58585858585859,-0.10124756327152527
6.616161616161616,83.78787878787878,-0.1273277352209144
6.616161616161616,83.98989898989899,-0.1515594378721157
6.616161616161616,84.1919191919192,-0.1614097806047701
6.616161616161616,84.39393939393939,-0.16749513958853016
6.616161616161616,84.5959595959596,-0.1515056985707944
6.616161616161616,84.79797979797979,-0.13716046503260632
6.616161616161616,85.0,-0.08199608305643823
6.818181818181818,65.0,0.11262067132628163
6.818181818181818,65.20202020202021,0.0555390050099414
6.818181818181818,65.4040404040404,0.018833616602100284
6.818181818181818,65.60606060606061,-0.013985301117221835
6.818181818181818,65.8080808080808,-0.06163821810748031
6.818181818181818,66.01010101010101,-0.09210688770212895
6.818181818181818,66.21212121212122,-0.1011859906356931
6.818181818181818,66.41414141414141,-0.09654517931346933
6.818181818181818,66.61616161616162,-0.09843538085194008
6.818181818181818,66.81818181818181,-0.049297897403911856
6.818181818181818,67.02020202020202,-0.022614235559998964
6.818181818181818,67.22222222222223,0.03348224442289898
6.818181818181818,67.42424242424242,0.08511160355413855
6.818181818181818,67.62626262626263,0.1293424462883157
6.818181818181818,67.82828282828282,0.1654385581267177
6.818181818181818,68.03030303030303,0.20319110481312483
6.818181818181818,68.23232323232324,0.24181153520855075
6.818181818181818,68.43434343434343,0.2209083057896977
6.818181818181818,68.63636363636364,0.24933713826120996
6.818181818181818,68.83838383838383,0.21562521361056713
6.818181818181818,69.04040404040404,0.192479935134291
6.818181818181818,69.24242424242425,0.14559650464427204
6.818181818181818,69.44444444444444,0.10704537812835156
6.818181818181818,69.64646464646465,0.06520718756381097
6.818181818181818,69.84848484848484,0.015481368724979218
6.818181818181818,70.05050505050505,-0.016474450553651057
6.818181818181818,70.25252525252526,-0.05090816403354221
6.818181818181818,70.45454545454545,-0.0506382653955354
6.818181818181818,70.65656565656566,-0.0928067443946047
6.818181818181818,70.85858585858585,-0.08236298472535755
6.818181818181818,71.06060606060606,-0.0734896167236116
6.818181818181818,71.26262626262626,-0.06964809068263961
6.818181818181818,71.46464646464646,-0.026473951199311233
6.818181818181818,71.66666666666667,-0.0055764007148206155
6.818181818181818,71.86868686868686,0.007627251128159412
6.818181818181818,72.07070707070707,0.07144814828657967
6.818181818181818,72.27272727272727,0.08091905455727089
6.818181818181818,72.47474747474747,0.10232014883212684
6.818181818181818,72.67676767676768,0.1333343680288212
6.818181818181818,72.87878787878788,0.12922928284986218
6.818181818181818,73.08080808080808,0.14074846175584332
6.818181818181818,73.28282828282828,0.13573141816869283
6.818181818181818,73.48484848484848,0.10296342696450977
6.818181818181818,73.68686868686869,0.09709769246519467
6.818181818181818,73.88888888888889,0.05598134990456019
6.818181818181818,74.0909090909091,0.056763428944530674
6.818181818181818,74.29292929292929,-0.00231192110760115
6.818181818181818,74.4949494949495,-0.013681302256071233
6.818181818181818,74.6969696969697,-0.04238972692670637
6.818181818181818,74.8989898989899,-0.07241023568997948
6.818181818181818,75.1010101010101,-0.10241873146797728
6.818181818181818,75.3030303030303,-0.10892144286008816
6.818181818181818,75.5050505050505,-0.12980300718027016
6.818181818181818,75.70707070707071,-0.09695047640745613
6.818181818181818,75.9090909090909,-0.07961496300922204
6.818181818181818,76.11111111111111,-0.06097231007296698
6.818181818181818,76.31313131313131,-0.06732484593493095
6.818181818181818,76.51515151515152,-0.022158117651077655
6.818181818181818,76.71717171717171,0.013405687087586118
6.818181818181818,76.91919191919192,0.05524483304463517
6.818181818181818,77.12121212121212,0.08626759030769345
6.818181818181818,77.32323232323232,0.10981609648098657
6.818181818181818,77.52525252525253,0.13950174763983325
6.818181818181818,77.72727272727272,0.13483715723216122
6.818181818181818,77.92929292929293,0.15216863378303835
6.818181818181818,78.13131313131314,0.1410251681299864
6.818181818181818,78.33333333333333,0.11998536016652468
6.818181818181818,78.53535353535354,0.08432590609808231
6.818181818181818,78.73737373737373,0.0651927946030932
6.818181818181818,78.93939393939394,0.005497140113025582
6.818181818181818,79.14141414141415,-0.05868392131821749
6.818181818181818,79.34343434343434,-0.09404927875406188
6.818181818181818,79.54545454545455,-0.12886888543859962
6.818181818181818,79.74747474747474,-0.17010913608486877
6.818181818181818,79.94949494949495,-0.1665815381585471
6.818181818181818,80.15151515151516,-0.17054101636618324
6.818181818181818,80.35353535353535,-0.17688290155019395
6.818181818181818,80.55555555555556,-0.11237230364659995
6.818181818181818,80.75757575757575,-0.06886696265652757
6.818181818181818,80.95959595959596,-0.004426130107993107
6.818181818181818,81.16161616161617,0.05154867012498175
6.818181818181818,81.36363636363636,0.08890016604229097
6.818181818181818,81.56565656565657,0.14034203281408728
6.818181818181818,81.76767676767676,0.14950064920420145
6.818181818181818,81.96969696969697,0.17359701171337216
6.818181818181818,82.17171717171718,0.17727695768623183
6.818181818181818,82.37373737373737,0.1547939560640427
6.818181818181818,82.57575757575758,0.1361193110566613
6.818181818181818,82.77777777777777,0.08479689634128566
6.818181818181818,82.97979797979798,0.043817885728705284
6.818181818181818,83.18181818181819,-0.008291128962167462
6.818181818181818,83.38383838383838,-0.03310258030347783
6.818181818181818,83.58585858585859,-0.0672904905586246
6.818181818181818,83.78787878787878,-0.08634928493826016
6.818181818181818,83.98989898989899,-0.10866771790913302
6.818181818181818,84.1919191919192,-0.1277109039910783
6.818181818181818,84.39393939393939,-0.13463305195403494
6.818181818181818,84.5959595959596,-0.10670675326274923
6.818181818181818,84.79797979797979,-0.0794701447411974
6.818181818181818,85.0,-0.05594244250702031
7.020202020202021,65.0,0.08779694377189078
7.020202020202021,65.20202020202021,0.05486589105471716
7.020202020202021,65.4040404040404,0.02914729465123406
7.020202020202021,65.60606060606061,0.0032672542237832548
7.020202020202021,65.8080808080808,-0.010056725767869324
7.020202020202021,66.01010101010101,-0.024050793091493848
7.020202020202021,66.21212121212122,-0.025279789659320866
7.020202020202021,66.41414141414141,-0.021195653360776754
7.020202020202021,66.61616161616162,-0.0028725597022872086
7.020202020202021,66.81818181818181,0.017819929470353126
7.020202020202021,67.02020202020202,0.06855080714011634
7.020202020202021,67.22222222222223,0.09702660800287424
7.020202020202021,67.42424242424242,0.13045249702030062
7.020202020202021,67.62626262626263,0.15343454227916975
7.020202020202021,67.82828282828282,0.16487510167512787
7.020202020202021,68.03030303030303,0.19684405678466904
7.020202020202021,68.23232323232324,0.18574680633317664
7.020202020202021,68.43434343434343,0.15396828492064463
7.020202020202021,68.63636363636364,0.1623228357301937
7.020202020202021,68.83838383838383,0.14230646409695827
7.020202020202021,69.04040404040404,0.10682528295603186
7.020202020202021,69.24242424242425,0.09086860625700112
7.020202020202021,69.44444444444444,0.0474133046218051
7.020202020202021,69.64646464646465,0.006060386343316949
7.020202020202021,69.84848484848484,0.005762432774293757
7.020202020202021,70.05050505050505,-0.004849107541328362
7.020202020202021,70.25252525252526,-0.012839587014164273
7.020202020202021,70.45454545454545,0.008500849675568033
7.020202020202021,70.65656565656566,0.0016220740789424475
7.020202020202021,70.85858585858585,0.04601466432383088
7.020202020202021,71.06060606060606,0.044878018237534414
7.020202020202021,71.26262626262626,0.059623641604601235
7.020202020202021,71.46464646464646,0.08091117325267143
7.020202020202021,71.66666666666667,0.09375521425996991
7.020202020202021,71.86868686868686,0.0913657172569417
7.020202020202021,72.07070707070707,0.07482698712631052
7.020202020202021,72.27272727272727,0.06343978226225763
7.020202020202021,72.47474747474747,0.040504787088864416
7.020202020202021,72.67676767676768,0.03337134885095663
7.020202020202021,72.87878787878788,0.03255071076729122
7.020202020202021,73.08080808080808,0.011343809006160874
7.020202020202021,73.28282828282828,0.01383577411394114
7.020202020202021,73.48484848484848,0.01837714570727925
7.020202020202021,73.68686868686869,0.0007624487054678948
7.020202020202021,73.88888888888889,0.010760332443360788
7.020202020202021,74.0909090909091,0.042644693576874004
7.020202020202021,74.29292929292929,0.04515749934705486
7.020202020202021,74.4949494949495,0.022961222515863276
7.020202020202021,74.6969696969697,0.047726556402723275
7.020202020202021,74.8989898989899,0.04001343886948888
7.020202020202021,75.1010101010101,0.0367515851002915
7.020202020202021,75.3030303030303,0.00528725741104367
7.020202020202021,75.5050505050505,-0.01230396420168603
7.020202020202021,75.70707070707071,-0.02702675399638578
7.020202020202021,75.9090909090909,-0.04184376202166017
7.020202020202021,76.11111111111111,-0.041965075698154226
7.020202020202021,76.31313131313131,-0.07159666609471087
7.020202020202021,76.51515151515152,-0.06940187813249896
7.020202020202021,76.71717171717171,-0.07711466718058338
7.020202020202021,76.91919191919192,-0.03690741794959611
7.020202020202021,77.12121212121212,-0.01324774089422161
7.020202020202021,77.32323232323232,-0.0007809805787763742
7.020202020202021,77.52525252525253,0.0319868663519572
7.020202020202021,77.72727272727272,0.07178084550535985
7.020202020202021,77.92929292929293,0.10998538297831659
7.020202020202021,78.13131313131314,0.11917410386235903
7.020202020202021,78.33333333333333,0.11648513143005586
7.020202020202021,78.53535353535354,0.10211974034229573
7.020202020202021,78.73737373737373,0.08815671246956129
7.020202020202021,78.93939393939394,0.06843309965042042
7.020202020202021,79.14141414141415,0.019688294254121136
7.020202020202021,79.34343434343434,-0.018457211143575847
7.020202020202021,79.54545454545455,-0.07152770189507103
7.020202020202021,79.74747474747474,-0.11504343122760126
7.020202020202021,79.94949494949495,-0.14322878485061133
7.020202020202021,80.15151515151516,-0.1284979245031934
7.020202020202021,80.35353535353535,-0.13138152146068688
7.020202020202021,80.55555555555556,-0.10201775510714083
7.020202020202021,80.75757575757575,-0.07873145350005162
7.020202020202021,80.95959595959596,-0.04522266652042008
7.020202020202021,81.16161616161617,0.016555476006374636
7.020202020202021,81.36363636363636,0.043236904303075495
7.020202020202021,81.56565656565657,0.07933791515853773
7.020202020202021,81.76767676767676,0.10193357537062776
7.020202020202021,81.96969696969697,0.08821568158761454
7.020202020202021,82.17171717171718,0.13766616459231323
7.020202020202021,82.37373737373737,0.11835094639396113
7.020202020202021,82.57575757575758,0.09745919584374337
7.020202020202021,82.77777777777777,0.06646106312886625
7.020202020202021,82.97979797979798,0.03848800596087596
7.020202020202021,83.18181818181819,0.0015459880729970467
7.020202020202021,83.38383838383838,-0.012505637258653021
7.020202020202021,83.58585858585859,-0.05374245506752351
7.020202020202021,83.78787878787878,-0.055651983217706945
7.020202020202021,83.98989898989899,-0.06243017358625452
7.020202020202021,84.1919191919192,-0.07355147730918311
7.020202020202021,84.39393939393939,-0.06455043232498582
7.020202020202021,84.5959595959596,-0.06898976254066061
7.020202020202021,84.79797979797979,-0.055281819394004124
7.020202020202021,85.0,-0.027744759322098033
7.222222222222222,65.0,0.038210099300162385
7.222222222222222,65.20202020202021,0.017540370032414272
7.222222222222222,65.4040404040404,0.045274477395837495
7.222222222222222,65.60606060606061,0.03761465918696187
7.222222222222222,65.8080808080808,0.04412075944219041
7.222222222222222,66.01010101010101,0.03754799211275932
7.222222222222222,66.21212121212122,0.051587707794447914
7.222222222222222,66.41414141414141,0.08432293238221997
7.222222222222222,66.61616161616162,0.09397204302909389
7.222222222222222,66.81818181818181,0.11118596022322053
7.222222222222222,67.02020202020202,0.1357373292583659
7.222222222222222,67.22222222222223,0.16181171621633778
7.222222222222222,67.42424242424242,0.17515058309117865
7.222222222222222,67.62626262626263,0.17255763886150996
7.222222222222222,67.82828282828282,0.17333879372067929
7.222222222222222,68.03030303030303,0.15041896607663208
7.222222222222222,68.23232323232324,0.11805326040551005
7.222222222222222,68.43434343434343,0.08759111280105185
7.222222222222222,68.63636363636364,0.0685322211053803
7.222222222222222,68.83838383838383,0.041031900368915596
7.222222222222222,69.04040404040404,0.02505577892189441
7.222222222222222,69.24242424242425,0.003055250052564468
7.222222222222222,69.44444444444444,-0.029087114077491767
7.222222222222222,69.64646464646465,-0.03176194461131264
7.222222222222222,69.84848484848484,-0.01757138226448328
7.222222222222222,70.05050505050505,0.021601274174849347
7.222222222222222,70.25252525252526,0.02876480490576552
7.222222222222222,70.45454545454545,0.08750043914624452
7.222222222222222,70.65656565656566,0.1265600630774936
7.222222222222222,70.85858585858585,0.16815078029804575
7.222222222222222,71.06060606060606,0.18173080107890305
7.222222222222222,71.26262626262626,0.17728506209479417
7.222222222222222,71.46464646464646,0.17780423554258212
7.222222222222222,71.66666666666667,0.15718699012669257
7.222222222222222,71.86868686868686,0.13057670630705684
7.222222222222222,72.07070707070707,0.08926330584704278
7.222222222222222,72.27272727272727,0.02833886927199565
7.222222222222222,72.47474747474747,0.0045281500248862735
7.222222222222222,72.67676767676768,-0.06627980624554129
7.222222222222222,72.87878787878788,-0.0711309124998509
7.222222222222222,73.08080808080808,-0.09108925405430726
7.222222222222222,73.28282828282828,-0.09809564155738086
7.222222222222222,73.48484848484848,-0.10380168903224679
7.222222222222222,73.68686868686869,-0.07004622893416317
7.222222222222222,73.88888888888889,-0.052000292007676474
7.222222222222222,74.0909090909091,0.012040228479226327
7.222222222222222,74.29292929292929,0.04832454345271657
7.222222222222222,74.4949494949495,0.08893719244587969
7.222222222222222,74.6969696969697,0.1146742856356461
7.222222222222222,74.8989898989899,0.11955695408422232
7.222222222222222,75.1010101010101,0.13328941458475244
7.222222222222222,75.3030303030303,0.13869789322278692
7.222222222222222,75.5050505050505,0.09555536790538335
7.222222222222222,75.70707070707071,0.060619033407636636
7.222222222222222,75.9090909090909,0.025147177983116588
7.222222222222222,76.11111111111111,-0.00888139166753359
7.222222222222222,76.31313131313131,-0.05554661005375322
7.222222222222222,76.51515151515152,-0.11241322043164759
7.222222222222222,76.71717171717171,-0.14497136460806473
7.222222222222222,76.91919191919192,-0.11085285366020767
7.222222222222222,77.12121212121212,-0.10448318556281042
7.222222222222222,77.32323232323232,-0.10186528173354936
7.222222222222222,77.52525252525253,-0.07951034158465013
7.222222222222222,77.72727272727272,-0.011208345139841487
7.222222222222222,77.92929292929293,0.027024182434523526
7.222222222222222,78.13131313131314,0.07184210721190301
7.222222222222222,78.33333333333333,0.11640561979928092
7.222222222222222,78.53535353535354,0.13113389598274347
7.222222222222222,78.73737373737373,0.12077647620262102
7.222222222222222,78.93939393939394,0.11856023008856653
7.222222222222222,79.14141414141415,0.10263309520710547
7.222222222222222,79.34343434343434,0.06344972476468146
7.222222222222222,79.54545454545455,0.017524618312793817
7.222222222222222,79.74747474747474,-0.017829478528860146
7.222222222222222,79.94949494949495,-0.06606433182042169
7.222222222222222,80.15151515151516,-0.08592881540818678
7.222222222222222,80.35353535353535,-0.13441773284511332
7.222222222222222,80.55555555555556,-0.10429751976923607
7.222222222222222,80.75757575757575,-0.07816594430174559
7.222222222222222,80.95959595959596,-0.0660091279390224
7.222222222222222,81.16161616161617,-0.038432911719866805
7.222222222222222,81.36363636363636,-0.016116948928873928
7.222222222222222,81.56565656565657,0.028579873600016965
7.222222222222222,81.76767676767676,0.04252014635380319
7.222222222222222,81.96969696969697,0.05729813085852127
7.222222222222222,82.17171717171718,0.03703551838033513
7.222222222222222,82.37373737373737,0.05103905810258831
7.222222222222222,82.57575757575758,0.04200791002988825
7.222222222222222,82.77777777777777,0.030489139477936477
7.222222222222222,82.97979797979798,0.015503862167216595
7.222222222222222,83.18181818181819,0.008948333911737777
7.222222222222222,83.38383838383838,0.014256177092041133
7.222222222222222,83.58585858585859,-0.018373088076548364
7.222222222222222,83.78787878787878,0.014812363810988192
7.222222222222222,83.98989898989899,8.374353071160818e-05
7.222222222222222,84.1919191919192,-0.0044637707477008775
7.222222222222222,84.39393939393939,0.00792896052571806
7.222222222222222,84.5959595959596,-0.011708420968746396
7.222222222222222,84.79797979797979,-0.00046287345621245056
7.222222222222222,85.0,0.005985631330415164
7.424242424242424,65.0,-0.001308914911759787
7.424242424242424,65.20202020202021,0.014109995832270138
7.424242424242424,65.4040404040404,0.050049991792268204
7.424242424242424,65.60606060606061,0.06963638716721202
7.424242424242424,65.8080808080808,0.10795645430935015
7.424242424242424,66.01010101010101,0.1450812630860836
7.424242424242424,66.21212121212122,0.1617594359812445
7.424242424242424,66.41414141414141,0.17230231278552924
7.424242424242424,66.61616161616162,0.19732802692648807
7.424242424242424,66.81818181818181,0.20847406007115607
7.424242424242424,67.02020202020202,0.2139645820461612
7.424242424242424,67.22222222222223,0.21906087490609347
7.424242424242424,67.42424242424242,0.20747769382940467
7.424242424242424,67.62626262626263,0.1694075348702133
7.424242424242424,67.82828282828282,0.13737237530055058
7.424242424242424,68.03030303030303,0.07946808285646927
7.424242424242424,68.23232323232324,0.02742746110982651
7.424242424242424,68.43434343434343,-0.004706627278532912
7.424242424242424,68.63636363636364,-0.03145604553145882
7.424242424242424,68.83838383838383,-0.06789131112836365
7.424242424242424,69.04040404040404,-0.05689052283178129
7.424242424242424,69.24242424242425,-0.09940925745941995
7.424242424242424,69.44444444444444,-0.038675116978804575
7.424242424242424,69.64646464646465,-0.029329421007297414
7.424242424242424,69.84848484848484,-0.009534777616794842
7.424242424242424,70.05050505050505,0.04387507765546072
7.424242424242424,70.25252525252526,0.10578496265114559
7.424242424242424,70.45454545454545,0.15731442097782583
7.424242424242424,70.65656565656566,0.21937922194071693
7.424242424242424,70.85858585858585,0.25700164481723425
7.424242424242424,71.06060606060606,0.2802075099110354
7.424242424242424,71.26262626262626,0.2847207950500588
7.424242424242424,71.46464646464646,0.24956933622451313
7.424242424242424,71.66666666666667,0.221395941635409
7.424242424242424,71.86868686868686,0.1622051818236137
7.424242424242424,72.07070707070707,0.08848815577561557
7.424242424242424,72.27272727272727,0.007007898863063168
7.424242424242424,72.47474747474747,-0.0529743996986994
7.424242424242424,72.67676767676768,-0.1289029138643797
7.424242424242424,72.87878787878788,-0.16627543345997267
7.424242424242424,73.08080808080808,-0.17825516450912057
7.424242424242424,73.28282828282828,-0.19336987191422075
7.424242424242424,73.48484848484848,-0.17098414746957175
7.424242424242424,73.68686868686869,-0.13564165334451225
7.424242424242424,73.88888888888889,-0.06771484631458471
7.424242424242424,74.0909090909091,-0.01587066889181668
7.424242424242424,74.29292929292929,0.072647347146474
7.424242424242424,74.4949494949495,0.12927486051292472
7.424242424242424,74.6969696969697,0.17885735809453895
7.424242424242424,74.8989898989899,0.22947734318062465
7.424242424242424,75.1010101010101,0.22988715413927932
7.424242424242424,75.3030303030303,0.22606170290110486
7.424242424242424,75.5050505050505,0.15930337358494936
7.424242424242424,75.70707070707071,0.13634859161661642
7.424242424242424,75.9090909090909,0.06888524993477184
7.424242424242424,76.11111111111111,-0.005478149140315865
7.424242424242424,76.31313131313131,-0.06652429666102053
7.424242424242424,76.51515151515152,-0.12474895812606797
7.424242424242424,76.71717171717171,-0.1650420774401763
7.424242424242424,76.91919191919192,-0.20720166530976308
7.424242424242424,77.12121212121212,-0.1991774144308416
7.424242424242424,77.32323232323232,-0.1757582605261135
7.424242424242424,77.52525252525253,-0.1530209889594651
7.424242424242424,77.72727272727272,-0.09732480460514972
7.424242424242424,77.92929292929293,-0.03413453438858481
7.424242424242424,78.13131313131314,0.028578387406459085
7.424242424242424,78.33333333333333,0.08909687446157832
7.424242424242424,78.53535353535354,0.10766261995129098
7.424242424242424,78.73737373737373,0.13364239262090502
7.424242424242424,78.93939393939394,0.1609734707353683
7.424242424242424,79.14141414141415,0.15499275183179734
7.424242424242424,79.34343434343434,0.1338075085946829
7.424242424242424,79.54545454545455,0.11157097972599792
7.424242424242424,79.74747474747474,0.05500130663799934
7.424242424242424,79.94949494949495,0.0223477867185485
7.424242424242424,80.15151515151516,-0.024701050640700835
7.424242424242424,80.35353535353535,-0.020705236282594623
7.424242424242424,80.55555555555556,-0.06455450055577502
7.424242424242424,80.75757575757575,-0.07379666469402994
7.424242424242424,80.95959595959596,-0.07436162579257892
7.424242424242424,81.16161616161617,-0.07054590342670441
7.424242424242424,81.36363636363636,-0.061208836944357914
7.424242424242424,81.56565656565657,-0.048830836116280085
7.424242424242424,81.76767676767676,-0.04842940133816581
7.424242424242424,81.96969696969697,-0.03532346176056162
7.424242424242424,82.17171717171718,-0.0017284804784441672
7.424242424242424,82.37373737373737,-0.00844096280696906
7.424242424242424,82.57575757575758,-0.0014252065319535299
7.424242424242424,82.77777777777777,0.00750232184581615
7.424242424242424,82.97979797979798,0.023742479256663108
7.424242424242424,83.18181818181819,0.0009413037561991286
7.424242424242424,83.38383838383838,0.021072916243827934
7.424242424242424,83.58585858585859,0.03853828340642206
7.424242424242424,83.78787878787878,0.05193861803127963
7.424242424242424,83.98989898989899,0.06062709584520142
7.424242424242424,84.1919191919192,0.06347244919387797
7.424242424242424,84.39393939393939,0.07127687030591748
7.424242424242424,84.5959595959596,0.06626703353312109
7.424242424242424,84.79797979797979,0.050126082092773805
7.424242424242424,85.0,0.021153439357533364
7.626262626262626,65.0,-0.062325405526861735
7.626262626262626,65.20202020202021,-0.008052389159763522
7.626262626262626,65.4040404040404,0.048728162762687884
7.626262626262626,65.60606060606061,0.09330379668368288
7.626262626262626,65.8080808080808,0.1496060055958383
7.626262626262626,66.01010101010101,0.18769841973633306
7.626262626262626,66.21212121212122,0.23476827616137244
7.626262626262626,66.41414141414141,0.25183995636465867
7.626262626262626,66.61616161616162,0.267530107731667
7.626262626262626,66.81818181818181,0.2630322923404841
7.626262626262626,67.02020202020202,0.2630304716402422
7.626262626262626,67.22222222222223,0.2333150705133969
7.626262626262626,67.42424242424242,0.21517971393729676
7.626262626262626,67.62626262626263,0.1586756542756828
7.626262626262626,67.82828282828282,0.08944153097520614
7.626262626262626,68.03030303030303,0.013967642944912824
7.626262626262626,68.23232323232324,-0.03426842363140412
7.626262626262626,68.43434343434343,-0.07461837280787444
7.626262626262626,68.63636363636364,-0.10558740205055206
7.626262626262626,68.83838383838383,-0.10239027534488926
7.626262626262626,69.04040404040404,-0.11497044521048935
7.626262626262626,69.24242424242425,-0.10084320249940132
7.626262626262626,69.44444444444444,-0.08436032214714426
7.626262626262626,69.64646464646465,-0.03666421925160036
7.626262626262626,69.84848484848484,0.008092398705061002
7.626262626262626,70.05050505050505,0.08281152921003215
7.626262626262626,70.25252525252526,0.1658352680271962
7.626262626262626,70.45454545454545,0.23547984401925798
7.626262626262626,70.65656565656566,0.2938646224007497
7.626262626262626,70.85858585858585,0.3375341698255291
7.626262626262626,71.06060606060606,0.32699072581083843
7.626262626262626,71.26262626262626,0.32115975067043273
7.626262626262626,71.46464646464646,0.2976522471575311
7.626262626262626,71.66666666666667,0.22920229135917264
7.626262626262626,71.86868686868686,0.19261283014662853
7.626262626262626,72.07070707070707,0.07532785383687884
7.626262626262626,72.27272727272727,-0.02096817726417304
7.626262626262626,72.47474747474747,-0.10808284888054599
7.626262626262626,72.67676767676768,-0.17493731845962715
7.626262626262626,72.87878787878788,-0.21585856009554588
7.626262626262626,73.08080808080808,-0.23702398108397585
7.626262626262626,73.28282828282828,-0.24042554090084325
7.626262626262626,73.48484848484848,-0.21351421187000863
7.626262626262626,73.68686868686869,-0.15159996678743232
7.626262626262626,73.88888888888889,-0.08726812510650522
7.626262626262626,74.0909090909091,-0.020106131849644694
7.626262626262626,74.29292929292929,0.050572107618553463
7.626262626262626,74.4949494949495,0.15387804779735775
7.626262626262626,74.6969696969697,0.23428784233888048
7.626262626262626,74.8989898989899,0.2788381634757049
7.626262626262626,75.1010101010101,0.29117995736595076
7.626262626262626,75.3030303030303,0.2899809471030067
7.626262626262626,75.5050505050505,0.24400694008285967
7.626262626262626,75.70707070707071,0.19632373387390537
7.626262626262626,75.9090909090909,0.11369282856001607
7.626262626262626,76.11111111111111,0.04554623149623875
7.626262626262626,76.31313131313131,-0.021965915538185256
7.626262626262626,76.51515151515152,-0.11273939471758274
7.626262626262626,76.71717171717171,-0.17622178614461093
7.626262626262626,76.91919191919192,-0.21218147411578872
7.626262626262626,77.12121212121212,-0.24123325540608473
7.626262626262626,77.32323232323232,-0.23495001987309688
7.626262626262626,77.52525252525253,-0.22369311831104646
7.626262626262626,77.72727272727272,-0.15711262584982288
7.626262626262626,77.92929292929293,-0.12639360205509825
7.626262626262626,78.13131313131314,-0.03376856118872017
7.626262626262626,78.33333333333333,0.01095695152190631
7.626262626262626,78.53535353535354,0.05807003029741972
7.626262626262626,78.73737373737373,0.12557988455144076
7.626262626262626,78.93939393939394,0.15447106826251564
7.626262626262626,79.14141414141415,0.16261790507942567
7.626262626262626,79.34343434343434,0.15511124577245644
7.626262626262626,79.54545454545455,0.1548009241863166
7.626262626262626,79.74747474747474,0.1380564892989339
7.626262626262626,79.94949494949495,0.10230584671412392
7.626262626262626,80.15151515151516,0.06183244329259996
7.626262626262626,80.35353535353535,0.02906440254726139
7.626262626262626,80.55555555555556,-0.01203004130224343
7.626262626262626,80.75757575757575,-0.057645410434252364
7.626262626262626,80.95959595959596,-0.08203824952656724
7.626262626262626,81.16161616161617,-0.08665606993555885
7.626262626262626,81.36363636363636,-0.0967130601873072
7.626262626262626,81.56565656565657,-0.0925446223353257
7.626262626262626,81.76767676767676,-0.09558012132737952
7.626262626262626,81.96969696969697,-0.09488820481552585
7.626262626262626,82.17171717171718,-0.0966215582478413
7.626262626262626,82.37373737373737,-0.09538794079785232
7.626262626262626,82.57575757575758,-0.05982705652419
7.626262626262626,82.77777777777777,-0.03504966276002812
7.626262626262626,82.97979797979798,-0.034473804086592515
7.626262626262626,83.18181818181819,0.014926055463843789
7.626262626262626,83.38383838383838,0.05030673072058047
7.626262626262626,83.58585858585859,0.08802618577690069
7.626262626262626,83.78787878787878,0.10144187652334158
7.626262626262626,83.98989898989899,0.124109255465507
7.626262626262626,84.1919191919192,0.1297136509309209
7.626262626262626,84.39393939393939,0.12914676633468516
7.626262626262626,84.5959595959596,0.11309456813553571
7.626262626262626,84.79797979797979,0.09387859191662892
7.626262626262626,85.0,0.061308773547944326
7.828282828282829,65.0,-0.06869713576986086
7.828282828282829,65.20202020202021,-0.004570349721842816
7.828282828282829,65.4040404040404,0.05000906342276457
7.828282828282829,65.60606060606061,0.14199195743277318
7.828282828282829,65.8080808080808,0.189791464660577
7.828282828282829,66.01010101010101,0.26747109363423693
7.828282828282829,66.21212121212122,0.292721655543449
7.828282828282829,66.41414141414141,0.3075634629687143
7.828282828282829,66.61616161616162,0.3388539359119337
7.828282828282829,66.81818181818181,0.32435843922217317
7.828282828282829,67.02020202020202,0.2940296283699449
7.828282828282829,67.22222222222223,0.24659217255680804
7.828282828282829,67.42424242424242,0.1981644854523664
7.828282828282829,67.62626262626263,0.12350724582886878
7.828282828282829,67.82828282828282,0.044658782601337425
7.828282828282829,68.03030303030303,-0.02404996300504251
7.828282828282829,68.23232323232324,-0.09564424716158734
7.828282828282829,68.43434343434343,-0.13194282010961933
7.828282828282829,68.63636363636364,-0.15626681741819165
7.828282828282829,68.83838383838383,-0.15520782339622227
7.828282828282829,69.04040404040404,-0.14948872519391165
7.828282828282829,69.24242424242425,-0.11697861914819971
7.828282828282829,69.44444444444444,-0.1071050052184357
7.828282828282829,69.64646464646465,-0.022533272054741222
7.828282828282829,69.84848484848484,0.0555719258523273
7.828282828282829,70.05050505050505,0.1428909866225382
7.828282828282829,70.25252525252526,0.21257811102812743
7.828282828282829,70.45454545454545,0.28433783069680624
7.828282828282829,70.65656565656566,0.3059295080715131
7.828282828282829,70.85858585858585,0.3518785898692571
7.828282828282829,71.06060606060606,0.33655607568187407
7.828282828282829,71.26262626262626,0.3179579538258312
7.828282828282829,71.46464646464646,0.2815668828307796
7.828282828282829,71.66666666666667,0.229057076567611
7.828282828282829,71.86868686868686,0.13781207979808346
7.828282828282829,72.07070707070707,0.04519269631719419
7.828282828282829,72.27272727272727,-0.04217994612949452
7.828282828282829,72.47474747474747,-0.12613711960663038
7.828282828282829,72.67676767676768,-0.18521736728527577
7.828282828282829,72.87878787878788,-0.21541796405374444
7.828282828282829,73.08080808080808,-0.25034603596049193
7.828282828282829,73.28282828282828,-0.22485394025711508
7.828282828282829,73.48484848484848,-0.20870703889461248
7.828282828282829,73.68686868686869,-0.15231675622434176
7.828282828282829,73.88888888888889,-0.0897186335443935
7.828282828282829,74.0909090909091,-0.040124688763183244
7.828282828282829,74.29292929292929,0.055750552706353505
7.828282828282829,74.4949494949495,0.13703873427688235
7.828282828282829,74.6969696969697,0.19858665171560075
7.828282828282829,74.8989898989899,0.25519800424730377
7.828282828282829,75.1010101010101,0.31265849875963986
7.828282828282829,75.3030303030303,0.29175749979650445
7.828282828282829,75.5050505050505,0.27923196092976454
7.828282828282829,75.70707070707071,0.22235057542089387
7.828282828282829,75.9090909090909,0.14446162052862388
7.828282828282829,76.11111111111111,0.07616630588996297
7.828282828282829,76.31313131313131,0.01113133587989332
7.828282828282829,76.51515151515152,-0.06279701138562122
7.828282828282829,76.71717171717171,-0.13935029889663791
7.828282828282829,76.91919191919192,-0.20512436725232097
7.828282828282829,77.12121212121212,-0.19854766212357247
7.828282828282829,77.32323232323232,-0.2534732499076029
7.828282828282829,77.52525252525253,-0.2507277806660472
7.828282828282829,77.72727272727272,-0.21611533802101454
7.828282828282829,77.92929292929293,-0.1690250341849443
7.828282828282829,78.13131313131314,-0.10312035231631672
7.828282828282829,78.33333333333333,-0.02585496243090083
7.828282828282829,78.53535353535354,0.02394708132226881
7.828282828282829,78.73737373737373,0.07265233734317564
7.828282828282829,78.93939393939394,0.13294804705917315
7.828282828282829,79.14141414141415,0.166250420429771
7.828282828282829,79.34343434343434,0.20418589541802123
7.828282828282829,79.54545454545455,0.20423912459824534
7.828282828282829,79.74747474747474,0.18292733675649664
7.828282828282829,79.94949494949495,0.1474199714456178
7.828282828282829,80.15151515151516,0.11600501547089126
7.828282828282829,80.35353535353535,0.087204151086733
7.828282828282829,80.55555555555556,0.04294284622753889
7.828282828282829,80.75757575757575,-0.013121874139905614
7.828282828282829,80.95959595959596,-0.05963952754697469
7.828282828282829,81.16161616161617,-0.09938534003596258
7.828282828282829,81.36363636363636,-0.1242002616207947
7.828282828282829,81.56565656565657,-0.16979644138451885
7.828282828282829,81.76767676767676,-0.16978014460036525
7.828282828282829,81.96969696969697,-0.1677885746383413
7.828282828282829,82.17171717171718,-0.14182034895351403
7.828282828282829,82.37373737373737,-0.14415111658257163
7.828282828282829,82.57575757575758,-0.10622739078207111
7.828282828282829,82.77777777777777,-0.06824724734746318
7.828282828282829,82.97979797979798,-0.012364871036838712
7.828282828282829,83.18181818181819,0.03634477839311902
7.828282828282829,83.38383838383838,0.07097793585847154
7.828282828282829,83.58585858585859,0.10837561445510405
7.828282828282829,83.78787878787878,0.13844767671688843
7.828282828282829,83.98989898989899,0.16362990708065178
7.828282828282829,84.1919191919192,0.17108276065278255
7.828282828282829,84.39393939393939,0.17793342623439368
7.828282828282829,84.5959595959596,0.16052753740504666
7.828282828282829,84.79797979797979,0.13403337272909369
7.828282828282829,85.0,0.10334605647917079
8.030303030303031,65.0,-0.05182713727114182
8.030303030303031,65.20202020202021,-0.0046547831501439416
8.030303030303031,65.4040404040404,0.07609082150706745
8.030303030303031,65.60606060606061,0.13536665151303295
8.030303030303031,65.8080808080808,0.22342599506615762
8.030303030303031,66.01010101010101,0.2880603721129807
8.030303030303031,66.21212121212122,0.33807728821665023
8.030303030303031,66.41414141414141,0.35548900966551616
8.030303030303031,66.61616161616162,0.3469598499111556
8.030303030303031,66.81818181818181,0.31559496455788216
8.030303030303031,67.02020202020202,0.2896085174117601
8.030303030303031,67.22222222222223,0.25462987506612456
8.030303030303031,67.42424242424242,0.1728559638663707
8.030303030303031,67.62626262626263,0.10596263457756963
8.030303030303031,67.82828282828282,0.01936735653827449
8.030303030303031,68.03030303030303,-0.07450238168824105
8.030303030303031,68.23232323232324,-0.11997275262320789
8.030303030303031,68.43434343434343,-0.19265930091111114
8.030303030303031,68.63636363636364,-0.1768889211299802
8.030303030303031,68.83838383838383,-0.1555113493130319
8.030303030303031,69.04040404040404,-0.12615462384956877
8.030303030303031,69.24242424242425,-0.07816846392542275
8.030303030303031,69.44444444444444,-0.03028816305669571
8.030303030303031,69.64646464646465,0.034076971977977044
8.030303030303031,69.84848484848484,0.11119855963752004
8.030303030303031,70.05050505050505,0.17310177345310762
8.030303030303031,70.25252525252526,0.23855475882385097
8.030303030303031,70.45454545454545,0.30488616413178465
8.030303030303031,70.65656565656566,0.3228714940869777
8.030303030303031,70.85858585858585,0.3194183583319647
8.030303030303031,71.06060606060606,0.3297993412839033
8.030303030303031,71.26262626262626,0.29990609475174673
8.030303030303031,71.46464646464646,0.25047001271855956
8.030303030303031,71.66666666666667,0.17174761964574223
8.030303030303031,71.86868686868686,0.10216960820341948
8.030303030303031,72.07070707070707,0.033976903553791744
8.030303030303031,72.27272727272727,-0.05594096584091891
8.030303030303031,72.47474747474747,-0.09696068774015809
8.030303030303031,72.67676767676768,-0.14926313149257175
8.030303030303031,72.87878787878788,-0.1699704330580016
8.030303030303031,73.08080808080808,-0.18653023157676998
8.030303030303031,73.28282828282828,-0.16810368894995564
8.030303030303031,73.48484848484848,-0.1572541355138692
8.030303030303031,73.68686868686869,-0.1398221558670258
8.030303030303031,73.88888888888889,-0.06287076203376962
8.030303030303031,74.0909090909091,-0.02669693566786822
8.030303030303031,74.29292929292929,0.06413411525034518
8.030303030303031,74.4949494949495,0.1200005760635992
8.030303030303031,74.6969696969697,0.19229817868841664
8.030303030303031,74.8989898989899,0.23401604036368118
8.030303030303031,75.1010101010101,0.2487863500323941
8.030303030303031,75.3030303030303,0.2522481966488334
8.030303030303031,75.5050505050505,0.23715016342659426
8.030303030303031,75.70707070707071,0.1834832609941472
8.030303030303031,75.9090909090909,0.1626685971853987
8.030303030303031,76.11111111111111,0.09868706571613368
8.030303030303031,76.31313131313131,0.05404776549235643
8.030303030303031,76.51515151515152,-0.019717187379111226
8.030303030303031,76.71717171717171,-0.08171023317825002
8.030303030303031,76.91919191919192,-0.11332751548773662
8.030303030303031,77.12121212121212,-0.17101841575855048
8.030303030303031,77.32323232323232,-0.2196387615960501
8.030303030303031,77.52525252525253,-0.23392633558805173
8.030303030303031,77.72727272727272,-0.22926648375176498
8.030303030303031,77.92929292929293,-0.18951999872217873
8.030303030303031,78.13131313131314,-0.15458466699695664
8.030303030303031,78.33333333333333,-0.08145466850248496
8.030303030303031,78.53535353535354,-0.03294110156076037
8.030303030303031,78.73737373737373,0.027677629334624556
8.030303030303031,78.93939393939394,0.09132220996072878
8.030303030303031,79.14141414141415,0.13562588803140005
8.030303030303031,79.34343434343434,0.1818233289297873
8.030303030303031,79.54545454545455,0.19510933735678287
8.030303030303031,79.74747474747474,0.212273996523587
8.030303030303031,79.94949494949495,0.21179785766881384
8.030303030303031,80.15151515151516,0.16864959746907784
8.030303030303031,80.35353535353535,0.1352692820972746
8.030303030303031,80.55555555555556,0.08933051400123593
8.030303030303031,80.75757575757575,0.021297485825321177
8.030303030303031,80.95959595959596,-0.029466430776587373
8.030303030303031,81.16161616161617,-0.08347750971226914
8.030303030303031,81.36363636363636,-0.12458076268109412
8.030303030303031,81.56565656565657,-0.17671179117362731
8.030303030303031,81.76767676767676,-0.20202786402626224
8.030303030303031,81.96969696969697,-0.2030904941006631
8.030303030303031,82.17171717171718,-0.2025126868757588
8.030303030303031,82.37373737373737,-0.16592628788169198
8.030303030303031,82.57575757575758,-0.1486266274611272
8.030303030303031,82.77777777777777,-0.06765239902902728
8.030303030303031,82.97979797979798,-0.024091221731225167
8.030303030303031,83.18181818181819,0.020004098331653435
8.030303030303031,83.38383838383838,0.08311949807909398
8.030303030303031,83.58585858585859,0.10532720816927216
8.030303030303031,83.78787878787878,0.18320796295045816
8.030303030303031,83.98989898989899,0.17548023904340718
8.030303030303031,84.1919191919192,0.1899271607009046
8.030303030303031,84.39393939393939,0.1681106668336833
8.030303030303031,84.5959595959596,0.1728100581011414
8.030303030303031,84.79797979797979,0.1255350592263294
8.030303030303031,85.0,0.0973978705972121
8.232323232323232,65.0,-0.051536665658544506
8.232323232323232,65.20202020202021,-0.00031035766868846466
8.232323232323232,65.4040404040404,0.06457380042614405
8.232323232323232,65.60606060606061,0.14109525382796112
8.232323232323232,65.8080808080808,0.19344011548525702
8.232323232323232,66.01010101010101,0.26074906157746014
8.232323232323232,66.21212121212122,0.32081382476401216
8.232323232323232,66.41414141414141,0.360127484016136
8.232323232323232,66.61616161616162,0.330307301908253
8.232323232323232,66.81818181818181,0.2862382138268135
8.232323232323232,67.02020202020202,0.24996372555176996
8.232323232323232,67.22222222222223,0.20469839164090942
8.232323232323232,67.42424242424242,0.14084082343679646
8.232323232323232,67.62626262626263,0.07891443823978189
8.232323232323232,67.82828282828282,-0.011497967205456658
8.232323232323232,68.03030303030303,-0.08113081774356386
8.232323232323232,68.23232323232324,-0.14390947106305663
8.232323232323232,68.43434343434343,-0.1419407971776032
8.232323232323232,68.63636363636364,-0.1396223382795875
8.232323232323232,68.83838383838383,-0.11286033074575917
8.232323232323232,69.04040404040404,-0.04141104621853197
8.232323232323232,69.24242424242425,-0.03939940725123074
8.232323232323232,69.44444444444444,0.0197720890306889
8.232323232323232,69.64646464646465,0.07887836355633623
8.232323232323232,69.84848484848484,0.17457108608729702
8.232323232323232,70.05050505050505,0.2288225658790969
8.232323232323232,70.25252525252526,0.2735112431266808
8.232323232323232,70.45454545454545,0.28301336251933995
8.232323232323232,70.65656565656566,0.31672792115605164
8.232323232323232,70.85858585858585,0.2829101670611552
8.232323232323232,71.06060606060606,0.2603993461895835
8.232323232323232,71.26262626262626,0.21270291896830387
8.232323232323232,71.46464646464646,0.1628833928287523
8.232323232323232,71.66666666666667,0.10804265602823722
8.232323232323232,71.86868686868686,0.05375893143939861
8.232323232323232,72.07070707070707,0.01056334471820686
8.232323232323232,72.27272727272727,-0.03472551426135768
8.232323232323232,72.47474747474747,-0.07058783090922156
8.232323232323232,72.67676767676768,-0.07624921836532214
8.232323232323232,72.87878787878788,-0.13211420141947042
8.232323232323232,73.08080808080808,-0.09914454885842991
8.232323232323232,73.28282828282828,-0.09083882335982674
8.232323232323232,73.48484848484848,-0.07398383509272673
8.232323232323232,73.68686868686869,-0.067636987761894
8.232323232323232,73.88888888888889,-0.039191701363751344
8.232323232323232,74.0909090909091,0.002791170938894239
8.232323232323232,74.29292929292929,0.04901786795311507
8.232323232323232,74.4949494949495,0.07412463391504666
8.232323232323232,74.6969696969697,0.1178610082557034
8.232323232323232,74.8989898989899,0.16003211803473127
8.232323232323232,75.1010101010101,0.13889616568966773
8.232323232323232,75.3030303030303,0.16065989016056245
8.232323232323232,75.5050505050505,0.18211510976836823
8.232323232323232,75.70707070707071,0.1714354750161318
8.232323232323232,75.9090909090909,0.1516185193837401
8.232323232323232,76.11111111111111,0.12009064431700944
8.232323232323232,76.31313131313131,0.0858144563232111
8.232323232323232,76.51515151515152,0.050280230429991954
8.232323232323232,76.71717171717171,0.024835834340272197
8.232323232323232,76.91919191919192,-0.050466906644485755
8.232323232323232,77.12121212121212,-0.09883936052765704
8.232323232323232,77.32323232323232,-0.15743505704559854
8.232323232323232,77.52525252525253,-0.17694532294371462
8.232323232323232,77.72727272727272,-0.2054691125963476
8.232323232323232,77.92929292929293,-0.19422511484914762
8.232323232323232,78.13131313131314,-0.18518490280464828
8.232323232323232,78.33333333333333,-0.1458984693204531
8.232323232323232,78.53535353535354,-0.08078066375396081
8.232323232323232,78.73737373737373,-0.03793442591972187
8.232323232323232,78.93939393939394,0.05550959152582348
8.232323232323232,79.14141414141415,0.0703626992003018
8.232323232323232,79.34343434343434,0.13173433821173966
8.232323232323232,79.54545454545455,0.17741513719080207
8.232323232323232,79.74747474747474,0.19727519388225714
8.232323232323232,79.94949494949495,0.19698667348771576
8.232323232323232,80.15151515151516,0.18660829896352962
8.232323232323232,80.35353535353535,0.1549999800548391
8.232323232323232,80.55555555555556,0.11370038884526919
8.232323232323232,80.75757575757575,0.07603648413294056
8.232323232323232,80.95959595959596,-0.007353225066379428
8.232323232323232,81.16161616161617,-0.05878027013232892
8.232323232323232,81.36363636363636,-0.12053059417622405
8.232323232323232,81.56565656565657,-0.15772447956951371
8.232323232323232,81.76767676767676,-0.22509636619357967
8.232323232323232,81.96969696969697,-0.21168215428159892
8.232323232323232,82.17171717171718,-0.19039218094946694
8.232323232323232,82.37373737373737,-0.1880100622021081
8.232323232323232,82.57575757575758,-0.12880675315401965
8.232323232323232,82.77777777777777,-0.08385545102061001
8.232323232323232,82.97979797979798,-0.0483846429005132
8.232323232323232,83.18181818181819,0.0081601276882096
8.232323232323232,83.38383838383838,0.05673797481028198
8.232323232323232,83.58585858585859,0.10659586297530478
8.232323232323232,83.78787878787878,0.1354611681710394
8.232323232323232,83.98989898989899,0.173920265193694
8.232323232323232,84.1919191919192,0.1633014433987129
8.232323232323232,84.39393939393939,0.17861274707395558
8.232323232323232,84.5959595959596,0.1607214135435366
8.232323232323232,84.79797979797979,0.108785512366157
8.232323232323232,85.0,0.10449370309123726
8.434343434343434,65.0,0.001238421917988894
8.434343434343434,65.20202020202021,0.043341874883939945
8.434343434343434,65.4040404040404,0.07134076396288015
8.434343434343434,65.60606060606061,0.1326911191216303
8.434343434343434,65.8080808080808,0.18851160453688035
8.434343434343434,66.01010101010101,0.2238070972161974
8.434343434343434,66.21212121212122,0.27805576031730267
8.434343434343434,66.41414141414141,0.26794029981233186
8.434343434343434,66.61616161616162,0.26421526281551444
8.434343434343434,66.81818181818181,0.2262898337677247
8.434343434343434,67.02020202020202,0.19568949037933944
8.434343434343434,67.22222222222223,0.13775901007850372
8.434343434343434,67.42424242424242,0.1139009428677288
8.434343434343434,67.62626262626263,0.04281242718591266
8.434343434343434,67.82828282828282,-0.02923946188161388
8.434343434343434,68.03030303030303,-0.06666623978670738
8.434343434343434,68.23232323232324,-0.12030030218701653
8.434343434343434,68.43434343434343,-0.12290155052475317
8.434343434343434,68.63636363636364,-0.07983355052964775
8.434343434343434,68.83838383838383,-0.0401722087867095
8.434343434343434,69.04040404040404,0.03307049313631608
8.434343434343434,69.24242424242425,0.05076517958479542
8.434343434343434,69.44444444444444,0.10035416418550709
8.434343434343434,69.64646464646465,0.14922134675116866
8.434343434343434,69.84848484848484,0.17263774973210522
8.434343434343434,70.05050505050505,0.21863470063150464
8.434343434343434,70.25252525252526,0.224357913913847
8.434343434343434,70.45454545454545,0.26203468280823794
8.434343434343434,70.65656565656566,0.23203072259743848
8.434343434343434,70.85858585858585,0.1920832857399065
8.434343434343434,71.06060606060606,0.14988367562445873
8.434343434343434,71.26262626262626,0.11833327825097378
8.434343434343434,71.46464646464646,0.08013932206592225
8.434343434343434,71.66666666666667,0.07081522279706122
8.434343434343434,71.86868686868686,0.011430723332813973
8.434343434343434,72.07070707070707,0.0043225441452228895
8.434343434343434,72.27272727272727,-0.008770827301852597
8.434343434343434,72.47474747474747,-0.012578766237511854
8.434343434343434,72.67676767676768,-0.009862271603927188
8.434343434343434,72.87878787878788,-0.00546459482117121
8.434343434343434,73.08080808080808,0.008655030776802823
8.434343434343434,73.28282828282828,0.008897706968875745
8.434343434343434,73.48484848484848,0.007776169514791695
8.434343434343434,73.68686868686869,-0.027707594223821103
8.434343434343434,73.88888888888889,0.00507662432567735
8.434343434343434,74.0909090909091,-0.011882378046187315
8.434343434343434,74.29292929292929,0.0181299935255244
8.434343434343434,74.4949494949495,0.036578460868204744
8.434343434343434,74.6969696969697,0.023352305218684432
8.434343434343434,74.8989898989899,0.03978734895653281
8.434343434343434,75.1010101010101,0.04584134543195644
8.434343434343434,75.3030303030303,0.07516068193725929
8.434343434343434,75.5050505050505,0.07747992758736222
8.434343434343434,75.70707070707071,0.1096353445398505
8.434343434343434,75.9090909090909,0.11183152259925579
8.434343434343434,76.11111111111111,0.12112183272895632
8.434343434343434,76.31313131313131,0.12183948069081454
8.434343434343434,76.51515151515152,0.11951944637488592
8.434343434343434,76.71717171717171,0.06947553865221047
8.434343434343434,76.91919191919192,0.048636521303546475
8.434343434343434,77.12121212121212,-0.002982864014454677
8.434343434343434,77.32323232323232,-0.048913056501221595
8.434343434343434,77.52525252525253,-0.10669713238874012
8.434343434343434,77.72727272727272,-0.1509220055961388
8.434343434343434,77.92929292929293,-0.15933726676709667
8.434343434343434,78.13131313131314,-0.1718502763682488
8.434343434343434,78.33333333333333,-0.16569353354513922
8.434343434343434,78.53535353535354,-0.10992118436432098
8.434343434343434,78.73737373737373,-0.06991128856453488
8.434343434343434,78.93939393939394,-0.02121475665059996
8.434343434343434,79.14141414141415,0.04035100732184502
8.434343434343434,79.34343434343434,0.072478915984365
8.434343434343434,79.54545454545455,0.11093176726755939
8.434343434343434,79.74747474747474,0.16051100638389862
8.434343434343434,79.94949494949495,0.178832899945356
8.434343434343434,80.15151515151516,0.1762561599554617
8.434343434343434,80.35353535353535,0.1659224509688199
8.434343434343434,80.55555555555556,0.12375235591466736
8.434343434343434,80.75757575757575,0.06036003686675859
8.434343434343434,80.95959595959596,0.01556891150088719
8.434343434343434,81.16161616161617,-0.0508994448203725
8.434343434343434,81.36363636363636,-0.09169545054921824
8.434343434343434,81.56565656565657,-0.14502470552207208
8.434343434343434,81.76767676767676,-0.15787966856820085
8.434343434343434,81.96969696969697,-0.16761512557671426
8.434343434343434,82.17171717171718,-0.17548166038145302
8.434343434343434,82.37373737373737,-0.1809925999156447
8.434343434343434,82.57575757575758,-0.11957547310713111
8.434343434343434,82.77777777777777,-0.07697662056805146
8.434343434343434,82.97979797979798,-0.044394372992965746
8.434343434343434,83.18181818181819,0.017797757704815717
8.434343434343434,83.38383838383838,0.044630928790512746
8.434343434343434,83.58585858585859,0.06981186437367543
8.434343434343434,83.78787878787878,0.10923827841368527
8.434343434343434,83.98989898989899,0.15115837777690866
8.434343434343434,84.1919191919192,0.12456407067566608
8.434343434343434,84.39393939393939,0.13439466953918527
8.434343434343434,84.5959595959596,0.12019821378256168
8.434343434343434,84.79797979797979,0.0926187794205709
8.434343434343434,85.0,0.06637870978127414
8.636363636363637,65.0,0.049394786870651776
8.636363636363637,65.20202020202021,0.05999919838461931
8.636363636363637,65.4040404040404,0.06858396580625535
8.636363636363637,65.60606060606061,0.1061966560464435
8.636363636363637,65.8080808080808,0.14081181237769919
8.636363636363637,66.01010101010101,0.1641213004175681
8.636363636363637,66.21212121212122,0.1619105722427794
8.636363636363637,66.41414141414141,0.15387506602778295
8.636363636363637,66.61616161616162,0.14425369977320593
8.636363636363637,66.81818181818181,0.13945822455568202
8.636363636363637,67.02020202020202,0.11348957730854035
8.636363636363637,67.22222222222223,0.10303444276247549
8.636363636363637,67.42424242424242,0.08736425476309884
8.636363636363637,67.62626262626263,0.04726570373282523
8.636363636363637,67.82828282828282,-0.005662631062313725
8.636363636363637,68.03030303030303,-0.04433412928267855
8.636363636363637,68.23232323232324,-0.07051240756180774
8.636363636363637,68.43434343434343,-0.05340428345881802
8.636363636363637,68.63636363636364,0.02196778535862252
8.636363636363637,68.83838383838383,0.08559190189372477
8.636363636363637,69.04040404040404,0.10628404615739225
8.636363636363637,69.24242424242425,0.15188531700140828
8.636363636363637,69.44444444444444,0.17612110103080938
8.636363636363637,69.64646464646465,0.17249011076983417
8.636363636363637,69.84848484848484,0.17626709727535814
8.636363636363637,70.05050505050505,0.19129138062648932
8.636363636363637,70.25252525252526,0.17817510828718935
8.636363636363637,70.45454545454545,0.15713555336680302
8.636363636363637,70.65656565656566,0.13556376601823744
8.636363636363637,70.85858585858585,0.07691247196824755
8.636363636363637,71.06060606060606,0.04124843131138386
8.636363636363637,71.26262626262626,0.02642232720939688
8.636363636363637,71.46464646464646,0.008100432520869375
8.636363636363637,71.66666666666667,0.005306179082057495
8.636363636363637,71.86868686868686,0.023711819451991287
8.636363636363637,72.07070707070707,0.017347278447369285
8.636363636363637,72.27272727272727,0.04093271786261708
8.636363636363637,72.47474747474747,0.04835221449010438
8.636363636363637,72.67676767676768,0.08837468044443625
8.636363636363637,72.87878787878788,0.09241980403223661
8.636363636363637,73.08080808080808,0.1068176725343484
8.636363636363637,73.28282828282828,0.10369756664883696
8.636363636363637,73.48484848484848,0.10377885645221191
8.636363636363637,73.68686868686869,0.05986526642591041
8.636363636363637,73.88888888888889,0.023203708117642552
8.636363636363637,74.0909090909091,0.014622480219866256
8.636363636363637,74.29292929292929,-0.006160418484806276
8.636363636363637,74.4949494949495,-0.03240385266197699
8.636363636363637,74.6969696969697,-0.0384166502791394
8.636363636363637,74.8989898989899,-0.0553308665555186
8.636363636363637,75.1010101010101,-0.06455711843562074
8.636363636363637,75.3030303030303,-0.07005254688865326
8.636363636363637,75.5050505050505,-0.025444168799564158
8.636363636363637,75.70707070707071,0.020943820766949943
8.636363636363637,75.9090909090909,0.04670671971704605
8.636363636363637,76.11111111111111,0.09126045790264159
8.636363636363637,76.31313131313131,0.1289136193595289
8.636363636363637,76.51515151515152,0.13481381740161644
8.636363636363637,76.71717171717171,0.1529943470744992
8.636363636363637,76.91919191919192,0.14479115290008737
8.636363636363637,77.12121212121212,0.09056457752122109
8.636363636363637,77.32323232323232,0.032882237919274554
8.636363636363637,77.52525252525253,-0.008964353728559624
8.636363636363637,77.72727272727272,-0.07992596814653831
8.636363636363637,77.92929292929293,-0.0948428184826987
8.636363636363637,78.13131313131314,-0.12130550060803816
8.636363636363637,78.33333333333333,-0.12097423592481324
8.636363636363637,78.53535353535354,-0.1347268817708666
8.636363636363637,78.73737373737373,-0.10821417211103031
8.636363636363637,78.93939393939394,-0.08830610168976666
8.636363636363637,79.14141414141415,-0.04264400832658895
8.636363636363637,79.34343434343434,-0.009407390813499384
8.636363636363637,79.54545454545455,0.04941189576164151
8.636363636363637,79.74747474747474,0.08965008184039028
8.636363636363637,79.94949494949495,0.1272779459989413
8.636363636363637,80.15151515151516,0.13493655701456922
8.636363636363637,80.35353535353535,0.14129033431735197
8.636363636363637,80.55555555555556,0.11870711046042234
8.636363636363637,80.75757575757575,0.08558667559069716
8.636363636363637,80.95959595959596,0.04707957734019713
8.636363636363637,81.16161616161617,0.0003420323232268232
8.636363636363637,81.36363636363636,-0.03721358988362032
8.636363636363637,81.56565656565657,-0.08444708519595912
8.636363636363637,81.76767676767676,-0.11502307792520239
8.636363636363637,81.96969696969697,-0.12954222552644998
8.636363636363637,82.17171717171718,-0.13868192004833022
8.636363636363637,82.37373737373737,-0.1267746110164362
8.636363636363637,82.57575757575758,-0.08312636200274018
8.636363636363637,82.77777777777777,-0.08373251087246332
8.636363636363637,82.97979797979798,-0.04347649053453381
8.636363636363637,83.18181818181819,-0.010129986953080539
8.636363636363637,83.38383838383838,0.022438673965794412
8.636363636363637,83.58585858585859,0.04692515286759439
8.636363636363637,83.78787878787878,0.07110946160684571
8.636363636363637,83.98989898989899,0.061661804244340465
8.636363636363637,84.1919191919192,0.09233890621438688
8.636363636363637,84.39393939393939,0.08514765348399833
8.636363636363637,84.5959595959596,0.058169591798885395
8.636363636363637,84.79797979797979,0.03618138597580462
8.636363636363637,85.0,0.035606538942594974
8.838383838383837,65.0,0.10139464125999846
8.838383838383837,65.20202020202021,0.12131464172872072
8.838383838383837,65.4040404040404,0.08960295302358527
8.838383838383837,65.60606060606061,0.0581775005234511
8.838383838383837,65.8080808080808,0.06753757015348415
8.838383838383837,66.01010101010101,0.0739764739325573
8.838383838383837,66.21212121212122,0.07053308805120076
8.838383838383837,66.41414141414141,0.0370348893237021
8.838383838383837,66.61616161616162,0.025576102071481623
8.838383838383837,66.81818181818181,0.005117289070652348
8.838383838383837,67.02020202020202,0.005846432223968386
8.838383838383837,67.22222222222223,0.039222933648705015
8.838383838383837,67.42424242424242,0.06135092346669792
8.838383838383837,67.62626262626263,0.059158586058369406
8.838383838383837,67.82828282828282,0.03421087232644531
8.838383838383837,68.03030303030303,0.0026528418528511018
8.838383838383837,68.23232323232324,0.021292569282881313
8.838383838383837,68.43434343434343,0.06098640651433035
8.838383838383837,68.63636363636364,0.12559979660433057
8.838383838383837,68.83838383838383,0.17925572702946607
8.838383838383837,69.04040404040404,0.2150045554527605
8.838383838383837,69.24242424242425,0.2256275463272888
8.838383838383837,69.44444444444444,0.2355348702384853
8.838383838383837,69.64646464646465,0.19451955699408138
8.838383838383837,69.84848484848484,0.1651027380545981
8.838383838383837,70.05050505050505,0.139410447977267
8.838383838383837,70.25252525252526,0.11192325999439902
8.838383838383837,70.45454545454545,0.09953011108675547
8.838383838383837,70.65656565656566,0.030124886682039893
8.838383838383837,70.85858585858585,0.0015793709635026146
8.838383838383837,71.06060606060606,-0.043131121945996
8.838383838383837,71.26262626262626,-0.05244505460169372
8.838383838383837,71.46464646464646,-0.043919255318202136
8.838383838383837,71.66666666666667,-0.037404134741206616
8.838383838383837,71.86868686868686,-0.005782383787105693
8.838383838383837,72.07070707070707,0.05692822607296834
8.838383838383837,72.27272727272727,0.09332868691709706
8.838383838383837,72.47474747474747,0.1336143803072652
8.838383838383837,72.67676767676768,0.16965100846509362
8.838383838383837,72.87878787878788,0.19145062508113272
8.838383838383837,73.08080808080808,0.217872518990189
8.838383838383837,73.28282828282828,0.19300220595423948
8.838383838383837,73.48484848484848,0.1766900558556324
8.838383838383837,73.68686868686869,0.11933673143118247
8.838383838383837,73.88888888888889,0.0763666584065691
8.838383838383837,74.0909090909091,0.016496678442339405
8.838383838383837,74.29292929292929,-0.015358395993275436
8.838383838383837,74.4949494949495,-0.10440208918307375
8.838383838383837,74.6969696969697,-0.12262636682290934
8.838383838383837,74.8989898989899,-0.1734863798596722
8.838383838383837,75.1010101010101,-0.15976634094189684
8.838383838383837,75.3030303030303,-0.14638574957665393
8.838383838383837,75.5050505050505,-0.10018733182949291
8.838383838383837,75.70707070707071,-0.06684742522127494
8.838383838383837,75.9090909090909,-0.02380382528329806
8.838383838383837,76.11111111111111,0.05630024093805462
8.838383838383837,76.31313131313131,0.10415556241850077
8.838383838383837,76.51515151515152,0.15088363681686878
8.838383838383837,76.71717171717171,0.16606540390075114
8.838383838383837,76.91919191919192,0.17352351762616547
8.838383838383837,77.12121212121212,0.15911745663258012
8.838383838383837,77.32323232323232,0.1341906486837442
8.838383838383837,77.52525252525253,0.08842225930838193
8.838383838383837,77.72727272727272,0.05011857753808515
8.838383838383837,77.92929292929293,-0.01544015332399393
8.838383838383837,78.13131313131314,-0.09482095310029101
8.838383838383837,78.33333333333333,-0.10157695299825316
8.838383838383837,78.53535353535354,-0.13889299651807166
8.838383838383837,78.73737373737373,-0.1376854630898617
8.838383838383837,78.93939393939394,-0.126076839793998
8.838383838383837,79.14141414141415,-0.10410378487979285
8.838383838383837,79.34343434343434,-0.08241006273670053
8.838383838383837,79.54545454545455,-0.031323686135931436
8.838383838383837,79.74747474747474,-0.009040910384075293
8.838383838383837,79.94949494949495,0.04514605301206156
8.838383838383837,80.15151515151516,0.09323116187667338
8.838383838383837,80.35353535353535,0.07544606592993776
8.838383838383837,80.55555555555556,0.09027703788839349
8.838383838383837,80.75757575757575,0.05931360889511118
8.838383838383837,80.95959595959596,0.06284471479235225
8.838383838383837,81.16161616161617,0.04735582955681873
8.838383838383837,81.36363636363636,0.020914560327052908
8.838383838383837,81.56565656565657,-0.011391218752423231
8.838383838383837,81.76767676767676,-0.024900201333562348
8.838383838383837,81.96969696969697,-0.02414582756707944
8.838383838383837,82.17171717171718,-0.04196836485593321
8.838383838383837,82.37373737373737,-0.06711693867417834
8.838383838383837,82.57575757575758,-0.07225830604289539
8.838383838383837,82.77777777777777,-0.051569244151179826
8.838383838383837,82.97979797979798,-0.04315937989967888
8.838383838383837,83.18181818181819,-0.015049005823138895
8.838383838383837,83.38383838383838,-0.019468258028526354
8.838383838383837,83.58585858585859,0.00027550375461663206
8.838383838383837,83.78787878787878,0.015090637155505814
8.838383838383837,83.98989898989899,0.009284288253978257
8.838383838383837,84.1919191919192,0.002917227472342675
8.838383838383837,84.39393939393939,0.025139632245314333
8.838383838383837,84.5959595959596,-0.004842172641348234
8.838383838383837,84.79797979797979,0.011630867287908834
8.838383838383837,85.0,0.016525982738350042
9.040404040404042,65.0,0.15455936811937732
9.040404040404042,65.20202020202021,0.12381518327615529
9.040404040404042,65.4040404040404,0.08986495480685258
9.040404040404042,65.60606060606061,0.04830108418680991
9.040404040404042,65.8080808080808,0.017386129873972797
9.040404040404042,66.01010101010101,-0.0063359972778953225
9.040404040404042,66.21212121212122,-0.03458198789990873
9.040404040404042,66.41414141414141,-0.05179256437648862
9.040404040404042,66.61616161616162,-0.09302412574585323
9.040404040404042,66.81818181818181,-0.08373384171104982
9.040404040404042,67.02020202020202,-0.06518520969446136
9.040404040404042,67.22222222222223,-0.018184558249093204
9.040404040404042,67.42424242424242,0.04745675339913925
9.040404040404042,67.62626262626263,0.06663134097095634
9.040404040404042,67.82828282828282,0.08769793530309004
9.040404040404042,68.03030303030303,0.08575161399827246
9.040404040404042,68.23232323232324,0.10183800234005612
9.040404040404042,68.43434343434343,0.16927349029761482
9.040404040404042,68.63636363636364,0.24119816833224883
9.040404040404042,68.83838383838383,0.3038324069490966
9.040404040404042,69.04040404040404,0.3203962904900846
9.040404040404042,69.24242424242425,0.29442212986666866
9.040404040404042,69.44444444444444,0.23267629084642677
9.040404040404042,69.64646464646465,0.21657606909092875
9.040404040404042,69.84848484848484,0.129035549408549
9.040404040404042,70.05050505050505,0.10561161548302908
9.040404040404042,70.25252525252526,0.05170081599116696
9.040404040404042,70.45454545454545,-0.015206066426039343
9.040404040404042,70.65656565656566,-0.053133742437231735
9.040404040404042,70.85858585858585,-0.09147819333730745
9.040404040404042,71.06060606060606,-0.0995503782857303
9.040404040404042,71.26262626262626,-0.11960082306675641
9.040404040404042,71.46464646464646,-0.09177877965175565
9.040404040404042,71.66666666666667,-0.06977982832203455
9.040404040404042,71.86868686868686,0.02605612796705395
9.040404040404042,72.07070707070707,0.05801497180235761
9.040404040404042,72.27272727272727,0.13067949627993852
9.040404040404042,72.47474747474747,0.17884947524770015
9.040404040404042,72.67676767676768,0.22097708029794855
9.040404040404042,72.87878787878788,0.258302103933363
9.040404040404042,73.08080808080808,0.27826807832176426
9.040404040404042,73.28282828282828,0.2559648348860857
9.040404040404042,73.48484848484848,0.23122857104565733
9.040404040404042,73.68686868686869,0.17973368556219071
9.040404040404042,73.88888888888889,0.12275378011532236
9.040404040404042,74.0909090909091,0.03451635640104512
9.040404040404042,74.29292929292929,-0.025271485950714455
9.040404040404042,74.4949494949495,-0.0933347493627131
9.040404040404042,74.6969696969697,-0.14804080712632403
9.040404040404042,74.8989898989899,-0.2013859781618793
9.040404040404042,75.1010101010101,-0.21210682250802593
9.040404040404042,75.3030303030303,-0.20337036300808717
9.040404040404042,75.5050505050505,-0.19506159547652996
9.040404040404042,75.70707070707071,-0.12211535029753792
9.040404040404042,75.9090909090909,-0.07856728021121429
9.040404040404042,76.11111111111111,-0.0053778604681448215
9.040404040404042,76.31313131313131,0.058129584062715504
9.040404040404042,76.51515151515152,0.11492788855407673
9.040404040404042,76.71717171717171,0.17058799586623355
9.040404040404042,76.91919191919192,0.20687089473201534
9.040404040404042,77.12121212121212,0.21817886808842968
9.040404040404042,77.32323232323232,0.19986900279259534
9.040404040404042,77.52525252525253,0.17071063113571175
9.040404040404042,77.72727272727272,0.11780409034195943
9.040404040404042,77.92929292929293,0.06941583229792561
9.040404040404042,78.13131313131314,0.019072137647219666
9.040404040404042,78.33333333333333,-0.04348703216000618
9.040404040404042,78.53535353535354,-0.08467157325322379
9.040404040404042,78.73737373737373,-0.11730042775186096
9.040404040404042,78.93939393939394,-0.14990272781869543
9.040404040404042,79.14141414141415,-0.14940984002425478
9.040404040404042,79.34343434343434,-0.12816373774540846
9.040404040404042,79.54545454545455,-0.11539765293800207
9.040404040404042,79.74747474747474,-0.08304978731402597
9.040404040404042,79.94949494949495,-0.03578054446416023
9.040404040404042,80.15151515151516,-0.008244690857217402
9.040404040404042,80.35353535353535,0.03126109604779473
9.040404040404042,80.55555555555556,0.04698265366195836
9.040404040404042,80.75757575757575,0.056371890786454854
9.040404040404042,80.95959595959596,0.07322907149180706
9.040404040404042,81.16161616161617,0.0674532604538194
9.040404040404042,81.36363636363636,0.08693995675522252
9.040404040404042,81.56565656565657,0.07091395755489069
9.040404040404042,81.76767676767676,0.05692944131301051
9.040404040404042,81.96969696969697,0.05074547768405876
9.040404040404042,82.17171717171718,0.0035629158700411917
9.040404040404042,82.37373737373737,0.014910965882149794
9.040404040404042,82.57575757575758,-0.01739901905175009
9.040404040404042,82.77777777777777,-0.015445489767487932
9.040404040404042,82.97979797979798,-0.02798640418731032
9.040404040404042,83.18181818181819,-0.027598553207249688
9.040404040404042,83.38383838383838,-0.04181015663971996
9.040404040404042,83.58585858585859,-0.04013147728484772
9.040404040404042,83.78787878787878,-0.06660422395631103
9.040404040404042,83.98989898989899,-0.05604777039083628
9.040404040404042,84.1919191919192,-0.058968255175654107
9.040404040404042,84.39393939393939,-0.06982120146544847
9.040404040404042,84.5959595959596,-0.05163030063177075
9.040404040404042,84.79797979797979,-0.029382503807744792
9.040404040404042,85.0,0.0008296565371784248
9.242424242424242,65.0,0.19720943736790864
9.242424242424242,65.20202020202021,0.1291493900904445
9.242424242424242,65.4040404040404,0.07990165593225239
9.242424242424242,65.60606060606061,0.045426265457330195
9.242424242424242,65.8080808080808,-0.020629764545319357
9.242424242424242,66.01010101010101,-0.06585012302869897
9.242424242424242,66.21212121212122,-0.09878157664165711
9.242424242424242,66.41414141414141,-0.13750223001597958
9.242424242424242,66.61616161616162,-0.17888024908324948
9.242424242424242,66.81818181818181,-0.16622852528053175
9.242424242424242,67.02020202020202,-0.1270944457452732
9.242424242424242,67.22222222222223,-0.03426057059978404
9.242424242424242,67.42424242424242,0.048193075754135575
9.242424242424242,67.62626262626263,0.11531467902118823
9.242424242424242,67.82828282828282,0.13531760264078696
9.242424242424242,68.03030303030303,0.1546013577587524
9.242424242424242,68.23232323232324,0.20741632794028764
9.242424242424242,68.43434343434343,0.258263191532984
9.242424242424242,68.63636363636364,0.3316675056192077
9.242424242424242,68.83838383838383,0.3718444842854979
9.242424242424242,69.04040404040404,0.3831238438067768
9.242424242424242,69.24242424242425,0.32097525673969185
9.242424242424242,69.44444444444444,0.2520507107633692
9.242424242424242,69.64646464646465,0.18370016591106603
9.242424242424242,69.84848484848484,0.1181638715000379
9.242424242424242,70.05050505050505,0.03991134158978266
9.242424242424242,70.25252525252526,0.007336447618267964
9.242424242424242,70.45454545454545,-0.0631770271378643
9.242424242424242,70.65656565656566,-0.12260775213363269
9.242424242424242,70.85858585858585,-0.13917028719030258
9.242424242424242,71.06060606060606,-0.15620772675541317
9.242424242424242,71.26262626262626,-0.13312278796371363
9.242424242424242,71.46464646464646,-0.09913478511031691
9.242424242424242,71.66666666666667,-0.04041627426711457
9.242424242424242,71.86868686868686,0.01767344261204573
9.242424242424242,72.07070707070707,0.10600486102570256
9.242424242424242,72.27272727272727,0.1479862115630548
9.242424242424242,72.47474747474747,0.20154294526639693
9.242424242424242,72.67676767676768,0.25676048108523575
9.242424242424242,72.87878787878788,0.2953420194071104
9.242424242424242,73.08080808080808,0.2852984469340254
9.242424242424242,73.28282828282828,0.2854778658106355
9.242424242424242,73.48484848484848,0.2572572038129734
9.242424242424242,73.68686868686869,0.20249001311793935
9.242424242424242,73.88888888888889,0.12293702910180507
9.242424242424242,74.0909090909091,0.036820887738672224
9.242424242424242,74.29292929292929,-0.054767253198704485
9.242424242424242,74.4949494949495,-0.10893818309936486
9.242424242424242,74.6969696969697,-0.15385236984920236
9.242424242424242,74.8989898989899,-0.21781652836063933
9.242424242424242,75.1010101010101,-0.22122094407018225
9.242424242424242,75.3030303030303,-0.240520462313399
9.242424242424242,75.5050505050505,-0.2139646444676213
9.242424242424242,75.70707070707071,-0.17277482135469818
9.242424242424242,75.9090909090909,-0.13315210241295922
9.242424242424242,76.11111111111111,-0.05784503767309614
9.242424242424242,76.31313131313131,0.009471852321416853
9.242424242424242,76.51515151515152,0.09141689612777518
9.242424242424242,76.71717171717171,0.14759409207930282
9.242424242424242,76.91919191919192,0.1917248835678591
9.242424242424242,77.12121212121212,0.23495143905019591
9.242424242424242,77.32323232323232,0.23520275604505603
9.242424242424242,77.52525252525253,0.21112617965575847
9.242424242424242,77.72727272727272,0.1866645840529097
9.242424242424242,77.92929292929293,0.13821442337547005
9.242424242424242,78.13131313131314,0.07906918244918353
9.242424242424242,78.33333333333333,0.03997252243442024
9.242424242424242,78.53535353535354,-0.03914974076638858
9.242424242424242,78.73737373737373,-0.11075073176325713
9.242424242424242,78.93939393939394,-0.13372786798276592
9.242424242424242,79.14141414141415,-0.1767941190768281
9.242424242424242,79.34343434343434,-0.17936311024722984
9.242424242424242,79.54545454545455,-0.20031290470683916
9.242424242424242,79.74747474747474,-0.17712346266259701
9.242424242424242,79.94949494949495,-0.15637490847390434
9.242424242424242,80.15151515151516,-0.09884691363887955
9.242424242424242,80.35353535353535,-0.05803614862397664
9.242424242424242,80.55555555555556,-0.009171730519431532
9.242424242424242,80.75757575757575,0.02956786286843164
9.242424242424242,80.95959595959596,0.05356888767222075
9.242424242424242,81.16161616161617,0.1021305654717722
9.242424242424242,81.36363636363636,0.13736036989008793
9.242424242424242,81.56565656565657,0.13394731369251092
9.242424242424242,81.76767676767676,0.12699049223951764
9.242424242424242,81.96969696969697,0.10803634540048498
9.242424242424242,82.17171717171718,0.09506395552332282
9.242424242424242,82.37373737373737,0.08337857381529959
9.242424242424242,82.57575757575758,0.05993306701058732
9.242424242424242,82.77777777777777,0.02019978477806989
9.242424242424242,82.97979797979798,-0.006773837927991027
9.242424242424242,83.18181818181819,-0.04010484932056345
9.242424242424242,83.38383838383838,-0.07299453551273397
9.242424242424242,83.58585858585859,-0.11103246204912934
9.242424242424242,83.78787878787878,-0.12100774033036156
9.242424242424242,83.98989898989899,-0.1387374396466268
9.242424242424242,84.1919191919192,-0.1262466944598846
9.242424242424242,84.39393939393939,-0.1094104509406352
9.242424242424242,84.5959595959596,-0.07455030749897958
9.242424242424242,84.79797979797979,-0.07735139813482433
9.242424242424242,85.0,-0.028484925950509804
9.444444444444445,65.0,0.22429353160794943
9.444444444444445,65.20202020202021,0.15377675652406694
9.444444444444445,65.4040404040404,0.08280997919525215
9.444444444444445,65.60606060606061,0.012874602626708614
9.444444444444445,65.8080808080808,-0.03706365786089314
9.444444444444445,66.01010101010101,-0.11056842552108022
9.444444444444445,66.21212121212122,-0.16209858266293123
9.444444444444445,66.41414141414141,-0.1944029706722731
9.444444444444445,66.61616161616162,-0.24449407729328035
9.444444444444445,66.81818181818181,-0.1990955062458049
9.444444444444445,67.02020202020202,-0.13498320899885363
9.444444444444445,67.22222222222223,-0.046497890096015175
9.444444444444445,67.42424242424242,0.0659955291676543
9.444444444444445,67.62626262626263,0.1534175583021227
9.444444444444445,67.82828282828282,0.20120041114598264
9.444444444444445,68.03030303030303,0.22923576138416873
9.444444444444445,68.23232323232324,0.2703483522558378
9.444444444444445,68.43434343434343,0.32099603505415797
9.444444444444445,68.63636363636364,0.39396403491631393
9.444444444444445,68.83838383838383,0.4218915541042127
9.444444444444445,69.04040404040404,0.39267358595562185
9.444444444444445,69.24242424242425,0.34469056619450167
9.444444444444445,69.44444444444444,0.22498216407018445
9.444444444444445,69.64646464646465,0.14540677505009364
9.444444444444445,69.84848484848484,0.0779524958490317
9.444444444444445,70.05050505050505,-0.0030595960124752504
9.444444444444445,70.25252525252526,-0.048184379023841394
9.444444444444445,70.45454545454545,-0.09400840158034125
9.444444444444445,70.65656565656566,-0.1446949274653753
9.444444444444445,70.85858585858585,-0.1558852257012866
9.444444444444445,71.06060606060606,-0.15388097215561838
9.444444444444445,71.26262626262626,-0.1317210309687
9.444444444444445,71.46464646464646,-0.05587158832483885
9.444444444444445,71.66666666666667,-0.023846058287052805
9.444444444444445,71.86868686868686,0.06307699117738678
9.444444444444445,72.07070707070707,0.11565123096298474
9.444444444444445,72.27272727272727,0.1656152104281312
9.444444444444445,72.47474747474747,0.22160236425862098
9.444444444444445,72.67676767676768,0.25831799083259027
9.444444444444445,72.87878787878788,0.2799226462988872
9.444444444444445,73.08080808080808,0.29135840786232503
9.444444444444445,73.28282828282828,0.2932374244964627
9.444444444444445,73.48484848484848,0.2355949374942408
9.444444444444445,73.68686868686869,0.1784180249019468
9.444444444444445,73.88888888888889,0.127958850945833
9.444444444444445,74.0909090909091,0.050635327438983725
9.444444444444445,74.29292929292929,-0.009520104120597261
9.444444444444445,74.4949494949495,-0.09819708855012846
9.444444444444445,74.6969696969697,-0.11620770341210387
9.444444444444445,74.8989898989899,-0.17139866876240797
9.444444444444445,75.1010101010101,-0.22209994170433503
9.444444444444445,75.3030303030303,-0.22318229152077257
9.444444444444445,75.5050505050505,-0.20350264327371517
9.444444444444445,75.70707070707071,-0.17864221299690705
9.444444444444445,75.9090909090909,-0.16471241199901698
9.444444444444445,76.11111111111111,-0.09189369611894865
9.444444444444445,76.31313131313131,-0.05613173630581287
9.444444444444445,76.51515151515152,0.028196807928385383
9.444444444444445,76.71717171717171,0.10360567777662759
9.444444444444445,76.91919191919192,0.14291363851056813
9.444444444444445,77.12121212121212,0.1776004571263379
9.444444444444445,77.32323232323232,0.22325819418735124
9.444444444444445,77.52525252525253,0.22672562547295783
9.444444444444445,77.72727272727272,0.22918144652589897
9.444444444444445,77.92929292929293,0.18235557473872202
9.444444444444445,78.13131313131314,0.13322437471412138
9.444444444444445,78.33333333333333,0.05959408202634828
9.444444444444445,78.53535353535354,0.01819138381650199
9.444444444444445,78.73737373737373,-0.045301871934618
9.444444444444445,78.93939393939394,-0.11136443589016837
9.444444444444445,79.14141414141415,-0.14801972455825665
9.444444444444445,79.34343434343434,-0.18095887782125986
9.444444444444445,79.54545454545455,-0.2193145816037697
9.444444444444445,79.74747474747474,-0.22027707630800092
9.444444444444445,79.94949494949495,-0.20503903075543706
9.444444444444445,80.15151515151516,-0.18634979722461376
9.444444444444445,80.35353535353535,-0.10639757880307574
9.444444444444445,80.55555555555556,-0.07537376863891167
9.444444444444445,80.75757575757575,-0.004033879525486042
9.444444444444445,80.95959595959596,0.05597214385166434
9.444444444444445,81.16161616161617,0.10031695500580431
9.444444444444445,81.36363636363636,0.15186818772523594
9.444444444444445,81.56565656565657,0.17902656474853215
9.444444444444445,81.76767676767676,0.17671751729692248
9.444444444444445,81.96969696969697,0.18447278598907793
9.444444444444445,82.17171717171718,0.16245952783699585
9.444444444444445,82.37373737373737,0.13161182558848303
9.444444444444445,82.57575757575758,0.08149531166067524
9.444444444444445,82.77777777777777,0.05833813972307571
9.444444444444445,82.97979797979798,0.012629088312032808
9.444444444444445,83.18181818181819,-0.044350534772935137
9.444444444444445,83.38383838383838,-0.08869958618818936
9.444444444444445,83.58585858585859,-0.14402476568865386
9.444444444444445,83.78787878787878,-0.17361499060796537
9.444444444444445,83.98989898989899,-0.1863570867385715
9.444444444444445,84.1919191919192,-0.1676499819435842
9.444444444444445,84.39393939393939,-0.15343958105304992
9.444444444444445,84.5959595959596,-0.12746319466097414
9.444444444444445,84.79797979797979,-0.07760346675397371
9.444444444444445,85.0,-0.046501692591328206
9.646464646464647,65.0,0.19026831387464213
9.646464646464647,65.20202020202021,0.1267372697452003
9.646464646464647,65.4040404040404,0.06758982632879865
9.646464646464647,65.60606060606061,0.0035279673041003325
9.646464646464647,65.8080808080808,-0.05766873007073194
9.646464646464647,66.01010101010101,-0.09244411625637736
9.646464646464647,66.21212121212122,-0.14176389035515807
9.646464646464647,66.41414141414141,-0.197199933031879
9.646464646464647,66.61616161616162,-0.23409729991137182
9.646464646464647,66.81818181818181,-0.21992911142542199
9.646464646464647,67.02020202020202,-0.13618264166173152
9.646464646464647,67.22222222222223,-0.008364685341125052
9.646464646464647,67.42424242424242,0.12380812909186811
9.646464646464647,67.62626262626263,0.19938138853761775
9.646464646464647,67.82828282828282,0.2532469624686262
9.646464646464647,68.03030303030303,0.26139519842138675
9.646464646464647,68.23232323232324,0.2986536707114499
9.646464646464647,68.43434343434343,0.34858855043812575
9.646464646464647,68.63636363636364,0.3711778468592285
9.646464646464647,68.83838383838383,0.40760500768586855
9.646464646464647,69.04040404040404,0.39020597562166137
9.646464646464647,69.24242424242425,0.30528881750352066
9.646464646464647,69.44444444444444,0.190989764015001
9.646464646464647,69.64646464646465,0.08528493299395838
9.646464646464647,69.84848484848484,0.032649592876503965
9.646464646464647,70.05050505050505,-0.019030082917821756
9.646464646464647,70.25252525252526,-0.07016535552236502
9.646464646464647,70.45454545454545,-0.09434644629116291
9.646464646464647,70.65656565656566,-0.11370187945844704
9.646464646464647,70.85858585858585,-0.11867323204598523
9.646464646464647,71.06060606060606,-0.1361553651154692
9.646464646464647,71.26262626262626,-0.09367819925701104
9.646464646464647,71.46464646464646,-0.035465845419789685
9.646464646464647,71.66666666666667,0.03125482744239745
9.646464646464647,71.86868686868686,0.0898399171991661
9.646464646464647,72.07070707070707,0.14223356224281544
9.646464646464647,72.27272727272727,0.17387236633888042
9.646464646464647,72.47474747474747,0.20109003448141863
9.646464646464647,72.67676767676768,0.21256828771981373
9.646464646464647,72.87878787878788,0.23447373098968172
9.646464646464647,73.08080808080808,0.21590026466380058
9.646464646464647,73.28282828282828,0.22096395107105965
9.646464646464647,73.48484848484848,0.18947846868056256
9.646464646464647,73.68686868686869,0.1505239808607189
9.646464646464647,73.88888888888889,0.09914791457134342
9.646464646464647,74.0909090909091,0.041136870212912034
9.646464646464647,74.29292929292929,-0.004376454056950096
9.646464646464647,74.4949494949495,-0.0503110114181014
9.646464646464647,74.6969696969697,-0.11260415267176475
9.646464646464647,74.8989898989899,-0.12452352827641447
9.646464646464647,75.1010101010101,-0.1390597718227673
9.646464646464647,75.3030303030303,-0.1602942937691461
9.646464646464647,75.5050505050505,-0.17888055446104772
9.646464646464647,75.70707070707071,-0.16932606446772508
9.646464646464647,75.9090909090909,-0.15758981666391372
9.646464646464647,76.11111111111111,-0.11941051729179773
9.646464646464647,76.31313131313131,-0.06284359261880597
9.646464646464647,76.51515151515152,-0.01713360412070747
9.646464646464647,76.71717171717171,0.03484422861613325
9.646464646464647,76.91919191919192,0.08142696902067847
9.646464646464647,77.12121212121212,0.14586371941673112
9.646464646464647,77.32323232323232,0.16430946379429584
9.646464646464647,77.52525252525253,0.2079555536900064
9.646464646464647,77.72727272727272,0.2275976136350856
9.646464646464647,77.92929292929293,0.21895208533195146
9.646464646464647,78.13131313131314,0.18662025344374575
9.646464646464647,78.33333333333333,0.13457464664529095
9.646464646464647,78.53535353535354,0.07165544581481424
9.646464646464647,78.73737373737373,0.016439170444299166
9.646464646464647,78.93939393939394,-0.0631107009908832
9.646464646464647,79.14141414141415,-0.12611898821478995
9.646464646464647,79.34343434343434,-0.1748891900999172
9.646464646464647,79.54545454545455,-0.21734669384978214
9.646464646464647,79.74747474747474,-0.25994025063991444
9.646464646464647,79.94949494949495,-0.2361732155973576
9.646464646464647,80.15151515151516,-0.20974543861814796
9.646464646464647,80.35353535353535,-0.1759134930399713
9.646464646464647,80.55555555555556,-0.09408383905939913
9.646464646464647,80.75757575757575,-0.05751978326262982
9.646464646464647,80.95959595959596,0.01661050688310448
9.646464646464647,81.16161616161617,0.08470697404806275
9.646464646464647,81.36363636363636,0.14760083014685751
9.646464646464647,81.56565656565657,0.1898840232157627
9.646464646464647,81.76767676767676,0.20419130974573063
9.646464646464647,81.96969696969697,0.21624107354031263
9.646464646464647,82.17171717171718,0.2037540288574845
9.646464646464647,82.37373737373737,0.18305413153203054
9.646464646464647,82.57575757575758,0.14625314128453534
9.646464646464647,82.77777777777777,0.08265012979439502
9.646464646464647,82.97979797979798,0.0018509539538566497
9.646464646464647,83.18181818181819,-0.05773244463725512
9.646464646464647,83.38383838383838,-0.10821511068234245
9.646464646464647,83.58585858585859,-0.13452525967511594
9.646464646464647,83.78787878787878,-0.1852451964547567
9.646464646464647,83.98989898989899,-0.21107910101335722
9.646464646464647,84.1919191919192,-0.19960676951920514
9.646464646464647,84.39393939393939,-0.16799180853245385
9.646464646464647,84.5959595959596,-0.13717972234629985
9.646464646464647,84.79797979797979,-0.10657356109750968
9.646464646464647,85.0,-0.05467788431277242
9.848484848484848,65.0,0.13761855470094245
9.848484848484848,65.20202020202021,0.10443674227639341
9.848484848484848,65.4040404040404,0.04940215371936393
9.848484848484848,65.60606060606061,-0.024201887139902165
9.848484848484848,65.8080808080808,-0.06915875815681585
9.848484848484848,66.01010101010101,-0.11610378267262604
9.848484848484848,66.21212121212122,-0.11703049150839165
9.848484848484848,66.41414141414141,-0.17374501964718808
9.848484848484848,66.61616161616162,-0.180541074088415
9.848484848484848,66.81818181818181,-0.1531063666640877
9.848484848484848,67.02020202020202,-0.06786148770376192
9.848484848484848,67.22222222222223,0.02967302639413891
9.848484848484848,67.42424242424242,0.14069828862012343
9.848484848484848,67.62626262626263,0.22654182035857615
9.848484848484848,67.82828282828282,0.26939270890960554
9.848484848484848,68.03030303030303,0.2604946414627528
9.848484848484848,68.23232323232324,0.2646904489028471
9.848484848484848,68.43434343434343,0.29217717363084234
9.848484848484848,68.63636363636364,0.334394637771176
9.848484848484848,68.83838383838383,0.36785770161584397
9.848484848484848,69.04040404040404,0.3207839710810177
9.848484848484848,69.24242424242425,0.2405134058413951
9.848484848484848,69.44444444444444,0.14660119418324954
9.848484848484848,69.64646464646465,0.07416198775190413
9.848484848484848,69.84848484848484,0.015481745342747235
9.848484848484848,70.05050505050505,-0.018981633886821808
9.848484848484848,70.25252525252526,-0.025196962779165975
9.848484848484848,70.45454545454545,-0.0393554723249967
9.848484848484848,70.65656565656566,-0.07903570341937588
9.848484848484848,70.85858585858585,-0.05578022201447597
9.848484848484848,71.06060606060606,-0.04838361992439529
9.848484848484848,71.26262626262626,-0.011111592418129599
9.848484848484848,71.46464646464646,0.03590763823431377
9.848484848484848,71.66666666666667,0.07534017413290363
9.848484848484848,71.86868686868686,0.1203472640641291
9.848484848484848,72.07070707070707,0.15484624274778175
9.848484848484848,72.27272727272727,0.16735892797827753
9.848484848484848,72.47474747474747,0.1616603813905322
9.848484848484848,72.67676767676768,0.15759797892682925
9.848484848484848,72.87878787878788,0.1419452248358439
9.848484848484848,73.08080808080808,0.13853449208753826
9.848484848484848,73.28282828282828,0.15457473642080588
9.848484848484848,73.48484848484848,0.11095569220658022
9.848484848484848,73.68686868686869,0.08710787992754289
9.848484848484848,73.88888888888889,0.07926053456158061
9.848484848484848,74.0909090909091,0.04946775494116945
9.848484848484848,74.29292929292929,0.02215441387709262
9.848484848484848,74.4949494949495,0.012940001108401131
9.848484848484848,74.6969696969697,-0.018810581332947066
9.848484848484848,74.8989898989899,-0.05162192935444597
9.848484848484848,75.1010101010101,-0.07257920534105293
9.848484848484848,75.3030303030303,-0.09491498020132039
9.848484848484848,75.5050505050505,-0.10017425297637018
9.848484848484848,75.70707070707071,-0.1256453542474367
9.848484848484848,75.9090909090909,-0.1458576759527066
9.848484848484848,76.11111111111111,-0.12304175058844807
9.848484848484848,76.31313131313131,-0.12006242493791848
9.848484848484848,76.51515151515152,-0.052095388620058664
9.848484848484848,76.71717171717171,-0.04193910775446153
9.848484848484848,76.91919191919192,0.014507713586918814
9.848484848484848,77.12121212121212,0.06914595715821914
9.848484848484848,77.32323232323232,0.11180932556198585
9.848484848484848,77.52525252525253,0.15304192551362958
9.848484848484848,77.72727272727272,0.18903433156733584
9.848484848484848,77.92929292929293,0.21127671220569808
9.848484848484848,78.13131313131314,0.1945797122089929
9.848484848484848,78.33333333333333,0.17374882772781736
9.848484848484848,78.53535353535354,0.10578646433084091
9.848484848484848,78.73737373737373,0.06562790579893056
9.848484848484848,78.93939393939394,0.0016880092858927325
9.848484848484848,79.14141414141415,-0.06352480968259326
9.848484848484848,79.34343434343434,-0.11849075736044296
9.848484848484848,79.54545454545455,-0.18877949070962702
9.848484848484848,79.74747474747474,-0.22630085846722903
9.848484848484848,79.94949494949495,-0.2299929505264536
9.848484848484848,80.15151515151516,-0.24333982708378044
9.848484848484848,80.35353535353535,-0.19701453367111477
9.848484848484848,80.55555555555556,-0.14687070884448888
9.848484848484848,80.75757575757575,-0.09194743934830149
9.848484848484848,80.95959595959596,-0.001894484736545238
9.848484848484848,81.16161616161617,0.04770476155480563
9.848484848484848,81.36363636363636,0.12115751762175278
9.848484848484848,81.56565656565657,0.1761709046869951
9.848484848484848,81.76767676767676,0.2185097253817799
9.848484848484848,81.96969696969697,0.2149289056460844
9.848484848484848,82.17171717171718,0.2134507319056568
9.848484848484848,82.37373737373737,0.1824091942122255
9.848484848484848,82.57575757575758,0.13453815413399836
9.848484848484848,82.77777777777777,0.07086929624319965
9.848484848484848,82.97979797979798,0.009949481817033099
9.848484848484848,83.18181818181819,-0.03376595289808548
9.848484848484848,83.38383838383838,-0.09539148286880259
9.848484848484848,83.58585858585859,-0.12619090596743754
9.848484848484848,83.78787878787878,-0.15964843988175656
9.848484848484848,83.98989898989899,-0.18515219580723272
9.848484848484848,84.1919191919192,-0.19517642920544512
9.848484848484848,84.39393939393939,-0.16367943183220698
9.848484848484848,84.5959595959596,-0.15151353505434317
9.848484848484848,84.79797979797979,-0.11307094933921477
9.848484848484848,85.0,-0.07606022405491106
10.05050505050505,65.0,0.10046677092690258
10.05050505050505,65.20202020202021,0.07343446233393193
10.05050505050505,65.4040404040404,0.019013509580975203
10.05050505050505,65.60606060606061,-0.021376196053766804
10.05050505050505,65.8080808080808,-0.05673131413528193
10.05050505050505,66.01010101010101,-0.0527189435018276
10.05050505050505,66.21212121212122,-0.08303743422175822
10.05050505050505,66.41414141414141,-0.09258280463589774
10.05050505050505,66.61616161616162,-0.10461268089755509
10.05050505050505,66.81818181818181,-0.06786373195698142
10.05050505050505,67.02020202020202,-0.009391667039863117
10.05050505050505,67.22222222222223,0.09024286302644387
10.05050505050505,67.42424242424242,0.1892112541213126
10.05050505050505,67.62626262626263,0.2592130341201951
10.05050505050505,67.82828282828282,0.2525093140853644
10.05050505050505,68.03030303030303,0.22314031472657522
10.05050505050505,68.23232323232324,0.21421390914837707
10.05050505050505,68.43434343434343,0.22564842472756708
10.05050505050505,68.63636363636364,0.2502323190340195
10.05050505050505,68.83838383838383,0.26367235161744196
10.05050505050505,69.04040404040404,0.23055900245335484
10.05050505050505,69.24242424242425,0.17944744363303838
10.05050505050505,69.44444444444444,0.08884626365139704
10.05050505050505,69.64646464646465,0.05780111040248804
10.05050505050505,69.84848484848484,0.02497306354309259
10.05050505050505,70.05050505050505,0.011640386749171847
10.05050505050505,70.25252525252526,0.013719789469629668
10.05050505050505,70.45454545454545,0.011217370898204432
10.05050505050505,70.65656565656566,0.02386348709088699
10.05050505050505,70.85858585858585,0.04211026458965795
10.05050505050505,71.06060606060606,0.04278013789393309
10.05050505050505,71.26262626262626,0.06032666414695567
10.05050505050505,71.46464646464646,0.11127506787055867
10.05050505050505,71.66666666666667,0.13285704026751932
10.05050505050505,71.86868686868686,0.1347869672808732
10.05050505050505,72.07070707070707,0.14198299427342037
10.05050505050505,72.27272727272727,0.13035127489613946
10.05050505050505,72.47474747474747,0.1111702368430498
10.05050505050505,72.67676767676768,0.09101700431634832
10.05050505050505,72.87878787878788,0.07002965766506157
10.05050505050505,73.08080808080808,0.05031838094136229
10.05050505050505,73.28282828282828,0.03906151805921528
10.05050505050505,73.48484848484848,0.03882513589535608
10.05050505050505,73.68686868686869,0.04086505758666238
10.05050505050505,73.88888888888889,0.036290792388800536
10.05050505050505,74.0909090909091,0.05198809688179717
10.05050505050505,74.29292929292929,0.0464288177632602
10.05050505050505,74.4949494949495,0.02606701166932483
10.05050505050505,74.6969696969697,0.045887902577748316
10.05050505050505,74.8989898989899,0.04037703531347236
10.05050505050505,75.1010101010101,0.01624375396024594
10.05050505050505,75.3030303030303,-0.015606047781994103
10.05050505050505,75.5050505050505,-0.027378401902660214
10.05050505050505,75.70707070707071,-0.05661311938779134
10.05050505050505,75.9090909090909,-0.09479619840744434
10.05050505050505,76.11111111111111,-0.11806891029701122
10.05050505050505,76.31313131313131,-0.11250166145508692
10.05050505050505,76.51515151515152,-0.1072325805773109
10.05050505050505,76.71717171717171,-0.08801541003608762
10.05050505050505,76.91919191919192,-0.05235242262294643
10.05050505050505,77.12121212121212,-0.022492955944625245
10.05050505050505,77.32323232323232,0.02878229599752877
10.05050505050505,77.52525252525253,0.08361766365203557
10.05050505050505,77.72727272727272,0.11483019269846392
10.05050505050505,77.92929292929293,0.13028556140494785
10.05050505050505,78.13131313131314,0.15507705652111708
10.05050505050505,78.33333333333333,0.14469820340559972
10.05050505050505,78.53535353535354,0.13743716439724576
10.05050505050505,78.73737373737373,0.1024682355752889
10.05050505050505,78.93939393939394,0.03392496010809451
10.05050505050505,79.14141414141415,-0.00041357975212274675
10.05050505050505,79.34343434343434,-0.08066986939827284
10.05050505050505,79.54545454545455,-0.10987269944663348
10.05050505050505,79.74747474747474,-0.16852955547430246
10.05050505050505,79.94949494949495,-0.20506726499891598
10.05050505050505,80.15151515151516,-0.2088596258385503
10.05050505050505,80.35353535353535,-0.17918782921178317
10.05050505050505,80.55555555555556,-0.1537792429705339
10.05050505050505,80.75757575757575,-0.1035085474310375
10.05050505050505,80.95959595959596,-0.029951187226357145
10.05050505050505,81.16161616161617,0.006312489528930546
10.05050505050505,81.36363636363636,0.07008298335491608
10.05050505050505,81.56565656565657,0.13085223735632376
10.05050505050505,81.76767676767676,0.15250093459987854
10.05050505050505,81.96969696969697,0.14977726653874443
10.05050505050505,82.17171717171718,0.16963622156506614
10.05050505050505,82.37373737373737,0.1366751715412174
10.05050505050505,82.57575757575758,0.13435149181897987
10.05050505050505,82.77777777777777,0.07502785638599577
10.05050505050505,82.97979797979798,0.06916508731263582
10.05050505050505,83.18181818181819,0.006880164166800286
10.05050505050505,83.38383838383838,-0.06142977099037064
10.05050505050505,83.58585858585859,-0.09201600020510108
10.05050505050505,83.78787878787878,-0.11310894669627328
10.05050505050505,83.98989898989899,-0.1297782818341066
10.05050505050505,84.1919191919192,-0.13850709688382262
10.05050505050505,84.39393939393939,-0.12400824051267184
10.05050505050505,84.5959595959596,-0.12049288335916258
10.05050505050505,84.79797979797979,-0.09767583053758847
10.05050505050505,85.0,-0.0687321953532579
10.252525252525253,65.0,0.04200552156673448
10.252525252525253,65.20202020202021,0.020037311812137897
10.252525252525253,65.4040404040404,0.003726900470065822
10.252525252525253,65.60606060606061,0.0005620726634597284
10.252525252525253,65.8080808080808,-0.02574658531990899
10.252525252525253,66.01010101010101,0.00600569232207044
10.252525252525253,66.21212121212122,0.010184637143463161
10.252525252525253,66.41414141414141,0.022972825846710617
10.252525252525253,66.61616161616162,-0.008274663630596537
10.252525252525253,66.81818181818181,0.043742412849372025
10.252525252525253,67.02020202020202,0.08137772832983506
10.252525252525253,67.22222222222223,0.15814076531452975
10.252525252525253,67.42424242424242,0.2314238882516771
10.252525252525253,67.62626262626263,0.23990422033357156
10.252525252525253,67.82828282828282,0.21081364796473662
10.252525252525253,68.03030303030303,0.160315768700592
10.252525252525253,68.23232323232324,0.1195000258522058
10.252525252525253,68.43434343434343,0.12428084203531718
10.252525252525253,68.63636363636364,0.13831960012090788
10.252525252525253,68.83838383838383,0.15609103120292284
10.252525252525253,69.04040404040404,0.11382052056310382
10.252525252525253,69.24242424242425,0.09724939481846888
10.252525252525253,69.44444444444444,0.0474232711093702
10.252525252525253,69.64646464646465,0.023929723836297455
10.252525252525253,69.84848484848484,0.03681355606590923
10.252525252525253,70.05050505050505,0.04523512670589701
10.252525252525253,70.25252525252526,0.10570231715181788
10.252525252525253,70.45454545454545,0.10484504783287234
10.252525252525253,70.65656565656566,0.11671281001894336
10.252525252525253,70.85858585858585,0.11894715051255593
10.252525252525253,71.06060606060606,0.14144880383216654
10.252525252525253,71.26262626262626,0.16935743782005103
10.252525252525253,71.46464646464646,0.17756356222581227
10.252525252525253,71.66666666666667,0.17953370735665983
10.252525252525253,71.86868686868686,0.167920276503329
10.252525252525253,72.07070707070707,0.13612819217821856
10.252525252525253,72.27272727272727,0.09003530928728723
10.252525252525253,72.47474747474747,0.060559920611642934
10.252525252525253,72.67676767676768,0.019437184193207935
10.252525252525253,72.87878787878788,1.3006511264800763e-05
10.252525252525253,73.08080808080808,-0.02708317448620749
10.252525252525253,73.28282828282828,-0.020630364105765173
10.252525252525253,73.48484848484848,-0.019746659405427885
10.252525252525253,73.68686868686869,-0.022164574165688598
10.252525252525253,73.88888888888889,-0.015405228306629295
10.252525252525253,74.0909090909091,0.039710503080702425
10.252525252525253,74.29292929292929,0.06391371664285454
10.252525252525253,74.4949494949495,0.06038883712749833
10.252525252525253,74.6969696969697,0.10881134376966259
10.252525252525253,74.8989898989899,0.10839982250994465
10.252525252525253,75.1010101010101,0.10417149666521543
10.252525252525253,75.3030303030303,0.10233553319848003
10.252525252525253,75.5050505050505,0.07019957888100621
10.252525252525253,75.70707070707071,0.024310778019537838
10.252525252525253,75.9090909090909,-0.02058336992528463
10.252525252525253,76.11111111111111,-0.05973635796077266
10.252525252525253,76.31313131313131,-0.1012526329087001
10.252525252525253,76.51515151515152,-0.11535811053663889
10.252525252525253,76.71717171717171,-0.12654600773911992
10.252525252525253,76.91919191919192,-0.11014475528627589
10.252525252525253,77.12121212121212,-0.08797827363189097
10.252525252525253,77.32323232323232,-0.057746377362710974
10.252525252525253,77.52525252525253,-0.009380193721034899
10.252525252525253,77.72727272727272,0.02934856170281006
10.252525252525253,77.92929292929293,0.07728240044768042
10.252525252525253,78.13131313131314,0.08654662159546017
10.252525252525253,78.33333333333333,0.11969398566892171
10.252525252525253,78.53535353535354,0.12620655094125577
10.252525252525253,78.73737373737373,0.11091080232032792
10.252525252525253,78.93939393939394,0.0863256623276856
10.252525252525253,79.14141414141415,0.03330515133455024
10.252525252525253,79.34343434343434,0.006156463118359135
10.252525252525253,79.54545454545455,-0.03816117065580667
10.252525252525253,79.74747474747474,-0.08114919157649687
10.252525252525253,79.94949494949495,-0.10690307614335
10.252525252525253,80.15151515151516,-0.13361046559000092
10.252525252525253,80.35353535353535,-0.13489137505832904
10.252525252525253,80.55555555555556,-0.12784759268551604
10.252525252525253,80.75757575757575,-0.09986984985588035
10.252525252525253,80.95959595959596,-0.09111830629645964
10.252525252525253,81.16161616161617,-0.048268242877183676
10.252525252525253,81.36363636363636,0.013530441887263033
10.252525252525253,81.56565656565657,0.007663799977787662
10.252525252525253,81.76767676767676,0.05967324491861177
10.252525252525253,81.96969696969697,0.0930510626802567
10.252525252525253,82.17171717171718,0.0910058768256819
10.252525252525253,82.37373737373737,0.08945309851731
10.252525252525253,82.57575757575758,0.08844540038916385
10.252525252525253,82.77777777777777,0.0698226456956234
10.252525252525253,82.97979797979798,0.052497494356660984
10.252525252525253,83.18181818181819,0.018244354157004594
10.252525252525253,83.38383838383838,0.006842778476057674
10.252525252525253,83.58585858585859,-0.01702478168083292
10.252525252525253,83.78787878787878,-0.05446644607430857
10.252525252525253,83.98989898989899,-0.08319210496115949
10.252525252525253,84.1919191919192,-0.08520209474763647
10.252525252525253,84.39393939393939,-0.08615367638624986
10.252525252525253,84.5959595959596,-0.07632244034407737
10.252525252525253,84.79797979797979,-0.08190813793620223
10.252525252525253,85.0,-0.0662591125670622
10.454545454545453,65.0,-0.0301979453375594
10.454545454545453,65.20202020202021,-0.016840158773999987
10.454545454545453,65.4040404040404,-0.017308101436809255
10.454545454545453,65.60606060606061,-0.0012767083367582876
10.454545454545453,65.8080808080808,0.07630392925528437
10.454545454545453,66.01010101010101,0.08534432520915329
10.454545454545453,66.21212121212122,0.10146244776799415
10.454545454545453,66.41414141414141,0.12601487935795375
10.454545454545453,66.61616161616162,0.12162934271118994
10.454545454545453,66.81818181818181,0.14446614730923674
10.454545454545453,67.02020202020202,0.16820802449529473
10.454545454545453,67.22222222222223,0.20819088379554385
10.454545454545453,67.42424242424242,0.23044224526985738
10.454545454545453,67.62626262626263,0.19959416812732308
10.454545454545453,67.82828282828282,0.17235029749517983
10.454545454545453,68.03030303030303,0.0664146546645204
10.454545454545453,68.23232323232324,0.006909622056920615
10.454545454545453,68.43434343434343,0.004541091967992284
10.454545454545453,68.63636363636364,0.013156072699113647
10.454545454545453,68.83838383838383,0.0391332068437738
10.454545454545453,69.04040404040404,0.04400570382846036
10.454545454545453,69.24242424242425,0.029512207110370798
10.454545454545453,69.44444444444444,0.016852251099037
10.454545454545453,69.64646464646465,0.020290759160601517
10.454545454545453,69.84848484848484,0.06523717158327755
10.454545454545453,70.05050505050505,0.12229747571897837
10.454545454545453,70.25252525252526,0.14802129620544202
10.454545454545453,70.45454545454545,0.20209431637824915
10.454545454545453,70.65656565656566,0.19623831697250757
10.454545454545453,70.85858585858585,0.23584549040224073
10.454545454545453,71.06060606060606,0.2123919969897966
10.454545454545453,71.26262626262626,0.2134836786297668
10.454545454545453,71.46464646464646,0.20147677588284651
10.454545454545453,71.66666666666667,0.18690638073814392
10.454545454545453,71.86868686868686,0.18642469511111337
10.454545454545453,72.07070707070707,0.12932890638589073
10.454545454545453,72.27272727272727,0.04995353307246383
10.454545454545453,72.47474747474747,0.02268039964848286
10.454545454545453,72.67676767676768,-0.0323221941338851
10.454545454545453,72.87878787878788,-0.08502599190403107
10.454545454545453,73.08080808080808,-0.09880808347848505
10.454545454545453,73.28282828282828,-0.10312331996939464
10.454545454545453,73.48484848484848,-0.0684470253521137
10.454545454545453,73.68686868686869,-0.06955225528462322
10.454545454545453,73.88888888888889,-0.0260284138449605
10.454545454545453,74.0909090909091,0.006484655279816132
10.454545454545453,74.29292929292929,0.0365955250848258
10.454545454545453,74.4949494949495,0.11267873031605488
10.454545454545453,74.6969696969697,0.11464338851515966
10.454545454545453,74.8989898989899,0.1546021479085446
10.454545454545453,75.1010101010101,0.14563879620514525
10.454545454545453,75.3030303030303,0.15126164904865552
10.454545454545453,75.5050505050505,0.1334848708867031
10.454545454545453,75.70707070707071,0.08006844119329816
10.454545454545453,75.9090909090909,0.04370166121192344
10.454545454545453,76.11111111111111,-0.01796406895097493
10.454545454545453,76.31313131313131,-0.05224045215183623
10.454545454545453,76.51515151515152,-0.08883694115125577
10.454545454545453,76.71717171717171,-0.13453095703271523
10.454545454545453,76.91919191919192,-0.14113985476029833
10.454545454545453,77.12121212121212,-0.1397140791636857
10.454545454545453,77.32323232323232,-0.12058206756844281
10.454545454545453,77.52525252525253,-0.09822690667381609
10.454545454545453,77.72727272727272,-0.05798609317343296
10.454545454545453,77.92929292929293,-0.019325641372811442
10.454545454545453,78.13131313131314,0.026107662010127878
10.454545454545453,78.33333333333333,0.07423222890124034
10.454545454545453,78.53535353535354,0.0952455406456186
10.454545454545453,78.73737373737373,0.1117933312978667
10.454545454545453,78.93939393939394,0.11441641029290146
10.454545454545453,79.14141414141415,0.09446160585505214
10.454545454545453,79.34343434343434,0.0770553895495749
10.454545454545453,79.54545454545455,0.03407897579380837
10.454545454545453,79.74747474747474,0.02582844467076139
10.454545454545453,79.94949494949495,-0.04621313511860613
10.454545454545453,80.15151515151516,-0.04775493119930226
10.454545454545453,80.35353535353535,-0.058270589470549805
10.454545454545453,80.55555555555556,-0.09849662488586046
10.454545454545453,80.75757575757575,-0.08815701994565849
10.454545454545453,80.95959595959596,-0.09951940533790134
10.454545454545453,81.16161616161617,-0.09142634522896595
10.454545454545453,81.36363636363636,-0.06819070319393539
10.454545454545453,81.56565656565657,-0.060700051842252585
10.454545454545453,81.76767676767676,-0.06413720134354461
10.454545454545453,81.96969696969697,-0.03236331505377744
10.454545454545453,82.17171717171718,0.009031290471379985
10.454545454545453,82.37373737373737,0.024851166554544793
10.454545454545453,82.57575757575758,0.05638154358221786
10.454545454545453,82.77777777777777,0.0693163045084263
10.454545454545453,82.97979797979798,0.0552292040538648
10.454545454545453,83.18181818181819,0.08155553319369949
10.454545454545453,83.38383838383838,0.04817035931432965
10.454545454545453,83.58585858585859,0.026452813536210193
10.454545454545453,83.78787878787878,0.01680950027579797
10.454545454545453,83.98989898989899,-0.013238192503673566
10.454545454545453,84.1919191919192,0.010429090293952168
10.454545454545453,84.39393939393939,-0.004615025536432022
10.454545454545453,84.5959595959596,-0.043016342300812166
10.454545454545453,84.79797979797979,-0.04315591408610653
10.454545454545453,85.0,-0.04436597407936791
10.656565656565657,65.0,-0.10439771257984873
10.656565656565657,65.20202020202021,-0.07790171721285613
10.656565656565657,65.4040404040404,-0.01748882097334342
10.656565656565657,65.60606060606061,0.03463930227270221
10.656565656565657,65.8080808080808,0.09243255640982441
10.656565656565657,66.01010101010101,0.1550843354631963
10.656565656565657,66.21212121212122,0.21094041810916442
10.656565656565657,66.41414141414141,0.21703469861476005
10.656565656565657,66.61616161616162,0.2278020186035501
10.656565656565657,66.81818181818181,0.23457747914318147
10.656565656565657,67.02020202020202,0.2397910493765141
10.656565656565657,67.22222222222223,0.23607484022172895
10.656565656565657,67.42424242424242,0.23155403112887996
10.656565656565657,67.62626262626263,0.18483269616255404
10.656565656565657,67.82828282828282,0.07868382525525644
10.656565656565657,68.03030303030303,0.0033708192737882843
10.656565656565657,68.23232323232324,-0.06624217323895411
10.656565656565657,68.43434343434343,-0.11074238414189605
10.656565656565657,68.63636363636364,-0.08607099194529341
10.656565656565657,68.83838383838383,-0.055306473105502386
10.656565656565657,69.04040404040404,-0.050219924546594144
10.656565656565657,69.24242424242425,-0.02988973033521539
10.656565656565657,69.44444444444444,-0.012015476081340435
10.656565656565657,69.64646464646465,0.017933268909652904
10.656565656565657,69.84848484848484,0.10611777350963084
10.656565656565657,70.05050505050505,0.16504439826481165
10.656565656565657,70.25252525252526,0.24607401705894347
10.656565656565657,70.45454545454545,0.26551678718164595
10.656565656565657,70.65656565656566,0.28132062072362535
10.656565656565657,70.85858585858585,0.290449795793608
10.656565656565657,71.06060606060606,0.2675382544373852
10.656565656565657,71.26262626262626,0.23441219302640315
10.656565656565657,71.46464646464646,0.21354792708944362
10.656565656565657,71.66666666666667,0.18759348487329208
10.656565656565657,71.86868686868686,0.15451203713216247
10.656565656565657,72.07070707070707,0.09737917835546561
10.656565656565657,72.27272727272727,0.019190721591866425
10.656565656565657,72.47474747474747,-0.050772369627948524
10.656565656565657,72.67676767676768,-0.09303581721302742
10.656565656565657,72.87878787878788,-0.13595350096055273
10.656565656565657,73.08080808080808,-0.12841304299149764
10.656565656565657,73.28282828282828,-0.14387843309004836
10.656565656565657,73.48484848484848,-0.10301769031656821
10.656565656565657,73.68686868686869,-0.09812607548541409
10.656565656565657,73.88888888888889,-0.060913579897538685
10.656565656565657,74.0909090909091,-0.011919795549918184
10.656565656565657,74.29292929292929,0.05733499944530361
10.656565656565657,74.4949494949495,0.10954973792674598
10.656565656565657,74.6969696969697,0.12803152092282588
10.656565656565657,74.8989898989899,0.16698858292244598
10.656565656565657,75.1010101010101,0.18127376080594762
10.656565656565657,75.3030303030303,0.17742284286026042
10.656565656565657,75.5050505050505,0.1854843663626415
10.656565656565657,75.70707070707071,0.1455799573561446
10.656565656565657,75.9090909090909,0.09504605213012086
10.656565656565657,76.11111111111111,0.024866367177786092
10.656565656565657,76.31313131313131,-0.0019966188361710546
10.656565656565657,76.51515151515152,-0.07643560293893828
10.656565656565657,76.71717171717171,-0.11146024864202485
10.656565656565657,76.91919191919192,-0.16686857560442103
10.656565656565657,77.12121212121212,-0.177095900976321
10.656565656565657,77.32323232323232,-0.1793543294003089
10.656565656565657,77.52525252525253,-0.16866946015170334
10.656565656565657,77.72727272727272,-0.14392572291322703
10.656565656565657,77.92929292929293,-0.10180031273681953
10.656565656565657,78.13131313131314,-0.0721023915284205
10.656565656565657,78.33333333333333,-0.0104513144455114
10.656565656565657,78.53535353535354,0.0353175851593474
10.656565656565657,78.73737373737373,0.07734743322837499
10.656565656565657,78.93939393939394,0.10721366150022346
10.656565656565657,79.14141414141415,0.11353323537534214
10.656565656565657,79.34343434343434,0.1206704069829636
10.656565656565657,79.54545454545455,0.10755664731512196
10.656565656565657,79.74747474747474,0.12254935150228516
10.656565656565657,79.94949494949495,0.09708949072530611
10.656565656565657,80.15151515151516,0.06367070286024719
10.656565656565657,80.35353535353535,0.020266308835798514
10.656565656565657,80.55555555555556,-0.042893816665785886
10.656565656565657,80.75757575757575,-0.0686574768897685
10.656565656565657,80.95959595959596,-0.08996524688839158
10.656565656565657,81.16161616161617,-0.11824813648151378
10.656565656565657,81.36363636363636,-0.14161940969422185
10.656565656565657,81.56565656565657,-0.14427324377985848
10.656565656565657,81.76767676767676,-0.14321943789433353
10.656565656565657,81.96969696969697,-0.12418000691795444
10.656565656565657,82.17171717171718,-0.10230095185505954
10.656565656565657,82.37373737373737,-0.04852217010169893
10.656565656565657,82.57575757575758,-0.021554953797778772
10.656565656565657,82.77777777777777,0.008979049996950898
10.656565656565657,82.97979797979798,0.047737318997864354
10.656565656565657,83.18181818181819,0.07559086548241234
10.656565656565657,83.38383838383838,0.10257761034971477
10.656565656565657,83.58585858585859,0.09702184045043484
10.656565656565657,83.78787878787878,0.09290336502795252
10.656565656565657,83.98989898989899,0.07235500910619438
10.656565656565657,84.1919191919192,0.07559032199796326
10.656565656565657,84.39393939393939,0.03850359058095484
10.656565656565657,84.5959595959596,0.019165208427587142
10.656565656565657,84.79797979797979,0.01132992707673873
10.656565656565657,85.0,-0.019432576149090577
10.858585858585858,65.0,-0.14996825598244384
10.858585858585858,65.20202020202021,-0.09642198306676455
10.858585858585858,65.4040404040404,-0.010717572560588303
10.858585858585858,65.60606060606061,0.054125432891225525
10.858585858585858,65.8080808080808,0.15071265224015332
10.858585858585858,66.01010101010101,0.21594032381001801
10.858585858585858,66.21212121212122,0.27078601851671763
10.858585858585858,66.41414141414141,0.2895502294163414
10.858585858585858,66.61616161616162,0.31640190969038245
10.858585858585858,66.81818181818181,0.31549888212186983
10.858585858585858,67.02020202020202,0.2689562086611223
10.858585858585858,67.22222222222223,0.25501529581167487
10.858585858585858,67.42424242424242,0.21186589668340705
10.858585858585858,67.62626262626263,0.13233658025795778
10.858585858585858,67.82828282828282,0.01916114379286093
10.858585858585858,68.03030303030303,-0.09446583202967972
10.858585858585858,68.23232323232324,-0.17328762837152067
10.858585858585858,68.43434343434343,-0.18310063624709783
10.858585858585858,68.63636363636364,-0.17302695695642173
10.858585858585858,68.83838383838383,-0.15610913959484435
10.858585858585858,69.04040404040404,-0.09033070846747641
10.858585858585858,69.24242424242425,-0.0613111206060178
10.858585858585858,69.44444444444444,-0.0013523375924306864
10.858585858585858,69.64646464646465,0.05726278255177652
10.858585858585858,69.84848484848484,0.12408228569682743
10.858585858585858,70.05050505050505,0.20107112369363636
10.858585858585858,70.25252525252526,0.28045889221009684
10.858585858585858,70.45454545454545,0.3143073023613091
10.858585858585858,70.65656565656566,0.33193523091540034
10.858585858585858,70.85858585858585,0.30270664217719684
10.858585858585858,71.06060606060606,0.2847794348539485
10.858585858585858,71.26262626262626,0.2294893689304441
10.858585858585858,71.46464646464646,0.22147322308496536
10.858585858585858,71.66666666666667,0.1830819745443028
10.858585858585858,71.86868686868686,0.10860783762171788
10.858585858585858,72.07070707070707,0.08154953013364738
10.858585858585858,72.27272727272727,-0.00022554749566307708
10.858585858585858,72.47474747474747,-0.06567801204781415
10.858585858585858,72.67676767676768,-0.13389591731495842
10.858585858585858,72.87878787878788,-0.1466582703221435
10.858585858585858,73.08080808080808,-0.18095036102520362
10.858585858585858,73.28282828282828,-0.1483489186482667
10.858585858585858,73.48484848484848,-0.1197386909784405
10.858585858585858,73.68686868686869,-0.099619035536498
10.858585858585858,73.88888888888889,-0.028427104690825565
10.858585858585858,74.0909090909091,-0.003697958243215629
10.858585858585858,74.29292929292929,0.04322553674191175
10.858585858585858,74.4949494949495,0.0650876080820693
10.858585858585858,74.6969696969697,0.1448644658464166
10.858585858585858,74.8989898989899,0.15014672109385613
10.858585858585858,75.1010101010101,0.20074888555297615
10.858585858585858,75.3030303030303,0.19302964271089257
10.858585858585858,75.5050505050505,0.19132154232009863
10.858585858585858,75.70707070707071,0.18228920213222052
10.858585858585858,75.9090909090909,0.1461153647139717
10.858585858585858,76.11111111111111,0.07301856722793643
10.858585858585858,76.31313131313131,0.040079443689373814
10.858585858585858,76.51515151515152,-0.018683274996461805
10.858585858585858,76.71717171717171,-0.09523345751162976
10.858585858585858,76.91919191919192,-0.1219389793543948
10.858585858585858,77.12121212121212,-0.19557434216012204
10.858585858585858,77.32323232323232,-0.2160652268216646
10.858585858585858,77.52525252525253,-0.2153373248936288
10.858585858585858,77.72727272727272,-0.21895436853411737
10.858585858585858,77.92929292929293,-0.17961055349872498
10.858585858585858,78.13131313131314,-0.13694183268096846
10.858585858585858,78.33333333333333,-0.08816769220888587
10.858585858585858,78.53535353535354,-0.019344767795410583
10.858585858585858,78.73737373737373,0.029616943667424192
10.858585858585858,78.93939393939394,0.09007743053398158
10.858585858585858,79.14141414141415,0.14722671503284226
10.858585858585858,79.34343434343434,0.18028633465972638
10.858585858585858,79.54545454545455,0.20212714852884409
10.858585858585858,79.74747474747474,0.18691015860422638
10.858585858585858,79.94949494949495,0.18864092648402567
10.858585858585858,80.15151515151516,0.14187865904276586
10.858585858585858,80.35353535353535,0.09134764153843174
10.858585858585858,80.55555555555556,0.048110689041114436
10.858585858585858,80.75757575757575,-0.01991659187546524
10.858585858585858,80.95959595959596,-0.06322809226382986
10.858585858585858,81.16161616161617,-0.11958655942305561
10.858585858585858,81.36363636363636,-0.19413256646609153
10.858585858585858,81.56565656565657,-0.21532532424958217
10.858585858585858,81.76767676767676,-0.2331806091313208
10.858585858585858,81.96969696969697,-0.21243620624046236
10.858585858585858,82.17171717171718,-0.17193987484846748
10.858585858585858,82.37373737373737,-0.131868527687078
10.858585858585858,82.57575757575758,-0.07901798824650978
10.858585858585858,82.77777777777777,-0.0013368234838809535
10.858585858585858,82.97979797979798,0.017460492453512205
10.858585858585858,83.18181818181819,0.09873625484506145
10.858585858585858,83.38383838383838,0.11483392327305471
10.858585858585858,83.58585858585859,0.14042134787263016
10.858585858585858,83.78787878787878,0.1439510169450456
10.858585858585858,83.98989898989899,0.16027221766893207
10.858585858585858,84.1919191919192,0.11655903197701711
10.858585858585858,84.39393939393939,0.1032758272134425
10.858585858585858,84.5959595959596,0.07650495308505212
10.858585858585858,84.79797979797979,0.021002996212476525
10.858585858585858,85.0,-0.005637795050955786
11.06060606060606,65.0,-0.14271685294765007
11.06060606060606,65.20202020202021,-0.08338329186079083
11.06060606060606,65.4040404040404,-0.0016019030602398444
11.06060606060606,65.60606060606061,0.09012104121429888
11.06060606060606,65.8080808080808,0.18546965172510887
11.06060606060606,66.01010101010101,0.2506647875778194
11.06060606060606,66.21212121212122,0.3193586696235168
11.06060606060606,66.41414141414141,0.32389124471371045
11.06060606060606,66.61616161616162,0.31727367891205055
11.06060606060606,66.81818181818181,0.3253017724889454
11.06060606060606,67.02020202020202,0.26731922200880887
11.06060606060606,67.22222222222223,0.22139749088823343
11.06060606060606,67.42424242424242,0.1592317789768226
11.06060606060606,67.62626262626263,0.09989580394371715
11.06060606060606,67.82828282828282,-0.026236318330112293
11.06060606060606,68.03030303030303,-0.13562237600456342
11.06060606060606,68.23232323232324,-0.20956309316301147
11.06060606060606,68.43434343434343,-0.21841261944162652
11.06060606060606,68.63636363636364,-0.2045040188208466
11.06060606060606,68.83838383838383,-0.13200766532964425
11.06060606060606,69.04040404040404,-0.10509526675161862
11.06060606060606,69.24242424242425,-0.046293726075685424
11.06060606060606,69.44444444444444,0.01179265370407462
11.06060606060606,69.64646464646465,0.08164410016048283
11.06060606060606,69.84848484848484,0.1650810272610562
11.06060606060606,70.05050505050505,0.25659508533823255
11.06060606060606,70.25252525252526,0.31615479611599395
11.06060606060606,70.45454545454545,0.3284602851878325
11.06060606060606,70.65656565656566,0.32552837824657443
11.06060606060606,70.85858585858585,0.3032610603101579
11.06060606060606,71.06060606060606,0.2707059881966459
11.06060606060606,71.26262626262626,0.22093413891735106
11.06060606060606,71.46464646464646,0.1991066341552258
11.06060606060606,71.66666666666667,0.14193255779533787
11.06060606060606,71.86868686868686,0.11382124975370862
11.06060606060606,72.07070707070707,0.06510170055463452
11.06060606060606,72.27272727272727,-0.022146341606518672
11.06060606060606,72.47474747474747,-0.08179060161362797
11.06060606060606,72.67676767676768,-0.10944376030388188
11.06060606060606,72.87878787878788,-0.16400779705364113
11.06060606060606,73.08080808080808,-0.17084462956383822
11.06060606060606,73.28282828282828,-0.12492628399393521
11.06060606060606,73.48484848484848,-0.09757773929425144
11.06060606060606,73.68686868686869,-0.06891495399812611
11.06060606060606,73.88888888888889,-0.03790765868489242
11.06060606060606,74.0909090909091,-0.008988456022852557
11.06060606060606,74.29292929292929,0.029548787257827742
11.06060606060606,74.4949494949495,0.07517770242477996
11.06060606060606,74.6969696969697,0.09680286120047155
11.06060606060606,74.8989898989899,0.15117418573211838
11.06060606060606,75.1010101010101,0.1507719896437321
11.06060606060606,75.3030303030303,0.17984585071406245
11.06060606060606,75.5050505050505,0.18307155378953288
11.06060606060606,75.70707070707071,0.1674106686100908
11.06060606060606,75.9090909090909,0.15281417300401934
11.06060606060606,76.11111111111111,0.12112007773347695
11.06060606060606,76.31313131313131,0.07475305573633766
11.06060606060606,76.51515151515152,0.03708543777830232
11.06060606060606,76.71717171717171,-0.038412549311775714
11.06060606060606,76.91919191919192,-0.09151592096749128
11.06060606060606,77.12121212121212,-0.15885387457933986
11.06060606060606,77.32323232323232,-0.188885993874788
11.06060606060606,77.52525252525253,-0.21089895141000523
11.06060606060606,77.72727272727272,-0.23770130376956355
11.06060606060606,77.92929292929293,-0.2391878780208598
11.06060606060606,78.13131313131314,-0.20120112389727723
11.06060606060606,78.33333333333333,-0.143229054435608
11.06060606060606,78.53535353535354,-0.07996425784400611
11.06060606060606,78.73737373737373,-0.008817495522331653
11.06060606060606,78.93939393939394,0.05968883921044611
11.06060606060606,79.14141414141415,0.12289158328438972
11.06060606060606,79.34343434343434,0.17524428636449677
11.06060606060606,79.54545454545455,0.2290050709483285
11.06060606060606,79.74747474747474,0.2656136388318328
11.06060606060606,79.94949494949495,0.25483379062217215
11.06060606060606,80.15151515151516,0.2237743768540876
11.06060606060606,80.35353535353535,0.1825109483335941
11.06060606060606,80.55555555555556,0.10735754693260477
11.06060606060606,80.75757575757575,0.034920224088336865
11.06060606060606,80.95959595959596,-0.04366163832589926
11.06060606060606,81.16161616161617,-0.11312234783144542
11.06060606060606,81.36363636363636,-0.1837333320465598
11.06060606060606,81.56565656565657,-0.2182733919208093
11.06060606060606,81.76767676767676,-0.2617752490007334
11.06060606060606,81.96969696969697,-0.26422444483823576
11.06060606060606,82.17171717171718,-0.210018978575625
11.06060606060606,82.37373737373737,-0.1865137132725788
11.06060606060606,82.57575757575758,-0.11927671613213812
11.06060606060606,82.77777777777777,-0.048631526287577144
11.06060606060606,82.97979797979798,0.0027100681414426245
11.06060606060606,83.18181818181819,0.08712821677448196
11.06060606060606,83.38383838383838,0.13049577850210822
11.06060606060606,83.58585858585859,0.17442236922606108
11.06060606060606,83.78787878787878,0.17074643762223424
11.06060606060606,83.98989898989899,0.18171461322392693
11.06060606060606,84.1919191919192,0.17024401050443236
11.06060606060606,84.39393939393939,0.14946343212864663
11.06060606060606,84.5959595959596,0.10000649345332224
11.06060606060606,84.79797979797979,0.07786633056341988
11.06060606060606,85.0,0.022449330936699177
11.262626262626263,65.0,-0.10997091543559402
11.262626262626263,65.20202020202021,-0.06764616536078143
11.262626262626263,65.4040404040404,0.014182843729605762
11.262626262626263,65.60606060606061,0.12335336545667232
11.262626262626263,65.8080808080808,0.1881497063494609
11.262626262626263,66.01010101010101,0.25068484829575083
11.262626262626263,66.21212121212122,0.3196575467123005
11.262626262626263,66.41414141414141,0.32809437491839155
11.262626262626263,66.61616161616162,0.32219751852256623
11.262626262626263,66.81818181818181,0.2801862420300375
11.262626262626263,67.02020202020202,0.26822168825352627
11.262626262626263,67.22222222222223,0.18904773124913488
11.262626262626263,67.42424242424242,0.15191321878606878
11.262626262626263,67.62626262626263,0.05012557123884635
11.262626262626263,67.82828282828282,-0.06737598936203427
11.262626262626263,68.03030303030303,-0.14217967711275364
11.262626262626263,68.23232323232324,-0.2053185564487718
11.262626262626263,68.43434343434343,-0.22971636965805442
11.262626262626263,68.63636363636364,-0.19636796404759896
11.262626262626263,68.83838383838383,-0.1355405885679173
11.262626262626263,69.04040404040404,-0.07808082867601807
11.262626262626263,69.24242424242425,-0.05217346010240419
11.262626262626263,69.44444444444444,0.04598048832471319
11.262626262626263,69.64646464646465,0.1061700820070254
11.262626262626263,69.84848484848484,0.1783807172934395
11.262626262626263,70.05050505050505,0.2705809188053683
11.262626262626263,70.25252525252526,0.3036540874462163
11.262626262626263,70.45454545454545,0.3239958897921931
11.262626262626263,70.65656565656566,0.2922433832321128
11.262626262626263,70.85858585858585,0.24451344116844273
11.262626262626263,71.06060606060606,0.1969820733652898
11.262626262626263,71.26262626262626,0.16736951293613622
11.262626262626263,71.46464646464646,0.13490484809477357
11.262626262626263,71.66666666666667,0.11130543380168981
11.262626262626263,71.86868686868686,0.09882917039668561
11.262626262626263,72.07070707070707,0.04906253572281419
11.262626262626263,72.27272727272727,-0.003535280775350066
11.262626262626263,72.47474747474747,-0.04788682048952657
11.262626262626263,72.67676767676768,-0.10180545953952459
11.262626262626263,72.87878787878788,-0.12085352170823893
11.262626262626263,73.08080808080808,-0.12494290935816861
11.262626262626263,73.28282828282828,-0.09520052151233613
11.262626262626263,73.48484848484848,-0.06706135524932144
11.262626262626263,73.68686868686869,-0.03146756089099757
11.262626262626263,73.88888888888889,-0.021355325514989608
11.262626262626263,74.0909090909091,-0.0021157201022594455
11.262626262626263,74.29292929292929,0.0246694371208395
11.262626262626263,74.4949494949495,0.03507486299312314
11.262626262626263,74.6969696969697,0.04452361078881682
11.262626262626263,74.8989898989899,0.09296160391740568
11.262626262626263,75.1010101010101,0.09116352315935258
11.262626262626263,75.3030303030303,0.14124132297221842
11.262626262626263,75.5050505050505,0.13820228185053693
11.262626262626263,75.70707070707071,0.1756798702148774
11.262626262626263,75.9090909090909,0.13386481803923023
11.262626262626263,76.11111111111111,0.140015372252143
11.262626262626263,76.31313131313131,0.09529892222290672
11.262626262626263,76.51515151515152,0.05021002511675727
11.262626262626263,76.71717171717171,0.004601618064520494
11.262626262626263,76.91919191919192,-0.04914243850220862
11.262626262626263,77.12121212121212,-0.12508090716171175
11.262626262626263,77.32323232323232,-0.17958770007623315
11.262626262626263,77.52525252525253,-0.20710219126053273
11.262626262626263,77.72727272727272,-0.2537161906788585
11.262626262626263,77.92929292929293,-0.24393628646411125
11.262626262626263,78.13131313131314,-0.18804330953665585
11.262626262626263,78.33333333333333,-0.1895777323290995
11.262626262626263,78.53535353535354,-0.11401154542016426
11.262626262626263,78.73737373737373,-0.06499455964534742
11.262626262626263,78.93939393939394,0.019449937728432905
11.262626262626263,79.14141414141415,0.09587646460032612
11.262626262626263,79.34343434343434,0.1701532116917544
11.262626262626263,79.54545454545455,0.2127820251732298
11.262626262626263,79.74747474747474,0.26948726502989484
11.262626262626263,79.94949494949495,0.25334880923054315
11.262626262626263,80.15151515151516,0.2462870067027227
11.262626262626263,80.35353535353535,0.20920211097645985
11.262626262626263,80.55555555555556,0.1405038955577483
11.262626262626263,80.75757575757575,0.0801711914817041
11.262626262626263,80.95959595959596,0.0066560692573513856
11.262626262626263,81.16161616161617,-0.08081006580174271
11.262626262626263,81.36363636363636,-0.12880343126341642
11.262626262626263,81.56565656565657,-0.22342023908220943
11.262626262626263,81.76767676767676,-0.24146066653221337
11.262626262626263,81.96969696969697,-0.25510094904770125
11.262626262626263,82.17171717171718,-0.2473336052312139
11.262626262626263,82.37373737373737,-0.21701050302322702
11.262626262626263,82.57575757575758,-0.1609743271444514
11.262626262626263,82.77777777777777,-0.0936924327250251
11.262626262626263,82.97979797979798,-0.03820849023878253
11.262626262626263,83.18181818181819,0.03525093134848585
11.262626262626263,83.38383838383838,0.08802330844011874
11.262626262626263,83.58585858585859,0.1609260850322985
11.262626262626263,83.78787878787878,0.18241735834221287
11.262626262626263,83.98989898989899,0.19682127774985406
11.262626262626263,84.1919191919192,0.19291772702923182
11.262626262626263,84.39393939393939,0.17360662789181858
11.262626262626263,84.5959595959596,0.1602025797674918
11.262626262626263,84.79797979797979,0.10475190539409775
11.262626262626263,85.0,0.0719541628882894
11.464646464646464,65.0,-0.04928419940317987
11.464646464646464,65.20202020202021,-0.013628094300250745
11.464646464646464,65.4040404040404,0.09347623164321092
11.464646464646464,65.60606060606061,0.12597528597682894
11.464646464646464,65.8080808080808,0.18527124954506832
11.464646464646464,66.01010101010101,0.244284311095352
11.464646464646464,66.21212121212122,0.27148105978922027
11.464646464646464,66.41414141414141,0.2694782427541893
11.464646464646464,66.61616161616162,0.25276763434084004
11.464646464646464,66.81818181818181,0.2026646436410081
11.464646464646464,67.02020202020202,0.17332151418013686
11.464646464646464,67.22222222222223,0.14368513866158483
11.464646464646464,67.42424242424242,0.09413039415697683
11.464646464646464,67.62626262626263,0.03688267897613746
11.464646464646464,67.82828282828282,-0.05364310196788531
11.464646464646464,68.03030303030303,-0.1365498519977395
11.464646464646464,68.23232323232324,-0.15212459604353057
11.464646464646464,68.43434343434343,-0.1464918614759916
11.464646464646464,68.63636363636364,-0.11645986654500279
11.464646464646464,68.83838383838383,-0.07813146203537093
11.464646464646464,69.04040404040404,-0.01816355427116756
11.464646464646464,69.24242424242425,0.052337273056535516
11.464646464646464,69.44444444444444,0.07215884675549547
11.464646464646464,69.64646464646465,0.11971526656243389
11.464646464646464,69.84848484848484,0.1896622482754179
11.464646464646464,70.05050505050505,0.250819882451627
11.464646464646464,70.25252525252526,0.2507441211415273
11.464646464646464,70.45454545454545,0.25852194448796384
11.464646464646464,70.65656565656566,0.22379955489024073
11.464646464646464,70.85858585858585,0.1862008694637215
11.464646464646464,71.06060606060606,0.1403060057276905
11.464646464646464,71.26262626262626,0.11041325845869492
11.464646464646464,71.46464646464646,0.07392363107402597
11.464646464646464,71.66666666666667,0.10668656335119708
11.464646464646464,71.86868686868686,0.09857858924275525
11.464646464646464,72.07070707070707,0.06978772171604262
11.464646464646464,72.27272727272727,0.008992755429018891
11.464646464646464,72.47474747474747,-0.026753058050361548
11.464646464646464,72.67676767676768,-0.06542879461603504
11.464646464646464,72.87878787878788,-0.08896304463618339
11.464646464646464,73.08080808080808,-0.06359548973756649
11.464646464646464,73.28282828282828,-0.051940665361841276
11.464646464646464,73.48484848484848,0.0072618043580750975
11.464646464646464,73.68686868686869,0.00047340360481083234
11.464646464646464,73.88888888888889,0.026102083332240324
11.464646464646464,74.0909090909091,-0.002379377880253509
11.464646464646464,74.29292929292929,0.0022940043628631775
11.464646464646464,74.4949494949495,0.004544639663299089
11.464646464646464,74.6969696969697,-0.001635793822672713
11.464646464646464,74.8989898989899,0.017424724278981847
11.464646464646464,75.1010101010101,0.042350053637832535
11.464646464646464,75.3030303030303,0.06911544880666437
11.464646464646464,75.5050505050505,0.11515992364015532
11.464646464646464,75.70707070707071,0.11861820861159876
11.464646464646464,75.9090909090909,0.1276856127484192
11.464646464646464,76.11111111111111,0.12506566961267512
11.464646464646464,76.31313131313131,0.11142913461753326
11.464646464646464,76.51515151515152,0.07903109916254426
11.464646464646464,76.71717171717171,0.03981167321863876
11.464646464646464,76.91919191919192,-0.002839347642822441
11.464646464646464,77.12121212121212,-0.04742602347736181
11.464646464646464,77.32323232323232,-0.10219880684352076
11.464646464646464,77.52525252525253,-0.1622508441391128
11.464646464646464,77.72727272727272,-0.18419317379063868
11.464646464646464,77.92929292929293,-0.2083420105298113
11.464646464646464,78.13131313131314,-0.20233563498815635
11.464646464646464,78.33333333333333,-0.18578867870804291
11.464646464646464,78.53535353535354,-0.144513861125528
11.464646464646464,78.73737373737373,-0.07666963865367897
11.464646464646464,78.93939393939394,-0.026153398876773058
11.464646464646464,79.14141414141415,0.042584824200994874
11.464646464646464,79.34343434343434,0.09367083233712431
11.464646464646464,79.54545454545455,0.16236531666808018
11.464646464646464,79.74747474747474,0.2032732455869896
11.464646464646464,79.94949494949495,0.2165481644587972
11.464646464646464,80.15151515151516,0.22302477627244188
11.464646464646464,80.35353535353535,0.19717023814817775
11.464646464646464,80.55555555555556,0.1638590473457553
11.464646464646464,80.75757575757575,0.11106059559339004
11.464646464646464,80.95959595959596,0.034975725650093784
11.464646464646464,81.16161616161617,-0.032338962154438114
11.464646464646464,81.36363636363636,-0.10042586722075644
11.464646464646464,81.56565656565657,-0.15238969793921214
11.464646464646464,81.76767676767676,-0.20615526898740735
11.464646464646464,81.96969696969697,-0.2365239590195031
11.464646464646464,82.17171717171718,-0.22348387781100856
11.464646464646464,82.37373737373737,-0.18718219834564442
11.464646464646464,82.57575757575758,-0.15550663628477082
11.464646464646464,82.77777777777777,-0.10813180240810832
11.464646464646464,82.97979797979798,-0.04850281421837237
11.464646464646464,83.18181818181819,0.018723400388520585
11.464646464646464,83.38383838383838,0.07235734618464475
11.464646464646464,83.58585858585859,0.11630713170992374
11.464646464646464,83.78787878787878,0.15798693483282117
11.464646464646464,83.98989898989899,0.159321926061355
11.464646464646464,84.1919191919192,0.16449799851209834
11.464646464646464,84.39393939393939,0.1775460528668927
11.464646464646464,84.5959595959596,0.160917771364293
11.464646464646464,84.79797979797979,0.1286412860801303
11.464646464646464,85.0,0.10851095764929014
11.666666666666668,65.0,-0.002681314905275678
11.666666666666668,65.20202020202021,0.04720400332482658
11.666666666666668,65.4040404040404,0.08401531161418352
11.666666666666668,65.60606060606061,0.10560834874928252
11.666666666666668,65.8080808080808,0.16492641526486404
11.666666666666668,66.01010101010101,0.15715792217900093
11.666666666666668,66.21212121212122,0.17433763069390845
11.666666666666668,66.41414141414141,0.1830184612835782
11.666666666666668,66.61616161616162,0.15854736979476483
11.666666666666668,66.81818181818181,0.11112222991462353
11.666666666666668,67.02020202020202,0.10094549957750895
11.666666666666668,67.22222222222223,0.07372606444852303
11.666666666666668,67.42424242424242,0.06920028492427771
11.666666666666668,67.62626262626263,0.01562916588280694
11.666666666666668,67.82828282828282,-0.031548985216860344
11.666666666666668,68.03030303030303,-0.07444631140281933
11.666666666666668,68.23232323232324,-0.08697155818947332
11.666666666666668,68.43434343434343,-0.07293874550352654
11.666666666666668,68.63636363636364,-0.01623601693086126
11.666666666666668,68.83838383838383,0.008715582415889527
11.666666666666668,69.04040404040404,0.0464636407876544
11.666666666666668,69.24242424242425,0.08443109568634574
11.666666666666668,69.44444444444444,0.07836396348689678
11.666666666666668,69.64646464646465,0.15401484971346427
11.666666666666668,69.84848484848484,0.18024368555515266
11.666666666666668,70.05050505050505,0.20866604934763824
11.666666666666668,70.25252525252526,0.19578745007402398
11.666666666666668,70.45454545454545,0.1686057806093486
11.666666666666668,70.65656565656566,0.13359433014192246
11.666666666666668,70.85858585858585,0.10232021881632752
11.666666666666668,71.06060606060606,0.05388108765273472
11.666666666666668,71.26262626262626,0.04896034543226699
11.666666666666668,71.46464646464646,0.05244066658322009
11.666666666666668,71.66666666666667,0.07743411769807258
11.666666666666668,71.86868686868686,0.09542211325463723
11.666666666666668,72.07070707070707,0.09453420254028257
11.666666666666668,72.27272727272727,0.051416356575180934
11.666666666666668,72.47474747474747,0.0267199901207445
11.666666666666668,72.67676767676768,-0.0029095220771939998
11.666666666666668,72.87878787878788,-0.012278839221388074
11.666666666666668,73.08080808080808,-0.0030298763507906378
11.666666666666668,73.28282828282828,0.018067605258333726
11.666666666666668,73.48484848484848,0.03495599295160211
11.666666666666668,73.68686868686869,0.041232052738111806
11.666666666666668,73.88888888888889,0.024199491983145256
11.666666666666668,74.0909090909091,0.020229211722188188
11.666666666666668,74.29292929292929,-0.00934268977193431
11.666666666666668,74.4949494949495,-0.01875497405805723
11.666666666666668,74.6969696969697,-0.028125652311267634
11.666666666666668,74.8989898989899,-0.027199012158675484
11.666666666666668,75.1010101010101,-0.014071342193546374
11.666666666666668,75.3030303030303,0.002040424369978193
11.666666666666668,75.5050505050505,0.026810140965406803
11.666666666666668,75.70707070707071,0.050936293424547655
11.666666666666668,75.9090909090909,0.06376996641181407
11.666666666666668,76.11111111111111,0.1015206084356371
11.666666666666668,76.31313131313131,0.09375952690903258
11.666666666666668,76.51515151515152,0.07674188261430205
11.666666666666668,76.71717171717171,0.06309608943494105
11.666666666666668,76.91919191919192,0.033014750197295835
11.666666666666668,77.12121212121212,0.002845156719256794
11.666666666666668,77.32323232323232,-0.030518377355527912
11.666666666666668,77.52525252525253,-0.08601734138865187
11.666666666666668,77.72727272727272,-0.13885284851770813
11.666666666666668,77.92929292929293,-0.14158070402102998
11.666666666666668,78.13131313131314,-0.15261112560851522
11.666666666666668,78.33333333333333,-0.1512350115670993
11.666666666666668,78.53535353535354,-0.13892791335767785
11.666666666666668,78.73737373737373,-0.10057674019648703
11.666666666666668,78.93939393939394,-0.06090232512504867
11.666666666666668,79.14141414141415,-0.01288889236270539
11.666666666666668,79.34343434343434,0.04301243172979746
11.666666666666668,79.54545454545455,0.08217695267264478
11.666666666666668,79.74747474747474,0.11931760624732853
11.666666666666668,79.94949494949495,0.1626965262283948
11.666666666666668,80.15151515151516,0.1657790114976476
11.666666666666668,80.35353535353535,0.1667181622827165
11.666666666666668,80.55555555555556,0.15604861964211547
11.666666666666668,80.75757575757575,0.12130901531059955
11.666666666666668,80.95959595959596,0.08476498694303122
11.666666666666668,81.16161616161617,0.008373009925126604
11.666666666666668,81.36363636363636,-0.030561860861742767
11.666666666666668,81.56565656565657,-0.08883959100765859
11.666666666666668,81.76767676767676,-0.11464631026258759
11.666666666666668,81.96969696969697,-0.15148515018335051
11.666666666666668,82.17171717171718,-0.17941486624001218
11.666666666666668,82.37373737373737,-0.16539150246971981
11.666666666666668,82.57575757575758,-0.14936814126302966
11.666666666666668,82.77777777777777,-0.11703758387468664
11.666666666666668,82.97979797979798,-0.09326523254125801
11.666666666666668,83.18181818181819,-0.03432033238670757
11.666666666666668,83.38383838383838,0.0079977784864603
11.666666666666668,83.58585858585859,0.05939301818646408
11.666666666666668,83.78787878787878,0.08911370658602832
11.666666666666668,83.98989898989899,0.12115229565619845
11.666666666666668,84.1919191919192,0.1591173177015514
11.666666666666668,84.39393939393939,0.1461005945722875
11.666666666666668,84.5959595959596,0.144347866053357
11.666666666666668,84.79797979797979,0.1400178681845255
11.666666666666668,85.0,0.11016393398290644
11.868686868686869,65.0,0.08008629767496168
11.868686868686869,65.20202020202021,0.1019446071791521
11.868686868686869,65.4040404040404,0.09060808233031387
11.868686868686869,65.60606060606061,0.09379849470316191
11.868686868686869,65.8080808080808,0.11790728454643842
11.868686868686869,66.01010101010101,0.09219611067072742
11.868686868686869,66.21212121212122,0.06649280766261681
11.868686868686869,66.41414141414141,0.05888615465152514
11.868686868686869,66.61616161616162,0.03681125328681093
11.868686868686869,66.81818181818181,0.0199030035471619
11.868686868686869,67.02020202020202,-0.0021498513196987683
11.868686868686869,67.22222222222223,0.010051120887774824
11.868686868686869,67.42424242424242,-0.013651548698212702
11.868686868686869,67.62626262626263,-0.0003471824385493181
11.868686868686869,67.82828282828282,0.011189904421361514
11.868686868686869,68.03030303030303,0.015160570101334812
11.868686868686869,68.23232323232324,0.016495468925724267
11.868686868686869,68.43434343434343,0.05454618088453547
11.868686868686869,68.63636363636364,0.0759897118339098
11.868686868686869,68.83838383838383,0.10189981055464148
11.868686868686869,69.04040404040404,0.12476787463349807
11.868686868686869,69.24242424242425,0.12659760936529674
11.868686868686869,69.44444444444444,0.11315229661996702
11.868686868686869,69.64646464646465,0.12426902979177956
11.868686868686869,69.84848484848484,0.1423521799746068
11.868686868686869,70.05050505050505,0.14601166715002417
11.868686868686869,70.25252525252526,0.11809531660636982
11.868686868686869,70.45454545454545,0.09121182944758055
11.868686868686869,70.65656565656566,0.028890152327909955
11.868686868686869,70.85858585858585,-0.018416176104361935
11.868686868686869,71.06060606060606,-0.05669416633477703
11.868686868686869,71.26262626262626,-0.017777718007299638
11.868686868686869,71.46464646464646,-0.011488946734836938
11.868686868686869,71.66666666666667,0.08431194696945271
11.868686868686869,71.86868686868686,0.1327186060608862
11.868686868686869,72.07070707070707,0.1358912172771299
11.868686868686869,72.27272727272727,0.13695738667246168
11.868686868686869,72.47474747474747,0.08898742856917623
11.868686868686869,72.67676767676768,0.05767822974138288
11.868686868686869,72.87878787878788,0.04503483175560657
11.868686868686869,73.08080808080808,0.07851181134975702
11.868686868686869,73.28282828282828,0.07801099510943216
11.868686868686869,73.48484848484848,0.08928267876331084
11.868686868686869,73.68686868686869,0.0779733749421627
11.868686868686869,73.88888888888889,0.07365207031902525
11.868686868686869,74.0909090909091,0.031110086830936474
11.868686868686869,74.29292929292929,0.004957240138524454
11.868686868686869,74.4949494949495,-0.04277636529629673
11.868686868686869,74.6969696969697,-0.08511838252312623
11.868686868686869,74.8989898989899,-0.08563911250786832
11.868686868686869,75.1010101010101,-0.0894029701291763
11.868686868686869,75.3030303030303,-0.059627932514268185
11.868686868686869,75.5050505050505,-0.04240507720990526
11.868686868686869,75.70707070707071,-0.004547162391354399
11.868686868686869,75.9090909090909,0.030251936190381724
11.868686868686869,76.11111111111111,0.04695854766686965
11.868686868686869,76.31313131313131,0.0637320863091861
11.868686868686869,76.51515151515152,0.08275420707879064
11.868686868686869,76.71717171717171,0.09132040037011985
11.868686868686869,76.91919191919192,0.06600545509218138
11.868686868686869,77.12121212121212,0.06197226110916955
11.868686868686869,77.32323232323232,0.047295576442810246
11.868686868686869,77.52525252525253,0.011257758486029872
11.868686868686869,77.72727272727272,-0.022543627437141608
11.868686868686869,77.92929292929293,-0.04351400174154598
11.868686868686869,78.13131313131314,-0.06840024167569875
11.868686868686869,78.33333333333333,-0.08190938967771112
11.868686868686869,78.53535353535354,-0.11731225344477168
11.868686868686869,78.73737373737373,-0.11039080217939613
11.868686868686869,78.93939393939394,-0.07305974254072177
11.868686868686869,79.14141414141415,-0.07805709147718687
11.868686868686869,79.34343434343434,-0.032874033653488934
11.868686868686869,79.54545454545455,-0.011709279201641425
11.868686868686869,79.74747474747474,0.009960151414729739
11.868686868686869,79.94949494949495,0.04919060529431724
11.868686868686869,80.15151515151516,0.07027239131344126
11.868686868686869,80.35353535353535,0.1074811745485319
11.868686868686869,80.55555555555556,0.09181972387605353
11.868686868686869,80.75757575757575,0.11529801684776672
11.868686868686869,80.95959595959596,0.0959588072264091
11.868686868686869,81.16161616161617,0.06496959208419816
11.868686868686869,81.36363636363636,0.048126110365841385
11.868686868686869,81.56565656565657,0.00841813064844894
11.868686868686869,81.76767676767676,-0.034441771361636696
11.868686868686869,81.96969696969697,-0.06488315872433927
11.868686868686869,82.17171717171718,-0.09808170398978155
11.868686868686869,82.37373737373737,-0.11528821895619534
11.868686868686869,82.57575757575758,-0.10471545823803066
11.868686868686869,82.77777777777777,-0.11049587662299122
11.868686868686869,82.97979797979798,-0.09547968893919662
11.868686868686869,83.18181818181819,-0.06877408098249264
11.868686868686869,83.38383838383838,-0.03791857518722174
11.868686868686869,83.58585858585859,-0.01946584060497547
11.868686868686869,83.78787878787878,0.04356287795759439
11.868686868686869,83.98989898989899,0.06517989818986054
11.868686868686869,84.1919191919192,0.09020118628143667
11.868686868686869,84.39393939393939,0.1174300704531579
11.868686868686869,84.5959595959596,0.12696884701606628
11.868686868686869,84.79797979797979,0.1335933274139537
11.868686868686869,85.0,0.123424521513011
12.070707070707071,65.0,0.1544787913423012
12.070707070707071,65.20202020202021,0.14757372929165752
12.070707070707071,65.4040404040404,0.1171284707623275
12.070707070707071,65.60606060606061,0.0719144722250359
12.070707070707071,65.8080808080808,0.023517551392751333
12.070707070707071,66.01010101010101,0.013473068023422689
12.070707070707071,66.21212121212122,-0.0399562827298723
12.070707070707071,66.41414141414141,-0.07202505810141646
12.070707070707071,66.61616161616162,-0.10721244752960411
12.070707070707071,66.81818181818181,-0.09606563657830472
12.070707070707071,67.02020202020202,-0.08879183592464462
12.070707070707071,67.22222222222223,-0.07748774663537264
12.070707070707071,67.42424242424242,-0.018425784851007782
12.070707070707071,67.62626262626263,0.01363907112097331
12.070707070707071,67.82828282828282,0.08477266368721958
12.070707070707071,68.03030303030303,0.09006017278140692
12.070707070707071,68.23232323232324,0.12937901880614985
12.070707070707071,68.43434343434343,0.15972589782334054
12.070707070707071,68.63636363636364,0.2044339481086963
12.070707070707071,68.83838383838383,0.19199267754610397
12.070707070707071,69.04040404040404,0.1735402408554127
12.070707070707071,69.24242424242425,0.1629915975860944
12.070707070707071,69.44444444444444,0.11892797470442461
12.070707070707071,69.64646464646465,0.12287363550580532
12.070707070707071,69.84848484848484,0.12088290059926218
12.070707070707071,70.05050505050505,0.08696445526246306
12.070707070707071,70.25252525252526,0.04857719698769018
12.070707070707071,70.45454545454545,-0.005376855982265276
12.070707070707071,70.65656565656566,-0.05773055531443015
12.070707070707071,70.85858585858585,-0.10683775648706144
12.070707070707071,71.06060606060606,-0.12241862985160958
12.070707070707071,71.26262626262626,-0.08097500527473771
12.070707070707071,71.46464646464646,-0.024934470270159846
12.070707070707071,71.66666666666667,0.08020398421277071
12.070707070707071,71.86868686868686,0.1357688849723119
12.070707070707071,72.07070707070707,0.17724409767300398
12.070707070707071,72.27272727272727,0.14228387966858727
12.070707070707071,72.47474747474747,0.14173581409870864
12.070707070707071,72.67676767676768,0.09310986254570841
12.070707070707071,72.87878787878788,0.08970561065465431
12.070707070707071,73.08080808080808,0.08491366096796688
12.070707070707071,73.28282828282828,0.11005903993010215
12.070707070707071,73.48484848484848,0.10533488662017107
12.070707070707071,73.68686868686869,0.128239611891028
12.070707070707071,73.88888888888889,0.11717800154917342
12.070707070707071,74.0909090909091,0.060782578688907164
12.070707070707071,74.29292929292929,0.006519006782551216
12.070707070707071,74.4949494949495,-0.05348982352337085
12.070707070707071,74.6969696969697,-0.10277393595328865
12.070707070707071,74.8989898989899,-0.11388002370712763
12.070707070707071,75.1010101010101,-0.14049050363125942
12.070707070707071,75.3030303030303,-0.11737796568634133
12.070707070707071,75.5050505050505,-0.10929431973496356
12.070707070707071,75.70707070707071,-0.07286195725220454
12.070707070707071,75.9090909090909,-0.031034119976940704
12.070707070707071,76.11111111111111,-0.0013211425148676997
12.070707070707071,76.31313131313131,0.026551764499114148
12.070707070707071,76.51515151515152,0.058232934106876966
12.070707070707071,76.71717171717171,0.06250831102097619
12.070707070707071,76.91919191919192,0.09387550158372045
12.070707070707071,77.12121212121212,0.09704328445268669
12.070707070707071,77.32323232323232,0.09410993336429993
12.070707070707071,77.52525252525253,0.09563119390453242
12.070707070707071,77.72727272727272,0.06294276330683281
12.070707070707071,77.92929292929293,0.040863565153466876
12.070707070707071,78.13131313131314,-0.0034073114698225694
12.070707070707071,78.33333333333333,-0.016482316371643452
12.070707070707071,78.53535353535354,-0.053835075008128924
12.070707070707071,78.73737373737373,-0.06789182226176042
12.070707070707071,78.93939393939394,-0.09856582346957125
12.070707070707071,79.14141414141415,-0.10130224133292345
12.070707070707071,79.34343434343434,-0.1086567957366154
12.070707070707071,79.54545454545455,-0.08624473564077824
12.070707070707071,79.74747474747474,-0.08440583847068604
12.070707070707071,79.94949494949495,-0.08513313747162171
12.070707070707071,80.15151515151516,-0.04917978087025372
12.070707070707071,80.35353535353535,-0.0010828332707727498
12.070707070707071,80.55555555555556,0.025018384738752925
12.070707070707071,80.75757575757575,0.0375214792687022
12.070707070707071,80.95959595959596,0.10580609808867728
12.070707070707071,81.16161616161617,0.11245916772128936
12.070707070707071,81.36363636363636,0.1090950364837401
12.070707070707071,81.56565656565657,0.08311181785841742
12.070707070707071,81.76767676767676,0.06881358602888306
12.070707070707071,81.96969696969697,0.02726326661092878
12.070707070707071,82.17171717171718,0.004680433907513027
12.070707070707071,82.37373737373737,-0.036616544472982
12.070707070707071,82.57575757575758,-0.03865409262271627
12.070707070707071,82.77777777777777,-0.09044371035249088
12.070707070707071,82.97979797979798,-0.0755060015977753
12.070707070707071,83.18181818181819,-0.09049892003457953
12.070707070707071,83.38383838383838,-0.0881247930117925
12.070707070707071,83.58585858585859,-0.0643276003644353
12.070707070707071,83.78787878787878,-0.033996598609931455
12.070707070707071,83.98989898989899,0.001917754815928598
12.070707070707071,84.1919191919192,0.02281523527523037
12.070707070707071,84.39393939393939,0.0404200053198914
12.070707070707071,84.5959595959596,0.07418219918185219
12.070707070707071,84.79797979797979,0.10842833989267743
12.070707070707071,85.0,0.1122322075805807
12.272727272727273,65.0,0.18830019183385566
12.272727272727273,65.20202020202021,0.15224003443546053
12.272727272727273,65.4040404040404,0.1012273801218417
12.272727272727273,65.60606060606061,0.04596712297029211
12.272727272727273,65.8080808080808,-0.03281084328358884
12.272727272727273,66.01010101010101,-0.10003736809749936
12.272727272727273,66.21212121212122,-0.13424781916735137
12.272727272727273,66.41414141414141,-0.17830261364131203
12.272727272727273,66.61616161616162,-0.1991473382365659
12.272727272727273,66.81818181818181,-0.19283238902195604
12.272727272727273,67.02020202020202,-0.13267313931403188
12.272727272727273,67.22222222222223,-0.10452899673789132
12.272727272727273,67.42424242424242,-0.03506713437376033
12.272727272727273,67.62626262626263,0.02172844075695951
12.272727272727273,67.82828282828282,0.08626645884702078
12.272727272727273,68.03030303030303,0.16142834464842631
12.272727272727273,68.23232323232324,0.23914071225230882
12.272727272727273,68.43434343434343,0.2669223755534865
12.272727272727273,68.63636363636364,0.2843886575456319
12.272727272727273,68.83838383838383,0.27263105431377943
12.272727272727273,69.04040404040404,0.22217161769045063
12.272727272727273,69.24242424242425,0.19253386954221668
12.272727272727273,69.44444444444444,0.12435179141755165
12.272727272727273,69.64646464646465,0.10587397814574856
12.272727272727273,69.84848484848484,0.06366659230578986
12.272727272727273,70.05050505050505,0.0047186867648958235
12.272727272727273,70.25252525252526,-0.035128679098608534
12.272727272727273,70.45454545454545,-0.10928352531726478
12.272727272727273,70.65656565656566,-0.14338190118508304
12.272727272727273,70.85858585858585,-0.1958192307912488
12.272727272727273,71.06060606060606,-0.21461712901509364
12.272727272727273,71.26262626262626,-0.13352443430663374
12.272727272727273,71.46464646464646,-0.045678258982258996
12.272727272727273,71.66666666666667,0.05739004095285364
12.272727272727273,71.86868686868686,0.18295520075088176
12.272727272727273,72.07070707070707,0.21547821944034481
12.272727272727273,72.27272727272727,0.20733640463082997
12.272727272727273,72.47474747474747,0.1662488996598428
12.272727272727273,72.67676767676768,0.10827844371731642
12.272727272727273,72.87878787878788,0.08203883003277487
12.272727272727273,73.08080808080808,0.10755998011367637
12.272727272727273,73.28282828282828,0.10929685015074293
12.272727272727273,73.48484848484848,0.13471610188024868
12.272727272727273,73.68686868686869,0.11762386481908195
12.272727272727273,73.88888888888889,0.10230198005937839
12.272727272727273,74.0909090909091,0.0747279158673525
12.272727272727273,74.29292929292929,0.011405497312906082
12.272727272727273,74.4949494949495,-0.036870571693284046
12.272727272727273,74.6969696969697,-0.09224991573540223
12.272727272727273,74.8989898989899,-0.14070366468596016
12.272727272727273,75.1010101010101,-0.14592255121974745
12.272727272727273,75.3030303030303,-0.14987106195267047
12.272727272727273,75.5050505050505,-0.11303009528797182
12.272727272727273,75.70707070707071,-0.1040965784635903
12.272727272727273,75.9090909090909,-0.0903824547088962
12.272727272727273,76.11111111111111,-0.05861180163070707
12.272727272727273,76.31313131313131,-0.006907861517776743
12.272727272727273,76.51515151515152,0.02784214628503156
12.272727272727273,76.71717171717171,0.0800743269898144
12.272727272727273,76.91919191919192,0.07949970564419491
12.272727272727273,77.12121212121212,0.1345225134916524
12.272727272727273,77.32323232323232,0.1433164681222396
12.272727272727273,77.52525252525253,0.1737225043201086
12.272727272727273,77.72727272727272,0.16701767227413103
12.272727272727273,77.92929292929293,0.133985974646748
12.272727272727273,78.13131313131314,0.1189327006804134
12.272727272727273,78.33333333333333,0.08209280599968422
12.272727272727273,78.53535353535354,0.019457073641052577
12.272727272727273,78.73737373737373,-0.005803197593125364
12.272727272727273,78.93939393939394,-0.08049632215318873
12.272727272727273,79.14141414141415,-0.1277651281007586
12.272727272727273,79.34343434343434,-0.15278995228368694
12.272727272727273,79.54545454545455,-0.18617096246164858
12.272727272727273,79.74747474747474,-0.18473993215828424
12.272727272727273,79.94949494949495,-0.1552923742267144
12.272727272727273,80.15151515151516,-0.13599301066256633
12.272727272727273,80.35353535353535,-0.1071392241001046
12.272727272727273,80.55555555555556,-0.03236327852647551
12.272727272727273,80.75757575757575,0.01437043427881186
12.272727272727273,80.95959595959596,0.08436502333423564
12.272727272727273,81.16161616161617,0.12691505860066904
12.272727272727273,81.36363636363636,0.1628968989325123
12.272727272727273,81.56565656565657,0.16693695821010573
12.272727272727273,81.76767676767676,0.16087148255312747
12.272727272727273,81.96969696969697,0.12105920576205362
12.272727272727273,82.17171717171718,0.10330457677647967
12.272727272727273,82.37373737373737,0.07605897685837926
12.272727272727273,82.57575757575758,0.0075486911082215755
12.272727272727273,82.77777777777777,-0.009249383696553565
12.272727272727273,82.97979797979798,-0.07036477416013649
12.272727272727273,83.18181818181819,-0.10295660853618951
12.272727272727273,83.38383838383838,-0.10976783273332025
12.272727272727273,83.58585858585859,-0.11078312206973202
12.272727272727273,83.78787878787878,-0.10059181728000346
12.272727272727273,83.98989898989899,-0.09888695696511764
12.272727272727273,84.1919191919192,-0.055366017306825804
12.272727272727273,84.39393939393939,-0.032412152978892814
12.272727272727273,84.5959595959596,-0.006519565566615419
12.272727272727273,84.79797979797979,0.029011036641426118
12.272727272727273,85.0,0.054743127385239856
12.474747474747474,65.0,0.18366967686025668
12.474747474747474,65.20202020202021,0.14013895890919784
12.474747474747474,65.4040404040404,0.04959755994310146
12.474747474747474,65.60606060606061,-0.005133114514109034
12.474747474747474,65.8080808080808,-0.09449908409799634
12.474747474747474,66.01010101010101,-0.14347842820406223
12.474747474747474,66.21212121212122,-0.20902335302725458
12.474747474747474,66.41414141414141,-0.24728152334688963
12.474747474747474,66.61616161616162,-0.2398716432124781
12.474747474747474,66.81818181818181,-0.23863326159914355
12.474747474747474,67.02020202020202,-0.19303221974630586
12.474747474747474,67.22222222222223,-0.14434860658714982
12.474747474747474,67.42424242424242,-0.02835903060744926
12.474747474747474,67.62626262626263,0.06093829385494634
12.474747474747474,67.82828282828282,0.1408079806706474
12.474747474747474,68.03030303030303,0.20415783261529197
12.474747474747474,68.23232323232324,0.2937439832735458
12.474747474747474,68.43434343434343,0.3125331204767356
12.474747474747474,68.63636363636364,0.3208058512811389
12.474747474747474,68.83838383838383,0.32192580630642104
12.474747474747474,69.04040404040404,0.23908343599339485
12.474747474747474,69.24242424242425,0.1880338018437667
12.474747474747474,69.44444444444444,0.12302352872345176
12.474747474747474,69.64646464646465,0.069722664060952
12.474747474747474,69.84848484848484,0.02704523214263431
12.474747474747474,70.05050505050505,-0.014183644336140068
12.474747474747474,70.25252525252526,-0.0686971056987101
12.474747474747474,70.45454545454545,-0.13756336432931784
12.474747474747474,70.65656565656566,-0.1859131140931155
12.474747474747474,70.85858585858585,-0.2524908985591087
12.474747474747474,71.06060606060606,-0.21948888203584924
12.474747474747474,71.26262626262626,-0.15513458578627404
12.474747474747474,71.46464646464646,-0.044515723053592124
12.474747474747474,71.66666666666667,0.08763294028226051
12.474747474747474,71.86868686868686,0.18176828435322745
12.474747474747474,72.07070707070707,0.21822349191361606
12.474747474747474,72.27272727272727,0.23029357913236076
12.474747474747474,72.47474747474747,0.1729087608201263
12.474747474747474,72.67676767676768,0.11827307638803673
12.474747474747474,72.87878787878788,0.07725911439027053
12.474747474747474,73.08080808080808,0.08281823324229173
12.474747474747474,73.28282828282828,0.10477184644205467
12.474747474747474,73.48484848484848,0.1141764726451278
12.474747474747474,73.68686868686869,0.15536581649792294
12.474747474747474,73.88888888888889,0.15293485948202468
12.474747474747474,74.0909090909091,0.09196269964349649
12.474747474747474,74.29292929292929,0.021744241849243257
12.474747474747474,74.4949494949495,-0.042489791939947716
12.474747474747474,74.6969696969697,-0.10258336544136146
12.474747474747474,74.8989898989899,-0.13594102845030104
12.474747474747474,75.1010101010101,-0.15576111919839353
12.474747474747474,75.3030303030303,-0.16734200010125802
12.474747474747474,75.5050505050505,-0.13803116954683456
12.474747474747474,75.70707070707071,-0.16148858715768444
12.474747474747474,75.9090909090909,-0.12425221975370178
12.474747474747474,76.11111111111111,-0.10550789839137527
12.474747474747474,76.31313131313131,-0.04545008482406677
12.474747474747474,76.51515151515152,-0.011444732764016002
12.474747474747474,76.71717171717171,0.03479507309448338
12.474747474747474,76.91919191919192,0.08723866729936429
12.474747474747474,77.12121212121212,0.13538299784934213
12.474747474747474,77.32323232323232,0.15970194759929102
12.474747474747474,77.52525252525253,0.18751452874922034
12.474747474747474,77.72727272727272,0.18615559049453925
12.474747474747474,77.92929292929293,0.1862722555762535
12.474747474747474,78.13131313131314,0.17085966237199332
12.474747474747474,78.33333333333333,0.13223485048082936
12.474747474747474,78.53535353535354,0.055775247350048233
12.474747474747474,78.73737373737373,0.009869869912802844
12.474747474747474,78.93939393939394,-0.05396206385657537
12.474747474747474,79.14141414141415,-0.13162172250434956
12.474747474747474,79.34343434343434,-0.19738601259298477
12.474747474747474,79.54545454545455,-0.23811099871685903
12.474747474747474,79.74747474747474,-0.2579959607346709
12.474747474747474,79.94949494949495,-0.25139710584239644
12.474747474747474,80.15151515151516,-0.21219360099808682
12.474747474747474,80.35353535353535,-0.14108998435627146
12.474747474747474,80.55555555555556,-0.10801123317220947
12.474747474747474,80.75757575757575,-0.03122255570465195
12.474747474747474,80.95959595959596,0.04615589451933478
12.474747474747474,81.16161616161617,0.10771247414233599
12.474747474747474,81.36363636363636,0.1779523544978324
12.474747474747474,81.56565656565657,0.17475198061219901
12.474747474747474,81.76767676767676,0.20271266777617636
12.474747474747474,81.96969696969697,0.2058272823351598
12.474747474747474,82.17171717171718,0.1676815331599982
12.474747474747474,82.37373737373737,0.12237603694267811
12.474747474747474,82.57575757575758,0.08554244638483756
12.474747474747474,82.77777777777777,0.035099131398287214
12.474747474747474,82.97979797979798,-0.028114439705856677
12.474747474747474,83.18181818181819,-0.09025253836406211
12.474747474747474,83.38383838383838,-0.11990406375900228
12.474747474747474,83.58585858585859,-0.1562495812936498
12.474747474747474,83.78787878787878,-0.15516292737892076
12.474747474747474,83.98989898989899,-0.1404193704108489
12.474747474747474,84.1919191919192,-0.1587257489120603
12.474747474747474,84.39393939393939,-0.09846358484370013
12.474747474747474,84.5959595959596,-0.07873132121622253
12.474747474747474,84.79797979797979,0.0016907029307539935
12.474747474747474,85.0,0.00848766434616028
12.676767676767676,65.0,0.15305663053341878
12.676767676767676,65.20202020202021,0.08935882076325584
12.676767676767676,65.4040404040404,0.015014090891372544
12.676767676767676,65.60606060606061,-0.058831724034575705
12.676767676767676,65.8080808080808,-0.10565553409110293
12.676767676767676,66.01010101010101,-0.17524433907970927
12.676767676767676,66.21212121212122,-0.21268942733791735
12.676767676767676,66.41414141414141,-0.2573835248613818
12.676767676767676,66.61616161616162,-0.2560117925015699
12.676767676767676,66.81818181818181,-0.2361042555442706
12.676767676767676,67.02020202020202,-0.18489558500761838
12.676767676767676,67.22222222222223,-0.11897561911699016
12.676767676767676,67.42424242424242,-0.019999309919551636
12.676767676767676,67.62626262626263,0.06368829984439124
12.676767676767676,67.82828282828282,0.16454434774329668
12.676767676767676,68.03030303030303,0.23898401117810955
12.676767676767676,68.23232323232324,0.2979468746282792
12.676767676767676,68.43434343434343,0.342067620288943
12.676767676767676,68.63636363636364,0.3223091672068092
12.676767676767676,68.83838383838383,0.2954571714488057
12.676767676767676,69.04040404040404,0.24933769398515576
12.676767676767676,69.24242424242425,0.17227642991043413
12.676767676767676,69.44444444444444,0.10574393179968003
12.676767676767676,69.64646464646465,0.040249959115121386
12.676767676767676,69.84848484848484,0.007123466554659126
12.676767676767676,70.05050505050505,-0.0458376782199926
12.676767676767676,70.25252525252526,-0.0763966371574079
12.676767676767676,70.45454545454545,-0.14099455214986858
12.676767676767676,70.65656565656566,-0.2063098362836003
12.676767676767676,70.85858585858585,-0.23471657833482448
12.676767676767676,71.06060606060606,-0.24680651217663532
12.676767676767676,71.26262626262626,-0.14901828571593212
12.676767676767676,71.46464646464646,-0.0391763346515245
12.676767676767676,71.66666666666667,0.08462003813622448
12.676767676767676,71.86868686868686,0.19309297054495278
12.676767676767676,72.07070707070707,0.2518602263455973
12.676767676767676,72.27272727272727,0.2491490127675577
12.676767676767676,72.47474747474747,0.17572910990117638
12.676767676767676,72.67676767676768,0.10796730026207409
12.676767676767676,72.87878787878788,0.06423086804269701
12.676767676767676,73.08080808080808,0.07993188896040682
12.676767676767676,73.28282828282828,0.08781345543119409
12.676767676767676,73.48484848484848,0.12818779876638592
12.676767676767676,73.68686868686869,0.16402858743759338
12.676767676767676,73.88888888888889,0.142406670444534
12.676767676767676,74.0909090909091,0.11409871658777365
12.676767676767676,74.29292929292929,0.03510154523216351
12.676767676767676,74.4949494949495,-0.022648850081404045
12.676767676767676,74.6969696969697,-0.06318240416717466
12.676767676767676,74.8989898989899,-0.12552054582421496
12.676767676767676,75.1010101010101,-0.14240633172387074
12.676767676767676,75.3030303030303,-0.1473346491256569
12.676767676767676,75.5050505050505,-0.16330886722143195
12.676767676767676,75.70707070707071,-0.15836772239542413
12.676767676767676,75.9090909090909,-0.14706292739516022
12.676767676767676,76.11111111111111,-0.12846171661824915
12.676767676767676,76.31313131313131,-0.08107953891752359
12.676767676767676,76.51515151515152,-0.030477485920526605
12.676767676767676,76.71717171717171,0.0008147107015903689
12.676767676767676,76.91919191919192,0.06740707900824884
12.676767676767676,77.12121212121212,0.1269234932362153
12.676767676767676,77.32323232323232,0.18194517208474525
12.676767676767676,77.52525252525253,0.20898980854386856
12.676767676767676,77.72727272727272,0.2241989755847207
12.676767676767676,77.92929292929293,0.2293050046424081
12.676767676767676,78.13131313131314,0.21194204643459782
12.676767676767676,78.33333333333333,0.16031769104825336
12.676767676767676,78.53535353535354,0.11864333632832336
12.676767676767676,78.73737373737373,0.0627960486791026
12.676767676767676,78.93939393939394,-0.03382809053156089
12.676767676767676,79.14141414141415,-0.11386601425517899
12.676767676767676,79.34343434343434,-0.19346966626108858
12.676767676767676,79.54545454545455,-0.27147231393610594
12.676767676767676,79.74747474747474,-0.2790457952341388
12.676767676767676,79.94949494949495,-0.2784129964727098
12.676767676767676,80.15151515151516,-0.2625261204179985
12.676767676767676,80.35353535353535,-0.2233231160975718
12.676767676767676,80.55555555555556,-0.15757697081370206
12.676767676767676,80.75757575757575,-0.06490008277556125
12.676767676767676,80.95959595959596,0.03017778710267821
12.676767676767676,81.16161616161617,0.10446405477189029
12.676767676767676,81.36363636363636,0.14441767007959028
12.676767676767676,81.56565656565657,0.21365364893244163
12.676767676767676,81.76767676767676,0.2233708085618338
12.676767676767676,81.96969696969697,0.22757298567916795
12.676767676767676,82.17171717171718,0.21273052503209117
12.676767676767676,82.37373737373737,0.1912857654564752
12.676767676767676,82.57575757575758,0.14621137912445836
12.676767676767676,82.77777777777777,0.07674848268925324
12.676767676767676,82.97979797979798,0.011272168773732084
12.676767676767676,83.18181818181819,-0.049471687806161756
12.676767676767676,83.38383838383838,-0.10808946888140292
12.676767676767676,83.58585858585859,-0.14850521529598232
12.676767676767676,83.78787878787878,-0.20157317016342538
12.676767676767676,83.98989898989899,-0.19690834119748057
12.676767676767676,84.1919191919192,-0.1973820828781199
12.676767676767676,84.39393939393939,-0.1618913113208001
12.676767676767676,84.5959595959596,-0.12831709109489062
12.676767676767676,84.79797979797979,-0.08584878152679287
12.676767676767676,85.0,-0.05125224532648581
12.878787878787879,65.0,0.07196408719647306
12.878787878787879,65.20202020202021,0.013344844493783304
12.878787878787879,65.4040404040404,-0.024517124391131632
12.878787878787879,65.60606060606061,-0.08717435380482962
12.878787878787879,65.8080808080808,-0.14668051056114156
12.878787878787879,66.01010101010101,-0.17470299033084594
12.878787878787879,66.21212121212122,-0.2289529033069992
12.878787878787879,66.41414141414141,-0.21824424499261608
12.878787878787879,66.61616161616162,-0.2058045070378046
12.878787878787879,66.81818181818181,-0.20915558766788958
12.878787878787879,67.02020202020202,-0.1364402230029619
12.878787878787879,67.22222222222223,-0.07333380828165523
12.878787878787879,67.42424242424242,-0.021149268479633287
12.878787878787879,67.62626262626263,0.07252837411970338
12.878787878787879,67.82828282828282,0.16838243786514623
12.878787878787879,68.03030303030303,0.2425490189567864
12.878787878787879,68.23232323232324,0.274152006801131
12.878787878787879,68.43434343434343,0.2856058014176294
12.878787878787879,68.63636363636364,0.27060411743317764
12.878787878787879,68.83838383838383,0.24972501720779278
12.878787878787879,69.04040404040404,0.1985881050392221
12.878787878787879,69.24242424242425,0.110532557167594
12.878787878787879,69.44444444444444,0.04421713610210125
12.878787878787879,69.64646464646465,0.0071265437284826795
12.878787878787879,69.84848484848484,0.017951802552428443
12.878787878787879,70.05050505050505,-0.019281841593320578
12.878787878787879,70.25252525252526,-0.05466097173836928
12.878787878787879,70.45454545454545,-0.13031370189229935
12.878787878787879,70.65656565656566,-0.18176551039380193
12.878787878787879,70.85858585858585,-0.2191914481703283
12.878787878787879,71.06060606060606,-0.20941918891082234
12.878787878787879,71.26262626262626,-0.1510205521114015
12.878787878787879,71.46464646464646,-0.04375910145541184
12.878787878787879,71.66666666666667,0.08884204329691288
12.878787878787879,71.86868686868686,0.21265096151941745
12.878787878787879,72.07070707070707,0.2468751190371032
12.878787878787879,72.27272727272727,0.22573729658292815
12.878787878787879,72.47474747474747,0.1385843975507742
12.878787878787879,72.67676767676768,0.03930274256967722
12.878787878787879,72.87878787878788,0.016203576401251724
12.878787878787879,73.08080808080808,0.01305315489712609
12.878787878787879,73.28282828282828,0.062960075954386
12.878787878787879,73.48484848484848,0.14107130028155063
12.878787878787879,73.68686868686869,0.14839300619731066
12.878787878787879,73.88888888888889,0.171402194554794
12.878787878787879,74.0909090909091,0.12067604527263148
12.878787878787879,74.29292929292929,0.057387269956363667
12.878787878787879,74.4949494949495,0.00773884575252594
12.878787878787879,74.6969696969697,-0.031690794659052786
12.878787878787879,74.8989898989899,-0.07001620857952776
12.878787878787879,75.1010101010101,-0.11635929809151369
12.878787878787879,75.3030303030303,-0.11959342718291789
12.878787878787879,75.5050505050505,-0.14465830132148827
12.878787878787879,75.70707070707071,-0.12942967712298062
12.878787878787879,75.9090909090909,-0.12403614774899333
12.878787878787879,76.11111111111111,-0.1290173373628646
12.878787878787879,76.31313131313131,-0.11068915133140965
12.878787878787879,76.51515151515152,-0.061407140285345274
12.878787878787879,76.71717171717171,-0.012499625893148337
12.878787878787879,76.91919191919192,0.037110651693355146
12.878787878787879,77.12121212121212,0.09109315065869678
12.878787878787879,77.32323232323232,0.1358188489563331
12.878787878787879,77.52525252525253,0.18634254869422937
12.878787878787879,77.72727272727272,0.20933881088121786
12.878787878787879,77.92929292929293,0.2019557047104595
12.878787878787879,78.13131313131314,0.19423249552405475
12.878787878787879,78.33333333333333,0.1762852199256432
12.878787878787879,78.53535353535354,0.14234702464890267
12.878787878787879,78.73737373737373,0.07508542599742651
12.878787878787879,78.93939393939394,-0.008307138396485225
12.878787878787879,79.14141414141415,-0.08139139273295866
12.878787878787879,79.34343434343434,-0.1651129626096512
12.878787878787879,79.54545454545455,-0.2150298919667162
12.878787878787879,79.74747474747474,-0.25869767138677824
12.878787878787879,79.94949494949495,-0.2768754164666501
12.878787878787879,80.15151515151516,-0.2584302200545254
12.878787878787879,80.35353535353535,-0.21336978767768894
12.878787878787879,80.55555555555556,-0.1796359716283005
12.878787878787879,80.75757575757575,-0.10197916621591398
12.878787878787879,80.95959595959596,-0.028879943598195876
12.878787878787879,81.16161616161617,0.05508227916051751
12.878787878787879,81.36363636363636,0.11469820070126238
12.878787878787879,81.56565656565657,0.17711637844472863
12.878787878787879,81.76767676767676,0.22324720314044338
12.878787878787879,81.96969696969697,0.22015029040799344
12.878787878787879,82.17171717171718,0.21522856114136776
12.878787878787879,82.37373737373737,0.19659041082863124
12.878787878787879,82.57575757575758,0.16142339843008652
12.878787878787879,82.77777777777777,0.1271858832320288
12.878787878787879,82.97979797979798,0.043601303107269326
12.878787878787879,83.18181818181819,-0.014524852071276436
12.878787878787879,83.38383838383838,-0.07290257235348607
12.878787878787879,83.58585858585859,-0.13356248924117833
12.878787878787879,83.78787878787878,-0.185319802663564
12.878787878787879,83.98989898989899,-0.20473459878130548
12.878787878787879,84.1919191919192,-0.21165352454347464
12.878787878787879,84.39393939393939,-0.2039608493819905
12.878787878787879,84.5959595959596,-0.17898852728347323
12.878787878787879,84.79797979797979,-0.11951664780372047
12.878787878787879,85.0,-0.09247481350683015
13.080808080808081,65.0,0.03696803842008417
13.080808080808081,65.20202020202021,-0.03366342724366027
13.080808080808081,65.4040404040404,-0.06843831487715948
13.080808080808081,65.60606060606061,-0.11746643691683778
13.080808080808081,65.8080808080808,-0.1443902637377112
13.080808080808081,66.01010101010101,-0.1410354547204421
13.080808080808081,66.21212121212122,-0.17624216104888268
13.080808080808081,66.41414141414141,-0.1471455732571289
13.080808080808081,66.61616161616162,-0.15826881477986424
13.080808080808081,66.81818181818181,-0.12212281700753158
13.080808080808081,67.02020202020202,-0.07003726029552032
13.080808080808081,67.22222222222223,-0.015054874785440308
13.080808080808081,67.42424242424242,0.0500986595580127
13.080808080808081,67.62626262626263,0.09909627128037019
13.080808080808081,67.82828282828282,0.13796643427346247
13.080808080808081,68.03030303030303,0.17737763689517522
13.080808080808081,68.23232323232324,0.19607802447130765
13.080808080808081,68.43434343434343,0.19066693035391702
13.080808080808081,68.63636363636364,0.17088573610442145
13.080808080808081,68.83838383838383,0.15367975775532028
13.080808080808081,69.04040404040404,0.081162292156963
13.080808080808081,69.24242424242425,0.07524766839674324
13.080808080808081,69.44444444444444,0.028838350419081178
13.080808080808081,69.64646464646465,0.01498089666335302
13.080808080808081,69.84848484848484,0.03139239296975492
13.080808080808081,70.05050505050505,0.03595239601105501
13.080808080808081,70.25252525252526,0.009342547613523669
13.080808080808081,70.45454545454545,-0.04558580282983528
13.080808080808081,70.65656565656566,-0.10258592893423794
13.080808080808081,70.85858585858585,-0.1802614730810439
13.080808080808081,71.06060606060606,-0.17451447223316746
13.080808080808081,71.26262626262626,-0.12502203471682344
13.080808080808081,71.46464646464646,-0.0001312141016023092
13.080808080808081,71.66666666666667,0.1036926289713885
13.080808080808081,71.86868686868686,0.20814075421596495
13.080808080808081,72.07070707070707,0.23517182649081975
13.080808080808081,72.27272727272727,0.18163817404815472
13.080808080808081,72.47474747474747,0.09877735245098254
13.080808080808081,72.67676767676768,0.02921812180743117
13.080808080808081,72.87878787878788,-0.042147153337658456
13.080808080808081,73.08080808080808,-0.028834161822080585
13.080808080808081,73.28282828282828,0.00984239428009865
13.080808080808081,73.48484848484848,0.07618291204106915
13.080808080808081,73.68686868686869,0.1247907710406054
13.080808080808081,73.88888888888889,0.13100404393727305
13.080808080808081,74.0909090909091,0.109730770074281
13.080808080808081,74.29292929292929,0.07992652367626704
13.080808080808081,74.4949494949495,0.017988811213381833
13.080808080808081,74.6969696969697,-0.027384179993300457
13.080808080808081,74.8989898989899,-0.06113125063742966
13.080808080808081,75.1010101010101,-0.07095346996633554
13.080808080808081,75.3030303030303,-0.07105913758938079
13.080808080808081,75.5050505050505,-0.07472875155037334
13.080808080808081,75.70707070707071,-0.10747279405489278
13.080808080808081,75.9090909090909,-0.08637840046187166
13.080808080808081,76.11111111111111,-0.11708412340484063
13.080808080808081,76.31313131313131,-0.08352553451521204
13.080808080808081,76.51515151515152,-0.07714615890005627
13.080808080808081,76.71717171717171,-0.0445673395310595
13.080808080808081,76.91919191919192,-0.0026861116815271157
13.080808080808081,77.12121212121212,0.04744394185082063
13.080808080808081,77.32323232323232,0.09503104056952805
13.080808080808081,77.52525252525253,0.1311969065559867
13.080808080808081,77.72727272727272,0.14148815823258376
13.080808080808081,77.92929292929293,0.15655254133236385
13.080808080808081,78.13131313131314,0.15984226219248557
13.080808080808081,78.33333333333333,0.15556215700642786
13.080808080808081,78.53535353535354,0.12616257682092522
13.080808080808081,78.73737373737373,0.07426676449174123
13.080808080808081,78.93939393939394,0.02790529689285683
13.080808080808081,79.14141414141415,-0.01933686315553345
13.080808080808081,79.34343434343434,-0.11384385338102734
13.080808080808081,79.54545454545455,-0.16979004835300715
13.080808080808081,79.74747474747474,-0.19921412907470543
13.080808080808081,79.94949494949495,-0.22979513745828997
13.080808080808081,80.15151515151516,-0.2176878999306848
13.080808080808081,80.35353535353535,-0.2141309954325517
13.080808080808081,80.55555555555556,-0.15472795843977863
13.080808080808081,80.75757575757575,-0.12080649382860442
13.080808080808081,80.95959595959596,-0.07059825704128371
13.080808080808081,81.16161616161617,-0.005886324760606757
13.080808080808081,81.36363636363636,0.05642679092835868
13.080808080808081,81.56565656565657,0.12839171975111266
13.080808080808081,81.76767676767676,0.1437935108787735
13.080808080808081,81.96969696969697,0.17915254330574498
13.080808080808081,82.17171717171718,0.19580210106371088
13.080808080808081,82.37373737373737,0.20120183070175762
13.080808080808081,82.57575757575758,0.18135270113512397
13.080808080808081,82.77777777777777,0.13451677859793057
13.080808080808081,82.97979797979798,0.09565672435070416
13.080808080808081,83.18181818181819,0.038301373014422296
13.080808080808081,83.38383838383838,-0.031805508059374085
13.080808080808081,83.58585858585859,-0.0812088237626934
13.080808080808081,83.78787878787878,-0.13272758662228729
13.080808080808081,83.98989898989899,-0.18288580214259398
13.080808080808081,84.1919191919192,-0.20376788087101275
13.080808080808081,84.39393939393939,-0.23503055276344129
13.080808080808081,84.5959595959596,-0.20917009783481755
13.080808080808081,84.79797979797979,-0.17245933684666734
13.080808080808081,85.0,-0.15333391439002556
13.282828282828282,65.0,-0.07311526116011426
13.282828282828282,65.20202020202021,-0.06586121720837838
13.282828282828282,65.4040404040404,-0.08462606183924115
13.282828282828282,65.60606060606061,-0.10542636020504823
13.282828282828282,65.8080808080808,-0.10003003336619147
13.282828282828282,66.01010101010101,-0.12835193959205438
13.282828282828282,66.21212121212122,-0.1008001543131991
13.282828282828282,66.41414141414141,-0.07655501739987154
13.282828282828282,66.61616161616162,-0.04712148366815322
13.282828282828282,66.81818181818181,-0.01965809001765713
13.282828282828282,67.02020202020202,-0.010209031122529121
13.282828282828282,67.22222222222223,0.04741342458247304
13.282828282828282,67.42424242424242,0.07432701650609946
13.282828282828282,67.62626262626263,0.10621865151513657
13.282828282828282,67.82828282828282,0.09792659464593746
13.282828282828282,68.03030303030303,0.10441348658603325
13.282828282828282,68.23232323232324,0.08244435049632123
13.282828282828282,68.43434343434343,0.09001212594547656
13.282828282828282,68.63636363636364,0.07546587375548273
13.282828282828282,68.83838383838383,0.029790176238929014
13.282828282828282,69.04040404040404,0.031446344807066685
13.282828282828282,69.24242424242425,-0.0051043292551776805
13.282828282828282,69.44444444444444,0.0051757809354991795
13.282828282828282,69.64646464646465,0.013848374021846103
13.282828282828282,69.84848484848484,0.06144383502838207
13.282828282828282,70.05050505050505,0.059587349929145744
13.282828282828282,70.25252525252526,0.07896300258863555
13.282828282828282,70.45454545454545,0.036465358601689396
13.282828282828282,70.65656565656566,-0.02367261103915831
13.282828282828282,70.85858585858585,-0.10807295419461485
13.282828282828282,71.06060606060606,-0.11692854729538646
13.282828282828282,71.26262626262626,-0.07415255432819433
13.282828282828282,71.46464646464646,0.014372306283532503
13.282828282828282,71.66666666666667,0.107238430388896
13.282828282828282,71.86868686868686,0.16877747371940374
13.282828282828282,72.07070707070707,0.20967828749767126
13.282828282828282,72.27272727272727,0.14883942712822026
13.282828282828282,72.47474747474747,0.04540069522664166
13.282828282828282,72.67676767676768,-0.038430034689976175
13.282828282828282,72.87878787878788,-0.09926399932906745
13.282828282828282,73.08080808080808,-0.10256396686508873
13.282828282828282,73.28282828282828,-0.05009635286960419
13.282828282828282,73.48484848484848,0.03286096999753444
13.282828282828282,73.68686868686869,0.1263902063071312
13.282828282828282,73.88888888888889,0.13333244939957503
13.282828282828282,74.0909090909091,0.11715257019106931
13.282828282828282,74.29292929292929,0.08019687531010185
13.282828282828282,74.4949494949495,0.03917366605243538
13.282828282828282,74.6969696969697,0.018523867846691966
13.282828282828282,74.8989898989899,-0.02043700595273669
13.282828282828282,75.1010101010101,-0.02030141562827325
13.282828282828282,75.3030303030303,-0.03460808297958861
13.282828282828282,75.5050505050505,-0.018156635006745248
13.282828282828282,75.70707070707071,-0.04030857904142645
13.282828282828282,75.9090909090909,-0.04657117785124841
13.282828282828282,76.11111111111111,-0.07292898441873498
13.282828282828282,76.31313131313131,-0.058001681047620296
13.282828282828282,76.51515151515152,-0.06493712962920808
13.282828282828282,76.71717171717171,-0.045378426281881296
13.282828282828282,76.91919191919192,-0.007558241851250393
13.282828282828282,77.12121212121212,-0.00750052899138612
13.282828282828282,77.32323232323232,0.03246202581328062
13.282828282828282,77.52525252525253,0.06029624730468807
13.282828282828282,77.72727272727272,0.08324865840044851
13.282828282828282,77.92929292929293,0.09115042634370374
13.282828282828282,78.13131313131314,0.1275300580296894
13.282828282828282,78.33333333333333,0.09563977432799974
13.282828282828282,78.53535353535354,0.1142005325348086
13.282828282828282,78.73737373737373,0.09095583520825652
13.282828282828282,78.93939393939394,0.065343018156544
13.282828282828282,79.14141414141415,-0.011180049834890123
13.282828282828282,79.34343434343434,-0.04929768040788795
13.282828282828282,79.54545454545455,-0.06796692691344468
13.282828282828282,79.74747474747474,-0.13579079439170352
13.282828282828282,79.94949494949495,-0.1568568572923825
13.282828282828282,80.15151515151516,-0.15871701774791716
13.282828282828282,80.35353535353535,-0.1539135495265823
13.282828282828282,80.55555555555556,-0.13012885718297473
13.282828282828282,80.75757575757575,-0.12623296069754014
13.282828282828282,80.95959595959596,-0.09852199475654175
13.282828282828282,81.16161616161617,-0.05034712390635239
13.282828282828282,81.36363636363636,-0.0064808323547994135
13.282828282828282,81.56565656565657,0.03574883565658888
13.282828282828282,81.76767676767676,0.07016767263861012
13.282828282828282,81.96969696969697,0.08916570076170587
13.282828282828282,82.17171717171718,0.12974559370119243
13.282828282828282,82.37373737373737,0.17314782536548218
13.282828282828282,82.57575757575758,0.16705860212907897
13.282828282828282,82.77777777777777,0.15200797047630962
13.282828282828282,82.97979797979798,0.13983566239382983
13.282828282828282,83.18181818181819,0.07601823637084339
13.282828282828282,83.38383838383838,0.03294568559974946
13.282828282828282,83.58585858585859,-0.020758026573348534
13.282828282828282,83.78787878787878,-0.0828329852602236
13.282828282828282,83.98989898989899,-0.12701152115871647
13.282828282828282,84.1919191919192,-0.16873480043589975
13.282828282828282,84.39393939393939,-0.20620566029716397
13.282828282828282,84.5959595959596,-0.20046697557774218
13.282828282828282,84.79797979797979,-0.20989423499110688
13.282828282828282,85.0,-0.17503451818971383
13.484848484848484,65.0,-0.1190828403189113
13.484848484848484,65.20202020202021,-0.1369359598398582
13.484848484848484,65.4040404040404,-0.13300673655974288
13.484848484848484,65.60606060606061,-0.09923585960018409
13.484848484848484,65.8080808080808,-0.07625959935581711
13.484848484848484,66.01010101010101,-0.02813405303744839
13.484848484848484,66.21212121212122,-0.00025918189290292503
13.484848484848484,66.41414141414141,0.05209395883429177
13.484848484848484,66.61616161616162,0.07517575413122131
13.484848484848484,66.81818181818181,0.08193423365551389
13.484848484848484,67.02020202020202,0.10020542377556943
13.484848484848484,67.22222222222223,0.08891423068085554
13.484848484848484,67.42424242424242,0.0853846521134091
13.484848484848484,67.62626262626263,0.0685421701455076
13.484848484848484,67.82828282828282,0.06323052728129436
13.484848484848484,68.03030303030303,0.04924764697603233
13.484848484848484,68.23232323232324,0.017326241060481803
13.484848484848484,68.43434343434343,-0.01095390171988863
13.484848484848484,68.63636363636364,-0.03996221774894159
13.484848484848484,68.83838383838383,-0.06474097278118494
13.484848484848484,69.04040404040404,-0.08648109882220938
13.484848484848484,69.24242424242425,-0.0407017780470236
13.484848484848484,69.44444444444444,0.0008555629264974662
13.484848484848484,69.64646464646465,0.0380412684954155
13.484848484848484,69.84848484848484,0.09725038686615371
13.484848484848484,70.05050505050505,0.1504358416776901
13.484848484848484,70.25252525252526,0.1562211958965756
13.484848484848484,70.45454545454545,0.10985327362541375
13.484848484848484,70.65656565656566,0.02759110335511629
13.484848484848484,70.85858585858585,-0.029525829805144094
13.484848484848484,71.06060606060606,-0.06289951211378349
13.484848484848484,71.26262626262626,-0.03769309177536318
13.484848484848484,71.46464646464646,0.03374592004311942
13.484848484848484,71.66666666666667,0.1187381829583267
13.484848484848484,71.86868686868686,0.1921983426717169
13.484848484848484,72.07070707070707,0.1794703726760469
13.484848484848484,72.27272727272727,0.10208922004759272
13.484848484848484,72.47474747474747,-0.007586234553250184
13.484848484848484,72.67676767676768,-0.12849115643596365
13.484848484848484,72.87878787878788,-0.16719989607645608
13.484848484848484,73.08080808080808,-0.1439484608403526
13.484848484848484,73.28282828282828,-0.07855520237076016
13.484848484848484,73.48484848484848,0.020664476582926694
13.484848484848484,73.68686868686869,0.07268892488713204
13.484848484848484,73.88888888888889,0.11297143297615975
13.484848484848484,74.0909090909091,0.1126796352975886
13.484848484848484,74.29292929292929,0.10281846074543609
13.484848484848484,74.4949494949495,0.05035180220078936
13.484848484848484,74.6969696969697,0.015519389614454855
13.484848484848484,74.8989898989899,0.02440826264091489
13.484848484848484,75.1010101010101,0.035151193774186115
13.484848484848484,75.3030303030303,0.01708681431458197
13.484848484848484,75.5050505050505,0.028535755433350803
13.484848484848484,75.70707070707071,0.025095856347338207
13.484848484848484,75.9090909090909,0.009640294208098737
13.484848484848484,76.11111111111111,-0.015550779068954197
13.484848484848484,76.31313131313131,-0.039409630246451555
13.484848484848484,76.51515151515152,-0.044635361106119674
13.484848484848484,76.71717171717171,-0.04393908630909361
13.484848484848484,76.91919191919192,-0.03726309776776917
13.484848484848484,77.12121212121212,-0.03588825762887455
13.484848484848484,77.32323232323232,-0.03329766615915011
13.484848484848484,77.52525252525253,-0.012543669466974619
13.484848484848484,77.72727272727272,0.004044182911416705
13.484848484848484,77.92929292929293,0.015137091807106248
13.484848484848484,78.13131313131314,0.01990187552293366
13.484848484848484,78.33333333333333,0.04200860827641722
13.484848484848484,78.53535353535354,0.06516510751050507
13.484848484848484,78.73737373737373,0.0478771090669101
13.484848484848484,78.93939393939394,0.03897562735937306
13.484848484848484,79.14141414141415,0.06466169224517004
13.484848484848484,79.34343434343434,0.03734371681011546
13.484848484848484,79.54545454545455,0.01674193329117676
13.484848484848484,79.74747474747474,-0.02347986536788111
13.484848484848484,79.94949494949495,-0.0292389081580835
13.484848484848484,80.15151515151516,-0.057131741231893546
13.484848484848484,80.35353535353535,-0.0964511813635471
13.484848484848484,80.55555555555556,-0.08216148393412395
13.484848484848484,80.75757575757575,-0.10380019013478699
13.484848484848484,80.95959595959596,-0.11045882019046588
13.484848484848484,81.16161616161617,-0.10292432251824497
13.484848484848484,81.36363636363636,-0.10314532949100175
13.484848484848484,81.56565656565657,-0.05229728141919337
13.484848484848484,81.76767676767676,-0.023319504887632472
13.484848484848484,81.96969696969697,0.009746173166462488
13.484848484848484,82.17171717171718,0.06399802229573422
13.484848484848484,82.37373737373737,0.0742676543729842
13.484848484848484,82.57575757575758,0.11137848248944227
13.484848484848484,82.77777777777777,0.12579964486514478
13.484848484848484,82.97979797979798,0.13279572527325811
13.484848484848484,83.18181818181819,0.1205710672295115
13.484848484848484,83.38383838383838,0.09289404340804898
13.484848484848484,83.58585858585859,0.042108296846903134
13.484848484848484,83.78787878787878,-0.012543318368350886
13.484848484848484,83.98989898989899,-0.03719212847214025
13.484848484848484,84.1919191919192,-0.07644072343334113
13.484848484848484,84.39393939393939,-0.13753269541120958
13.484848484848484,84.5959595959596,-0.17289585095423324
13.484848484848484,84.79797979797979,-0.1622723313593015
13.484848484848484,85.0,-0.18811811100906645
13.686868686868687,65.0,-0.18003235746685212
13.686868686868687,65.20202020202021,-0.16262980866807905
13.686868686868687,65.4040404040404,-0.12900801833389533
13.686868686868687,65.60606060606061,-0.06995431045759817
13.686868686868687,65.8080808080808,-0.019669334338015917
13.686868686868687,66.01010101010101,0.045323650115402785
13.686868686868687,66.21212121212122,0.09639811353003742
13.686868686868687,66.41414141414141,0.1300925489311781
13.686868686868687,66.61616161616162,0.1570591132214746
13.686868686868687,66.81818181818181,0.16416941617758216
13.686868686868687,67.02020202020202,0.16165198338727302
13.686868686868687,67.22222222222223,0.12370170908291402
13.686868686868687,67.42424242424242,0.09483037014120962
13.686868686868687,67.62626262626263,0.0491712229031155
13.686868686868687,67.82828282828282,0.005154263210376398
13.686868686868687,68.03030303030303,-0.02946188147072769
13.686868686868687,68.23232323232324,-0.09548752723627199
13.686868686868687,68.43434343434343,-0.12574192041128773
13.686868686868687,68.63636363636364,-0.13032527330791965
13.686868686868687,68.83838383838383,-0.15993848741363573
13.686868686868687,69.04040404040404,-0.17007643616316084
13.686868686868687,69.24242424242425,-0.10008543402930765
13.686868686868687,69.44444444444444,-0.026959976933714026
13.686868686868687,69.64646464646465,0.03129358231656939
13.686868686868687,69.84848484848484,0.15538209388675278
13.686868686868687,70.05050505050505,0.1958450767340885
13.686868686868687,70.25252525252526,0.22262780774252972
13.686868686868687,70.45454545454545,0.1802898025102587
13.686868686868687,70.65656565656566,0.09277227981361036
13.686868686868687,70.85858585858585,0.011943635398455733
13.686868686868687,71.06060606060606,-0.0353833493376489
13.686868686868687,71.26262626262626,-0.004835200510864487
13.686868686868687,71.46464646464646,0.04535095271032474
13.686868686868687,71.66666666666667,0.11988275136955455
13.686868686868687,71.86868686868686,0.16258803098150035
13.686868686868687,72.07070707070707,0.1655896933876324
13.686868686868687,72.27272727272727,0.08184216537677966
13.686868686868687,72.47474747474747,-0.04527272469308266
13.686868686868687,72.67676767676768,-0.1647848086400464
13.686868686868687,72.87878787878788,-0.22291563719793445
13.686868686868687,73.08080808080808,-0.21966585692694168
13.686868686868687,73.28282828282828,-0.13305672259495113
13.686868686868687,73.48484848484848,-0.03988112216701516
13.686868686868687,73.68686868686869,0.02846891079707063
13.686868686868687,73.88888888888889,0.09817288176514741
13.686868686868687,74.0909090909091,0.08366193425211807
13.686868686868687,74.29292929292929,0.08354287193062734
13.686868686868687,74.4949494949495,0.05828448221339552
13.686868686868687,74.6969696969697,0.04329129453164418
13.686868686868687,74.8989898989899,0.04677801604875547
13.686868686868687,75.1010101010101,0.047839966138400615
13.686868686868687,75.3030303030303,0.08742282795995904
13.686868686868687,75.5050505050505,0.07732113983029267
13.686868686868687,75.70707070707071,0.0768844938450928
13.686868686868687,75.9090909090909,0.05303224932251735
13.686868686868687,76.11111111111111,0.026858003238247476
13.686868686868687,76.31313131313131,0.01274187755029902
13.686868686868687,76.51515151515152,-0.017702238850052947
13.686868686868687,76.71717171717171,-0.051134309266601084
13.686868686868687,76.91919191919192,-0.07523127667247265
13.686868686868687,77.12121212121212,-0.08643606006329475
13.686868686868687,77.32323232323232,-0.07095790949757069
13.686868686868687,77.52525252525253,-0.09368598734326253
13.686868686868687,77.72727272727272,-0.08866342638983267
13.686868686868687,77.92929292929293,-0.059610699600621785
13.686868686868687,78.13131313131314,-0.0652571210658118
13.686868686868687,78.33333333333333,-0.03413871239030673
13.686868686868687,78.53535353535354,-0.003200020899115058
13.686868686868687,78.73737373737373,0.05253449594285081
13.686868686868687,78.93939393939394,0.0845033632198323
13.686868686868687,79.14141414141415,0.09307897908932374
13.686868686868687,79.34343434343434,0.10508806210063987
13.686868686868687,79.54545454545455,0.09292730593057894
13.686868686868687,79.74747474747474,0.10903514470123936
13.686868686868687,79.94949494949495,0.07259015048253754
13.686868686868687,80.15151515151516,0.04973079626991587
13.686868686868687,80.35353535353535,0.005104079193847637
13.686868686868687,80.55555555555556,-0.03456073188235818
13.686868686868687,80.75757575757575,-0.05286623314732332
13.686868686868687,80.95959595959596,-0.09748084789422136
13.686868686868687,81.16161616161617,-0.11316126372229546
13.686868686868687,81.36363636363636,-0.13727663447385488
13.686868686868687,81.56565656565657,-0.14536213687742686
13.686868686868687,81.76767676767676,-0.1244873647396419
13.686868686868687,81.96969696969697,-0.08602482098244198
13.686868686868687,82.17171717171718,-0.051797752481828045
13.686868686868687,82.37373737373737,-0.009864708764952747
13.686868686868687,82.57575757575758,0.05957495881882693
13.686868686868687,82.77777777777777,0.08208618787459586
13.686868686868687,82.97979797979798,0.11693377878380398
13.686868686868687,83.18181818181819,0.13051060715978896
13.686868686868687,83.38383838383838,0.11625328286762537
13.686868686868687,83.58585858585859,0.11542615414619226
13.686868686868687,83.78787878787878,0.056384910084261636
13.686868686868687,83.98989898989899,0.02895379708724961
13.686868686868687,84.1919191919192,-0.015878512633469732
13.686868686868687,84.39393939393939,-0.06217074256825109
13.686868686868687,84.5959595959596,-0.11140531871498685
13.686868686868687,84.79797979797979,-0.11589436147972053
13.686868686868687,85.0,-0.13045236173098582
13.88888888888889,65.0,-0.19664553939559054
13.88888888888889,65.20202020202021,-0.14194145938343145
13.88888888888889,65.4040404040404,-0.08697979339800153
13.88888888888889,65.60606060606061,-0.03450483171215543
13.88888888888889,65.8080808080808,0.04192970012810161
13.88888888888889,66.01010101010101,0.12985452712512305
13.88888888888889,66.21212121212122,0.17843753140119192
13.88888888888889,66.41414141414141,0.20867141336686745
13.88888888888889,66.61616161616162,0.22139800481634594
13.88888888888889,66.81818181818181,0.21508567147003954
13.88888888888889,67.02020202020202,0.18273883729664916
13.88888888888889,67.22222222222223,0.12783390705815872
13.88888888888889,67.42424242424242,0.057435077302667725
13.88888888888889,67.62626262626263,0.021733539972481286
13.88888888888889,67.82828282828282,-0.041685850997062984
13.88888888888889,68.03030303030303,-0.11984664091322104
13.88888888888889,68.23232323232324,-0.15375020960183802
13.88888888888889,68.43434343434343,-0.20155599213584774
13.88888888888889,68.63636363636364,-0.21653664033797176
13.88888888888889,68.83838383838383,-0.21562347896311218
13.88888888888889,69.04040404040404,-0.18550756112518793
13.88888888888889,69.24242424242425,-0.09907077084467933
13.88888888888889,69.44444444444444,-0.03458699838497707
13.88888888888889,69.64646464646465,0.06551156934286319
13.88888888888889,69.84848484848484,0.16534620446174858
13.88888888888889,70.05050505050505,0.25457769958435533
13.88888888888889,70.25252525252526,0.2492962379195427
13.88888888888889,70.45454545454545,0.22215430064615485
13.88888888888889,70.65656565656566,0.1641450292827951
13.88888888888889,70.85858585858585,0.06282438499387533
13.88888888888889,71.06060606060606,0.0055533652883481095
13.88888888888889,71.26262626262626,0.026667027948919966
13.88888888888889,71.46464646464646,0.06161551941420569
13.88888888888889,71.66666666666667,0.12121785540355577
13.88888888888889,71.86868686868686,0.16227542498733324
13.88888888888889,72.07070707070707,0.12458233931965633
13.88888888888889,72.27272727272727,0.05134695870716826
13.88888888888889,72.47474747474747,-0.0888639695252737
13.88888888888889,72.67676767676768,-0.20196261659532436
13.88888888888889,72.87878787878788,-0.2594015636646472
13.88888888888889,73.08080808080808,-0.25593694812433976
13.88888888888889,73.28282828282828,-0.17992399406575024
13.88888888888889,73.48484848484848,-0.06699399533519532
13.88888888888889,73.68686868686869,0.01169739450417736
13.88888888888889,73.88888888888889,0.069241609762595
13.88888888888889,74.0909090909091,0.08668575370299965
13.88888888888889,74.29292929292929,0.058981036704193315
13.88888888888889,74.4949494949495,0.046201114607200625
13.88888888888889,74.6969696969697,0.04138470496742883
13.88888888888889,74.8989898989899,0.06521389909503406
13.88888888888889,75.1010101010101,0.07639419405364799
13.88888888888889,75.3030303030303,0.08715426021589412
13.88888888888889,75.5050505050505,0.13033092551919334
13.88888888888889,75.70707070707071,0.13712184882078116
13.88888888888889,75.9090909090909,0.1173344320129964
13.88888888888889,76.11111111111111,0.07810522423603398
13.88888888888889,76.31313131313131,0.03548446087091848
13.88888888888889,76.51515151515152,0.011025904242930432
13.88888888888889,76.71717171717171,-0.03123042884933305
13.88888888888889,76.91919191919192,-0.06854891299494104
13.88888888888889,77.12121212121212,-0.07977969306225859
13.88888888888889,77.32323232323232,-0.13399274456174257
13.88888888888889,77.52525252525253,-0.12670313630790897
13.88888888888889,77.72727272727272,-0.15345895865918283
13.88888888888889,77.92929292929293,-0.1672089212904717
13.88888888888889,78.13131313131314,-0.12994251828230344
13.88888888888889,78.33333333333333,-0.0831870937860216
13.88888888888889,78.53535353535354,-0.04984953688617541
13.88888888888889,78.73737373737373,-0.008379949955214596
13.88888888888889,78.93939393939394,0.05719050413678125
13.88888888888889,79.14141414141415,0.0969150657300426
13.88888888888889,79.34343434343434,0.1466186456864863
13.88888888888889,79.54545454545455,0.17162775570063793
13.88888888888889,79.74747474747474,0.15902154322464235
13.88888888888889,79.94949494949495,0.1508890811203231
13.88888888888889,80.15151515151516,0.1376397726422334
13.88888888888889,80.35353535353535,0.07980490552807776
13.88888888888889,80.55555555555556,0.025249725703461366
13.88888888888889,80.75757575757575,-0.03440378576677914
13.88888888888889,80.95959595959596,-0.07804496379742094
13.88888888888889,81.16161616161617,-0.13025712309209367
13.88888888888889,81.36363636363636,-0.17790922379079718
13.88888888888889,81.56565656565657,-0.1901292649320745
13.88888888888889,81.76767676767676,-0.17394393457477908
13.88888888888889,81.96969696969697,-0.17909912935351835
13.88888888888889,82.17171717171718,-0.15315200478325827
13.88888888888889,82.37373737373737,-0.08177237238690917
13.88888888888889,82.57575757575758,-0.033710703916865904
13.88888888888889,82.77777777777777,0.014540801939583422
13.88888888888889,82.97979797979798,0.07667259084908862
13.88888888888889,83.18181818181819,0.11549029289261026
13.88888888888889,83.38383838383838,0.10639457502527154
13.88888888888889,83.58585858585859,0.1265375628262666
13.88888888888889,83.78787878787878,0.14525678540814613
13.88888888888889,83.98989898989899,0.10394751967502414
13.88888888888889,84.1919191919192,0.07128503910582265
13.88888888888889,84.39393939393939,0.03732384192423667
13.88888888888889,84.5959595959596,-0.013532549577068682
13.88888888888889,84.79797979797979,-0.04071500994687018
13.88888888888889,85.0,-0.06868052992565674
14.09090909090909,65.0,-0.16606319329873878
14.09090909090909,65.20202020202021,-0.11968971141531565
14.09090909090909,65.4040404040404,-0.04524789003620409
14.09090909090909,65.60606060606061,0.023563360609658315
14.09090909090909,65.8080808080808,0.10496181527348229
14.09090909090909,66.01010101010101,0.1602978071001331
14.09090909090909,66.21212121212122,0.21619708929569006
14.09090909090909,66.41414141414141,0.2517885985197566
14.09090909090909,66.61616161616162,0.2492305468676636
14.09090909090909,66.81818181818181,0.23038280356079635
14.09090909090909,67.02020202020202,0.18705633277636796
14.09090909090909,67.22222222222223,0.1293267275464494
14.09090909090909,67.42424242424242,0.06275313800192575
14.09090909090909,67.62626262626263,-0.024144337083798404
14.09090909090909,67.82828282828282,-0.0731499914434495
14.09090909090909,68.03030303030303,-0.13451892024939174
14.09090909090909,68.23232323232324,-0.18488007015878372
14.09090909090909,68.43434343434343,-0.22077498200596815
14.09090909090909,68.63636363636364,-0.2335179342084928
14.09090909090909,68.83838383838383,-0.21539225405928006
14.09090909090909,69.04040404040404,-0.17668356228884474
14.09090909090909,69.24242424242425,-0.10676583539224872
14.09090909090909,69.44444444444444,-0.024806949044305582
14.09090909090909,69.64646464646465,0.08922910642544103
14.09090909090909,69.84848484848484,0.20022748340305463
14.09090909090909,70.05050505050505,0.253786465667948
14.09090909090909,70.25252525252526,0.27930877593916575
14.09090909090909,70.45454545454545,0.24674346934967087
14.09090909090909,70.65656565656566,0.1751015041228325
14.09090909090909,70.85858585858585,0.08488660436202763
14.09090909090909,71.06060606060606,0.014803013634048758
14.09090909090909,71.26262626262626,0.0012028126332113403
14.09090909090909,71.46464646464646,0.06943115273780638
14.09090909090909,71.66666666666667,0.12307222765560918
14.09090909090909,71.86868686868686,0.14941089275558517
14.09090909090909,72.07070707070707,0.11704678081558674
14.09090909090909,72.27272727272727,0.030144673921000762
14.09090909090909,72.47474747474747,-0.09804365495734674
14.09090909090909,72.67676767676768,-0.23392024693618224
14.09090909090909,72.87878787878788,-0.2932861570959741
14.09090909090909,73.08080808080808,-0.2652866179796301
14.09090909090909,73.28282828282828,-0.21117972001588733
14.09090909090909,73.48484848484848,-0.08468516130048015
14.09090909090909,73.68686868686869,0.000125083357747651
14.09090909090909,73.88888888888889,0.05632155370883711
14.09090909090909,74.0909090909091,0.05578990074922494
14.09090909090909,74.29292929292929,0.03951974384747203
14.09090909090909,74.4949494949495,0.03657517813069228
14.09090909090909,74.6969696969697,0.05589554470852545
14.09090909090909,74.8989898989899,0.07227746804641764
14.09090909090909,75.1010101010101,0.09483691600018353
14.09090909090909,75.3030303030303,0.12192903841429309
14.09090909090909,75.5050505050505,0.14215060910301602
14.09090909090909,75.70707070707071,0.17801941629921092
14.09090909090909,75.9090909090909,0.14210735176780115
14.09090909090909,76.11111111111111,0.11810580254500465
14.09090909090909,76.31313131313131,0.09194469160271783
14.09090909090909,76.51515151515152,0.013975767381566483
14.09090909090909,76.71717171717171,-0.004204349220724711
14.09090909090909,76.91919191919192,-0.06883707105250768
14.09090909090909,77.12121212121212,-0.12197578914229604
14.09090909090909,77.32323232323232,-0.15268256194836186
14.09090909090909,77.52525252525253,-0.18918821611463865
14.09090909090909,77.72727272727272,-0.19636621021623152
14.09090909090909,77.92929292929293,-0.20844720521157234
14.09090909090909,78.13131313131314,-0.202013370631357
14.09090909090909,78.33333333333333,-0.14621356760194737
14.09090909090909,78.53535353535354,-0.10260385348676992
14.09090909090909,78.73737373737373,-0.022290184206996543
14.09090909090909,78.93939393939394,0.030795810371737935
14.09090909090909,79.14141414141415,0.10007366708206773
14.09090909090909,79.34343434343434,0.15851425463046992
14.09090909090909,79.54545454545455,0.191134788429613
14.09090909090909,79.74747474747474,0.21403009520086097
14.09090909090909,79.94949494949495,0.2169983128838139
14.09090909090909,80.15151515151516,0.17792934950557213
14.09090909090909,80.35353535353535,0.14977225674914818
14.09090909090909,80.55555555555556,0.06143095095461831
14.09090909090909,80.75757575757575,0.02908940471731661
14.09090909090909,80.95959595959596,-0.04948906068757494
14.09090909090909,81.16161616161617,-0.12515582725547386
14.09090909090909,81.36363636363636,-0.16832242424621316
14.09090909090909,81.56565656565657,-0.1974203458687794
14.09090909090909,81.76767676767676,-0.2304385147634368
14.09090909090909,81.96969696969697,-0.23074120967409928
14.09090909090909,82.17171717171718,-0.1965844083343847
14.09090909090909,82.37373737373737,-0.17311835300157516
14.09090909090909,82.57575757575758,-0.11618351249917373
14.09090909090909,82.77777777777777,-0.039820109957267806
14.09090909090909,82.97979797979798,0.007969082597171563
14.09090909090909,83.18181818181819,0.043396919710911946
14.09090909090909,83.38383838383838,0.08854633522664905
14.09090909090909,83.58585858585859,0.13791485484739122
14.09090909090909,83.78787878787878,0.15863776568203977
14.09090909090909,83.98989898989899,0.13201698120631972
14.09090909090909,84.1919191919192,0.1371775081490711
14.09090909090909,84.39393939393939,0.11965957180447302
14.09090909090909,84.5959595959596,0.0918046000117034
14.09090909090909,84.79797979797979,0.039720514430767684
14.09090909090909,85.0,0.005545484008707658
14.292929292929292,65.0,-0.1475593731654184
14.292929292929292,65.20202020202021,-0.044575542473365676
14.292929292929292,65.4040404040404,-0.0016641471395346628
14.292929292929292,65.60606060606061,0.0659829520775275
14.292929292929292,65.8080808080808,0.13846889163943765
14.292929292929292,66.01010101010101,0.21053028796558398
14.292929292929292,66.21212121212122,0.2554650234962533
14.292929292929292,66.41414141414141,0.251256017489486
14.292929292929292,66.61616161616162,0.2519433064618377
14.292929292929292,66.81818181818181,0.21025070329337817
14.292929292929292,67.02020202020202,0.14793608648713935
14.292929292929292,67.22222222222223,0.1091877038884241
14.292929292929292,67.42424242424242,0.019256221000406748
14.292929292929292,67.62626262626263,-0.02607861406558173
14.292929292929292,67.82828282828282,-0.08738409661191548
14.292929292929292,68.03030303030303,-0.14185904139639485
14.292929292929292,68.23232323232324,-0.1652492741215871
14.292929292929292,68.43434343434343,-0.18408706443378348
14.292929292929292,68.63636363636364,-0.2158382533621896
14.292929292929292,68.83838383838383,-0.2102126925835842
14.292929292929292,69.04040404040404,-0.1845263709557465
14.292929292929292,69.24242424242425,-0.08045785428209543
14.292929292929292,69.44444444444444,-0.020203698193341047
14.292929292929292,69.64646464646465,0.09629396289385965
14.292929292929292,69.84848484848484,0.1731678389441154
14.292929292929292,70.05050505050505,0.26323099448840415
14.292929292929292,70.25252525252526,0.25982651928246725
14.292929292929292,70.45454545454545,0.21861018388061082
14.292929292929292,70.65656565656566,0.1503965263308635
14.292929292929292,70.85858585858585,0.06097489954716115
14.292929292929292,71.06060606060606,0.018306574072846343
14.292929292929292,71.26262626262626,0.01524205742439215
14.292929292929292,71.46464646464646,0.07604497229776426
14.292929292929292,71.66666666666667,0.13448043248897806
14.292929292929292,71.86868686868686,0.16429142086126755
14.292929292929292,72.07070707070707,0.13137178926441004
14.292929292929292,72.27272727272727,0.055202584066409044
14.292929292929292,72.47474747474747,-0.1019954808742434
14.292929292929292,72.67676767676768,-0.2485278067068101
14.292929292929292,72.87878787878788,-0.2983922884108186
14.292929292929292,73.08080808080808,-0.2785543659748436
14.292929292929292,73.28282828282828,-0.18428390712850024
14.292929292929292,73.48484848484848,-0.08981272249009062
14.292929292929292,73.68686868686869,-0.020650391954922884
14.292929292929292,73.88888888888889,0.06249624050835241
14.292929292929292,74.0909090909091,0.04702312971932755
14.292929292929292,74.29292929292929,0.04598809964040643
14.292929292929292,74.4949494949495,0.010139346364974888
14.292929292929292,74.6969696969697,0.005310782990499169
14.292929292929292,74.8989898989899,0.04512702300808906
14.292929292929292,75.1010101010101,0.06943650585796642
14.292929292929292,75.3030303030303,0.16435004939158745
14.292929292929292,75.5050505050505,0.17350795424908683
14.292929292929292,75.70707070707071,0.17115728618662465
14.292929292929292,75.9090909090909,0.1739393502960509
14.292929292929292,76.11111111111111,0.14247995500244207
14.292929292929292,76.31313131313131,0.10448754602511971
14.292929292929292,76.51515151515152,0.06009126382047931
14.292929292929292,76.71717171717171,-0.008274735577034755
14.292929292929292,76.91919191919192,-0.06748212234646812
14.292929292929292,77.12121212121212,-0.10158016287410485
14.292929292929292,77.32323232323232,-0.14833610129349734
14.292929292929292,77.52525252525253,-0.19325232001302742
14.292929292929292,77.72727272727272,-0.19681920386927237
14.292929292929292,77.92929292929293,-0.22897733378242244
14.292929292929292,78.13131313131314,-0.2181712023469904
14.292929292929292,78.33333333333333,-0.16801961816001257
14.292929292929292,78.53535353535354,-0.12399067040650896
14.292929292929292,78.73737373737373,-0.045981028400061595
14.292929292929292,78.93939393939394,0.010438440485249542
14.292929292929292,79.14141414141415,0.08047769219196187
14.292929292929292,79.34343434343434,0.15933285958534665
14.292929292929292,79.54545454545455,0.17859990402263085
14.292929292929292,79.74747474747474,0.20091699260420132
14.292929292929292,79.94949494949495,0.22979392001951962
14.292929292929292,80.15151515151516,0.1987832913012104
14.292929292929292,80.35353535353535,0.17428062338578537
14.292929292929292,80.55555555555556,0.13920744323162992
14.292929292929292,80.75757575757575,0.07850248687359236
14.292929292929292,80.95959595959596,0.007891841968203158
14.292929292929292,81.16161616161617,-0.08490395956345709
14.292929292929292,81.36363636363636,-0.13587323855235872
14.292929292929292,81.56565656565657,-0.1961071022626572
14.292929292929292,81.76767676767676,-0.22884970697432527
14.292929292929292,81.96969696969697,-0.2230048176538592
14.292929292929292,82.17171717171718,-0.234754687476018
14.292929292929292,82.37373737373737,-0.20428481127019477
14.292929292929292,82.57575757575758,-0.16836215191386772
14.292929292929292,82.77777777777777,-0.13058198434505
14.292929292929292,82.97979797979798,-0.051092519501525796
14.292929292929292,83.18181818181819,0.007288920107617624
14.292929292929292,83.38383838383838,0.04095209621355027
14.292929292929292,83.58585858585859,0.11346523040790378
14.292929292929292,83.78787878787878,0.13954757988064861
14.292929292929292,83.98989898989899,0.17975723711143224
14.292929292929292,84.1919191919192,0.160688903359985
14.292929292929292,84.39393939393939,0.16370379136557703
14.292929292929292,84.5959595959596,0.15042047285704785
14.292929292929292,84.79797979797979,0.11659346320611123
14.292929292929292,85.0,0.08542417034250488
14.494949494949495,65.0,-0.0781802036197882
14.494949494949495,65.20202020202021,0.010259021188459774
14.494949494949495,65.4040404040404,0.05768571250115814
14.494949494949495,65.60606060606061,0.12077503980559025
14.494949494949495,65.8080808080808,0.161450878848312
14.494949494949495,66.01010101010101,0.18526928206743704
14.494949494949495,66.21212121212122,0.18987538282820227
14.494949494949495,66.41414141414141,0.19695678640347863
14.494949494949495,66.61616161616162,0.1999685805401205
14.494949494949495,66.81818181818181,0.16286006368620187
14.494949494949495,67.02020202020202,0.09586501725166763
14.494949494949495,67.22222222222223,0.02077823375002826
14.494949494949495,67.42424242424242,-0.006887004151940464
14.494949494949495,67.62626262626263,-0.056614301893503895
14.494949494949495,67.82828282828282,-0.09593902537124377
14.494949494949495,68.03030303030303,-0.11672084267505971
14.494949494949495,68.23232323232324,-0.13184214974988262
14.494949494949495,68.43434343434343,-0.14116256657334667
14.494949494949495,68.63636363636364,-0.1486607527187437
14.494949494949495,68.83838383838383,-0.16165335571089864
14.494949494949495,69.04040404040404,-0.1211657470309996
14.494949494949495,69.24242424242425,-0.04798543763689647
14.494949494949495,69.44444444444444,0.0006097527362847266
14.494949494949495,69.64646464646465,0.08197153592579062
14.494949494949495,69.84848484848484,0.16028661620204032
14.494949494949495,70.05050505050505,0.2147996799864305
14.494949494949495,70.25252525252526,0.1979959627611976
14.494949494949495,70.45454545454545,0.18170143068648598
14.494949494949495,70.65656565656566,0.11016751280291097
14.494949494949495,70.85858585858585,0.045881025909906475
14.494949494949495,71.06060606060606,-0.009811005319669936
14.494949494949495,71.26262626262626,-0.012853722240515186
14.494949494949495,71.46464646464646,0.07131237786942064
14.494949494949495,71.66666666666667,0.13490827808506656
14.494949494949495,71.86868686868686,0.17205917370618903
14.494949494949495,72.07070707070707,0.14953752146685353
14.494949494949495,72.27272727272727,0.0673779635691407
14.494949494949495,72.47474747474747,-0.06011846277900562
14.494949494949495,72.67676767676768,-0.19171842215232449
14.494949494949495,72.87878787878788,-0.2586097128392359
14.494949494949495,73.08080808080808,-0.2540522051062608
14.494949494949495,73.28282828282828,-0.18994779312962004
14.494949494949495,73.48484848484848,-0.0894546016259575
14.494949494949495,73.68686868686869,-0.03808052277377308
14.494949494949495,73.88888888888889,0.032430063483436807
14.494949494949495,74.0909090909091,0.026178851284925156
14.494949494949495,74.29292929292929,0.03151124741901317
14.494949494949495,74.4949494949495,0.005017488858914477
14.494949494949495,74.6969696969697,0.014471282859198818
14.494949494949495,74.8989898989899,0.030175639353648878
14.494949494949495,75.1010101010101,0.0994769012325494
14.494949494949495,75.3030303030303,0.13787717982306238
14.494949494949495,75.5050505050505,0.16601671104524543
14.494949494949495,75.70707070707071,0.1624543797645399
14.494949494949495,75.9090909090909,0.1543306582540116
14.494949494949495,76.11111111111111,0.13982235653584446
14.494949494949495,76.31313131313131,0.09385508160436387
14.494949494949495,76.51515151515152,0.059995661734374844
14.494949494949495,76.71717171717171,-0.015797379815919284
14.494949494949495,76.91919191919192,-0.05039756105870731
14.494949494949495,77.12121212121212,-0.07746190733421628
14.494949494949495,77.32323232323232,-0.13638556259396328
14.494949494949495,77.52525252525253,-0.17628829952049646
14.494949494949495,77.72727272727272,-0.18308295521505863
14.494949494949495,77.92929292929293,-0.23515193784361355
14.494949494949495,78.13131313131314,-0.20980757746048556
14.494949494949495,78.33333333333333,-0.1760380073633253
14.494949494949495,78.53535353535354,-0.11719346254133318
14.494949494949495,78.73737373737373,-0.06006510284033362
14.494949494949495,78.93939393939394,-0.017144006667747392
14.494949494949495,79.14141414141415,0.05847312579100502
14.494949494949495,79.34343434343434,0.09345774899199899
14.494949494949495,79.54545454545455,0.14858886519016568
14.494949494949495,79.74747474747474,0.15479608045109197
14.494949494949495,79.94949494949495,0.18183270550928357
14.494949494949495,80.15151515151516,0.18333779843577427
14.494949494949495,80.35353535353535,0.18748622790431876
14.494949494949495,80.55555555555556,0.1410701520690446
14.494949494949495,80.75757575757575,0.09728547831078711
14.494949494949495,80.95959595959596,0.042309718961796
14.494949494949495,81.16161616161617,-0.021701068156841807
14.494949494949495,81.36363636363636,-0.07963402272777015
14.494949494949495,81.56565656565657,-0.1393646167074732
14.494949494949495,81.76767676767676,-0.18654050963008173
14.494949494949495,81.96969696969697,-0.21290802469614542
14.494949494949495,82.17171717171718,-0.2220363183692001
14.494949494949495,82.37373737373737,-0.2180199367210289
14.494949494949495,82.57575757575758,-0.204466909668638
14.494949494949495,82.77777777777777,-0.16917222689086248
14.494949494949495,82.97979797979798,-0.13651238552071826
14.494949494949495,83.18181818181819,-0.05622435130139168
14.494949494949495,83.38383838383838,0.0021451493760392738
14.494949494949495,83.58585858585859,0.07196972654588765
14.494949494949495,83.78787878787878,0.1160864762269672
14.494949494949495,83.98989898989899,0.1412404945944554
14.494949494949495,84.1919191919192,0.18364327270764683
14.494949494949495,84.39393939393939,0.19845241587205237
14.494949494949495,84.5959595959596,0.20482950089557597
14.494949494949495,84.79797979797979,0.15741648670757571
14.494949494949495,85.0,0.1442962893515805
14.696969696969697,65.0,0.012777900047404155
14.696969696969697,65.20202020202021,0.0451503414309212
14.696969696969697,65.4040404040404,0.09144936462122916
14.696969696969697,65.60606060606061,0.11481111259243633
14.696969696969697,65.8080808080808,0.13267816253113804
14.696969696969697,66.01010101010101,0.14200053317182013
14.696969696969697,66.21212121212122,0.1328136408620481
14.696969696969697,66.41414141414141,0.12971796460013613
14.696969696969697,66.61616161616162,0.08958022490787476
14.696969696969697,66.81818181818181,0.05593929314304692
14.696969696969697,67.02020202020202,0.048221128729293794
14.696969696969697,67.22222222222223,0.006489534067657204
14.696969696969697,67.42424242424242,-0.051719624469308514
14.696969696969697,67.62626262626263,-0.06385932458238973
14.696969696969697,67.82828282828282,-0.06739149939937061
14.696969696969697,68.03030303030303,-0.07090491248028935
14.696969696969697,68.23232323232324,-0.08769834724431029
14.696969696969697,68.43434343434343,-0.05857802577025298
14.696969696969697,68.63636363636364,-0.05989964499819142
14.696969696969697,68.83838383838383,-0.05987842038648245
14.696969696969697,69.04040404040404,-0.04066101089471765
14.696969696969697,69.24242424242425,-0.025388340988011047
14.696969696969697,69.44444444444444,0.01641476050708813
14.696969696969697,69.64646464646465,0.08248218527724165
14.696969696969697,69.84848484848484,0.13226565208309832
14.696969696969697,70.05050505050505,0.14773781466655417
14.696969696969697,70.25252525252526,0.16197469230068995
14.696969696969697,70.45454545454545,0.10837313502161118
14.696969696969697,70.65656565656566,0.05208500012799793
14.696969696969697,70.85858585858585,-0.013849232634779985
14.696969696969697,71.06060606060606,-0.06107664275500656
14.696969696969697,71.26262626262626,-0.01987615182765827
14.696969696969697,71.46464646464646,0.060728497570372714
14.696969696969697,71.66666666666667,0.14201312482659292
14.696969696969697,71.86868686868686,0.2031906699308561
14.696969696969697,72.07070707070707,0.19444246870145476
14.696969696969697,72.27272727272727,0.102047495753476
14.696969696969697,72.47474747474747,-0.02119973007753125
14.696969696969697,72.67676767676768,-0.1300457938041648
14.696969696969697,72.87878787878788,-0.21077001455600175
14.696969696969697,73.08080808080808,-0.21626408873642367
14.696969696969697,73.28282828282828,-0.171891599387354
14.696969696969697,73.48484848484848,-0.07286278577485505
14.696969696969697,73.68686868686869,-0.003608431671386566
14.696969696969697,73.88888888888889,0.04358634166784904
14.696969696969697,74.0909090909091,0.030836055355125656
14.696969696969697,74.29292929292929,-0.00888539792622569
14.696969696969697,74.4949494949495,-0.024575912938612693
14.696969696969697,74.6969696969697,0.004218513076800608
14.696969696969697,74.8989898989899,0.01852101684582574
14.696969696969697,75.1010101010101,0.06831847875576917
14.696969696969697,75.3030303030303,0.10288199531600822
14.696969696969697,75.5050505050505,0.125241285230656
14.696969696969697,75.70707070707071,0.13457352661254587
14.696969696969697,75.9090909090909,0.12045675924313934
14.696969696969697,76.11111111111111,0.11090595464749074
14.696969696969697,76.31313131313131,0.0784348276797836
14.696969696969697,76.51515151515152,0.04701324493871662
14.696969696969697,76.71717171717171,0.009127308099447297
14.696969696969697,76.91919191919192,-0.030537305348253812
14.696969696969697,77.12121212121212,-0.05890295332942479
14.696969696969697,77.32323232323232,-0.10551846146775454
14.696969696969697,77.52525252525253,-0.12367147200722811
14.696969696969697,77.72727272727272,-0.13936502379025892
14.696969696969697,77.92929292929293,-0.15578083520562783
14.696969696969697,78.13131313131314,-0.15529932641315744
14.696969696969697,78.33333333333333,-0.13976698192468157
14.696969696969697,78.53535353535354,-0.1045870227259131
14.696969696969697,78.73737373737373,-0.07450546978850979
14.696969696969697,78.93939393939394,-0.025085924327007826
14.696969696969697,79.14141414141415,0.009347644454759425
14.696969696969697,79.34343434343434,0.032789810770013125
14.696969696969697,79.54545454545455,0.07398322211882069
14.696969696969697,79.74747474747474,0.09191729974813179
14.696969696969697,79.94949494949495,0.11365597089652096
14.696969696969697,80.15151515151516,0.12836945262863242
14.696969696969697,80.35353535353535,0.14230580695838355
14.696969696969697,80.55555555555556,0.14243679272812268
14.696969696969697,80.75757575757575,0.11680138592145872
14.696969696969697,80.95959595959596,0.07410368846074411
14.696969696969697,81.16161616161617,0.03164811769156648
14.696969696969697,81.36363636363636,-0.009573990841061652
14.696969696969697,81.56565656565657,-0.07099704519157891
14.696969696969697,81.76767676767676,-0.12396126436400634
14.696969696969697,81.96969696969697,-0.13706219671675382
14.696969696969697,82.17171717171718,-0.18489716575732934
14.696969696969697,82.37373737373737,-0.20562903759516837
14.696969696969697,82.57575757575758,-0.2218681703122623
14.696969696969697,82.77777777777777,-0.18678158231909334
14.696969696969697,82.97979797979798,-0.18016284411706646
14.696969696969697,83.18181818181819,-0.12722088080393454
14.696969696969697,83.38383838383838,-0.057292352138061615
14.696969696969697,83.58585858585859,0.0074266681542904
14.696969696969697,83.78787878787878,0.057284645446389934
14.696969696969697,83.98989898989899,0.12031776463461107
14.696969696969697,84.1919191919192,0.16044082434452905
14.696969696969697,84.39393939393939,0.19685975153433577
14.696969696969697,84.5959595959596,0.2203296407299358
14.696969696969697,84.79797979797979,0.20792496113791809
14.696969696969697,85.0,0.18552575964944917
14.8989898989899,65.0,0.059761706495427294
14.8989898989899,65.20202020202021,0.11114884511040891
14.8989898989899,65.4040404040404,0.1193732515102939
14.8989898989899,65.60606060606061,0.12499044023626286
14.8989898989899,65.8080808080808,0.12049336066125002
14.8989898989899,66.01010101010101,0.07856352164161395
14.8989898989899,66.21212121212122,0.05460485610779132
14.8989898989899,66.41414141414141,0.007732671962009739
14.8989898989899,66.61616161616162,0.028564491149651747
14.8989898989899,66.81818181818181,-0.028260998894881494
14.8989898989899,67.02020202020202,-0.033022272610725004
14.8989898989899,67.22222222222223,-0.06513524989691989
14.8989898989899,67.42424242424242,-0.04494898915355029
14.8989898989899,67.62626262626263,-0.030464250966082438
14.8989898989899,67.82828282828282,-0.03530232192576353
14.8989898989899,68.03030303030303,-0.024578610475140046
14.8989898989899,68.23232323232324,0.004340290338890551
14.8989898989899,68.43434343434343,-0.0027660470158718704
14.8989898989899,68.63636363636364,0.023103620546602453
14.8989898989899,68.83838383838383,0.027360211852945304
14.8989898989899,69.04040404040404,0.012461294906816097
14.8989898989899,69.24242424242425,0.010590248026116628
14.8989898989899,69.44444444444444,0.03284535317122459
14.8989898989899,69.64646464646465,0.05987887700922002
14.8989898989899,69.84848484848484,0.06477344450479725
14.8989898989899,70.05050505050505,0.09527763050300617
14.8989898989899,70.25252525252526,0.10428201446170608
14.8989898989899,70.45454545454545,0.0218900747664158
14.8989898989899,70.65656565656566,-0.027912405796896342
14.8989898989899,70.85858585858585,-0.06051670039362693
14.8989898989899,71.06060606060606,-0.08166963688251527
14.8989898989899,71.26262626262626,-0.05381783209238668
14.8989898989899,71.46464646464646,0.0439100535373138
14.8989898989899,71.66666666666667,0.14328348992882906
14.8989898989899,71.86868686868686,0.20364539402005674
14.8989898989899,72.07070707070707,0.21236118470149926
14.8989898989899,72.27272727272727,0.1420064399065386
14.8989898989899,72.47474747474747,0.033137170422232264
14.8989898989899,72.67676767676768,-0.08872428387738363
14.8989898989899,72.87878787878788,-0.16610534183619197
14.8989898989899,73.08080808080808,-0.16416701210022672
14.8989898989899,73.28282828282828,-0.10285179887952794
14.8989898989899,73.48484848484848,-0.04990600383319389
14.8989898989899,73.68686868686869,0.006480396996500664
14.8989898989899,73.88888888888889,0.04536334513655078
14.8989898989899,74.0909090909091,0.02862978519366144
14.8989898989899,74.29292929292929,0.02205308696351691
14.8989898989899,74.4949494949495,-0.019096663150747782
14.8989898989899,74.6969696969697,-0.01427091496157211
14.8989898989899,74.8989898989899,-0.009801102436174956
14.8989898989899,75.1010101010101,0.03296536471879392
14.8989898989899,75.3030303030303,0.05917638544338727
14.8989898989899,75.5050505050505,0.07378281632367231
14.8989898989899,75.70707070707071,0.07453342864205569
14.8989898989899,75.9090909090909,0.06865109767897376
14.8989898989899,76.11111111111111,0.06772372960924246
14.8989898989899,76.31313131313131,0.057570865517110895
14.8989898989899,76.51515151515152,0.032988734940859625
14.8989898989899,76.71717171717171,0.016734633931375247
14.8989898989899,76.91919191919192,-0.008977586491162811
14.8989898989899,77.12121212121212,-0.029959208884254
14.8989898989899,77.32323232323232,-0.05322354220649554
14.8989898989899,77.52525252525253,-0.06803063304731004
14.8989898989899,77.72727272727272,-0.054303799189113024
14.8989898989899,77.92929292929293,-0.08676817151568172
14.8989898989899,78.13131313131314,-0.08678224390093622
14.8989898989899,78.33333333333333,-0.08633697464570257
14.8989898989899,78.53535353535354,-0.08524282294790224
14.8989898989899,78.73737373737373,-0.05753445625209901
14.8989898989899,78.93939393939394,-0.0596889683086365
14.8989898989899,79.14141414141415,-0.033237687773914275
14.8989898989899,79.34343434343434,-0.03502273299567975
14.8989898989899,79.54545454545455,-0.027305286611794755
14.8989898989899,79.74747474747474,0.00540041127806791
14.8989898989899,79.94949494949495,0.01643713972697048
14.8989898989899,80.15151515151516,0.06112451791944587
14.8989898989899,80.35353535353535,0.06816965223963475
14.8989898989899,80.55555555555556,0.09166211074023509
14.8989898989899,80.75757575757575,0.08325557427483812
14.8989898989899,80.95959595959596,0.11710299764531928
14.8989898989899,81.16161616161617,0.053866957890220744
14.8989898989899,81.36363636363636,0.04386216251011487
14.8989898989899,81.56565656565657,0.02194714643467708
14.8989898989899,81.76767676767676,-0.017183575760924406
14.8989898989899,81.96969696969697,-0.06006913811381043
14.8989898989899,82.17171717171718,-0.11311573928765528
14.8989898989899,82.37373737373737,-0.13355898655843454
14.8989898989899,82.57575757575758,-0.1651000066884812
14.8989898989899,82.77777777777777,-0.18459053257738797
14.8989898989899,82.97979797979798,-0.17939189798110025
14.8989898989899,83.18181818181819,-0.1614462234078066
14.8989898989899,83.38383838383838,-0.1264471512986202
14.8989898989899,83.58585858585859,-0.04992447631507929
14.8989898989899,83.78787878787878,0.013774280198359213
14.8989898989899,83.98989898989899,0.055974932043784086
14.8989898989899,84.1919191919192,0.122393816410124
14.8989898989899,84.39393939393939,0.17041322270112289
14.8989898989899,84.5959595959596,0.20252949981538448
14.8989898989899,84.79797979797979,0.2136687118966122
14.8989898989899,85.0,0.21045516285706078
15.1010101010101,65.0,0.11808683594705775
15.1010101010101,65.20202020202021,0.1210972515101915
15.1010101010101,65.4040404040404,0.1317397503926126
15.1010101010101,65.60606060606061,0.09165730023174452
15.1010101010101,65.8080808080808,0.048966579737314705
15.1010101010101,66.01010101010101,0.013398965530862117
15.1010101010101,66.21212121212122,-0.031119154172137314
15.1010101010101,66.41414141414141,-0.05318571019983998
15.1010101010101,66.61616161616162,-0.08817096667591931
15.1010101010101,66.81818181818181,-0.09859802208592963
15.1010101010101,67.02020202020202,-0.09887048745975845
15.1010101010101,67.22222222222223,-0.08204383586413959
15.1010101010101,67.42424242424242,-0.07324371978678401
15.1010101010101,67.62626262626263,-0.035170318734520076
15.1010101010101,67.82828282828282,-0.0037708265246354207
15.1010101010101,68.03030303030303,0.044644333619036844
15.1010101010101,68.23232323232324,0.08794915141175932
15.1010101010101,68.43434343434343,0.10328928138654668
15.1010101010101,68.63636363636364,0.11864635276043692
15.1010101010101,68.83838383838383,0.08191119450482215
15.1010101010101,69.04040404040404,0.07710442804886752
15.1010101010101,69.24242424242425,0.039508167267255666
15.1010101010101,69.44444444444444,0.042383807596743234
15.1010101010101,69.64646464646465,0.04880105799451636
15.1010101010101,69.84848484848484,0.04156409531009614
15.1010101010101,70.05050505050505,0.041203546324030976
15.1010101010101,70.25252525252526,-0.002135539396314181
15.1010101010101,70.45454545454545,-0.05831689054554729
15.1010101010101,70.65656565656566,-0.09373154592394992
15.1010101010101,70.85858585858585,-0.12360567789525642
15.1010101010101,71.06060606060606,-0.15029621432332152
15.1010101010101,71.26262626262626,-0.07159752039013514
15.1010101010101,71.46464646464646,0.017832551795989703
15.1010101010101,71.66666666666667,0.11605817392683025
15.1010101010101,71.86868686868686,0.19867204630091248
15.1010101010101,72.07070707070707,0.22801559791167342
15.1010101010101,72.27272727272727,0.1733348959112562
15.1010101010101,72.47474747474747,0.06818163360057487
15.1010101010101,72.67676767676768,-0.03695195423926102
15.1010101010101,72.87878787878788,-0.09626827622992784
15.1010101010101,73.08080808080808,-0.1001404978358244
15.1010101010101,73.28282828282828,-0.06851078283181022
15.1010101010101,73.48484848484848,-0.017283649919660207
15.1010101010101,73.68686868686869,0.037318455144071734
15.1010101010101,73.88888888888889,0.06281766305316105
15.1010101010101,74.0909090909091,0.04013611467842338
15.1010101010101,74.29292929292929,0.000679684500328754
15.1010101010101,74.4949494949495,-0.019278051107951034
15.1010101010101,74.6969696969697,-0.050248208582215945
15.1010101010101,74.8989898989899,-0.03577773309636358
15.1010101010101,75.1010101010101,-0.01815615709267652
15.1010101010101,75.3030303030303,-0.011720715960452977
15.1010101010101,75.5050505050505,0.005933017480972597
15.1010101010101,75.70707070707071,-0.008912791242265848
15.1010101010101,75.9090909090909,0.028907726404519732
15.1010101010101,76.11111111111111,-0.001027240123317636
15.1010101010101,76.31313131313131,0.0248874337028208
15.1010101010101,76.51515151515152,0.011009926511095025
15.1010101010101,76.71717171717171,0.017291352637678302
15.1010101010101,76.91919191919192,0.006823687019272539
15.1010101010101,77.12121212121212,0.013258804360691918
15.1010101010101,77.32323232323232,0.016679907194954807
15.1010101010101,77.52525252525253,0.014892994083312069
15.1010101010101,77.72727272727272,0.012173129456598687
15.1010101010101,77.92929292929293,-0.0060202378374024715
15.1010101010101,78.13131313131314,-0.017271929788820407
15.1010101010101,78.33333333333333,-0.04139135856832249
15.1010101010101,78.53535353535354,-0.034850261764777714
15.1010101010101,78.73737373737373,-0.04428923570475608
15.1010101010101,78.93939393939394,-0.05362943462182489
15.1010101010101,79.14141414141415,-0.08041067564266444
15.1010101010101,79.34343434343434,-0.10155582668266505
15.1010101010101,79.54545454545455,-0.11339808703737975
15.1010101010101,79.74747474747474,-0.07598672068999301
15.1010101010101,79.94949494949495,-0.08094120874596046
15.1010101010101,80.15151515151516,-0.03363209508122165
15.1010101010101,80.35353535353535,0.0033350240663417045
15.1010101010101,80.55555555555556,0.03850318106320802
15.1010101010101,80.75757575757575,0.06768768716614754
15.1010101010101,80.95959595959596,0.08907745820284528
15.1010101010101,81.16161616161617,0.07410447475411104
15.1010101010101,81.36363636363636,0.09746834086356522
15.1010101010101,81.56565656565657,0.06163274897571672
15.1010101010101,81.76767676767676,0.06525418846125103
15.1010101010101,81.96969696969697,0.014661221613959635
15.1010101010101,82.17171717171718,-0.047790663795879304
15.1010101010101,82.37373737373737,-0.0836152343130414
15.1010101010101,82.57575757575758,-0.1258394242231395
15.1010101010101,82.77777777777777,-0.14186707775340193
15.1010101010101,82.97979797979798,-0.16995256240839696
15.1010101010101,83.18181818181819,-0.16820775126323143
15.1010101010101,83.38383838383838,-0.13996202844787053
15.1010101010101,83.58585858585859,-0.11482430407341988
15.1010101010101,83.78787878787878,-0.0547757303989972
15.1010101010101,83.98989898989899,0.0037460164987741756
15.1010101010101,84.1919191919192,0.04427361803972236
15.1010101010101,84.39393939393939,0.12587351474095906
15.1010101010101,84.5959595959596,0.1378866828217579
15.1010101010101,84.79797979797979,0.1842711328568586
15.1010101010101,85.0,0.16267365578006412
15.303030303030303,65.0,0.1563162415867429
15.303030303030303,65.20202020202021,0.15217274067044914
15.303030303030303,65.4040404040404,0.10040617334924452
15.303030303030303,65.60606060606061,0.056988870593101766
15.303030303030303,65.8080808080808,0.01326225381241229
15.303030303030303,66.01010101010101,-0.05353862388055774
15.303030303030303,66.21212121212122,-0.08691980580872853
15.303030303030303,66.41414141414141,-0.14605453817309152
15.303030303030303,66.61616161616162,-0.17412060035201812
15.303030303030303,66.81818181818181,-0.17605725150010462
15.303030303030303,67.02020202020202,-0.1587035650748172
15.303030303030303,67.22222222222223,-0.11874217761520045
15.303030303030303,67.42424242424242,-0.06859023165996884
15.303030303030303,67.62626262626263,-0.015780666922757133
15.303030303030303,67.82828282828282,0.03946875881441573
15.303030303030303,68.03030303030303,0.12034785634273984
15.303030303030303,68.23232323232324,0.1306286997755531
15.303030303030303,68.43434343434343,0.16536891631937323
15.303030303030303,68.63636363636364,0.17111880099369395
15.303030303030303,68.83838383838383,0.15288669178184583
15.303030303030303,69.04040404040404,0.11426132333816257
15.303030303030303,69.24242424242425,0.07774588190982076
15.303030303030303,69.44444444444444,0.0560585499592673
15.303030303030303,69.64646464646465,0.03408598475190459
15.303030303030303,69.84848484848484,0.01133955975528656
15.303030303030303,70.05050505050505,-0.026504752233518246
15.303030303030303,70.25252525252526,-0.05506507156038487
15.303030303030303,70.45454545454545,-0.11519292057957194
15.303030303030303,70.65656565656566,-0.16535862887617886
15.303030303030303,70.85858585858585,-0.19280789104823684
15.303030303030303,71.06060606060606,-0.18034997833379326
15.303030303030303,71.26262626262626,-0.10262600277605366
15.303030303030303,71.46464646464646,-0.019365744680266188
15.303030303030303,71.66666666666667,0.1113882215199396
15.303030303030303,71.86868686868686,0.19616851649485495
15.303030303030303,72.07070707070707,0.23776429715752384
15.303030303030303,72.27272727272727,0.1982206079562382
15.303030303030303,72.47474747474747,0.1058200223385644
15.303030303030303,72.67676767676768,0.01392827598146448
15.303030303030303,72.87878787878788,-0.023867357296444368
15.303030303030303,73.08080808080808,-0.045654967769277084
15.303030303030303,73.28282828282828,-0.023385146410326234
15.303030303030303,73.48484848484848,0.018448270308195132
15.303030303030303,73.68686868686869,0.06774669516959582
15.303030303030303,73.88888888888889,0.08713442364012973
15.303030303030303,74.0909090909091,0.04241661870288669
15.303030303030303,74.29292929292929,0.009383584010354273
15.303030303030303,74.4949494949495,-0.037897750712292136
15.303030303030303,74.6969696969697,-0.07386662601906882
15.303030303030303,74.8989898989899,-0.060039630894512315
15.303030303030303,75.1010101010101,-0.07427808217929936
15.303030303030303,75.3030303030303,-0.057287918019755274
15.303030303030303,75.5050505050505,-0.058263029094290104
15.303030303030303,75.70707070707071,-0.04596331726351248
15.303030303030303,75.9090909090909,-0.06406941667002937
15.303030303030303,76.11111111111111,-0.04261198745725408
15.303030303030303,76.31313131313131,-0.04116979824764946
15.303030303030303,76.51515151515152,-0.01888297290613528
15.303030303030303,76.71717171717171,-0.02822990846461642
15.303030303030303,76.91919191919192,0.05169112914451912
15.303030303030303,77.12121212121212,0.05755324218735702
15.303030303030303,77.32323232323232,0.062088191438635795
15.303030303030303,77.52525252525253,0.07061445947835687
15.303030303030303,77.72727272727272,0.08142416677404606
15.303030303030303,77.92929292929293,0.0886525761043495
15.303030303030303,78.13131313131314,0.0471348643696411
15.303030303030303,78.33333333333333,0.039059363237625946
15.303030303030303,78.53535353535354,0.024657222125933458
15.303030303030303,78.73737373737373,-0.04243088589934818
15.303030303030303,78.93939393939394,-0.06947662563199587
15.303030303030303,79.14141414141415,-0.0855554170827536
15.303030303030303,79.34343434343434,-0.13250742272949434
15.303030303030303,79.54545454545455,-0.1566644845939475
15.303030303030303,79.74747474747474,-0.1544595767747601
15.303030303030303,79.94949494949495,-0.1467829044608159
15.303030303030303,80.15151515151516,-0.09860273654780172
15.303030303030303,80.35353535353535,-0.075265959913414
15.303030303030303,80.55555555555556,-0.04530175212485593
15.303030303030303,80.75757575757575,0.017899322911674984
15.303030303030303,80.95959595959596,0.05725725685614039
15.303030303030303,81.16161616161617,0.10151029455310831
15.303030303030303,81.36363636363636,0.1266389574682252
15.303030303030303,81.56565656565657,0.15014299026882474
15.303030303030303,81.76767676767676,0.13589852224266885
15.303030303030303,81.96969696969697,0.10378499786603032
15.303030303030303,82.17171717171718,0.05747532688749599
15.303030303030303,82.37373737373737,-0.006278582149108186
15.303030303030303,82.57575757575758,-0.07205497718781814
15.303030303030303,82.77777777777777,-0.09754694888522752
15.303030303030303,82.97979797979798,-0.1275228087052982
15.303030303030303,83.18181818181819,-0.15785085874581006
15.303030303030303,83.38383838383838,-0.16556320688257592
15.303030303030303,83.58585858585859,-0.14084078047495963
15.303030303030303,83.78787878787878,-0.11543528413671558
15.303030303030303,83.98989898989899,-0.05468857959261918
15.303030303030303,84.1919191919192,-0.009541835445926801
15.303030303030303,84.39393939393939,0.03738033823179952
15.303030303030303,84.5959595959596,0.07854067237282722
15.303030303030303,84.79797979797979,0.08984255686777627
15.303030303030303,85.0,0.12661682372297053
15.505050505050505,65.0,0.14632266768885482
15.505050505050505,65.20202020202021,0.11454886741108196
15.505050505050505,65.4040404040404,0.06805378896180037
15.505050505050505,65.60606060606061,0.013559997754074155
15.505050505050505,65.8080808080808,-0.023659141101966458
15.505050505050505,66.01010101010101,-0.11161992406470787
15.505050505050505,66.21212121212122,-0.1542244183729626
15.505050505050505,66.41414141414141,-0.2042777475068178
15.505050505050505,66.61616161616162,-0.20376324860191125
15.505050505050505,66.81818181818181,-0.18859995913486738
15.505050505050505,67.02020202020202,-0.1585417158889981
15.505050505050505,67.22222222222223,-0.0941310026349273
15.505050505050505,67.42424242424242,-0.059043254229722286
15.505050505050505,67.62626262626263,0.009770996460867043
15.505050505050505,67.82828282828282,0.08059783985750009
15.505050505050505,68.03030303030303,0.14337559810812403
15.505050505050505,68.23232323232324,0.17743166577061473
15.505050505050505,68.43434343434343,0.20901268280315466
15.505050505050505,68.63636363636364,0.18749195081778655
15.505050505050505,68.83838383838383,0.16023461807470124
15.505050505050505,69.04040404040404,0.13817151646851844
15.505050505050505,69.24242424242425,0.0929691389397944
15.505050505050505,69.44444444444444,0.061440726258411536
15.505050505050505,69.64646464646465,0.024453602761894695
15.505050505050505,69.84848484848484,-0.007801229635403268
15.505050505050505,70.05050505050505,-0.040089260695686676
15.505050505050505,70.25252525252526,-0.08559010372458559
15.505050505050505,70.45454545454545,-0.14543801472499526
15.505050505050505,70.65656565656566,-0.19888339542877717
15.505050505050505,70.85858585858585,-0.23263808659625865
15.505050505050505,71.06060606060606,-0.20827247801255272
15.505050505050505,71.26262626262626,-0.15080265718378716
15.505050505050505,71.46464646464646,-0.024896763384928657
15.505050505050505,71.66666666666667,0.07132825803743248
15.505050505050505,71.86868686868686,0.1572912028400765
15.505050505050505,72.07070707070707,0.2312679127487127
15.505050505050505,72.27272727272727,0.1929501378376767
15.505050505050505,72.47474747474747,0.14259997870936697
15.505050505050505,72.67676767676768,0.07341042445078894
15.505050505050505,72.87878787878788,0.029279336968445983
15.505050505050505,73.08080808080808,0.019909166703375437
15.505050505050505,73.28282828282828,0.02662314501989102
15.505050505050505,73.48484848484848,0.0766504186278592
15.505050505050505,73.68686868686869,0.08354739160461992
15.505050505050505,73.88888888888889,0.09082864674733446
15.505050505050505,74.0909090909091,0.05131832134404408
15.505050505050505,74.29292929292929,0.01096319306045906
15.505050505050505,74.4949494949495,-0.039441618088569705
15.505050505050505,74.6969696969697,-0.07413280306800255
15.505050505050505,74.8989898989899,-0.09547553808306544
15.505050505050505,75.1010101010101,-0.11194542391755087
15.505050505050505,75.3030303030303,-0.11079913059775912
15.505050505050505,75.5050505050505,-0.10003374724683191
15.505050505050505,75.70707070707071,-0.0979996832092755
15.505050505050505,75.9090909090909,-0.11456385709602418
15.505050505050505,76.11111111111111,-0.10428956620969913
15.505050505050505,76.31313131313131,-0.07234646030859025
15.505050505050505,76.51515151515152,-0.022117141064329115
15.505050505050505,76.71717171717171,0.01805000499922739
15.505050505050505,76.91919191919192,0.03740493819322729
15.505050505050505,77.12121212121212,0.08826128966866356
15.505050505050505,77.32323232323232,0.13550499748080072
15.505050505050505,77.52525252525253,0.14348986904724984
15.505050505050505,77.72727272727272,0.16378969055791476
15.505050505050505,77.92929292929293,0.15626436024492474
15.505050505050505,78.13131313131314,0.11920789636215046
15.505050505050505,78.33333333333333,0.09384853091404939
15.505050505050505,78.53535353535354,0.05124765313021643
15.505050505050505,78.73737373737373,-0.0008146568640963448
15.505050505050505,78.93939393939394,-0.04852396646169763
15.505050505050505,79.14141414141415,-0.10805272927403287
15.505050505050505,79.34343434343434,-0.18918602026629916
15.505050505050505,79.54545454545455,-0.20687170045206243
15.505050505050505,79.74747474747474,-0.22987027571036503
15.505050505050505,79.94949494949495,-0.199577302661271
15.505050505050505,80.15151515151516,-0.17453781598698198
15.505050505050505,80.35353535353535,-0.1359239603815836
15.505050505050505,80.55555555555556,-0.09878821102123503
15.505050505050505,80.75757575757575,-0.024211186986718328
15.505050505050505,80.95959595959596,0.0378138231249981
15.505050505050505,81.16161616161617,0.0756464775620358
15.505050505050505,81.36363636363636,0.11993956579858159
15.505050505050505,81.56565656565657,0.16438032157563454
15.505050505050505,81.76767676767676,0.19163906316609208
15.505050505050505,81.96969696969697,0.17797182557779426
15.505050505050505,82.17171717171718,0.1335642791926433
15.505050505050505,82.37373737373737,0.0728028301234954
15.505050505050505,82.57575757575758,0.03401501912899364
15.505050505050505,82.77777777777777,-0.034028178462336196
15.505050505050505,82.97979797979798,-0.08576057946595925
15.505050505050505,83.18181818181819,-0.1379693247243657
15.505050505050505,83.38383838383838,-0.14090325064608925
15.505050505050505,83.58585858585859,-0.1587744076775431
15.505050505050505,83.78787878787878,-0.14690720931027085
15.505050505050505,83.98989898989899,-0.1525376966285333
15.505050505050505,84.1919191919192,-0.09888914281860255
15.505050505050505,84.39393939393939,-0.08958410167585758
15.505050505050505,84.5959595959596,-0.017196445505402475
15.505050505050505,84.79797979797979,0.01218251090559442
15.505050505050505,85.0,0.033342934247769705
15.707070707070708,65.0,0.10988779614334765
15.707070707070708,65.20202020202021,0.04862542365786108
15.707070707070708,65.4040404040404,0.007335558149073099
15.707070707070708,65.60606060606061,-0.04080343088604504
15.707070707070708,65.8080808080808,-0.13553724661592476
15.707070707070708,66.01010101010101,-0.16047077878718208
15.707070707070708,66.21212121212122,-0.19612281878883692
15.707070707070708,66.41414141414141,-0.21872639151617584
15.707070707070708,66.61616161616162,-0.19925600870985682
15.707070707070708,66.81818181818181,-0.19861014126942114
15.707070707070708,67.02020202020202,-0.1484773726334215
15.707070707070708,67.22222222222223,-0.10449664373630141
15.707070707070708,67.42424242424242,-0.007775582488097163
15.707070707070708,67.62626262626263,0.0375277037858708
15.707070707070708,67.82828282828282,0.09402809057104794
15.707070707070708,68.03030303030303,0.14649010540493962
15.707070707070708,68.23232323232324,0.18680746076599827
15.707070707070708,68.43434343434343,0.198302739082558
15.707070707070708,68.63636363636364,0.21557329463865932
15.707070707070708,68.83838383838383,0.17012688586871472
15.707070707070708,69.04040404040404,0.12537351000305383
15.707070707070708,69.24242424242425,0.08463232147587682
15.707070707070708,69.44444444444444,0.049138980734736167
15.707070707070708,69.64646464646465,0.005621841276958294
15.707070707070708,69.84848484848484,-0.010308588488028278
15.707070707070708,70.05050505050505,-0.040011803572772675
15.707070707070708,70.25252525252526,-0.10204991536648154
15.707070707070708,70.45454545454545,-0.1612797993409147
15.707070707070708,70.65656565656566,-0.19286388439685526
15.707070707070708,70.85858585858585,-0.2548846800071914
15.707070707070708,71.06060606060606,-0.25232224256472024
15.707070707070708,71.26262626262626,-0.1847719426980164
15.707070707070708,71.46464646464646,-0.09116119709603375
15.707070707070708,71.66666666666667,0.038286292698542605
15.707070707070708,71.86868686868686,0.12151531904021526
15.707070707070708,72.07070707070707,0.16988001289644156
15.707070707070708,72.27272727272727,0.1811349343869465
15.707070707070708,72.47474747474747,0.12546127842925614
15.707070707070708,72.67676767676768,0.09465118642009952
15.707070707070708,72.87878787878788,0.07287061439275362
15.707070707070708,73.08080808080808,0.05192376014320026
15.707070707070708,73.28282828282828,0.08564123689996378
15.707070707070708,73.48484848484848,0.10402112067258479
15.707070707070708,73.68686868686869,0.13051044495238312
15.707070707070708,73.88888888888889,0.09368273466676436
15.707070707070708,74.0909090909091,0.0534054637708741
15.707070707070708,74.29292929292929,0.009679100127316993
15.707070707070708,74.4949494949495,-0.05243676365551592
15.707070707070708,74.6969696969697,-0.09447434785352245
15.707070707070708,74.8989898989899,-0.12149466895213618
15.707070707070708,75.1010101010101,-0.12846915073995013
15.707070707070708,75.3030303030303,-0.14718137895820446
15.707070707070708,75.5050505050505,-0.15344240102083329
15.707070707070708,75.70707070707071,-0.14601627634026262
15.707070707070708,75.9090909090909,-0.1404638870853891
15.707070707070708,76.11111111111111,-0.12254909297008335
15.707070707070708,76.31313131313131,-0.09867269867877486
15.707070707070708,76.51515151515152,-0.04099590474978326
15.707070707070708,76.71717171717171,0.0007916045949840642
15.707070707070708,76.91919191919192,0.06695571499171687
15.707070707070708,77.12121212121212,0.09040519536370899
15.707070707070708,77.32323232323232,0.1383386784324577
15.707070707070708,77.52525252525253,0.18847941012620986
15.707070707070708,77.72727272727272,0.1736885821194449
15.707070707070708,77.92929292929293,0.17893990834780304
15.707070707070708,78.13131313131314,0.15205649913218483
15.707070707070708,78.33333333333333,0.11781508550094796
15.707070707070708,78.53535353535354,0.09953551312125948
15.707070707070708,78.73737373737373,0.02835395469620991
15.707070707070708,78.93939393939394,-0.03448903605545536
15.707070707070708,79.14141414141415,-0.11548314679282876
15.707070707070708,79.34343434343434,-0.15224679799025598
15.707070707070708,79.54545454545455,-0.18905829440922578
15.707070707070708,79.74747474747474,-0.21518732620166228
15.707070707070708,79.94949494949495,-0.22518561377799534
15.707070707070708,80.15151515151516,-0.22928742663029306
15.707070707070708,80.35353535353535,-0.18437204425351508
15.707070707070708,80.55555555555556,-0.1350042552570302
15.707070707070708,80.75757575757575,-0.1004226483522262
15.707070707070708,80.95959595959596,-0.026252689725891343
15.707070707070708,81.16161616161617,0.061617949804186126
15.707070707070708,81.36363636363636,0.12154107624948748
15.707070707070708,81.56565656565657,0.14305575445016502
15.707070707070708,81.76767676767676,0.1932042669887854
15.707070707070708,81.96969696969697,0.19126573384200898
15.707070707070708,82.17171717171718,0.18193957009713738
15.707070707070708,82.37373737373737,0.1339597515582124
15.707070707070708,82.57575757575758,0.10100645985202385
15.707070707070708,82.77777777777777,0.051395790514184275
15.707070707070708,82.97979797979798,-0.012940445604510336
15.707070707070708,83.18181818181819,-0.058574074089436545
15.707070707070708,83.38383838383838,-0.10822941144037894
15.707070707070708,83.58585858585859,-0.11897401915689185
15.707070707070708,83.78787878787878,-0.15910438621706682
15.707070707070708,83.98989898989899,-0.17723951484548112
15.707070707070708,84.1919191919192,-0.17298947132947065
15.707070707070708,84.39393939393939,-0.15072753665656194
15.707070707070708,84.5959595959596,-0.12024677598751059
15.707070707070708,84.79797979797979,-0.10885941084959211
15.707070707070708,85.0,-0.04046578308590755
15.909090909090908,65.0,0.047804816321117306
15.909090909090908,65.20202020202021,-0.0010831766799584202
15.909090909090908,65.4040404040404,-0.05645049538084488
15.909090909090908,65.60606060606061,-0.1024001167633585
15.909090909090908,65.8080808080808,-0.14621025432533244
15.909090909090908,66.01010101010101,-0.16788640461131193
15.909090909090908,66.21212121212122,-0.1974781387066303
15.909090909090908,66.41414141414141,-0.1903363796209996
15.909090909090908,66.61616161616162,-0.18273525640512586
15.909090909090908,66.81818181818181,-0.13955162562083795
15.909090909090908,67.02020202020202,-0.10132609267696371
15.909090909090908,67.22222222222223,-0.02800685790758498
15.909090909090908,67.42424242424242,0.004253690238271195
15.909090909090908,67.62626262626263,0.05803826010358537
15.909090909090908,67.82828282828282,0.1000470041575719
15.909090909090908,68.03030303030303,0.1322087435021154
15.909090909090908,68.23232323232324,0.16335743274677011
15.909090909090908,68.43434343434343,0.15880306744687092
15.909090909090908,68.63636363636364,0.1666948525315068
15.909090909090908,68.83838383838383,0.12268949531034906
15.909090909090908,69.04040404040404,0.10305158257464421
15.909090909090908,69.24242424242425,0.06254292355618538
15.909090909090908,69.44444444444444,0.04646752603283212
15.909090909090908,69.64646464646465,0.01765544551911087
15.909090909090908,69.84848484848484,-0.008523256263322837
15.909090909090908,70.05050505050505,-0.02670646315138178
15.909090909090908,70.25252525252526,-0.08862249083779762
15.909090909090908,70.45454545454545,-0.1303001944193404
15.909090909090908,70.65656565656566,-0.19765552966189698
15.909090909090908,70.85858585858585,-0.22372230129454596
15.909090909090908,71.06060606060606,-0.23454540008354618
15.909090909090908,71.26262626262626,-0.18217757264553325
15.909090909090908,71.46464646464646,-0.09322725303583479
15.909090909090908,71.66666666666667,0.022251836245397144
15.909090909090908,71.86868686868686,0.08721691368607332
15.909090909090908,72.07070707070707,0.1494210418650475
15.909090909090908,72.27272727272727,0.14117956146525046
15.909090909090908,72.47474747474747,0.11293797612413586
15.909090909090908,72.67676767676768,0.10384390045790785
15.909090909090908,72.87878787878788,0.07785115293572539
15.909090909090908,73.08080808080808,0.07332953607832159
15.909090909090908,73.28282828282828,0.10642780515987062
15.909090909090908,73.48484848484848,0.12212287536313562
15.909090909090908,73.68686868686869,0.11404790318788949
15.909090909090908,73.88888888888889,0.1275606400251559
15.909090909090908,74.0909090909091,0.0885586205843932
15.909090909090908,74.29292929292929,0.03959848363251035
15.909090909090908,74.4949494949495,-0.03368021828703156
15.909090909090908,74.6969696969697,-0.09120956625256219
15.909090909090908,74.8989898989899,-0.11712025311522567
15.909090909090908,75.1010101010101,-0.13911235478160575
15.909090909090908,75.3030303030303,-0.1415637561985045
15.909090909090908,75.5050505050505,-0.1603635364553134
15.909090909090908,75.70707070707071,-0.15671825523164615
15.909090909090908,75.9090909090909,-0.14941494065887853
15.909090909090908,76.11111111111111,-0.11395085817980585
15.909090909090908,76.31313131313131,-0.10078795460209033
15.909090909090908,76.51515151515152,-0.033761681811479205
15.909090909090908,76.71717171717171,0.014482217006804748
15.909090909090908,76.91919191919192,0.06588353532274788
15.909090909090908,77.12121212121212,0.10831623834643306
15.909090909090908,77.32323232323232,0.15956666263849714
15.909090909090908,77.52525252525253,0.17785478638326233
15.909090909090908,77.72727272727272,0.17516209882302425
15.909090909090908,77.92929292929293,0.17509379768935918
15.909090909090908,78.13131313131314,0.15905151520969013
15.909090909090908,78.33333333333333,0.1459837419646729
15.909090909090908,78.53535353535354,0.08908792939871846
15.909090909090908,78.73737373737373,0.057717047987397255
15.909090909090908,78.93939393939394,0.0016065025613370386
15.909090909090908,79.14141414141415,-0.0810808880306251
15.909090909090908,79.34343434343434,-0.13234639636493833
15.909090909090908,79.54545454545455,-0.1798542048142381
15.909090909090908,79.74747474747474,-0.20597807889822223
15.909090909090908,79.94949494949495,-0.21557764143815072
15.909090909090908,80.15151515151516,-0.24730584310791326
15.909090909090908,80.35353535353535,-0.21519029713398288
15.909090909090908,80.55555555555556,-0.17949489183349235
15.909090909090908,80.75757575757575,-0.14021065256567655
15.909090909090908,80.95959595959596,-0.06893165249154633
15.909090909090908,81.16161616161617,0.007157116696038893
15.909090909090908,81.36363636363636,0.06441281035468853
15.909090909090908,81.56565656565657,0.10678957858526833
15.909090909090908,81.76767676767676,0.1915553215492473
15.909090909090908,81.96969696969697,0.18826193239112735
15.909090909090908,82.17171717171718,0.19059292696111807
15.909090909090908,82.37373737373737,0.1645585688191959
15.909090909090908,82.57575757575758,0.14920813710459357
15.909090909090908,82.77777777777777,0.10462570147772711
15.909090909090908,82.97979797979798,0.03911343434126563
15.909090909090908,83.18181818181819,-0.00564260763111522
15.909090909090908,83.38383838383838,-0.04097750095306606
15.909090909090908,83.58585858585859,-0.08069050329675144
15.909090909090908,83.78787878787878,-0.14159551118069702
15.909090909090908,83.98989898989899,-0.17060286408452666
15.909090909090908,84.1919191919192,-0.20796217329724445
15.909090909090908,84.39393939393939,-0.2173516646198426
15.909090909090908,84.5959595959596,-0.1986002579103242
15.909090909090908,84.79797979797979,-0.16879639937091578
15.909090909090908,85.0,-0.1342533651154889
16.11111111111111,65.0,-0.03405194213952754
16.11111111111111,65.20202020202021,-0.07096446226550607
16.11111111111111,65.4040404040404,-0.10679669751368775
16.11111111111111,65.60606060606061,-0.14296183117494488
16.11111111111111,65.8080808080808,-0.15794224851526303
16.11111111111111,66.01010101010101,-0.16371794408091953
16.11111111111111,66.21212121212122,-0.15772029144411534
16.11111111111111,66.41414141414141,-0.1307426185831707
16.11111111111111,66.61616161616162,-0.11666894558927211
16.11111111111111,66.81818181818181,-0.08421150300024052
16.11111111111111,67.02020202020202,-0.022341856004775503
16.11111111111111,67.22222222222223,0.03383596085335917
16.11111111111111,67.42424242424242,0.044035049517238564
16.11111111111111,67.62626262626263,0.08124862870712748
16.11111111111111,67.82828282828282,0.09932023558382846
16.11111111111111,68.03030303030303,0.1056238845481025
16.11111111111111,68.23232323232324,0.10827304191352506
16.11111111111111,68.43434343434343,0.09543354610743726
16.11111111111111,68.63636363636364,0.07009417187395503
16.11111111111111,68.83838383838383,0.06407967691929828
16.11111111111111,69.04040404040404,0.051787213265993066
16.11111111111111,69.24242424242425,0.049445270527768766
16.11111111111111,69.44444444444444,0.02447111271535399
16.11111111111111,69.64646464646465,0.010204632472749098
16.11111111111111,69.84848484848484,-0.005414425065807818
16.11111111111111,70.05050505050505,-0.01000711917254896
16.11111111111111,70.25252525252526,-0.03631740529817074
16.11111111111111,70.45454545454545,-0.08541916591767276
16.11111111111111,70.65656565656566,-0.13974082533176777
16.11111111111111,70.85858585858585,-0.1972214613054963
16.11111111111111,71.06060606060606,-0.19263687684477265
16.11111111111111,71.26262626262626,-0.13828094911010017
16.11111111111111,71.46464646464646,-0.08320552458726917
16.11111111111111,71.66666666666667,-0.0327945375984483
16.11111111111111,71.86868686868686,0.04980426141378337
16.11111111111111,72.07070707070707,0.09484515616925197
16.11111111111111,72.27272727272727,0.09286230007946351
16.11111111111111,72.47474747474747,0.06504094851920389
16.11111111111111,72.67676767676768,0.07319269339360997
16.11111111111111,72.87878787878788,0.06007638806401824
16.11111111111111,73.08080808080808,0.07232079918462186
16.11111111111111,73.28282828282828,0.09919999696037082
16.11111111111111,73.48484848484848,0.12223951314070458
16.11111111111111,73.68686868686869,0.13022505956530725
16.11111111111111,73.88888888888889,0.10657070694940166
16.11111111111111,74.0909090909091,0.07671774269939854
16.11111111111111,74.29292929292929,0.010223701697430993
16.11111111111111,74.4949494949495,-0.024640339499668977
16.11111111111111,74.6969696969697,-0.10668313245783795
16.11111111111111,74.8989898989899,-0.11957856172606036
16.11111111111111,75.1010101010101,-0.13171788478262725
16.11111111111111,75.3030303030303,-0.16278093700216656
16.11111111111111,75.5050505050505,-0.1466748661484222
16.11111111111111,75.70707070707071,-0.13653220009000172
16.11111111111111,75.9090909090909,-0.1675644657420653
16.11111111111111,76.11111111111111,-0.11276662560733834
16.11111111111111,76.31313131313131,-0.10671873220859505
16.11111111111111,76.51515151515152,-0.03798023741630482
16.11111111111111,76.71717171717171,0.008004536751311145
16.11111111111111,76.91919191919192,0.026882754639880817
16.11111111111111,77.12121212121212,0.10857957301902006
16.11111111111111,77.32323232323232,0.12037039793201543
16.11111111111111,77.52525252525253,0.12676084867641074
16.11111111111111,77.72727272727272,0.15849122127722692
16.11111111111111,77.92929292929293,0.12682579461341822
16.11111111111111,78.13131313131314,0.12526710286856899
16.11111111111111,78.33333333333333,0.0969258464951881
16.11111111111111,78.53535353535354,0.1088263417203913
16.11111111111111,78.73737373737373,0.055490750273927296
16.11111111111111,78.93939393939394,0.013826502186028343
16.11111111111111,79.14141414141415,-0.03844996232599407
16.11111111111111,79.34343434343434,-0.08559329583629999
16.11111111111111,79.54545454545455,-0.13733837120967846
16.11111111111111,79.74747474747474,-0.17389411230873086
16.11111111111111,79.94949494949495,-0.20162480545040168
16.11111111111111,80.15151515151516,-0.22039130398390158
16.11111111111111,80.35353535353535,-0.21109178078992805
16.11111111111111,80.55555555555556,-0.18870404047878453
16.11111111111111,80.75757575757575,-0.15612725244269787
16.11111111111111,80.95959595959596,-0.12479992778971778
16.11111111111111,81.16161616161617,-0.06728210865942619
16.11111111111111,81.36363636363636,0.01663132254004899
16.11111111111111,81.56565656565657,0.059833458428312405
16.11111111111111,81.76767676767676,0.11798457235341266
16.11111111111111,81.96969696969697,0.13863559193780672
16.11111111111111,82.17171717171718,0.15793948907998248
16.11111111111111,82.37373737373737,0.171727961889433
16.11111111111111,82.57575757575758,0.16957628642295206
16.11111111111111,82.77777777777777,0.1416315579982089
16.11111111111111,82.97979797979798,0.12388437483855
16.11111111111111,83.18181818181819,0.06385589825902753
16.11111111111111,83.38383838383838,0.023819238248861282
16.11111111111111,83.58585858585859,-0.05072350400326584
16.11111111111111,83.78787878787878,-0.13832158333432562
16.11111111111111,83.98989898989899,-0.15870710761684603
16.11111111111111,84.1919191919192,-0.23047382001485203
16.11111111111111,84.39393939393939,-0.24437830583297415
16.11111111111111,84.5959595959596,-0.2654309486331231
16.11111111111111,84.79797979797979,-0.22425493487096712
16.11111111111111,85.0,-0.19762556907459888
16.313131313131315,65.0,-0.09503611142644285
16.313131313131315,65.20202020202021,-0.1242364044780972
16.313131313131315,65.4040404040404,-0.1422802700169837
16.313131313131315,65.60606060606061,-0.14516678543890302
16.313131313131315,65.8080808080808,-0.15124854728248788
16.313131313131315,66.01010101010101,-0.148313396792066
16.313131313131315,66.21212121212122,-0.1197375599694571
16.313131313131315,66.41414141414141,-0.07589922445739163
16.313131313131315,66.61616161616162,-0.02019254811472585
16.313131313131315,66.81818181818181,0.014295443615395127
16.313131313131315,67.02020202020202,0.03711418196472663
16.313131313131315,67.22222222222223,0.07416638064902367
16.313131313131315,67.42424242424242,0.07356177988047301
16.313131313131315,67.62626262626263,0.08496350581016092
16.313131313131315,67.82828282828282,0.09307364204935577
16.313131313131315,68.03030303030303,0.0533651538475064
16.313131313131315,68.23232323232324,0.05354183334759831
16.313131313131315,68.43434343434343,0.025942451311069703
16.313131313131315,68.63636363636364,0.019587406823509953
16.313131313131315,68.83838383838383,0.009757847191358384
16.313131313131315,69.04040404040404,0.0006149986137567618
16.313131313131315,69.24242424242425,0.02636888781488835
16.313131313131315,69.44444444444444,0.0033164514743382785
16.313131313131315,69.64646464646465,0.01915988077263627
16.313131313131315,69.84848484848484,-0.0020352303039381583
16.313131313131315,70.05050505050505,0.016474204025885536
16.313131313131315,70.25252525252526,0.004249512390059894
16.313131313131315,70.45454545454545,-0.04678072782904626
16.313131313131315,70.65656565656566,-0.10919208985122084
16.313131313131315,70.85858585858585,-0.12139577963632932
16.313131313131315,71.06060606060606,-0.13674290188193322
16.313131313131315,71.26262626262626,-0.11584752308024011
16.313131313131315,71.46464646464646,-0.062353498472328635
16.313131313131315,71.66666666666667,-0.0323525845817538
16.313131313131315,71.86868686868686,0.012112096122397227
16.313131313131315,72.07070707070707,0.03918917905515899
16.313131313131315,72.27272727272727,0.05988746797719987
16.313131313131315,72.47474747474747,0.0544596316782615
16.313131313131315,72.67676767676768,0.03509874333805318
16.313131313131315,72.87878787878788,0.05004842916170987
16.313131313131315,73.08080808080808,0.062104687991301866
16.313131313131315,73.28282828282828,0.08064147335708949
16.313131313131315,73.48484848484848,0.09154596620348587
16.313131313131315,73.68686868686869,0.10419441548077057
16.313131313131315,73.88888888888889,0.07536097647492347
16.313131313131315,74.0909090909091,0.07439566557573046
16.313131313131315,74.29292929292929,0.031052506056906945
16.313131313131315,74.4949494949495,-0.014455964623361302
16.313131313131315,74.6969696969697,-0.05578751003450745
16.313131313131315,74.8989898989899,-0.09180109329284859
16.313131313131315,75.1010101010101,-0.11855794157610464
16.313131313131315,75.3030303030303,-0.12671266003993126
16.313131313131315,75.5050505050505,-0.1423851450919623
16.313131313131315,75.70707070707071,-0.12925647430851606
16.313131313131315,75.9090909090909,-0.11168703548127977
16.313131313131315,76.11111111111111,-0.10037286957592524
16.313131313131315,76.31313131313131,-0.05714854893010994
16.313131313131315,76.51515151515152,-0.03970160020172564
16.313131313131315,76.71717171717171,0.00254766550071529
16.313131313131315,76.91919191919192,0.03135879268958111
16.313131313131315,77.12121212121212,0.06032088276885517
16.313131313131315,77.32323232323232,0.0759497592703196
16.313131313131315,77.52525252525253,0.08068025883734847
16.313131313131315,77.72727272727272,0.055469954729815384
16.313131313131315,77.92929292929293,0.0898244621230479
16.313131313131315,78.13131313131314,0.09250868534281383
16.313131313131315,78.33333333333333,0.0667634010838471
16.313131313131315,78.53535353535354,0.06111120976706259
16.313131313131315,78.73737373737373,0.030318374698185907
16.313131313131315,78.93939393939394,-0.004893051631808098
16.313131313131315,79.14141414141415,-0.022120258345310256
16.313131313131315,79.34343434343434,-0.054093506397597524
16.313131313131315,79.54545454545455,-0.08903560483629133
16.313131313131315,79.74747474747474,-0.13094125970492726
16.313131313131315,79.94949494949495,-0.1593834970560406
16.313131313131315,80.15151515151516,-0.17422830996354427
16.313131313131315,80.35353535353535,-0.19304798069039147
16.313131313131315,80.55555555555556,-0.17916540081050047
16.313131313131315,80.75757575757575,-0.1644217782681658
16.313131313131315,80.95959595959596,-0.12113698061645684
16.313131313131315,81.16161616161617,-0.09528097135019771
16.313131313131315,81.36363636363636,-0.05654324048123079
16.313131313131315,81.56565656565657,-0.013294404380699468
16.313131313131315,81.76767676767676,0.04683214130127069
16.313131313131315,81.96969696969697,0.09299605367002386
16.313131313131315,82.17171717171718,0.12193513262895657
16.313131313131315,82.37373737373737,0.16071036726563934
16.313131313131315,82.57575757575758,0.1505201176049082
16.313131313131315,82.77777777777777,0.1576564310930313
16.313131313131315,82.97979797979798,0.14437776486467624
16.313131313131315,83.18181818181819,0.09856013181576569
16.313131313131315,83.38383838383838,0.048950960619943806
16.313131313131315,83.58585858585859,-0.00925088635688425
16.313131313131315,83.78787878787878,-0.07919659682296032
16.313131313131315,83.98989898989899,-0.12211304264049617
16.313131313131315,84.1919191919192,-0.2019559604566102
16.313131313131315,84.39393939393939,-0.2344125922683835
16.313131313131315,84.5959595959596,-0.2597293250253271
16.313131313131315,84.79797979797979,-0.2750044654462991
16.313131313131315,85.0,-0.24087495414710572
16.515151515151516,65.0,-0.14627658674498661
16.515151515151516,65.20202020202021,-0.14079230397818124
16.515151515151516,65.4040404040404,-0.16616754974368764
16.515151515151516,65.60606060606061,-0.14709693880736374
16.515151515151516,65.8080808080808,-0.1281343325170976
16.515151515151516,66.01010101010101,-0.09656055223755333
16.515151515151516,66.21212121212122,-0.026694103578537746
16.515151515151516,66.41414141414141,0.008357085298933406
16.515151515151516,66.61616161616162,0.04905194372123291
16.515151515151516,66.81818181818181,0.07694806288603222
16.515151515151516,67.02020202020202,0.11314855014476924
16.515151515151516,67.22222222222223,0.09835042573091937
16.515151515151516,67.42424242424242,0.10015145079879395
16.515151515151516,67.62626262626263,0.05689829045938691
16.515151515151516,67.82828282828282,0.027484720405079946
16.515151515151516,68.03030303030303,0.011437229885278366
16.515151515151516,68.23232323232324,-0.012307407163837658
16.515151515151516,68.43434343434343,-0.03360260820028074
16.515151515151516,68.63636363636364,-0.06189016994569351
16.515151515151516,68.83838383838383,-0.059247156303244924
16.515151515151516,69.04040404040404,-0.04686519287696064
16.515151515151516,69.24242424242425,-0.0415254318797231
16.515151515151516,69.44444444444444,0.0022237565228040122
16.515151515151516,69.64646464646465,-0.012227752558289751
16.515151515151516,69.84848484848484,0.023760462490543803
16.515151515151516,70.05050505050505,0.03696922134094391
16.515151515151516,70.25252525252526,0.009632944969835508
16.515151515151516,70.45454545454545,0.0033223783095373324
16.515151515151516,70.65656565656566,-0.01003237972537839
16.515151515151516,70.85858585858585,-0.051360752404417474
16.515151515151516,71.06060606060606,-0.059453685290107784
16.515151515151516,71.26262626262626,-0.0621275039585818
16.515151515151516,71.46464646464646,-0.05463463977383052
16.515151515151516,71.66666666666667,-0.02541477253567937
16.515151515151516,71.86868686868686,0.0008811358635086792
16.515151515151516,72.07070707070707,-0.010307621529477735
16.515151515151516,72.27272727272727,0.002401304456726124
16.515151515151516,72.47474747474747,0.007832568553069831
16.515151515151516,72.67676767676768,0.0052379656633134795
16.515151515151516,72.87878787878788,0.004880412497272441
16.515151515151516,73.08080808080808,0.008099306036892077
16.515151515151516,73.28282828282828,0.04845919009752754
16.515151515151516,73.48484848484848,0.07511989590162281
16.515151515151516,73.68686868686869,0.08262478025600022
16.515151515151516,73.88888888888889,0.08274133462819332
16.515151515151516,74.0909090909091,0.05188084265448239
16.515151515151516,74.29292929292929,0.040200434186975297
16.515151515151516,74.4949494949495,-0.0039389583985056445
16.515151515151516,74.6969696969697,-0.03405023039895056
16.515151515151516,74.8989898989899,-0.061250561476635115
16.515151515151516,75.1010101010101,-0.08087593822323697
16.515151515151516,75.3030303030303,-0.09377147031763483
16.515151515151516,75.5050505050505,-0.08617736947306795
16.515151515151516,75.70707070707071,-0.07293730933475114
16.515151515151516,75.9090909090909,-0.08163613726569408
16.515151515151516,76.11111111111111,-0.05796191262488448
16.515151515151516,76.31313131313131,-0.04409657732408785
16.515151515151516,76.51515151515152,-0.036215655608092166
16.515151515151516,76.71717171717171,-0.002209044469725566
16.515151515151516,76.91919191919192,-0.007394722674917696
16.515151515151516,77.12121212121212,0.01636775172890196
16.515151515151516,77.32323232323232,0.0038122847900189786
16.515151515151516,77.52525252525253,-0.006083859778493337
16.515151515151516,77.72727272727272,-0.018717531794958026
16.515151515151516,77.92929292929293,-0.009625367462206668
16.515151515151516,78.13131313131314,-0.005155350401760162
16.515151515151516,78.33333333333333,-0.009015355451668334
16.515151515151516,78.53535353535354,0.005984150730848476
16.515151515151516,78.73737373737373,0.0016099153855733354
16.515151515151516,78.93939393939394,0.013617524092159147
16.515151515151516,79.14141414141415,0.014025880003643895
16.515151515151516,79.34343434343434,-0.025152708135660506
16.515151515151516,79.54545454545455,-0.01719399109534528
16.515151515151516,79.74747474747474,-0.06270612717771118
16.515151515151516,79.94949494949495,-0.10050315154266083
16.515151515151516,80.15151515151516,-0.1109876950358035
16.515151515151516,80.35353535353535,-0.14617186745008393
16.515151515151516,80.55555555555556,-0.1587213197870934
16.515151515151516,80.75757575757575,-0.16913121074118573
16.515151515151516,80.95959595959596,-0.1690007752983706
16.515151515151516,81.16161616161617,-0.13605898545094267
16.515151515151516,81.36363636363636,-0.11592576435658067
16.515151515151516,81.56565656565657,-0.08788770439201998
16.515151515151516,81.76767676767676,-0.0236288842247521
16.515151515151516,81.96969696969697,0.004237065377407107
16.515151515151516,82.17171717171718,0.047987796636824245
16.515151515151516,82.37373737373737,0.10885142888891428
16.515151515151516,82.57575757575758,0.11259507675781304
16.515151515151516,82.77777777777777,0.1155771679537837
16.515151515151516,82.97979797979798,0.14278254613513677
16.515151515151516,83.18181818181819,0.11374431222313872
16.515151515151516,83.38383838383838,0.07884656662225267
16.515151515151516,83.58585858585859,0.03004184551637652
16.515151515151516,83.78787878787878,-0.020097355919746394
16.515151515151516,83.98989898989899,-0.08945921303502746
16.515151515151516,84.1919191919192,-0.12598173240293858
16.515151515151516,84.39393939393939,-0.20690563113995677
16.515151515151516,84.5959595959596,-0.22373830107494241
16.515151515151516,84.79797979797979,-0.23589950251941516
16.515151515151516,85.0,-0.23908912919218317
16.717171717171716,65.0,-0.1735121221014665
16.717171717171716,65.20202020202021,-0.14959310736930354
16.717171717171716,65.4040404040404,-0.1478401858834614
16.717171717171716,65.60606060606061,-0.1091785226508082
16.717171717171716,65.8080808080808,-0.052457187290512186
16.717171717171716,66.01010101010101,-0.016126001135802103
16.717171717171716,66.21212121212122,0.01173450371444066
16.717171717171716,66.41414141414141,0.0920693000542474
16.717171717171716,66.61616161616162,0.10723753502089298
16.717171717171716,66.81818181818181,0.13229199000039352
16.717171717171716,67.02020202020202,0.14328761747105923
16.717171717171716,67.22222222222223,0.1307638670089042
16.717171717171716,67.42424242424242,0.11005184595998453
16.717171717171716,67.62626262626263,0.02830891133885201
16.717171717171716,67.82828282828282,0.00486013823113015
16.717171717171716,68.03030303030303,-0.03914112139869641
16.717171717171716,68.23232323232324,-0.08141255972260066
16.717171717171716,68.43434343434343,-0.09421088012482783
16.717171717171716,68.63636363636364,-0.10220521506433117
16.717171717171716,68.83838383838383,-0.12107825630249022
16.717171717171716,69.04040404040404,-0.07194405454774068
16.717171717171716,69.24242424242425,-0.07634630384786695
16.717171717171716,69.44444444444444,-0.037008197109452926
16.717171717171716,69.64646464646465,0.008294553312373297
16.717171717171716,69.84848484848484,0.06326188627313611
16.717171717171716,70.05050505050505,0.06529248477982968
16.717171717171716,70.25252525252526,0.07813267087460118
16.717171717171716,70.45454545454545,0.08488146007622695
16.717171717171716,70.65656565656566,0.043435860340361884
16.717171717171716,70.85858585858585,0.0028148479445347374
16.717171717171716,71.06060606060606,-0.017197322526260606
16.717171717171716,71.26262626262626,-0.013643420141237482
16.717171717171716,71.46464646464646,-0.026075383196974295
16.717171717171716,71.66666666666667,0.0020603477300634374
16.717171717171716,71.86868686868686,-0.0009713635472573725
16.717171717171716,72.07070707070707,-0.014562928506647099
16.717171717171716,72.27272727272727,-0.017905375228959977
16.717171717171716,72.47474747474747,-0.04227383442961345
16.717171717171716,72.67676767676768,-0.051499363786823925
16.717171717171716,72.87878787878788,9.60699486220809e-05
16.717171717171716,73.08080808080808,-0.022184136349483304
16.717171717171716,73.28282828282828,-0.003270341940420741
16.717171717171716,73.48484848484848,0.004400924127539677
16.717171717171716,73.68686868686869,0.04487318366031004
16.717171717171716,73.88888888888889,0.04998528735167173
16.717171717171716,74.0909090909091,0.05616038932527363
16.717171717171716,74.29292929292929,0.042973789264492926
16.717171717171716,74.4949494949495,-0.009559246752503317
16.717171717171716,74.6969696969697,-0.024854904730592736
16.717171717171716,74.8989898989899,-0.03620369176380483
16.717171717171716,75.1010101010101,-0.039960096532831765
16.717171717171716,75.3030303030303,-0.026798572282007008
16.717171717171716,75.5050505050505,-0.03483145768581126
16.717171717171716,75.70707070707071,-0.009566924607942121
16.717171717171716,75.9090909090909,-0.013898299010731884
16.717171717171716,76.11111111111111,-0.03537021754355098
16.717171717171716,76.31313131313131,-0.01682832369706219
16.717171717171716,76.51515151515152,-0.022226264780638355
16.717171717171716,76.71717171717171,-0.04431211280295515
16.717171717171716,76.91919191919192,-0.06693492737984004
16.717171717171716,77.12121212121212,-0.06151657101524146
16.717171717171716,77.32323232323232,-0.08234852485262793
16.717171717171716,77.52525252525253,-0.08995328208038443
16.717171717171716,77.72727272727272,-0.1007432119357023
16.717171717171716,77.92929292929293,-0.10010196028391057
16.717171717171716,78.13131313131314,-0.08440980795639669
16.717171717171716,78.33333333333333,-0.08408666549362676
16.717171717171716,78.53535353535354,-0.04743755614365326
16.717171717171716,78.73737373737373,-0.035283427241845
16.717171717171716,78.93939393939394,-0.009875504518318303
16.717171717171716,79.14141414141415,0.012198666355592185
16.717171717171716,79.34343434343434,-0.0031025906322633984
16.717171717171716,79.54545454545455,0.002615891473197977
16.717171717171716,79.74747474747474,-0.009690010383663473
16.717171717171716,79.94949494949495,-0.03592947694352428
16.717171717171716,80.15151515151516,-0.049408446756445235
16.717171717171716,80.35353535353535,-0.09509177904176566
16.717171717171716,80.55555555555556,-0.12139902214874444
16.717171717171716,80.75757575757575,-0.1460103981267463
16.717171717171716,80.95959595959596,-0.14250034716017362
16.717171717171716,81.16161616161617,-0.1610869692614243
16.717171717171716,81.36363636363636,-0.14148564762905225
16.717171717171716,81.56565656565657,-0.10510770325384435
16.717171717171716,81.76767676767676,-0.09607681278069775
16.717171717171716,81.96969696969697,-0.04866786190341919
16.717171717171716,82.17171717171718,-0.0035624698345704704
16.717171717171716,82.37373737373737,0.030580140424589473
16.717171717171716,82.57575757575758,0.057712501607299745
16.717171717171716,82.77777777777777,0.09405462266643891
16.717171717171716,82.97979797979798,0.09188813387636292
16.717171717171716,83.18181818181819,0.0980802222555196
16.717171717171716,83.38383838383838,0.08462900277690058
16.717171717171716,83.58585858585859,0.08424853372542629
16.717171717171716,83.78787878787878,0.014913779984722039
16.717171717171716,83.98989898989899,-0.030909812811205833
16.717171717171716,84.1919191919192,-0.08225467713283448
16.717171717171716,84.39393939393939,-0.11361354675290054
16.717171717171716,84.5959595959596,-0.1563201638065487
16.717171717171716,84.79797979797979,-0.16984724584608646
16.717171717171716,85.0,-0.17717307515234193
16.919191919191917,65.0,-0.17394500865902368
16.919191919191917,65.20202020202021,-0.1440310752181747
16.919191919191917,65.4040404040404,-0.08227141205387817
16.919191919191917,65.60606060606061,-0.04897937963188844
16.919191919191917,65.8080808080808,0.015597549136867318
16.919191919191917,66.01010101010101,0.04977160012363338
16.919191919191917,66.21212121212122,0.08389697654551723
16.919191919191917,66.41414141414141,0.12570463262776524
16.919191919191917,66.61616161616162,0.14324424723690768
16.919191919191917,66.81818181818181,0.15548491401330045
16.919191919191917,67.02020202020202,0.15195778064980264
16.919191919191917,67.22222222222223,0.12438608498880195
16.919191919191917,67.42424242424242,0.056781054855757566
16.919191919191917,67.62626262626263,0.016925384721019253
16.919191919191917,67.82828282828282,-0.044535258245984526
16.919191919191917,68.03030303030303,-0.0933088471417051
16.919191919191917,68.23232323232324,-0.12145368502052162
16.919191919191917,68.43434343434343,-0.15000395433507074
16.919191919191917,68.63636363636364,-0.13682544366991922
16.919191919191917,68.83838383838383,-0.12862097732399283
16.919191919191917,69.04040404040404,-0.10344985200653573
16.919191919191917,69.24242424242425,-0.08348196624218682
16.919191919191917,69.44444444444444,-0.04483420258118971
16.919191919191917,69.64646464646465,0.010611512303864552
16.919191919191917,69.84848484848484,0.050438447644300756
16.919191919191917,70.05050505050505,0.08025408557265203
16.919191919191917,70.25252525252526,0.09554315708374556
16.919191919191917,70.45454545454545,0.10984890612897619
16.919191919191917,70.65656565656566,0.09143845256742103
16.919191919191917,70.85858585858585,0.0764340019709945
16.919191919191917,71.06060606060606,0.04913022179497079
16.919191919191917,71.26262626262626,0.033149870457166365
16.919191919191917,71.46464646464646,-0.0020874373315250758
16.919191919191917,71.66666666666667,0.007816966455120021
16.919191919191917,71.86868686868686,-0.01171742328320757
16.919191919191917,72.07070707070707,-0.031718160748932106
16.919191919191917,72.27272727272727,-0.046184805199760925
16.919191919191917,72.47474747474747,-0.05556286816261424
16.919191919191917,72.67676767676768,-0.08813647977333573
16.919191919191917,72.87878787878788,-0.07471120169105777
16.919191919191917,73.08080808080808,-0.07741086932991016
16.919191919191917,73.28282828282828,-0.06886450019714667
16.919191919191917,73.48484848484848,-0.029784678508591567
16.919191919191917,73.68686868686869,-0.013097725082822163
16.919191919191917,73.88888888888889,-0.007360152006566709
16.919191919191917,74.0909090909091,0.03247051722694297
16.919191919191917,74.29292929292929,0.020029291678828498
16.919191919191917,74.4949494949495,0.01579130374710665
16.919191919191917,74.6969696969697,0.005555730577526952
16.919191919191917,74.8989898989899,0.029094435016180135
16.919191919191917,75.1010101010101,0.029653814173298966
16.919191919191917,75.3030303030303,0.037196071828601476
16.919191919191917,75.5050505050505,0.026844844671109088
16.919191919191917,75.70707070707071,0.034085278782905994
16.919191919191917,75.9090909090909,0.022337639565667835
16.919191919191917,76.11111111111111,-0.01038835356707891
16.919191919191917,76.31313131313131,-0.03744088328804143
16.919191919191917,76.51515151515152,-0.038835161958651665
16.919191919191917,76.71717171717171,-0.08361742910968956
16.919191919191917,76.91919191919192,-0.09187801719828452
16.919191919191917,77.12121212121212,-0.12555037518239265
16.919191919191917,77.32323232323232,-0.13674123806038374
16.919191919191917,77.52525252525253,-0.1761651189602951
16.919191919191917,77.72727272727272,-0.17401133800541366
16.919191919191917,77.92929292929293,-0.1888194837197838
16.919191919191917,78.13131313131314,-0.15832969306505476
16.919191919191917,78.33333333333333,-0.121828117274747
16.919191919191917,78.53535353535354,-0.12083043191815575
16.919191919191917,78.73737373737373,-0.07207700224899978
16.919191919191917,78.93939393939394,-0.012530529633960757
16.919191919191917,79.14141414141415,-0.008014827113755571
16.919191919191917,79.34343434343434,0.015760854591364434
16.919191919191917,79.54545454545455,0.03618256636648278
16.919191919191917,79.74747474747474,0.029628323639507858
16.919191919191917,79.94949494949495,0.000894971445901574
16.919191919191917,80.15151515151516,0.0075195510629626015
16.919191919191917,80.35353535353535,-0.05297308268931247
16.919191919191917,80.55555555555556,-0.06963376242151637
16.919191919191917,80.75757575757575,-0.08528256729903702
16.919191919191917,80.95959595959596,-0.12843487430374853
16.919191919191917,81.16161616161617,-0.15169303363612385
16.919191919191917,81.36363636363636,-0.14623323707493166
16.919191919191917,81.56565656565657,-0.16388810746697685
16.919191919191917,81.76767676767676,-0.15855652900212022
16.919191919191917,81.96969696969697,-0.12532930149704907
16.919191919191917,82.17171717171718,-0.10245776577875952
16.919191919191917,82.37373737373737,-0.07760076521533507
16.919191919191917,82.57575757575758,-0.018546978685014568
16.919191919191917,82.77777777777777,0.019520468840378617
16.919191919191917,82.97979797979798,0.044443405136034266
16.919191919191917,83.18181818181819,0.06658591181754919
16.919191919191917,83.38383838383838,0.08196373802084303
16.919191919191917,83.58585858585859,0.08441766986464824
16.919191919191917,83.78787878787878,0.05476348095340185
16.919191919191917,83.98989898989899,0.04070375491840482
16.919191919191917,84.1919191919192,0.009368044109975993
16.919191919191917,84.39393939393939,-0.021859474022695093
16.919191919191917,84.5959595959596,-0.06351742710971074
16.919191919191917,84.79797979797979,-0.09968676715882246
16.919191919191917,85.0,-0.11099958971143262
17.12121212121212,65.0,-0.12390658496409743
17.12121212121212,65.20202020202021,-0.06795098175140347
17.12121212121212,65.4040404040404,-0.03939284576062883
17.12121212121212,65.60606060606061,0.027854038327750574
17.12121212121212,65.8080808080808,0.06643087372971357
17.12121212121212,66.01010101010101,0.11165783011696787
17.12121212121212,66.21212121212122,0.15575707943540543
17.12121212121212,66.41414141414141,0.16699986448675094
17.12121212121212,66.61616161616162,0.1532416607335055
17.12121212121212,66.81818181818181,0.15168961189561123
17.12121212121212,67.02020202020202,0.14570665237829308
17.12121212121212,67.22222222222223,0.09500538723972948
17.12121212121212,67.42424242424242,0.030979653168983955
17.12121212121212,67.62626262626263,-0.021926272553192228
17.12121212121212,67.82828282828282,-0.06029585765457799
17.12121212121212,68.03030303030303,-0.10195694995080806
17.12121212121212,68.23232323232324,-0.14367073396189664
17.12121212121212,68.43434343434343,-0.13682221434389993
17.12121212121212,68.63636363636364,-0.15579418606945708
17.12121212121212,68.83838383838383,-0.15333633960646548
17.12121212121212,69.04040404040404,-0.1317213709817731
17.12121212121212,69.24242424242425,-0.09502704562985825
17.12121212121212,69.44444444444444,-0.03698126738710162
17.12121212121212,69.64646464646465,0.0019877634617329566
17.12121212121212,69.84848484848484,0.0690250297917577
17.12121212121212,70.05050505050505,0.10622092938722698
17.12121212121212,70.25252525252526,0.12574541236936912
17.12121212121212,70.45454545454545,0.11930371729490925
17.12121212121212,70.65656565656566,0.1190239782117683
17.12121212121212,70.85858585858585,0.12066181573675483
17.12121212121212,71.06060606060606,0.0802887256460429
17.12121212121212,71.26262626262626,0.07644423822467365
17.12121212121212,71.46464646464646,0.05226263292764595
17.12121212121212,71.66666666666667,0.030831202663530104
17.12121212121212,71.86868686868686,0.0024074220100885647
17.12121212121212,72.07070707070707,-0.019231407481391155
17.12121212121212,72.27272727272727,-0.05036665546997643
17.12121212121212,72.47474747474747,-0.07673891342367636
17.12121212121212,72.67676767676768,-0.12373505564449173
17.12121212121212,72.87878787878788,-0.13222553811802745
17.12121212121212,73.08080808080808,-0.12862497058202196
17.12121212121212,73.28282828282828,-0.10827127920075154
17.12121212121212,73.48484848484848,-0.10027993739338556
17.12121212121212,73.68686868686869,-0.07624787049254582
17.12121212121212,73.88888888888889,-0.02849424332063145
17.12121212121212,74.0909090909091,-0.026225844568418227
17.12121212121212,74.29292929292929,0.021039012568564153
17.12121212121212,74.4949494949495,0.022606549364082282
17.12121212121212,74.6969696969697,0.025045474789681055
17.12121212121212,74.8989898989899,0.054184728573475206
17.12121212121212,75.1010101010101,0.08029075153872513
17.12121212121212,75.3030303030303,0.08179579236882474
17.12121212121212,75.5050505050505,0.08674490992103494
17.12121212121212,75.70707070707071,0.08142108568364645
17.12121212121212,75.9090909090909,0.04913560180884434
17.12121212121212,76.11111111111111,0.010904790954372214
17.12121212121212,76.31313131313131,-0.019205650243499604
17.12121212121212,76.51515151515152,-0.041721035541436
17.12121212121212,76.71717171717171,-0.07956193613107401
17.12121212121212,76.91919191919192,-0.15638604529832498
17.12121212121212,77.12121212121212,-0.1631327607376414
17.12121212121212,77.32323232323232,-0.20552484309919203
17.12121212121212,77.52525252525253,-0.2248918390263539
17.12121212121212,77.72727272727272,-0.25293007317776756
17.12121212121212,77.92929292929293,-0.2626234714121577
17.12121212121212,78.13131313131314,-0.22133904727862216
17.12121212121212,78.33333333333333,-0.20655225640707195
17.12121212121212,78.53535353535354,-0.1725461225664228
17.12121212121212,78.73737373737373,-0.12868939546525843
17.12121212121212,78.93939393939394,-0.06515824879989174
17.12121212121212,79.14141414141415,-0.027792627835186375
17.12121212121212,79.34343434343434,0.014565234326041666
17.12121212121212,79.54545454545455,0.039946154028760616
17.12121212121212,79.74747474747474,0.04368170131122568
17.12121212121212,79.94949494949495,0.048579235209404374
17.12121212121212,80.15151515151516,0.032457197517226505
17.12121212121212,80.35353535353535,0.01278899559534769
17.12121212121212,80.55555555555556,-0.02476856951861637
17.12121212121212,80.75757575757575,-0.044763232888782076
17.12121212121212,80.95959595959596,-0.07215586111019556
17.12121212121212,81.16161616161617,-0.12347458295965649
17.12121212121212,81.36363636363636,-0.13049771708735536
17.12121212121212,81.56565656565657,-0.1634664894344637
17.12121212121212,81.76767676767676,-0.17493486922923973
17.12121212121212,81.96969696969697,-0.19668518902014015
17.12121212121212,82.17171717171718,-0.18772582458208684
17.12121212121212,82.37373737373737,-0.1448056506155438
17.12121212121212,82.57575757575758,-0.10318277733319287
17.12121212121212,82.77777777777777,-0.0755741949173158
17.12121212121212,82.97979797979798,-0.009343839630359098
17.12121212121212,83.18181818181819,0.01902181618659776
17.12121212121212,83.38383838383838,0.03222477739978215
17.12121212121212,83.58585858585859,0.06278548863240116
17.12121212121212,83.78787878787878,0.10030604832230028
17.12121212121212,83.98989898989899,0.06761015638856736
17.12121212121212,84.1919191919192,0.08035879256003776
17.12121212121212,84.39393939393939,0.057666726710875554
17.12121212121212,84.5959595959596,0.046702805520904854
17.12121212121212,84.79797979797979,0.027292702873156813
17.12121212121212,85.0,-0.014630726676948225
17.323232323232325,65.0,-0.060504949608343246
17.323232323232325,65.20202020202021,0.0025063144938064948
17.323232323232325,65.4040404040404,0.03594299452150772
17.323232323232325,65.60606060606061,0.09367977255246121
17.323232323232325,65.8080808080808,0.11999152460001199
17.323232323232325,66.01010101010101,0.15246046445300673
17.323232323232325,66.21212121212122,0.16274798824649472
17.323232323232325,66.41414141414141,0.17191497205742076
17.323232323232325,66.61616161616162,0.1641444096850644
17.323232323232325,66.81818181818181,0.12850558157167905
17.323232323232325,67.02020202020202,0.11192773171249688
17.323232323232325,67.22222222222223,0.06958623041057399
17.323232323232325,67.42424242424242,0.014670786873382306
17.323232323232325,67.62626262626263,-0.04734634074492821
17.323232323232325,67.82828282828282,-0.09131436696345627
17.323232323232325,68.03030303030303,-0.1269771436097469
17.323232323232325,68.23232323232324,-0.13199281024675705
17.323232323232325,68.43434343434343,-0.16472732594896544
17.323232323232325,68.63636363636364,-0.1450209457690527
17.323232323232325,68.83838383838383,-0.14966631758747032
17.323232323232325,69.04040404040404,-0.10640940714009456
17.323232323232325,69.24242424242425,-0.0809910037739998
17.323232323232325,69.44444444444444,-0.02803654070382739
17.323232323232325,69.64646464646465,0.012659804886777312
17.323232323232325,69.84848484848484,0.05775064358125154
17.323232323232325,70.05050505050505,0.09650078283438437
17.323232323232325,70.25252525252526,0.11406943666268897
17.323232323232325,70.45454545454545,0.11947570085744802
17.323232323232325,70.65656565656566,0.12453165979466932
17.323232323232325,70.85858585858585,0.10619297187672716
17.323232323232325,71.06060606060606,0.10159514621097719
17.323232323232325,71.26262626262626,0.09617777567155632
17.323232323232325,71.46464646464646,0.07161620053505369
17.323232323232325,71.66666666666667,0.05396341151010638
17.323232323232325,71.86868686868686,0.03314430113932174
17.323232323232325,72.07070707070707,-0.010521088654281566
17.323232323232325,72.27272727272727,-0.061407112068147265
17.323232323232325,72.47474747474747,-0.09500100169056007
17.323232323232325,72.67676767676768,-0.1414667837769247
17.323232323232325,72.87878787878788,-0.16011620715560052
17.323232323232325,73.08080808080808,-0.1521059372189565
17.323232323232325,73.28282828282828,-0.15946553127984775
17.323232323232325,73.48484848484848,-0.11664213429743835
17.323232323232325,73.68686868686869,-0.08922525221015577
17.323232323232325,73.88888888888889,-0.07517589950423063
17.323232323232325,74.0909090909091,-0.04649815229613635
17.323232323232325,74.29292929292929,-0.003599334665610626
17.323232323232325,74.4949494949495,0.03967632063384084
17.323232323232325,74.6969696969697,0.054765292819103105
17.323232323232325,74.8989898989899,0.09956552544176825
17.323232323232325,75.1010101010101,0.12747056034470317
17.323232323232325,75.3030303030303,0.12001739841029141
17.323232323232325,75.5050505050505,0.11725322210653634
17.323232323232325,75.70707070707071,0.11193159205880374
17.323232323232325,75.9090909090909,0.07451610367996597
17.323232323232325,76.11111111111111,0.02477588806558644
17.323232323232325,76.31313131313131,-0.019937403197837416
17.323232323232325,76.51515151515152,-0.06849360917300856
17.323232323232325,76.71717171717171,-0.1341958253377195
17.323232323232325,76.91919191919192,-0.15777712414448666
17.323232323232325,77.12121212121212,-0.21154931885059175
17.323232323232325,77.32323232323232,-0.26905614990533033
17.323232323232325,77.52525252525253,-0.26630375688652086
17.323232323232325,77.72727272727272,-0.28517561472485636
17.323232323232325,77.92929292929293,-0.2575508310783507
17.323232323232325,78.13131313131314,-0.2628073991759561
17.323232323232325,78.33333333333333,-0.23871299834973553
17.323232323232325,78.53535353535354,-0.18459270425345498
17.323232323232325,78.73737373737373,-0.15243984671978442
17.323232323232325,78.93939393939394,-0.1072507324809857
17.323232323232325,79.14141414141415,-0.048715843990838004
17.323232323232325,79.34343434343434,-0.02257630325889509
17.323232323232325,79.54545454545455,0.007838447383438184
17.323232323232325,79.74747474747474,0.06463532507236272
17.323232323232325,79.94949494949495,0.06646027267652944
17.323232323232325,80.15151515151516,0.058420446752005285
17.323232323232325,80.35353535353535,0.04904021461991341
17.323232323232325,80.55555555555556,0.03208774544022804
17.323232323232325,80.75757575757575,0.007304294078790619
17.323232323232325,80.95959595959596,-0.04514484672194414
17.323232323232325,81.16161616161617,-0.07318541161616712
17.323232323232325,81.36363636363636,-0.12237217832696043
17.323232323232325,81.56565656565657,-0.15691280192319815
17.323232323232325,81.76767676767676,-0.18478516526893413
17.323232323232325,81.96969696969697,-0.20837947439983315
17.323232323232325,82.17171717171718,-0.2101323837798463
17.323232323232325,82.37373737373737,-0.2060607165990628
17.323232323232325,82.57575757575758,-0.2030363987236014
17.323232323232325,82.77777777777777,-0.16503844697928066
17.323232323232325,82.97979797979798,-0.11048073384885485
17.323232323232325,83.18181818181819,-0.0407705393297261
17.323232323232325,83.38383838383838,-0.020077010825167434
17.323232323232325,83.58585858585859,0.03175070621372114
17.323232323232325,83.78787878787878,0.06981448331641199
17.323232323232325,83.98989898989899,0.10394125200826333
17.323232323232325,84.1919191919192,0.13483425026006
17.323232323232325,84.39393939393939,0.15687998164594363
17.323232323232325,84.5959595959596,0.1423642531259378
17.323232323232325,84.79797979797979,0.1106712231546911
17.323232323232325,85.0,0.11535547182708114
17.525252525252526,65.0,-0.00561375470161719
17.525252525252526,65.20202020202021,0.04275541591277896
17.525252525252526,65.4040404040404,0.11283037038863328
17.525252525252526,65.60606060606061,0.13307664343118525
17.525252525252526,65.8080808080808,0.17821652453472006
17.525252525252526,66.01010101010101,0.1604295160815737
17.525252525252526,66.21212121212122,0.17625234426409694
17.525252525252526,66.41414141414141,0.14531754193104698
17.525252525252526,66.61616161616162,0.12980499662786155
17.525252525252526,66.81818181818181,0.10422020258703601
17.525252525252526,67.02020202020202,0.037964882774526365
17.525252525252526,67.22222222222223,0.023241337402457065
17.525252525252526,67.42424242424242,-0.042206042264393916
17.525252525252526,67.62626262626263,-0.07278881040907278
17.525252525252526,67.82828282828282,-0.09694489816412911
17.525252525252526,68.03030303030303,-0.10191604044800721
17.525252525252526,68.23232323232324,-0.11694128430045211
17.525252525252526,68.43434343434343,-0.12257308664738208
17.525252525252526,68.63636363636364,-0.11654709029706437
17.525252525252526,68.83838383838383,-0.1022466055871066
17.525252525252526,69.04040404040404,-0.0844092027749804
17.525252525252526,69.24242424242425,-0.056306334077583654
17.525252525252526,69.44444444444444,-0.019943230318556056
17.525252525252526,69.64646464646465,-0.006334455966389527
17.525252525252526,69.84848484848484,0.02159517317402627
17.525252525252526,70.05050505050505,0.06536792735974001
17.525252525252526,70.25252525252526,0.07733387585626991
17.525252525252526,70.45454545454545,0.10446316474672136
17.525252525252526,70.65656565656566,0.13305180192252855
17.525252525252526,70.85858585858585,0.12295391893306144
17.525252525252526,71.06060606060606,0.10578986848171651
17.525252525252526,71.26262626262626,0.09236099412009215
17.525252525252526,71.46464646464646,0.09354409023407902
17.525252525252526,71.66666666666667,0.0849515865582134
17.525252525252526,71.86868686868686,0.05720058006941443
17.525252525252526,72.07070707070707,0.009411831387395472
17.525252525252526,72.27272727272727,-0.018048977240590017
17.525252525252526,72.47474747474747,-0.08922165020843624
17.525252525252526,72.67676767676768,-0.13544480103196518
17.525252525252526,72.87878787878788,-0.19394342411480406
17.525252525252526,73.08080808080808,-0.18986394249723806
17.525252525252526,73.28282828282828,-0.17484377974029108
17.525252525252526,73.48484848484848,-0.148624370883612
17.525252525252526,73.68686868686869,-0.14158920927772745
17.525252525252526,73.88888888888889,-0.09139948229803956
17.525252525252526,74.0909090909091,-0.04584555939805405
17.525252525252526,74.29292929292929,-0.015726547729207563
17.525252525252526,74.4949494949495,0.002406593590459461
17.525252525252526,74.6969696969697,0.06899098795877702
17.525252525252526,74.8989898989899,0.11235596270369608
17.525252525252526,75.1010101010101,0.12371438969777442
17.525252525252526,75.3030303030303,0.14254397870768204
17.525252525252526,75.5050505050505,0.12625969475558296
17.525252525252526,75.70707070707071,0.08786768800399954
17.525252525252526,75.9090909090909,0.08702028169638565
17.525252525252526,76.11111111111111,0.03127346506583388
17.525252525252526,76.31313131313131,-0.0038273349561998918
17.525252525252526,76.51515151515152,-0.06476292149774514
17.525252525252526,76.71717171717171,-0.1285109895044028
17.525252525252526,76.91919191919192,-0.17165604897277198
17.525252525252526,77.12121212121212,-0.2034966659329881
17.525252525252526,77.32323232323232,-0.2297830928123598
17.525252525252526,77.52525252525253,-0.2570796327113647
17.525252525252526,77.72727272727272,-0.25856023264408584
17.525252525252526,77.92929292929293,-0.26957530423909226
17.525252525252526,78.13131313131314,-0.2624314396254865
17.525252525252526,78.33333333333333,-0.22960443050684293
17.525252525252526,78.53535353535354,-0.19558931323009102
17.525252525252526,78.73737373737373,-0.17228982512641414
17.525252525252526,78.93939393939394,-0.13260806720736817
17.525252525252526,79.14141414141415,-0.07275912069502001
17.525252525252526,79.34343434343434,-0.04092308502910919
17.525252525252526,79.54545454545455,-0.0020866873640426054
17.525252525252526,79.74747474747474,0.026467765524077463
17.525252525252526,79.94949494949495,0.06771648881907634
17.525252525252526,80.15151515151516,0.07719739153550177
17.525252525252526,80.35353535353535,0.05246868820347339
17.525252525252526,80.55555555555556,0.04838956812460892
17.525252525252526,80.75757575757575,0.04093322552839276
17.525252525252526,80.95959595959596,0.0075811595005107115
17.525252525252526,81.16161616161617,-0.03855935518342327
17.525252525252526,81.36363636363636,-0.09517757131342593
17.525252525252526,81.56565656565657,-0.13747355096765088
17.525252525252526,81.76767676767676,-0.1794191780884523
17.525252525252526,81.96969696969697,-0.20850442972605163
17.525252525252526,82.17171717171718,-0.221068543242458
17.525252525252526,82.37373737373737,-0.25712612457109824
17.525252525252526,82.57575757575758,-0.25452882962821505
17.525252525252526,82.77777777777777,-0.22111928493876248
17.525252525252526,82.97979797979798,-0.17026269193846555
17.525252525252526,83.18181818181819,-0.1442087036770326
17.525252525252526,83.38383838383838,-0.05615919435991
17.525252525252526,83.58585858585859,-0.008250483654268692
17.525252525252526,83.78787878787878,0.05137177035221107
17.525252525252526,83.98989898989899,0.1036308915699578
17.525252525252526,84.1919191919192,0.17684094778215773
17.525252525252526,84.39393939393939,0.20120681650408165
17.525252525252526,84.5959595959596,0.21653700338817436
17.525252525252526,84.79797979797979,0.1952072271469713
17.525252525252526,85.0,0.16919049017501878
17.727272727272727,65.0,0.04834327452956783
17.727272727272727,65.20202020202021,0.10179457010563624
17.727272727272727,65.4040404040404,0.13447797401190462
17.727272727272727,65.60606060606061,0.1485187132878284
17.727272727272727,65.8080808080808,0.19628024815434275
17.727272727272727,66.01010101010101,0.14414912780120717
17.727272727272727,66.21212121212122,0.13559421269532865
17.727272727272727,66.41414141414141,0.08423684713707988
17.727272727272727,66.61616161616162,0.047378734016706774
17.727272727272727,66.81818181818181,0.03422147907268749
17.727272727272727,67.02020202020202,0.0025613026216352724
17.727272727272727,67.22222222222223,-0.016318175285682187
17.727272727272727,67.42424242424242,-0.04954322095988093
17.727272727272727,67.62626262626263,-0.07165380792048825
17.727272727272727,67.82828282828282,-0.08746762400591084
17.727272727272727,68.03030303030303,-0.06396903338760457
17.727272727272727,68.23232323232324,-0.06719698054075199
17.727272727272727,68.43434343434343,-0.08564029571863009
17.727272727272727,68.63636363636364,-0.06925541068243847
17.727272727272727,68.83838383838383,-0.06330157471729163
17.727272727272727,69.04040404040404,-0.060362114396894484
17.727272727272727,69.24242424242425,-0.037498314933025724
17.727272727272727,69.44444444444444,-0.02174445915469299
17.727272727272727,69.64646464646465,-0.01448637610072168
17.727272727272727,69.84848484848484,0.004053201844336033
17.727272727272727,70.05050505050505,0.04390296307020193
17.727272727272727,70.25252525252526,0.06227824427692311
17.727272727272727,70.45454545454545,0.07604803955336163
17.727272727272727,70.65656565656566,0.0751343424420642
17.727272727272727,70.85858585858585,0.10282427931689253
17.727272727272727,71.06060606060606,0.10777774795109135
17.727272727272727,71.26262626262626,0.07047875231147147
17.727272727272727,71.46464646464646,0.09396349453457589
17.727272727272727,71.66666666666667,0.0747845932947259
17.727272727272727,71.86868686868686,0.05505859529138198
17.727272727272727,72.07070707070707,0.015040504814691859
17.727272727272727,72.27272727272727,-0.021141358773251347
17.727272727272727,72.47474747474747,-0.05546887884835536
17.727272727272727,72.67676767676768,-0.12239713087841204
17.727272727272727,72.87878787878788,-0.1479926075446658
17.727272727272727,73.08080808080808,-0.189983635757788
17.727272727272727,73.28282828282828,-0.1793225257680079
17.727272727272727,73.48484848484848,-0.1732236186997896
17.727272727272727,73.68686868686869,-0.1420753198193154
17.727272727272727,73.88888888888889,-0.10977034460743093
17.727272727272727,74.0909090909091,-0.06374474052543355
17.727272727272727,74.29292929292929,-0.0539623995808783
17.727272727272727,74.4949494949495,0.0011061576564189313
17.727272727272727,74.6969696969697,0.0633007031919653
17.727272727272727,74.8989898989899,0.07815661819151203
17.727272727272727,75.1010101010101,0.12106806714761695
17.727272727272727,75.3030303030303,0.13563379266181042
17.727272727272727,75.5050505050505,0.11823737028554544
17.727272727272727,75.70707070707071,0.09406289040518413
17.727272727272727,75.9090909090909,0.06798089607699584
17.727272727272727,76.11111111111111,0.034089663479301646
17.727272727272727,76.31313131313131,-0.02989412519568272
17.727272727272727,76.51515151515152,-0.07136271574920805
17.727272727272727,76.71717171717171,-0.11605854464914214
17.727272727272727,76.91919191919192,-0.17061078257274065
17.727272727272727,77.12121212121212,-0.17561088873603078
17.727272727272727,77.32323232323232,-0.19120149033132447
17.727272727272727,77.52525252525253,-0.20634154669288324
17.727272727272727,77.72727272727272,-0.23267054737270576
17.727272727272727,77.92929292929293,-0.23545382640857393
17.727272727272727,78.13131313131314,-0.21449612352087236
17.727272727272727,78.33333333333333,-0.1921822660863653
17.727272727272727,78.53535353535354,-0.17906450819344968
17.727272727272727,78.73737373737373,-0.15266483688350257
17.727272727272727,78.93939393939394,-0.11511726290799992
17.727272727272727,79.14141414141415,-0.10257684748884645
17.727272727272727,79.34343434343434,-0.06515583905261006
17.727272727272727,79.54545454545455,-0.014606629085472195
17.727272727272727,79.74747474747474,-0.0022165081397383965
17.727272727272727,79.94949494949495,0.01456398478322264
17.727272727272727,80.15151515151516,0.04156667317871675
17.727272727272727,80.35353535353535,0.05023389034270409
17.727272727272727,80.55555555555556,0.0635060890121563
17.727272727272727,80.75757575757575,0.04023563165887288
17.727272727272727,80.95959595959596,0.029785042852364097
17.727272727272727,81.16161616161617,-0.013881735853840525
17.727272727272727,81.36363636363636,-0.07059060600288888
17.727272727272727,81.56565656565657,-0.09383657819041089
17.727272727272727,81.76767676767676,-0.14337690079570944
17.727272727272727,81.96969696969697,-0.18522964442701267
17.727272727272727,82.17171717171718,-0.23710145431911184
17.727272727272727,82.37373737373737,-0.26718278831250514
17.727272727272727,82.57575757575758,-0.26726033634200214
17.727272727272727,82.77777777777777,-0.24722384591580224
17.727272727272727,82.97979797979798,-0.2329198032706266
17.727272727272727,83.18181818181819,-0.18128340962720096
17.727272727272727,83.38383838383838,-0.1261341142929016
17.727272727272727,83.58585858585859,-0.06448180579935218
17.727272727272727,83.78787878787878,0.040426945599261355
17.727272727272727,83.98989898989899,0.11858505363838638
17.727272727272727,84.1919191919192,0.18585446720644372
17.727272727272727,84.39393939393939,0.22795600495876556
17.727272727272727,84.5959595959596,0.2619784758806031
17.727272727272727,84.79797979797979,0.2635968604324689
17.727272727272727,85.0,0.24263910711154482
17.929292929292927,65.0,0.10411356534112168
17.929292929292927,65.20202020202021,0.13182928802840782
17.929292929292927,65.4040404040404,0.13995187487053248
17.929292929292927,65.60606060606061,0.15933680645891782
17.929292929292927,65.8080808080808,0.14831177184052752
17.929292929292927,66.01010101010101,0.12698128917638163
17.929292929292927,66.21212121212122,0.09872033924444967
17.929292929292927,66.41414141414141,0.04657869546887676
17.929292929292927,66.61616161616162,0.0333383301027699
17.929292929292927,66.81818181818181,-0.0348799076436723
17.929292929292927,67.02020202020202,-0.03647435615916419
17.929292929292927,67.22222222222223,-0.06554133630977034
17.929292929292927,67.42424242424242,-0.08543590116206806
17.929292929292927,67.62626262626263,-0.06748493938602629
17.929292929292927,67.82828282828282,-0.07035136292316328
17.929292929292927,68.03030303030303,-0.042949727584782806
17.929292929292927,68.23232323232324,-0.027141230871055202
17.929292929292927,68.43434343434343,-0.007096187018098282
17.929292929292927,68.63636363636364,-0.02976034146795467
17.929292929292927,68.83838383838383,-0.005807636925844817
17.929292929292927,69.04040404040404,-0.01525636076043961
17.929292929292927,69.24242424242425,-0.00668279064692498
17.929292929292927,69.44444444444444,-0.021029562697721153
17.929292929292927,69.64646464646465,-0.028678009183972
17.929292929292927,69.84848484848484,-0.023686821224575064
17.929292929292927,70.05050505050505,-0.015664504172802338
17.929292929292927,70.25252525252526,0.01652497925883397
17.929292929292927,70.45454545454545,0.04393243378452962
17.929292929292927,70.65656565656566,0.039263118295643065
17.929292929292927,70.85858585858585,0.06264244093214177
17.929292929292927,71.06060606060606,0.04876137352723571
17.929292929292927,71.26262626262626,0.0711474767922
17.929292929292927,71.46464646464646,0.07887966817758485
17.929292929292927,71.66666666666667,0.05541885582931047
17.929292929292927,71.86868686868686,0.05661023168537235
17.929292929292927,72.07070707070707,0.04285803801548212
17.929292929292927,72.27272727272727,-0.028062012821358867
17.929292929292927,72.47474747474747,-0.02766779811084745
17.929292929292927,72.67676767676768,-0.08175049082999834
17.929292929292927,72.87878787878788,-0.1173811236740842
17.929292929292927,73.08080808080808,-0.15604601987288735
17.929292929292927,73.28282828282828,-0.17976356612046004
17.929292929292927,73.48484848484848,-0.15038305994146364
17.929292929292927,73.68686868686869,-0.1359710295358339
17.929292929292927,73.88888888888889,-0.10592893800780798
17.929292929292927,74.0909090909091,-0.06226092932395967
17.929292929292927,74.29292929292929,-0.029761476570916344
17.929292929292927,74.4949494949495,0.019812151596524864
17.929292929292927,74.6969696969697,0.040536343684969264
17.929292929292927,74.8989898989899,0.06605541846516476
17.929292929292927,75.1010101010101,0.09386758466357381
17.929292929292927,75.3030303030303,0.1064510378124305
17.929292929292927,75.5050505050505,0.10248786363219703
17.929292929292927,75.70707070707071,0.05562841301097929
17.929292929292927,75.9090909090909,0.04253311945062082
17.929292929292927,76.11111111111111,0.029504957106974032
17.929292929292927,76.31313131313131,-0.017655280996763716
17.929292929292927,76.51515151515152,-0.034215035822899864
17.929292929292927,76.71717171717171,-0.06567787611867451
17.929292929292927,76.91919191919192,-0.08521047603995513
17.929292929292927,77.12121212121212,-0.12296750992331343
17.929292929292927,77.32323232323232,-0.1388525669347862
17.929292929292927,77.52525252525253,-0.14227182697130653
17.929292929292927,77.72727272727272,-0.16487060397118544
17.929292929292927,77.92929292929293,-0.1549245135610871
17.929292929292927,78.13131313131314,-0.14899287211832965
17.929292929292927,78.33333333333333,-0.13039316369399465
17.929292929292927,78.53535353535354,-0.13824689972385545
17.929292929292927,78.73737373737373,-0.1269648866061478
17.929292929292927,78.93939393939394,-0.109414142547925
17.929292929292927,79.14141414141415,-0.11552898651984975
17.929292929292927,79.34343434343434,-0.08904738268102166
17.929292929292927,79.54545454545455,-0.04086207091659018
17.929292929292927,79.74747474747474,-0.03990411387199949
17.929292929292927,79.94949494949495,-1.649653207815363e-05
17.929292929292927,80.15151515151516,0.02432548317151689
17.929292929292927,80.35353535353535,0.019256755025804418
17.929292929292927,80.55555555555556,0.04743253106575303
17.929292929292927,80.75757575757575,0.046253094094694705
17.929292929292927,80.95959595959596,0.03782442540362201
17.929292929292927,81.16161616161617,0.00501366798692909
17.929292929292927,81.36363636363636,-0.031395668736690543
17.929292929292927,81.56565656565657,-0.06533876858014002
17.929292929292927,81.76767676767676,-0.106080935333014
17.929292929292927,81.96969696969697,-0.13987767603258516
17.929292929292927,82.17171717171718,-0.17975852080803556
17.929292929292927,82.37373737373737,-0.22412388360405056
17.929292929292927,82.57575757575758,-0.25555677315402275
17.929292929292927,82.77777777777777,-0.2796848723203902
17.929292929292927,82.97979797979798,-0.2564329271587904
17.929292929292927,83.18181818181819,-0.21145547606774434
17.929292929292927,83.38383838383838,-0.16249963620447969
17.929292929292927,83.58585858585859,-0.07844933935656878
17.929292929292927,83.78787878787878,0.0041098666557608035
17.929292929292927,83.98989898989899,0.08549142047979265
17.929292929292927,84.1919191919192,0.16669203194304436
17.929292929292927,84.39393939393939,0.20695443157775695
17.929292929292927,84.5959595959596,0.26036583095849486
17.929292929292927,84.79797979797979,0.2510999764698484
17.929292929292927,85.0,0.2280438035928979
18.13131313131313,65.0,0.11438577133817293
18.13131313131313,65.20202020202021,0.14049978808167243
18.13131313131313,65.4040404040404,0.13682143073967726
18.13131313131313,65.60606060606061,0.12061703125627232
18.13131313131313,65.8080808080808,0.0989255766566254
18.13131313131313,66.01010101010101,0.06348740573987405
18.13131313131313,66.21212121212122,0.013433509987051671
18.13131313131313,66.41414141414141,-0.02314934526816899
18.13131313131313,66.61616161616162,-0.04020400475795109
18.13131313131313,66.81818181818181,-0.05828378681243435
18.13131313131313,67.02020202020202,-0.06979076461084131
18.13131313131313,67.22222222222223,-0.06581564919477603
18.13131313131313,67.42424242424242,-0.06874427170108999
18.13131313131313,67.62626262626263,-0.045644328804855964
18.13131313131313,67.82828282828282,-0.029700687528919602
18.13131313131313,68.03030303030303,0.015969600343120845
18.13131313131313,68.23232323232324,0.021218037348007663
18.13131313131313,68.43434343434343,0.058142899267466304
18.13131313131313,68.63636363636364,0.04270193431815878
18.13131313131313,68.83838383838383,0.033463880338000164
18.13131313131313,69.04040404040404,0.017936796707188667
18.13131313131313,69.24242424242425,0.000759566840745466
18.13131313131313,69.44444444444444,-0.008501592850203766
18.13131313131313,69.64646464646465,-0.021704520213734278
18.13131313131313,69.84848484848484,-0.020813667781154812
18.13131313131313,70.05050505050505,-0.035747568612319765
18.13131313131313,70.25252525252526,-0.026440349671097305
18.13131313131313,70.45454545454545,-0.007085589995667335
18.13131313131313,70.65656565656566,-0.00972811387238854
18.13131313131313,70.85858585858585,0.023199769302340786
18.13131313131313,71.06060606060606,0.001951979889299224
18.13131313131313,71.26262626262626,0.02417226786008492
18.13131313131313,71.46464646464646,0.03217919465723047
18.13131313131313,71.66666666666667,0.05587283625284818
18.13131313131313,71.86868686868686,0.026032588304622455
18.13131313131313,72.07070707070707,0.025650430559115797
18.13131313131313,72.27272727272727,0.019596365204195942
18.13131313131313,72.47474747474747,0.0077888302479922865
18.13131313131313,72.67676767676768,-0.0385699223144697
18.13131313131313,72.87878787878788,-0.08646297377362065
18.13131313131313,73.08080808080808,-0.10991600425666709
18.13131313131313,73.28282828282828,-0.09438341109633852
18.13131313131313,73.48484848484848,-0.11738430655306573
18.13131313131313,73.68686868686869,-0.10997747826499886
18.13131313131313,73.88888888888889,-0.0686495389110452
18.13131313131313,74.0909090909091,-0.05293625284885737
18.13131313131313,74.29292929292929,-0.027734798112682646
18.13131313131313,74.4949494949495,-0.025278855354764904
18.13131313131313,74.6969696969697,-0.005674763202852082
18.13131313131313,74.8989898989899,0.032965059011730656
18.13131313131313,75.1010101010101,0.04874231196146222
18.13131313131313,75.3030303030303,0.05138117023586947
18.13131313131313,75.5050505050505,0.054303148644182286
18.13131313131313,75.70707070707071,0.007945801069361522
18.13131313131313,75.9090909090909,0.019378441586199134
18.13131313131313,76.11111111111111,-0.011115265546569946
18.13131313131313,76.31313131313131,0.0012153419123579626
18.13131313131313,76.51515151515152,-0.0178863084295024
18.13131313131313,76.71717171717171,-0.027731355234865085
18.13131313131313,76.91919191919192,-0.03317415733584559
18.13131313131313,77.12121212121212,-0.04956229810514081
18.13131313131313,77.32323232323232,-0.04303706847392843
18.13131313131313,77.52525252525253,-0.05969611238728611
18.13131313131313,77.72727272727272,-0.05242136864945239
18.13131313131313,77.92929292929293,-0.06165458455908016
18.13131313131313,78.13131313131314,-0.05874473287316781
18.13131313131313,78.33333333333333,-0.07998281562273635
18.13131313131313,78.53535353535354,-0.08693457113851391
18.13131313131313,78.73737373737373,-0.08634852658214019
18.13131313131313,78.93939393939394,-0.1133439524642959
18.13131313131313,79.14141414141415,-0.1254889202833743
18.13131313131313,79.34343434343434,-0.10675927637882175
18.13131313131313,79.54545454545455,-0.11365491619048355
18.13131313131313,79.74747474747474,-0.05724273174943986
18.13131313131313,79.94949494949495,-0.04298411552910124
18.13131313131313,80.15151515151516,-0.009516614477781894
18.13131313131313,80.35353535353535,-0.0070890539346364296
18.13131313131313,80.55555555555556,0.015251594746166473
18.13131313131313,80.75757575757575,0.015640988419443936
18.13131313131313,80.95959595959596,0.03156468842499472
18.13131313131313,81.16161616161617,0.003366359341642795
18.13131313131313,81.36363636363636,-0.027645791575980027
18.13131313131313,81.56565656565657,-0.03716980017137708
18.13131313131313,81.76767676767676,-0.07815540335580845
18.13131313131313,81.96969696969697,-0.08901641348970582
18.13131313131313,82.17171717171718,-0.12963430839735743
18.13131313131313,82.37373737373737,-0.2043545274866927
18.13131313131313,82.57575757575758,-0.21012928260834896
18.13131313131313,82.77777777777777,-0.22875792653299495
18.13131313131313,82.97979797979798,-0.2481901572335727
18.13131313131313,83.18181818181819,-0.2102786905034653
18.13131313131313,83.38383838383838,-0.1684859186127042
18.13131313131313,83.58585858585859,-0.09740984261038763
18.13131313131313,83.78787878787878,-0.049365502395157704
18.13131313131313,83.98989898989899,0.034305757920859825
18.13131313131313,84.1919191919192,0.09758305928157557
18.13131313131313,84.39393939393939,0.16581259816559238
18.13131313131313,84.5959595959596,0.19541482468676893
18.13131313131313,84.79797979797979,0.20519299327370008
18.13131313131313,85.0,0.19818803197334897
18.333333333333336,65.0,0.117092107660073
18.333333333333336,65.20202020202021,0.09206205113104089
18.333333333333336,65.4040404040404,0.07258609116424258
18.333333333333336,65.60606060606061,0.0654024067089824
18.333333333333336,65.8080808080808,0.027568811437835558
18.333333333333336,66.01010101010101,-0.018903701136888842
18.333333333333336,66.21212121212122,-0.014685573989633976
18.333333333333336,66.41414141414141,-0.06680128746887982
18.333333333333336,66.61616161616162,-0.08415611575502836
18.333333333333336,66.81818181818181,-0.085555189956133
18.333333333333336,67.02020202020202,-0.06723706314596872
18.333333333333336,67.22222222222223,-0.09090397143725895
18.333333333333336,67.42424242424242,-0.05370476734740352
18.333333333333336,67.62626262626263,-0.010767294986368414
18.333333333333336,67.82828282828282,0.00023952883642561944
18.333333333333336,68.03030303030303,0.01892748423777601
18.333333333333336,68.23232323232324,0.05326002709863109
18.333333333333336,68.43434343434343,0.08015274088315029
18.333333333333336,68.63636363636364,0.09813088798603894
18.333333333333336,68.83838383838383,0.07715110274472808
18.333333333333336,69.04040404040404,0.07571467023960689
18.333333333333336,69.24242424242425,0.033032284860963795
18.333333333333336,69.44444444444444,0.007696788113224301
18.333333333333336,69.64646464646465,-0.010241551207788843
18.333333333333336,69.84848484848484,-0.016648999086524625
18.333333333333336,70.05050505050505,-0.049793758467101636
18.333333333333336,70.25252525252526,-0.05854540424525879
18.333333333333336,70.45454545454545,-0.06153930884453124
18.333333333333336,70.65656565656566,-0.05006020216479598
18.333333333333336,70.85858585858585,-0.05973803226064348
18.333333333333336,71.06060606060606,-0.03530604792685457
18.333333333333336,71.26262626262626,-0.03498685702430142
18.333333333333336,71.46464646464646,0.011939997998659527
18.333333333333336,71.66666666666667,0.0035100585300666867
18.333333333333336,71.86868686868686,0.018595197264615636
18.333333333333336,72.07070707070707,0.041330394805401585
18.333333333333336,72.27272727272727,0.03543769210871366
18.333333333333336,72.47474747474747,0.027579009187567883
18.333333333333336,72.67676767676768,0.009796429614623169
18.333333333333336,72.87878787878788,-0.022499573371478614
18.333333333333336,73.08080808080808,-0.012428424348574212
18.333333333333336,73.28282828282828,-0.031192353325218136
18.333333333333336,73.48484848484848,-0.031881855388066614
18.333333333333336,73.68686868686869,-0.05129338074120131
18.333333333333336,73.88888888888889,-0.03988591814086744
18.333333333333336,74.0909090909091,-0.039168866564637056
18.333333333333336,74.29292929292929,-0.025989861583220947
18.333333333333336,74.4949494949495,-0.020198315337468093
18.333333333333336,74.6969696969697,-0.023317689298609213
18.333333333333336,74.8989898989899,-0.034935598854657114
18.333333333333336,75.1010101010101,2.8295165597554128e-05
18.333333333333336,75.3030303030303,-0.014639506622971008
18.333333333333336,75.5050505050505,-0.03149331994977464
18.333333333333336,75.70707070707071,-0.02541204700314215
18.333333333333336,75.9090909090909,-0.04302499324260864
18.333333333333336,76.11111111111111,-0.0077386684472797295
18.333333333333336,76.31313131313131,-0.016824853148523188
18.333333333333336,76.51515151515152,0.013789770661999066
18.333333333333336,76.71717171717171,0.03375144105126417
18.333333333333336,76.91919191919192,0.05173917728870625
18.333333333333336,77.12121212121212,0.04680648601689605
18.333333333333336,77.32323232323232,0.05101446014007022
18.333333333333336,77.52525252525253,0.0381151497474757
18.333333333333336,77.72727272727272,0.027514199400795573
18.333333333333336,77.92929292929293,0.015154499416081739
18.333333333333336,78.13131313131314,-0.003558914801986475
18.333333333333336,78.33333333333333,-0.037440329327756455
18.333333333333336,78.53535353535354,-0.05039389365667361
18.333333333333336,78.73737373737373,-0.06462065174363311
18.333333333333336,78.93939393939394,-0.09384514912125327
18.333333333333336,79.14141414141415,-0.11393339644312818
18.333333333333336,79.34343434343434,-0.12974188505496598
18.333333333333336,79.54545454545455,-0.13920000066394034
18.333333333333336,79.74747474747474,-0.128026614363903
18.333333333333336,79.94949494949495,-0.10869640090640743
18.333333333333336,80.15151515151516,-0.0825349237148236
18.333333333333336,80.35353535353535,-0.05511653693608566
18.333333333333336,80.55555555555556,-0.03988469104354049
18.333333333333336,80.75757575757575,-0.03076957047370301
18.333333333333336,80.95959595959596,-0.020867429754728717
18.333333333333336,81.16161616161617,0.026698361754081766
18.333333333333336,81.36363636363636,-0.011268063050864835
18.333333333333336,81.56565656565657,-0.015148564584916747
18.333333333333336,81.76767676767676,-0.0236203293478324
18.333333333333336,81.96969696969697,-0.05191728441681742
18.333333333333336,82.17171717171718,-0.08324182680086901
18.333333333333336,82.37373737373737,-0.12779156968403912
18.333333333333336,82.57575757575758,-0.15103334244716268
18.333333333333336,82.77777777777777,-0.17126079983657772
18.333333333333336,82.97979797979798,-0.17843581572923312
18.333333333333336,83.18181818181819,-0.1617579932838747
18.333333333333336,83.38383838383838,-0.1303951601528135
18.333333333333336,83.58585858585859,-0.10795265124572884
18.333333333333336,83.78787878787878,-0.06631309898236992
18.333333333333336,83.98989898989899,-0.007914111435414059
18.333333333333336,84.1919191919192,0.03963551595911076
18.333333333333336,84.39393939393939,0.08840416784030246
18.333333333333336,84.5959595959596,0.08527451517800436
18.333333333333336,84.79797979797979,0.12732415187653898
18.333333333333336,85.0,0.12550355310523642
18.535353535353536,65.0,0.053765281748981125
18.535353535353536,65.20202020202021,0.045846992458636895
18.535353535353536,65.4040404040404,0.027695176007938214
18.535353535353536,65.60606060606061,-0.02043718736534958
18.535353535353536,65.8080808080808,-0.03718645514960965
18.535353535353536,66.01010101010101,-0.05957373331130173
18.535353535353536,66.21212121212122,-0.09986018714508284
18.535353535353536,66.41414141414141,-0.10319721081776821
18.535353535353536,66.61616161616162,-0.10183771952053164
18.535353535353536,66.81818181818181,-0.10632336860026059
18.535353535353536,67.02020202020202,-0.09253083294854719
18.535353535353536,67.22222222222223,-0.06449567800661438
18.535353535353536,67.42424242424242,-0.030107452944387943
18.535353535353536,67.62626262626263,-0.0027605224028786693
18.535353535353536,67.82828282828282,0.01431902029511583
18.535353535353536,68.03030303030303,0.06241299920513117
18.535353535353536,68.23232323232324,0.07696886622367431
18.535353535353536,68.43434343434343,0.09026556736978027
18.535353535353536,68.63636363636364,0.11208085221538269
18.535353535353536,68.83838383838383,0.12395816665654436
18.535353535353536,69.04040404040404,0.10470619769171444
18.535353535353536,69.24242424242425,0.07351993741093167
18.535353535353536,69.44444444444444,0.0371710106394044
18.535353535353536,69.64646464646465,0.0014531790657358163
18.535353535353536,69.84848484848484,-0.028760445625917206
18.535353535353536,70.05050505050505,-0.07084102542312463
18.535353535353536,70.25252525252526,-0.08643979396748812
18.535353535353536,70.45454545454545,-0.09956227829779495
18.535353535353536,70.65656565656566,-0.11739655621123155
18.535353535353536,70.85858585858585,-0.11141085486915077
18.535353535353536,71.06060606060606,-0.0908500590185127
18.535353535353536,71.26262626262626,-0.07930157195875265
18.535353535353536,71.46464646464646,-0.05978788932132755
18.535353535353536,71.66666666666667,-0.03818931675284855
18.535353535353536,71.86868686868686,0.014998474923748511
18.535353535353536,72.07070707070707,0.014995277779141608
18.535353535353536,72.27272727272727,0.04255430544608192
18.535353535353536,72.47474747474747,0.043646298638087555
18.535353535353536,72.67676767676768,0.05068448824792468
18.535353535353536,72.87878787878788,0.05246524376511587
18.535353535353536,73.08080808080808,0.029625061629410747
18.535353535353536,73.28282828282828,0.03728472164169755
18.535353535353536,73.48484848484848,0.04124202012995678
18.535353535353536,73.68686868686869,0.03597991694649877
18.535353535353536,73.88888888888889,0.002851761211365814
18.535353535353536,74.0909090909091,-0.012178950875099997
18.535353535353536,74.29292929292929,-0.008083395465665048
18.535353535353536,74.4949494949495,-0.035426705442744996
18.535353535353536,74.6969696969697,-0.06748761580050684
18.535353535353536,74.8989898989899,-0.07987698371178417
18.535353535353536,75.1010101010101,-0.07420421307351785
18.535353535353536,75.3030303030303,-0.10084153166132957
18.535353535353536,75.5050505050505,-0.08183528874181589
18.535353535353536,75.70707070707071,-0.08346072769921731
18.535353535353536,75.9090909090909,-0.064811525917543
18.535353535353536,76.11111111111111,-0.043906746879647435
18.535353535353536,76.31313131313131,-0.01024901749308459
18.535353535353536,76.51515151515152,0.05022433967122918
18.535353535353536,76.71717171717171,0.06794625258568517
18.535353535353536,76.91919191919192,0.09210360098488353
18.535353535353536,77.12121212121212,0.1108699187108165
18.535353535353536,77.32323232323232,0.1187043942935842
18.535353535353536,77.52525252525253,0.1017401367011529
18.535353535353536,77.72727272727272,0.09342308621615453
18.535353535353536,77.92929292929293,0.07398066605872217
18.535353535353536,78.13131313131314,0.06514121858343391
18.535353535353536,78.33333333333333,0.019560523230434532
18.535353535353536,78.53535353535354,-0.022487761744784847
18.535353535353536,78.73737373737373,-0.06165745893688107
18.535353535353536,78.93939393939394,-0.09428441428706474
18.535353535353536,79.14141414141415,-0.09998630766261667
18.535353535353536,79.34343434343434,-0.13971668644578936
18.535353535353536,79.54545454545455,-0.15001996834253917
18.535353535353536,79.74747474747474,-0.1521736332655572
18.535353535353536,79.94949494949495,-0.14809145680392963
18.535353535353536,80.15151515151516,-0.13293502533065965
18.535353535353536,80.35353535353535,-0.10209260218647345
18.535353535353536,80.55555555555556,-0.09084431782915212
18.535353535353536,80.75757575757575,-0.05776416201584801
18.535353535353536,80.95959595959596,-0.044505616719361804
18.535353535353536,81.16161616161617,-0.03691979882668997
18.535353535353536,81.36363636363636,-0.02007866178250528
18.535353535353536,81.56565656565657,-0.013966371739187437
18.535353535353536,81.76767676767676,0.005652344954699611
18.535353535353536,81.96969696969697,-0.01826045180674598
18.535353535353536,82.17171717171718,-0.0365429682436743
18.535353535353536,82.37373737373737,-0.043972760714885026
18.535353535353536,82.57575757575758,-0.06719196237321276
18.535353535353536,82.77777777777777,-0.07875508358612757
18.535353535353536,82.97979797979798,-0.0725517897892614
18.535353535353536,83.18181818181819,-0.08678765980348646
18.535353535353536,83.38383838383838,-0.09642705037509225
18.535353535353536,83.58585858585859,-0.10828865998873072
18.535353535353536,83.78787878787878,-0.09199823487155923
18.535353535353536,83.98989898989899,-0.06648790179590534
18.535353535353536,84.1919191919192,-0.0667370994836114
18.535353535353536,84.39393939393939,-0.013634029561618213
18.535353535353536,84.5959595959596,-0.01724734101067777
18.535353535353536,84.79797979797979,-0.0026778829591412104
18.535353535353536,85.0,0.0021334916115714623
18.737373737373737,65.0,0.021106834390616506
18.737373737373737,65.20202020202021,-0.029878180738602406
18.737373737373737,65.4040404040404,-0.030419749632934798
18.737373737373737,65.60606060606061,-0.06810863574443618
18.737373737373737,65.8080808080808,-0.09388798854279858
18.737373737373737,66.01010101010101,-0.13213230990681166
18.737373737373737,66.21212121212122,-0.12197291182105303
18.737373737373737,66.41414141414141,-0.10895161325067088
18.737373737373737,66.61616161616162,-0.10390968300935652
18.737373737373737,66.81818181818181,-0.10146181487673658
18.737373737373737,67.02020202020202,-0.07408751221325777
18.737373737373737,67.22222222222223,-0.04523310262853605
18.737373737373737,67.42424242424242,-0.018920834409402804
18.737373737373737,67.62626262626263,0.03044071384251283
18.737373737373737,67.82828282828282,0.024325770193242523
18.737373737373737,68.03030303030303,0.07833879019782751
18.737373737373737,68.23232323232324,0.08472490507492068
18.737373737373737,68.43434343434343,0.10782478683504904
18.737373737373737,68.63636363636364,0.10742284976600479
18.737373737373737,68.83838383838383,0.12027840972843501
18.737373737373737,69.04040404040404,0.1269859730368904
18.737373737373737,69.24242424242425,0.08977119658829134
18.737373737373737,69.44444444444444,0.042160174132552644
18.737373737373737,69.64646464646465,0.026659391675132746
18.737373737373737,69.84848484848484,-0.009859870480555342
18.737373737373737,70.05050505050505,-0.05750559170002396
18.737373737373737,70.25252525252526,-0.06953552168457834
18.737373737373737,70.45454545454545,-0.1059546850965068
18.737373737373737,70.65656565656566,-0.12340897140192811
18.737373737373737,70.85858585858585,-0.14547458403897268
18.737373737373737,71.06060606060606,-0.12882273917699624
18.737373737373737,71.26262626262626,-0.12015885850490678
18.737373737373737,71.46464646464646,-0.09373469028570562
18.737373737373737,71.66666666666667,-0.07363523624561957
18.737373737373737,71.86868686868686,-0.028995394732083672
18.737373737373737,72.07070707070707,-0.0029504799813082185
18.737373737373737,72.27272727272727,0.014324606865735803
18.737373737373737,72.47474747474747,0.07031765035266074
18.737373737373737,72.67676767676768,0.06457049747600979
18.737373737373737,72.87878787878788,0.09537629191963845
18.737373737373737,73.08080808080808,0.10706947320693899
18.737373737373737,73.28282828282828,0.10887136624281674
18.737373737373737,73.48484848484848,0.0946150420444946
18.737373737373737,73.68686868686869,0.08117891560398388
18.737373737373737,73.88888888888889,0.054777050555136146
18.737373737373737,74.0909090909091,0.022468536372973746
18.737373737373737,74.29292929292929,-0.005453688197178681
18.737373737373737,74.4949494949495,-0.05768836903846415
18.737373737373737,74.6969696969697,-0.09295734804051492
18.737373737373737,74.8989898989899,-0.1302243409526505
18.737373737373737,75.1010101010101,-0.13642515386695245
18.737373737373737,75.3030303030303,-0.1442629783771157
18.737373737373737,75.5050505050505,-0.15213038406569243
18.737373737373737,75.70707070707071,-0.1313464871051628
18.737373737373737,75.9090909090909,-0.11178838138333294
18.737373737373737,76.11111111111111,-0.05982188906703456
18.737373737373737,76.31313131313131,-0.004797996207251477
18.737373737373737,76.51515151515152,0.05010000565378714
18.737373737373737,76.71717171717171,0.0913137822528203
18.737373737373737,76.91919191919192,0.11702181891645216
18.737373737373737,77.12121212121212,0.14459476607171176
18.737373737373737,77.32323232323232,0.16577451230384463
18.737373737373737,77.52525252525253,0.18023511489414998
18.737373737373737,77.72727272727272,0.13744625232381272
18.737373737373737,77.92929292929293,0.12277706973058777
18.737373737373737,78.13131313131314,0.084184509908572
18.737373737373737,78.33333333333333,0.04573624000414161
18.737373737373737,78.53535353535354,0.008530992118793164
18.737373737373737,78.73737373737373,-0.04993584149808053
18.737373737373737,78.93939393939394,-0.06052465715820395
18.737373737373737,79.14141414141415,-0.1373574882474327
18.737373737373737,79.34343434343434,-0.15069764783816253
18.737373737373737,79.54545454545455,-0.1820851596649529
18.737373737373737,79.74747474747474,-0.18972493282051484
18.737373737373737,79.94949494949495,-0.1672324562607021
18.737373737373737,80.15151515151516,-0.17146774742075785
18.737373737373737,80.35353535353535,-0.17097955504022122
18.737373737373737,80.55555555555556,-0.15189547350391536
18.737373737373737,80.75757575757575,-0.13446106917610798
18.737373737373737,80.95959595959596,-0.10289158530768708
18.737373737373737,81.16161616161617,-0.07201392544483183
18.737373737373737,81.36363636363636,-0.025357502656618427
18.737373737373737,81.56565656565657,-0.03755538396734315
18.737373737373737,81.76767676767676,0.0013921973971869
18.737373737373737,81.96969696969697,0.012648674801821658
18.737373737373737,82.17171717171718,0.03354649334398587
18.737373737373737,82.37373737373737,0.03014327766474964
18.737373737373737,82.57575757575758,0.029261956319098174
18.737373737373737,82.77777777777777,0.01821737881421201
18.737373737373737,82.97979797979798,-0.008100995755817275
18.737373737373737,83.18181818181819,-0.0054509723479503405
18.737373737373737,83.38383838383838,-0.0339428559641605
18.737373737373737,83.58585858585859,-0.06120320047626202
18.737373737373737,83.78787878787878,-0.08600858285360542
18.737373737373737,83.98989898989899,-0.1175489932987809
18.737373737373737,84.1919191919192,-0.12171121008071742
18.737373737373737,84.39393939393939,-0.13907502072728828
18.737373737373737,84.5959595959596,-0.14357544521136922
18.737373737373737,84.79797979797979,-0.13140557800502178
18.737373737373737,85.0,-0.11102194968493084
18.939393939393938,65.0,-0.037843549832568116
18.939393939393938,65.20202020202021,-0.06040143969050164
18.939393939393938,65.4040404040404,-0.10974379441229538
18.939393939393938,65.60606060606061,-0.1362589652702302
18.939393939393938,65.8080808080808,-0.14529281570514965
18.939393939393938,66.01010101010101,-0.11947295487757671
18.939393939393938,66.21212121212122,-0.15038599493921548
18.939393939393938,66.41414141414141,-0.12919030041844623
18.939393939393938,66.61616161616162,-0.1103605646620167
18.939393939393938,66.81818181818181,-0.07084985235746724
18.939393939393938,67.02020202020202,-0.03632469413892364
18.939393939393938,67.22222222222223,-0.014449511352682631
18.939393939393938,67.42424242424242,0.01106464439392238
18.939393939393938,67.62626262626263,0.040973460706741016
18.939393939393938,67.82828282828282,0.05537766112017049
18.939393939393938,68.03030303030303,0.0830964735231176
18.939393939393938,68.23232323232324,0.1090841298059002
18.939393939393938,68.43434343434343,0.11881061499926404
18.939393939393938,68.63636363636364,0.12804855027143164
18.939393939393938,68.83838383838383,0.1280461749412642
18.939393939393938,69.04040404040404,0.10807531445317081
18.939393939393938,69.24242424242425,0.08294712075658021
18.939393939393938,69.44444444444444,0.049380140852517546
18.939393939393938,69.64646464646465,0.020981951280277862
18.939393939393938,69.84848484848484,-0.015733268399759994
18.939393939393938,70.05050505050505,-0.03975365453510985
18.939393939393938,70.25252525252526,-0.07856291747063152
18.939393939393938,70.45454545454545,-0.10541680296065864
18.939393939393938,70.65656565656566,-0.1472808562496406
18.939393939393938,70.85858585858585,-0.13573903031217333
18.939393939393938,71.06060606060606,-0.15813828724842935
18.939393939393938,71.26262626262626,-0.15662604856998624
18.939393939393938,71.46464646464646,-0.1291944769445115
18.939393939393938,71.66666666666667,-0.06820177879557504
18.939393939393938,71.86868686868686,-0.05837398730952496
18.939393939393938,72.07070707070707,-0.0176003914235256
18.939393939393938,72.27272727272727,0.021851206328850167
18.939393939393938,72.47474747474747,0.05743954108486043
18.939393939393938,72.67676767676768,0.08355228990596764
18.939393939393938,72.87878787878788,0.12149176186208503
18.939393939393938,73.08080808080808,0.15227511784377576
18.939393939393938,73.28282828282828,0.15396919721504995
18.939393939393938,73.48484848484848,0.1330076536428505
18.939393939393938,73.68686868686869,0.11724743849827422
18.939393939393938,73.88888888888889,0.07747938463715162
18.939393939393938,74.0909090909091,0.035796053988536206
18.939393939393938,74.29292929292929,-0.004112970214137165
18.939393939393938,74.4949494949495,-0.07111289994608097
18.939393939393938,74.6969696969697,-0.1171486341846238
18.939393939393938,74.8989898989899,-0.13551352409014733
18.939393939393938,75.1010101010101,-0.16928839111780583
18.939393939393938,75.3030303030303,-0.18361361226848757
18.939393939393938,75.5050505050505,-0.16717965120427078
18.939393939393938,75.70707070707071,-0.1646429926559829
18.939393939393938,75.9090909090909,-0.1565592842913689
18.939393939393938,76.11111111111111,-0.08041602793346293
18.939393939393938,76.31313131313131,-0.04582927961475685
18.939393939393938,76.51515151515152,0.036327837262696526
18.939393939393938,76.71717171717171,0.07026245610616381
18.939393939393938,76.91919191919192,0.12550260989986062
18.939393939393938,77.12121212121212,0.15333918185239281
18.939393939393938,77.32323232323232,0.15977111943496713
18.939393939393938,77.52525252525253,0.15981238702839323
18.939393939393938,77.72727272727272,0.15798604363769533
18.939393939393938,77.92929292929293,0.11694645106270828
18.939393939393938,78.13131313131314,0.10004104695375712
18.939393939393938,78.33333333333333,0.049559492232384476
18.939393939393938,78.53535353535354,0.015913778763470884
18.939393939393938,78.73737373737373,-0.024715174973911604
18.939393939393938,78.93939393939394,-0.08423955025663771
18.939393939393938,79.14141414141415,-0.12970804903735508
18.939393939393938,79.34343434343434,-0.14632424644630299
18.939393939393938,79.54545454545455,-0.16521412062887922
18.939393939393938,79.74747474747474,-0.19317775121881106
18.939393939393938,79.94949494949495,-0.20517689902534328
18.939393939393938,80.15151515151516,-0.20136859109587177
18.939393939393938,80.35353535353535,-0.19990682310000774
18.939393939393938,80.55555555555556,-0.1903998821986736
18.939393939393938,80.75757575757575,-0.20324006430211897
18.939393939393938,80.95959595959596,-0.16419697882338283
18.939393939393938,81.16161616161617,-0.12804626114295992
18.939393939393938,81.36363636363636,-0.07842670755651879
18.939393939393938,81.56565656565657,-0.03764982096558328
18.939393939393938,81.76767676767676,0.004888534194414384
18.939393939393938,81.96969696969697,0.035704243615474834
18.939393939393938,82.17171717171718,0.050339539182609076
18.939393939393938,82.37373737373737,0.10114743815657112
18.939393939393938,82.57575757575758,0.11213683171035482
18.939393939393938,82.77777777777777,0.08593704756969209
18.939393939393938,82.97979797979798,0.08613779238902651
18.939393939393938,83.18181818181819,0.04659444755471977
18.939393939393938,83.38383838383838,0.010364689461297597
18.939393939393938,83.58585858585859,-0.03413785617201204
18.939393939393938,83.78787878787878,-0.0810589626289419
18.939393939393938,83.98989898989899,-0.14906928682896645
18.939393939393938,84.1919191919192,-0.19800192301769104
18.939393939393938,84.39393939393939,-0.23497470015035984
18.939393939393938,84.5959595959596,-0.2441833287096042
18.939393939393938,84.79797979797979,-0.22792891907769472
18.939393939393938,85.0,-0.2159028080113886
19.141414141414142,65.0,-0.08372078896162938
19.141414141414142,65.20202020202021,-0.13827611045767196
19.141414141414142,65.4040404040404,-0.1504890198568995
19.141414141414142,65.60606060606061,-0.17043574258897973
19.141414141414142,65.8080808080808,-0.18030684190974508
19.141414141414142,66.01010101010101,-0.15016903801417802
19.141414141414142,66.21212121212122,-0.1403090341311336
19.141414141414142,66.41414141414141,-0.1062587937266136
19.141414141414142,66.61616161616162,-0.07077169537729831
19.141414141414142,66.81818181818181,-0.039651515653944674
19.141414141414142,67.02020202020202,-0.0018314871517480535
19.141414141414142,67.22222222222223,0.0343901056316008
19.141414141414142,67.42424242424242,0.032411040188006966
19.141414141414142,67.62626262626263,0.06409469079312072
19.141414141414142,67.82828282828282,0.07242550420330436
19.141414141414142,68.03030303030303,0.08151363906168596
19.141414141414142,68.23232323232324,0.09631006612840684
19.141414141414142,68.43434343434343,0.09324583531461351
19.141414141414142,68.63636363636364,0.09871959438914851
19.141414141414142,68.83838383838383,0.09703577748287175
19.141414141414142,69.04040404040404,0.07549899891623038
19.141414141414142,69.24242424242425,0.0698264809789497
19.141414141414142,69.44444444444444,0.04698467975116144
19.141414141414142,69.64646464646465,0.026668835069280326
19.141414141414142,69.84848484848484,-0.0018543279927140234
19.141414141414142,70.05050505050505,-0.025109547919824372
19.141414141414142,70.25252525252526,-0.06200734536991413
19.141414141414142,70.45454545454545,-0.09004963912754009
19.141414141414142,70.65656565656566,-0.12021303041593429
19.141414141414142,70.85858585858585,-0.15432722792993328
19.141414141414142,71.06060606060606,-0.1462337436021936
19.141414141414142,71.26262626262626,-0.14258239865826852
19.141414141414142,71.46464646464646,-0.12537440997396238
19.141414141414142,71.66666666666667,-0.10752276979590024
19.141414141414142,71.86868686868686,-0.07976475338684066
19.141414141414142,72.07070707070707,-0.024216177155504674
19.141414141414142,72.27272727272727,0.005117156439041131
19.141414141414142,72.47474747474747,0.04838853211506255
19.141414141414142,72.67676767676768,0.08296320956376939
19.141414141414142,72.87878787878788,0.12245262146870024
19.141414141414142,73.08080808080808,0.1467740633974781
19.141414141414142,73.28282828282828,0.15584256383839204
19.141414141414142,73.48484848484848,0.1656653892845611
19.141414141414142,73.68686868686869,0.13102151677541007
19.141414141414142,73.88888888888889,0.0983790827954431
19.141414141414142,74.0909090909091,0.048605739295219635
19.141414141414142,74.29292929292929,-0.019920383527006987
19.141414141414142,74.4949494949495,-0.08435301429016477
19.141414141414142,74.6969696969697,-0.09946113668621705
19.141414141414142,74.8989898989899,-0.1686004221963388
19.141414141414142,75.1010101010101,-0.1823950195422289
19.141414141414142,75.3030303030303,-0.17990498017650336
19.141414141414142,75.5050505050505,-0.18801773657631848
19.141414141414142,75.70707070707071,-0.18173847937332616
19.141414141414142,75.9090909090909,-0.14815066332751445
19.141414141414142,76.11111111111111,-0.11106076669488664
19.141414141414142,76.31313131313131,-0.039092720155409266
19.141414141414142,76.51515151515152,0.01591026602593055
19.141414141414142,76.71717171717171,0.05841466835364534
19.141414141414142,76.91919191919192,0.0947627628319173
19.141414141414142,77.12121212121212,0.11806969838189367
19.141414141414142,77.32323232323232,0.15109510709987126
19.141414141414142,77.52525252525253,0.13833227995912462
19.141414141414142,77.72727272727272,0.12486451054663836
19.141414141414142,77.92929292929293,0.09332868071478907
19.141414141414142,78.13131313131314,0.06069982229930482
19.141414141414142,78.33333333333333,0.053354190169768514
19.141414141414142,78.53535353535354,0.006680253427368917
19.141414141414142,78.73737373737373,-0.02660657546732831
19.141414141414142,78.93939393939394,-0.08234302811485318
19.141414141414142,79.14141414141415,-0.12015769806759789
19.141414141414142,79.34343434343434,-0.14329047430584607
19.141414141414142,79.54545454545455,-0.16819744139903448
19.141414141414142,79.74747474747474,-0.18634410689928776
19.141414141414142,79.94949494949495,-0.21175160443439642
19.141414141414142,80.15151515151516,-0.2138370187314302
19.141414141414142,80.35353535353535,-0.21594198659647898
19.141414141414142,80.55555555555556,-0.22848782309776614
19.141414141414142,80.75757575757575,-0.2228574751643024
19.141414141414142,80.95959595959596,-0.1814992511592547
19.141414141414142,81.16161616161617,-0.1654790396327798
19.141414141414142,81.36363636363636,-0.10707977828438543
19.141414141414142,81.56565656565657,-0.06394431967320376
19.141414141414142,81.76767676767676,-0.030856593655569794
19.141414141414142,81.96969696969697,0.04894688376755567
19.141414141414142,82.17171717171718,0.057163852155990784
19.141414141414142,82.37373737373737,0.104292433390592
19.141414141414142,82.57575757575758,0.15453614633916768
19.141414141414142,82.77777777777777,0.15981330763164533
19.141414141414142,82.97979797979798,0.13144309175768598
19.141414141414142,83.18181818181819,0.10166450714287666
19.141414141414142,83.38383838383838,0.019246592560733092
19.141414141414142,83.58585858585859,-0.017443665108928384
19.141414141414142,83.78787878787878,-0.09779890253469314
19.141414141414142,83.98989898989899,-0.17483947675127406
19.141414141414142,84.1919191919192,-0.23829809199114893
19.141414141414142,84.39393939393939,-0.281148162496428
19.141414141414142,84.5959595959596,-0.3124514765421335
19.141414141414142,84.79797979797979,-0.3313340388022518
19.141414141414142,85.0,-0.2623688169679972
19.343434343434343,65.0,-0.0907672176679303
19.343434343434343,65.20202020202021,-0.15939253587267468
19.343434343434343,65.4040404040404,-0.17752402090059735
19.343434343434343,65.60606060606061,-0.1859933069816682
19.343434343434343,65.8080808080808,-0.1647606524598827
19.343434343434343,66.01010101010101,-0.17392401590220374
19.343434343434343,66.21212121212122,-0.12348447119199589
19.343434343434343,66.41414141414141,-0.0970062614876038
19.343434343434343,66.61616161616162,-0.0425813107700595
19.343434343434343,66.81818181818181,-0.007886482463613547
19.343434343434343,67.02020202020202,0.027931862674774204
19.343434343434343,67.22222222222223,0.042907594750977426
19.343434343434343,67.42424242424242,0.05469530954286937
19.343434343434343,67.62626262626263,0.07497269609169832
19.343434343434343,67.82828282828282,0.0756048210941013
19.343434343434343,68.03030303030303,0.07613927861387386
19.343434343434343,68.23232323232324,0.0663093842319221
19.343434343434343,68.43434343434343,0.0579181035774107
19.343434343434343,68.63636363636364,0.056503114087914565
19.343434343434343,68.83838383838383,0.05599019674362163
19.343434343434343,69.04040404040404,0.022647061298548193
19.343434343434343,69.24242424242425,0.042560261050277784
19.343434343434343,69.44444444444444,0.03586526044448396
19.343434343434343,69.64646464646465,0.024625367146332348
19.343434343434343,69.84848484848484,0.00762906914130195
19.343434343434343,70.05050505050505,-0.03822207657812363
19.343434343434343,70.25252525252526,-0.043015756818230805
19.343434343434343,70.45454545454545,-0.04729436460845944
19.343434343434343,70.65656565656566,-0.08844752936688254
19.343434343434343,70.85858585858585,-0.10892913349091768
19.343434343434343,71.06060606060606,-0.11494374277531445
19.343434343434343,71.26262626262626,-0.11193770951280436
19.343434343434343,71.46464646464646,-0.10038066716066003
19.343434343434343,71.66666666666667,-0.0926120021840156
19.343434343434343,71.86868686868686,-0.06291708503363636
19.343434343434343,72.07070707070707,-0.02269409984216583
19.343434343434343,72.27272727272727,0.001859965882137488
19.343434343434343,72.47474747474747,0.050264040151069514
19.343434343434343,72.67676767676768,0.05862533177083489
19.343434343434343,72.87878787878788,0.11981007376646838
19.343434343434343,73.08080808080808,0.12570831195467147
19.343434343434343,73.28282828282828,0.15339394996653477
19.343434343434343,73.48484848484848,0.15502843502765096
19.343434343434343,73.68686868686869,0.12206194722341597
19.343434343434343,73.88888888888889,0.09194038420380286
19.343434343434343,74.0909090909091,0.05246844568128836
19.343434343434343,74.29292929292929,-0.017899479099790942
19.343434343434343,74.4949494949495,-0.04816849618540151
19.343434343434343,74.6969696969697,-0.12597451955519948
19.343434343434343,74.8989898989899,-0.12847027786096235
19.343434343434343,75.1010101010101,-0.1602367277594863
19.343434343434343,75.3030303030303,-0.18049424385682483
19.343434343434343,75.5050505050505,-0.18105427009837066
19.343434343434343,75.70707070707071,-0.16855463248666758
19.343434343434343,75.9090909090909,-0.14080428288680966
19.343434343434343,76.11111111111111,-0.10603169492014371
19.343434343434343,76.31313131313131,-0.051325332199315524
19.343434343434343,76.51515151515152,0.0008953002949669622
19.343434343434343,76.71717171717171,0.025783372927302102
19.343434343434343,76.91919191919192,0.04957791479057779
19.343434343434343,77.12121212121212,0.07448707703051495
19.343434343434343,77.32323232323232,0.08668754877481721
19.343434343434343,77.52525252525253,0.07542186185552897
19.343434343434343,77.72727272727272,0.06325440167512468
19.343434343434343,77.92929292929293,0.08037432411563275
19.343434343434343,78.13131313131314,0.042774344555330066
19.343434343434343,78.33333333333333,0.006978005171632617
19.343434343434343,78.53535353535354,-0.006465294469207839
19.343434343434343,78.73737373737373,-0.06075314751949302
19.343434343434343,78.93939393939394,-0.09554118164582852
19.343434343434343,79.14141414141415,-0.12578650430214292
19.343434343434343,79.34343434343434,-0.12947759611200532
19.343434343434343,79.54545454545455,-0.17168089078138157
19.343434343434343,79.74747474747474,-0.2132956833948844
19.343434343434343,79.94949494949495,-0.19521026426753987
19.343434343434343,80.15151515151516,-0.22786590172246898
19.343434343434343,80.35353535353535,-0.2574345357689204
19.343434343434343,80.55555555555556,-0.24864378954161603
19.343434343434343,80.75757575757575,-0.2348345867152931
19.343434343434343,80.95959595959596,-0.21573237650595084
19.343434343434343,81.16161616161617,-0.16678070885159155
19.343434343434343,81.36363636363636,-0.1469230762699949
19.343434343434343,81.56565656565657,-0.08483095329250173
19.343434343434343,81.76767676767676,-0.035856170739267404
19.343434343434343,81.96969696969697,0.01340675685266013
19.343434343434343,82.17171717171718,0.09356160362787404
19.343434343434343,82.37373737373737,0.13743667918601557
19.343434343434343,82.57575757575758,0.1678132188124131
19.343434343434343,82.77777777777777,0.17855056187488264
19.343434343434343,82.97979797979798,0.1512888505015302
19.343434343434343,83.18181818181819,0.10839214710239654
19.343434343434343,83.38383838383838,0.05985717633503988
19.343434343434343,83.58585858585859,-0.0017972270744575046
19.343434343434343,83.78787878787878,-0.07758947189045315
19.343434343434343,83.98989898989899,-0.16542664073287036
19.343434343434343,84.1919191919192,-0.24374040253057197
19.343434343434343,84.39393939393939,-0.29518258493442684
19.343434343434343,84.5959595959596,-0.3286018928499072
19.343434343434343,84.79797979797979,-0.34215233749849594
19.343434343434343,85.0,-0.30446776837439693
19.545454545454547,65.0,-0.12366186433626258
19.545454545454547,65.20202020202021,-0.14595847572040846
19.545454545454547,65.4040404040404,-0.1474803701573397
19.545454545454547,65.60606060606061,-0.1583755058543552
19.545454545454547,65.8080808080808,-0.16247439092404956
19.545454545454547,66.01010101010101,-0.12671821838921035
19.545454545454547,66.21212121212122,-0.09782860899627273
19.545454545454547,66.41414141414141,-0.05004517523062631
19.545454545454547,66.61616161616162,-0.0002571089586094529
19.545454545454547,66.81818181818181,0.029481771026419308
19.545454545454547,67.02020202020202,0.072890226841626
19.545454545454547,67.22222222222223,0.07455555254606233
19.545454545454547,67.42424242424242,0.06965951254372096
19.545454545454547,67.62626262626263,0.0728754933442782
19.545454545454547,67.82828282828282,0.05882383651341996
19.545454545454547,68.03030303030303,0.04161675926957723
19.545454545454547,68.23232323232324,0.05541744083419348
19.545454545454547,68.43434343434343,0.04015497001940541
19.545454545454547,68.63636363636364,0.015701704302589922
19.545454545454547,68.83838383838383,0.011822623493327002
19.545454545454547,69.04040404040404,0.017231359462986366
19.545454545454547,69.24242424242425,0.014113420443816643
19.545454545454547,69.44444444444444,-0.004996338351183058
19.545454545454547,69.64646464646465,0.014943702656290676
19.545454545454547,69.84848484848484,0.008103567760675607
19.545454545454547,70.05050505050505,0.0108329497481804
19.545454545454547,70.25252525252526,-0.005710212342193941
19.545454545454547,70.45454545454545,-0.020594495906007225
19.545454545454547,70.65656565656566,-0.06094712669302629
19.545454545454547,70.85858585858585,-0.06909539259209678
19.545454545454547,71.06060606060606,-0.05628168346692597
19.545454545454547,71.26262626262626,-0.07495485983166475
19.545454545454547,71.46464646464646,-0.08230396401307653
19.545454545454547,71.66666666666667,-0.05650599848054581
19.545454545454547,71.86868686868686,-0.058463237154809874
19.545454545454547,72.07070707070707,-0.02221202978362518
19.545454545454547,72.27272727272727,-0.019224989941123274
19.545454545454547,72.47474747474747,0.0037362661452435874
19.545454545454547,72.67676767676768,0.028880636917053493
19.545454545454547,72.87878787878788,0.08106832288266749
19.545454545454547,73.08080808080808,0.09646742538235595
19.545454545454547,73.28282828282828,0.10484285258683326
19.545454545454547,73.48484848484848,0.10185545966394016
19.545454545454547,73.68686868686869,0.09516013116062784
19.545454545454547,73.88888888888889,0.06001723327009875
19.545454545454547,74.0909090909091,0.044915935018841946
19.545454545454547,74.29292929292929,-0.023781881543397446
19.545454545454547,74.4949494949495,-0.047405933987108885
19.545454545454547,74.6969696969697,-0.07500368753416828
19.545454545454547,74.8989898989899,-0.10429345771145553
19.545454545454547,75.1010101010101,-0.13217324769518357
19.545454545454547,75.3030303030303,-0.12686971649555565
19.545454545454547,75.5050505050505,-0.142863469831383
19.545454545454547,75.70707070707071,-0.12780813705830513
19.545454545454547,75.9090909090909,-0.10864879835489685
19.545454545454547,76.11111111111111,-0.09281433125937086
19.545454545454547,76.31313131313131,-0.08191298366622336
19.545454545454547,76.51515151515152,-0.0379198641507667
19.545454545454547,76.71717171717171,-0.023588368617484545
19.545454545454547,76.91919191919192,0.004869813752286052
19.545454545454547,77.12121212121212,0.02778816912895716
19.545454545454547,77.32323232323232,0.03062852528662845
19.545454545454547,77.52525252525253,0.030652789423902232
19.545454545454547,77.72727272727272,0.016613192873747365
19.545454545454547,77.92929292929293,0.014572930555789891
19.545454545454547,78.13131313131314,-0.002576765193180947
19.545454545454547,78.33333333333333,-0.03236822101337136
19.545454545454547,78.53535353535354,-0.037540002792341334
19.545454545454547,78.73737373737373,-0.06211031926105988
19.545454545454547,78.93939393939394,-0.08452757067415557
19.545454545454547,79.14141414141415,-0.11644437606747192
19.545454545454547,79.34343434343434,-0.14511197099007994
19.545454545454547,79.54545454545455,-0.15082026699042966
19.545454545454547,79.74747474747474,-0.18952546738856593
19.545454545454547,79.94949494949495,-0.18170892713911768
19.545454545454547,80.15151515151516,-0.21914866815976877
19.545454545454547,80.35353535353535,-0.23211188968377006
19.545454545454547,80.55555555555556,-0.23874866912618117
19.545454545454547,80.75757575757575,-0.235837695659314
19.545454545454547,80.95959595959596,-0.23877974241088673
19.545454545454547,81.16161616161617,-0.18554711046749492
19.545454545454547,81.36363636363636,-0.1489659474445468
19.545454545454547,81.56565656565657,-0.10938760718338074
19.545454545454547,81.76767676767676,-0.05716637582797001
19.545454545454547,81.96969696969697,0.00278502746920638
19.545454545454547,82.17171717171718,0.048239697199591855
19.545454545454547,82.37373737373737,0.12688702920802553
19.545454545454547,82.57575757575758,0.15812678629507965
19.545454545454547,82.77777777777777,0.15944039067404547
19.545454545454547,82.97979797979798,0.13973099951653714
19.545454545454547,83.18181818181819,0.1046489662444728
19.545454545454547,83.38383838383838,0.06139703652045229
19.545454545454547,83.58585858585859,0.0066604837245143374
19.545454545454547,83.78787878787878,-0.08760556674230868
19.545454545454547,83.98989898989899,-0.16393241947524603
19.545454545454547,84.1919191919192,-0.20077596117639848
19.545454545454547,84.39393939393939,-0.283046766015048
19.545454545454547,84.5959595959596,-0.3035997275566061
19.545454545454547,84.79797979797979,-0.29964299845223086
19.545454545454547,85.0,-0.2900146829375611
19.747474747474747,65.0,-0.0842193062785483
19.747474747474747,65.20202020202021,-0.1073033325207732
19.747474747474747,65.4040404040404,-0.1310685127123276
19.747474747474747,65.60606060606061,-0.11021025577607706
19.747474747474747,65.8080808080808,-0.09426361111950926
19.747474747474747,66.01010101010101,-0.08508060594100865
19.747474747474747,66.21212121212122,-0.05685318000224192
19.747474747474747,66.41414141414141,0.0037327236230296976
19.747474747474747,66.61616161616162,0.019604202265272205
19.747474747474747,66.81818181818181,0.040711009633736576
19.747474747474747,67.02020202020202,0.06889213511794431
19.747474747474747,67.22222222222223,0.0650426573532686
19.747474747474747,67.42424242424242,0.05489884578692427
19.747474747474747,67.62626262626263,0.05340388744353346
19.747474747474747,67.82828282828282,0.05290641873966974
19.747474747474747,68.03030303030303,0.010077737418029434
19.747474747474747,68.23232323232324,0.011743444417840568
19.747474747474747,68.43434343434343,0.011340570900868704
19.747474747474747,68.63636363636364,-0.02325819205834822
19.747474747474747,68.83838383838383,-0.01312238265801393
19.747474747474747,69.04040404040404,-0.01730982950592043
19.747474747474747,69.24242424242425,-0.027212781414560062
19.747474747474747,69.44444444444444,-0.021751596129834704
19.747474747474747,69.64646464646465,-0.0072797436982187935
19.747474747474747,69.84848484848484,0.030202364221907432
19.747474747474747,70.05050505050505,0.023926686203576755
19.747474747474747,70.25252525252526,0.002394595548415265
19.747474747474747,70.45454545454545,-0.011574574141591017
19.747474747474747,70.65656565656566,-0.009831137823608796
19.747474747474747,70.85858585858585,-0.010779905565030244
19.747474747474747,71.06060606060606,-0.025420666707924658
19.747474747474747,71.26262626262626,-0.012404005633216615
19.747474747474747,71.46464646464646,-0.0029338859631998417
19.747474747474747,71.66666666666667,-0.03983679931503729
19.747474747474747,71.86868686868686,-0.020104901893685245
19.747474747474747,72.07070707070707,-0.01929233070356098
19.747474747474747,72.27272727272727,-0.03838333957203936
19.747474747474747,72.47474747474747,-0.00781048217984287
19.747474747474747,72.67676767676768,-0.015148060077225474
19.747474747474747,72.87878787878788,0.018048684898792033
19.747474747474747,73.08080808080808,0.0317162704105659
19.747474747474747,73.28282828282828,0.0461588696569181
19.747474747474747,73.48484848484848,0.04783805163362209
19.747474747474747,73.68686868686869,0.056525445358955775
19.747474747474747,73.88888888888889,0.04632348016183967
19.747474747474747,74.0909090909091,0.0203732293123262
19.747474747474747,74.29292929292929,-0.012193321329907915
19.747474747474747,74.4949494949495,-0.01409006336961912
19.747474747474747,74.6969696969697,-0.03088253979801666
19.747474747474747,74.8989898989899,-0.05087314693742356
19.747474747474747,75.1010101010101,-0.040746547160551455
19.747474747474747,75.3030303030303,-0.08334552726697572
19.747474747474747,75.5050505050505,-0.0957415926425306
19.747474747474747,75.70707070707071,-0.08452609848122791
19.747474747474747,75.9090909090909,-0.07226297019128061
19.747474747474747,76.11111111111111,-0.09107379307487783
19.747474747474747,76.31313131313131,-0.09011172226703029
19.747474747474747,76.51515151515152,-0.06834402397189762
19.747474747474747,76.71717171717171,-0.0681927864648858
19.747474747474747,76.91919191919192,-0.06239627875358739
19.747474747474747,77.12121212121212,-0.05191633735891416
19.747474747474747,77.32323232323232,-0.05903535155646763
19.747474747474747,77.52525252525253,-0.055220338940271646
19.747474747474747,77.72727272727272,-0.041381561449770746
19.747474747474747,77.92929292929293,-0.06283422295297837
19.747474747474747,78.13131313131314,-0.07351226947243249
19.747474747474747,78.33333333333333,-0.06256155138119224
19.747474747474747,78.53535353535354,-0.05843834825339387
19.747474747474747,78.73737373737373,-0.07743027560363279
19.747474747474747,78.93939393939394,-0.08549272616827344
19.747474747474747,79.14141414141415,-0.12926615595225416
19.747474747474747,79.34343434343434,-0.12120419273021892
19.747474747474747,79.54545454545455,-0.13320295235872665
19.747474747474747,79.74747474747474,-0.16978310200196411
19.747474747474747,79.94949494949495,-0.16658181760694413
19.747474747474747,80.15151515151516,-0.19684509155576432
19.747474747474747,80.35353535353535,-0.18317899464251586
19.747474747474747,80.55555555555556,-0.2461728506426427
19.747474747474747,80.75757575757575,-0.20985166579612302
19.747474747474747,80.95959595959596,-0.21430470623620343
19.747474747474747,81.16161616161617,-0.2023048768998245
19.747474747474747,81.36363636363636,-0.15869920586219696
19.747474747474747,81.56565656565657,-0.11225106203471862
19.747474747474747,81.76767676767676,-0.06254860498088978
19.747474747474747,81.96969696969697,-0.011280945545680671
19.747474747474747,82.17171717171718,0.03031938859057191
19.747474747474747,82.37373737373737,0.04682040451442496
19.747474747474747,82.57575757575758,0.09737856961380506
19.747474747474747,82.77777777777777,0.10268452126692387
19.747474747474747,82.97979797979798,0.08545367415664076
19.747474747474747,83.18181818181819,0.06558112050984624
19.747474747474747,83.38383838383838,0.023382348967980852
19.747474747474747,83.58585858585859,-0.01442530859239819
19.747474747474747,83.78787878787878,-0.07132014980328148
19.747474747474747,83.98989898989899,-0.12354038251738751
19.747474747474747,84.1919191919192,-0.1530489446915237
19.747474747474747,84.39393939393939,-0.1862518814800353
19.747474747474747,84.5959595959596,-0.21463172588385768
19.747474747474747,84.79797979797979,-0.20197077980036443
19.747474747474747,85.0,-0.20317649933084672
19.949494949494948,65.0,-0.0651189168056012
19.949494949494948,65.20202020202021,-0.059472053882139914
19.949494949494948,65.4040404040404,-0.06673558148909452
19.949494949494948,65.60606060606061,-0.05880936228739116
19.949494949494948,65.8080808080808,-0.0733540928433572
19.949494949494948,66.01010101010101,-0.030950715086367903
19.949494949494948,66.21212121212122,-0.028995598594825214
19.949494949494948,66.41414141414141,-0.0023609065582693156
19.949494949494948,66.61616161616162,0.014685271508425808
19.949494949494948,66.81818181818181,0.031342529051753644
19.949494949494948,67.02020202020202,0.043273188372489946
19.949494949494948,67.22222222222223,0.04305389655454226
19.949494949494948,67.42424242424242,0.04755532109942793
19.949494949494948,67.62626262626263,0.03303300391281857
19.949494949494948,67.82828282828282,0.00016361980009219068
19.949494949494948,68.03030303030303,0.00618662708494853
19.949494949494948,68.23232323232324,-0.008322574577710365
19.949494949494948,68.43434343434343,-0.03341538821890825
19.949494949494948,68.63636363636364,-0.04744908740313795
19.949494949494948,68.83838383838383,-0.0556105095668977
19.949494949494948,69.04040404040404,-0.052042067538671015
19.949494949494948,69.24242424242425,-0.06880809570420351
19.949494949494948,69.44444444444444,-0.04173880879726246
19.949494949494948,69.64646464646465,-0.006985706458813981
19.949494949494948,69.84848484848484,0.008170842448218984
19.949494949494948,70.05050505050505,0.014182113005001749
19.949494949494948,70.25252525252526,0.018061835547428354
19.949494949494948,70.45454545454545,0.03416109449133928
19.949494949494948,70.65656565656566,0.04298467002745766
19.949494949494948,70.85858585858585,0.031149320162548563
19.949494949494948,71.06060606060606,0.031054683036347768
19.949494949494948,71.26262626262626,0.041047205540060215
19.949494949494948,71.46464646464646,0.06889347169555277
19.949494949494948,71.66666666666667,0.007594431774952223
19.949494949494948,71.86868686868686,-0.0019463037568519222
19.949494949494948,72.07070707070707,-0.03344270329391305
19.949494949494948,72.27272727272727,-0.036909048064100086
19.949494949494948,72.47474747474747,-0.06152314184713081
19.949494949494948,72.67676767676768,-0.05226553489528216
19.949494949494948,72.87878787878788,-0.06392771785810952
19.949494949494948,73.08080808080808,-0.027011311092525192
19.949494949494948,73.28282828282828,-0.009512637973785485
19.949494949494948,73.48484848484848,-0.01632505935812966
19.949494949494948,73.68686868686869,-0.006990806532427903
19.949494949494948,73.88888888888889,-0.002019138933508929
19.949494949494948,74.0909090909091,0.005861232400688808
19.949494949494948,74.29292929292929,0.007913367913078896
19.949494949494948,74.4949494949495,0.02039655358498971
19.949494949494948,74.6969696969697,0.029014652414597622
19.949494949494948,74.8989898989899,0.010128321612549614
19.949494949494948,75.1010101010101,0.012317167210899723
19.949494949494948,75.3030303030303,0.016538984374742518
19.949494949494948,75.5050505050505,-0.018630875363152406
19.949494949494948,75.70707070707071,-0.03898841683893321
19.949494949494948,75.9090909090909,-0.03453338076313656
19.949494949494948,76.11111111111111,-0.051857763011798765
19.949494949494948,76.31313131313131,-0.08527978026315716
19.949494949494948,76.51515151515152,-0.10354520482549837
19.949494949494948,76.71717171717171,-0.12047808385992886
19.949494949494948,76.91919191919192,-0.13039747257275236
19.949494949494948,77.12121212121212,-0.11761183583869733
19.949494949494948,77.32323232323232,-0.13431851735795644
19.949494949494948,77.52525252525253,-0.11957479984966073
19.949494949494948,77.72727272727272,-0.11849900785569965
19.949494949494948,77.92929292929293,-0.11683277895474811
19.949494949494948,78.13131313131314,-0.0883922139867343
19.949494949494948,78.33333333333333,-0.09934172701515799
19.949494949494948,78.53535353535354,-0.09092087797676236
19.949494949494948,78.73737373737373,-0.10794727755855005
19.949494949494948,78.93939393939394,-0.10237432299256957
19.949494949494948,79.14141414141415,-0.09215329829603254
19.949494949494948,79.34343434343434,-0.08112902417008935
19.949494949494948,79.54545454545455,-0.13620716891686963
19.949494949494948,79.74747474747474,-0.13056128441065987
19.949494949494948,79.94949494949495,-0.14003719670604073
19.949494949494948,80.15151515151516,-0.16836127531692147
19.949494949494948,80.35353535353535,-0.17013330866244503
19.949494949494948,80.55555555555556,-0.19718752742717963
19.949494949494948,80.75757575757575,-0.1875186193468502
19.949494949494948,80.95959595959596,-0.18558237735487318
19.949494949494948,81.16161616161617,-0.15214814820921657
19.949494949494948,81.36363636363636,-0.15022209480656018
19.949494949494948,81.56565656565657,-0.12347277266097494
19.949494949494948,81.76767676767676,-0.08582514113846841
19.949494949494948,81.96969696969697,-0.08019450817707167
19.949494949494948,82.17171717171718,-0.043332294858926916
19.949494949494948,82.37373737373737,-0.037195471284304574
19.949494949494948,82.57575757575758,-0.009084367152858442
19.949494949494948,82.77777777777777,0.017924053038132513
19.949494949494948,82.97979797979798,0.005829620060039099
19.949494949494948,83.18181818181819,0.0023867045238682334
19.949494949494948,83.38383838383838,-0.0013064689019878896
19.949494949494948,83.58585858585859,-0.02895577778278635
19.949494949494948,83.78787878787878,-0.032893629906426816
19.949494949494948,83.98989898989899,-0.05719401848104879
19.949494949494948,84.1919191919192,-0.07236214201386912
19.949494949494948,84.39393939393939,-0.07861984835722047
19.949494949494948,84.5959595959596,-0.0966103248407249
19.949494949494948,84.79797979797979,-0.08627167361602349
19.949494949494948,85.0,-0.08767852553775982
20.15151515151515,65.0,-0.0259167092055767
20.15151515151515,65.20202020202021,0.005538357305186941
20.15151515151515,65.4040404040404,0.006098845496204697
20.15151515151515,65.60606060606061,0.008059223075092268
20.15151515151515,65.8080808080808,0.022006710366564132
20.15151515151515,66.01010101010101,0.03710102055447548
20.15151515151515,66.21212121212122,0.03649062637965487
20.15151515151515,66.41414141414141,0.054250741716377275
20.15151515151515,66.61616161616162,0.04847593750049645
20.15151515151515,66.81818181818181,0.041593185363494115
20.15151515151515,67.02020202020202,0.021369804362088254
20.15151515151515,67.22222222222223,0.021634665281321727
20.15151515151515,67.42424242424242,0.014116818401760623
20.15151515151515,67.62626262626263,0.010308344137675195
20.15151515151515,67.82828282828282,-0.0004850274251286153
20.15151515151515,68.03030303030303,-0.017298648375566175
20.15151515151515,68.23232323232324,-0.033035358320974026
20.15151515151515,68.43434343434343,-0.044042295678438675
20.15151515151515,68.63636363636364,-0.07493920323247137
20.15151515151515,68.83838383838383,-0.058730108455337965
20.15151515151515,69.04040404040404,-0.09750604854785536
20.15151515151515,69.24242424242425,-0.055368005785163196
20.15151515151515,69.44444444444444,-0.05561878324157587
20.15151515151515,69.64646464646465,-0.0252809613644046
20.15151515151515,69.84848484848484,-0.01068685232920965
20.15151515151515,70.05050505050505,0.007867365373654194
20.15151515151515,70.25252525252526,0.025820388186264344
20.15151515151515,70.45454545454545,0.04360814731905026
20.15151515151515,70.65656565656566,0.049545487664491294
20.15151515151515,70.85858585858585,0.08233176819600749
20.15151515151515,71.06060606060606,0.07746559930530084
20.15151515151515,71.26262626262626,0.09514678953879467
20.15151515151515,71.46464646464646,0.09661943550425917
20.15151515151515,71.66666666666667,0.0773383361635888
20.15151515151515,71.86868686868686,0.040628437214320426
20.15151515151515,72.07070707070707,-0.004487742271006808
20.15151515151515,72.27272727272727,-0.02759675029780844
20.15151515151515,72.47474747474747,-0.07357945429408219
20.15151515151515,72.67676767676768,-0.07055663713973791
20.15151515151515,72.87878787878788,-0.0997594364860744
20.15151515151515,73.08080808080808,-0.11553511233823079
20.15151515151515,73.28282828282828,-0.10535821806245584
20.15151515151515,73.48484848484848,-0.07991574255355519
20.15151515151515,73.68686868686869,-0.06083602938133769
20.15151515151515,73.88888888888889,-0.020457907496606257
20.15151515151515,74.0909090909091,-0.025508298281350303
20.15151515151515,74.29292929292929,0.012199919539625223
20.15151515151515,74.4949494949495,0.028275898127488125
20.15151515151515,74.6969696969697,0.05794695029380258
20.15151515151515,74.8989898989899,0.09640160336046977
20.15151515151515,75.1010101010101,0.07402771194615493
20.15151515151515,75.3030303030303,0.08519363035155954
20.15151515151515,75.5050505050505,0.06682416377190266
20.15151515151515,75.70707070707071,0.03822216140004116
20.15151515151515,75.9090909090909,0.012806430422095401
20.15151515151515,76.11111111111111,-0.04013744465175191
20.15151515151515,76.31313131313131,-0.05118754715352014
20.15151515151515,76.51515151515152,-0.08659909895039769
20.15151515151515,76.71717171717171,-0.13729472253620678
20.15151515151515,76.91919191919192,-0.13567389481454464
20.15151515151515,77.12121212121212,-0.1754758191386326
20.15151515151515,77.32323232323232,-0.16972932234218743
20.15151515151515,77.52525252525253,-0.1542597387178551
20.15151515151515,77.72727272727272,-0.16314946666746147
20.15151515151515,77.92929292929293,-0.1605495388446991
20.15151515151515,78.13131313131314,-0.15141514118574653
20.15151515151515,78.33333333333333,-0.10386986792724823
20.15151515151515,78.53535353535354,-0.11879239388562259
20.15151515151515,78.73737373737373,-0.10445123847746501
20.15151515151515,78.93939393939394,-0.1046562561511302
20.15151515151515,79.14141414141415,-0.0786470005346654
20.15151515151515,79.34343434343434,-0.09457893120967908
20.15151515151515,79.54545454545455,-0.09379372657445965
20.15151515151515,79.74747474747474,-0.09162799909458444
20.15151515151515,79.94949494949495,-0.11529279187190081
20.15151515151515,80.15151515151516,-0.11983593051188401
20.15151515151515,80.35353535353535,-0.11727351767098254
20.15151515151515,80.55555555555556,-0.13592089975768826
20.15151515151515,80.75757575757575,-0.1413742837870549
20.15151515151515,80.95959595959596,-0.13725776304404436
20.15151515151515,81.16161616161617,-0.13649295839164338
20.15151515151515,81.36363636363636,-0.10483612560744787
20.15151515151515,81.56565656565657,-0.12635674224594806
20.15151515151515,81.76767676767676,-0.11209006114795962
20.15151515151515,81.96969696969697,-0.11098837831250243
20.15151515151515,82.17171717171718,-0.09956021611745829
20.15151515151515,82.37373737373737,-0.09318469804901433
20.15151515151515,82.57575757575758,-0.09567212669899657
20.15151515151515,82.77777777777777,-0.0817644019017468
20.15151515151515,82.97979797979798,-0.07058538080763356
20.15151515151515,83.18181818181819,-0.08563461653804713
20.15151515151515,83.38383838383838,-0.06614275803497731
20.15151515151515,83.58585858585859,-0.040727013983929326
20.15151515151515,83.78787878787878,-0.022564379411430996
20.15151515151515,83.98989898989899,-0.011746403487262039
20.15151515151515,84.1919191919192,0.021505991282186176
20.15151515151515,84.39393939393939,0.022910950287346753
20.15151515151515,84.5959595959596,0.02472017293017848
20.15151515151515,84.79797979797979,0.013455285902675761
20.15151515151515,85.0,0.019303395404958807
20.353535353535353,65.0,-0.009276791553437025
20.353535353535353,65.20202020202021,0.04465044849780268
20.353535353535353,65.4040404040404,0.0677267522915198
20.353535353535353,65.60606060606061,0.08135774291789824
20.353535353535353,65.8080808080808,0.06707097071062679
20.353535353535353,66.01010101010101,0.08227979724050798
20.353535353535353,66.21212121212122,0.06170350608811227
20.353535353535353,66.41414141414141,0.051631078102085705
20.353535353535353,66.61616161616162,0.051363285458516796
20.353535353535353,66.81818181818181,0.04725648034944756
20.353535353535353,67.02020202020202,0.010614898406645625
20.353535353535353,67.22222222222223,-0.01347620912128706
20.353535353535353,67.42424242424242,-0.015630819911492354
20.353535353535353,67.62626262626263,-0.016859417342978134
20.353535353535353,67.82828282828282,-0.02725340181309063
20.353535353535353,68.03030303030303,-0.014596697127593605
20.353535353535353,68.23232323232324,-0.06046712442430046
20.353535353535353,68.43434343434343,-0.06348389687130918
20.353535353535353,68.63636363636364,-0.061425738864972705
20.353535353535353,68.83838383838383,-0.06813549129920242
20.353535353535353,69.04040404040404,-0.10217302667591457
20.353535353535353,69.24242424242425,-0.07543620506884215
20.353535353535353,69.44444444444444,-0.0463100958917924
20.353535353535353,69.64646464646465,-0.012334424033937901
20.353535353535353,69.84848484848484,-0.011661503913385753
20.353535353535353,70.05050505050505,-0.00013772505370444584
20.353535353535353,70.25252525252526,0.014943541572374913
20.353535353535353,70.45454545454545,0.07003113152570542
20.353535353535353,70.65656565656566,0.08109165155903753
20.353535353535353,70.85858585858585,0.09272842879183649
20.353535353535353,71.06060606060606,0.12191639227142546
20.353535353535353,71.26262626262626,0.13751517994881693
20.353535353535353,71.46464646464646,0.13312974097611224
20.353535353535353,71.66666666666667,0.09453355916779105
20.353535353535353,71.86868686868686,0.05941912765027014
20.353535353535353,72.07070707070707,0.0029600911724005606
20.353535353535353,72.27272727272727,-0.01825888303985264
20.353535353535353,72.47474747474747,-0.07712013958123094
20.353535353535353,72.67676767676768,-0.10689386485419526
20.353535353535353,72.87878787878788,-0.12461828191215768
20.353535353535353,73.08080808080808,-0.15067693154168485
20.353535353535353,73.28282828282828,-0.1533865256058973
20.353535353535353,73.48484848484848,-0.1354981615927965
20.353535353535353,73.68686868686869,-0.1100633586742845
20.353535353535353,73.88888888888889,-0.06278952695396203
20.353535353535353,74.0909090909091,-0.031000054975236693
20.353535353535353,74.29292929292929,0.004708289877441519
20.353535353535353,74.4949494949495,0.06479321546145381
20.353535353535353,74.6969696969697,0.10596189485013549
20.353535353535353,74.8989898989899,0.10921924702040457
20.353535353535353,75.1010101010101,0.15196801818534691
20.353535353535353,75.3030303030303,0.13778637112708927
20.353535353535353,75.5050505050505,0.11941681745036063
20.353535353535353,75.70707070707071,0.09699087457567865
20.353535353535353,75.9090909090909,0.042027685371427786
20.353535353535353,76.11111111111111,0.01047448916614853
20.353535353535353,76.31313131313131,-0.054068823462741826
20.353535353535353,76.51515151515152,-0.11552439840592209
20.353535353535353,76.71717171717171,-0.15414556365137932
20.353535353535353,76.91919191919192,-0.1702622523498412
20.353535353535353,77.12121212121212,-0.20454798785599504
20.353535353535353,77.32323232323232,-0.18698266066071814
20.353535353535353,77.52525252525253,-0.18981515139419053
20.353535353535353,77.72727272727272,-0.17965906918745086
20.353535353535353,77.92929292929293,-0.1784724830321058
20.353535353535353,78.13131313131314,-0.16181949685329905
20.353535353535353,78.33333333333333,-0.1597652499019341
20.353535353535353,78.53535353535354,-0.11964020788535022
20.353535353535353,78.73737373737373,-0.10630985641898026
20.353535353535353,78.93939393939394,-0.08589971194797003
20.353535353535353,79.14141414141415,-0.0597522761921048
20.353535353535353,79.34343434343434,-0.0724278804371301
20.353535353535353,79.54545454545455,-0.061587072530542866
20.353535353535353,79.74747474747474,-0.05501199737161816
20.353535353535353,79.94949494949495,-0.07008925618903994
20.353535353535353,80.15151515151516,-0.06928648575152176
20.353535353535353,80.35353535353535,-0.07118541729932325
20.353535353535353,80.55555555555556,-0.08720816056626635
20.353535353535353,80.75757575757575,-0.07632642975124762
20.353535353535353,80.95959595959596,-0.1081365965883477
20.353535353535353,81.16161616161617,-0.08535600927207315
20.353535353535353,81.36363636363636,-0.09582809050415327
20.353535353535353,81.56565656565657,-0.11871937108023753
20.353535353535353,81.76767676767676,-0.13893640565272528
20.353535353535353,81.96969696969697,-0.17165723057964713
20.353535353535353,82.17171717171718,-0.17947344298870188
20.353535353535353,82.37373737373737,-0.17497617616396266
20.353535353535353,82.57575757575758,-0.18896584206953043
20.353535353535353,82.77777777777777,-0.1679121437332095
20.353535353535353,82.97979797979798,-0.16625799564129512
20.353535353535353,83.18181818181819,-0.12404372720276058
20.353535353535353,83.38383838383838,-0.10031061359944557
20.353535353535353,83.58585858585859,-0.05661960113183176
20.353535353535353,83.78787878787878,0.003355070593928116
20.353535353535353,83.98989898989899,0.04875594046642404
20.353535353535353,84.1919191919192,0.08382812350559814
20.353535353535353,84.39393939393939,0.12888307483790384
20.353535353535353,84.5959595959596,0.14814594744254392
20.353535353535353,84.79797979797979,0.16002650889883943
20.353535353535353,85.0,0.14036367483455828
20.555555555555557,65.0,0.05410797077359468
20.555555555555557,65.20202020202021,0.090954421846096
20.555555555555557,65.4040404040404,0.11668753398436894
20.555555555555557,65.60606060606061,0.11694097975076026
20.555555555555557,65.8080808080808,0.13326233882589084
20.555555555555557,66.01010101010101,0.12885172785281598
20.555555555555557,66.21212121212122,0.11940080174736241
20.555555555555557,66.41414141414141,0.08652071900408938
20.555555555555557,66.61616161616162,0.06239911849632101
20.555555555555557,66.81818181818181,0.009016614490094773
20.555555555555557,67.02020202020202,-0.011904044535545772
20.555555555555557,67.22222222222223,-0.026540823913016747
20.555555555555557,67.42424242424242,-0.03393181284755961
20.555555555555557,67.62626262626263,-0.054999090522955936
20.555555555555557,67.82828282828282,-0.058887368070164064
20.555555555555557,68.03030303030303,-0.055739695368440464
20.555555555555557,68.23232323232324,-0.07992181839983596
20.555555555555557,68.43434343434343,-0.05907955019977724
20.555555555555557,68.63636363636364,-0.08863406435592852
20.555555555555557,68.83838383838383,-0.10023924700442051
20.555555555555557,69.04040404040404,-0.07807987533031698
20.555555555555557,69.24242424242425,-0.053787508895994394
20.555555555555557,69.44444444444444,-0.05217176332210349
20.555555555555557,69.64646464646465,-0.032557392409459415
20.555555555555557,69.84848484848484,-0.018344156666607176
20.555555555555557,70.05050505050505,0.0022023968415662413
20.555555555555557,70.25252525252526,0.011783808863513235
20.555555555555557,70.45454545454545,0.030975160653054397
20.555555555555557,70.65656565656566,0.08576110608380892
20.555555555555557,70.85858585858585,0.12846611761520066
20.555555555555557,71.06060606060606,0.14498091777633082
20.555555555555557,71.26262626262626,0.1607217422820449
20.555555555555557,71.46464646464646,0.16478389742330762
20.555555555555557,71.66666666666667,0.1276920949887926
20.555555555555557,71.86868686868686,0.08324796424115523
20.555555555555557,72.07070707070707,0.026774522226332004
20.555555555555557,72.27272727272727,0.0019265744788773374
20.555555555555557,72.47474747474747,-0.06538641818249646
20.555555555555557,72.67676767676768,-0.12764090791083366
20.555555555555557,72.87878787878788,-0.16820881524157152
20.555555555555557,73.08080808080808,-0.16787885074284692
20.555555555555557,73.28282828282828,-0.19624299175704948
20.555555555555557,73.48484848484848,-0.15337334631495625
20.555555555555557,73.68686868686869,-0.16882799687264294
20.555555555555557,73.88888888888889,-0.08456691088548009
20.555555555555557,74.0909090909091,-0.044324606400659286
20.555555555555557,74.29292929292929,0.005012495687824755
20.555555555555557,74.4949494949495,0.05463719752641096
20.555555555555557,74.6969696969697,0.12231152440584686
20.555555555555557,74.8989898989899,0.14620295478946932
20.555555555555557,75.1010101010101,0.14990603955192547
20.555555555555557,75.3030303030303,0.1436875092446937
20.555555555555557,75.5050505050505,0.1477999826914681
20.555555555555557,75.70707070707071,0.11712665026703249
20.555555555555557,75.9090909090909,0.0616188896337507
20.555555555555557,76.11111111111111,0.026733003775132706
20.555555555555557,76.31313131313131,-0.03385877583626226
20.555555555555557,76.51515151515152,-0.08362742724867256
20.555555555555557,76.71717171717171,-0.12540398642388126
20.555555555555557,76.91919191919192,-0.1552372429472999
20.555555555555557,77.12121212121212,-0.18637614094630536
20.555555555555557,77.32323232323232,-0.21736208668169832
20.555555555555557,77.52525252525253,-0.21162655801326524
20.555555555555557,77.72727272727272,-0.2108663795181147
20.555555555555557,77.92929292929293,-0.21356192830882156
20.555555555555557,78.13131313131314,-0.1800663552186188
20.555555555555557,78.33333333333333,-0.14610926572713598
20.555555555555557,78.53535353535354,-0.14210450898422838
20.555555555555557,78.73737373737373,-0.13351709654653543
20.555555555555557,78.93939393939394,-0.09176645855035868
20.555555555555557,79.14141414141415,-0.08120511586864428
20.555555555555557,79.34343434343434,-0.041988567298065514
20.555555555555557,79.54545454545455,-0.03141439504685899
20.555555555555557,79.74747474747474,-0.02815031911010972
20.555555555555557,79.94949494949495,-0.023426350484474164
20.555555555555557,80.15151515151516,-0.020459999053875026
20.555555555555557,80.35353535353535,-0.020958899092381186
20.555555555555557,80.55555555555556,-0.035088448723846595
20.555555555555557,80.75757575757575,-0.05040142617501013
20.555555555555557,80.95959595959596,-0.03690026878483694
20.555555555555557,81.16161616161617,-0.0669564172398437
20.555555555555557,81.36363636363636,-0.08078750296834102
20.555555555555557,81.56565656565657,-0.10584640652648677
20.555555555555557,81.76767676767676,-0.13988765843643614
20.555555555555557,81.96969696969697,-0.1948980123142827
20.555555555555557,82.17171717171718,-0.2385684515115444
20.555555555555557,82.37373737373737,-0.2560561083172894
20.555555555555557,82.57575757575758,-0.2575234752706211
20.555555555555557,82.77777777777777,-0.2604982709550904
20.555555555555557,82.97979797979798,-0.22985621555411428
20.555555555555557,83.18181818181819,-0.16168639271581056
20.555555555555557,83.38383838383838,-0.14375066224432276
20.555555555555557,83.58585858585859,-0.06329495912739698
20.555555555555557,83.78787878787878,0.04031780298501417
20.555555555555557,83.98989898989899,0.0980975797816796
20.555555555555557,84.1919191919192,0.15922427269748657
20.555555555555557,84.39393939393939,0.22769845762128746
20.555555555555557,84.5959595959596,0.2431555011182365
20.555555555555557,84.79797979797979,0.24067464833891694
20.555555555555557,85.0,0.22252745854989758
20.757575757575758,65.0,0.04318831739771115
20.757575757575758,65.20202020202021,0.0883981321081963
20.757575757575758,65.4040404040404,0.13301967207203713
20.757575757575758,65.60606060606061,0.14369254780117333
20.757575757575758,65.8080808080808,0.1573102254002597
20.757575757575758,66.01010101010101,0.14978284418865132
20.757575757575758,66.21212121212122,0.1321223267572309
20.757575757575758,66.41414141414141,0.1031636096832433
20.757575757575758,66.61616161616162,0.0502357555136765
20.757575757575758,66.81818181818181,0.020209357795371603
20.757575757575758,67.02020202020202,-0.015421181423391661
20.757575757575758,67.22222222222223,-0.04484933784069471
20.757575757575758,67.42424242424242,-0.07074840106398839
20.757575757575758,67.62626262626263,-0.08497254160290635
20.757575757575758,67.82828282828282,-0.07273105761341428
20.757575757575758,68.03030303030303,-0.09584229106269554
20.757575757575758,68.23232323232324,-0.08206880851443726
20.757575757575758,68.43434343434343,-0.10463981479900089
20.757575757575758,68.63636363636364,-0.09029692435903439
20.757575757575758,68.83838383838383,-0.08152281162666855
20.757575757575758,69.04040404040404,-0.055998178860391164
20.757575757575758,69.24242424242425,-0.05235444337319101
20.757575757575758,69.44444444444444,-0.05375532995227813
20.757575757575758,69.64646464646465,-0.025771344520705668
20.757575757575758,69.84848484848484,-0.0057700764213525595
20.757575757575758,70.05050505050505,0.003956876761946692
20.757575757575758,70.25252525252526,0.013630157003291461
20.757575757575758,70.45454545454545,0.05040082051137269
20.757575757575758,70.65656565656566,0.08030691779391051
20.757575757575758,70.85858585858585,0.09916972998267344
20.757575757575758,71.06060606060606,0.14076349310898462
20.757575757575758,71.26262626262626,0.15344518840784907
20.757575757575758,71.46464646464646,0.15126359824601301
20.757575757575758,71.66666666666667,0.12742390168129103
20.757575757575758,71.86868686868686,0.09467911716206694
20.757575757575758,72.07070707070707,0.03884929453655862
20.757575757575758,72.27272727272727,-0.008072907232119595
20.757575757575758,72.47474747474747,-0.06487837306075869
20.757575757575758,72.67676767676768,-0.11462804261272087
20.757575757575758,72.87878787878788,-0.13629810477788964
20.757575757575758,73.08080808080808,-0.19822648720097075
20.757575757575758,73.28282828282828,-0.17875452359739427
20.757575757575758,73.48484848484848,-0.18282268165238397
20.757575757575758,73.68686868686869,-0.1550403001103896
20.757575757575758,73.88888888888889,-0.10321076490343312
20.757575757575758,74.0909090909091,-0.07189445132719575
20.757575757575758,74.29292929292929,-0.0133344113216683
20.757575757575758,74.4949494949495,0.03737926615403101
20.757575757575758,74.6969696969697,0.08934177375116349
20.757575757575758,74.8989898989899,0.11893758617961855
20.757575757575758,75.1010101010101,0.16435413593960443
20.757575757575758,75.3030303030303,0.17207346217088063
20.757575757575758,75.5050505050505,0.12484057127819173
20.757575757575758,75.70707070707071,0.12859262343891176
20.757575757575758,75.9090909090909,0.09849685482795612
20.757575757575758,76.11111111111111,0.05192923700703317
20.757575757575758,76.31313131313131,-0.011110221537453925
20.757575757575758,76.51515151515152,-0.0602880081476954
20.757575757575758,76.71717171717171,-0.11415104167812828
20.757575757575758,76.91919191919192,-0.15044260572435578
20.757575757575758,77.12121212121212,-0.187995612863217
20.757575757575758,77.32323232323232,-0.19823779675438738
20.757575757575758,77.52525252525253,-0.2250780867064907
20.757575757575758,77.72727272727272,-0.21556206414276102
20.757575757575758,77.92929292929293,-0.21994663892864882
20.757575757575758,78.13131313131314,-0.191753932122943
20.757575757575758,78.33333333333333,-0.18207436562526078
20.757575757575758,78.53535353535354,-0.15002925580880114
20.757575757575758,78.73737373737373,-0.11590823797026585
20.757575757575758,78.93939393939394,-0.08195386945601005
20.757575757575758,79.14141414141415,-0.09489314804952823
20.757575757575758,79.34343434343434,-0.053414356755215255
20.757575757575758,79.54545454545455,-0.02771367224742104
20.757575757575758,79.74747474747474,-0.0025370181330890322
20.757575757575758,79.94949494949495,-0.008569695662801042
20.757575757575758,80.15151515151516,0.0090633562437512
20.757575757575758,80.35353535353535,0.02450186635518636
20.757575757575758,80.55555555555556,0.0199807827359348
20.757575757575758,80.75757575757575,0.010298626713782004
20.757575757575758,80.95959595959596,-0.008869124720421144
20.757575757575758,81.16161616161617,-0.035356426407727605
20.757575757575758,81.36363636363636,-0.06777778806889234
20.757575757575758,81.56565656565657,-0.10739705588069144
20.757575757575758,81.76767676767676,-0.14772526273470699
20.757575757575758,81.96969696969697,-0.2280273544547583
20.757575757575758,82.17171717171718,-0.23814212663897666
20.757575757575758,82.37373737373737,-0.3104089488432774
20.757575757575758,82.57575757575758,-0.3132615596569192
20.757575757575758,82.77777777777777,-0.2951363994951137
20.757575757575758,82.97979797979798,-0.25371414143283205
20.757575757575758,83.18181818181819,-0.23799611071214286
20.757575757575758,83.38383838383838,-0.13920228078899458
20.757575757575758,83.58585858585859,-0.04857704185117923
20.757575757575758,83.78787878787878,0.04428709988513474
20.757575757575758,83.98989898989899,0.11867051774341245
20.757575757575758,84.1919191919192,0.20358908044403365
20.757575757575758,84.39393939393939,0.2605366042027568
20.757575757575758,84.5959595959596,0.2952934284252769
20.757575757575758,84.79797979797979,0.2915117742632855
20.757575757575758,85.0,0.26615904710263927
20.95959595959596,65.0,0.044858293189845876
20.95959595959596,65.20202020202021,0.09047308071133436
20.95959595959596,65.4040404040404,0.13113961800578766
20.95959595959596,65.60606060606061,0.15012685911205842
20.95959595959596,65.8080808080808,0.16052468724332378
20.95959595959596,66.01010101010101,0.15308784718029067
20.95959595959596,66.21212121212122,0.10558963227520582
20.95959595959596,66.41414141414141,0.08344565113153933
20.95959595959596,66.61616161616162,0.05174899815234232
20.95959595959596,66.81818181818181,0.013158307132344371
20.95959595959596,67.02020202020202,-0.031556117309774805
20.95959595959596,67.22222222222223,-0.04668971502438145
20.95959595959596,67.42424242424242,-0.056684836931497076
20.95959595959596,67.62626262626263,-0.0849459047320154
20.95959595959596,67.82828282828282,-0.0885842921318392
20.95959595959596,68.03030303030303,-0.07926693267585021
20.95959595959596,68.23232323232324,-0.10245043097811131
20.95959595959596,68.43434343434343,-0.07752180332873895
20.95959595959596,68.63636363636364,-0.06014152396083068
20.95959595959596,68.83838383838383,-0.0675473729845841
20.95959595959596,69.04040404040404,-0.06461781109368553
20.95959595959596,69.24242424242425,-0.045299666843363215
20.95959595959596,69.44444444444444,-0.03367682392782485
20.95959595959596,69.64646464646465,-0.02933645134620225
20.95959595959596,69.84848484848484,0.015599034963613225
20.95959595959596,70.05050505050505,0.0057643186798132726
20.95959595959596,70.25252525252526,0.015773686505814337
20.95959595959596,70.45454545454545,0.045027961057184825
20.95959595959596,70.65656565656566,0.07649192108763216
20.95959595959596,70.85858585858585,0.09060621900083955
20.95959595959596,71.06060606060606,0.1156018372687189
20.95959595959596,71.26262626262626,0.11359042562454003
20.95959595959596,71.46464646464646,0.13504103005488416
20.95959595959596,71.66666666666667,0.10848728528490273
20.95959595959596,71.86868686868686,0.08330417214281104
20.95959595959596,72.07070707070707,0.03849454505332209
20.95959595959596,72.27272727272727,0.002064051103080937
20.95959595959596,72.47474747474747,-0.055787570692676265
20.95959595959596,72.67676767676768,-0.0909565153449343
20.95959595959596,72.87878787878788,-0.1072445318392784
20.95959595959596,73.08080808080808,-0.13076570144688715
20.95959595959596,73.28282828282828,-0.1689064237171719
20.95959595959596,73.48484848484848,-0.14842403849678812
20.95959595959596,73.68686868686869,-0.13279044883188706
20.95959595959596,73.88888888888889,-0.10205838604636205
20.95959595959596,74.0909090909091,-0.052965078601123525
20.95959595959596,74.29292929292929,-0.0028760500061344833
20.95959595959596,74.4949494949495,0.030854980103124527
20.95959595959596,74.6969696969697,0.05920432261606369
20.95959595959596,74.8989898989899,0.09556590075377884
20.95959595959596,75.1010101010101,0.10473357785486415
20.95959595959596,75.3030303030303,0.1200747930061153
20.95959595959596,75.5050505050505,0.12825536136228866
20.95959595959596,75.70707070707071,0.08336166417875815
20.95959595959596,75.9090909090909,0.09287408019909198
20.95959595959596,76.11111111111111,0.04001310614099401
20.95959595959596,76.31313131313131,0.028620754943865748
20.95959595959596,76.51515151515152,-0.034429738007586634
20.95959595959596,76.71717171717171,-0.08368271910248848
20.95959595959596,76.91919191919192,-0.10241367010504727
20.95959595959596,77.12121212121212,-0.1371705702992892
20.95959595959596,77.32323232323232,-0.17692667920912722
20.95959595959596,77.52525252525253,-0.19972521940102533
20.95959595959596,77.72727272727272,-0.20076501581367545
20.95959595959596,77.92929292929293,-0.21216895965020408
20.95959595959596,78.13131313131314,-0.20281329583718344
20.95959595959596,78.33333333333333,-0.17708530900758096
20.95959595959596,78.53535353535354,-0.1696198773042332
20.95959595959596,78.73737373737373,-0.13259302370706305
20.95959595959596,78.93939393939394,-0.09419780721216289
20.95959595959596,79.14141414141415,-0.08114599962392657
20.95959595959596,79.34343434343434,-0.05096616902126553
20.95959595959596,79.54545454545455,-0.007781803526707071
20.95959595959596,79.74747474747474,-0.01698536479868707
20.95959595959596,79.94949494949495,0.029039023635475215
20.95959595959596,80.15151515151516,0.04689623014629815
20.95959595959596,80.35353535353535,0.05563781011987958
20.95959595959596,80.55555555555556,0.0585026242782212
20.95959595959596,80.75757575757575,0.033462749875975015
20.95959595959596,80.95959595959596,-0.000973975852425338
20.95959595959596,81.16161616161617,-0.01708802577909592
20.95959595959596,81.36363636363636,-0.05484149276409833
20.95959595959596,81.56565656565657,-0.09925466749383428
20.95959595959596,81.76767676767676,-0.1602551428755797
20.95959595959596,81.96969696969697,-0.22066771914014485
20.95959595959596,82.17171717171718,-0.2587467405810059
20.95959595959596,82.37373737373737,-0.28372497317586726
20.95959595959596,82.57575757575758,-0.2942315332391582
20.95959595959596,82.77777777777777,-0.29640768850569876
20.95959595959596,82.97979797979798,-0.25378722026011985
20.95959595959596,83.18181818181819,-0.2150067941789895
20.95959595959596,83.38383838383838,-0.12094517582605145
20.95959595959596,83.58585858585859,-0.05533299854843397
20.95959595959596,83.78787878787878,0.05106829624353014
20.95959595959596,83.98989898989899,0.1225866374480466
20.95959595959596,84.1919191919192,0.22512533643936075
20.95959595959596,84.39393939393939,0.2780591767714302
20.95959595959596,84.5959595959596,0.2993957433655989
20.95959595959596,84.79797979797979,0.3167511554284443
20.95959595959596,85.0,0.278095572724542
21.161616161616163,65.0,0.02560154700827708
21.161616161616163,65.20202020202021,0.056341206266663765
21.161616161616163,65.4040404040404,0.07504196769453035
21.161616161616163,65.60606060606061,0.10361561791469953
21.161616161616163,65.8080808080808,0.11696311478679572
21.161616161616163,66.01010101010101,0.13049728938474425
21.161616161616163,66.21212121212122,0.11090196306280391
21.161616161616163,66.41414141414141,0.09423409123616963
21.161616161616163,66.61616161616162,0.06343046720615934
21.161616161616163,66.81818181818181,0.006274889004322689
21.161616161616163,67.02020202020202,-0.02538787917766666
21.161616161616163,67.22222222222223,-0.057925857990200336
21.161616161616163,67.42424242424242,-0.08224278601648087
21.161616161616163,67.62626262626263,-0.10549993368684765
21.161616161616163,67.82828282828282,-0.0899333035787037
21.161616161616163,68.03030303030303,-0.09946890583004586
21.161616161616163,68.23232323232324,-0.08032359081177329
21.161616161616163,68.43434343434343,-0.04969576250104339
21.161616161616163,68.63636363636364,-0.06489026648895636
21.161616161616163,68.83838383838383,-0.04589720123340018
21.161616161616163,69.04040404040404,-0.026892349847609243
21.161616161616163,69.24242424242425,-0.021528275698372876
21.161616161616163,69.44444444444444,-0.009755925762871
21.161616161616163,69.64646464646465,-0.004646451939339447
21.161616161616163,69.84848484848484,0.007700705422436381
21.161616161616163,70.05050505050505,0.010082730245643668
21.161616161616163,70.25252525252526,0.036379752554091545
21.161616161616163,70.45454545454545,0.018417999514878807
21.161616161616163,70.65656565656566,0.054709078978653444
21.161616161616163,70.85858585858585,0.04186360741825632
21.161616161616163,71.06060606060606,0.07632548433868426
21.161616161616163,71.26262626262626,0.07008406600019222
21.161616161616163,71.46464646464646,0.06056681573025207
21.161616161616163,71.66666666666667,0.06847775366888521
21.161616161616163,71.86868686868686,0.05328212075268894
21.161616161616163,72.07070707070707,0.01565691313129809
21.161616161616163,72.27272727272727,0.0018248371274704918
21.161616161616163,72.47474747474747,-0.052720932315310096
21.161616161616163,72.67676767676768,-0.06621930130146654
21.161616161616163,72.87878787878788,-0.06160999245534597
21.161616161616163,73.08080808080808,-0.09429248054059304
21.161616161616163,73.28282828282828,-0.12010257484877061
21.161616161616163,73.48484848484848,-0.10692384795000032
21.161616161616163,73.68686868686869,-0.09723578873139578
21.161616161616163,73.88888888888889,-0.07051737514674458
21.161616161616163,74.0909090909091,-0.04945879733670674
21.161616161616163,74.29292929292929,-0.019231954140627984
21.161616161616163,74.4949494949495,0.002253693091390433
21.161616161616163,74.6969696969697,0.03696819780145093
21.161616161616163,74.8989898989899,0.042656215718126514
21.161616161616163,75.1010101010101,0.05297915438385431
21.161616161616163,75.3030303030303,0.06696754834575924
21.161616161616163,75.5050505050505,0.05697790780989884
21.161616161616163,75.70707070707071,0.051948522822666765
21.161616161616163,75.9090909090909,0.0751815855505815
21.161616161616163,76.11111111111111,0.05359943096852598
21.161616161616163,76.31313131313131,0.03162140911008767
21.161616161616163,76.51515151515152,-0.006526577292950855
21.161616161616163,76.71717171717171,-0.03975473851509354
21.161616161616163,76.91919191919192,-0.05721014350770474
21.161616161616163,77.12121212121212,-0.08569663908616676
21.161616161616163,77.32323232323232,-0.11605544392525546
21.161616161616163,77.52525252525253,-0.14163736499715351
21.161616161616163,77.72727272727272,-0.1630316117537764
21.161616161616163,77.92929292929293,-0.17668256309685007
21.161616161616163,78.13131313131314,-0.17952885678702984
21.161616161616163,78.33333333333333,-0.159160982755505
21.161616161616163,78.53535353535354,-0.16418480110800807
21.161616161616163,78.73737373737373,-0.14066614293452673
21.161616161616163,78.93939393939394,-0.13012712835126075
21.161616161616163,79.14141414141415,-0.1024104000215944
21.161616161616163,79.34343434343434,-0.07179561364418197
21.161616161616163,79.54545454545455,-0.05256683096463384
21.161616161616163,79.74747474747474,-0.011595751450478541
21.161616161616163,79.94949494949495,-0.0070974452241404475
21.161616161616163,80.15151515151516,0.031141083900646818
21.161616161616163,80.35353535353535,0.046434432508315325
21.161616161616163,80.55555555555556,0.02735094513318355
21.161616161616163,80.75757575757575,0.025526392111193535
21.161616161616163,80.95959595959596,0.0047403448421593185
21.161616161616163,81.16161616161617,-0.028148443403492547
21.161616161616163,81.36363636363636,-0.07282362830735113
21.161616161616163,81.56565656565657,-0.10589692964593968
21.161616161616163,81.76767676767676,-0.15875922196698727
21.161616161616163,81.96969696969697,-0.20184719630055234
21.161616161616163,82.17171717171718,-0.2364166630416447
21.161616161616163,82.37373737373737,-0.25264167454213043
21.161616161616163,82.57575757575758,-0.27338237484427047
21.161616161616163,82.77777777777777,-0.25636358310138596
21.161616161616163,82.97979797979798,-0.22393525839228368
21.161616161616163,83.18181818181819,-0.16982680155632865
21.161616161616163,83.38383838383838,-0.08885791739104591
21.161616161616163,83.58585858585859,-0.025403262607409265
21.161616161616163,83.78787878787878,0.034143665346815635
21.161616161616163,83.98989898989899,0.11517277695686554
21.161616161616163,84.1919191919192,0.19170218587225457
21.161616161616163,84.39393939393939,0.22800731890333265
21.161616161616163,84.5959595959596,0.25546874185216367
21.161616161616163,84.79797979797979,0.27730887193018683
21.161616161616163,85.0,0.23654076457913856
21.363636363636363,65.0,-7.233781034097185e-05
21.363636363636363,65.20202020202021,0.029661645369816865
21.363636363636363,65.4040404040404,0.033804541322611945
21.363636363636363,65.60606060606061,0.04972963485836712
21.363636363636363,65.8080808080808,0.06529395572331019
21.363636363636363,66.01010101010101,0.05884001055431619
21.363636363636363,66.21212121212122,0.06543362951595559
21.363636363636363,66.41414141414141,0.04971307534363457
21.363636363636363,66.61616161616162,0.03647063996432015
21.363636363636363,66.81818181818181,0.023013631682599636
21.363636363636363,67.02020202020202,-0.008873895436595147
21.363636363636363,67.22222222222223,-0.03700458731299766
21.363636363636363,67.42424242424242,-0.08123617311888784
21.363636363636363,67.62626262626263,-0.06869328040740008
21.363636363636363,67.82828282828282,-0.05901918487250636
21.363636363636363,68.03030303030303,-0.10326381249445842
21.363636363636363,68.23232323232324,-0.05953386312858078
21.363636363636363,68.43434343434343,-0.058856177442743705
21.363636363636363,68.63636363636364,-0.05440169889604381
21.363636363636363,68.83838383838383,-0.024582533935260054
21.363636363636363,69.04040404040404,-0.0007736994692227536
21.363636363636363,69.24242424242425,0.005048762988980785
21.363636363636363,69.44444444444444,0.007586951813841145
21.363636363636363,69.64646464646465,0.012846576512595522
21.363636363636363,69.84848484848484,0.030331144705733427
21.363636363636363,70.05050505050505,0.039342746491361144
21.363636363636363,70.25252525252526,0.024052522028169092
21.363636363636363,70.45454545454545,0.019543793396324734
21.363636363636363,70.65656565656566,0.044934000543253194
21.363636363636363,70.85858585858585,0.023814439401729982
21.363636363636363,71.06060606060606,0.02369564012874152
21.363636363636363,71.26262626262626,-0.0014057542331136815
21.363636363636363,71.46464646464646,0.0068721713594517096
21.363636363636363,71.66666666666667,0.013195479248672086
21.363636363636363,71.86868686868686,-0.0020702419930978457
21.363636363636363,72.07070707070707,0.017489671925273734
21.363636363636363,72.27272727272727,0.009378615429566823
21.363636363636363,72.47474747474747,-0.014674751258380515
21.363636363636363,72.67676767676768,0.004671673558463681
21.363636363636363,72.87878787878788,-0.01801914149793445
21.363636363636363,73.08080808080808,0.0018172763607973395
21.363636363636363,73.28282828282828,-0.0283122527969198
21.363636363636363,73.48484848484848,-0.027353732736008364
21.363636363636363,73.68686868686869,-0.01964872749473383
21.363636363636363,73.88888888888889,-0.0191256707072033
21.363636363636363,74.0909090909091,-0.023261445382690073
21.363636363636363,74.29292929292929,-0.025093038133521997
21.363636363636363,74.4949494949495,-0.014374706128769305
21.363636363636363,74.6969696969697,-0.02606870461312838
21.363636363636363,74.8989898989899,-0.017423382942466516
21.363636363636363,75.1010101010101,-0.03071564765450522
21.363636363636363,75.3030303030303,-0.033367627866914995
21.363636363636363,75.5050505050505,-0.0037591878326730622
21.363636363636363,75.70707070707071,0.025103497817954998
21.363636363636363,75.9090909090909,0.03796153829266558
21.363636363636363,76.11111111111111,0.03646358670512113
21.363636363636363,76.31313131313131,0.05168993537637952
21.363636363636363,76.51515151515152,0.01496950910439861
21.363636363636363,76.71717171717171,-0.018329876447629543
21.363636363636363,76.91919191919192,-0.043595187681619296
21.363636363636363,77.12121212121212,-0.05835437686620444
21.363636363636363,77.32323232323232,-0.06571877021307623
21.363636363636363,77.52525252525253,-0.1084262895648827
21.363636363636363,77.72727272727272,-0.12187339920045569
21.363636363636363,77.92929292929293,-0.12628467546142727
21.363636363636363,78.13131313131314,-0.16145509926976362
21.363636363636363,78.33333333333333,-0.14773429055474763
21.363636363636363,78.53535353535354,-0.1454922995020083
21.363636363636363,78.73737373737373,-0.15282841209387782
21.363636363636363,78.93939393939394,-0.11714479497215
21.363636363636363,79.14141414141415,-0.11435969920903812
21.363636363636363,79.34343434343434,-0.09398585202602706
21.363636363636363,79.54545454545455,-0.04758007425199958
21.363636363636363,79.74747474747474,-0.040899030410175015
21.363636363636363,79.94949494949495,-0.0124300772209832
21.363636363636363,80.15151515151516,0.014881636117002018
21.363636363636363,80.35353535353535,0.009624341053587358
21.363636363636363,80.55555555555556,0.029451562536486536
21.363636363636363,80.75757575757575,-0.001993309302921065
21.363636363636363,80.95959595959596,-0.026833115395155756
21.363636363636363,81.16161616161617,-0.0531788660572684
21.363636363636363,81.36363636363636,-0.08688566729749071
21.363636363636363,81.56565656565657,-0.10308783511206454
21.363636363636363,81.76767676767676,-0.13900262429440122
21.363636363636363,81.96969696969697,-0.1737330198376017
21.363636363636363,82.17171717171718,-0.18183082963614564
21.363636363636363,82.37373737373737,-0.20042864066000515
21.363636363636363,82.57575757575758,-0.1976619668514223
21.363636363636363,82.77777777777777,-0.1774734624976656
21.363636363636363,82.97979797979798,-0.1441433880261491
21.363636363636363,83.18181818181819,-0.10510874380081352
21.363636363636363,83.38383838383838,-0.06603483763000616
21.363636363636363,83.58585858585859,-0.004200777323955469
21.363636363636363,83.78787878787878,0.0354115758388627
21.363636363636363,83.98989898989899,0.07935448361449626
21.363636363636363,84.1919191919192,0.11290916802828438
21.363636363636363,84.39393939393939,0.1668923357490651
21.363636363636363,84.5959595959596,0.17096188208226729
21.363636363636363,84.79797979797979,0.1715266109159727
21.363636363636363,85.0,0.16638378242841023
21.565656565656564,65.0,-0.038530790317872876
21.565656565656564,65.20202020202021,-0.039474186947094675
21.565656565656564,65.4040404040404,-0.01423118917057448
21.565656565656564,65.60606060606061,-0.0010384298686985445
21.565656565656564,65.8080808080808,0.0026379188620600084
21.565656565656564,66.01010101010101,0.027366143444074703
21.565656565656564,66.21212121212122,-0.007711455495649458
21.565656565656564,66.41414141414141,0.02896758989398103
21.565656565656564,66.61616161616162,0.02177253526118183
21.565656565656564,66.81818181818181,0.010054216553697823
21.565656565656564,67.02020202020202,-0.04018042090893395
21.565656565656564,67.22222222222223,-0.008750899069402308
21.565656565656564,67.42424242424242,-0.04599544031191874
21.565656565656564,67.62626262626263,-0.05060109433229464
21.565656565656564,67.82828282828282,-0.05080390915667814
21.565656565656564,68.03030303030303,-0.043385311951589386
21.565656565656564,68.23232323232324,-0.036303514783020074
21.565656565656564,68.43434343434343,-0.026867743000957615
21.565656565656564,68.63636363636364,-0.01820981016232149
21.565656565656564,68.83838383838383,-0.011189390498463144
21.565656565656564,69.04040404040404,0.006167813765648495
21.565656565656564,69.24242424242425,0.008071247728467377
21.565656565656564,69.44444444444444,0.02623956735265522
21.565656565656564,69.64646464646465,0.051734653862669226
21.565656565656564,69.84848484848484,0.05239784109183984
21.565656565656564,70.05050505050505,0.04445727159646021
21.565656565656564,70.25252525252526,0.018238539659602142
21.565656565656564,70.45454545454545,0.01386507108118803
21.565656565656564,70.65656565656566,-0.026783644437304237
21.565656565656564,70.85858585858585,-0.021643161089179165
21.565656565656564,71.06060606060606,-0.046325367448534355
21.565656565656564,71.26262626262626,-0.030703583927551247
21.565656565656564,71.46464646464646,-0.05969506154587659
21.565656565656564,71.66666666666667,-0.019080414208924052
21.565656565656564,71.86868686868686,-0.03021925273411486
21.565656565656564,72.07070707070707,-0.018905090325961486
21.565656565656564,72.27272727272727,0.00018610640009705456
21.565656565656564,72.47474747474747,0.006528504675489108
21.565656565656564,72.67676767676768,0.02794459690000563
21.565656565656564,72.87878787878788,0.032976598139974195
21.565656565656564,73.08080808080808,0.03894113833549864
21.565656565656564,73.28282828282828,0.049601465367845404
21.565656565656564,73.48484848484848,0.028255848985046066
21.565656565656564,73.68686868686869,0.01719804466677497
21.565656565656564,73.88888888888889,-0.004126890607058762
21.565656565656564,74.0909090909091,-0.01134827953670849
21.565656565656564,74.29292929292929,-0.008723263243929262
21.565656565656564,74.4949494949495,-0.046370550341603596
21.565656565656564,74.6969696969697,-0.06289829422319947
21.565656565656564,74.8989898989899,-0.0710904852924542
21.565656565656564,75.1010101010101,-0.08849329944129412
21.565656565656564,75.3030303030303,-0.06235122962319749
21.565656565656564,75.5050505050505,-0.0714359733722475
21.565656565656564,75.70707070707071,-0.03995332392223978
21.565656565656564,75.9090909090909,-0.0034829806251326506
21.565656565656564,76.11111111111111,0.021712016513399157
21.565656565656564,76.31313131313131,0.029642415492150426
21.565656565656564,76.51515151515152,0.02959479931103765
21.565656565656564,76.71717171717171,0.047023089569159654
21.565656565656564,76.91919191919192,0.015142180043141527
21.565656565656564,77.12121212121212,-0.005022566233379719
21.565656565656564,77.32323232323232,-0.03007242982860968
21.565656565656564,77.52525252525253,-0.06792704039339306
21.565656565656564,77.72727272727272,-0.0685689816042428
21.565656565656564,77.92929292929293,-0.12082851610884593
21.565656565656564,78.13131313131314,-0.11148103690695041
21.565656565656564,78.33333333333333,-0.12343714972104979
21.565656565656564,78.53535353535354,-0.10649854909220456
21.565656565656564,78.73737373737373,-0.15075099749386625
21.565656565656564,78.93939393939394,-0.13854786559840468
21.565656565656564,79.14141414141415,-0.12176703734977011
21.565656565656564,79.34343434343434,-0.10991242193837643
21.565656565656564,79.54545454545455,-0.09985717305603493
21.565656565656564,79.74747474747474,-0.08015426070197414
21.565656565656564,79.94949494949495,-0.0749702474296607
21.565656565656564,80.15151515151516,-0.04252708229682886
21.565656565656564,80.35353535353535,-0.05909136939152934
21.565656565656564,80.55555555555556,-0.036125616871779544
21.565656565656564,80.75757575757575,-0.051896613631111185
21.565656565656564,80.95959595959596,-0.051589756454137686
21.565656565656564,81.16161616161617,-0.06076106762805471
21.565656565656564,81.36363636363636,-0.09589824876211624
21.565656565656564,81.56565656565657,-0.09011382746662172
21.565656565656564,81.76767676767676,-0.11553988164140777
21.565656565656564,81.96969696969697,-0.12619546469006912
21.565656565656564,82.17171717171718,-0.09806903056169287
21.565656565656564,82.37373737373737,-0.1042950200574304
21.565656565656564,82.57575757575758,-0.0988418425466105
21.565656565656564,82.77777777777777,-0.07661776539992968
21.565656565656564,82.97979797979798,-0.06059181596026265
21.565656565656564,83.18181818181819,-0.040899820201573046
21.565656565656564,83.38383838383838,-0.030757891193688575
21.565656565656564,83.58585858585859,-0.0006260098854761901
21.565656565656564,83.78787878787878,0.024403591241578402
21.565656565656564,83.98989898989899,0.030437031984855794
21.565656565656564,84.1919191919192,0.0511309316180413
21.565656565656564,84.39393939393939,0.051384325844452496
21.565656565656564,84.5959595959596,0.03842293015758843
21.565656565656564,84.79797979797979,0.030096886095863203
21.565656565656564,85.0,0.038068013109366826
21.767676767676768,65.0,-0.05437846971629151
21.767676767676768,65.20202020202021,-0.05775085083479354
21.767676767676768,65.4040404040404,-0.07261785178997628
21.767676767676768,65.60606060606061,-0.0695388987315689
21.767676767676768,65.8080808080808,-0.04558565830732029
21.767676767676768,66.01010101010101,-0.04349839690092299
21.767676767676768,66.21212121212122,-0.03899929576272457
21.767676767676768,66.41414141414141,-0.01901949228941358
21.767676767676768,66.61616161616162,0.005637497045733471
21.767676767676768,66.81818181818181,0.002888361591003186
21.767676767676768,67.02020202020202,0.00952522397649953
21.767676767676768,67.22222222222223,-0.0056305396054058925
21.767676767676768,67.42424242424242,0.006584370652306616
21.767676767676768,67.62626262626263,0.013648610907868878
21.767676767676768,67.82828282828282,-0.020591391609090556
21.767676767676768,68.03030303030303,-0.02443724548305256
21.767676767676768,68.23232323232324,-0.008609696685225397
21.767676767676768,68.43434343434343,0.002345179113075105
21.767676767676768,68.63636363636364,-0.0009851780240204885
21.767676767676768,68.83838383838383,-0.0008402214661561522
21.767676767676768,69.04040404040404,0.02176858695811274
21.767676767676768,69.24242424242425,0.043161395374685
21.767676767676768,69.44444444444444,0.04445222193409871
21.767676767676768,69.64646464646465,0.05889213756447281
21.767676767676768,69.84848484848484,0.0595624284596743
21.767676767676768,70.05050505050505,0.036066213772608845
21.767676767676768,70.25252525252526,0.010912215971219318
21.767676767676768,70.45454545454545,-0.008842150739238032
21.767676767676768,70.65656565656566,-0.055855043352938234
21.767676767676768,70.85858585858585,-0.08346975244198229
21.767676767676768,71.06060606060606,-0.09442686023545271
21.767676767676768,71.26262626262626,-0.10242099374766106
21.767676767676768,71.46464646464646,-0.09903053299489822
21.767676767676768,71.66666666666667,-0.056542645822922344
21.767676767676768,71.86868686868686,-0.03069152570971071
21.767676767676768,72.07070707070707,-0.029374717718620463
21.767676767676768,72.27272727272727,0.004917343250552867
21.767676767676768,72.47474747474747,0.033877255427008576
21.767676767676768,72.67676767676768,0.07728226187929484
21.767676767676768,72.87878787878788,0.10393322626955503
21.767676767676768,73.08080808080808,0.08801654051226837
21.767676767676768,73.28282828282828,0.11330620018610274
21.767676767676768,73.48484848484848,0.0855149432799418
21.767676767676768,73.68686868686869,0.09507521793451709
21.767676767676768,73.88888888888889,0.053290426998392273
21.767676767676768,74.0909090909091,0.008602426913423467
21.767676767676768,74.29292929292929,-0.018750922151279718
21.767676767676768,74.4949494949495,-0.05336082979336932
21.767676767676768,74.6969696969697,-0.07988401714526995
21.767676767676768,74.8989898989899,-0.1061612630440053
21.767676767676768,75.1010101010101,-0.14917094390198815
21.767676767676768,75.3030303030303,-0.12326188516347038
21.767676767676768,75.5050505050505,-0.11012401695021269
21.767676767676768,75.70707070707071,-0.10381341005028825
21.767676767676768,75.9090909090909,-0.05575006098349682
21.767676767676768,76.11111111111111,-0.0023183401983219165
21.767676767676768,76.31313131313131,0.02229772986907963
21.767676767676768,76.51515151515152,0.026442721461668536
21.767676767676768,76.71717171717171,0.048833906429964324
21.767676767676768,76.91919191919192,0.07301054974377919
21.767676767676768,77.12121212121212,0.03742794756790275
21.767676767676768,77.32323232323232,0.014538868919954885
21.767676767676768,77.52525252525253,0.0007483252700946218
21.767676767676768,77.72727272727272,-0.02207105144711389
21.767676767676768,77.92929292929293,-0.05091376489740738
21.767676767676768,78.13131313131314,-0.058911955405090484
21.767676767676768,78.33333333333333,-0.09180808119674333
21.767676767676768,78.53535353535354,-0.1013568440812365
21.767676767676768,78.73737373737373,-0.10044126413983216
21.767676767676768,78.93939393939394,-0.13397125276076335
21.767676767676768,79.14141414141415,-0.11022497243777372
21.767676767676768,79.34343434343434,-0.13878408169698414
21.767676767676768,79.54545454545455,-0.13413238111692294
21.767676767676768,79.74747474747474,-0.1188102984554092
21.767676767676768,79.94949494949495,-0.10624039786145512
21.767676767676768,80.15151515151516,-0.09070227629171744
21.767676767676768,80.35353535353535,-0.10062668000553664
21.767676767676768,80.55555555555556,-0.10508259924782076
21.767676767676768,80.75757575757575,-0.10122232824521474
21.767676767676768,80.95959595959596,-0.11954205577230942
21.767676767676768,81.16161616161617,-0.10890798827858941
21.767676767676768,81.36363636363636,-0.1155649474498502
21.767676767676768,81.56565656565657,-0.09009484796013639
21.767676767676768,81.76767676767676,-0.07480184672606706
21.767676767676768,81.96969696969697,-0.06081648100502621
21.767676767676768,82.17171717171718,-0.029411665219005064
21.767676767676768,82.37373737373737,-0.009690278419144147
21.767676767676768,82.57575757575758,0.016448253454213097
21.767676767676768,82.77777777777777,0.0006081827503288638
21.767676767676768,82.97979797979798,0.02396763838318817
21.767676767676768,83.18181818181819,0.019898446379289204
21.767676767676768,83.38383838383838,0.03125864224035603
21.767676767676768,83.58585858585859,0.016501513126255616
21.767676767676768,83.78787878787878,-0.005873034600499463
21.767676767676768,83.98989898989899,-0.03986982744908362
21.767676767676768,84.1919191919192,-0.04450460806695345
21.767676767676768,84.39393939393939,-0.0864330509005647
21.767676767676768,84.5959595959596,-0.10181302492204969
21.767676767676768,84.79797979797979,-0.10243496870549078
21.767676767676768,85.0,-0.08293176704381289
21.96969696969697,65.0,-0.04927037575760794
21.96969696969697,65.20202020202021,-0.11544296403835577
21.96969696969697,65.4040404040404,-0.09086943408077792
21.96969696969697,65.60606060606061,-0.10988614310377404
21.96969696969697,65.8080808080808,-0.12345429230736821
21.96969696969697,66.01010101010101,-0.09450375544996215
21.96969696969697,66.21212121212122,-0.06606543787857698
21.96969696969697,66.41414141414141,-0.04894926582255225
21.96969696969697,66.61616161616162,-0.020575332238276678
21.96969696969697,66.81818181818181,-0.02272248811283678
21.96969696969697,67.02020202020202,0.005407778398684696
21.96969696969697,67.22222222222223,0.012213987555672996
21.96969696969697,67.42424242424242,0.04355937439190323
21.96969696969697,67.62626262626263,0.03331035964168502
21.96969696969697,67.82828282828282,0.05475075328722477
21.96969696969697,68.03030303030303,0.02149997664690219
21.96969696969697,68.23232323232324,0.019615420210435344
21.96969696969697,68.43434343434343,0.026933960131188307
21.96969696969697,68.63636363636364,0.04493120896230859
21.96969696969697,68.83838383838383,0.032242869655445816
21.96969696969697,69.04040404040404,0.04378970711603485
21.96969696969697,69.24242424242425,0.050176584460502216
21.96969696969697,69.44444444444444,0.05292362682297202
21.96969696969697,69.64646464646465,0.04283762349080097
21.96969696969697,69.84848484848484,0.036822467877460525
21.96969696969697,70.05050505050505,0.017154724165728583
21.96969696969697,70.25252525252526,-0.007804245419786533
21.96969696969697,70.45454545454545,-0.030753206485653852
21.96969696969697,70.65656565656566,-0.0569958888702211
21.96969696969697,70.85858585858585,-0.11324430694885529
21.96969696969697,71.06060606060606,-0.12822839056525356
21.96969696969697,71.26262626262626,-0.13709647265785077
21.96969696969697,71.46464646464646,-0.1165676729783751
21.96969696969697,71.66666666666667,-0.10161714358776743
21.96969696969697,71.86868686868686,-0.06343535980941835
21.96969696969697,72.07070707070707,-0.0184993186972422
21.96969696969697,72.27272727272727,-0.014206357601760007
21.96969696969697,72.47474747474747,0.05822157385205637
21.96969696969697,72.67676767676768,0.08834535199020671
21.96969696969697,72.87878787878788,0.1296695850737567
21.96969696969697,73.08080808080808,0.13645470560284548
21.96969696969697,73.28282828282828,0.1630102493610751
21.96969696969697,73.48484848484848,0.1498070234749281
21.96969696969697,73.68686868686869,0.12118361382898674
21.96969696969697,73.88888888888889,0.08721426873041302
21.96969696969697,74.0909090909091,0.02923921632855029
21.96969696969697,74.29292929292929,-0.01510361314806269
21.96969696969697,74.4949494949495,-0.04838876667748815
21.96969696969697,74.6969696969697,-0.10989314980158944
21.96969696969697,74.8989898989899,-0.1283083073234953
21.96969696969697,75.1010101010101,-0.17340528392529939
21.96969696969697,75.3030303030303,-0.1733334003091461
21.96969696969697,75.5050505050505,-0.14487531526552816
21.96969696969697,75.70707070707071,-0.1434454826151345
21.96969696969697,75.9090909090909,-0.09615486374273303
21.96969696969697,76.11111111111111,-0.0442664141783623
21.96969696969697,76.31313131313131,-0.006587507850267623
21.96969696969697,76.51515151515152,0.012818262787490379
21.96969696969697,76.71717171717171,0.03509029025609284
21.96969696969697,76.91919191919192,0.05280124036590083
21.96969696969697,77.12121212121212,0.07418125639534542
21.96969696969697,77.32323232323232,0.051549608014572465
21.96969696969697,77.52525252525253,0.04222671077389401
21.96969696969697,77.72727272727272,0.020360999894260136
21.96969696969697,77.92929292929293,0.013936360087067584
21.96969696969697,78.13131313131314,-0.009489522589379504
21.96969696969697,78.33333333333333,-0.04038897459777765
21.96969696969697,78.53535353535354,-0.06145325246372289
21.96969696969697,78.73737373737373,-0.09355361598381108
21.96969696969697,78.93939393939394,-0.10113667047772149
21.96969696969697,79.14141414141415,-0.10036229057885779
21.96969696969697,79.34343434343434,-0.10809015646224877
21.96969696969697,79.54545454545455,-0.1267098833799976
21.96969696969697,79.74747474747474,-0.1394271450798606
21.96969696969697,79.94949494949495,-0.15574118954647595
21.96969696969697,80.15151515151516,-0.15387669855048727
21.96969696969697,80.35353535353535,-0.16375487585513868
21.96969696969697,80.55555555555556,-0.15095695363562406
21.96969696969697,80.75757575757575,-0.16792894944423564
21.96969696969697,80.95959595959596,-0.14427573144112554
21.96969696969697,81.16161616161617,-0.13022723522164759
21.96969696969697,81.36363636363636,-0.10289797901874875
21.96969696969697,81.56565656565657,-0.0933613665140534
21.96969696969697,81.76767676767676,-0.02182498246655604
21.96969696969697,81.96969696969697,0.010662577169469993
21.96969696969697,82.17171717171718,0.04643858447616708
21.96969696969697,82.37373737373737,0.06616109623401105
21.96969696969697,82.57575757575758,0.0994851315467681
21.96969696969697,82.77777777777777,0.10631172932590562
21.96969696969697,82.97979797979798,0.08732274154829665
21.96969696969697,83.18181818181819,0.06726940920745926
21.96969696969697,83.38383838383838,0.05506240827328615
21.96969696969697,83.58585858585859,0.015052906678540291
21.96969696969697,83.78787878787878,-0.04274423392215602
21.96969696969697,83.98989898989899,-0.08418396758862487
21.96969696969697,84.1919191919192,-0.1416342914068232
21.96969696969697,84.39393939393939,-0.17665101060162022
21.96969696969697,84.5959595959596,-0.20749268850462296
21.96969696969697,84.79797979797979,-0.21850390754814744
21.96969696969697,85.0,-0.16718421233586936
22.171717171717173,65.0,-0.04525352432057107
22.171717171717173,65.20202020202021,-0.11245310629380739
22.171717171717173,65.4040404040404,-0.1258798503614047
22.171717171717173,65.60606060606061,-0.14338705670332294
22.171717171717173,65.8080808080808,-0.14656185411968067
22.171717171717173,66.01010101010101,-0.1372796797213166
22.171717171717173,66.21212121212122,-0.10903765987465107
22.171717171717173,66.41414141414141,-0.07744990852377241
22.171717171717173,66.61616161616162,-0.0502492788104071
22.171717171717173,66.81818181818181,-0.022928877206251867
22.171717171717173,67.02020202020202,0.00668744080117107
22.171717171717173,67.22222222222223,0.04135733905100518
22.171717171717173,67.42424242424242,0.05246491681498274
22.171717171717173,67.62626262626263,0.05757554225978923
22.171717171717173,67.82828282828282,0.0610100954326141
22.171717171717173,68.03030303030303,0.06680075835237935
22.171717171717173,68.23232323232324,0.05921634572344261
22.171717171717173,68.43434343434343,0.07170974132843783
22.171717171717173,68.63636363636364,0.05154541675364032
22.171717171717173,68.83838383838383,0.0563846992932875
22.171717171717173,69.04040404040404,0.06412267838280387
22.171717171717173,69.24242424242425,0.04260579794890367
22.171717171717173,69.44444444444444,0.03090457534482393
22.171717171717173,69.64646464646465,0.03544236724857598
22.171717171717173,69.84848484848484,0.001193403261622393
22.171717171717173,70.05050505050505,-0.01619313910964591
22.171717171717173,70.25252525252526,-0.021853248179963015
22.171717171717173,70.45454545454545,-0.062148622586052686
22.171717171717173,70.65656565656566,-0.07955872885572021
22.171717171717173,70.85858585858585,-0.1323902062826941
22.171717171717173,71.06060606060606,-0.1378598445878916
22.171717171717173,71.26262626262626,-0.13404512541243782
22.171717171717173,71.46464646464646,-0.13604097276090077
22.171717171717173,71.66666666666667,-0.08903423899299501
22.171717171717173,71.86868686868686,-0.06116845201599711
22.171717171717173,72.07070707070707,-0.042893308118156566
22.171717171717173,72.27272727272727,0.016937652514612135
22.171717171717173,72.47474747474747,0.06648528668968526
22.171717171717173,72.67676767676768,0.0984252021115286
22.171717171717173,72.87878787878788,0.12298420381220466
22.171717171717173,73.08080808080808,0.1622012427861673
22.171717171717173,73.28282828282828,0.18867434283633927
22.171717171717173,73.48484848484848,0.1537041296259887
22.171717171717173,73.68686868686869,0.1484869482309629
22.171717171717173,73.88888888888889,0.08761106408938264
22.171717171717173,74.0909090909091,0.051225276964195696
22.171717171717173,74.29292929292929,0.006428013421075643
22.171717171717173,74.4949494949495,-0.053079926569949705
22.171717171717173,74.6969696969697,-0.10590231080446937
22.171717171717173,74.8989898989899,-0.13884873546298312
22.171717171717173,75.1010101010101,-0.15753160587935955
22.171717171717173,75.3030303030303,-0.18637378412105432
22.171717171717173,75.5050505050505,-0.18901763526572912
22.171717171717173,75.70707070707071,-0.1640861601442551
22.171717171717173,75.9090909090909,-0.1036221569155093
22.171717171717173,76.11111111111111,-0.08767395595750813
22.171717171717173,76.31313131313131,-0.053667992082033225
22.171717171717173,76.51515151515152,-0.020291102338057226
22.171717171717173,76.71717171717171,0.006287618323117777
22.171717171717173,76.91919191919192,0.05353046012127241
22.171717171717173,77.12121212121212,0.07218679520799236
22.171717171717173,77.32323232323232,0.06801336497967914
22.171717171717173,77.52525252525253,0.07053819158599352
22.171717171717173,77.72727272727272,0.052229700431011064
22.171717171717173,77.92929292929293,0.054455661347533164
22.171717171717173,78.13131313131314,0.043126310811367016
22.171717171717173,78.33333333333333,0.013235487431481112
22.171717171717173,78.53535353535354,0.010649816385249967
22.171717171717173,78.73737373737373,-0.04280549400101754
22.171717171717173,78.93939393939394,-0.06030153984637722
22.171717171717173,79.14141414141415,-0.0823074487294157
22.171717171717173,79.34343434343434,-0.11848617384634957
22.171717171717173,79.54545454545455,-0.14625671351777217
22.171717171717173,79.74747474747474,-0.18413446838552605
22.171717171717173,79.94949494949495,-0.1786232864456826
22.171717171717173,80.15151515151516,-0.21115673834366905
22.171717171717173,80.35353535353535,-0.2144738357629374
22.171717171717173,80.55555555555556,-0.2148357561344098
22.171717171717173,80.75757575757575,-0.21896425975758424
22.171717171717173,80.95959595959596,-0.19327130492440783
22.171717171717173,81.16161616161617,-0.14295197647278818
22.171717171717173,81.36363636363636,-0.11979557573006859
22.171717171717173,81.56565656565657,-0.030427083123931904
22.171717171717173,81.76767676767676,0.001750333729461412
22.171717171717173,81.96969696969697,0.05597545925374623
22.171717171717173,82.17171717171718,0.11870942326615534
22.171717171717173,82.37373737373737,0.17462194926869212
22.171717171717173,82.57575757575758,0.15100652637856724
22.171717171717173,82.77777777777777,0.16785603905875254
22.171717171717173,82.97979797979798,0.15495065863846436
22.171717171717173,83.18181818181819,0.11373554493647627
22.171717171717173,83.38383838383838,0.06411563953504486
22.171717171717173,83.58585858585859,-0.012593158389767403
22.171717171717173,83.78787878787878,-0.08288301613921813
22.171717171717173,83.98989898989899,-0.14705391327034653
22.171717171717173,84.1919191919192,-0.21549064521957623
22.171717171717173,84.39393939393939,-0.24844323456226328
22.171717171717173,84.5959595959596,-0.2769314757236715
22.171717171717173,84.79797979797979,-0.279502805001317
22.171717171717173,85.0,-0.24643745330258873
22.373737373737374,65.0,-0.06864674533347032
22.373737373737374,65.20202020202021,-0.10006172793676218
22.373737373737374,65.4040404040404,-0.109354533756312
22.373737373737374,65.60606060606061,-0.16423222859823033
22.373737373737374,65.8080808080808,-0.14742457475155882
22.373737373737374,66.01010101010101,-0.15330775478329306
22.373737373737374,66.21212121212122,-0.14148210402000305
22.373737373737374,66.41414141414141,-0.12070351299940524
22.373737373737374,66.61616161616162,-0.0717750253074559
22.373737373737374,66.81818181818181,-0.02147383004533828
22.373737373737374,67.02020202020202,-0.0036535422483306105
22.373737373737374,67.22222222222223,0.031321178928217897
22.373737373737374,67.42424242424242,0.06761446384391291
22.373737373737374,67.62626262626263,0.07920849684664497
22.373737373737374,67.82828282828282,0.07172972111989255
22.373737373737374,68.03030303030303,0.09442603119213362
22.373737373737374,68.23232323232324,0.11003114953104051
22.373737373737374,68.43434343434343,0.09234814197860351
22.373737373737374,68.63636363636364,0.05974501130582009
22.373737373737374,68.83838383838383,0.0821819585567291
22.373737373737374,69.04040404040404,0.06427808533165526
22.373737373737374,69.24242424242425,0.032896019278950084
22.373737373737374,69.44444444444444,0.01655034732422502
22.373737373737374,69.64646464646465,0.02325870482155193
22.373737373737374,69.84848484848484,-0.014503926893587586
22.373737373737374,70.05050505050505,-0.037254389966760025
22.373737373737374,70.25252525252526,-0.050576293204319334
22.373737373737374,70.45454545454545,-0.08066573663320897
22.373737373737374,70.65656565656566,-0.09780611362546009
22.373737373737374,70.85858585858585,-0.12110548188949441
22.373737373737374,71.06060606060606,-0.14095522779640712
22.373737373737374,71.26262626262626,-0.13038492742561353
22.373737373737374,71.46464646464646,-0.105009859483956
22.373737373737374,71.66666666666667,-0.08457401236475516
22.373737373737374,71.86868686868686,-0.05511635937243277
22.373737373737374,72.07070707070707,0.0012429003869108973
22.373737373737374,72.27272727272727,0.029388948478324795
22.373737373737374,72.47474747474747,0.07134349528738289
22.373737373737374,72.67676767676768,0.09788631711676028
22.373737373737374,72.87878787878788,0.13076486712475743
22.373737373737374,73.08080808080808,0.143163571208473
22.373737373737374,73.28282828282828,0.1621154196868945
22.373737373737374,73.48484848484848,0.14633550234800577
22.373737373737374,73.68686868686869,0.12857682241006593
22.373737373737374,73.88888888888889,0.09461833346262347
22.373737373737374,74.0909090909091,0.05114585842007463
22.373737373737374,74.29292929292929,0.03492138844013886
22.373737373737374,74.4949494949495,-0.04772248867025653
22.373737373737374,74.6969696969697,-0.09245198174500077
22.373737373737374,74.8989898989899,-0.11813502847644361
22.373737373737374,75.1010101010101,-0.16142472098714442
22.373737373737374,75.3030303030303,-0.1767432520032125
22.373737373737374,75.5050505050505,-0.1893407929071305
22.373737373737374,75.70707070707071,-0.16435287777210503
22.373737373737374,75.9090909090909,-0.14262409584057936
22.373737373737374,76.11111111111111,-0.11978259674886099
22.373737373737374,76.31313131313131,-0.07278439424409439
22.373737373737374,76.51515151515152,-0.05996018075595594
22.373737373737374,76.71717171717171,-0.011571892010163546
22.373737373737374,76.91919191919192,0.02587881503357565
22.373737373737374,77.12121212121212,0.04103465368094965
22.373737373737374,77.32323232323232,0.05308105041014233
22.373737373737374,77.52525252525253,0.0786448581040072
22.373737373737374,77.72727272727272,0.09372702866645032
22.373737373737374,77.92929292929293,0.09824457844591276
22.373737373737374,78.13131313131314,0.07117450338804086
22.373737373737374,78.33333333333333,0.06688404741168903
22.373737373737374,78.53535353535354,0.04065464949491355
22.373737373737374,78.73737373737373,0.01473688304880002
22.373737373737374,78.93939393939394,-0.0367521184497212
22.373737373737374,79.14141414141415,-0.08930312812514919
22.373737373737374,79.34343434343434,-0.10988635852684522
22.373737373737374,79.54545454545455,-0.15976270105289647
22.373737373737374,79.74747474747474,-0.1933355519942367
22.373737373737374,79.94949494949495,-0.22028209210969132
22.373737373737374,80.15151515151516,-0.24368711719484992
22.373737373737374,80.35353535353535,-0.2509796633379399
22.373737373737374,80.55555555555556,-0.2442707755748118
22.373737373737374,80.75757575757575,-0.23917413825240091
22.373737373737374,80.95959595959596,-0.19998007390517794
22.373737373737374,81.16161616161617,-0.1564444801087802
22.373737373737374,81.36363636363636,-0.08649706612851175
22.373737373737374,81.56565656565657,-0.028801493119048394
22.373737373737374,81.76767676767676,0.042563667298202455
22.373737373737374,81.96969696969697,0.10393127088199113
22.373737373737374,82.17171717171718,0.1576126086593803
22.373737373737374,82.37373737373737,0.1849174626350858
22.373737373737374,82.57575757575758,0.19645422587993266
22.373737373737374,82.77777777777777,0.20379281792069465
22.373737373737374,82.97979797979798,0.1549277610483925
22.373737373737374,83.18181818181819,0.11321051575381277
22.373737373737374,83.38383838383838,0.061455717784064855
22.373737373737374,83.58585858585859,-0.02768333898294292
22.373737373737374,83.78787878787878,-0.09393903654390047
22.373737373737374,83.98989898989899,-0.18015034926960186
22.373737373737374,84.1919191919192,-0.24380878924054686
22.373737373737374,84.39393939393939,-0.29114435304387365
22.373737373737374,84.5959595959596,-0.2835197113601553
22.373737373737374,84.79797979797979,-0.3052673471324907
22.373737373737374,85.0,-0.2566597640835364
22.575757575757574,65.0,-0.044633185187931586
22.575757575757574,65.20202020202021,-0.06725484410438107
22.575757575757574,65.4040404040404,-0.09473925790889572
22.575757575757574,65.60606060606061,-0.15882562931174585
22.575757575757574,65.8080808080808,-0.1657631110647749
22.575757575757574,66.01010101010101,-0.14709018642209
22.575757575757574,66.21212121212122,-0.1364458846687707
22.575757575757574,66.41414141414141,-0.10920986835597303
22.575757575757574,66.61616161616162,-0.09033423976904084
22.575757575757574,66.81818181818181,-0.028519344453971425
22.575757575757574,67.02020202020202,-0.010424662594762685
22.575757575757574,67.22222222222223,0.0113155970184485
22.575757575757574,67.42424242424242,0.052531029795174475
22.575757575757574,67.62626262626263,0.06920149897750122
22.575757575757574,67.82828282828282,0.11607689941448486
22.575757575757574,68.03030303030303,0.10429407869334137
22.575757575757574,68.23232323232324,0.11873587759296232
22.575757575757574,68.43434343434343,0.10530143752271434
22.575757575757574,68.63636363636364,0.09423311368701774
22.575757575757574,68.83838383838383,0.06628511313111848
22.575757575757574,69.04040404040404,0.07136911818819668
22.575757575757574,69.24242424242425,0.05429850475178566
22.575757575757574,69.44444444444444,0.005877181501335937
22.575757575757574,69.64646464646465,-0.026185028376490387
22.575757575757574,69.84848484848484,-0.02543834378471882
22.575757575757574,70.05050505050505,-0.06854423492988802
22.575757575757574,70.25252525252526,-0.055284917871762096
22.575757575757574,70.45454545454545,-0.09048944991960639
22.575757575757574,70.65656565656566,-0.10512307690221867
22.575757575757574,70.85858585858585,-0.1000321953192847
22.575757575757574,71.06060606060606,-0.11317511769385571
22.575757575757574,71.26262626262626,-0.10055701569033249
22.575757575757574,71.46464646464646,-0.0731458266248988
22.575757575757574,71.66666666666667,-0.07977104401794272
22.575757575757574,71.86868686868686,-0.014790770810587339
22.575757575757574,72.07070707070707,-0.0033240984096627427
22.575757575757574,72.27272727272727,0.013205953108001763
22.575757575757574,72.47474747474747,0.04550567718206531
22.575757575757574,72.67676767676768,0.09129367410760135
22.575757575757574,72.87878787878788,0.10695174207014363
22.575757575757574,73.08080808080808,0.12721524502113263
22.575757575757574,73.28282828282828,0.11073147439022506
22.575757575757574,73.48484848484848,0.11516090314858858
22.575757575757574,73.68686868686869,0.10099355624432432
22.575757575757574,73.88888888888889,0.07954155707556507
22.575757575757574,74.0909090909091,0.054134935329161776
22.575757575757574,74.29292929292929,0.0036091871979031017
22.575757575757574,74.4949494949495,-0.022736396793190106
22.575757575757574,74.6969696969697,-0.05946689293099888
22.575757575757574,74.8989898989899,-0.08440685664934515
22.575757575757574,75.1010101010101,-0.10499008852082051
22.575757575757574,75.3030303030303,-0.15202943046181397
22.575757575757574,75.5050505050505,-0.1402169399291142
22.575757575757574,75.70707070707071,-0.16784959233401522
22.575757575757574,75.9090909090909,-0.1527401946884427
22.575757575757574,76.11111111111111,-0.11954507996897665
22.575757575757574,76.31313131313131,-0.10265145062764361
22.575757575757574,76.51515151515152,-0.07100691021078569
22.575757575757574,76.71717171717171,-0.05210066897673332
22.575757575757574,76.91919191919192,-0.016963464878164962
22.575757575757574,77.12121212121212,0.03384120705864391
22.575757575757574,77.32323232323232,0.045289349972891725
22.575757575757574,77.52525252525253,0.06820585284235382
22.575757575757574,77.72727272727272,0.09899659431802792
22.575757575757574,77.92929292929293,0.08738562296480903
22.575757575757574,78.13131313131314,0.0994279115436895
22.575757575757574,78.33333333333333,0.08525130181874437
22.575757575757574,78.53535353535354,0.06233215463329511
22.575757575757574,78.73737373737373,0.025398722264159908
22.575757575757574,78.93939393939394,-0.014571287373633723
22.575757575757574,79.14141414141415,-0.06444061930215357
22.575757575757574,79.34343434343434,-0.09646602638718166
22.575757575757574,79.54545454545455,-0.15469775536279118
22.575757575757574,79.74747474747474,-0.18044245110846097
22.575757575757574,79.94949494949495,-0.2268641821644096
22.575757575757574,80.15151515151516,-0.25923597468078025
22.575757575757574,80.35353535353535,-0.2616221740145715
22.575757575757574,80.55555555555556,-0.25822891146704846
22.575757575757574,80.75757575757575,-0.22217705567278806
22.575757575757574,80.95959595959596,-0.19724796790910198
22.575757575757574,81.16161616161617,-0.14192586660159978
22.575757575757574,81.36363636363636,-0.05885792977377637
22.575757575757574,81.56565656565657,0.0034469714522218408
22.575757575757574,81.76767676767676,0.08388566323308108
22.575757575757574,81.96969696969697,0.13936007683799323
22.575757575757574,82.17171717171718,0.16231263580829694
22.575757575757574,82.37373737373737,0.20633726503881486
22.575757575757574,82.57575757575758,0.21570774710234653
22.575757575757574,82.77777777777777,0.19841095297972172
22.575757575757574,82.97979797979798,0.15578415771547902
22.575757575757574,83.18181818181819,0.10175284401335345
22.575757575757574,83.38383838383838,0.023167624738644834
22.575757575757574,83.58585858585859,-0.054003536251223797
22.575757575757574,83.78787878787878,-0.11938948736283285
22.575757575757574,83.98989898989899,-0.193776909130137
22.575757575757574,84.1919191919192,-0.21098658483857002
22.575757575757574,84.39393939393939,-0.2582321351767695
22.575757575757574,84.5959595959596,-0.2554472267238347
22.575757575757574,84.79797979797979,-0.273144068090246
22.575757575757574,85.0,-0.22006560226498356
22.77777777777778,65.0,-0.01230112848405722
22.77777777777778,65.20202020202021,-0.058444620888472465
22.77777777777778,65.4040404040404,-0.0637845894472525
22.77777777777778,65.60606060606061,-0.09701878693039179
22.77777777777778,65.8080808080808,-0.12502017645541233
22.77777777777778,66.01010101010101,-0.1341706769354016
22.77777777777778,66.21212121212122,-0.12428903923929939
22.77777777777778,66.41414141414141,-0.10897303375639497
22.77777777777778,66.61616161616162,-0.09292836808779552
22.77777777777778,66.81818181818181,-0.05915333477408948
22.77777777777778,67.02020202020202,-0.003767739968588823
22.77777777777778,67.22222222222223,0.03599055601009002
22.77777777777778,67.42424242424242,0.057671627623631275
22.77777777777778,67.62626262626263,0.07716690206614331
22.77777777777778,67.82828282828282,0.09308692520035486
22.77777777777778,68.03030303030303,0.10322170707467121
22.77777777777778,68.23232323232324,0.10839778675028518
22.77777777777778,68.43434343434343,0.1055117555485747
22.77777777777778,68.63636363636364,0.12024177074499431
22.77777777777778,68.83838383838383,0.09784278962257313
22.77777777777778,69.04040404040404,0.06228427406404384
22.77777777777778,69.24242424242425,0.01569076086732425
22.77777777777778,69.44444444444444,0.003231396048351258
22.77777777777778,69.64646464646465,-0.036404931548536634
22.77777777777778,69.84848484848484,-0.07762928593512165
22.77777777777778,70.05050505050505,-0.06750732485857983
22.77777777777778,70.25252525252526,-0.086050726157644
22.77777777777778,70.45454545454545,-0.08799275615308363
22.77777777777778,70.65656565656566,-0.08106063860582495
22.77777777777778,70.85858585858585,-0.07808763967265243
22.77777777777778,71.06060606060606,-0.06295679836705566
22.77777777777778,71.26262626262626,-0.04868348205650659
22.77777777777778,71.46464646464646,-0.05021438045634795
22.77777777777778,71.66666666666667,-0.0004646833980659678
22.77777777777778,71.86868686868686,-0.010574389913966226
22.77777777777778,72.07070707070707,0.0047620800720978
22.77777777777778,72.27272727272727,0.026211119615937875
22.77777777777778,72.47474747474747,0.04221680881738985
22.77777777777778,72.67676767676768,0.06837809856835592
22.77777777777778,72.87878787878788,0.06303528066154429
22.77777777777778,73.08080808080808,0.06899403285504874
22.77777777777778,73.28282828282828,0.06543828420775637
22.77777777777778,73.48484848484848,0.060128480113532834
22.77777777777778,73.68686868686869,0.051882812972286335
22.77777777777778,73.88888888888889,0.017750755161983097
22.77777777777778,74.0909090909091,0.022196866737499515
22.77777777777778,74.29292929292929,0.024358172596592245
22.77777777777778,74.4949494949495,0.040033670734372084
22.77777777777778,74.6969696969697,-0.02559533143793535
22.77777777777778,74.8989898989899,-0.027579657984223047
22.77777777777778,75.1010101010101,-0.06070116353730594
22.77777777777778,75.3030303030303,-0.06081303516638362
22.77777777777778,75.5050505050505,-0.11971400527903106
22.77777777777778,75.70707070707071,-0.11815825466409886
22.77777777777778,75.9090909090909,-0.1466888211656205
22.77777777777778,76.11111111111111,-0.13338605534505807
22.77777777777778,76.31313131313131,-0.11861504997845661
22.77777777777778,76.51515151515152,-0.08771422417821795
22.77777777777778,76.71717171717171,-0.08316837280029529
22.77777777777778,76.91919191919192,-0.03582479845836332
22.77777777777778,77.12121212121212,-0.01085881096913214
22.77777777777778,77.32323232323232,0.02250130302860075
22.77777777777778,77.52525252525253,0.05780653088334005
22.77777777777778,77.72727272727272,0.059158868453694724
22.77777777777778,77.92929292929293,0.09618644602583863
22.77777777777778,78.13131313131314,0.08830664526953659
22.77777777777778,78.33333333333333,0.09957765755043665
22.77777777777778,78.53535353535354,0.07528680407274854
22.77777777777778,78.73737373737373,0.0421725427925659
22.77777777777778,78.93939393939394,0.0004380617596607371
22.77777777777778,79.14141414141415,-0.03136246051109063
22.77777777777778,79.34343434343434,-0.07649093094113496
22.77777777777778,79.54545454545455,-0.14193889454778377
22.77777777777778,79.74747474747474,-0.18898620868932187
22.77777777777778,79.94949494949495,-0.20276896004657058
22.77777777777778,80.15151515151516,-0.2452183705090641
22.77777777777778,80.35353535353535,-0.25113567688002675
22.77777777777778,80.55555555555556,-0.2401353697971179
22.77777777777778,80.75757575757575,-0.20841869254350942
22.77777777777778,80.95959595959596,-0.17641179145045127
22.77777777777778,81.16161616161617,-0.12776163113101083
22.77777777777778,81.36363636363636,-0.056855483064793086
22.77777777777778,81.56565656565657,0.024620122295413382
22.77777777777778,81.76767676767676,0.06280809938046583
22.77777777777778,81.96969696969697,0.11762506382218374
22.77777777777778,82.17171717171718,0.1705284518086981
22.77777777777778,82.37373737373737,0.16303316837629325
22.77777777777778,82.57575757575758,0.16119781095204253
22.77777777777778,82.77777777777777,0.1251529213482756
22.77777777777778,82.97979797979798,0.1180521680904847
22.77777777777778,83.18181818181819,0.041645632991098205
22.77777777777778,83.38383838383838,-0.010717673660933883
22.77777777777778,83.58585858585859,-0.051039883415406384
22.77777777777778,83.78787878787878,-0.11598732301610505
22.77777777777778,83.98989898989899,-0.15305215519516113
22.77777777777778,84.1919191919192,-0.18312905523622805
22.77777777777778,84.39393939393939,-0.19752580632869557
22.77777777777778,84.5959595959596,-0.19343004942845676
22.77777777777778,84.79797979797979,-0.1807766529142448
22.77777777777778,85.0,-0.16756908200466195
22.97979797979798,65.0,0.020339111752205624
22.97979797979798,65.20202020202021,-0.003913146326068284
22.97979797979798,65.4040404040404,-0.0408018093474538
22.97979797979798,65.60606060606061,-0.07115717719235119
22.97979797979798,65.8080808080808,-0.07584864880152543
22.97979797979798,66.01010101010101,-0.08376193061489845
22.97979797979798,66.21212121212122,-0.08703052741613511
22.97979797979798,66.41414141414141,-0.11127478365589116
22.97979797979798,66.61616161616162,-0.07432612312304712
22.97979797979798,66.81818181818181,-0.06367881797267494
22.97979797979798,67.02020202020202,-0.029671838643410064
22.97979797979798,67.22222222222223,-0.010560771251899602
22.97979797979798,67.42424242424242,0.027750440589961563
22.97979797979798,67.62626262626263,0.050806423320252314
22.97979797979798,67.82828282828282,0.05727755849341605
22.97979797979798,68.03030303030303,0.08323386913073019
22.97979797979798,68.23232323232324,0.09882056414935705
22.97979797979798,68.43434343434343,0.09518826444068626
22.97979797979798,68.63636363636364,0.06724286325155612
22.97979797979798,68.83838383838383,0.04594941940061934
22.97979797979798,69.04040404040404,0.035879227231874616
22.97979797979798,69.24242424242425,-0.008903340417227491
22.97979797979798,69.44444444444444,-0.042208167409020746
22.97979797979798,69.64646464646465,-0.05629298182624965
22.97979797979798,69.84848484848484,-0.07474957850139109
22.97979797979798,70.05050505050505,-0.08662105157911315
22.97979797979798,70.25252525252526,-0.08330568055789075
22.97979797979798,70.45454545454545,-0.0669231755863469
22.97979797979798,70.65656565656566,-0.059557212775491926
22.97979797979798,70.85858585858585,-0.033302478880266016
22.97979797979798,71.06060606060606,-0.017978339686887744
22.97979797979798,71.26262626262626,0.005861719277838423
22.97979797979798,71.46464646464646,0.026948274729597342
22.97979797979798,71.66666666666667,0.0349555548717317
22.97979797979798,71.86868686868686,0.04317343375582258
22.97979797979798,72.07070707070707,0.03946177643387726
22.97979797979798,72.27272727272727,0.03219363379672906
22.97979797979798,72.47474747474747,0.021849187210811284
22.97979797979798,72.67676767676768,0.016173977012434615
22.97979797979798,72.87878787878788,0.0037470110785478676
22.97979797979798,73.08080808080808,0.005312594267745133
22.97979797979798,73.28282828282828,0.006088980179702476
22.97979797979798,73.48484848484848,-0.012946847511365232
22.97979797979798,73.68686868686869,-0.008572204773427386
22.97979797979798,73.88888888888889,-0.013489891278969046
22.97979797979798,74.0909090909091,0.0017162013277974052
22.97979797979798,74.29292929292929,0.003913377060879142
22.97979797979798,74.4949494949495,0.011619855439196424
22.97979797979798,74.6969696969697,0.01704538426855337
22.97979797979798,74.8989898989899,0.024812272256644383
22.97979797979798,75.1010101010101,0.003764854457412056
22.97979797979798,75.3030303030303,-0.024134540488175555
22.97979797979798,75.5050505050505,-0.046361780690971195
22.97979797979798,75.70707070707071,-0.08047890865392165
22.97979797979798,75.9090909090909,-0.08581508128276258
22.97979797979798,76.11111111111111,-0.11868967891453179
22.97979797979798,76.31313131313131,-0.11339036213435952
22.97979797979798,76.51515151515152,-0.11922333986161592
22.97979797979798,76.71717171717171,-0.09426506279632994
22.97979797979798,76.91919191919192,-0.08662180583606995
22.97979797979798,77.12121212121212,-0.0366566631552482
22.97979797979798,77.32323232323232,-0.0080917675557691
22.97979797979798,77.52525252525253,0.020608310435784538
22.97979797979798,77.72727272727272,0.03853680912340751
22.97979797979798,77.92929292929293,0.048516868146639316
22.97979797979798,78.13131313131314,0.05970062441469634
22.97979797979798,78.33333333333333,0.08399884801706509
22.97979797979798,78.53535353535354,0.07434173832619154
22.97979797979798,78.73737373737373,0.041848162613601206
22.97979797979798,78.93939393939394,0.004898838637122111
22.97979797979798,79.14141414141415,-0.015951755450599844
22.97979797979798,79.34343434343434,-0.08000469295167816
22.97979797979798,79.54545454545455,-0.11139928514809089
22.97979797979798,79.74747474747474,-0.13357314084120592
22.97979797979798,79.94949494949495,-0.18009104075304852
22.97979797979798,80.15151515151516,-0.17842870929557672
22.97979797979798,80.35353535353535,-0.18494337329179328
22.97979797979798,80.55555555555556,-0.18034304437206788
22.97979797979798,80.75757575757575,-0.16541261790880255
22.97979797979798,80.95959595959596,-0.12530706892502544
22.97979797979798,81.16161616161617,-0.06840430551085677
22.97979797979798,81.36363636363636,-0.03539573900089892
22.97979797979798,81.56565656565657,0.026715097069534007
22.97979797979798,81.76767676767676,0.06824266558062382
22.97979797979798,81.96969696969697,0.09785693715318007
22.97979797979798,82.17171717171718,0.08587747354698194
22.97979797979798,82.37373737373737,0.11169792068998369
22.97979797979798,82.57575757575758,0.10178157297736075
22.97979797979798,82.77777777777777,0.06437550868503031
22.97979797979798,82.97979797979798,0.01724447007087544
22.97979797979798,83.18181818181819,-0.012305864607233324
22.97979797979798,83.38383838383838,-0.04529262066466923
22.97979797979798,83.58585858585859,-0.07234036802763524
22.97979797979798,83.78787878787878,-0.09599428302573217
22.97979797979798,83.98989898989899,-0.1043357737973375
22.97979797979798,84.1919191919192,-0.11021861127502114
22.97979797979798,84.39393939393939,-0.10286331285051298
22.97979797979798,84.5959595959596,-0.10234900857959528
22.97979797979798,84.79797979797979,-0.08955388267573483
22.97979797979798,85.0,-0.0759253223218923
23.18181818181818,65.0,0.08162387134251925
23.18181818181818,65.20202020202021,0.06724618213973488
23.18181818181818,65.4040404040404,0.03870441805329659
23.18181818181818,65.60606060606061,0.021735515429522727
23.18181818181818,65.8080808080808,-0.007836234428787444
23.18181818181818,66.01010101010101,-0.03282531897049851
23.18181818181818,66.21212121212122,-0.060195873525637586
23.18181818181818,66.41414141414141,-0.050327443123014244
23.18181818181818,66.61616161616162,-0.048386247617564375
23.18181818181818,66.81818181818181,-0.051031078019595985
23.18181818181818,67.02020202020202,-0.046718006256449576
23.18181818181818,67.22222222222223,-0.014544442222172778
23.18181818181818,67.42424242424242,0.002033139864261253
23.18181818181818,67.62626262626263,0.009361732778650456
23.18181818181818,67.82828282828282,0.03507272029329483
23.18181818181818,68.03030303030303,0.06971821822780698
23.18181818181818,68.23232323232324,0.055672191482995355
23.18181818181818,68.43434343434343,0.0627818398920703
23.18181818181818,68.63636363636364,0.047670818368634106
23.18181818181818,68.83838383838383,0.03690999106815388
23.18181818181818,69.04040404040404,0.0007918082427301153
23.18181818181818,69.24242424242425,-0.015073179509254811
23.18181818181818,69.44444444444444,-0.03896979756167836
23.18181818181818,69.64646464646465,-0.05792884080521324
23.18181818181818,69.84848484848484,-0.07018397891404736
23.18181818181818,70.05050505050505,-0.06773422862632941
23.18181818181818,70.25252525252526,-0.039210618420021326
23.18181818181818,70.45454545454545,-0.01680815570255827
23.18181818181818,70.65656565656566,-0.024003337828681037
23.18181818181818,70.85858585858585,-0.013494742974740922
23.18181818181818,71.06060606060606,0.04082578166075469
23.18181818181818,71.26262626262626,0.05525109334221398
23.18181818181818,71.46464646464646,0.07307317701599944
23.18181818181818,71.66666666666667,0.06489111971741851
23.18181818181818,71.86868686868686,0.0546776017858709
23.18181818181818,72.07070707070707,0.05223360165692483
23.18181818181818,72.27272727272727,0.036804912014813826
23.18181818181818,72.47474747474747,-0.009382913109873485
23.18181818181818,72.67676767676768,-0.0246542490927224
23.18181818181818,72.87878787878788,-0.03719458033028058
23.18181818181818,73.08080808080808,-0.05078533415661857
23.18181818181818,73.28282828282828,-0.06419973415868963
23.18181818181818,73.48484848484848,-0.06157749742827787
23.18181818181818,73.68686868686869,-0.05238044808883775
23.18181818181818,73.88888888888889,-0.03228644029433866
23.18181818181818,74.0909090909091,-0.021681331920963828
23.18181818181818,74.29292929292929,-0.007982044881902989
23.18181818181818,74.4949494949495,0.027225299089258536
23.18181818181818,74.6969696969697,0.04983019308612182
23.18181818181818,74.8989898989899,0.0660792556970736
23.18181818181818,75.1010101010101,0.06077186524790604
23.18181818181818,75.3030303030303,0.05957536161410454
23.18181818181818,75.5050505050505,0.007055782424453895
23.18181818181818,75.70707070707071,-0.015309847640668622
23.18181818181818,75.9090909090909,-0.024153504472482514
23.18181818181818,76.11111111111111,-0.07604762212650651
23.18181818181818,76.31313131313131,-0.0834470792854326
23.18181818181818,76.51515151515152,-0.10093542718757906
23.18181818181818,76.71717171717171,-0.08959733122915842
23.18181818181818,76.91919191919192,-0.09019372237826521
23.18181818181818,77.12121212121212,-0.05768712618405751
23.18181818181818,77.32323232323232,-0.047532268392404445
23.18181818181818,77.52525252525253,-0.036760513698808145
23.18181818181818,77.72727272727272,0.0016538781031722313
23.18181818181818,77.92929292929293,0.011720042012041288
23.18181818181818,78.13131313131314,0.030784426765496607
23.18181818181818,78.33333333333333,0.015811927935681525
23.18181818181818,78.53535353535354,0.031216882374104065
23.18181818181818,78.73737373737373,0.027562069035797512
23.18181818181818,78.93939393939394,-0.002020487855208465
23.18181818181818,79.14141414141415,-0.03664715718741711
23.18181818181818,79.34343434343434,-0.054270714878302345
23.18181818181818,79.54545454545455,-0.0687085935996245
23.18181818181818,79.74747474747474,-0.09045961648908285
23.18181818181818,79.94949494949495,-0.11969510699424177
23.18181818181818,80.15151515151516,-0.1350545260890356
23.18181818181818,80.35353535353535,-0.12557778660970223
23.18181818181818,80.55555555555556,-0.11594516336255412
23.18181818181818,80.75757575757575,-0.08758676010100415
23.18181818181818,80.95959595959596,-0.06643990429033866
23.18181818181818,81.16161616161617,-0.042661463549631747
23.18181818181818,81.36363636363636,0.0044525655645144685
23.18181818181818,81.56565656565657,0.01663004075758154
23.18181818181818,81.76767676767676,0.03178706953651132
23.18181818181818,81.96969696969697,0.01245347393793822
23.18181818181818,82.17171717171718,-0.0007272035673974928
23.18181818181818,82.37373737373737,-0.003450467812801292
23.18181818181818,82.57575757575758,-0.011161450743253372
23.18181818181818,82.77777777777777,-0.020964888316766496
23.18181818181818,82.97979797979798,-0.0710867224013643
23.18181818181818,83.18181818181819,-0.04937947595174651
23.18181818181818,83.38383838383838,-0.0737362569088811
23.18181818181818,83.58585858585859,-0.061577090726788616
23.18181818181818,83.78787878787878,-0.073166450980039
23.18181818181818,83.98989898989899,-0.0404618393013013
23.18181818181818,84.1919191919192,-0.022488702264606766
23.18181818181818,84.39393939393939,0.005554520187941317
23.18181818181818,84.5959595959596,0.01094847802573106
23.18181818181818,84.79797979797979,0.02789163913830468
23.18181818181818,85.0,0.03829511970639689
23.383838383838384,65.0,0.07881312121243113
23.383838383838384,65.20202020202021,0.09562615584951062
23.383838383838384,65.4040404040404,0.06830621806970551
23.383838383838384,65.60606060606061,0.07868625039893766
23.383838383838384,65.8080808080808,0.07156641315232981
23.383838383838384,66.01010101010101,0.02032688378815293
23.383838383838384,66.21212121212122,0.015527579291787781
23.383838383838384,66.41414141414141,0.012207011909922226
23.383838383838384,66.61616161616162,-0.007162673488062045
23.383838383838384,66.81818181818181,-0.015568060159676616
23.383838383838384,67.02020202020202,-0.028809766053243917
23.383838383838384,67.22222222222223,-0.03200299424482578
23.383838383838384,67.42424242424242,-0.024419062462255652
23.383838383838384,67.62626262626263,-0.012756464508031525
23.383838383838384,67.82828282828282,-0.011894723029918673
23.383838383838384,68.03030303030303,0.010519623893879481
23.383838383838384,68.23232323232324,0.03247669581444152
23.383838383838384,68.43434343434343,0.011017126161843374
23.383838383838384,68.63636363636364,-0.004909212661774399
23.383838383838384,68.83838383838383,-0.005835565577608629
23.383838383838384,69.04040404040404,-0.025615119715722414
23.383838383838384,69.24242424242425,-0.04696132113566073
23.383838383838384,69.44444444444444,-0.04602480804489797
23.383838383838384,69.64646464646465,-0.06381799714410266
23.383838383838384,69.84848484848484,-0.06459520351241868
23.383838383838384,70.05050505050505,-0.04914366010373734
23.383838383838384,70.25252525252526,-0.04911877342304028
23.383838383838384,70.45454545454545,-0.0264436509615556
23.383838383838384,70.65656565656566,0.027567675126894474
23.383838383838384,70.85858585858585,0.03191370824838115
23.383838383838384,71.06060606060606,0.06635108414779911
23.383838383838384,71.26262626262626,0.07254268482732781
23.383838383838384,71.46464646464646,0.08764128266302343
23.383838383838384,71.66666666666667,0.087386176808201
23.383838383838384,71.86868686868686,0.06607812220087661
23.383838383838384,72.07070707070707,0.06449976153643239
23.383838383838384,72.27272727272727,0.022731178044671695
23.383838383838384,72.47474747474747,-0.02876245826091286
23.383838383838384,72.67676767676768,-0.06264155551502208
23.383838383838384,72.87878787878788,-0.050985622129222335
23.383838383838384,73.08080808080808,-0.0876089957774587
23.383838383838384,73.28282828282828,-0.10364631098054625
23.383838383838384,73.48484848484848,-0.11060622090984765
23.383838383838384,73.68686868686869,-0.0999539009674203
23.383838383838384,73.88888888888889,-0.09713289728319043
23.383838383838384,74.0909090909091,-0.04913964853951664
23.383838383838384,74.29292929292929,-0.010947985860299783
23.383838383838384,74.4949494949495,0.019354538199442602
23.383838383838384,74.6969696969697,0.0571743999639356
23.383838383838384,74.8989898989899,0.10045422497878513
23.383838383838384,75.1010101010101,0.09201076770498795
23.383838383838384,75.3030303030303,0.10652353895932876
23.383838383838384,75.5050505050505,0.048096757920744033
23.383838383838384,75.70707070707071,0.03222526954506718
23.383838383838384,75.9090909090909,-0.008057680443107826
23.383838383838384,76.11111111111111,-0.032210607893543484
23.383838383838384,76.31313131313131,-0.05109863959262058
23.383838383838384,76.51515151515152,-0.05701893968845618
23.383838383838384,76.71717171717171,-0.06976357629500973
23.383838383838384,76.91919191919192,-0.08627896680038867
23.383838383838384,77.12121212121212,-0.10297233104775237
23.383838383838384,77.32323232323232,-0.06127946830605396
23.383838383838384,77.52525252525253,-0.07010374954704121
23.383838383838384,77.72727272727272,-0.06815737258656643
23.383838383838384,77.92929292929293,-0.044552172922738886
23.383838383838384,78.13131313131314,-0.036219871021740846
23.383838383838384,78.33333333333333,-0.03221208949464254
23.383838383838384,78.53535353535354,-0.018508957619264556
23.383838383838384,78.73737373737373,-0.025863799524577628
23.383838383838384,78.93939393939394,-0.0076140381468153264
23.383838383838384,79.14141414141415,-0.03283780195971802
23.383838383838384,79.34343434343434,-0.03976946786414222
23.383838383838384,79.54545454545455,-0.036586417284821746
23.383838383838384,79.74747474747474,-0.03620999944901441
23.383838383838384,79.94949494949495,-0.0332782093594907
23.383838383838384,80.15151515151516,-0.035991021667331424
23.383838383838384,80.35353535353535,-0.04413929097576232
23.383838383838384,80.55555555555556,-0.047918975522903945
23.383838383838384,80.75757575757575,-0.008318591678741265
23.383838383838384,80.95959595959596,0.001238989433391421
23.383838383838384,81.16161616161617,-0.012425466426057836
23.383838383838384,81.36363636363636,0.004191214639640509
23.383838383838384,81.56565656565657,-0.015327393416260542
23.383838383838384,81.76767676767676,-0.011172133992103043
23.383838383838384,81.96969696969697,-0.050416762207874166
23.383838383838384,82.17171717171718,-0.0461076825379657
23.383838383838384,82.37373737373737,-0.07701997601498121
23.383838383838384,82.57575757575758,-0.0823442988670258
23.383838383838384,82.77777777777777,-0.1157883956751412
23.383838383838384,82.97979797979798,-0.11157963935556713
23.383838383838384,83.18181818181819,-0.12043007025746534
23.383838383838384,83.38383838383838,-0.08506404296409578
23.383838383838384,83.58585858585859,-0.054259114708199635
23.383838383838384,83.78787878787878,0.0011046620509544032
23.383838383838384,83.98989898989899,0.02670854300798209
23.383838383838384,84.1919191919192,0.0715413953489625
23.383838383838384,84.39393939393939,0.09364073700834047
23.383838383838384,84.5959595959596,0.12512034708183897
23.383838383838384,84.79797979797979,0.12247994881071385
23.383838383838384,85.0,0.11918408112979839
23.585858585858585,65.0,0.09117269325855494
23.585858585858585,65.20202020202021,0.11092241625827909
23.585858585858585,65.4040404040404,0.12506812635154255
23.585858585858585,65.60606060606061,0.11904497731253681
23.585858585858585,65.8080808080808,0.10937257804431406
23.585858585858585,66.01010101010101,0.10886813694945222
23.585858585858585,66.21212121212122,0.081046004196055
23.585858585858585,66.41414141414141,0.061532453097304894
23.585858585858585,66.61616161616162,0.020612086333713017
23.585858585858585,66.81818181818181,0.015500987663518645
23.585858585858585,67.02020202020202,-0.006568948487737506
23.585858585858585,67.22222222222223,-0.03492757710645246
23.585858585858585,67.42424242424242,-0.02225473771924372
23.585858585858585,67.62626262626263,-0.07059093413294311
23.585858585858585,67.82828282828282,-0.03837991757391261
23.585858585858585,68.03030303030303,-0.034585091822319745
23.585858585858585,68.23232323232324,-0.03241341372006073
23.585858585858585,68.43434343434343,-0.035165386400633464
23.585858585858585,68.63636363636364,-0.03311115797563787
23.585858585858585,68.83838383838383,-0.03220132481968626
23.585858585858585,69.04040404040404,-0.04966573429747449
23.585858585858585,69.24242424242425,-0.04019159725603427
23.585858585858585,69.44444444444444,-0.04492266485754919
23.585858585858585,69.64646464646465,-0.051519021928945724
23.585858585858585,69.84848484848484,-0.0260385369593401
23.585858585858585,70.05050505050505,-0.024872616547855973
23.585858585858585,70.25252525252526,-0.013382943727963436
23.585858585858585,70.45454545454545,0.022703234894075032
23.585858585858585,70.65656565656566,0.04941624099457234
23.585858585858585,70.85858585858585,0.09474903686881601
23.585858585858585,71.06060606060606,0.10472867559944563
23.585858585858585,71.26262626262626,0.12327640578918295
23.585858585858585,71.46464646464646,0.09617328560282158
23.585858585858585,71.66666666666667,0.09438894806225816
23.585858585858585,71.86868686868686,0.08902839687249542
23.585858585858585,72.07070707070707,0.0335167973764009
23.585858585858585,72.27272727272727,0.003996258266467422
23.585858585858585,72.47474747474747,-0.03410600386932448
23.585858585858585,72.67676767676768,-0.09036807333515387
23.585858585858585,72.87878787878788,-0.09990849727084053
23.585858585858585,73.08080808080808,-0.12317642499443433
23.585858585858585,73.28282828282828,-0.1384951017167821
23.585858585858585,73.48484848484848,-0.1435368068787876
23.585858585858585,73.68686868686869,-0.1157488496153051
23.585858585858585,73.88888888888889,-0.10921299183380673
23.585858585858585,74.0909090909091,-0.04426594615155151
23.585858585858585,74.29292929292929,-0.022906744178923882
23.585858585858585,74.4949494949495,0.007494203360956646
23.585858585858585,74.6969696969697,0.054523260106618225
23.585858585858585,74.8989898989899,0.087927579237086
23.585858585858585,75.1010101010101,0.13337830254244093
23.585858585858585,75.3030303030303,0.10457753158473061
23.585858585858585,75.5050505050505,0.10277401398112422
23.585858585858585,75.70707070707071,0.07892254794159836
23.585858585858585,75.9090909090909,0.06428734640508799
23.585858585858585,76.11111111111111,0.027594988742449332
23.585858585858585,76.31313131313131,-0.004571315809665926
23.585858585858585,76.51515151515152,-0.020230473674789886
23.585858585858585,76.71717171717171,-0.04534632256690627
23.585858585858585,76.91919191919192,-0.07026283394889873
23.585858585858585,77.12121212121212,-0.08762884683287028
23.585858585858585,77.32323232323232,-0.0827923276384824
23.585858585858585,77.52525252525253,-0.10508653381074319
23.585858585858585,77.72727272727272,-0.11667706557279915
23.585858585858585,77.92929292929293,-0.11007691632971318
23.585858585858585,78.13131313131314,-0.1004440836673388
23.585858585858585,78.33333333333333,-0.10363242859133431
23.585858585858585,78.53535353535354,-0.05751834989145212
23.585858585858585,78.73737373737373,-0.04634292193639406
23.585858585858585,78.93939393939394,-0.02395848884938824
23.585858585858585,79.14141414141415,-0.021480154233321218
23.585858585858585,79.34343434343434,-0.0361564726483842
23.585858585858585,79.54545454545455,0.01011721901163562
23.585858585858585,79.74747474747474,-0.0025972923720046347
23.585858585858585,79.94949494949495,0.01051966351774496
23.585858585858585,80.15151515151516,0.03185113313801716
23.585858585858585,80.35353535353535,0.05375650830419119
23.585858585858585,80.55555555555556,0.055634429078695105
23.585858585858585,80.75757575757575,0.052401561279688404
23.585858585858585,80.95959595959596,0.029767212193010012
23.585858585858585,81.16161616161617,0.009640752209274944
23.585858585858585,81.36363636363636,-0.012349366639913175
23.585858585858585,81.56565656565657,-0.05196020199707678
23.585858585858585,81.76767676767676,-0.07890658717079918
23.585858585858585,81.96969696969697,-0.11474144867815185
23.585858585858585,82.17171717171718,-0.14632548204527338
23.585858585858585,82.37373737373737,-0.19731627999399864
23.585858585858585,82.57575757575758,-0.17962093227460943
23.585858585858585,82.77777777777777,-0.17952961017607805
23.585858585858585,82.97979797979798,-0.16238128899684806
23.585858585858585,83.18181818181819,-0.14386328281280888
23.585858585858585,83.38383838383838,-0.10754866642083907
23.585858585858585,83.58585858585859,-0.03503933772025152
23.585858585858585,83.78787878787878,0.018936412299875572
23.585858585858585,83.98989898989899,0.09071288104690997
23.585858585858585,84.1919191919192,0.13362001895869519
23.585858585858585,84.39393939393939,0.19635997863517085
23.585858585858585,84.5959595959596,0.215728410905694
23.585858585858585,84.79797979797979,0.21109669146063043
23.585858585858585,85.0,0.18697241425203906
23.78787878787879,65.0,0.08246646727662583
23.78787878787879,65.20202020202021,0.11685337668342805
23.78787878787879,65.4040404040404,0.1412998364218691
23.78787878787879,65.60606060606061,0.16377366620991074
23.78787878787879,65.8080808080808,0.1713531652716884
23.78787878787879,66.01010101010101,0.13749138099715805
23.78787878787879,66.21212121212122,0.12218496306543568
23.78787878787879,66.41414141414141,0.09939166190973941
23.78787878787879,66.61616161616162,0.060917481036461274
23.78787878787879,66.81818181818181,0.04023407773626926
23.78787878787879,67.02020202020202,0.010446010770946944
23.78787878787879,67.22222222222223,-0.029854715519148933
23.78787878787879,67.42424242424242,-0.06314770967579919
23.78787878787879,67.62626262626263,-0.06651464110565256
23.78787878787879,67.82828282828282,-0.0873906003705881
23.78787878787879,68.03030303030303,-0.08856889643179275
23.78787878787879,68.23232323232324,-0.07883482341597574
23.78787878787879,68.43434343434343,-0.08785607394560589
23.78787878787879,68.63636363636364,-0.06025414663956363
23.78787878787879,68.83838383838383,-0.07595615073994642
23.78787878787879,69.04040404040404,-0.03815908059724921
23.78787878787879,69.24242424242425,-0.05258925045918503
23.78787878787879,69.44444444444444,-0.022845543159901883
23.78787878787879,69.64646464646465,-0.020539629744572775
23.78787878787879,69.84848484848484,0.011811322630921722
23.78787878787879,70.05050505050505,0.01344909654631549
23.78787878787879,70.25252525252526,0.042413345393627885
23.78787878787879,70.45454545454545,0.05695934923395413
23.78787878787879,70.65656565656566,0.09653151428060182
23.78787878787879,70.85858585858585,0.09905213818541081
23.78787878787879,71.06060606060606,0.13043681155006664
23.78787878787879,71.26262626262626,0.0988980467210625
23.78787878787879,71.46464646464646,0.07971997951885237
23.78787878787879,71.66666666666667,0.07966199734092978
23.78787878787879,71.86868686868686,0.03652612972233309
23.78787878787879,72.07070707070707,0.011353160592569073
23.78787878787879,72.27272727272727,-0.025117963311518676
23.78787878787879,72.47474747474747,-0.06915814479531386
23.78787878787879,72.67676767676768,-0.08909179950712695
23.78787878787879,72.87878787878788,-0.10224251410830057
23.78787878787879,73.08080808080808,-0.12207170732207381
23.78787878787879,73.28282828282828,-0.13606899492912972
23.78787878787879,73.48484848484848,-0.12328692663145205
23.78787878787879,73.68686868686869,-0.13206217879621573
23.78787878787879,73.88888888888889,-0.1033620285256454
23.78787878787879,74.0909090909091,-0.06659901322565286
23.78787878787879,74.29292929292929,-0.03556005894557694
23.78787878787879,74.4949494949495,0.003020687355362775
23.78787878787879,74.6969696969697,0.03246420385601111
23.78787878787879,74.8989898989899,0.057904465279697975
23.78787878787879,75.1010101010101,0.11287540809575453
23.78787878787879,75.3030303030303,0.12204705620506404
23.78787878787879,75.5050505050505,0.13161188433374715
23.78787878787879,75.70707070707071,0.11084427269551148
23.78787878787879,75.9090909090909,0.09313827101208516
23.78787878787879,76.11111111111111,0.07992340738876495
23.78787878787879,76.31313131313131,0.06340151112063593
23.78787878787879,76.51515151515152,0.023229035546934635
23.78787878787879,76.71717171717171,0.000671219734760046
23.78787878787879,76.91919191919192,-0.05184760285365285
23.78787878787879,77.12121212121212,-0.07628914871145985
23.78787878787879,77.32323232323232,-0.10401739535987037
23.78787878787879,77.52525252525253,-0.11426104014497325
23.78787878787879,77.72727272727272,-0.14189135495387142
23.78787878787879,77.92929292929293,-0.13707382757811126
23.78787878787879,78.13131313131314,-0.16923648636153643
23.78787878787879,78.33333333333333,-0.14405793311320217
23.78787878787879,78.53535353535354,-0.12185257254380803
23.78787878787879,78.73737373737373,-0.08804413993022718
23.78787878787879,78.93939393939394,-0.0701439077255637
23.78787878787879,79.14141414141415,-0.013535416573426676
23.78787878787879,79.34343434343434,-0.0003754414271793056
23.78787878787879,79.54545454545455,0.016947375794074838
23.78787878787879,79.74747474747474,0.054544465239010555
23.78787878787879,79.94949494949495,0.07602357399712811
23.78787878787879,80.15151515151516,0.12664995124578218
23.78787878787879,80.35353535353535,0.12079014035710127
23.78787878787879,80.55555555555556,0.11031111487012711
23.78787878787879,80.75757575757575,0.09336858555027598
23.78787878787879,80.95959595959596,0.07297995147129377
23.78787878787879,81.16161616161617,0.028610958057827447
23.78787878787879,81.36363636363636,-0.06449327355019416
23.78787878787879,81.56565656565657,-0.08557289323965397
23.78787878787879,81.76767676767676,-0.14455230153506918
23.78787878787879,81.96969696969697,-0.20191587057289168
23.78787878787879,82.17171717171718,-0.21124734171133583
23.78787878787879,82.37373737373737,-0.21338044812231638
23.78787878787879,82.57575757575758,-0.22951321388229676
23.78787878787879,82.77777777777777,-0.20701844522967758
23.78787878787879,82.97979797979798,-0.16728128659048755
23.78787878787879,83.18181818181819,-0.14609114492383474
23.78787878787879,83.38383838383838,-0.09582847963586305
23.78787878787879,83.58585858585859,-0.0010539754180567597
23.78787878787879,83.78787878787878,0.06261565876365903
23.78787878787879,83.98989898989899,0.12027266636715442
23.78787878787879,84.1919191919192,0.19188375484800774
23.78787878787879,84.39393939393939,0.242532889810107
23.78787878787879,84.5959595959596,0.2554071210656536
23.78787878787879,84.79797979797979,0.2466399452751058
23.78787878787879,85.0,0.2254461614773018
23.98989898989899,65.0,0.04387359577885651
23.98989898989899,65.20202020202021,0.07204485084890722
23.98989898989899,65.4040404040404,0.1285031041201374
23.98989898989899,65.60606060606061,0.14538441797994522
23.98989898989899,65.8080808080808,0.1826182362823892
23.98989898989899,66.01010101010101,0.16334268975998575
23.98989898989899,66.21212121212122,0.1770608703917754
23.98989898989899,66.41414141414141,0.13805461150941087
23.98989898989899,66.61616161616162,0.10235713279248906
23.98989898989899,66.81818181818181,0.06951853855230475
23.98989898989899,67.02020202020202,0.012786054241622536
23.98989898989899,67.22222222222223,-0.0208711282095056
23.98989898989899,67.42424242424242,-0.0717941764573521
23.98989898989899,67.62626262626263,-0.10279183195119378
23.98989898989899,67.82828282828282,-0.11509775268004573
23.98989898989899,68.03030303030303,-0.14104757322432457
23.98989898989899,68.23232323232324,-0.14341433960188582
23.98989898989899,68.43434343434343,-0.12241357129070461
23.98989898989899,68.63636363636364,-0.11258743598521298
23.98989898989899,68.83838383838383,-0.0903335950036447
23.98989898989899,69.04040404040404,-0.06164020433090853
23.98989898989899,69.24242424242425,-0.03449359400580839
23.98989898989899,69.44444444444444,-0.0012467676792919363
23.98989898989899,69.64646464646465,0.016880768725034887
23.98989898989899,69.84848484848484,0.01550638241545984
23.98989898989899,70.05050505050505,0.03659433744032548
23.98989898989899,70.25252525252526,0.09206350568856195
23.98989898989899,70.45454545454545,0.09096931438416207
23.98989898989899,70.65656565656566,0.11520162576448262
23.98989898989899,70.85858585858585,0.1091024923376498
23.98989898989899,71.06060606060606,0.10730525867099208
23.98989898989899,71.26262626262626,0.08715921219514475
23.98989898989899,71.46464646464646,0.09266775743639992
23.98989898989899,71.66666666666667,0.0442040930717683
23.98989898989899,71.86868686868686,0.00995031890158007
23.98989898989899,72.07070707070707,-0.027213939916410818
23.98989898989899,72.27272727272727,-0.016857651148185774
23.98989898989899,72.47474747474747,-0.06390394905088714
23.98989898989899,72.67676767676768,-0.07888964698158273
23.98989898989899,72.87878787878788,-0.0971845978861919
23.98989898989899,73.08080808080808,-0.1218463997840557
23.98989898989899,73.28282828282828,-0.1127322723566962
23.98989898989899,73.48484848484848,-0.11983920458155345
23.98989898989899,73.68686868686869,-0.11244138351535667
23.98989898989899,73.88888888888889,-0.0752240447651661
23.98989898989899,74.0909090909091,-0.06810108279882246
23.98989898989899,74.29292929292929,-0.03588053134512012
23.98989898989899,74.4949494949495,-0.007085774527170925
23.98989898989899,74.6969696969697,0.027642912511465313
23.98989898989899,74.8989898989899,0.03820287151948424
23.98989898989899,75.1010101010101,0.07730111138004264
23.98989898989899,75.3030303030303,0.10293136614167916
23.98989898989899,75.5050505050505,0.11249309681320084
23.98989898989899,75.70707070707071,0.13101876587100278
23.98989898989899,75.9090909090909,0.13607500843594705
23.98989898989899,76.11111111111111,0.1264180999011879
23.98989898989899,76.31313131313131,0.08909956996854841
23.98989898989899,76.51515151515152,0.0658671408090745
23.98989898989899,76.71717171717171,0.030139828571602148
23.98989898989899,76.91919191919192,-0.010398526288693002
23.98989898989899,77.12121212121212,-0.06893325777054513
23.98989898989899,77.32323232323232,-0.08296682061088674
23.98989898989899,77.52525252525253,-0.1277527866503342
23.98989898989899,77.72727272727272,-0.15631708147535328
23.98989898989899,77.92929292929293,-0.17328208088096486
23.98989898989899,78.13131313131314,-0.18682688705072703
23.98989898989899,78.33333333333333,-0.19397505222790526
23.98989898989899,78.53535353535354,-0.16137309998930371
23.98989898989899,78.73737373737373,-0.14086081394653846
23.98989898989899,78.93939393939394,-0.0775131489347307
23.98989898989899,79.14141414141415,-0.037924466906547
23.98989898989899,79.34343434343434,0.008607809479343488
23.98989898989899,79.54545454545455,0.06431402839324293
23.98989898989899,79.74747474747474,0.08744844965176642
23.98989898989899,79.94949494949495,0.12329432979461145
23.98989898989899,80.15151515151516,0.15007396770665019
23.98989898989899,80.35353535353535,0.14121569053017963
23.98989898989899,80.55555555555556,0.14848764752561516
23.98989898989899,80.75757575757575,0.0975657053321992
23.98989898989899,80.95959595959596,0.06853989126192375
23.98989898989899,81.16161616161617,0.02005026202210075
23.98989898989899,81.36363636363636,-0.05418400963429671
23.98989898989899,81.56565656565657,-0.13303181165994526
23.98989898989899,81.76767676767676,-0.18571737587691678
23.98989898989899,81.96969696969697,-0.24156819024770956
23.98989898989899,82.17171717171718,-0.25822692879626113
23.98989898989899,82.37373737373737,-0.23718989194306017
23.98989898989899,82.57575757575758,-0.23662743499041794
23.98989898989899,82.77777777777777,-0.22416570465337693
23.98989898989899,82.97979797979798,-0.17569694183544843
23.98989898989899,83.18181818181819,-0.1260621038930794
23.98989898989899,83.38383838383838,-0.05434245928108895
23.98989898989899,83.58585858585859,0.03049647896437731
23.98989898989899,83.78787878787878,0.09235534400087853
23.98989898989899,83.98989898989899,0.16992965357712644
23.98989898989899,84.1919191919192,0.22818827540405356
23.98989898989899,84.39393939393939,0.25147134815654437
23.98989898989899,84.5959595959596,0.26457408881105765
23.98989898989899,84.79797979797979,0.23904311584939295
23.98989898989899,85.0,0.23242218008506924
24.19191919191919,65.0,-0.002746782724522223
24.19191919191919,65.20202020202021,0.05235057471721689
24.19191919191919,65.4040404040404,0.11059944270510245
24.19191919191919,65.60606060606061,0.14927018869502892
24.19191919191919,65.8080808080808,0.16178394926011921
24.19191919191919,66.01010101010101,0.17522711636116212
24.19191919191919,66.21212121212122,0.16867801747089184
24.19191919191919,66.41414141414141,0.14477635117043935
24.19191919191919,66.61616161616162,0.1190449753696338
24.19191919191919,66.81818181818181,0.06835849587651674
24.19191919191919,67.02020202020202,0.04405594219085756
24.19191919191919,67.22222222222223,-0.008459142822642122
24.19191919191919,67.42424242424242,-0.05418801093179712
24.19191919191919,67.62626262626263,-0.10975017144103412
24.19191919191919,67.82828282828282,-0.14155673173407218
24.19191919191919,68.03030303030303,-0.1456386924962482
24.19191919191919,68.23232323232324,-0.15012685480714896
24.19191919191919,68.43434343434343,-0.14633313153687053
24.19191919191919,68.63636363636364,-0.13133220214798577
24.19191919191919,68.83838383838383,-0.08394154313274196
24.19191919191919,69.04040404040404,-0.0605608862300924
24.19191919191919,69.24242424242425,-0.005637164929326706
24.19191919191919,69.44444444444444,0.02354131876837824
24.19191919191919,69.64646464646465,0.05686760265300585
24.19191919191919,69.84848484848484,0.050941413004879824
24.19191919191919,70.05050505050505,0.08476011064708071
24.19191919191919,70.25252525252526,0.0887676773598156
24.19191919191919,70.45454545454545,0.08728452159943735
24.19191919191919,70.65656565656566,0.12359231501985718
24.19191919191919,70.85858585858585,0.10089240811990169
24.19191919191919,71.06060606060606,0.07725308128460247
24.19191919191919,71.26262626262626,0.05862542606419727
24.19191919191919,71.46464646464646,0.026435897883183263
24.19191919191919,71.66666666666667,0.001334067041956483
24.19191919191919,71.86868686868686,-0.015381539619254774
24.19191919191919,72.07070707070707,-0.013159616979758319
24.19191919191919,72.27272727272727,-0.05205499570940723
24.19191919191919,72.47474747474747,-0.04282436157734819
24.19191919191919,72.67676767676768,-0.06400026810641254
24.19191919191919,72.87878787878788,-0.07852486518945075
24.19191919191919,73.08080808080808,-0.07930894477492183
24.19191919191919,73.28282828282828,-0.08468375573343313
24.19191919191919,73.48484848484848,-0.06586015422909884
24.19191919191919,73.68686868686869,-0.06573428604951631
24.19191919191919,73.88888888888889,-0.08077267174507116
24.19191919191919,74.0909090909091,-0.05281576632895268
24.19191919191919,74.29292929292929,-0.03623267111694133
24.19191919191919,74.4949494949495,-0.030095050061513504
24.19191919191919,74.6969696969697,-0.003519574992540524
24.19191919191919,74.8989898989899,0.01582459141014041
24.19191919191919,75.1010101010101,0.036537415598056386
24.19191919191919,75.3030303030303,0.06161715154319912
24.19191919191919,75.5050505050505,0.08455076618046847
24.19191919191919,75.70707070707071,0.1237177533847835
24.19191919191919,75.9090909090909,0.10152860008979939
24.19191919191919,76.11111111111111,0.11886886946927178
24.19191919191919,76.31313131313131,0.10478821834900286
24.19191919191919,76.51515151515152,0.08428827620848905
24.19191919191919,76.71717171717171,0.03254208575746808
24.19191919191919,76.91919191919192,0.011250994488810858
24.19191919191919,77.12121212121212,-0.053337894243263545
24.19191919191919,77.32323232323232,-0.07650964914415873
24.19191919191919,77.52525252525253,-0.13684548083567946
24.19191919191919,77.72727272727272,-0.1670158612102976
24.19191919191919,77.92929292929293,-0.1911136507586678
24.19191919191919,78.13131313131314,-0.19997676047039317
24.19191919191919,78.33333333333333,-0.196766346215459
24.19191919191919,78.53535353535354,-0.17939667327792805
24.19191919191919,78.73737373737373,-0.13561890907727245
24.19191919191919,78.93939393939394,-0.08833874466411216
24.19191919191919,79.14141414141415,-0.04878198663386935
24.19191919191919,79.34343434343434,0.017024667605315985
24.19191919191919,79.54545454545455,0.07714015025345039
24.19191919191919,79.74747474747474,0.11983009976389324
24.19191919191919,79.94949494949495,0.16037876648935945
24.19191919191919,80.15151515151516,0.17652938622345762
24.19191919191919,80.35353535353535,0.1698983422067981
24.19191919191919,80.55555555555556,0.1536264837642085
24.19191919191919,80.75757575757575,0.12556189878080595
24.19191919191919,80.95959595959596,0.07376595557613863
24.19191919191919,81.16161616161617,0.0217019457798547
24.19191919191919,81.36363636363636,-0.07052727957485036
24.19191919191919,81.56565656565657,-0.16049033966259948
24.19191919191919,81.76767676767676,-0.21175150218947525
24.19191919191919,81.96969696969697,-0.21926922620793413
24.19191919191919,82.17171717171718,-0.2629778283590285
24.19191919191919,82.37373737373737,-0.2591231075685079
24.19191919191919,82.57575757575758,-0.24791408265798773
24.19191919191919,82.77777777777777,-0.18254097696221375
24.19191919191919,82.97979797979798,-0.13751549769384988
24.19191919191919,83.18181818181819,-0.08469419369186434
24.19191919191919,83.38383838383838,-0.018431177187666993
24.19191919191919,83.58585858585859,0.05951074305445016
24.19191919191919,83.78787878787878,0.11396947829181586
24.19191919191919,83.98989898989899,0.16894044466951877
24.19191919191919,84.1919191919192,0.20185913032177055
24.19191919191919,84.39393939393939,0.21607138918036747
24.19191919191919,84.5959595959596,0.219163330622329
24.19191919191919,84.79797979797979,0.21037152205316675
24.19191919191919,85.0,0.17586298613533666
24.393939393939394,65.0,-0.02406603252425804
24.393939393939394,65.20202020202021,0.017183957263557724
24.393939393939394,65.4040404040404,0.049507975887921864
24.393939393939394,65.60606060606061,0.103975328954454
24.393939393939394,65.8080808080808,0.12635466533485165
24.393939393939394,66.01010101010101,0.1426606368031278
24.393939393939394,66.21212121212122,0.15406428500379787
24.393939393939394,66.41414141414141,0.15127999275167353
24.393939393939394,66.61616161616162,0.12708402193502646
24.393939393939394,66.81818181818181,0.09650999350167563
24.393939393939394,67.02020202020202,0.05917958191111785
24.393939393939394,67.22222222222223,0.01684132510407177
24.393939393939394,67.42424242424242,-0.03966572876423043
24.393939393939394,67.62626262626263,-0.09462988588172322
24.393939393939394,67.82828282828282,-0.1188549886960069
24.393939393939394,68.03030303030303,-0.14684846107748561
24.393939393939394,68.23232323232324,-0.1285279632418698
24.393939393939394,68.43434343434343,-0.12238255831850031
24.393939393939394,68.63636363636364,-0.11987945622446614
24.393939393939394,68.83838383838383,-0.08926024380636671
24.393939393939394,69.04040404040404,-0.05711353530307781
24.393939393939394,69.24242424242425,-0.014271287048960227
24.393939393939394,69.44444444444444,0.004208399635715565
24.393939393939394,69.64646464646465,0.04927856324529717
24.393939393939394,69.84848484848484,0.0620212257466132
24.393939393939394,70.05050505050505,0.08752371022832975
24.393939393939394,70.25252525252526,0.09300865865694521
24.393939393939394,70.45454545454545,0.11664480412454711
24.393939393939394,70.65656565656566,0.10229370934990559
24.393939393939394,70.85858585858585,0.08213188844820807
24.393939393939394,71.06060606060606,0.05330809386750783
24.393939393939394,71.26262626262626,0.043980097564582626
24.393939393939394,71.46464646464646,-0.0008798970437344871
24.393939393939394,71.66666666666667,-0.01871029719511679
24.393939393939394,71.86868686868686,-0.0349385759583239
24.393939393939394,72.07070707070707,-0.046261834567007824
24.393939393939394,72.27272727272727,-0.04532519668792112
24.393939393939394,72.47474747474747,-0.06797425594436204
24.393939393939394,72.67676767676768,-0.06621573276934105
24.393939393939394,72.87878787878788,-0.047617975900353014
24.393939393939394,73.08080808080808,-0.03202278365168068
24.393939393939394,73.28282828282828,-0.03788389377169977
24.393939393939394,73.48484848484848,-0.04278415701301799
24.393939393939394,73.68686868686869,-0.04813850679027566
24.393939393939394,73.88888888888889,-0.028527934242575874
24.393939393939394,74.0909090909091,-0.046690846993260454
24.393939393939394,74.29292929292929,-0.03700993493348001
24.393939393939394,74.4949494949495,-0.03599713502774384
24.393939393939394,74.6969696969697,-0.02384175648078238
24.393939393939394,74.8989898989899,-0.00997067025596872
24.393939393939394,75.1010101010101,0.016522114009279314
24.393939393939394,75.3030303030303,0.036589043868947436
24.393939393939394,75.5050505050505,0.05675214007890334
24.393939393939394,75.70707070707071,0.07703945973998515
24.393939393939394,75.9090909090909,0.08125640913909275
24.393939393939394,76.11111111111111,0.11223221905699224
24.393939393939394,76.31313131313131,0.12557356161552727
24.393939393939394,76.51515151515152,0.1008740519555381
24.393939393939394,76.71717171717171,0.06712616673763806
24.393939393939394,76.91919191919192,0.019069628072628905
24.393939393939394,77.12121212121212,-0.008179136254149
24.393939393939394,77.32323232323232,-0.0652240377539549
24.393939393939394,77.52525252525253,-0.09092778274522154
24.393939393939394,77.72727272727272,-0.15246071447948595
24.393939393939394,77.92929292929293,-0.1764797159236984
24.393939393939394,78.13131313131314,-0.19108826905437257
24.393939393939394,78.33333333333333,-0.19606861144495497
24.393939393939394,78.53535353535354,-0.1739131984111618
24.393939393939394,78.73737373737373,-0.13313118179206263
24.393939393939394,78.93939393939394,-0.09980743793905618
24.393939393939394,79.14141414141415,-0.0816262957162314
24.393939393939394,79.34343434343434,0.021716139429332402
24.393939393939394,79.54545454545455,0.04788631662844858
24.393939393939394,79.74747474747474,0.11864938798621233
24.393939393939394,79.94949494949495,0.14927722413013533
24.393939393939394,80.15151515151516,0.1885473747681622
24.393939393939394,80.35353535353535,0.1740336496271502
24.393939393939394,80.55555555555556,0.13362968715288195
24.393939393939394,80.75757575757575,0.08711909152019452
24.393939393939394,80.95959595959596,0.050572575469880685
24.393939393939394,81.16161616161617,-0.04519370503989791
24.393939393939394,81.36363636363636,-0.09391450291082781
24.393939393939394,81.56565656565657,-0.15398669283882155
24.393939393939394,81.76767676767676,-0.19856385566338533
24.393939393939394,81.96969696969697,-0.2167229942980999
24.393939393939394,82.17171717171718,-0.2253042974820922
24.393939393939394,82.37373737373737,-0.2114597199987281
24.393939393939394,82.57575757575758,-0.18600001680453065
24.393939393939394,82.77777777777777,-0.13890161287196015
24.393939393939394,82.97979797979798,-0.08645756658171916
24.393939393939394,83.18181818181819,-0.03411153442066747
24.393939393939394,83.38383838383838,0.028466325204466007
24.393939393939394,83.58585858585859,0.0674381588554018
24.393939393939394,83.78787878787878,0.10119416491747885
24.393939393939394,83.98989898989899,0.12929608755665797
24.393939393939394,84.1919191919192,0.1459404391189973
24.393939393939394,84.39393939393939,0.15307815766779367
24.393939393939394,84.5959595959596,0.15750118694455476
24.393939393939394,84.79797979797979,0.12808563290859495
24.393939393939394,85.0,0.10979279790248211
24.595959595959595,65.0,-0.042153346519439604
24.595959595959595,65.20202020202021,-0.025410622461660357
24.595959595959595,65.4040404040404,0.011025648184152755
24.595959595959595,65.60606060606061,0.05246703228524667
24.595959595959595,65.8080808080808,0.07543902404183206
24.595959595959595,66.01010101010101,0.10178022851913979
24.595959595959595,66.21212121212122,0.10891906113043731
24.595959595959595,66.41414141414141,0.13945754059012652
24.595959595959595,66.61616161616162,0.10355910294274989
24.595959595959595,66.81818181818181,0.07175432309557586
24.595959595959595,67.02020202020202,0.06662410357353685
24.595959595959595,67.22222222222223,0.02112214577908374
24.595959595959595,67.42424242424242,-0.018189939891264283
24.595959595959595,67.62626262626263,-0.0558355753142935
24.595959595959595,67.82828282828282,-0.06121147590128032
24.595959595959595,68.03030303030303,-0.09799147101229076
24.595959595959595,68.23232323232324,-0.10834635294667405
24.595959595959595,68.43434343434343,-0.11371490852174895
24.595959595959595,68.63636363636364,-0.10174618568873113
24.595959595959595,68.83838383838383,-0.06723925664463978
24.595959595959595,69.04040404040404,-0.05138576346579393
24.595959595959595,69.24242424242425,-0.02777648713242123
24.595959595959595,69.44444444444444,0.02809965833074252
24.595959595959595,69.64646464646465,0.049358687999480726
24.595959595959595,69.84848484848484,0.0614750180802696
24.595959595959595,70.05050505050505,0.07373217131348409
24.595959595959595,70.25252525252526,0.06856519285818415
24.595959595959595,70.45454545454545,0.07025518931144865
24.595959595959595,70.65656565656566,0.059071079865630746
24.595959595959595,70.85858585858585,0.036151829254158656
24.595959595959595,71.06060606060606,0.02892241631971552
24.595959595959595,71.26262626262626,-0.02358333330035016
24.595959595959595,71.46464646464646,-0.007497625621641354
24.595959595959595,71.66666666666667,-0.03487314171802912
24.595959595959595,71.86868686868686,-0.06446252791424943
24.595959595959595,72.07070707070707,-0.04535809406073469
24.595959595959595,72.27272727272727,-0.03869543406641199
24.595959595959595,72.47474747474747,-0.02725018008296578
24.595959595959595,72.67676767676768,-0.03540927513605671
24.595959595959595,72.87878787878788,-0.017486941540911505
24.595959595959595,73.08080808080808,-0.00823957383510766
24.595959595959595,73.28282828282828,-0.003516380485927526
24.595959595959595,73.48484848484848,0.0005133683420498227
24.595959595959595,73.68686868686869,0.014468931830083864
24.595959595959595,73.88888888888889,-0.024525120813799834
24.595959595959595,74.0909090909091,-0.019757563669085373
24.595959595959595,74.29292929292929,-0.031422169894360606
24.595959595959595,74.4949494949495,-0.04937899157681473
24.595959595959595,74.6969696969697,-0.045547829556200625
24.595959595959595,74.8989898989899,-0.025580159376316754
24.595959595959595,75.1010101010101,-0.030083332065153047
24.595959595959595,75.3030303030303,-0.011066120666215524
24.595959595959595,75.5050505050505,0.011478041800240427
24.595959595959595,75.70707070707071,0.05206342408195491
24.595959595959595,75.9090909090909,0.07624815981404325
24.595959595959595,76.11111111111111,0.06595331298407833
24.595959595959595,76.31313131313131,0.0962273641928815
24.595959595959595,76.51515151515152,0.08905462574064762
24.595959595959595,76.71717171717171,0.07995751952302646
24.595959595959595,76.91919191919192,0.04179635424237319
24.595959595959595,77.12121212121212,0.003704737275557464
24.595959595959595,77.32323232323232,-0.021003280499871033
24.595959595959595,77.52525252525253,-0.06032003869014598
24.595959595959595,77.72727272727272,-0.07478281400734368
24.595959595959595,77.92929292929293,-0.11042379646201006
24.595959595959595,78.13131313131314,-0.13207403032696285
24.595959595959595,78.33333333333333,-0.14816962471431827
24.595959595959595,78.53535353535354,-0.13379612022679885
24.595959595959595,78.73737373737373,-0.12309826414585026
24.595959595959595,78.93939393939394,-0.0814597789914551
24.595959595959595,79.14141414141415,-0.031502593152406076
24.595959595959595,79.34343434343434,0.003981417659850659
24.595959595959595,79.54545454545455,0.05998087268822891
24.595959595959595,79.74747474747474,0.09308658948161413
24.595959595959595,79.94949494949495,0.11290085728828816
24.595959595959595,80.15151515151516,0.12676967563393496
24.595959595959595,80.35353535353535,0.11915740569940508
24.595959595959595,80.55555555555556,0.08619573756444016
24.595959595959595,80.75757575757575,0.04389580087548445
24.595959595959595,80.95959595959596,-0.014313249111087101
24.595959595959595,81.16161616161617,-0.06078591204416115
24.595959595959595,81.36363636363636,-0.07903342783895276
24.595959595959595,81.56565656565657,-0.12488763898459064
24.595959595959595,81.76767676767676,-0.17448894282204377
24.595959595959595,81.96969696969697,-0.19165032578589478
24.595959595959595,82.17171717171718,-0.16118556546657123
24.595959595959595,82.37373737373737,-0.13351330357375135
24.595959595959595,82.57575757575758,-0.11586586393353758
24.595959595959595,82.77777777777777,-0.05858637438086481
24.595959595959595,82.97979797979798,-0.02102369738844474
24.595959595959595,83.18181818181819,0.021529982866997747
24.595959595959595,83.38383838383838,0.06517155477550622
24.595959595959595,83.58585858585859,0.07229310546731466
24.595959595959595,83.78787878787878,0.08131214293704567
24.595959595959595,83.98989898989899,0.08798775619496774
24.595959595959595,84.1919191919192,0.07269311412336224
24.595959595959595,84.39393939393939,0.08114135874766348
24.595959595959595,84.5959595959596,0.05649255492961566
24.595959595959595,84.79797979797979,0.04198020771119646
24.595959595959595,85.0,0.02035100592333039
24.7979797979798,65.0,-0.04125911225141476
24.7979797979798,65.20202020202021,-0.04984701690344865
24.7979797979798,65.4040404040404,-0.032459113096667914
24.7979797979798,65.60606060606061,-0.025999308801482674
24.7979797979798,65.8080808080808,0.017465851999324808
24.7979797979798,66.01010101010101,0.03617708147466386
24.7979797979798,66.21212121212122,0.07663581803619755
24.7979797979798,66.41414141414141,0.09628645886291076
24.7979797979798,66.61616161616162,0.08448807044869067
24.7979797979798,66.81818181818181,0.07143680700599266
24.7979797979798,67.02020202020202,0.04724227372724936
24.7979797979798,67.22222222222223,0.04661063689837934
24.7979797979798,67.42424242424242,0.01789393044824443
24.7979797979798,67.62626262626263,-0.0010637898819290939
24.7979797979798,67.82828282828282,-0.010083048702590768
24.7979797979798,68.03030303030303,-0.053857915793140296
24.7979797979798,68.23232323232324,-0.06863496932986612
24.7979797979798,68.43434343434343,-0.0684859721196693
24.7979797979798,68.63636363636364,-0.055161978214000186
24.7979797979798,68.83838383838383,-0.04529146850429058
24.7979797979798,69.04040404040404,-0.040104302777960225
24.7979797979798,69.24242424242425,-0.0012193555599606092
24.7979797979798,69.44444444444444,-0.0005403983568832219
24.7979797979798,69.64646464646465,0.017522086483259244
24.7979797979798,69.84848484848484,0.031995361328755426
24.7979797979798,70.05050505050505,0.029089672894325083
24.7979797979798,70.25252525252526,0.04141044951121944
24.7979797979798,70.45454545454545,0.02984191799860022
24.7979797979798,70.65656565656566,0.03371975748173736
24.7979797979798,70.85858585858585,-0.0037033546901269285
24.7979797979798,71.06060606060606,-0.023448194671429952
24.7979797979798,71.26262626262626,-0.029101678005070387
24.7979797979798,71.46464646464646,-0.05350453022328528
24.7979797979798,71.66666666666667,-0.03884849486246749
24.7979797979798,71.86868686868686,-0.040673245716240244
24.7979797979798,72.07070707070707,-0.0571558484799328
24.7979797979798,72.27272727272727,-0.009269168010657663
24.7979797979798,72.47474747474747,-0.001482886881998725
24.7979797979798,72.67676767676768,0.008770441046214564
24.7979797979798,72.87878787878788,-0.007018397807811829
24.7979797979798,73.08080808080808,0.021906629491885855
24.7979797979798,73.28282828282828,0.0375701750243765
24.7979797979798,73.48484848484848,0.040465218912382916
24.7979797979798,73.68686868686869,0.0574723831274022
24.7979797979798,73.88888888888889,0.01873642363006243
24.7979797979798,74.0909090909091,-0.008075811674179688
24.7979797979798,74.29292929292929,-0.026035164797111203
24.7979797979798,74.4949494949495,-0.04162738566770852
24.7979797979798,74.6969696969697,-0.08744815056055863
24.7979797979798,74.8989898989899,-0.06082631307317271
24.7979797979798,75.1010101010101,-0.06496149042597739
24.7979797979798,75.3030303030303,-0.03979722728645064
24.7979797979798,75.5050505050505,-0.03431888087601506
24.7979797979798,75.70707070707071,-0.012690310726514518
24.7979797979798,75.9090909090909,-0.011483486427185118
24.7979797979798,76.11111111111111,0.0266756481875879
24.7979797979798,76.31313131313131,0.055378350114560014
24.7979797979798,76.51515151515152,0.06501585768857138
24.7979797979798,76.71717171717171,0.05655238418967651
24.7979797979798,76.91919191919192,0.026029891864248193
24.7979797979798,77.12121212121212,0.03504158316846137
24.7979797979798,77.32323232323232,0.00937370820804531
24.7979797979798,77.52525252525253,-0.01904779906704923
24.7979797979798,77.72727272727272,-0.05584297660746585
24.7979797979798,77.92929292929293,-0.0408041300042461
24.7979797979798,78.13131313131314,-0.06746935175318493
24.7979797979798,78.33333333333333,-0.06496335101030908
24.7979797979798,78.53535353535354,-0.0695847391463759
24.7979797979798,78.73737373737373,-0.05088093500724182
24.7979797979798,78.93939393939394,-0.05626890701331984
24.7979797979798,79.14141414141415,-0.035555818641062456
24.7979797979798,79.34343434343434,0.006998664382203642
24.7979797979798,79.54545454545455,0.013449640751565508
24.7979797979798,79.74747474747474,0.052381929595592784
24.7979797979798,79.94949494949495,0.05537735591206853
24.7979797979798,80.15151515151516,0.0452625535926159
24.7979797979798,80.35353535353535,0.0378862673233057
24.7979797979798,80.55555555555556,0.016359377261240118
24.7979797979798,80.75757575757575,-0.009605470905419819
24.7979797979798,80.95959595959596,-0.0389613485967562
24.7979797979798,81.16161616161617,-0.08142371145226686
24.7979797979798,81.36363636363636,-0.10533080829990832
24.7979797979798,81.56565656565657,-0.10673506427051618
24.7979797979798,81.76767676767676,-0.11422856678804379
24.7979797979798,81.96969696969697,-0.09467123394746792
24.7979797979798,82.17171717171718,-0.07819297488882807
24.7979797979798,82.37373737373737,-0.04319802174386452
24.7979797979798,82.57575757575758,-0.04295401312120042
24.7979797979798,82.77777777777777,0.004576038740244088
24.7979797979798,82.97979797979798,0.03620949311791935
24.7979797979798,83.18181818181819,0.07837622075960639
24.7979797979798,83.38383838383838,0.06318737735332346
24.7979797979798,83.58585858585859,0.06749930965297828
24.7979797979798,83.78787878787878,0.04198177228431888
24.7979797979798,83.98989898989899,0.02536009181159457
24.7979797979798,84.1919191919192,-0.00777036846688209
24.7979797979798,84.39393939393939,-0.03669494406358519
24.7979797979798,84.5959595959596,-0.06003341119237483
24.7979797979798,84.79797979797979,-0.08123444393521097
24.7979797979798,85.0,-0.06112700789126736
25.0,65.0,-0.037843582407337796
25.0,65.20202020202021,-0.07691117490203689
25.0,65.4040404040404,-0.08291106108811694
25.0,65.60606060606061,-0.06722134265364456
25.0,65.8080808080808,-0.05475890819475016
25.0,66.01010101010101,-0.04742901300269893
25.0,66.21212121212122,-0.018306682886472213
25.0,66.41414141414141,-0.007894501986416148
25.0,66.61616161616162,0.040945498156326976
25.0,66.81818181818181,0.023953742622042494
25.0,67.02020202020202,0.04704565265175698
25.0,67.22222222222223,0.04258714857517822
25.0,67.42424242424242,0.054551198971405285
25.0,67.62626262626263,0.029837262966632444
25.0,67.82828282828282,0.03145671146901617
25.0,68.03030303030303,0.0038593076669095547
25.0,68.23232323232324,-0.010319479442533292
25.0,68.43434343434343,0.004395231468995586
25.0,68.63636363636364,-0.025852249298827623
25.0,68.83838383838383,-0.011414624440114625
25.0,69.04040404040404,0.0037782531120562225
25.0,69.24242424242425,0.005253358912108528
25.0,69.44444444444444,-0.006097195843812674
25.0,69.64646464646465,-0.01608355219453232
25.0,69.84848484848484,0.00010021703259211357
25.0,70.05050505050505,0.0014415299782355173
25.0,70.25252525252526,-0.02517190346413791
25.0,70.45454545454545,-0.032455714607157155
25.0,70.65656565656566,-0.03723469584223248
25.0,70.85858585858585,-0.037131824950432
25.0,71.06060606060606,-0.04246993869115363
25.0,71.26262626262626,-0.07495602276192523
25.0,71.46464646464646,-0.07685616541804369
25.0,71.66666666666667,-0.02830227252346278
25.0,71.86868686868686,-0.03654496180848117
25.0,72.07070707070707,-0.013566122930599347
25.0,72.27272727272727,-0.007318239372271582
25.0,72.47474747474747,0.015771469217490442
25.0,72.67676767676768,0.030508688199206106
25.0,72.87878787878788,0.03772366926107784
25.0,73.08080808080808,0.07062604496140445
25.0,73.28282828282828,0.06679796341301586
25.0,73.48484848484848,0.07308457207254275
25.0,73.68686868686869,0.06706296858308988
25.0,73.88888888888889,0.04432014339263806
25.0,74.0909090909091,0.01100412549811498
25.0,74.29292929292929,-0.032081640812611036
25.0,74.4949494949495,-0.03606105661311314
25.0,74.6969696969697,-0.055173226517466666
25.0,74.8989898989899,-0.06546099153346017
25.0,75.1010101010101,-0.06647525182470249
25.0,75.3030303030303,-0.08168412976362244
25.0,75.5050505050505,-0.08299679667385938
25.0,75.70707070707071,-0.08874631685147459
25.0,75.9090909090909,-0.028569136441457702
25.0,76.11111111111111,-0.02076849152177401
25.0,76.31313131313131,-0.008522210363117804
25.0,76.51515151515152,0.0024687299125709782
25.0,76.71717171717171,-0.006655343493242271
25.0,76.91919191919192,0.02295528079017217
25.0,77.12121212121212,0.040733929143260024
25.0,77.32323232323232,0.0435567254214605
25.0,77.52525252525253,0.04028293975540853
25.0,77.72727272727272,0.03431209704119909
25.0,77.92929292929293,0.04235946127976415
25.0,78.13131313131314,0.0191972354074086
25.0,78.33333333333333,0.02297101367592426
25.0,78.53535353535354,-0.004749935114117224
25.0,78.73737373737373,-0.0234431098227973
25.0,78.93939393939394,-0.035813675559358014
25.0,79.14141414141415,-0.04149092823126606
25.0,79.34343434343434,-0.02245534393870544
25.0,79.54545454545455,-0.03084493025754647
25.0,79.74747474747474,-0.029668480092073853
25.0,79.94949494949495,-0.014580399649566873
25.0,80.15151515151516,-0.02965691388666456
25.0,80.35353535353535,-0.04198537642977494
25.0,80.55555555555556,-0.06736199164209186
25.0,80.75757575757575,-0.09615152371062656
25.0,80.95959595959596,-0.09423335398558239
25.0,81.16161616161617,-0.08917260846480854
25.0,81.36363636363636,-0.08572387312612215
25.0,81.56565656565657,-0.06698700173498374
25.0,81.76767676767676,-0.03812806369883322
25.0,81.96969696969697,0.015357012529662897
25.0,82.17171717171718,0.016994906924482793
25.0,82.37373737373737,0.058005308919088935
25.0,82.57575757575758,0.0630463622183146
25.0,82.77777777777777,0.09497326921939771
25.0,82.97979797979798,0.10640289597288188
25.0,83.18181818181819,0.10526729283183431
25.0,83.38383838383838,0.08023097842212493
25.0,83.58585858585859,0.05376338422249967
25.0,83.78787878787878,-0.0029945696801754315
25.0,83.98989898989899,-0.038396153046698
25.0,84.1919191919192,-0.1150938488241336
25.0,84.39393939393939,-0.12728915437996224
25.0,84.5959595959596,-0.14415630152937484
25.0,84.79797979797979,-0.15625886803923378
25.0,85.0,-0.12727720710342233
