float_id,latitude,longitude,depth,temperature,salinity,date
SYN_0000,12.49080237694725,84.01428612819832,0,28.09532697536535,34.906495170126405,2026-04-17
SYN_0000,12.49080237694725,84.01428612819832,10,23.956120886905907,35.042872571365585,2026-04-17
SYN_0000,12.49080237694725,84.01428612819832,25,19.91646488177282,34.828364851104254,2026-04-17
SYN_0000,12.49080237694725,84.01428612819832,50,15.253717440425056,34.62498384724051,2026-04-17
SYN_0000,12.49080237694725,84.01428612819832,75,12.38093887076959,34.592978610489695,2026-04-17
SYN_0000,12.49080237694725,84.01428612819832,100,10.592274270173082,34.57332008474183,2026-04-17
SYN_0000,12.49080237694725,84.01428612819832,150,8.814549586326134,34.567708721458615,2026-04-17
SYN_0000,12.49080237694725,84.01428612819832,200,8.071827642605577,34.703850065063314,2026-04-17
SYN_0001,5.319325044404284,69.61787651244298,0,27.684868955748218,35.13088308193377,2026-04-02
SYN_0001,5.319325044404284,69.61787651244298,10,24.12619912197561,35.001941070741715,2026-04-02
SYN_0001,5.319325044404284,69.61787651244298,25,20.028843494809188,34.9070996060529,2026-04-02
SYN_0001,5.319325044404284,69.61787651244298,50,15.077079647176946,34.77878044149216,2026-04-02
SYN_0001,5.319325044404284,69.61787651244298,75,12.036981790003853,34.792538226636005,2026-04-02
SYN_0001,5.319325044404284,69.61787651244298,100,10.243615248073965,34.705352641700415,2026-04-02
SYN_0001,5.319325044404284,69.61787651244298,150,8.904151262215844,34.57827016580591,2026-04-02
SYN_0001,5.319325044404284,69.61787651244298,200,8.365324488243926,34.53888035152828,2026-04-02
SYN_0002,6.480893034681808,72.16931457088545,0,27.539248229074616,35.30382294973431,2026-02-10
SYN_0002,6.480893034681808,72.16931457088545,10,24.100261932924116,35.08176804303342,2026-02-10
SYN_0002,6.480893034681808,72.16931457088545,25,19.486712209252584,35.05559185795209,2026-02-10
SYN_0002,6.480893034681808,72.16931457088545,50,15.063095492039073,34.77849058464713,2026-02-10
SYN_0002,6.480893034681808,72.16931457088545,75,11.919315494077972,34.80515966084427,2026-02-10
SYN_0002,6.480893034681808,72.16931457088545,100,10.29893027185127,34.716053630546796,2026-02-10
SYN_0002,6.480893034681808,72.16931457088545,150,8.34420011801233,34.79003720685702,2026-02-10
SYN_0002,6.480893034681808,72.16931457088545,200,8.140580062922563,34.72786397347459,2026-02-10
SYN_0003,9.061224494695388,83.85707141115962,0,27.955221489651162,35.06815936105952,2026-03-12
SYN_0003,9.061224494695388,83.85707141115962,10,24.32107300858419,34.91070005343028,2026-03-12
SYN_0003,9.061224494695388,83.85707141115962,25,20.30793565658605,34.59353521839299,2026-03-12
SYN_0003,9.061224494695388,83.85707141115962,50,15.338047937656516,34.531032496898334,2026-03-12
SYN_0003,9.061224494695388,83.85707141115962,75,12.568882269552079,34.48815863885233,2026-03-12
SYN_0003,9.061224494695388,83.85707141115962,100,10.540210917796824,34.580052104003066,2026-03-12
SYN_0003,9.061224494695388,83.85707141115962,150,8.903193578441188,34.541578582374285,2026-03-12
SYN_0003,9.061224494695388,83.85707141115962,200,8.668706498489097,34.35816834718506,2026-03-12
SYN_0004,12.27259204758588,84.43564165441921,0,27.656974450744272,35.133596418601954,2026-02-21
SYN_0004,12.27259204758588,84.43564165441921,10,24.19470627441395,34.965465165611974,2026-02-21
SYN_0004,12.27259204758588,84.43564165441921,25,19.969446052094405,34.869558449697166,2026-02-21
SYN_0004,12.27259204758588,84.43564165441921,50,14.93685880121193,34.87881924058584,2026-02-21
SYN_0004,12.27259204758588,84.43564165441921,75,12.59831093859926,34.462472407333806,2026-02-21
SYN_0004,12.27259204758588,84.43564165441921,100,10.745455480239558,34.46750862090222,2026-02-21
SYN_0004,12.27259204758588,84.43564165441921,150,8.895084851011827,34.61459975356009,2026-02-21
SYN_0004,12.27259204758588,84.43564165441921,200,8.20576377028025,34.59982215138493,2026-02-21
SYN_0005,15.163975534814373,78.91625613581763,0,28.324331187250902,34.838291623661554,2026-01-03
SYN_0005,15.163975534814373,78.91625613581763,10,24.831578165004967,34.56864042673046,2026-01-03
SYN_0005,15.163975534814373,78.91625613581763,25,20.352048142816297,34.63760904076982,2026-01-03
SYN_0005,15.163975534814373,78.91625613581763,50,15.62707549028513,34.41541884929919,2026-01-03
SYN_0005,15.163975534814373,78.91625613581763,75,12.904066604485159,34.37250382909961,2026-01-03
SYN_0005,15.163975534814373,78.91625613581763,100,11.214761290829518,34.39076731943846,2026-01-03
SYN_0005,15.163975534814373,78.91625613581763,150,9.286448450088846,34.28601335974957,2026-01-03
SYN_0005,15.163975534814373,78.91625613581763,200,8.848903811544236,34.21598349221341,2026-01-03
SYN_0006,22.942205199051543,82.74172848530235,0,28.267010364404992,34.894839521336856,2026-04-30
SYN_0006,22.942205199051543,82.74172848530235,10,24.367824203098962,34.764932574742176,2026-04-30
SYN_0006,22.942205199051543,82.74172848530235,25,20.161775190114856,34.6352144030467,2026-04-30
SYN_0006,22.942205199051543,82.74172848530235,50,15.57905333296174,34.446978164154956,2026-04-30
SYN_0006,22.942205199051543,82.74172848530235,75,12.73492921189908,34.43659150965993,2026-04-30
SYN_0006,22.942205199051543,82.74172848530235,100,10.55670236271677,34.62885800978327,2026-04-30
SYN_0006,22.942205199051543,82.74172848530235,150,9.016645521710501,34.538442507247666,2026-04-30
SYN_0006,22.942205199051543,82.74172848530235,200,8.094809107187452,34.59402027578865,2026-04-30
SYN_0007,17.902067240611295,78.37848119326199,0,28.392621765089313,34.80310995146624,2026-03-02
SYN_0007,17.902067240611295,78.37848119326199,10,24.71520412794743,34.67052606295436,2026-03-02
SYN_0007,17.902067240611295,78.37848119326199,25,20.109174689276223,34.74483829493108,2026-03-02
SYN_0007,17.902067240611295,78.37848119326199,50,15.554065688376113,34.47243650152512,2026-03-02
SYN_0007,17.902067240611295,78.37848119326199,75,12.602691516840792,34.355094929966455,2026-03-02
SYN_0007,17.902067240611295,78.37848119326199,100,11.082343387227134,34.313247584222644,2026-03-02
SYN_0007,17.902067240611295,78.37848119326199,150,9.011446517512043,34.430231520720106,2026-03-02
SYN_0007,17.902067240611295,78.37848119326199,200,8.377863780366383,34.435708835038064,2026-03-02
SYN_0008,21.97339589849349,67.73242662884057,0,27.89557758345046,34.97463951107024,2026-06-25
SYN_0008,21.97339589849349,67.73242662884057,10,24.21894743706687,34.945866791160626,2026-06-25
SYN_0008,21.97339589849349,67.73242662884057,25,20.10930236897196,34.64992666327203,2026-06-25
SYN_0008,21.97339589849349,67.73242662884057,50,14.993573738704045,34.83651436599206,2026-06-25
SYN_0008,21.97339589849349,67.73242662884057,75,12.475269441926567,34.552430359088945,2026-06-25
SYN_0008,21.97339589849349,67.73242662884057,100,10.691474621710825,34.49990529481999,2026-06-25
SYN_0008,21.97339589849349,67.73242662884057,150,8.87711068497612,34.54395823673559,2026-06-25
SYN_0008,21.97339589849349,67.73242662884057,200,8.166301308066943,34.62175773983775,2026-06-25
SYN_0009,7.654908444859396,84.39073734228319,0,28.074165536195288,34.940692294691395,2026-04-16
SYN_0009,7.654908444859396,84.39073734228319,10,24.424405122497046,34.9164357113486,2026-04-16
SYN_0009,7.654908444859396,84.39073734228319,25,20.240985111338862,34.678001497332296,2026-04-16
SYN_0009,7.654908444859396,84.39073734228319,50,15.662483922530853,34.50531059463641,2026-04-16
SYN_0009,7.654908444859396,84.39073734228319,75,12.873522822437002,34.26924110127095,2026-04-16
SYN_0009,7.654908444859396,84.39073734228319,100,10.733524284813262,34.44043169996996,2026-04-16
SYN_0009,7.654908444859396,84.39073734228319,150,9.402919301872103,34.29880789919715,2026-04-16
SYN_0009,7.654908444859396,84.39073734228319,200,8.329814121863999,34.51362971961869,2026-04-16
SYN_0010,13.67703298475946,72.97009468794747,0,28.530013462448903,34.83167040024705,2026-01-10
SYN_0010,13.67703298475946,72.97009468794747,10,24.841240239668092,34.63236215280162,2026-01-10
SYN_0010,13.67703298475946,72.97009468794747,25,20.54439854131808,34.54786171456905,2026-01-10
SYN_0010,13.67703298475946,72.97009468794747,50,15.921327989715218,34.29902010516721,2026-01-10
SYN_0010,13.67703298475946,72.97009468794747,75,13.075871006824316,34.25947993523539,2026-01-10
SYN_0010,13.67703298475946,72.97009468794747,100,10.94494450283615,34.35531336635145,2026-01-10
SYN_0010,13.67703298475946,72.97009468794747,150,9.177562934944588,34.41797316863756,2026-01-10
SYN_0010,13.67703298475946,72.97009468794747,200,9.005251777052807,34.11660559915173,2026-01-10
SYN_0011,12.707932419311302,78.6322733794558,0,28.017352321652705,34.9391757694935,2026-06-11
SYN_0011,12.707932419311302,78.6322733794558,10,24.62067693327863,34.731298135244,2026-06-11
SYN_0011,12.707932419311302,78.6322733794558,25,20.591329843762157,34.58046197438957,2026-06-11
SYN_0011,12.707932419311302,78.6322733794558,50,15.686567952470636,34.449088210255425,2026-06-11
SYN_0011,12.707932419311302,78.6322733794558,75,12.492991378270432,34.534873036936006,2026-06-11
SYN_0011,12.707932419311302,78.6322733794558,100,11.004403535769493,34.313429870517794,2026-06-11
SYN_0011,12.707932419311302,78.6322733794558,150,9.321634485701273,34.37206503619668,2026-06-11
SYN_0011,12.707932419311302,78.6322733794558,200,8.415531273728984,34.472200465855934,2026-06-11
SYN_0012,10.952703490186217,66.99969774323726,0,27.905705270252284,35.142763246865854,2026-04-10
SYN_0012,10.952703490186217,66.99969774323726,10,24.09998811554398,34.97324045270523,2026-04-10
SYN_0012,10.952703490186217,66.99969774323726,25,20.03235444334547,34.8049623961833,2026-04-10
SYN_0012,10.952703490186217,66.99969774323726,50,15.259265856797791,34.64315843242202,2026-04-10
SYN_0012,10.952703490186217,66.99969774323726,75,12.893588839621492,34.31009505552566,2026-04-10
SYN_0012,10.952703490186217,66.99969774323726,100,10.770205216923504,34.553981259983,2026-04-10
SYN_0012,10.952703490186217,66.99969774323726,150,9.011240458940163,34.523574887838826,2026-04-10
SYN_0012,10.952703490186217,66.99969774323726,200,8.539693254277687,34.3900769921204,2026-04-10
SYN_0013,23.944971547677174,84.72002127645742,0,28.11899456621776,34.82352288870895,2026-05-12
SYN_0013,23.944971547677174,84.72002127645742,10,24.40550459446302,34.88441879816393,2026-05-12
SYN_0013,23.944971547677174,84.72002127645742,25,20.004974786596755,34.751408235641115,2026-05-12
SYN_0013,23.944971547677174,84.72002127645742,50,15.886709580523426,34.353459520593894,2026-05-12
SYN_0013,23.944971547677174,84.72002127645742,75,12.71123077068578,34.45873727341728,2026-05-12
SYN_0013,23.944971547677174,84.72002127645742,100,10.912111238360561,34.34413612820988,2026-05-12
SYN_0013,23.944971547677174,84.72002127645742,150,9.265447555454895,34.2402987803777,2026-05-12
SYN_0013,23.944971547677174,84.72002127645742,200,8.389669907497321,34.51891241833081,2026-05-12
SYN_0014,5.868015665963455,83.49286660447191,0,28.14978940343505,35.03889336316084,2026-06-13
SYN_0014,5.868015665963455,83.49286660447191,10,24.440788273814704,34.9181773994837,2026-06-13
SYN_0014,5.868015665963455,83.49286660447191,25,20.50689738437527,34.52361041241076,2026-06-13
SYN_0014,5.868015665963455,83.49286660447191,50,15.151335125840331,34.73676497075875,2026-06-13
SYN_0014,5.868015665963455,83.49286660447191,75,12.356627706304032,34.64566026784513,2026-06-13
SYN_0014,5.868015665963455,83.49286660447191,100,10.361215653848744,34.708705825055645,2026-06-13
SYN_0014,5.868015665963455,83.49286660447191,150,9.194164672602351,34.44125547170348,2026-06-13
SYN_0014,5.868015665963455,83.49286660447191,200,8.678162206653168,34.3380966302643,2026-06-13
SYN_0015,22.321277790008168,65.90437340212378,0,28.12407400178794,34.95499376167045,2026-04-29
SYN_0015,22.321277790008168,65.90437340212378,10,24.689696081267012,34.666835840783534,2026-04-29
SYN_0015,22.321277790008168,65.90437340212378,25,20.09866769482701,34.698564556291,2026-04-29
SYN_0015,22.321277790008168,65.90437340212378,50,15.513352496288807,34.612132445314266,2026-04-29
SYN_0015,22.321277790008168,65.90437340212378,75,12.627125284717716,34.53858860563247,2026-04-29
SYN_0015,22.321277790008168,65.90437340212378,100,10.736586333029743,34.570695181790285,2026-04-29
SYN_0015,22.321277790008168,65.90437340212378,150,9.016439905192309,34.45059366961263,2026-04-29
SYN_0015,22.321277790008168,65.90437340212378,200,8.530532847266073,34.405631173927794,2026-04-29
SYN_0016,20.139982643444576,65.9379293558244,0,27.886180128885766,35.13446753433324,2026-04-05
SYN_0016,20.139982643444576,65.9379293558244,10,24.55005281329581,34.77392270348931,2026-04-05
SYN_0016,20.139982643444576,65.9379293558244,25,20.22929051739589,34.65551223525798,2026-04-05
SYN_0016,20.139982643444576,65.9379293558244,50,15.502130311270175,34.59059863537473,2026-04-05
SYN_0016,20.139982643444576,65.9379293558244,75,12.499916940033188,34.57530685512213,2026-04-05
SYN_0016,20.139982643444576,65.9379293558244,100,10.635257537589512,34.45159945135699,2026-04-05
SYN_0016,20.139982643444576,65.9379293558244,150,9.091947041415967,34.530383989075,2026-04-05
SYN_0016,20.139982643444576,65.9379293558244,200,8.611854842386865,34.308860211683836,2026-04-05
SYN_0017,22.247274174934905,83.99041247315284,0,27.973134711182553,35.01983469783665,2026-05-12
SYN_0017,22.247274174934905,83.99041247315284,10,24.3421335660966,34.844393592874304,2026-05-12
SYN_0017,22.247274174934905,83.99041247315284,25,20.39720798579037,34.47525758335204,2026-05-12
SYN_0017,22.247274174934905,83.99041247315284,50,15.374795473655029,34.66082891008944,2026-05-12
SYN_0017,22.247274174934905,83.99041247315284,75,12.647106414980415,34.411168558289695,2026-05-12
SYN_0017,22.247274174934905,83.99041247315284,100,10.663073849166146,34.59333700506161,2026-05-12
SYN_0017,22.247274174934905,83.99041247315284,150,9.154855989860323,34.454616994949006,2026-05-12
SYN_0017,22.247274174934905,83.99041247315284,200,8.315920110366157,34.46075248431783,2026-05-12
SYN_0018,5.636093629703303,75.97430618414818,0,27.588316215510577,35.208715592395926,2026-05-13
SYN_0018,5.636093629703303,75.97430618414818,10,23.916806236244796,35.08927677203141,2026-05-13
SYN_0018,5.636093629703303,75.97430618414818,25,19.86519630782293,34.892575260698436,2026-05-13
SYN_0018,5.636093629703303,75.97430618414818,50,14.733109170996162,34.93565284771261,2026-05-13
SYN_0018,5.636093629703303,75.97430618414818,75,11.840193561347068,34.970954407292744,2026-05-13
SYN_0018,5.636093629703303,75.97430618414818,100,10.145411834241916,34.688877409106695,2026-05-13
SYN_0018,5.636093629703303,75.97430618414818,150,8.38842718689785,34.808457091707645,2026-05-13
SYN_0018,5.636093629703303,75.97430618414818,200,7.7333982454513235,34.82106770565322,2026-05-13
SYN_0019,13.948247336469093,75.65234532910046,0,28.399191777056803,34.81340018492838,2026-01-15
SYN_0019,13.948247336469093,75.65234532910046,10,24.524360355517487,34.79372748145802,2026-01-15
SYN_0019,13.948247336469093,75.65234532910046,25,20.252023888302226,34.72374869813415,2026-01-15
SYN_0019,13.948247336469093,75.65234532910046,50,16.251623688022452,34.11621953267755,2026-01-15
SYN_0019,13.948247336469093,75.65234532910046,75,13.145463548586884,34.27358402289424,2026-01-15
SYN_0019,13.948247336469093,75.65234532910046,100,11.0377601866419,34.29551646084344,2026-01-15
SYN_0019,13.948247336469093,75.65234532910046,150,9.576751337245277,34.21230261638656,2026-01-15
SYN_0019,13.948247336469093,75.65234532910046,200,8.792290334657052,34.27793496904778,2026-01-15
SYN_0020,5.150687262681495,69.50665595425056,0,27.669694775123066,35.13553291622652,2026-03-11
SYN_0020,5.150687262681495,69.50665595425056,10,24.102704766251062,34.952673297120626,2026-03-11
SYN_0020,5.150687262681495,69.50665595425056,25,19.927061534293983,34.80712753188957,2026-03-11
SYN_0020,5.150687262681495,69.50665595425056,50,15.146852359783566,34.7375755945327,2026-03-11
SYN_0020,5.150687262681495,69.50665595425056,75,12.106226838863423,34.724197296636,2026-03-11
SYN_0020,5.150687262681495,69.50665595425056,100,10.320097428752748,34.738309124282374,2026-03-11
SYN_0020,5.150687262681495,69.50665595425056,150,8.936477234824356,34.49483808193888,2026-03-11
SYN_0020,5.150687262681495,69.50665595425056,200,7.765626038865818,34.80338393368817,2026-03-11
SYN_0021,7.296736494784071,77.21240084883266,0,27.533809942250926,35.223196880439474,2026-03-05
SYN_0021,7.296736494784071,77.21240084883266,10,23.793049477567088,35.21113414526578,2026-03-05
SYN_0021,7.296736494784071,77.21240084883266,25,19.386734462745867,35.01922769245626,2026-03-05
SYN_0021,7.296736494784071,77.21240084883266,50,14.919572251848699,34.82649140890044,2026-03-05
SYN_0021,7.296736494784071,77.21240084883266,75,11.968300932790005,34.85261395141017,2026-03-05
SYN_0021,7.296736494784071,77.21240084883266,100,10.310803462669229,34.79103935343818,2026-03-05
SYN_0021,7.296736494784071,77.21240084883266,150,8.492142168438848,34.76434416411315,2026-03-05
SYN_0021,7.296736494784071,77.21240084883266,200,8.117355854290764,34.65993233497525,2026-03-05
SYN_0022,20.990742618390314,81.50265353385595,0,28.12305198510208,34.82806867986527,2026-06-14
SYN_0022,20.990742618390314,81.50265353385595,10,24.28202777522566,34.951940145336955,2026-06-14
SYN_0022,20.990742618390314,81.50265353385595,25,20.316405565208072,34.59058226775164,2026-06-14
SYN_0022,20.990742618390314,81.50265353385595,50,15.44357926359193,34.50926533322496,2026-06-14
SYN_0022,20.990742618390314,81.50265353385595,75,12.297239667998019,34.61176533349573,2026-06-14
SYN_0022,20.990742618390314,81.50265353385595,100,10.780490176228605,34.48572576321991,2026-06-14
SYN_0022,20.990742618390314,81.50265353385595,150,8.963117350301665,34.52794070103337,2026-06-14
SYN_0022,20.990742618390314,81.50265353385595,200,8.167480322129734,34.580033901064766,2026-06-14
SYN_0023,20.88050378540592,77.40145511857027,0,27.978051549551587,34.95640470335953,2026-06-04
SYN_0023,20.88050378540592,77.40145511857027,10,24.55456660725029,34.78839160644391,2026-06-04
SYN_0023,20.88050378540592,77.40145511857027,25,20.149398072260947,34.77225541344188,2026-06-04
SYN_0023,20.88050378540592,77.40145511857027,50,15.136529830696892,34.67733500911741,2026-06-04
SYN_0023,20.88050378540592,77.40145511857027,75,12.512495497310324,34.58539151820564,2026-06-04
SYN_0023,20.88050378540592,77.40145511857027,100,10.25289894075438,34.75878857470847,2026-06-04
SYN_0023,20.88050378540592,77.40145511857027,150,8.703916461070657,34.65781113682189,2026-06-04
SYN_0023,20.88050378540592,77.40145511857027,200,8.03941883630879,34.547847304560996,2026-06-04
SYN_0024,23.945666792236306,68.0670280623216,0,27.732771910185015,35.08983779356689,2026-05-21
SYN_0024,23.945666792236306,68.0670280623216,10,24.219923029743057,35.000704129603186,2026-05-21
SYN_0024,23.945666792236306,68.0670280623216,25,19.971547963817308,34.81777369016464,2026-05-21
SYN_0024,23.945666792236306,68.0670280623216,50,15.088013439135592,34.67425770232381,2026-05-21
SYN_0024,23.945666792236306,68.0670280623216,75,12.170657792352197,34.75687342599759,2026-05-21
SYN_0024,23.945666792236306,68.0670280623216,100,10.785439128961142,34.4469496333577,2026-05-21
SYN_0024,23.945666792236306,68.0670280623216,150,8.933055957228577,34.58730085191469,2026-05-21
SYN_0024,23.945666792236306,68.0670280623216,200,8.308434650170938,34.56994624875668,2026-05-21
SYN_0025,14.616739561781472,83.36909449878603,0,27.687766375479043,35.14382965905618,2026-05-08
SYN_0025,14.616739561781472,83.36909449878603,10,23.86773630717633,35.10899028915266,2026-05-08
SYN_0025,14.616739561781472,83.36909449878603,25,20.12441982243949,34.8128435949074,2026-05-08
SYN_0025,14.616739561781472,83.36909449878603,50,15.221422640267953,34.60719459756214,2026-05-08
SYN_0025,14.616739561781472,83.36909449878603,75,12.15280114532762,34.69663999272809,2026-05-08
SYN_0025,14.616739561781472,83.36909449878603,100,10.646025299329088,34.54095915877901,2026-05-08
SYN_0025,14.616739561781472,83.36909449878603,150,8.8459650730028,34.57661945716598,2026-05-08
SYN_0025,14.616739561781472,83.36909449878603,200,8.140550965924453,34.61883873421038,2026-05-08
SYN_0026,20.51055233390021,74.06577669496055,0,27.696180365859433,35.134775437366265,2026-04-23
SYN_0026,20.51055233390021,74.06577669496055,10,24.05175109933459,34.98080680201987,2026-04-23
SYN_0026,20.51055233390021,74.06577669496055,25,20.258055631042524,34.70036180551598,2026-04-23
SYN_0026,20.51055233390021,74.06577669496055,50,15.287733084271572,34.57291308243656,2026-04-23
SYN_0026,20.51055233390021,74.06577669496055,75,12.476752470451421,34.47286147512594,2026-04-23
SYN_0026,20.51055233390021,74.06577669496055,100,10.65323777252337,34.52582990240059,2026-04-23
SYN_0026,20.51055233390021,74.06577669496055,150,8.920590257790957,34.52289621999174,2026-04-23
SYN_0026,20.51055233390021,74.06577669496055,200,8.229952914282496,34.59961302899398,2026-04-23
SYN_0027,10.862954605220265,82.9267163704224,0,28.220869018000457,34.9060814444119,2026-01-07
SYN_0027,10.862954605220265,82.9267163704224,10,24.486478084772394,34.81543102423585,2026-01-07
SYN_0027,10.862954605220265,82.9267163704224,25,20.341106543710843,34.58912683714813,2026-01-07
SYN_0027,10.862954605220265,82.9267163704224,50,15.43689599302849,34.52128225694119,2026-01-07
SYN_0027,10.862954605220265,82.9267163704224,75,12.44363724285863,34.5327738629846,2026-01-07
SYN_0027,10.862954605220265,82.9267163704224,100,10.755445017568432,34.49539489602308,2026-01-07
SYN_0027,10.862954605220265,82.9267163704224,150,9.042853512133242,34.59373683752098,2026-01-07
SYN_0027,10.862954605220265,82.9267163704224,200,8.36308052139882,34.555108691756416,2026-01-07
SYN_0028,13.05100087193961,69.36046214988173,0,28.139137347016586,34.84895167719289,2026-01-22
SYN_0028,13.05100087193961,69.36046214988173,10,24.811890001420803,34.67550776434596,2026-01-22
SYN_0028,13.05100087193961,69.36046214988173,25,20.40663553428118,34.660314606497586,2026-01-22
SYN_0028,13.05100087193961,69.36046214988173,50,15.3507933520292,34.62335035659771,2026-01-22
SYN_0028,13.05100087193961,69.36046214988173,75,12.72479335066174,34.42912812315621,2026-01-22
SYN_0028,13.05100087193961,69.36046214988173,100,10.83316497001112,34.464535262179,2026-01-22
SYN_0028,13.05100087193961,69.36046214988173,150,9.200064645695166,34.32500657224425,2026-01-22
SYN_0028,13.05100087193961,69.36046214988173,200,8.75692411565181,34.261141758518896,2026-01-22
SYN_0029,10.9424343124635,76.32809280593794,0,28.091477678022628,34.95177072939736,2026-04-08
SYN_0029,10.9424343124635,76.32809280593794,10,24.65867638787478,34.63025794179371,2026-04-08
SYN_0029,10.9424343124635,76.32809280593794,25,20.211415667168303,34.695627123268274,2026-04-08
SYN_0029,10.9424343124635,76.32809280593794,50,15.10500993447325,34.7031839805479,2026-04-08
SYN_0029,10.9424343124635,76.32809280593794,75,12.285992640564109,34.66774694399892,2026-04-08
SYN_0029,10.9424343124635,76.32809280593794,100,10.598413824488075,34.568194375434636,2026-04-08
SYN_0029,10.9424343124635,76.32809280593794,150,9.010485417564809,34.52918380909018,2026-04-08
SYN_0029,10.9424343124635,76.32809280593794,200,8.285663197724565,34.543199450280476,2026-04-08
SYN_0030,24.163415860078608,80.16784827891362,0,27.84140293321095,35.081285618190044,2026-05-29
SYN_0030,24.163415860078608,80.16784827891362,10,24.187407292560977,34.98859218015874,2026-05-29
SYN_0030,24.163415860078608,80.16784827891362,25,19.916024921511543,34.8090759598263,2026-05-29
SYN_0030,24.163415860078608,80.16784827891362,50,14.9531621440566,34.92695001445288,2026-05-29
SYN_0030,24.163415860078608,80.16784827891362,75,12.210059317928513,34.62635122215425,2026-05-29
SYN_0030,24.163415860078608,80.16784827891362,100,10.403159792617942,34.62141955722592,2026-05-29
SYN_0030,24.163415860078608,80.16784827891362,150,8.931969779818605,34.53191095104502,2026-05-29
SYN_0030,24.163415860078608,80.16784827891362,200,8.504499278602788,34.44854644801288,2026-05-29
SYN_0031,18.003347008864562,72.29394498914611,0,28.47718018175141,34.74835854646196,2026-04-18
SYN_0031,18.003347008864562,72.29394498914611,10,24.687097825487996,34.605540043507006,2026-04-18
SYN_0031,18.003347008864562,72.29394498914611,25,20.47914875544223,34.58641957486731,2026-04-18
SYN_0031,18.003347008864562,72.29394498914611,50,15.408415110996918,34.59829983067767,2026-04-18
SYN_0031,18.003347008864562,72.29394498914611,75,12.653560543768888,34.506722376441374,2026-04-18
SYN_0031,18.003347008864562,72.29394498914611,100,10.879805219156813,34.30705664050706,2026-04-18
SYN_0031,18.003347008864562,72.29394498914611,150,9.277272042690432,34.2785126195763,2026-04-18
SYN_0031,18.003347008864562,72.29394498914611,200,8.428575253606539,34.50918797608376,2026-04-18
SYN_0032,7.209482262627893,72.09244315281553,0,27.818940377548667,35.01096408643187,2026-06-07
SYN_0032,7.209482262627893,72.09244315281553,10,24.07701716769225,34.96290673996577,2026-06-07
SYN_0032,7.209482262627893,72.09244315281553,25,19.890278448932136,34.851166766168085,2026-06-07
SYN_0032,7.209482262627893,72.09244315281553,50,15.075717904457845,34.78177814973509,2026-06-07
SYN_0032,7.209482262627893,72.09244315281553,75,12.16115026865888,34.7486775034737,2026-06-07
SYN_0032,7.209482262627893,72.09244315281553,100,10.459626559802384,34.6161913251049,2026-06-07
SYN_0032,7.209482262627893,72.09244315281553,150,8.69921290602044,34.677396846817295,2026-06-07
SYN_0032,7.209482262627893,72.09244315281553,200,8.170461489850673,34.5235701152965,2026-06-07
SYN_0033,16.94548144860682,75.50063001720537,0,28.449455899516188,34.7336542715867,2026-05-03
SYN_0033,16.94548144860682,75.50063001720537,10,24.73200722242946,34.711216165739756,2026-05-03
SYN_0033,16.94548144860682,75.50063001720537,25,20.308495893852808,34.70573301451998,2026-05-03
SYN_0033,16.94548144860682,75.50063001720537,50,15.51466019699926,34.49651703663677,2026-05-03
SYN_0033,16.94548144860682,75.50063001720537,75,12.927630387764081,34.341456120547846,2026-05-03
SYN_0033,16.94548144860682,75.50063001720537,100,11.254261696900254,34.2041441183627,2026-05-03
SYN_0033,16.94548144860682,75.50063001720537,150,9.396591051533402,34.30128778276779,2026-05-03
SYN_0033,16.94548144860682,75.50063001720537,200,8.810697357838709,34.2896334244506,2026-05-03
SYN_0034,22.024138280975375,74.90293054027948,0,27.81198890629821,35.16019928704026,2026-03-03
SYN_0034,22.024138280975375,74.90293054027948,10,23.842911421932232,35.14724490273297,2026-03-03
SYN_0034,22.024138280975375,74.90293054027948,25,19.860215337641353,34.89914786469173,2026-03-03
SYN_0034,22.024138280975375,74.90293054027948,50,15.107966778768315,34.7549991744391,2026-03-03
SYN_0034,22.024138280975375,74.90293054027948,75,12.337910231485317,34.65381502629252,2026-03-03
SYN_0034,22.024138280975375,74.90293054027948,100,10.33630722116351,34.727064323828536,2026-03-03
SYN_0034,22.024138280975375,74.90293054027948,150,8.573227253847806,34.68014901420026,2026-03-03
SYN_0034,22.024138280975375,74.90293054027948,200,8.122898576266183,34.64236401911684,2026-03-03
SYN_0035,15.149354675216724,65.12771743433667,0,27.76153425115738,35.05124006737232,2026-01-13
SYN_0035,15.149354675216724,65.12771743433667,10,24.173238567252472,35.067116638605754,2026-01-13
SYN_0035,15.149354675216724,65.12771743433667,25,19.949200805848754,34.82047448264104,2026-01-13
SYN_0035,15.149354675216724,65.12771743433667,50,15.189352417135897,34.692507080853765,2026-01-13
SYN_0035,15.149354675216724,65.12771743433667,75,12.293293270257411,34.60337578494001,2026-01-13
SYN_0035,15.149354675216724,65.12771743433667,100,10.616840921560492,34.511443603288946,2026-01-13
SYN_0035,15.149354675216724,65.12771743433667,150,8.662839284662727,34.72957234629306,2026-01-13
SYN_0035,15.149354675216724,65.12771743433667,200,8.1726412213055,34.616332688888484,2026-01-13
SYN_0036,20.16526391858045,65.49173832917603,0,28.21970036033987,34.86176563119646,2026-05-19
SYN_0036,20.16526391858045,65.49173832917603,10,24.430453948805088,34.827944735128455,2026-05-19
SYN_0036,20.16526391858045,65.49173832917603,25,20.153568644527162,34.74752566504671,2026-05-19
SYN_0036,20.16526391858045,65.49173832917603,50,15.215234497678827,34.70217224075667,2026-05-19
SYN_0036,20.16526391858045,65.49173832917603,75,12.50354363643937,34.503387865179675,2026-05-19
SYN_0036,20.16526391858045,65.49173832917603,100,10.414898421899903,34.60517346760325,2026-05-19
SYN_0036,20.16526391858045,65.49173832917603,150,9.211817931306037,34.413018830474755,2026-05-19
SYN_0036,20.16526391858045,65.49173832917603,200,8.47307886452128,34.533294788383344,2026-05-19
SYN_0037,14.430649202050255,75.86465611579916,0,28.433849818830296,34.81846086764733,2026-03-01
SYN_0037,14.430649202050255,75.86465611579916,10,24.92547203146153,34.613212886693425,2026-03-01
SYN_0037,14.430649202050255,75.86465611579916,25,20.59308519296382,34.548523193272345,2026-03-01
SYN_0037,14.430649202050255,75.86465611579916,50,15.70844709283174,34.41652034123488,2026-03-01
SYN_0037,14.430649202050255,75.86465611579916,75,12.802039603499743,34.30341073921021,2026-03-01
SYN_0037,14.430649202050255,75.86465611579916,100,11.08838887561355,34.32628093966348,2026-03-01
SYN_0037,14.430649202050255,75.86465611579916,150,9.5467247014811,34.19614705467296,2026-03-01
SYN_0037,14.430649202050255,75.86465611579916,200,8.814831037302142,34.275107734817716,2026-03-01
SYN_0038,6.448937755891178,72.8498711281337,0,27.739408393691566,35.1772882083307,2026-04-20
SYN_0038,6.448937755891178,72.8498711281337,10,23.984497665841232,35.05570453073681,2026-04-20
SYN_0038,6.448937755891178,72.8498711281337,25,19.59061156846447,35.0464706296246,2026-04-20
SYN_0038,6.448937755891178,72.8498711281337,50,15.134866634699263,34.71037818271826,2026-04-20
SYN_0038,6.448937755891178,72.8498711281337,75,11.995897502150571,34.82036049320635,2026-04-20
SYN_0038,6.448937755891178,72.8498711281337,100,10.349090693395441,34.68294289162964,2026-04-20
SYN_0038,6.448937755891178,72.8498711281337,150,8.708910186767598,34.72057722781875,2026-04-20
SYN_0038,6.448937755891178,72.8498711281337,200,8.137940542535533,34.60622585000202,2026-04-20
SYN_0039,23.947009252620774,77.50609320427895,0,27.601521646711593,35.26510887992592,2026-03-25
SYN_0039,23.947009252620774,77.50609320427895,10,24.293073733643052,34.8645769283407,2026-03-25
SYN_0039,23.947009252620774,77.50609320427895,25,19.778120919747,34.86097434132565,2026-03-25
SYN_0039,23.947009252620774,77.50609320427895,50,14.94372053480179,34.8225802430524,2026-03-25
SYN_0039,23.947009252620774,77.50609320427895,75,11.968148232520331,34.78705225492303,2026-03-25
SYN_0039,23.947009252620774,77.50609320427895,100,10.748166392243638,34.518922816401634,2026-03-25
SYN_0039,23.947009252620774,77.50609320427895,150,8.601250996358361,34.731290057635526,2026-03-25
SYN_0039,23.947009252620774,77.50609320427895,200,7.837561079697708,34.68158296224527,2026-03-25
SYN_0040,22.36545010816761,79.54338139532616,0,27.543386155412357,35.15021657922405,2026-01-24
SYN_0040,22.36545010816761,79.54338139532616,10,24.193650932911677,35.0377891802592,2026-01-24
SYN_0040,22.36545010816761,79.54338139532616,25,19.956395848932818,34.84443268900176,2026-01-24
SYN_0040,22.36545010816761,79.54338139532616,50,15.231415295586675,34.5948341536502,2026-01-24
SYN_0040,22.36545010816761,79.54338139532616,75,12.488241725822796,34.54830451315942,2026-01-24
SYN_0040,22.36545010816761,79.54338139532616,100,10.531684223097466,34.59077321854134,2026-01-24
SYN_0040,22.36545010816761,79.54338139532616,150,8.830800888147918,34.5780026931931,2026-01-24
SYN_0040,22.36545010816761,79.54338139532616,200,7.841842010178013,34.77463169214174,2026-01-24
SYN_0041,16.85901702869855,68.27047745170046,0,27.83556284852887,35.16805684975129,2026-05-03
SYN_0041,16.85901702869855,68.27047745170046,10,24.128950595455187,34.95346648859381,2026-05-03
SYN_0041,16.85901702869855,68.27047745170046,25,20.114984963747222,34.629179481654674,2026-05-03
SYN_0041,16.85901702869855,68.27047745170046,50,15.696905916535307,34.39528032534483,2026-05-03
SYN_0041,16.85901702869855,68.27047745170046,75,12.344578380270718,34.62944305992507,2026-05-03
SYN_0041,16.85901702869855,68.27047745170046,100,10.65706866439672,34.47742272705102,2026-05-03
SYN_0041,16.85901702869855,68.27047745170046,150,8.90665174713984,34.573104568387734,2026-05-03
SYN_0041,16.85901702869855,68.27047745170046,200,8.694372095513907,34.385121602394065,2026-05-03
SYN_0042,13.92737293025171,82.28432355348338,0,28.01322321507236,34.989808329493115,2026-05-14
SYN_0042,13.92737293025171,82.28432355348338,10,24.50830912487768,34.79401591791824,2026-05-14
SYN_0042,13.92737293025171,82.28432355348338,25,20.119345726208714,34.72686459779132,2026-05-14
SYN_0042,13.92737293025171,82.28432355348338,50,15.340833159342704,34.62014005725675,2026-05-14
SYN_0042,13.92737293025171,82.28432355348338,75,12.060572445235584,34.846476613417494,2026-05-14
SYN_0042,13.92737293025171,82.28432355348338,100,10.9067993212017,34.365794872082624,2026-05-14
SYN_0042,13.92737293025171,82.28432355348338,150,8.913449299372214,34.51332655945728,2026-05-14
SYN_0042,13.92737293025171,82.28432355348338,200,8.197524560372925,34.59590206926053,2026-05-14
SYN_0043,18.85251904452329,81.76230579296221,0,28.329964192332184,34.883166180289614,2026-06-20
SYN_0043,18.85251904452329,81.76230579296221,10,24.32582366688137,34.886036279419784,2026-06-20
SYN_0043,18.85251904452329,81.76230579296221,25,20.23637915815178,34.6105830968951,2026-06-20
SYN_0043,18.85251904452329,81.76230579296221,50,15.26404679630428,34.72276510759516,2026-06-20
SYN_0043,18.85251904452329,81.76230579296221,75,12.58759094820893,34.528805755355684,2026-06-20
SYN_0043,18.85251904452329,81.76230579296221,100,10.797739724998193,34.544079044000156,2026-06-20
SYN_0043,18.85251904452329,81.76230579296221,150,9.096326344498813,34.368837215187746,2026-06-20
SYN_0043,18.85251904452329,81.76230579296221,200,8.56844776681555,34.4280663376473,2026-06-20
SYN_0044,20.245702695532316,80.95627297717269,0,28.129467456991506,34.98424591904629,2026-03-24
SYN_0044,20.245702695532316,80.95627297717269,10,24.452808312340295,34.74606723132147,2026-03-24
SYN_0044,20.245702695532316,80.95627297717269,25,20.527379750760904,34.56265754791288,2026-03-24
SYN_0044,20.245702695532316,80.95627297717269,50,15.545236021372377,34.61292065074381,2026-03-24
SYN_0044,20.245702695532316,80.95627297717269,75,12.471159298272358,34.47734011556375,2026-03-24
SYN_0044,20.245702695532316,80.95627297717269,100,10.895800562872772,34.458176404010835,2026-03-24
SYN_0044,20.245702695532316,80.95627297717269,150,8.830432759789357,34.50448960891274,2026-03-24
SYN_0044,20.245702695532316,80.95627297717269,200,8.002467607538438,34.655903705775565,2026-03-24
SYN_0045,15.988284768609066,79.93751432271645,0,28.34372065277169,34.83334972881175,2026-04-18
SYN_0045,15.988284768609066,79.93751432271645,10,24.4993454729116,34.781866695767576,2026-04-18
SYN_0045,15.988284768609066,79.93751432271645,25,20.292021170717415,34.58716556066362,2026-04-18
SYN_0045,15.988284768609066,79.93751432271645,50,15.720903832504986,34.482380411197944,2026-04-18
SYN_0045,15.988284768609066,79.93751432271645,75,12.448765413864836,34.49847998703531,2026-04-18
SYN_0045,15.988284768609066,79.93751432271645,100,10.886209171458702,34.41685358581055,2026-04-18
SYN_0045,15.988284768609066,79.93751432271645,150,9.044419318385797,34.48429877329258,2026-04-18
SYN_0045,15.988284768609066,79.93751432271645,200,8.402202902331133,34.49868035132957,2026-04-18
SYN_0046,16.346244392578072,70.13125567402727,0,28.14942324334739,34.90220689881348,2026-02-05
SYN_0046,16.346244392578072,70.13125567402727,10,24.50887268757971,34.79456041070329,2026-02-05
SYN_0046,16.346244392578072,70.13125567402727,25,20.31295427787036,34.655093069659934,2026-02-05
SYN_0046,16.346244392578072,70.13125567402727,50,15.443013350376932,34.49765455650746,2026-02-05
SYN_0046,16.346244392578072,70.13125567402727,75,12.751800316230167,34.31553340294551,2026-02-05
SYN_0046,16.346244392578072,70.13125567402727,100,11.128694268969072,34.26119529090401,2026-02-05
SYN_0046,16.346244392578072,70.13125567402727,150,9.347875371752,34.35663588172868,2026-02-05
SYN_0046,16.346244392578072,70.13125567402727,200,8.589746726304702,34.33254412574863,2026-02-05
SYN_0047,8.059676016571252,69.7047116960397,0,27.936559192788206,35.0929496254872,2026-04-18
SYN_0047,8.059676016571252,69.7047116960397,10,23.941073732381305,35.088423881094286,2026-04-18
SYN_0047,8.059676016571252,69.7047116960397,25,19.618980442866917,34.98883465464916,2026-04-18
SYN_0047,8.059676016571252,69.7047116960397,50,15.292224135034202,34.58850494434978,2026-04-18
SYN_0047,8.059676016571252,69.7047116960397,75,11.92062609047078,34.86085025323396,2026-04-18
SYN_0047,8.059676016571252,69.7047116960397,100,10.59906978403298,34.54494751953886,2026-04-18
SYN_0047,8.059676016571252,69.7047116960397,150,8.88899755395406,34.50170191605931,2026-04-18
SYN_0047,8.059676016571252,69.7047116960397,200,8.189183113320215,34.57932438784305,2026-04-18
SYN_0048,15.381195818165407,66.3522512718443,0,27.777968126637152,35.14258050084443,2026-01-05
SYN_0048,15.381195818165407,66.3522512718443,10,24.232177796059474,34.96613304700005,2026-01-05
SYN_0048,15.381195818165407,66.3522512718443,25,20.052919097572918,34.74897053537565,2026-01-05
SYN_0048,15.381195818165407,66.3522512718443,50,14.905048216676208,34.78926166023566,2026-01-05
SYN_0048,15.381195818165407,66.3522512718443,75,12.339237672027402,34.608249791717526,2026-01-05
SYN_0048,15.381195818165407,66.3522512718443,100,10.45473996960351,34.66995874176129,2026-01-05
SYN_0048,15.381195818165407,66.3522512718443,150,8.465227975324405,34.65184703330765,2026-01-05
SYN_0048,15.381195818165407,66.3522512718443,200,8.179952279239796,34.63328234676084,2026-01-05
SYN_0049,18.431168872260745,66.8585828875878,0,27.905461944914435,35.0539460727819,2026-05-30
SYN_0049,18.431168872260745,66.8585828875878,10,24.456880607413353,34.864967998199766,2026-05-30
SYN_0049,18.431168872260745,66.8585828875878,25,19.871618505704912,34.754986179872255,2026-05-30
SYN_0049,18.431168872260745,66.8585828875878,50,15.200585085730578,34.565295140620286,2026-05-30
SYN_0049,18.431168872260745,66.8585828875878,75,12.785325594821753,34.37937775780837,2026-05-30
SYN_0049,18.431168872260745,66.8585828875878,100,10.62903527495763,34.551727708901375,2026-05-30
SYN_0049,18.431168872260745,66.8585828875878,150,8.973183645698663,34.52801745003244,2026-05-30
SYN_0049,18.431168872260745,66.8585828875878,200,8.220570599582393,34.62310952347364,2026-05-30
SYN_0050,6.6183856610250436,73.05960357530323,0,27.527502303354122,35.24061459702337,2026-03-07
SYN_0050,6.6183856610250436,73.05960357530323,10,24.011131766662068,35.075480393607165,2026-03-07
SYN_0050,6.6183856610250436,73.05960357530323,25,19.522013616539258,34.97042792759271,2026-03-07
SYN_0050,6.6183856610250436,73.05960357530323,50,15.001445338080353,34.766728438345154,2026-03-07
SYN_0050,6.6183856610250436,73.05960357530323,75,12.165179498253307,34.68672832555428,2026-03-07
SYN_0050,6.6183856610250436,73.05960357530323,100,10.057192288872224,34.844399193370144,2026-03-07
SYN_0050,6.6183856610250436,73.05960357530323,150,8.442495920175501,34.816280038248586,2026-03-07
SYN_0050,6.6183856610250436,73.05960357530323,200,7.69680925703508,34.89820989438773,2026-03-07
SYN_0051,12.729216823182943,76.28882181357766,0,28.313445073323845,34.81509501196676,2026-06-11
SYN_0051,12.729216823182943,76.28882181357766,10,24.647462757413788,34.68650396949891,2026-06-11
SYN_0051,12.729216823182943,76.28882181357766,25,20.419170993201334,34.57380454046899,2026-06-11
SYN_0051,12.729216823182943,76.28882181357766,50,15.544256301377883,34.54672582490721,2026-06-11
SYN_0051,12.729216823182943,76.28882181357766,75,13.14684234771918,34.146724284936745,2026-06-11
SYN_0051,12.729216823182943,76.28882181357766,100,11.034902710721644,34.403206945593034,2026-06-11
SYN_0051,12.729216823182943,76.28882181357766,150,9.228562850934946,34.447348697133755,2026-06-11
SYN_0051,12.729216823182943,76.28882181357766,200,8.834063664209834,34.3048707937227,2026-06-11
SYN_0052,5.220625288572944,73.32307996359523,0,27.54191527866682,35.155096782227886,2026-05-29
SYN_0052,5.220625288572944,73.32307996359523,10,23.91510018860089,35.11698766674632,2026-05-29
SYN_0052,5.220625288572944,73.32307996359523,25,19.513539604417296,35.08566447425445,2026-05-29
SYN_0052,5.220625288572944,73.32307996359523,50,14.898518137047677,34.7773097466557,2026-05-29
SYN_0052,5.220625288572944,73.32307996359523,75,11.844131091225334,34.841631252187405,2026-05-29
SYN_0052,5.220625288572944,73.32307996359523,100,10.164129107895269,34.70844720519828,2026-05-29
SYN_0052,5.220625288572944,73.32307996359523,150,8.398120615977994,34.768725712256185,2026-05-29
SYN_0052,5.220625288572944,73.32307996359523,200,7.8630205180151025,34.8435829324578,2026-05-29
SYN_0053,10.093412440921023,81.81743158851845,0,27.924347099850415,35.036908999029585,2026-02-27
SYN_0053,10.093412440921023,81.81743158851845,10,24.204092514450195,34.835434655753986,2026-02-27
SYN_0053,10.093412440921023,81.81743158851845,25,20.06276330834862,34.80176715922416,2026-02-27
SYN_0053,10.093412440921023,81.81743158851845,50,15.271538050516396,34.63367231808409,2026-02-27
SYN_0053,10.093412440921023,81.81743158851845,75,12.648673853198213,34.32631206136974,2026-02-27
SYN_0053,10.093412440921023,81.81743158851845,100,10.744554608639831,34.498000026459806,2026-02-27
SYN_0053,10.093412440921023,81.81743158851845,150,9.167810111987402,34.47953629859122,2026-02-27
SYN_0053,10.093412440921023,81.81743158851845,200,8.318538693204388,34.51728682662153,2026-02-27
SYN_0054,15.293151731470232,82.97801648012471,0,28.11637819003102,34.87918145436622,2026-05-16
SYN_0054,15.293151731470232,82.97801648012471,10,24.41007901099777,34.794252638079115,2026-05-16
SYN_0054,15.293151731470232,82.97801648012471,25,20.219959697747584,34.64345795389472,2026-05-16
SYN_0054,15.293151731470232,82.97801648012471,50,15.528623399097636,34.59888409233533,2026-05-16
SYN_0054,15.293151731470232,82.97801648012471,75,12.544594375170089,34.45736008647695,2026-05-16
SYN_0054,15.293151731470232,82.97801648012471,100,10.713682254376982,34.50383019392321,2026-05-16
SYN_0054,15.293151731470232,82.97801648012471,150,8.704535444650903,34.562085447100166,2026-05-16
SYN_0054,15.293151731470232,82.97801648012471,200,8.574891606284115,34.40373186890729,2026-05-16
SYN_0055,9.8138542366501,67.43002752601836,0,28.028900665156584,35.02285903778743,2026-02-01
SYN_0055,9.8138542366501,67.43002752601836,10,24.445420022119134,34.73990094408769,2026-02-01
SYN_0055,9.8138542366501,67.43002752601836,25,20.208720295037423,34.613567621902796,2026-02-01
SYN_0055,9.8138542366501,67.43002752601836,50,15.35655954203269,34.576729078990844,2026-02-01
SYN_0055,9.8138542366501,67.43002752601836,75,12.622159636706243,34.54775884016912,2026-02-01
SYN_0055,9.8138542366501,67.43002752601836,100,10.73068235766696,34.47173211871339,2026-02-01
SYN_0055,9.8138542366501,67.43002752601836,150,8.901201705527175,34.50195132201669,2026-02-01
SYN_0055,9.8138542366501,67.43002752601836,200,8.599648733451533,34.42657667847483,2026-02-01
SYN_0056,17.23881010674662,67.11861425116986,0,27.991384030429273,35.0687956224895,2026-01-23
SYN_0056,17.23881010674662,67.11861425116986,10,24.330551024186548,34.81908276215897,2026-01-23
SYN_0056,17.23881010674662,67.11861425116986,25,19.95569060750467,34.775734225137306,2026-01-23
SYN_0056,17.23881010674662,67.11861425116986,50,15.596154577426237,34.49488850091123,2026-01-23
SYN_0056,17.23881010674662,67.11861425116986,75,12.602848171802133,34.530751589227464,2026-01-23
SYN_0056,17.23881010674662,67.11861425116986,100,10.665199244005795,34.539324616773314,2026-01-23
SYN_0056,17.23881010674662,67.11861425116986,150,9.064430848137132,34.46297682567923,2026-01-23
SYN_0056,17.23881010674662,67.11861425116986,200,8.210937828180356,34.556450876681666,2026-01-23
SYN_0057,11.112084309804297,82.53301523656401,0,27.8462887701057,35.137392591894105,2026-04-11
SYN_0057,11.112084309804297,82.53301523656401,10,24.354809982532714,34.85028233568689,2026-04-11
SYN_0057,11.112084309804297,82.53301523656401,25,20.03737498715922,34.691690335624024,2026-04-11
SYN_0057,11.112084309804297,82.53301523656401,50,15.450420240250125,34.6017877999761,2026-04-11
SYN_0057,11.112084309804297,82.53301523656401,75,12.542706935371722,34.53770367896922,2026-04-11
SYN_0057,11.112084309804297,82.53301523656401,100,10.636262168827853,34.519732720562146,2026-04-11
SYN_0057,11.112084309804297,82.53301523656401,150,9.105260768840287,34.39899213076429,2026-04-11
SYN_0057,11.112084309804297,82.53301523656401,200,8.557863349850857,34.4472775058814,2026-04-11
SYN_0058,24.639383808922904,69.19683989712819,0,27.69943843881859,35.12869099115869,2026-04-10
SYN_0058,24.639383808922904,69.19683989712819,10,24.007165540870073,35.03522827085007,2026-04-10
SYN_0058,24.639383808922904,69.19683989712819,25,19.753952639196196,34.9151217735924,2026-04-10
SYN_0058,24.639383808922904,69.19683989712819,50,15.412226454100118,34.51328447762189,2026-04-10
SYN_0058,24.639383808922904,69.19683989712819,75,12.323726251825185,34.66785144139324,2026-04-10
SYN_0058,24.639383808922904,69.19683989712819,100,10.6872099255045,34.430716750463674,2026-04-10
SYN_0058,24.639383808922904,69.19683989712819,150,8.976464928524406,34.44246596801158,2026-04-10
SYN_0058,24.639383808922904,69.19683989712819,200,8.029978039724977,34.707375635521316,2026-04-10
SYN_0059,15.36157532477631,70.97451147177546,0,28.06452128783624,34.99341936141037,2026-05-27
SYN_0059,15.36157532477631,70.97451147177546,10,24.52843011587018,34.63774501746754,2026-05-27
SYN_0059,15.36157532477631,70.97451147177546,25,20.728936190144946,34.5012005670348,2026-05-27
SYN_0059,15.36157532477631,70.97451147177546,50,15.617360108982979,34.48799087144546,2026-05-27
SYN_0059,15.36157532477631,70.97451147177546,75,12.755636965659729,34.43282963188562,2026-05-27
SYN_0059,15.36157532477631,70.97451147177546,100,11.05546308700507,34.33327459802837,2026-05-27
SYN_0059,15.36157532477631,70.97451147177546,150,9.211213062083706,34.38430918154125,2026-05-27
SYN_0059,15.36157532477631,70.97451147177546,200,8.831250589202623,34.22800846365268,2026-05-27
SYN_0060,13.9947968490108,80.53421113910362,0,28.160037172680838,34.92643465357159,2026-02-13
SYN_0060,13.9947968490108,80.53421113910362,10,24.30908837733937,34.93021493648776,2026-02-13
SYN_0060,13.9947968490108,80.53421113910362,25,20.123006114354983,34.713560863172056,2026-02-13
SYN_0060,13.9947968490108,80.53421113910362,50,15.590224173956305,34.56261479898636,2026-02-13
SYN_0060,13.9947968490108,80.53421113910362,75,12.682567286448176,34.45818365064717,2026-02-13
SYN_0060,13.9947968490108,80.53421113910362,100,10.886013179766884,34.4279482689343,2026-02-13
SYN_0060,13.9947968490108,80.53421113910362,150,9.111510455071334,34.41762037343731,2026-02-13
SYN_0060,13.9947968490108,80.53421113910362,200,8.68687798640806,34.333783567282865,2026-02-13
SYN_0061,24.347123555765503,68.66030888469454,0,27.83803860684104,35.11262878415497,2026-06-10
SYN_0061,24.347123555765503,68.66030888469454,10,24.446626160414336,34.95541922336553,2026-06-10
SYN_0061,24.347123555765503,68.66030888469454,25,20.04004138031622,34.78155911408004,2026-06-10
SYN_0061,24.347123555765503,68.66030888469454,50,15.390042643975084,34.536760045162744,2026-06-10
SYN_0061,24.347123555765503,68.66030888469454,75,12.33913873093936,34.580355724373874,2026-06-10
SYN_0061,24.347123555765503,68.66030888469454,100,10.674845218910278,34.48204857818843,2026-06-10
SYN_0061,24.347123555765503,68.66030888469454,150,8.828176498118342,34.65701272924695,2026-06-10
SYN_0061,24.347123555765503,68.66030888469454,200,8.146945321176524,34.607375954704615,2026-06-10
SYN_0062,20.725563987680662,69.02727564271949,0,28.11580556753257,34.98186912886718,2026-05-15
SYN_0062,20.725563987680662,69.02727564271949,10,24.181009557072255,34.978043272834114,2026-05-15
SYN_0062,20.725563987680662,69.02727564271949,25,20.257632806543995,34.74521897876113,2026-05-15
SYN_0062,20.725563987680662,69.02727564271949,50,15.390321356895917,34.543224547431215,2026-05-15
SYN_0062,20.725563987680662,69.02727564271949,75,12.258284810328412,34.61728155066127,2026-05-15
SYN_0062,20.725563987680662,69.02727564271949,100,10.29345492623728,34.67258969588543,2026-05-15
SYN_0062,20.725563987680662,69.02727564271949,150,8.825731215318887,34.56200975230672,2026-05-15
SYN_0062,20.725563987680662,69.02727564271949,200,8.295143549949689,34.49974819600768,2026-05-15
SYN_0063,20.149637695788346,70.52883381166792,0,28.171489520224014,34.917648015414365,2026-03-13
SYN_0063,20.149637695788346,70.52883381166792,10,24.490284248688265,34.75811322897303,2026-03-13
SYN_0063,20.149637695788346,70.52883381166792,25,20.215269409828284,34.6582322298604,2026-03-13
SYN_0063,20.149637695788346,70.52883381166792,50,15.213188795105637,34.68781776886005,2026-03-13
SYN_0063,20.149637695788346,70.52883381166792,75,12.121868060475002,34.71262104339239,2026-03-13
SYN_0063,20.149637695788346,70.52883381166792,100,10.747443904786044,34.52008646645922,2026-03-13
SYN_0063,20.149637695788346,70.52883381166792,150,9.110771899354514,34.4364964942507,2026-03-13
SYN_0063,20.149637695788346,70.52883381166792,200,8.601881665709932,34.51233005503398,2026-03-13
SYN_0064,19.387072447383172,82.80516106035604,0,28.006937660159235,34.93359458745723,2026-05-06
SYN_0064,19.387072447383172,82.80516106035604,10,24.32233298048636,34.92101372399778,2026-05-06
SYN_0064,19.387072447383172,82.80516106035604,25,19.968368971781047,34.80513047419824,2026-05-06
SYN_0064,19.387072447383172,82.80516106035604,50,15.097957963340916,34.73233138213474,2026-05-06
SYN_0064,19.387072447383172,82.80516106035604,75,12.708830411525824,34.430388822170116,2026-05-06
SYN_0064,19.387072447383172,82.80516106035604,100,10.805623897989692,34.40768151101228,2026-05-06
SYN_0064,19.387072447383172,82.80516106035604,150,8.573843101261993,34.75410326363217,2026-05-06
SYN_0064,19.387072447383172,82.80516106035604,200,8.340676533461213,34.546776954893076,2026-05-06
SYN_0065,5.622311998347154,79.78589470329547,0,27.65666226757309,35.15156552898762,2026-06-11
SYN_0065,5.622311998347154,79.78589470329547,10,24.048452988235915,35.0602232539895,2026-06-11
SYN_0065,5.622311998347154,79.78589470329547,25,19.93933498734893,34.71613244202148,2026-06-11
SYN_0065,5.622311998347154,79.78589470329547,50,15.239880182330385,34.5874546796269,2026-06-11
SYN_0065,5.622311998347154,79.78589470329547,75,12.34909010158096,34.53719455540885,2026-06-11
SYN_0065,5.622311998347154,79.78589470329547,100,10.52534840635353,34.64103471529905,2026-06-11
SYN_0065,5.622311998347154,79.78589470329547,150,8.787954609785634,34.52201842457875,2026-06-11
SYN_0065,5.622311998347154,79.78589470329547,200,8.081390870237076,34.69812715100754,2026-06-11
SYN_0066,12.608010979408192,84.53600657021319,0,27.847330904396234,35.05605329824128,2026-03-19
SYN_0066,12.608010979408192,84.53600657021319,10,24.308509509035677,34.93555598428704,2026-03-19
SYN_0066,12.608010979408192,84.53600657021319,25,20.198415897126697,34.71186572512514,2026-03-19
SYN_0066,12.608010979408192,84.53600657021319,50,15.133556801981372,34.811018057263745,2026-03-19
SYN_0066,12.608010979408192,84.53600657021319,75,12.236630390760265,34.648035278044965,2026-03-19
SYN_0066,12.608010979408192,84.53600657021319,100,10.576313635064835,34.55403161138291,2026-03-19
SYN_0066,12.608010979408192,84.53600657021319,150,8.803990710248023,34.63202482196681,2026-03-19
SYN_0066,12.608010979408192,84.53600657021319,200,8.06362584130175,34.6916989560361,2026-03-19
SYN_0067,11.808116866991295,84.78056716700348,0,27.722410872169032,35.142950687198315,2026-01-16
SYN_0067,11.808116866991295,84.78056716700348,10,24.182621205123898,34.95606575307825,2026-01-16
SYN_0067,11.808116866991295,84.78056716700348,25,20.16793032806479,34.711898313712425,2026-01-16
SYN_0067,11.808116866991295,84.78056716700348,50,15.386152336605747,34.71453276311517,2026-01-16
SYN_0067,11.808116866991295,84.78056716700348,75,12.194414234736293,34.74883978605251,2026-01-16
SYN_0067,11.808116866991295,84.78056716700348,100,10.747198486667301,34.50909106189424,2026-01-16
SYN_0067,11.808116866991295,84.78056716700348,150,8.894510182519616,34.61507459354431,2026-01-16
SYN_0067,11.808116866991295,84.78056716700348,200,7.936926608745345,34.754472913594405,2026-01-16
SYN_0068,15.247275550915813,67.08449605616696,0,27.88945109894931,35.07293482025074,2026-05-30
SYN_0068,15.247275550915813,67.08449605616696,10,24.238520654538306,34.8488747126914,2026-05-30
SYN_0068,15.247275550915813,67.08449605616696,25,20.021862958166984,34.76190933751728,2026-05-30
SYN_0068,15.247275550915813,67.08449605616696,50,14.960862590993322,34.71613718745108,2026-05-30
SYN_0068,15.247275550915813,67.08449605616696,75,12.203410968549393,34.54476696140168,2026-05-30
SYN_0068,15.247275550915813,67.08449605616696,100,11.123224454378907,34.2744277288368,2026-05-30
SYN_0068,15.247275550915813,67.08449605616696,150,9.024197351384322,34.46489262961107,2026-05-30
SYN_0068,15.247275550915813,67.08449605616696,200,7.941529095009767,34.64097152729029,2026-05-30
SYN_0069,9.370196687082606,72.93593694172633,0,28.013111858341226,35.00410390224127,2026-02-23
SYN_0069,9.370196687082606,72.93593694172633,10,24.20204561636425,34.904749085044415,2026-02-23
SYN_0069,9.370196687082606,72.93593694172633,25,20.14138936797441,34.80697055168032,2026-02-23
SYN_0069,9.370196687082606,72.93593694172633,50,15.162502725759264,34.61629513062293,2026-02-23
SYN_0069,9.370196687082606,72.93593694172633,75,12.295611453035548,34.637894706829044,2026-02-23
SYN_0069,9.370196687082606,72.93593694172633,100,10.392427278603861,34.719728105441625,2026-02-23
SYN_0069,9.370196687082606,72.93593694172633,150,8.947824910801055,34.607938233190424,2026-02-23
SYN_0069,9.370196687082606,72.93593694172633,200,8.285761261380271,34.49635246382711,2026-02-23
SYN_0070,14.124730179110841,72.38106043521833,0,28.819334145424577,34.58007227856275,2026-05-27
SYN_0070,14.124730179110841,72.38106043521833,10,25.032605434550078,34.48865021884218,2026-05-27
SYN_0070,14.124730179110841,72.38106043521833,25,20.470686843889272,34.587711555186885,2026-05-27
SYN_0070,14.124730179110841,72.38106043521833,50,15.75235587359069,34.52439594041029,2026-05-27
SYN_0070,14.124730179110841,72.38106043521833,75,12.836138275266924,34.42084890353268,2026-05-27
SYN_0070,14.124730179110841,72.38106043521833,100,11.375095743194176,34.18948542655971,2026-05-27
SYN_0070,14.124730179110841,72.38106043521833,150,9.663154197819937,34.12786485428918,2026-05-27
SYN_0070,14.124730179110841,72.38106043521833,200,8.887445406729872,34.23027696141868,2026-05-27
SYN_0071,21.16045259813106,69.32102730023374,0,28.19996592399913,34.92356596318577,2026-06-02
SYN_0071,21.16045259813106,69.32102730023374,10,24.62663098895238,34.69498401698741,2026-06-02
SYN_0071,21.16045259813106,69.32102730023374,25,19.933932717507016,34.80235086330167,2026-06-02
SYN_0071,21.16045259813106,69.32102730023374,50,15.257595382660615,34.668869119438355,2026-06-02
SYN_0071,21.16045259813106,69.32102730023374,75,12.199576244279895,34.5807730970132,2026-06-02
SYN_0071,21.16045259813106,69.32102730023374,100,10.958980099855214,34.430678115474166,2026-06-02
SYN_0071,21.16045259813106,69.32102730023374,150,9.207629798383795,34.38476201248503,2026-06-02
SYN_0071,21.16045259813106,69.32102730023374,200,8.103888327816039,34.610340710100395,2026-06-02
SYN_0072,5.508955198115018,77.91644772572968,0,27.55140990836102,35.14012313620844,2026-06-12
SYN_0072,5.508955198115018,77.91644772572968,10,24.143891049623253,35.054406802432496,2026-06-12
SYN_0072,5.508955198115018,77.91644772572968,25,19.747037933284105,34.90776644688988,2026-06-12
SYN_0072,5.508955198115018,77.91644772572968,50,14.830148678904923,34.879360925903946,2026-06-12
SYN_0072,5.508955198115018,77.91644772572968,75,12.013445697725109,34.79293546433388,2026-06-12
SYN_0072,5.508955198115018,77.91644772572968,100,10.236810071122651,34.747304303282135,2026-06-12
SYN_0072,5.508955198115018,77.91644772572968,150,8.533384122411402,34.72160779283912,2026-06-12
SYN_0072,5.508955198115018,77.91644772572968,200,7.975806377145255,34.681115501313926,2026-06-12
SYN_0073,7.322779204010512,84.11837657910638,0,28.100628642896453,34.9504018414623,2026-04-11
SYN_0073,7.322779204010512,84.11837657910638,10,24.514939927365443,34.74920728175062,2026-04-11
SYN_0073,7.322779204010512,84.11837657910638,25,20.3152159224696,34.56159596267002,2026-04-11
SYN_0073,7.322779204010512,84.11837657910638,50,15.588908052684486,34.45423958029982,2026-04-11
SYN_0073,7.322779204010512,84.11837657910638,75,12.565540535357746,34.44657079036122,2026-04-11
SYN_0073,7.322779204010512,84.11837657910638,100,11.090357630322952,34.33027869482266,2026-04-11
SYN_0073,7.322779204010512,84.11837657910638,150,9.098683361486692,34.38981716544504,2026-04-11
SYN_0073,7.322779204010512,84.11837657910638,200,8.52395179437116,34.40392125408337,2026-04-11
SYN_0074,9.14618006375116,80.64776658920175,0,28.058915326725156,35.068576900245475,2026-04-09
SYN_0074,9.14618006375116,80.64776658920175,10,24.189521129943333,34.887021016766546,2026-04-09
SYN_0074,9.14618006375116,80.64776658920175,25,19.994610728597955,34.70907427274994,2026-04-09
SYN_0074,9.14618006375116,80.64776658920175,50,15.367604885115103,34.67788560558881,2026-04-09
SYN_0074,9.14618006375116,80.64776658920175,75,12.468954100048334,34.50459278003757,2026-04-09
SYN_0074,9.14618006375116,80.64776658920175,100,10.57114000914623,34.526990244024,2026-04-09
SYN_0074,9.14618006375116,80.64776658920175,150,9.003303803320186,34.51235142488876,2026-04-09
SYN_0074,9.14618006375116,80.64776658920175,200,8.04342481377307,34.61994316940073,2026-04-09
SYN_0075,9.064461821721746,80.23596382755395,0,27.936075560284184,35.100095912976265,2026-05-23
SYN_0075,9.064461821721746,80.23596382755395,10,24.27263880777827,34.957011488022616,2026-05-23
SYN_0075,9.064461821721746,80.23596382755395,25,20.070509353852632,34.81138774738158,2026-05-23
SYN_0075,9.064461821721746,80.23596382755395,50,15.32295509484968,34.61136820459562,2026-05-23
SYN_0075,9.064461821721746,80.23596382755395,75,12.664784695136262,34.400838302211795,2026-05-23
SYN_0075,9.064461821721746,80.23596382755395,100,10.77481853194612,34.523237264324024,2026-05-23
SYN_0075,9.064461821721746,80.23596382755395,150,9.09028254299178,34.52739521475625,2026-05-23
SYN_0075,9.064461821721746,80.23596382755395,200,8.263370671433021,34.60281261663548,2026-05-23
SYN_0076,19.661023797199867,75.57156219444394,0,27.898442462949227,35.05980792885581,2026-02-16
SYN_0076,19.661023797199867,75.57156219444394,10,24.346973473362524,34.88774239087281,2026-02-16
SYN_0076,19.661023797199867,75.57156219444394,25,20.185145524967346,34.73812565670645,2026-02-16
SYN_0076,19.661023797199867,75.57156219444394,50,15.79909976225344,34.41291234792832,2026-02-16
SYN_0076,19.661023797199867,75.57156219444394,75,12.518380858879375,34.53268433024303,2026-02-16
SYN_0076,19.661023797199867,75.57156219444394,100,10.798479650342198,34.391058308590736,2026-02-16
SYN_0076,19.661023797199867,75.57156219444394,150,8.897997284370332,34.497157919224044,2026-02-16
SYN_0076,19.661023797199867,75.57156219444394,200,8.43331319263923,34.51852132979867,2026-02-16
SYN_0077,10.850301821414837,68.04659178929072,0,28.085037088297305,34.88044180372981,2026-02-24
SYN_0077,10.850301821414837,68.04659178929072,10,24.392385602632803,34.85053732090522,2026-02-24
SYN_0077,10.850301821414837,68.04659178929072,25,20.344976192976645,34.56738395764299,2026-02-24
SYN_0077,10.850301821414837,68.04659178929072,50,15.344450982738644,34.651192197954416,2026-02-24
SYN_0077,10.850301821414837,68.04659178929072,75,12.345791205840587,34.56700280381233,2026-02-24
SYN_0077,10.850301821414837,68.04659178929072,100,10.5715561812396,34.62452086881774,2026-02-24
SYN_0077,10.850301821414837,68.04659178929072,150,9.032355922931645,34.49689078325617,2026-02-24
SYN_0077,10.850301821414837,68.04659178929072,200,8.294112453135938,34.53999988898717,2026-02-24
SYN_0078,20.506923008062714,70.42818760893428,0,28.10192940328907,34.9161897683306,2026-04-29
SYN_0078,20.506923008062714,70.42818760893428,10,24.452517348978954,34.86582731938933,2026-04-29
SYN_0078,20.506923008062714,70.42818760893428,25,20.04440896877407,34.712047804819235,2026-04-29
SYN_0078,20.506923008062714,70.42818760893428,50,15.309086044150396,34.609994858978546,2026-04-29
SYN_0078,20.506923008062714,70.42818760893428,75,12.424638738349106,34.613505144729594,2026-04-29
SYN_0078,20.506923008062714,70.42818760893428,100,10.792503767931338,34.482507829468744,2026-04-29
SYN_0078,20.506923008062714,70.42818760893428,150,9.04593487344884,34.50843652213745,2026-04-29
SYN_0078,20.506923008062714,70.42818760893428,200,8.211733739236937,34.59501228190656,2026-04-29
SYN_0079,5.845834984453624,76.29258101994526,0,27.61718515598406,35.23967729623753,2026-03-01
SYN_0079,5.845834984453624,76.29258101994526,10,23.822566539263352,35.14415570180532,2026-03-01
SYN_0079,5.845834984453624,76.29258101994526,25,19.665536489459843,34.98062601413851,2026-03-01
SYN_0079,5.845834984453624,76.29258101994526,50,14.937529737890511,34.78195788094538,2026-03-01
SYN_0079,5.845834984453624,76.29258101994526,75,12.08793934189084,34.65618168904415,2026-03-01
SYN_0079,5.845834984453624,76.29258101994526,100,10.31363510807891,34.653336653704585,2026-03-01
SYN_0079,5.845834984453624,76.29258101994526,150,8.469361382221065,34.7438965456165,2026-03-01
SYN_0079,5.845834984453624,76.29258101994526,200,7.827365868360248,34.785133489588425,2026-03-01
SYN_0080,9.23988109397316,78.14706964340257,0,27.98569618003557,35.05569897655106,2026-02-23
SYN_0080,9.23988109397316,78.14706964340257,10,24.04734204070402,35.00100399052277,2026-02-23
SYN_0080,9.23988109397316,78.14706964340257,25,20.156937217050828,34.75789588963788,2026-02-23
SYN_0080,9.23988109397316,78.14706964340257,50,15.373516293196722,34.5484036893706,2026-02-23
SYN_0080,9.23988109397316,78.14706964340257,75,12.343828298264102,34.55650580983679,2026-02-23
SYN_0080,9.23988109397316,78.14706964340257,100,10.47405890216582,34.64011129825954,2026-02-23
SYN_0080,9.23988109397316,78.14706964340257,150,8.609448068525401,34.68561382900557,2026-02-23
SYN_0080,9.23988109397316,78.14706964340257,200,8.577813151336915,34.27439172176421,2026-02-23
SYN_0081,16.90263349811363,65.19847642255671,0,27.64572350301819,35.092329295106126,2026-06-20
SYN_0081,16.90263349811363,65.19847642255671,10,24.117155065966788,34.97019195377582,2026-06-20
SYN_0081,16.90263349811363,65.19847642255671,25,20.12106418875037,34.71248831130983,2026-06-20
SYN_0081,16.90263349811363,65.19847642255671,50,14.96772998445684,34.76595808133933,2026-06-20
SYN_0081,16.90263349811363,65.19847642255671,75,12.319132087005315,34.6749807520867,2026-06-20
SYN_0081,16.90263349811363,65.19847642255671,100,10.631164370610547,34.49428353924405,2026-06-20
SYN_0081,16.90263349811363,65.19847642255671,150,9.096675988166528,34.482452740922916,2026-06-20
SYN_0081,16.90263349811363,65.19847642255671,200,8.243394690530312,34.600521216230334,2026-06-20
SYN_0082,15.939265027427762,81.59526240575289,0,27.92070251747203,35.03448600325654,2026-02-14
SYN_0082,15.939265027427762,81.59526240575289,10,24.31509323302812,34.971100077839054,2026-02-14
SYN_0082,15.939265027427762,81.59526240575289,25,20.257046458626697,34.591074233807895,2026-02-14
SYN_0082,15.939265027427762,81.59526240575289,50,15.418513347858166,34.548089784366304,2026-02-14
SYN_0082,15.939265027427762,81.59526240575289,75,12.541569365839056,34.44598652002987,2026-02-14
SYN_0082,15.939265027427762,81.59526240575289,100,10.885873806920575,34.485260377505526,2026-02-14
SYN_0082,15.939265027427762,81.59526240575289,150,8.822706732815051,34.54934341521014,2026-02-14
SYN_0082,15.939265027427762,81.59526240575289,200,8.321200816040419,34.54651021649012,2026-02-14
SYN_0083,14.399765363158732,82.80282274792029,0,27.850581886819267,35.07660215234081,2026-06-23
SYN_0083,14.399765363158732,82.80282274792029,10,24.392214109007476,34.768150163864895,2026-06-23
SYN_0083,14.399765363158732,82.80282274792029,25,20.12575258593392,34.761805825514905,2026-06-23
SYN_0083,14.399765363158732,82.80282274792029,50,15.71009350874142,34.32346180532065,2026-06-23
SYN_0083,14.399765363158732,82.80282274792029,75,12.417223790942177,34.55369474714752,2026-06-23
SYN_0083,14.399765363158732,82.80282274792029,100,10.632817766885648,34.57333564816262,2026-06-23
SYN_0083,14.399765363158732,82.80282274792029,150,9.010296149551406,34.47490276183008,2026-06-23
SYN_0083,14.399765363158732,82.80282274792029,200,8.100988770497775,34.6411510496096,2026-06-23
SYN_0084,17.446865292344924,84.6235567352459,0,27.99459058477465,35.070765213378735,2026-01-04
SYN_0084,17.446865292344924,84.6235567352459,10,24.28493880403767,34.897018586326986,2026-01-04
SYN_0084,17.446865292344924,84.6235567352459,25,20.04245862540891,34.78175920135667,2026-01-04
SYN_0084,17.446865292344924,84.6235567352459,50,15.016252739375076,34.72761527308734,2026-01-04
SYN_0084,17.446865292344924,84.6235567352459,75,12.389902765929213,34.592693437732535,2026-01-04
SYN_0084,17.446865292344924,84.6235567352459,100,10.66198103117816,34.567525444999276,2026-01-04
SYN_0084,17.446865292344924,84.6235567352459,150,8.503866024590803,34.72480913712475,2026-01-04
SYN_0084,17.446865292344924,84.6235567352459,200,8.42219154906051,34.47600170924055,2026-01-04
SYN_0085,10.076421563133897,69.91614878612306,0,27.93549034977269,35.01433781751259,2026-04-03
SYN_0085,10.076421563133897,69.91614878612306,10,24.535601098611497,34.76871142810006,2026-04-03
SYN_0085,10.076421563133897,69.91614878612306,25,20.39090815155753,34.65813177582679,2026-04-03
SYN_0085,10.076421563133897,69.91614878612306,50,15.063948445169656,34.791633675040224,2026-04-03
SYN_0085,10.076421563133897,69.91614878612306,75,12.531930020942056,34.40787389943963,2026-04-03
SYN_0085,10.076421563133897,69.91614878612306,100,10.488143133009787,34.663656468488185,2026-04-03
SYN_0085,10.076421563133897,69.91614878612306,150,8.859346244422008,34.55121471932084,2026-04-03
SYN_0085,10.076421563133897,69.91614878612306,200,8.337989339596776,34.54401868501324,2026-04-03
SYN_0086,13.732283795375322,76.6017766933891,0,28.287159085687925,34.8455228544926,2026-04-09
SYN_0086,13.732283795375322,76.6017766933891,10,25.119090106918833,34.459292352216764,2026-04-09
SYN_0086,13.732283795375322,76.6017766933891,25,20.635316443630785,34.42194681148556,2026-04-09
SYN_0086,13.732283795375322,76.6017766933891,50,15.637434670249954,34.458832643783246,2026-04-09
SYN_0086,13.732283795375322,76.6017766933891,75,13.092377410563598,34.26001338111774,2026-04-09
SYN_0086,13.732283795375322,76.6017766933891,100,11.03926116467672,34.34709797405556,2026-04-09
SYN_0086,13.732283795375322,76.6017766933891,150,9.622225670585145,34.24305203690817,2026-04-09
SYN_0086,13.732283795375322,76.6017766933891,200,8.403008641257916,34.54467894505486,2026-04-09
SYN_0087,5.908065629373851,70.80058387297812,0,27.25931630930759,35.33376617515139,2026-04-19
SYN_0087,5.908065629373851,70.80058387297812,10,23.9412802014164,35.03748151181075,2026-04-19
SYN_0087,5.908065629373851,70.80058387297812,25,20.018576809140956,34.76073076270977,2026-04-19
SYN_0087,5.908065629373851,70.80058387297812,50,14.963600917164971,34.731517585263354,2026-04-19
SYN_0087,5.908065629373851,70.80058387297812,75,12.183090669993316,34.65778559572042,2026-04-19
SYN_0087,5.908065629373851,70.80058387297812,100,10.675887891241386,34.44724075587167,2026-04-19
SYN_0087,5.908065629373851,70.80058387297812,150,8.703706775079544,34.73949451005998,2026-04-19
SYN_0087,5.908065629373851,70.80058387297812,200,8.12571257324341,34.592467234158896,2026-04-19
SYN_0088,16.675455610282235,84.04443571395188,0,27.811376920671172,35.101541264829244,2026-01-10
SYN_0088,16.675455610282235,84.04443571395188,10,24.2915678517536,34.84682362913402,2026-01-10
SYN_0088,16.675455610282235,84.04443571395188,25,20.200842151764032,34.62189651907509,2026-01-10
SYN_0088,16.675455610282235,84.04443571395188,50,15.182676283830789,34.69291315035721,2026-01-10
SYN_0088,16.675455610282235,84.04443571395188,75,12.332495701247119,34.638187026684776,2026-01-10
SYN_0088,16.675455610282235,84.04443571395188,100,10.639121723106463,34.60868560406308,2026-01-10
SYN_0088,16.675455610282235,84.04443571395188,150,8.45249262699203,34.76584826082641,2026-01-10
SYN_0088,16.675455610282235,84.04443571395188,200,7.736475691170067,34.82275951258335,2026-01-10
SYN_0089,23.131444213443256,65.32123729962012,0,28.01239232847752,35.03832299393723,2026-02-12
SYN_0089,23.131444213443256,65.32123729962012,10,24.684477556309634,34.70582309227095,2026-02-12
SYN_0089,23.131444213443256,65.32123729962012,25,20.21527512844611,34.70990955816695,2026-02-12
SYN_0089,23.131444213443256,65.32123729962012,50,15.57915894494794,34.457350998525854,2026-02-12
SYN_0089,23.131444213443256,65.32123729962012,75,12.858145774140915,34.31932934092537,2026-02-12
SYN_0089,23.131444213443256,65.32123729962012,100,10.917411519315358,34.39288343738612,2026-02-12
SYN_0089,23.131444213443256,65.32123729962012,150,9.176413266732052,34.447211489972176,2026-02-12
SYN_0089,23.131444213443256,65.32123729962012,200,8.611889536389706,34.39091046415485,2026-02-12
SYN_0090,23.12174120962521,65.24313542954773,0,28.098789575438385,34.900481615700514,2026-03-13
SYN_0090,23.12174120962521,65.24313542954773,10,24.709030905287563,34.615302966275145,2026-03-13
SYN_0090,23.12174120962521,65.24313542954773,25,20.131228339040906,34.68273122196645,2026-03-13
SYN_0090,23.12174120962521,65.24313542954773,50,15.451989024256322,34.593836688753015,2026-03-13
SYN_0090,23.12174120962521,65.24313542954773,75,12.664639788199612,34.41841231473821,2026-03-13
SYN_0090,23.12174120962521,65.24313542954773,100,10.967284548778062,34.37987334070292,2026-03-13
SYN_0090,23.12174120962521,65.24313542954773,150,9.293656044932252,34.29513851703229,2026-03-13
SYN_0090,23.12174120962521,65.24313542954773,200,8.799108065802143,34.25949962559859,2026-03-13
SYN_0091,7.027457951063183,70.55705552179424,0,27.719517131348592,35.159649947209104,2026-03-23
SYN_0091,7.027457951063183,70.55705552179424,10,23.93197168215016,35.09155388501151,2026-03-23
SYN_0091,7.027457951063183,70.55705552179424,25,20.067853321653946,34.708821904332574,2026-03-23
SYN_0091,7.027457951063183,70.55705552179424,50,15.17632735690059,34.807763701980086,2026-03-23
SYN_0091,7.027457951063183,70.55705552179424,75,12.49293926672402,34.61946185836893,2026-03-23
SYN_0091,7.027457951063183,70.55705552179424,100,10.4973707616272,34.56916839278484,2026-03-23
SYN_0091,7.027457951063183,70.55705552179424,150,8.642399295445617,34.65998706694915,2026-03-23
SYN_0091,7.027457951063183,70.55705552179424,200,8.040044548516484,34.61997545264396,2026-03-23
SYN_0092,17.832638176547093,79.07584621981016,0,27.97770302362149,35.052087370377,2026-05-14
SYN_0092,17.832638176547093,79.07584621981016,10,24.274690398194817,34.862352845918586,2026-05-14
SYN_0092,17.832638176547093,79.07584621981016,25,20.327922566727654,34.64621823177802,2026-05-14
SYN_0092,17.832638176547093,79.07584621981016,50,15.650171275546866,34.38182296894422,2026-05-14
SYN_0092,17.832638176547093,79.07584621981016,75,12.880686557856656,34.32053128466452,2026-05-14
SYN_0092,17.832638176547093,79.07584621981016,100,10.687648699336473,34.553078217172406,2026-05-14
SYN_0092,17.832638176547093,79.07584621981016,150,9.244495105461597,34.435209772440906,2026-05-14
SYN_0092,17.832638176547093,79.07584621981016,200,8.687812548454271,34.288903214626266,2026-05-14
SYN_0093,24.54013908877887,67.03786201745874,0,28.294739167181017,34.87014750537091,2026-04-24
SYN_0093,24.54013908877887,67.03786201745874,10,24.415818396240397,34.904997279088356,2026-04-24
SYN_0093,24.54013908877887,67.03786201745874,25,19.959425778376566,34.863867990627206,2026-04-24
SYN_0093,24.54013908877887,67.03786201745874,50,15.574648595739472,34.42948423377609,2026-04-24
SYN_0093,24.54013908877887,67.03786201745874,75,12.27901985029803,34.655850669306226,2026-04-24
SYN_0093,24.54013908877887,67.03786201745874,100,10.589095969395418,34.640391300307044,2026-04-24
SYN_0093,24.54013908877887,67.03786201745874,150,9.03665273632692,34.476210959851855,2026-04-24
SYN_0093,24.54013908877887,67.03786201745874,200,8.651847074187664,34.32323259546975,2026-04-24
SYN_0094,12.948963137981833,75.27222093088649,0,28.62825284733583,34.71575620864975,2026-04-30
SYN_0094,12.948963137981833,75.27222093088649,10,24.880273092113534,34.58599519734451,2026-04-30
SYN_0094,12.948963137981833,75.27222093088649,25,20.583050564367078,34.543813748134774,2026-04-30
SYN_0094,12.948963137981833,75.27222093088649,50,16.247955709198692,34.14660955826305,2026-04-30
SYN_0094,12.948963137981833,75.27222093088649,75,12.755354209814042,34.39480126292696,2026-04-30
SYN_0094,12.948963137981833,75.27222093088649,100,11.14274150527235,34.366962787051044,2026-04-30
SYN_0094,12.948963137981833,75.27222093088649,150,9.186276283842039,34.368012157621706,2026-04-30
SYN_0094,12.948963137981833,75.27222093088649,200,8.803725182126,34.23160445008953,2026-04-30
SYN_0095,5.229849465962307,73.17554522458263,0,27.478151141027936,35.30044302428862,2026-04-12
SYN_0095,5.229849465962307,73.17554522458263,10,24.02772877203382,35.080118033076445,2026-04-12
SYN_0095,5.229849465962307,73.17554522458263,25,19.556325322522348,34.950185513790814,2026-04-12
SYN_0095,5.229849465962307,73.17554522458263,50,15.397386679558132,34.636772852390976,2026-04-12
SYN_0095,5.229849465962307,73.17554522458263,75,11.863076485257608,34.86489916125337,2026-04-12
SYN_0095,5.229849465962307,73.17554522458263,100,10.370972689733001,34.67295569449556,2026-04-12
SYN_0095,5.229849465962307,73.17554522458263,150,8.593151085117121,34.70895876493429,2026-04-12
SYN_0095,5.229849465962307,73.17554522458263,200,7.66964137114063,34.80640169850468,2026-04-12
SYN_0096,16.067423794995435,75.06264945103081,0,28.616179249809644,34.67569857455277,2026-05-30
SYN_0096,16.067423794995435,75.06264945103081,10,24.539924236213203,34.72285214435495,2026-05-30
SYN_0096,16.067423794995435,75.06264945103081,25,20.500066744049562,34.49422145300999,2026-05-30
SYN_0096,16.067423794995435,75.06264945103081,50,15.291699273194666,34.60654744652415,2026-05-30
SYN_0096,16.067423794995435,75.06264945103081,75,13.021526620467103,34.33466769723944,2026-05-30
SYN_0096,16.067423794995435,75.06264945103081,100,11.247198543576609,34.155665215661315,2026-05-30
SYN_0096,16.067423794995435,75.06264945103081,150,9.265119177787419,34.39731047368017,2026-05-30
SYN_0096,16.067423794995435,75.06264945103081,200,8.903747505730017,34.1878472725001,2026-05-30
SYN_0097,16.64287615155597,67.36830078351863,0,27.880857061842658,35.01880347456504,2026-01-28
SYN_0097,16.64287615155597,67.36830078351863,10,24.564599081246115,34.72377734417924,2026-01-28
SYN_0097,16.64287615155597,67.36830078351863,25,20.102082729923158,34.80646906454685,2026-01-28
SYN_0097,16.64287615155597,67.36830078351863,50,15.411658963975949,34.606956216259036,2026-01-28
SYN_0097,16.64287615155597,67.36830078351863,75,12.506330573497687,34.48828419061079,2026-01-28
SYN_0097,16.64287615155597,67.36830078351863,100,11.02959419312859,34.42561635438447,2026-01-28
SYN_0097,16.64287615155597,67.36830078351863,150,9.272761934098433,34.359765520410676,2026-01-28
SYN_0097,16.64287615155597,67.36830078351863,200,8.331808159306341,34.537778898722365,2026-01-28
SYN_0098,7.285715399959589,80.29601944918555,0,28.004722615388253,35.018581929676316,2026-01-07
SYN_0098,7.285715399959589,80.29601944918555,10,24.273097269603493,34.89785702422078,2026-01-07
SYN_0098,7.285715399959589,80.29601944918555,25,19.772113915761754,34.91403936062644,2026-01-07
SYN_0098,7.285715399959589,80.29601944918555,50,15.384890551034374,34.62182490281508,2026-01-07
SYN_0098,7.285715399959589,80.29601944918555,75,12.339657848616682,34.585245518754405,2026-01-07
SYN_0098,7.285715399959589,80.29601944918555,100,10.599685757789759,34.48090959936276,2026-01-07
SYN_0098,7.285715399959589,80.29601944918555,150,8.94570700344828,34.507636076337285,2026-01-07
SYN_0098,7.285715399959589,80.29601944918555,200,8.416526940693872,34.465605409687285,2026-01-07
SYN_0099,17.955484659006842,65.31016661253184,0,28.0332920470187,35.00816222177055,2026-05-08
SYN_0099,17.955484659006842,65.31016661253184,10,24.26770958675699,34.88373126900844,2026-05-08
SYN_0099,17.955484659006842,65.31016661253184,25,19.896150183779564,34.81979164527511,2026-05-08
SYN_0099,17.955484659006842,65.31016661253184,50,15.181224160840733,34.64818424939169,2026-05-08
SYN_0099,17.955484659006842,65.31016661253184,75,12.145667953765079,34.69017152820395,2026-05-08
SYN_0099,17.955484659006842,65.31016661253184,100,10.889031640315363,34.41253168157318,2026-05-08
SYN_0099,17.955484659006842,65.31016661253184,150,9.103115929631057,34.43923398460145,2026-05-08
SYN_0099,17.955484659006842,65.31016661253184,200,8.142602522099567,34.688141908038425,2026-05-08
SYN_0100,6.329266515525442,80.3303009906517,0,27.88564152705957,35.06137056786669,2026-02-27
SYN_0100,6.329266515525442,80.3303009906517,10,24.25264225513743,34.87619766298932,2026-02-27
SYN_0100,6.329266515525442,80.3303009906517,25,20.149223762859183,34.68584161889386,2026-02-27
SYN_0100,6.329266515525442,80.3303009906517,50,15.187104731811043,34.70283908699106,2026-02-27
SYN_0100,6.329266515525442,80.3303009906517,75,12.291455820004888,34.711614059522624,2026-02-27
SYN_0100,6.329266515525442,80.3303009906517,100,10.52051879562777,34.657995960264245,2026-02-27
SYN_0100,6.329266515525442,80.3303009906517,150,8.858931206357033,34.662239371486315,2026-02-27
SYN_0100,6.329266515525442,80.3303009906517,200,8.033968742232444,34.634203890242134,2026-02-27
SYN_0101,11.276536164488311,69.83001255985667,0,28.10260941230296,34.88007656383355,2026-05-10
SYN_0101,11.276536164488311,69.83001255985667,10,24.502003104279215,34.77060479085506,2026-05-10
SYN_0101,11.276536164488311,69.83001255985667,25,20.246854293969026,34.714595438727216,2026-05-10
SYN_0101,11.276536164488311,69.83001255985667,50,15.555130363389909,34.44073948939793,2026-05-10
SYN_0101,11.276536164488311,69.83001255985667,75,12.539759707897948,34.431363920601896,2026-05-10
SYN_0101,11.276536164488311,69.83001255985667,100,10.750493815051819,34.46546453007205,2026-05-10
SYN_0101,11.276536164488311,69.83001255985667,150,9.271279449211422,34.289303446633845,2026-05-10
SYN_0101,11.276536164488311,69.83001255985667,200,8.667025420309864,34.37713891701437,2026-05-10
SYN_0102,20.560504862893062,80.21702661861563,0,28.123886768258284,34.90598367759929,2026-03-11
SYN_0102,20.560504862893062,80.21702661861563,10,24.340491979797033,34.80096550278088,2026-03-11
SYN_0102,20.560504862893062,80.21702661861563,25,19.85545913352485,34.90388081137095,2026-03-11
SYN_0102,20.560504862893062,80.21702661861563,50,15.232061906542581,34.72822732702634,2026-03-11
SYN_0102,20.560504862893062,80.21702661861563,75,12.208747646462207,34.645996350555954,2026-03-11
SYN_0102,20.560504862893062,80.21702661861563,100,10.707145103532957,34.53137834171117,2026-03-11
SYN_0102,20.560504862893062,80.21702661861563,150,8.98434656052179,34.63153936686519,2026-03-11
SYN_0102,20.560504862893062,80.21702661861563,200,8.081244873036042,34.58518254691488,2026-03-11
SYN_0103,24.223188314203302,82.83421730405492,0,28.267358574451475,34.920409049157904,2026-05-29
SYN_0103,24.223188314203302,82.83421730405492,10,24.501164220679904,34.861437741703526,2026-05-29
SYN_0103,24.223188314203302,82.83421730405492,25,20.29901200734497,34.73371321999243,2026-05-29
SYN_0103,24.223188314203302,82.83421730405492,50,15.386307241910629,34.632333015882125,2026-05-29
SYN_0103,24.223188314203302,82.83421730405492,75,12.51220865515137,34.498669061434875,2026-05-29
SYN_0103,24.223188314203302,82.83421730405492,100,10.65798669930145,34.61881486562293,2026-05-29
SYN_0103,24.223188314203302,82.83421730405492,150,8.815407814242906,34.6119182147063,2026-05-29
SYN_0103,24.223188314203302,82.83421730405492,200,8.511889657729723,34.4721094510726,2026-05-29
SYN_0104,16.863164380789364,66.06695993977796,0,28.048262335320096,34.985971563141234,2026-05-19
SYN_0104,16.863164380789364,66.06695993977796,10,24.22579677784156,34.908356952468445,2026-05-19
SYN_0104,16.863164380789364,66.06695993977796,25,19.928664215802858,34.80052116125984,2026-05-19
SYN_0104,16.863164380789364,66.06695993977796,50,15.09333331045247,34.83837974044677,2026-05-19
SYN_0104,16.863164380789364,66.06695993977796,75,12.136016085362884,34.79963312553768,2026-05-19
SYN_0104,16.863164380789364,66.06695993977796,100,10.647177033217215,34.58348584950311,2026-05-19
SYN_0104,16.863164380789364,66.06695993977796,150,9.00115099601457,34.46829838875439,2026-05-19
SYN_0104,16.863164380789364,66.06695993977796,200,8.16268438673095,34.614901096240764,2026-05-19
SYN_0105,16.881655611394248,79.05280411716458,0,28.32253994413197,34.885308591368066,2026-01-29
SYN_0105,16.881655611394248,79.05280411716458,10,24.677330666022833,34.74686679405057,2026-01-29
SYN_0105,16.881655611394248,79.05280411716458,25,20.3481387734189,34.600212858258665,2026-01-29
SYN_0105,16.881655611394248,79.05280411716458,50,15.516661811691256,34.56470174025701,2026-01-29
SYN_0105,16.881655611394248,79.05280411716458,75,12.747032983961644,34.458452436767,2026-01-29
SYN_0105,16.881655611394248,79.05280411716458,100,10.964409498241205,34.36475364171895,2026-01-29
SYN_0105,16.881655611394248,79.05280411716458,150,9.345562888972152,34.29514400266661,2026-01-29
SYN_0105,16.881655611394248,79.05280411716458,200,8.555584946863458,34.3707568096655,2026-01-29
SYN_0106,14.382144220951574,70.37124334907286,0,28.169217508935635,34.93207519852945,2026-05-18
SYN_0106,14.382144220951574,70.37124334907286,10,24.73340438911825,34.61797481016933,2026-05-18
SYN_0106,14.382144220951574,70.37124334907286,25,20.541337843576617,34.44422277686979,2026-05-18
SYN_0106,14.382144220951574,70.37124334907286,50,15.612417174670924,34.481360117751926,2026-05-18
SYN_0106,14.382144220951574,70.37124334907286,75,12.7364420460281,34.43078435585998,2026-05-18
SYN_0106,14.382144220951574,70.37124334907286,100,10.791965559734226,34.49342302520404,2026-05-18
SYN_0106,14.382144220951574,70.37124334907286,150,9.288129331237315,34.3031830338701,2026-05-18
SYN_0106,14.382144220951574,70.37124334907286,200,8.624549308759097,34.42331041665184,2026-05-18
SYN_0107,24.684689984688678,72.91415927147585,0,27.327292063320765,35.30935458655333,2026-04-16
SYN_0107,24.684689984688678,72.91415927147585,10,23.882507260620045,35.10536692403294,2026-04-16
SYN_0107,24.684689984688678,72.91415927147585,25,19.674873817612976,35.02100943592988,2026-04-16
SYN_0107,24.684689984688678,72.91415927147585,50,14.51336857378125,35.11590447477608,2026-04-16
SYN_0107,24.684689984688678,72.91415927147585,75,12.24541570614889,34.70417242702929,2026-04-16
SYN_0107,24.684689984688678,72.91415927147585,100,10.349284633595856,34.68343271163233,2026-04-16
SYN_0107,24.684689984688678,72.91415927147585,150,8.415418616352648,34.81522439154687,2026-04-16
SYN_0107,24.684689984688678,72.91415927147585,200,7.729244471229503,34.88640427617837,2026-04-16
SYN_0108,19.724796202676664,75.25794111037618,0,28.039349123947883,34.87549165309757,2026-01-14
SYN_0108,19.724796202676664,75.25794111037618,10,24.358554939961028,34.88640012899635,2026-01-14
SYN_0108,19.724796202676664,75.25794111037618,25,20.184217796042244,34.64506428857168,2026-01-14
SYN_0108,19.724796202676664,75.25794111037618,50,15.53015575499569,34.486635061815505,2026-01-14
SYN_0108,19.724796202676664,75.25794111037618,75,12.473762135814063,34.53883771695158,2026-01-14
SYN_0108,19.724796202676664,75.25794111037618,100,10.737372724079114,34.452700977700104,2026-01-14
SYN_0108,19.724796202676664,75.25794111037618,150,9.2651677990161,34.37446441187396,2026-01-14
SYN_0108,19.724796202676664,75.25794111037618,200,8.399099508645092,34.50765873071242,2026-01-14
SYN_0109,8.502462802607065,78.45529228824934,0,27.589840393755896,35.33155802839519,2026-06-18
SYN_0109,8.502462802607065,78.45529228824934,10,24.321303383309665,34.95321238203998,2026-06-18
SYN_0109,8.502462802607065,78.45529228824934,25,20.014445177147564,34.70941701711711,2026-06-18
SYN_0109,8.502462802607065,78.45529228824934,50,15.283444030944864,34.548245964304144,2026-06-18
SYN_0109,8.502462802607065,78.45529228824934,75,12.108613574596026,34.725141925779255,2026-06-18
SYN_0109,8.502462802607065,78.45529228824934,100,10.676191642011931,34.583034840272695,2026-06-18
SYN_0109,8.502462802607065,78.45529228824934,150,8.871116500164865,34.660048202040464,2026-06-18
SYN_0109,8.502462802607065,78.45529228824934,200,8.172486138763587,34.62791500457421,2026-06-18
SYN_0110,19.162436698012506,74.51375636021918,0,27.809229969433996,35.133795376114584,2026-06-20
SYN_0110,19.162436698012506,74.51375636021918,10,24.567582942319167,34.95809360022895,2026-06-20
SYN_0110,19.162436698012506,74.51375636021918,25,20.704426736178746,34.41601995732048,2026-06-20
SYN_0110,19.162436698012506,74.51375636021918,50,15.4861857089152,34.508927542005694,2026-06-20
SYN_0110,19.162436698012506,74.51375636021918,75,12.592920301549176,34.40002526518808,2026-06-20
SYN_0110,19.162436698012506,74.51375636021918,100,10.745632335087752,34.44187019454386,2026-06-20
SYN_0110,19.162436698012506,74.51375636021918,150,9.290175729912335,34.329385037871205,2026-06-20
SYN_0110,19.162436698012506,74.51375636021918,200,8.36265352250744,34.54036203703048,2026-06-20
SYN_0111,18.547862597777456,76.31563109681993,0,28.322363035120805,34.894913767988704,2026-05-31
SYN_0111,18.547862597777456,76.31563109681993,10,24.534413559782482,34.77140180558664,2026-05-31
SYN_0111,18.547862597777456,76.31563109681993,25,20.119503032714288,34.673024548206584,2026-05-31
SYN_0111,18.547862597777456,76.31563109681993,50,15.646067305909925,34.5353399104787,2026-05-31
SYN_0111,18.547862597777456,76.31563109681993,75,12.733143779537718,34.44944803225088,2026-05-31
SYN_0111,18.547862597777456,76.31563109681993,100,11.07574649785725,34.45999238837845,2026-05-31
SYN_0111,18.547862597777456,76.31563109681993,150,9.23177906246093,34.35734079968681,2026-05-31
SYN_0111,18.547862597777456,76.31563109681993,200,8.825631684988869,34.36836770265629,2026-05-31
SYN_0112,11.937719527287712,73.7128958091302,0,28.17086468035372,34.90913801128752,2026-03-24
SYN_0112,11.937719527287712,73.7128958091302,10,24.557218808581275,34.7043948694547,2026-03-24
SYN_0112,11.937719527287712,73.7128958091302,25,20.21027865019593,34.62269633113145,2026-03-24
SYN_0112,11.937719527287712,73.7128958091302,50,15.6460349032207,34.47445869559946,2026-03-24
SYN_0112,11.937719527287712,73.7128958091302,75,12.842041735650934,34.45510511007907,2026-03-24
SYN_0112,11.937719527287712,73.7128958091302,100,11.127951456468155,34.348014443244395,2026-03-24
SYN_0112,11.937719527287712,73.7128958091302,150,9.335170648172166,34.36195863222931,2026-03-24
SYN_0112,11.937719527287712,73.7128958091302,200,8.716817845247663,34.269512874488505,2026-03-24
SYN_0113,13.223949777650915,73.04812518598624,0,28.27203110606373,34.81181770481562,2026-04-05
SYN_0113,13.223949777650915,73.04812518598624,10,24.69058947538981,34.65292611547978,2026-04-05
SYN_0113,13.223949777650915,73.04812518598624,25,20.544655896674442,34.56120641820196,2026-04-05
SYN_0113,13.223949777650915,73.04812518598624,50,15.681911792461088,34.45281877712429,2026-04-05
SYN_0113,13.223949777650915,73.04812518598624,75,12.937141984127063,34.319743170412494,2026-04-05
SYN_0113,13.223949777650915,73.04812518598624,100,11.161466270933072,34.25825439278757,2026-04-05
SYN_0113,13.223949777650915,73.04812518598624,150,9.610598387696745,34.115806656086875,2026-04-05
SYN_0113,13.223949777650915,73.04812518598624,200,8.694084736054553,34.32392278873309,2026-04-05
SYN_0114,7.117064717558177,82.46038788059433,0,28.091793839783172,34.871358708296995,2026-04-14
SYN_0114,7.117064717558177,82.46038788059433,10,24.266540663850748,34.91697147285517,2026-04-14
SYN_0114,7.117064717558177,82.46038788059433,25,20.43401670972428,34.64141704928041,2026-04-14
SYN_0114,7.117064717558177,82.46038788059433,50,15.31697354398713,34.604134992644575,2026-04-14
SYN_0114,7.117064717558177,82.46038788059433,75,12.502780474732518,34.533841490437126,2026-04-14
SYN_0114,7.117064717558177,82.46038788059433,100,10.646306867483144,34.540273442856936,2026-04-14
SYN_0114,7.117064717558177,82.46038788059433,150,9.034381756198687,34.463368502407754,2026-04-14
SYN_0114,7.117064717558177,82.46038788059433,200,8.61559461404365,34.30922132031119,2026-04-14
SYN_0115,10.057162365002224,76.55263508688846,0,28.110067470224468,34.836750771495375,2026-06-19
SYN_0115,10.057162365002224,76.55263508688846,10,24.540142272199343,34.74957165101552,2026-06-19
SYN_0115,10.057162365002224,76.55263508688846,25,20.083868278386845,34.73725768105448,2026-06-19
SYN_0115,10.057162365002224,76.55263508688846,50,15.61752679709092,34.46123543808822,2026-06-19
SYN_0115,10.057162365002224,76.55263508688846,75,12.246878408403088,34.67312722685865,2026-06-19
SYN_0115,10.057162365002224,76.55263508688846,100,10.62774691939298,34.445499917927556,2026-06-19
SYN_0115,10.057162365002224,76.55263508688846,150,8.953454721550596,34.541315854799166,2026-06-19
SYN_0115,10.057162365002224,76.55263508688846,200,8.450878504813126,34.43266152253931,2026-06-19
SYN_0116,13.154962100054647,68.22437623950245,0,28.043006466891214,34.95649862093406,2026-05-26
SYN_0116,13.154962100054647,68.22437623950245,10,24.428704149226338,34.75071753908283,2026-05-26
SYN_0116,13.154962100054647,68.22437623950245,25,20.303787328384058,34.667574663835005,2026-05-26
SYN_0116,13.154962100054647,68.22437623950245,50,15.32992215596688,34.515385142081875,2026-05-26
SYN_0116,13.154962100054647,68.22437623950245,75,12.615789680067122,34.581113726845174,2026-05-26
SYN_0116,13.154962100054647,68.22437623950245,100,10.609066156751467,34.53124336369387,2026-05-26
SYN_0116,13.154962100054647,68.22437623950245,150,8.809628603669756,34.57451239947437,2026-05-26
SYN_0116,13.154962100054647,68.22437623950245,200,8.731613728414063,34.3260367358562,2026-05-26
SYN_0117,6.9145810948879465,71.35389395094325,0,27.64188748412432,35.24757674263703,2026-01-15
SYN_0117,6.9145810948879465,71.35389395094325,10,24.16916900052136,34.93290928903737,2026-01-15
SYN_0117,6.9145810948879465,71.35389395094325,25,19.768219846138223,34.97981479859419,2026-01-15
SYN_0117,6.9145810948879465,71.35389395094325,50,14.978152760068355,34.79785720073262,2026-01-15
SYN_0117,6.9145810948879465,71.35389395094325,75,12.35986467641079,34.58080529666343,2026-01-15
SYN_0117,6.9145810948879465,71.35389395094325,100,10.423326576979395,34.6488569296197,2026-01-15
SYN_0117,6.9145810948879465,71.35389395094325,150,8.684282624324974,34.776608635015975,2026-01-15
SYN_0117,6.9145810948879465,71.35389395094325,200,8.40904774371469,34.39103903846681,2026-01-15
SYN_0118,11.504223925524226,65.78538828483305,0,27.997035700638353,34.94820541518598,2026-03-08
SYN_0118,11.504223925524226,65.78538828483305,10,24.11596726542956,34.95434607622073,2026-03-08
SYN_0118,11.504223925524226,65.78538828483305,25,20.10279856173624,34.67761358040013,2026-03-08
SYN_0118,11.504223925524226,65.78538828483305,50,15.486370543353734,34.45663011337963,2026-03-08
SYN_0118,11.504223925524226,65.78538828483305,75,12.284890640902455,34.513011038673255,2026-03-08
SYN_0118,11.504223925524226,65.78538828483305,100,10.585510064015649,34.54723833199279,2026-03-08
SYN_0118,11.504223925524226,65.78538828483305,150,8.50344153100042,34.75885911130185,2026-03-08
SYN_0118,11.504223925524226,65.78538828483305,200,8.54958356851231,34.39549208549466,2026-03-08
SYN_0119,19.484650952238987,78.80811443822144,0,28.26954987273306,34.841046989441146,2026-04-04
SYN_0119,19.484650952238987,78.80811443822144,10,24.489038539719886,34.78315244721942,2026-04-04
SYN_0119,19.484650952238987,78.80811443822144,25,20.285813538901795,34.54423112755361,2026-04-04
SYN_0119,19.484650952238987,78.80811443822144,50,15.447049617094828,34.52913274735768,2026-04-04
SYN_0119,19.484650952238987,78.80811443822144,75,12.521257319260744,34.42515537599363,2026-04-04
SYN_0119,19.484650952238987,78.80811443822144,100,10.769596108197682,34.50854188146328,2026-04-04
SYN_0119,19.484650952238987,78.80811443822144,150,8.882291315446736,34.583767594406574,2026-04-04
SYN_0119,19.484650952238987,78.80811443822144,200,8.540543136401068,34.307159766569896,2026-04-04
SYN_0120,6.011462076484577,73.52242475904461,0,27.614976408660787,35.22429487550715,2026-02-12
SYN_0120,6.011462076484577,73.52242475904461,10,23.57698931126295,35.22657738156032,2026-02-12
SYN_0120,6.011462076484577,73.52242475904461,25,19.607969825757205,34.978073896650464,2026-02-12
SYN_0120,6.011462076484577,73.52242475904461,50,14.658265666610017,34.9103253209762,2026-02-12
SYN_0120,6.011462076484577,73.52242475904461,75,11.617337908612908,34.97628351401357,2026-02-12
SYN_0120,6.011462076484577,73.52242475904461,100,10.255571232176267,34.7791201597453,2026-02-12
SYN_0120,6.011462076484577,73.52242475904461,150,8.532278293279603,34.69478237568156,2026-02-12
SYN_0120,6.011462076484577,73.52242475904461,200,8.049569782656004,34.615754243101456,2026-02-12
SYN_0121,6.133608643316708,65.69345408452133,0,28.183279878199908,34.843669090809826,2026-02-14
SYN_0121,6.133608643316708,65.69345408452133,10,24.35336127552176,34.850555970903876,2026-02-14
SYN_0121,6.133608643316708,65.69345408452133,25,20.179622970202995,34.70681381483404,2026-02-14
SYN_0121,6.133608643316708,65.69345408452133,50,15.520553889392412,34.456524118586366,2026-02-14
SYN_0121,6.133608643316708,65.69345408452133,75,12.961797616043155,34.30374013412031,2026-02-14
SYN_0121,6.133608643316708,65.69345408452133,100,10.824605877559854,34.42374950142485,2026-02-14
SYN_0121,6.133608643316708,65.69345408452133,150,9.020808377912124,34.406600433522826,2026-02-14
SYN_0121,6.133608643316708,65.69345408452133,200,8.643021149697898,34.41757738023493,2026-02-14
SYN_0122,15.014218516733425,77.8972244562996,0,28.482864500235856,34.76968224267212,2026-06-16
SYN_0122,15.014218516733425,77.8972244562996,10,24.625924034041326,34.698761412123126,2026-06-16
SYN_0122,15.014218516733425,77.8972244562996,25,20.729195631992408,34.463027814803425,2026-06-16
SYN_0122,15.014218516733425,77.8972244562996,50,15.932675391425793,34.247992474051486,2026-06-16
SYN_0122,15.014218516733425,77.8972244562996,75,13.247768620969298,34.18524089017389,2026-06-16
SYN_0122,15.014218516733425,77.8972244562996,100,10.891108671737815,34.39941308635771,2026-06-16
SYN_0122,15.014218516733425,77.8972244562996,150,9.511186654609338,34.1931392928934,2026-06-16
SYN_0122,15.014218516733425,77.8972244562996,200,8.966103317576508,34.23550119200395,2026-06-16
SYN_0123,9.374277778130784,66.19886601722617,0,27.906795939690742,35.064960538166304,2026-01-22
SYN_0123,9.374277778130784,66.19886601722617,10,24.352085665342994,34.85767096647461,2026-01-22
SYN_0123,9.374277778130784,66.19886601722617,25,20.105385496862535,34.751568751142266,2026-01-22
SYN_0123,9.374277778130784,66.19886601722617,50,15.634978611356246,34.45097864009782,2026-01-22
SYN_0123,9.374277778130784,66.19886601722617,75,12.704515391878232,34.53478526902179,2026-01-22
SYN_0123,9.374277778130784,66.19886601722617,100,10.678625895409644,34.59476159244712,2026-01-22
SYN_0123,9.374277778130784,66.19886601722617,150,9.244417830073655,34.41487068204083,2026-01-22
SYN_0123,9.374277778130784,66.19886601722617,200,8.62867042596564,34.38501828770276,2026-01-22
SYN_0124,8.013749740016676,82.03188638608438,0,27.672197768145047,35.19406349095604,2026-06-22
SYN_0124,8.013749740016676,82.03188638608438,10,24.41928062778372,34.88883878842921,2026-06-22
SYN_0124,8.013749740016676,82.03188638608438,25,20.12432832968736,34.676388119703134,2026-06-22
SYN_0124,8.013749740016676,82.03188638608438,50,15.443215713375308,34.623441126730846,2026-06-22
SYN_0124,8.013749740016676,82.03188638608438,75,12.445053509474223,34.50458662730945,2026-06-22
SYN_0124,8.013749740016676,82.03188638608438,100,10.676798390521519,34.629851505602176,2026-06-22
SYN_0124,8.013749740016676,82.03188638608438,150,8.840412414895939,34.592605745856496,2026-06-22
SYN_0124,8.013749740016676,82.03188638608438,200,8.259907289474048,34.5101910065283,2026-06-22
SYN_0125,19.578784002103145,80.59641768020137,0,27.707566188394566,35.21282636134076,2026-03-20
SYN_0125,19.578784002103145,80.59641768020137,10,24.634094233891933,34.67417245029227,2026-03-20
SYN_0125,19.578784002103145,80.59641768020137,25,19.761934341809734,34.86185404232525,2026-03-20
SYN_0125,19.578784002103145,80.59641768020137,50,15.081270766171928,34.71286548943731,2026-03-20
SYN_0125,19.578784002103145,80.59641768020137,75,12.615954114070972,34.521722640116174,2026-03-20
SYN_0125,19.578784002103145,80.59641768020137,100,10.981918083060656,34.419545415679146,2026-03-20
SYN_0125,19.578784002103145,80.59641768020137,150,8.917332261810742,34.503116444853184,2026-03-20
SYN_0125,19.578784002103145,80.59641768020137,200,8.158474192635639,34.62811279695829,2026-03-20
SYN_0126,21.081913392671858,73.51875416933879,0,28.07930792638379,34.937368589750015,2026-01-19
SYN_0126,21.081913392671858,73.51875416933879,10,24.24078599941752,34.94266866238825,2026-01-19
SYN_0126,21.081913392671858,73.51875416933879,25,19.911660024855493,34.95451000524723,2026-01-19
SYN_0126,21.081913392671858,73.51875416933879,50,15.09997810638063,34.72750737161755,2026-01-19
SYN_0126,21.081913392671858,73.51875416933879,75,12.559399641949884,34.525512527990784,2026-01-19
SYN_0126,21.081913392671858,73.51875416933879,100,10.768226981266332,34.486102903452725,2026-01-19
SYN_0126,21.081913392671858,73.51875416933879,150,8.734690577078423,34.67571080460574,2026-01-19
SYN_0126,21.081913392671858,73.51875416933879,200,8.278526196090999,34.60885476369611,2026-01-19
SYN_0127,19.604434355144985,72.29644940415598,0,28.25313306763361,34.89653413167966,2026-01-11
SYN_0127,19.604434355144985,72.29644940415598,10,24.672101705249695,34.72056527706484,2026-01-11
SYN_0127,19.604434355144985,72.29644940415598,25,20.307172961042273,34.633822152956306,2026-01-11
SYN_0127,19.604434355144985,72.29644940415598,50,15.40891112484132,34.59361542940089,2026-01-11
SYN_0127,19.604434355144985,72.29644940415598,75,12.292565585458854,34.6977679442285,2026-01-11
SYN_0127,19.604434355144985,72.29644940415598,100,10.896849489724023,34.33477712316886,2026-01-11
SYN_0127,19.604434355144985,72.29644940415598,150,8.879338675865618,34.52125941090492,2026-01-11
SYN_0127,19.604434355144985,72.29644940415598,200,8.26700469897028,34.55020377139159,2026-01-11
SYN_0128,7.282799386192642,83.82096520076755,0,27.783202726355157,35.0729475889409,2026-06-22
SYN_0128,7.282799386192642,83.82096520076755,10,24.42295734978277,34.842982016488726,2026-06-22
SYN_0128,7.282799386192642,83.82096520076755,25,20.225857289659853,34.66580488351365,2026-06-22
SYN_0128,7.282799386192642,83.82096520076755,50,15.740099966849666,34.49354206189027,2026-06-22
SYN_0128,7.282799386192642,83.82096520076755,75,12.280334988104046,34.618186089625375,2026-06-22
SYN_0128,7.282799386192642,83.82096520076755,100,10.849991090526576,34.40978067365614,2026-06-22
SYN_0128,7.282799386192642,83.82096520076755,150,9.232818147351376,34.3954592850341,2026-06-22
SYN_0128,7.282799386192642,83.82096520076755,200,8.638671954268728,34.33625935425073,2026-06-22
SYN_0129,15.805577863748422,66.58560569262383,0,27.97003997066182,35.06808082350887,2026-01-27
SYN_0129,15.805577863748422,66.58560569262383,10,24.477139827247377,34.72986261533953,2026-01-27
SYN_0129,15.805577863748422,66.58560569262383,25,20.24925766974646,34.67180167367534,2026-01-27
SYN_0129,15.805577863748422,66.58560569262383,50,15.058635389492318,34.69348140266787,2026-01-27
SYN_0129,15.805577863748422,66.58560569262383,75,12.107823250348849,34.748221865701794,2026-01-27
SYN_0129,15.805577863748422,66.58560569262383,100,10.51713935484166,34.531679886176036,2026-01-27
SYN_0129,15.805577863748422,66.58560569262383,150,9.048290559995863,34.352476567035104,2026-01-27
SYN_0129,15.805577863748422,66.58560569262383,200,8.425953258988306,34.534885703743,2026-01-27
SYN_0130,11.836945709961842,82.47749911042037,0,28.177309080836576,34.902598231281644,2026-03-17
SYN_0130,11.836945709961842,82.47749911042037,10,24.278451766069622,34.982812130573876,2026-03-17
SYN_0130,11.836945709961842,82.47749911042037,25,20.04018682574108,34.750795542957235,2026-03-17
SYN_0130,11.836945709961842,82.47749911042037,50,15.386302175404088,34.50761013897229,2026-03-17
SYN_0130,11.836945709961842,82.47749911042037,75,12.647732410423705,34.50555111148301,2026-03-17
SYN_0130,11.836945709961842,82.47749911042037,100,10.948705447762041,34.40748460384231,2026-03-17
SYN_0130,11.836945709961842,82.47749911042037,150,9.19257595162934,34.32887183923188,2026-03-17
SYN_0130,11.836945709961842,82.47749911042037,200,8.230016107803857,34.597624343081776,2026-03-17
SYN_0131,17.101790370810768,69.40975278829498,0,28.18088311259919,34.93126555471351,2026-04-29
SYN_0131,17.101790370810768,69.40975278829498,10,24.414414486241306,34.8841206799252,2026-04-29
SYN_0131,17.101790370810768,69.40975278829498,25,20.47854161821877,34.61497851383385,2026-04-29
SYN_0131,17.101790370810768,69.40975278829498,50,15.29351401606084,34.66715260710131,2026-04-29
SYN_0131,17.101790370810768,69.40975278829498,75,12.947843674716559,34.281228153697334,2026-04-29
SYN_0131,17.101790370810768,69.40975278829498,100,10.815382399244363,34.39387915302839,2026-04-29
SYN_0131,17.101790370810768,69.40975278829498,150,9.596625908070811,34.17717628932499,2026-04-29
SYN_0131,17.101790370810768,69.40975278829498,200,8.12791503071082,34.6874103356054,2026-04-29
SYN_0132,11.60782947331233,76.78429228695711,0,28.235371132978017,34.89827244801559,2026-04-23
SYN_0132,11.60782947331233,76.78429228695711,10,24.557576403861976,34.716171316293874,2026-04-23
SYN_0132,11.60782947331233,76.78429228695711,25,20.300924901765814,34.57646728887557,2026-04-23
SYN_0132,11.60782947331233,76.78429228695711,50,15.148089381640304,34.68301562893581,2026-04-23
SYN_0132,11.60782947331233,76.78429228695711,75,12.75460718587841,34.349244271493916,2026-04-23
SYN_0132,11.60782947331233,76.78429228695711,100,10.766053260900462,34.45985676915914,2026-04-23
SYN_0132,11.60782947331233,76.78429228695711,150,9.344185932321919,34.25894662619817,2026-04-23
SYN_0132,11.60782947331233,76.78429228695711,200,8.6310070913412,34.30268003624102,2026-04-23
SYN_0133,20.648516244255756,84.85029240323942,0,28.063437203675946,34.96441333078107,2026-02-22
SYN_0133,20.648516244255756,84.85029240323942,10,24.783806717122772,34.69091464842768,2026-02-22
SYN_0133,20.648516244255756,84.85029240323942,25,20.178083355898096,34.72009235365771,2026-02-22
SYN_0133,20.648516244255756,84.85029240323942,50,15.590620492260282,34.43185971143092,2026-02-22
SYN_0133,20.648516244255756,84.85029240323942,75,12.158914647539037,34.66535585069662,2026-02-22
SYN_0133,20.648516244255756,84.85029240323942,100,11.095255128565299,34.40033568725383,2026-02-22
SYN_0133,20.648516244255756,84.85029240323942,150,9.11907686163248,34.50580083901666,2026-02-22
SYN_0133,20.648516244255756,84.85029240323942,200,8.545626337481394,34.492508635563816,2026-02-22
SYN_0134,13.681043521619134,67.55140349142742,0,27.746141144823905,35.17291469224941,2026-03-06
SYN_0134,13.681043521619134,67.55140349142742,10,24.516340722982033,34.794019715943364,2026-03-06
SYN_0134,13.681043521619134,67.55140349142742,25,20.087310621111136,34.68361942029024,2026-03-06
SYN_0134,13.681043521619134,67.55140349142742,50,15.162740300520552,34.65614975732025,2026-03-06
SYN_0134,13.681043521619134,67.55140349142742,75,12.205565538959053,34.67189990285876,2026-03-06
SYN_0134,13.681043521619134,67.55140349142742,100,10.883014857331606,34.38868912312226,2026-03-06
SYN_0134,13.681043521619134,67.55140349142742,150,9.00197371792697,34.445348233542894,2026-03-06
SYN_0134,13.681043521619134,67.55140349142742,200,8.093363464692008,34.60684370327314,2026-03-06
SYN_0135,23.239191683992665,66.21857443441439,0,28.116052556440337,34.941886895616044,2026-01-28
SYN_0135,23.239191683992665,66.21857443441439,10,24.647725045609185,34.676300354147685,2026-01-28
SYN_0135,23.239191683992665,66.21857443441439,25,20.183634209980962,34.64622767138406,2026-01-28
SYN_0135,23.239191683992665,66.21857443441439,50,15.597716321409296,34.580402458450074,2026-01-28
SYN_0135,23.239191683992665,66.21857443441439,75,12.2499069971387,34.645483597954815,2026-01-28
SYN_0135,23.239191683992665,66.21857443441439,100,10.95864565130235,34.401107518513065,2026-01-28
SYN_0135,23.239191683992665,66.21857443441439,150,9.220055117178816,34.469152002063666,2026-01-28
SYN_0135,23.239191683992665,66.21857443441439,200,8.525558582400805,34.4623454913571,2026-01-28
SYN_0136,8.615703011247591,70.37595230060396,0,27.778718717073914,35.21687921161389,2026-04-14
SYN_0136,8.615703011247591,70.37595230060396,10,24.423501899107112,34.77267748553538,2026-04-14
SYN_0136,8.615703011247591,70.37595230060396,25,19.813811090795138,34.840915412122456,2026-04-14
SYN_0136,8.615703011247591,70.37595230060396,50,15.350411976510967,34.578214740972626,2026-04-14
SYN_0136,8.615703011247591,70.37595230060396,75,12.468790726055925,34.653130675373525,2026-04-14
SYN_0136,8.615703011247591,70.37595230060396,100,10.904357573403573,34.476333085858,2026-04-14
SYN_0136,8.615703011247591,70.37595230060396,150,8.94016554662775,34.547964132015615,2026-04-14
SYN_0136,8.615703011247591,70.37595230060396,200,8.143725695813561,34.57597438530877,2026-04-14
SYN_0137,7.762505862804945,82.18223515293833,0,27.97352253972322,35.113840436686424,2026-04-30
SYN_0137,7.762505862804945,82.18223515293833,10,24.373230529182347,34.89082484886392,2026-04-30
SYN_0137,7.762505862804945,82.18223515293833,25,19.841428354558204,34.83964680677333,2026-04-30
SYN_0137,7.762505862804945,82.18223515293833,50,15.254802655877086,34.67010834995976,2026-04-30
SYN_0137,7.762505862804945,82.18223515293833,75,12.489281830569492,34.47798934992705,2026-04-30
SYN_0137,7.762505862804945,82.18223515293833,100,10.613445454713462,34.513639057732405,2026-04-30
SYN_0137,7.762505862804945,82.18223515293833,150,9.155694314169882,34.42392461225487,2026-04-30
SYN_0137,7.762505862804945,82.18223515293833,200,8.426471128128789,34.4972444469107,2026-04-30
SYN_0138,11.474616512208474,80.30387667508784,0,27.956593059297095,35.02055222762913,2026-01-14
SYN_0138,11.474616512208474,80.30387667508784,10,24.40226745307238,34.821737780514546,2026-01-14
SYN_0138,11.474616512208474,80.30387667508784,25,20.230073128736898,34.648702033164035,2026-01-14
SYN_0138,11.474616512208474,80.30387667508784,50,15.374500458439432,34.60714260263634,2026-01-14
SYN_0138,11.474616512208474,80.30387667508784,75,12.55326849444848,34.438990034436685,2026-01-14
SYN_0138,11.474616512208474,80.30387667508784,100,11.155905213532726,34.29367862918676,2026-01-14
SYN_0138,11.474616512208474,80.30387667508784,150,9.131153007497891,34.48515616045853,2026-01-14
SYN_0138,11.474616512208474,80.30387667508784,200,8.417844530426919,34.491903147395156,2026-01-14
SYN_0139,18.2462747746144,80.03650291913362,0,28.208363430252763,34.92737914489838,2026-03-13
SYN_0139,18.2462747746144,80.03650291913362,10,24.56142755887186,34.7733055377974,2026-03-13
SYN_0139,18.2462747746144,80.03650291913362,25,20.174784075456216,34.76891599365908,2026-03-13
SYN_0139,18.2462747746144,80.03650291913362,50,15.507574322144963,34.49815197274064,2026-03-13
SYN_0139,18.2462747746144,80.03650291913362,75,12.71467006854126,34.35384922143956,2026-03-13
SYN_0139,18.2462747746144,80.03650291913362,100,10.714348043894278,34.549246098078065,2026-03-13
SYN_0139,18.2462747746144,80.03650291913362,150,8.980439481874766,34.50349669624964,2026-03-13
SYN_0139,18.2462747746144,80.03650291913362,200,8.83328718866373,34.25309572955907,2026-03-13
SYN_0140,23.443838561025686,67.83988518704169,0,27.968054023666006,35.06262939178405,2026-05-04
SYN_0140,23.443838561025686,67.83988518704169,10,24.490004295342978,34.87320187566953,2026-05-04
SYN_0140,23.443838561025686,67.83988518704169,25,19.997655092904065,34.77675940198258,2026-05-04
SYN_0140,23.443838561025686,67.83988518704169,50,15.221909906203333,34.72988739397489,2026-05-04
SYN_0140,23.443838561025686,67.83988518704169,75,12.45497546047019,34.47306089436772,2026-05-04
SYN_0140,23.443838561025686,67.83988518704169,100,10.61857312270746,34.45527348637828,2026-05-04
SYN_0140,23.443838561025686,67.83988518704169,150,8.875469565477236,34.725659522919294,2026-05-04
SYN_0140,23.443838561025686,67.83988518704169,200,8.4257875041862,34.465582103568345,2026-05-04
SYN_0141,18.262924979504177,76.90732740313746,0,28.029190767015447,35.00697730819201,2026-04-03
SYN_0141,18.262924979504177,76.90732740313746,10,24.527702534304023,34.74758280099365,2026-04-03
SYN_0141,18.262924979504177,76.90732740313746,25,20.38348539785857,34.63379392235439,2026-04-03
SYN_0141,18.262924979504177,76.90732740313746,50,15.771265439203242,34.290346056888396,2026-04-03
SYN_0141,18.262924979504177,76.90732740313746,75,12.793158289196588,34.382211665760344,2026-04-03
SYN_0141,18.262924979504177,76.90732740313746,100,10.6746902408967,34.53922991598099,2026-04-03
SYN_0141,18.262924979504177,76.90732740313746,150,9.350260692913418,34.3558482405127,2026-04-03
SYN_0141,18.262924979504177,76.90732740313746,200,8.454069072474713,34.495131973176655,2026-04-03
SYN_0142,19.111254232993822,71.15405626779688,0,27.937268079159004,35.10414500134497,2026-05-05
SYN_0142,19.111254232993822,71.15405626779688,10,24.384176482045675,34.83079532078567,2026-05-05
SYN_0142,19.111254232993822,71.15405626779688,25,20.428748641560887,34.663453056008166,2026-05-05
SYN_0142,19.111254232993822,71.15405626779688,50,15.583971513928978,34.48264710193666,2026-05-05
SYN_0142,19.111254232993822,71.15405626779688,75,12.772051031574549,34.38581029897183,2026-05-05
SYN_0142,19.111254232993822,71.15405626779688,100,10.816793468517119,34.38151312644822,2026-05-05
SYN_0142,19.111254232993822,71.15405626779688,150,9.031023525151763,34.41467023759502,2026-05-05
SYN_0142,19.111254232993822,71.15405626779688,200,8.428791597494131,34.520891033997465,2026-05-05
SYN_0143,21.550473879076343,65.0119587766959,0,28.26079398290661,34.83572715495251,2026-03-06
SYN_0143,21.550473879076343,65.0119587766959,10,24.405952706741637,34.78023705248122,2026-03-06
SYN_0143,21.550473879076343,65.0119587766959,25,20.244989469989598,34.69074242236944,2026-03-06
SYN_0143,21.550473879076343,65.0119587766959,50,15.727174455972492,34.416319322419085,2026-03-06
SYN_0143,21.550473879076343,65.0119587766959,75,12.394114855994143,34.62073466426058,2026-03-06
SYN_0143,21.550473879076343,65.0119587766959,100,10.820787731926728,34.483032574784545,2026-03-06
SYN_0143,21.550473879076343,65.0119587766959,150,8.863010057113883,34.65522603792509,2026-03-06
SYN_0143,21.550473879076343,65.0119587766959,200,8.465680605062154,34.39583692954487,2026-03-06
SYN_0144,14.657025488202095,69.24571283337183,0,28.366152837694408,34.819599721047744,2026-03-06
SYN_0144,14.657025488202095,69.24571283337183,10,24.71401462726051,34.68908307322825,2026-03-06
SYN_0144,14.657025488202095,69.24571283337183,25,20.294563937094352,34.58861634717731,2026-03-06
SYN_0144,14.657025488202095,69.24571283337183,50,15.74092546809944,34.39272972924005,2026-03-06
SYN_0144,14.657025488202095,69.24571283337183,75,12.99312975671544,34.236160777698316,2026-03-06
SYN_0144,14.657025488202095,69.24571283337183,100,11.077607364589598,34.310305885573904,2026-03-06
SYN_0144,14.657025488202095,69.24571283337183,150,9.093883284704708,34.49937557765456,2026-03-06
SYN_0144,14.657025488202095,69.24571283337183,200,8.573047231256538,34.49142320281322,2026-03-06
SYN_0145,21.5830128056828,75.16283437330388,0,27.73212525030092,35.19379669908066,2026-02-07
SYN_0145,21.5830128056828,75.16283437330388,10,23.95771642114387,35.05016606681409,2026-02-07
SYN_0145,21.5830128056828,75.16283437330388,25,20.042456283966946,34.69890779924342,2026-02-07
SYN_0145,21.5830128056828,75.16283437330388,50,14.97149042799874,34.853496208993754,2026-02-07
SYN_0145,21.5830128056828,75.16283437330388,75,12.042403525696425,34.72898759425023,2026-02-07
SYN_0145,21.5830128056828,75.16283437330388,100,10.507899289176287,34.600380777562044,2026-02-07
SYN_0145,21.5830128056828,75.16283437330388,150,8.66500451244146,34.72790359147961,2026-02-07
SYN_0145,21.5830128056828,75.16283437330388,200,8.123277622550214,34.69240101097381,2026-02-07
SYN_0146,21.479953037599564,69.0817532231152,0,27.605202355888316,35.13164043493443,2026-05-10
SYN_0146,21.479953037599564,69.0817532231152,10,24.16491981360286,34.955722954087925,2026-05-10
SYN_0146,21.479953037599564,69.0817532231152,25,20.092284930511976,34.69449721603492,2026-05-10
SYN_0146,21.479953037599564,69.0817532231152,50,14.949149253011223,34.8097517620662,2026-05-10
SYN_0146,21.479953037599564,69.0817532231152,75,12.399514002898451,34.55665572915239,2026-05-10
SYN_0146,21.479953037599564,69.0817532231152,100,10.83495945410161,34.42435313538936,2026-05-10
SYN_0146,21.479953037599564,69.0817532231152,150,8.937376638705523,34.62632991082713,2026-05-10
SYN_0146,21.479953037599564,69.0817532231152,200,8.261193527699291,34.59320720883843,2026-05-10
SYN_0147,13.8754267818449,70.64735838085312,0,28.234781782413137,34.82774069284488,2026-03-15
SYN_0147,13.8754267818449,70.64735838085312,10,24.55260053461725,34.82886788547877,2026-03-15
SYN_0147,13.8754267818449,70.64735838085312,25,20.38189743256377,34.51502195710349,2026-03-15
SYN_0147,13.8754267818449,70.64735838085312,50,15.698056675158748,34.43298068703276,2026-03-15
SYN_0147,13.8754267818449,70.64735838085312,75,12.461500128647495,34.538390148265066,2026-03-15
SYN_0147,13.8754267818449,70.64735838085312,100,10.67754561098475,34.52431082477338,2026-03-15
SYN_0147,13.8754267818449,70.64735838085312,150,9.409480164979954,34.33114245390008,2026-03-15
SYN_0147,13.8754267818449,70.64735838085312,200,8.527777163399302,34.324504017232194,2026-03-15
SYN_0148,21.969435488125292,72.2651070335162,0,27.939311957328634,35.05834477870608,2026-02-21
SYN_0148,21.969435488125292,72.2651070335162,10,24.22953079594991,34.928727365205205,2026-02-21
SYN_0148,21.969435488125292,72.2651070335162,25,19.807253914687276,34.82747093736306,2026-02-21
SYN_0148,21.969435488125292,72.2651070335162,50,15.166078523815479,34.80777305389419,2026-02-21
SYN_0148,21.969435488125292,72.2651070335162,75,12.234623079210952,34.66651463201027,2026-02-21
SYN_0148,21.969435488125292,72.2651070335162,100,10.448112160685042,34.64637724522918,2026-02-21
SYN_0148,21.969435488125292,72.2651070335162,150,8.653152345271254,34.556418363273025,2026-02-21
SYN_0148,21.969435488125292,72.2651070335162,200,8.249259495678016,34.58188114332393,2026-02-21
SYN_0149,10.993373676829815,84.24204208330055,0,28.16134217007805,34.86753336571035,2026-06-10
SYN_0149,10.993373676829815,84.24204208330055,10,24.44466854550671,34.76386564322644,2026-06-10
SYN_0149,10.993373676829815,84.24204208330055,25,20.25596797566956,34.67831841850567,2026-06-10
SYN_0149,10.993373676829815,84.24204208330055,50,15.465800448878301,34.57325161429017,2026-06-10
SYN_0149,10.993373676829815,84.24204208330055,75,12.547830637987046,34.469860069181856,2026-06-10
SYN_0149,10.993373676829815,84.24204208330055,100,10.78565836231008,34.45088041865147,2026-06-10
SYN_0149,10.993373676829815,84.24204208330055,150,9.027650072054396,34.54564379471108,2026-06-10
SYN_0149,10.993373676829815,84.24204208330055,200,8.446279247108151,34.44218374563075,2026-06-10
SYN_0150,6.762688619533829,80.5359687441726,0,27.656116420268347,35.19770650594705,2026-03-10
SYN_0150,6.762688619533829,80.5359687441726,10,24.541903446744367,34.80314682311225,2026-03-10
SYN_0150,6.762688619533829,80.5359687441726,25,19.828912027053647,34.86350247752237,2026-03-10
SYN_0150,6.762688619533829,80.5359687441726,50,15.342815901069635,34.61114507108559,2026-03-10
SYN_0150,6.762688619533829,80.5359687441726,75,12.633630730177543,34.45799415228348,2026-03-10
SYN_0150,6.762688619533829,80.5359687441726,100,10.417658160601105,34.680516530126425,2026-03-10
SYN_0150,6.762688619533829,80.5359687441726,150,8.54839443428458,34.82780619555892,2026-03-10
SYN_0150,6.762688619533829,80.5359687441726,200,8.133265673783205,34.562046381873614,2026-03-10
SYN_0151,17.34388454233933,84.3963772926757,0,27.87671110736097,34.997919802194566,2026-01-19
SYN_0151,17.34388454233933,84.3963772926757,10,24.424865571719703,34.90854277977782,2026-01-19
SYN_0151,17.34388454233933,84.3963772926757,25,20.341115336304068,34.50914969555801,2026-01-19
SYN_0151,17.34388454233933,84.3963772926757,50,14.990098843683093,34.7826919231665,2026-01-19
SYN_0151,17.34388454233933,84.3963772926757,75,12.436753268991488,34.547623430595394,2026-01-19
SYN_0151,17.34388454233933,84.3963772926757,100,10.408185938015833,34.76371983490431,2026-01-19
SYN_0151,17.34388454233933,84.3963772926757,150,8.569083560489393,34.74423726368932,2026-01-19
SYN_0151,17.34388454233933,84.3963772926757,200,8.209244705245117,34.62016476086454,2026-01-19
SYN_0152,11.557679880365171,79.74264827913278,0,28.133098361863553,34.903562802429406,2026-02-13
SYN_0152,11.557679880365171,79.74264827913278,10,24.69466223375725,34.638273213417584,2026-02-13
SYN_0152,11.557679880365171,79.74264827913278,25,20.156124139025167,34.68741477826322,2026-02-13
SYN_0152,11.557679880365171,79.74264827913278,50,15.867089700488137,34.333172033321674,2026-02-13
SYN_0152,11.557679880365171,79.74264827913278,75,12.836314263941118,34.39007664358188,2026-02-13
SYN_0152,11.557679880365171,79.74264827913278,100,10.811525283747356,34.46334033054725,2026-02-13
SYN_0152,11.557679880365171,79.74264827913278,150,8.971395249401255,34.443439055384644,2026-02-13
SYN_0152,11.557679880365171,79.74264827913278,200,8.56026514720049,34.36422939729964,2026-02-13
SYN_0153,15.95035768119989,83.87556222736738,0,27.58930594706266,35.2022919307811,2026-01-02
SYN_0153,15.95035768119989,83.87556222736738,10,24.478204460532638,34.89866589040049,2026-01-02
SYN_0153,15.95035768119989,83.87556222736738,25,19.90053655580348,34.81852144172181,2026-01-02
SYN_0153,15.95035768119989,83.87556222736738,50,15.304284776289023,34.60475865053441,2026-01-02
SYN_0153,15.95035768119989,83.87556222736738,75,12.499330925144362,34.46946756270729,2026-01-02
SYN_0153,15.95035768119989,83.87556222736738,100,10.508792789567734,34.72421757671332,2026-01-02
SYN_0153,15.95035768119989,83.87556222736738,150,8.791223037350864,34.55744896627625,2026-01-02
SYN_0153,15.95035768119989,83.87556222736738,200,8.34388303807812,34.51033104842242,2026-01-02
SYN_0154,17.20726015636314,75.92814148424264,0,28.27904147650402,34.81272982935366,2026-01-13
SYN_0154,17.20726015636314,75.92814148424264,10,24.803881913522083,34.654825919819,2026-01-13
SYN_0154,17.20726015636314,75.92814148424264,25,20.73852053742518,34.434529612648646,2026-01-13
SYN_0154,17.20726015636314,75.92814148424264,50,15.690391747076001,34.47523664672828,2026-01-13
SYN_0154,17.20726015636314,75.92814148424264,75,12.8625118032435,34.27251985576538,2026-01-13
SYN_0154,17.20726015636314,75.92814148424264,100,10.931238948873892,34.452372137326996,2026-01-13
SYN_0154,17.20726015636314,75.92814148424264,150,9.349931534586826,34.42875263631599,2026-01-13
SYN_0154,17.20726015636314,75.92814148424264,200,8.520763885933253,34.38445486430325,2026-01-13
SYN_0155,17.509561208493228,68.09715148157643,0,27.843481322462043,34.997203364916174,2026-03-06
SYN_0155,17.509561208493228,68.09715148157643,10,24.62294516740462,34.72447479117227,2026-03-06
SYN_0155,17.509561208493228,68.09715148157643,25,20.225776312145005,34.59410376567032,2026-03-06
SYN_0155,17.509561208493228,68.09715148157643,50,15.325620271231859,34.5825543283345,2026-03-06
SYN_0155,17.509561208493228,68.09715148157643,75,12.355984923762144,34.548888633753535,2026-03-06
SYN_0155,17.509561208493228,68.09715148157643,100,10.630547908580954,34.41132424480176,2026-03-06
SYN_0155,17.509561208493228,68.09715148157643,150,9.052303375326659,34.50313260564894,2026-03-06
SYN_0155,17.509561208493228,68.09715148157643,200,8.389895551592627,34.40769827985764,2026-03-06
SYN_0156,9.845143151695348,69.06975989110624,0,27.815577818445128,35.12477834139509,2026-01-04
SYN_0156,9.845143151695348,69.06975989110624,10,24.56199650368269,34.78427851973104,2026-01-04
SYN_0156,9.845143151695348,69.06975989110624,25,20.3872317092673,34.524699715043,2026-01-04
SYN_0156,9.845143151695348,69.06975989110624,50,15.366095595277338,34.71873792332601,2026-01-04
SYN_0156,9.845143151695348,69.06975989110624,75,12.39747863467503,34.5948815722016,2026-01-04
SYN_0156,9.845143151695348,69.06975989110624,100,10.597142331290812,34.52410482419755,2026-01-04
SYN_0156,9.845143151695348,69.06975989110624,150,8.876797650583804,34.5739952099053,2026-01-04
SYN_0156,9.845143151695348,69.06975989110624,200,8.494896715682893,34.406261727837496,2026-01-04
SYN_0157,6.549659475847718,70.6462766842144,0,27.73150729471928,35.187764610651854,2026-03-09
SYN_0157,6.549659475847718,70.6462766842144,10,24.150821539181425,34.950750263799925,2026-03-09
SYN_0157,6.549659475847718,70.6462766842144,25,19.90569858610904,34.87432159266884,2026-03-09
SYN_0157,6.549659475847718,70.6462766842144,50,15.17980311890072,34.76524864029639,2026-03-09
SYN_0157,6.549659475847718,70.6462766842144,75,12.20519674373971,34.59380018767189,2026-03-09
SYN_0157,6.549659475847718,70.6462766842144,100,10.423546895267922,34.654675169841745,2026-03-09
SYN_0157,6.549659475847718,70.6462766842144,150,8.783727287257824,34.60635582708942,2026-03-09
SYN_0157,6.549659475847718,70.6462766842144,200,8.173052774261858,34.55992015440357,2026-03-09
SYN_0158,13.343285579514042,82.5549880972525,0,27.888611096537545,35.012965642712814,2026-06-08
SYN_0158,13.343285579514042,82.5549880972525,10,24.408744445859266,34.84170511148114,2026-06-08
SYN_0158,13.343285579514042,82.5549880972525,25,20.41701596511694,34.576768592866884,2026-06-08
SYN_0158,13.343285579514042,82.5549880972525,50,15.429159581772376,34.52509524190886,2026-06-08
SYN_0158,13.343285579514042,82.5549880972525,75,12.445597930563292,34.545968274911374,2026-06-08
SYN_0158,13.343285579514042,82.5549880972525,100,10.530129726972326,34.54224817444694,2026-06-08
SYN_0158,13.343285579514042,82.5549880972525,150,9.253552873916076,34.4383944146227,2026-06-08
SYN_0158,13.343285579514042,82.5549880972525,200,8.521055846892116,34.416632625129,2026-06-08
SYN_0159,14.141193185315526,70.8051021074506,0,28.434532405379446,34.69732782757987,2026-02-19
SYN_0159,14.141193185315526,70.8051021074506,10,24.94118387975555,34.56220923548118,2026-02-19
SYN_0159,14.141193185315526,70.8051021074506,25,20.56025389563972,34.53633783789626,2026-02-19
SYN_0159,14.141193185315526,70.8051021074506,50,15.652720373533786,34.474925380567605,2026-02-19
SYN_0159,14.141193185315526,70.8051021074506,75,12.621233079245302,34.379384368258954,2026-02-19
SYN_0159,14.141193185315526,70.8051021074506,100,10.953348798578226,34.31593652581668,2026-02-19
SYN_0159,14.141193185315526,70.8051021074506,150,9.368730913163542,34.306612781468615,2026-02-19
SYN_0159,14.141193185315526,70.8051021074506,200,8.371830977869026,34.50157385620502,2026-02-19
SYN_0160,11.329142617488323,66.73934040511867,0,28.02918960126206,35.02775252445746,2026-04-22
SYN_0160,11.329142617488323,66.73934040511867,10,24.288697738337216,34.902462493802894,2026-04-22
SYN_0160,11.329142617488323,66.73934040511867,25,19.882355204405293,34.89602540774171,2026-04-22
SYN_0160,11.329142617488323,66.73934040511867,50,15.621275142362036,34.57661960727606,2026-04-22
SYN_0160,11.329142617488323,66.73934040511867,75,12.274517797846078,34.76066218171672,2026-04-22
SYN_0160,11.329142617488323,66.73934040511867,100,10.711760122481559,34.43925327021424,2026-04-22
SYN_0160,11.329142617488323,66.73934040511867,150,9.258054450981371,34.43654372219267,2026-04-22
SYN_0160,11.329142617488323,66.73934040511867,200,8.30319362240244,34.47565087996208,2026-04-22
SYN_0161,11.939179007551717,73.63614190215554,0,28.25181038515082,34.94619509730727,2026-01-15
SYN_0161,11.939179007551717,73.63614190215554,10,24.83267825030326,34.57941326175676,2026-01-15
SYN_0161,11.939179007551717,73.63614190215554,25,20.26092087978969,34.624337665070364,2026-01-15
SYN_0161,11.939179007551717,73.63614190215554,50,15.530325500185556,34.48458923021633,2026-01-15
SYN_0161,11.939179007551717,73.63614190215554,75,12.796878858977932,34.38515744076776,2026-01-15
SYN_0161,11.939179007551717,73.63614190215554,100,11.147521932607312,34.315181676648045,2026-01-15
SYN_0161,11.939179007551717,73.63614190215554,150,9.00546315279108,34.50932290370274,2026-01-15
SYN_0161,11.939179007551717,73.63614190215554,200,8.442207801258652,34.44791907422373,2026-01-15
SYN_0162,10.249700158011821,76.62430954978767,0,27.926289950084474,35.033863717781266,2026-06-28
SYN_0162,10.249700158011821,76.62430954978767,10,24.42670119966517,34.732445997211535,2026-06-28
SYN_0162,10.249700158011821,76.62430954978767,25,20.276769395602738,34.63761417413343,2026-06-28
SYN_0162,10.249700158011821,76.62430954978767,50,15.147319632271527,34.64558558093365,2026-06-28
SYN_0162,10.249700158011821,76.62430954978767,75,12.570880129709657,34.45698215691237,2026-06-28
SYN_0162,10.249700158011821,76.62430954978767,100,10.805639402812673,34.48656865917605,2026-06-28
SYN_0162,10.249700158011821,76.62430954978767,150,8.939398630292894,34.58950939419676,2026-06-28
SYN_0162,10.249700158011821,76.62430954978767,200,8.237235008212505,34.57533699941106,2026-06-28
SYN_0163,18.53744551655153,66.28189422072352,0,28.07286001738636,34.95661747531746,2026-02-14
SYN_0163,18.53744551655153,66.28189422072352,10,24.284743627167995,34.88614264344921,2026-02-14
SYN_0163,18.53744551655153,66.28189422072352,25,19.857447346817906,34.894603272901755,2026-02-14
SYN_0163,18.53744551655153,66.28189422072352,50,15.277785892789666,34.60031446955462,2026-02-14
SYN_0163,18.53744551655153,66.28189422072352,75,12.371574482023625,34.669046044096476,2026-02-14
SYN_0163,18.53744551655153,66.28189422072352,100,10.561621341850234,34.52836144550708,2026-02-14
SYN_0163,18.53744551655153,66.28189422072352,150,8.924127313073658,34.48231706185122,2026-02-14
SYN_0163,18.53744551655153,66.28189422072352,200,8.508696477948346,34.43107985462727,2026-02-14
SYN_0164,22.166458777577162,81.89728170821017,0,27.976566415009163,35.044028499053304,2026-06-04
SYN_0164,22.166458777577162,81.89728170821017,10,24.13160378327863,34.953618432425465,2026-06-04
SYN_0164,22.166458777577162,81.89728170821017,25,20.242367761269364,34.71843749149532,2026-06-04
SYN_0164,22.166458777577162,81.89728170821017,50,14.811775097496408,34.82112987822741,2026-06-04
SYN_0164,22.166458777577162,81.89728170821017,75,12.054603252163531,34.83460572792302,2026-06-04
SYN_0164,22.166458777577162,81.89728170821017,100,10.706018603314803,34.454190628076375,2026-06-04
SYN_0164,22.166458777577162,81.89728170821017,150,9.256260661977134,34.37072516942755,2026-06-04
SYN_0164,22.166458777577162,81.89728170821017,200,8.348108076166653,34.50012778768955,2026-06-04
SYN_0165,7.492267713566547,78.04951911014464,0,27.599343966843062,35.17994413599974,2026-06-27
SYN_0165,7.492267713566547,78.04951911014464,10,23.891932543253358,35.05637680738413,2026-06-27
SYN_0165,7.492267713566547,78.04951911014464,25,20.00475459997178,34.79301078658651,2026-06-27
SYN_0165,7.492267713566547,78.04951911014464,50,14.924037973012643,34.807677402837875,2026-06-27
SYN_0165,7.492267713566547,78.04951911014464,75,12.227396715699367,34.699043570404534,2026-06-27
SYN_0165,7.492267713566547,78.04951911014464,100,10.479517470605229,34.60398512574687,2026-06-27
SYN_0165,7.492267713566547,78.04951911014464,150,8.846791219794868,34.55432889015055,2026-06-27
SYN_0165,7.492267713566547,78.04951911014464,200,8.01216250178991,34.63303513064539,2026-06-27
SYN_0166,14.770849328805141,75.48392542126615,0,28.441870051544495,34.82350363007831,2026-05-21
SYN_0166,14.770849328805141,75.48392542126615,10,24.929348355377325,34.63630115129721,2026-05-21
SYN_0166,14.770849328805141,75.48392542126615,25,20.567787064512984,34.527507390969994,2026-05-21
SYN_0166,14.770849328805141,75.48392542126615,50,16.02620188031939,34.27861994482925,2026-05-21
SYN_0166,14.770849328805141,75.48392542126615,75,12.954718191880755,34.24985002164474,2026-05-21
SYN_0166,14.770849328805141,75.48392542126615,100,11.003559399419016,34.43051339304005,2026-05-21
SYN_0166,14.770849328805141,75.48392542126615,150,9.469246124935651,34.30478330225705,2026-05-21
SYN_0166,14.770849328805141,75.48392542126615,200,9.050071536513292,34.22481002444904,2026-05-21
SYN_0167,7.566998532293896,78.00374332891306,0,27.808918426748555,35.02736367806635,2026-04-13
SYN_0167,7.566998532293896,78.00374332891306,10,24.240723420243928,34.94237316586475,2026-04-13
SYN_0167,7.566998532293896,78.00374332891306,25,20.030411014371722,34.73268425367207,2026-04-13
SYN_0167,7.566998532293896,78.00374332891306,50,14.960353578468611,34.81980768348409,2026-04-13
SYN_0167,7.566998532293896,78.00374332891306,75,12.328653464411698,34.64980842202664,2026-04-13
SYN_0167,7.566998532293896,78.00374332891306,100,10.303557446020616,34.71201414093406,2026-04-13
SYN_0167,7.566998532293896,78.00374332891306,150,8.63609448409304,34.70464905820777,2026-04-13
SYN_0167,7.566998532293896,78.00374332891306,200,8.31302779367852,34.52638203491999,2026-04-13
SYN_0168,19.73652911503008,75.02080473969207,0,27.895145291890998,35.03539741870901,2026-03-03
SYN_0168,19.73652911503008,75.02080473969207,10,24.17504657112116,34.969207553243514,2026-03-03
SYN_0168,19.73652911503008,75.02080473969207,25,20.275012273353752,34.548261929577876,2026-03-03
SYN_0168,19.73652911503008,75.02080473969207,50,15.199130379343368,34.67866137118198,2026-03-03
SYN_0168,19.73652911503008,75.02080473969207,75,12.719326898761558,34.387932377397064,2026-03-03
SYN_0168,19.73652911503008,75.02080473969207,100,10.963165203560674,34.404436074185924,2026-03-03
SYN_0168,19.73652911503008,75.02080473969207,150,9.180510217435096,34.35312871752497,2026-03-03
SYN_0168,19.73652911503008,75.02080473969207,200,8.26732527667942,34.58323265918622,2026-03-03
SYN_0169,5.532167321553683,79.70457036203192,0,27.81891520311595,35.1241603588862,2026-06-20
SYN_0169,5.532167321553683,79.70457036203192,10,23.934874018857517,35.12716659438129,2026-06-20
SYN_0169,5.532167321553683,79.70457036203192,25,19.93823799756593,34.844871940470995,2026-06-20
SYN_0169,5.532167321553683,79.70457036203192,50,15.142540200385186,34.66102390758005,2026-06-20
SYN_0169,5.532167321553683,79.70457036203192,75,12.121868483515302,34.629571121608244,2026-06-20
SYN_0169,5.532167321553683,79.70457036203192,100,10.572371683048955,34.61268898377811,2026-06-20
SYN_0169,5.532167321553683,79.70457036203192,150,9.032230364185908,34.48021705093703,2026-06-20
SYN_0169,5.532167321553683,79.70457036203192,200,8.089089554365119,34.622332525282275,2026-06-20
SYN_0170,5.6602387180065445,84.07873505052817,0,28.05239847765243,34.947108014704185,2026-04-15
SYN_0170,5.6602387180065445,84.07873505052817,10,24.612890032329478,34.73854199474152,2026-04-15
SYN_0170,5.6602387180065445,84.07873505052817,25,20.196099643353147,34.68474991053733,2026-04-15
SYN_0170,5.6602387180065445,84.07873505052817,50,15.255181165097012,34.67941713046868,2026-04-15
SYN_0170,5.6602387180065445,84.07873505052817,75,12.454985385904369,34.618195072351796,2026-04-15
SYN_0170,5.6602387180065445,84.07873505052817,100,10.822031165328973,34.36720358007795,2026-04-15
SYN_0170,5.6602387180065445,84.07873505052817,150,9.131356451092298,34.38402578506872,2026-04-15
SYN_0170,5.6602387180065445,84.07873505052817,200,8.570857098849617,34.30057941099715,2026-04-15
SYN_0171,10.046454885274905,83.30579880758548,0,28.020284846600028,34.92359821149214,2026-01-07
SYN_0171,10.046454885274905,83.30579880758548,10,24.704230586969167,34.71718475990541,2026-01-07
SYN_0171,10.046454885274905,83.30579880758548,25,19.923777285966025,34.78200475271902,2026-01-07
SYN_0171,10.046454885274905,83.30579880758548,50,15.28192119113706,34.68358443887822,2026-01-07
SYN_0171,10.046454885274905,83.30579880758548,75,12.868632828884666,34.2889847645327,2026-01-07
SYN_0171,10.046454885274905,83.30579880758548,100,10.500895194120396,34.50962019325003,2026-01-07
SYN_0171,10.046454885274905,83.30579880758548,150,9.00809667345365,34.454461798719066,2026-01-07
SYN_0171,10.046454885274905,83.30579880758548,200,8.277834202184943,34.52016523195338,2026-01-07
SYN_0172,7.492301263782495,72.31798597235615,0,27.946962384391334,34.957125380281546,2026-03-07
SYN_0172,7.492301263782495,72.31798597235615,10,24.074993019357194,34.9805275862112,2026-03-07
SYN_0172,7.492301263782495,72.31798597235615,25,19.960799895346096,34.82724733325704,2026-03-07
SYN_0172,7.492301263782495,72.31798597235615,50,15.213379595073715,34.63466303849255,2026-03-07
SYN_0172,7.492301263782495,72.31798597235615,75,12.134265641747405,34.69426796733576,2026-03-07
SYN_0172,7.492301263782495,72.31798597235615,100,10.277843394259234,34.82952788562398,2026-03-07
SYN_0172,7.492301263782495,72.31798597235615,150,8.64068840510499,34.69940604912277,2026-03-07
SYN_0172,7.492301263782495,72.31798597235615,200,8.052377057177463,34.6547346420492,2026-03-07
SYN_0173,10.35994533768756,83.2441647356305,0,27.84903808876684,35.12701384541596,2026-05-05
SYN_0173,10.35994533768756,83.2441647356305,10,24.23595254623552,34.980170078899356,2026-05-05
SYN_0173,10.35994533768756,83.2441647356305,25,20.18523377618019,34.73092900207664,2026-05-05
SYN_0173,10.35994533768756,83.2441647356305,50,15.614048952134109,34.42446021865177,2026-05-05
SYN_0173,10.35994533768756,83.2441647356305,75,12.417242052421441,34.59478482221422,2026-05-05
SYN_0173,10.35994533768756,83.2441647356305,100,10.643899648516655,34.54235681326341,2026-05-05
SYN_0173,10.35994533768756,83.2441647356305,150,8.909253621033601,34.51409784616156,2026-05-05
SYN_0173,10.35994533768756,83.2441647356305,200,8.249897045871597,34.54681228013371,2026-05-05
SYN_0174,12.988645580617089,73.37858447874838,0,28.43568813809466,34.76522171474774,2026-03-09
SYN_0174,12.988645580617089,73.37858447874838,10,24.87862379692469,34.61309488116251,2026-03-09
SYN_0174,12.988645580617089,73.37858447874838,25,20.480600652332377,34.63110973923269,2026-03-09
SYN_0174,12.988645580617089,73.37858447874838,50,15.581676104402444,34.50975929467083,2026-03-09
SYN_0174,12.988645580617089,73.37858447874838,75,12.644881938393803,34.44005359918862,2026-03-09
SYN_0174,12.988645580617089,73.37858447874838,100,11.163503248090892,34.289939101169274,2026-03-09
SYN_0174,12.988645580617089,73.37858447874838,150,9.478146553197712,34.33090558552784,2026-03-09
SYN_0174,12.988645580617089,73.37858447874838,200,8.911726705881035,34.23936250425432,2026-03-09
SYN_0175,13.218851047002198,77.08608839642957,0,28.417855889312147,34.72414557180512,2026-04-13
SYN_0175,13.218851047002198,77.08608839642957,10,24.436114079571755,34.79474727047745,2026-04-13
SYN_0175,13.218851047002198,77.08608839642957,25,20.371481477860055,34.62757142642237,2026-04-13
SYN_0175,13.218851047002198,77.08608839642957,50,15.50501636677149,34.58504813297968,2026-04-13
SYN_0175,13.218851047002198,77.08608839642957,75,12.91329803266036,34.366605563693696,2026-04-13
SYN_0175,13.218851047002198,77.08608839642957,100,11.308214236045782,34.17903145179214,2026-04-13
SYN_0175,13.218851047002198,77.08608839642957,150,9.42566515422373,34.27025504139584,2026-04-13
SYN_0175,13.218851047002198,77.08608839642957,200,8.735482512390822,34.3244619003268,2026-04-13
SYN_0176,8.557681174689993,72.03440222691304,0,27.892773215941318,34.9763665246955,2026-04-16
SYN_0176,8.557681174689993,72.03440222691304,10,24.221930315576103,34.97649623935599,2026-04-16
SYN_0176,8.557681174689993,72.03440222691304,25,19.455186838595726,35.08117344136886,2026-04-16
SYN_0176,8.557681174689993,72.03440222691304,50,14.905489221208459,34.67887130627977,2026-04-16
SYN_0176,8.557681174689993,72.03440222691304,75,12.23528857804614,34.64341699273756,2026-04-16
SYN_0176,8.557681174689993,72.03440222691304,100,10.679158656185582,34.61242550308306,2026-04-16
SYN_0176,8.557681174689993,72.03440222691304,150,8.888015756102506,34.47639611037953,2026-04-16
SYN_0176,8.557681174689993,72.03440222691304,200,8.135673965234469,34.64728640503393,2026-04-16
SYN_0177,24.045280290667446,75.66110580189422,0,27.62888693293708,35.127061882250196,2026-04-09
SYN_0177,24.045280290667446,75.66110580189422,10,23.877653405505292,35.144831000160366,2026-04-09
SYN_0177,24.045280290667446,75.66110580189422,25,19.500560637959662,35.03004803456071,2026-04-09
SYN_0177,24.045280290667446,75.66110580189422,50,14.891306449606885,34.82353500968521,2026-04-09
SYN_0177,24.045280290667446,75.66110580189422,75,12.141240709489733,34.7724385013516,2026-04-09
SYN_0177,24.045280290667446,75.66110580189422,100,10.045055230555926,34.81656353064669,2026-04-09
SYN_0177,24.045280290667446,75.66110580189422,150,8.261727216880464,34.82658146288048,2026-04-09
SYN_0177,24.045280290667446,75.66110580189422,200,7.809241970071554,34.779604229617675,2026-04-09
SYN_0178,13.137968627812558,69.41398149570671,0,28.403088122616527,34.764738791013144,2026-05-30
SYN_0178,13.137968627812558,69.41398149570671,10,24.413123643010252,34.758756616359385,2026-05-30
SYN_0178,13.137968627812558,69.41398149570671,25,20.170406082920493,34.68269773622935,2026-05-30
SYN_0178,13.137968627812558,69.41398149570671,50,15.5665032443024,34.46455247831822,2026-05-30
SYN_0178,13.137968627812558,69.41398149570671,75,12.612948698229081,34.39106902382424,2026-05-30
SYN_0178,13.137968627812558,69.41398149570671,100,11.116963767421332,34.28142891344468,2026-05-30
SYN_0178,13.137968627812558,69.41398149570671,150,9.361955693107664,34.31410923107485,2026-05-30
SYN_0178,13.137968627812558,69.41398149570671,200,8.530971011446294,34.496122569488875,2026-05-30
SYN_0179,22.95064653044168,83.15522487300358,0,27.951754896237226,34.996625040909365,2026-06-17
SYN_0179,22.95064653044168,83.15522487300358,10,24.472725798933148,34.811430647239455,2026-06-17
SYN_0179,22.95064653044168,83.15522487300358,25,19.96753560201639,34.8179059644396,2026-06-17
SYN_0179,22.95064653044168,83.15522487300358,50,15.309343384573873,34.54193520714975,2026-06-17
SYN_0179,22.95064653044168,83.15522487300358,75,12.573223509016211,34.400608256202815,2026-06-17
SYN_0179,22.95064653044168,83.15522487300358,100,10.779236446658038,34.45386012855335,2026-06-17
SYN_0179,22.95064653044168,83.15522487300358,150,9.047071076606379,34.49186266914181,2026-06-17
SYN_0179,22.95064653044168,83.15522487300358,200,8.470405683561307,34.49943088867968,2026-06-17
SYN_0180,7.511642054203214,80.31086739378405,0,27.922338970337645,34.98652446057805,2026-01-26
SYN_0180,7.511642054203214,80.31086739378405,10,24.21975619523155,34.98358707000635,2026-01-26
SYN_0180,7.511642054203214,80.31086739378405,25,20.01675040345764,34.705979409879724,2026-01-26
SYN_0180,7.511642054203214,80.31086739378405,50,15.336365571066382,34.629839678651386,2026-01-26
SYN_0180,7.511642054203214,80.31086739378405,75,12.368961931232494,34.66808009059543,2026-01-26
SYN_0180,7.511642054203214,80.31086739378405,100,10.596403343681507,34.51868184223993,2026-01-26
SYN_0180,7.511642054203214,80.31086739378405,150,8.776534134309454,34.66816926735855,2026-01-26
SYN_0180,7.511642054203214,80.31086739378405,200,8.197901787890347,34.56449754961762,2026-01-26
SYN_0181,22.49532125107987,67.57805170146997,0,27.97392663162365,35.0275279000157,2026-05-08
SYN_0181,22.49532125107987,67.57805170146997,10,24.300076270144835,34.87109713212533,2026-05-08
SYN_0181,22.49532125107987,67.57805170146997,25,20.054981256371004,34.731656363221276,2026-05-08
SYN_0181,22.49532125107987,67.57805170146997,50,15.36445528471772,34.586073688592315,2026-05-08
SYN_0181,22.49532125107987,67.57805170146997,75,12.211670578119836,34.66034342913609,2026-05-08
SYN_0181,22.49532125107987,67.57805170146997,100,10.806173146351512,34.52338518136605,2026-05-08
SYN_0181,22.49532125107987,67.57805170146997,150,8.810382222704929,34.61866470747397,2026-05-08
SYN_0181,22.49532125107987,67.57805170146997,200,8.645640264520406,34.37996717536798,2026-05-08
SYN_0182,11.819331269249693,81.10932566081173,0,28.25912036298432,34.86537357269635,2026-02-02
SYN_0182,11.819331269249693,81.10932566081173,10,24.143845574333625,34.994582799940744,2026-02-02
SYN_0182,11.819331269249693,81.10932566081173,25,20.420501503776414,34.53569151530146,2026-02-02
SYN_0182,11.819331269249693,81.10932566081173,50,15.302007875660923,34.596198566418714,2026-02-02
SYN_0182,11.819331269249693,81.10932566081173,75,12.652209373209729,34.44364597100289,2026-02-02
SYN_0182,11.819331269249693,81.10932566081173,100,11.104718646174796,34.4105047348112,2026-02-02
SYN_0182,11.819331269249693,81.10932566081173,150,8.790807147813172,34.60087606562502,2026-02-02
SYN_0182,11.819331269249693,81.10932566081173,200,8.33275349008554,34.47686717904895,2026-02-02
SYN_0183,14.155292254082683,80.19040297433888,0,28.151846846994996,34.92080172246052,2026-03-07
SYN_0183,14.155292254082683,80.19040297433888,10,24.605887701987328,34.69455443515448,2026-03-07
SYN_0183,14.155292254082683,80.19040297433888,25,20.65098094342078,34.48483059521736,2026-03-07
SYN_0183,14.155292254082683,80.19040297433888,50,15.578915649753549,34.46115036025711,2026-03-07
SYN_0183,14.155292254082683,80.19040297433888,75,12.698107705560801,34.37438228078957,2026-03-07
SYN_0183,14.155292254082683,80.19040297433888,100,10.617508088365682,34.56815958284668,2026-03-07
SYN_0183,14.155292254082683,80.19040297433888,150,9.165303621571134,34.41329832700003,2026-03-07
SYN_0183,14.155292254082683,80.19040297433888,200,8.129893329132855,34.59765427012661,2026-03-07
SYN_0184,5.760983566201818,79.57274044633797,0,27.865115292188765,34.97187650932249,2026-03-27
SYN_0184,5.760983566201818,79.57274044633797,10,24.030136121551926,34.99256686239398,2026-03-27
SYN_0184,5.760983566201818,79.57274044633797,25,19.715647106301358,34.884463301773295,2026-03-27
SYN_0184,5.760983566201818,79.57274044633797,50,15.174661778514814,34.67881889457529,2026-03-27
SYN_0184,5.760983566201818,79.57274044633797,75,12.313471351829909,34.506697858894725,2026-03-27
SYN_0184,5.760983566201818,79.57274044633797,100,10.303595103473707,34.74336032497437,2026-03-27
SYN_0184,5.760983566201818,79.57274044633797,150,9.264506324500521,34.395537799672624,2026-03-27
SYN_0184,5.760983566201818,79.57274044633797,200,8.271455471375868,34.66524767274071,2026-03-27
SYN_0185,6.006458658693279,66.25814952036048,0,28.183800520649267,34.903967416274035,2026-06-05
SYN_0185,6.006458658693279,66.25814952036048,10,24.521036396594795,34.80128941685107,2026-06-05
SYN_0185,6.006458658693279,66.25814952036048,25,20.154326193494132,34.721012244264855,2026-06-05
SYN_0185,6.006458658693279,66.25814952036048,50,15.299450601787798,34.674128834080776,2026-06-05
SYN_0185,6.006458658693279,66.25814952036048,75,12.378635736252589,34.530569908107005,2026-06-05
SYN_0185,6.006458658693279,66.25814952036048,100,10.857667125133611,34.49158403102115,2026-06-05
SYN_0185,6.006458658693279,66.25814952036048,150,9.004158492816208,34.475862313938734,2026-06-05
SYN_0185,6.006458658693279,66.25814952036048,200,8.30463515057151,34.48736459070246,2026-06-05
SYN_0186,9.821286917134733,65.31391811192559,0,27.99058800863703,35.02696120842312,2026-03-11
SYN_0186,9.821286917134733,65.31391811192559,10,24.63745610795682,34.757303893760316,2026-03-11
SYN_0186,9.821286917134733,65.31391811192559,25,20.190277236518376,34.664122552273646,2026-03-11
SYN_0186,9.821286917134733,65.31391811192559,50,15.264393627728266,34.66603373388207,2026-03-11
SYN_0186,9.821286917134733,65.31391811192559,75,12.422360745498,34.59864281521263,2026-03-11
SYN_0186,9.821286917134733,65.31391811192559,100,10.628528322818813,34.56964274309527,2026-03-11
SYN_0186,9.821286917134733,65.31391811192559,150,8.669400368013513,34.66628424439316,2026-03-11
SYN_0186,9.821286917134733,65.31391811192559,200,8.399023748819618,34.43594418547098,2026-03-11
SYN_0187,12.014195759841686,80.45680166853006,0,27.84789959091339,35.06135752650774,2026-02-18
SYN_0187,12.014195759841686,80.45680166853006,10,24.403805467184547,34.90508187374937,2026-02-18
SYN_0187,12.014195759841686,80.45680166853006,25,20.215325676164813,34.65033158722978,2026-02-18
SYN_0187,12.014195759841686,80.45680166853006,50,15.438892541632962,34.524160847626625,2026-02-18
SYN_0187,12.014195759841686,80.45680166853006,75,12.967008946796586,34.28886052558686,2026-02-18
SYN_0187,12.014195759841686,80.45680166853006,100,10.892578409031364,34.42089773709736,2026-02-18
SYN_0187,12.014195759841686,80.45680166853006,150,8.936782648210242,34.44091769424828,2026-02-18
SYN_0187,12.014195759841686,80.45680166853006,200,8.402680067162626,34.51499878010875,2026-02-18
SYN_0188,9.421431056279836,79.58421897001706,0,28.13516227472537,34.95478855949076,2026-01-09
SYN_0188,9.421431056279836,79.58421897001706,10,24.247825266415774,34.93358830054751,2026-01-09
SYN_0188,9.421431056279836,79.58421897001706,25,19.95030142939557,34.8622823425936,2026-01-09
SYN_0188,9.421431056279836,79.58421897001706,50,15.476934614908131,34.59088361661429,2026-01-09
SYN_0188,9.421431056279836,79.58421897001706,75,12.532772061689,34.50611545629706,2026-01-09
SYN_0188,9.421431056279836,79.58421897001706,100,10.789900033693169,34.406236276034015,2026-01-09
SYN_0188,9.421431056279836,79.58421897001706,150,8.908864033425932,34.550949268991126,2026-01-09
SYN_0188,9.421431056279836,79.58421897001706,200,8.559137198626287,34.45622719746999,2026-01-09
SYN_0189,10.11332446663629,72.29132855039728,0,28.197632451464674,34.90324562519349,2026-04-21
SYN_0189,10.11332446663629,72.29132855039728,10,24.482292195939056,34.77395106401253,2026-04-21
SYN_0189,10.11332446663629,72.29132855039728,25,20.03640269126552,34.76862376546353,2026-04-21
SYN_0189,10.11332446663629,72.29132855039728,50,15.389673020994035,34.552068237165145,2026-04-21
SYN_0189,10.11332446663629,72.29132855039728,75,12.701075996844938,34.48240128252907,2026-04-21
SYN_0189,10.11332446663629,72.29132855039728,100,10.781104817285136,34.479518280127586,2026-04-21
SYN_0189,10.11332446663629,72.29132855039728,150,9.157321087710484,34.43106069863222,2026-04-21
SYN_0189,10.11332446663629,72.29132855039728,200,8.788956752300093,34.3050765759665,2026-04-21
SYN_0190,22.772842276730344,74.67699940066447,0,27.39113368483018,35.311678556051454,2026-04-28
SYN_0190,22.772842276730344,74.67699940066447,10,24.29252147218444,34.94785269260135,2026-04-28
SYN_0190,22.772842276730344,74.67699940066447,25,19.698460250616044,35.08411116153697,2026-04-28
SYN_0190,22.772842276730344,74.67699940066447,50,14.819676774143415,34.85216267988192,2026-04-28
SYN_0190,22.772842276730344,74.67699940066447,75,11.702941762267224,34.936505769223004,2026-04-28
SYN_0190,22.772842276730344,74.67699940066447,100,10.232895202495772,34.75750535758581,2026-04-28
SYN_0190,22.772842276730344,74.67699940066447,150,8.74787869581796,34.61868380143297,2026-04-28
SYN_0190,22.772842276730344,74.67699940066447,200,7.743926197864068,34.77031458025676,2026-04-28
SYN_0191,17.904752891066632,78.01943490437088,0,28.1861731474392,34.986829516662446,2026-03-28
SYN_0191,17.904752891066632,78.01943490437088,10,24.620699090530465,34.72333947495343,2026-03-28
SYN_0191,17.904752891066632,78.01943490437088,25,20.29465420866504,34.5300411217614,2026-03-28
SYN_0191,17.904752891066632,78.01943490437088,50,15.548417667762411,34.51893074250812,2026-03-28
SYN_0191,17.904752891066632,78.01943490437088,75,12.594153880650927,34.465970936423346,2026-03-28
SYN_0191,17.904752891066632,78.01943490437088,100,11.258859002818157,34.180034727709554,2026-03-28
SYN_0191,17.904752891066632,78.01943490437088,150,9.182165409605371,34.474560738618116,2026-03-28
SYN_0191,17.904752891066632,78.01943490437088,200,8.427438119954163,34.53279056384879,2026-03-28
SYN_0192,23.710460455177145,83.24415142498364,0,28.04571050570972,35.007317398404496,2026-04-01
SYN_0192,23.710460455177145,83.24415142498364,10,24.51747942520781,34.74107315284763,2026-04-01
SYN_0192,23.710460455177145,83.24415142498364,25,20.182141116233645,34.69466811157578,2026-04-01
SYN_0192,23.710460455177145,83.24415142498364,50,15.471878435414016,34.59768409715721,2026-04-01
SYN_0192,23.710460455177145,83.24415142498364,75,12.755895369080712,34.346141432719065,2026-04-01
SYN_0192,23.710460455177145,83.24415142498364,100,11.049865112663527,34.25532959597365,2026-04-01
SYN_0192,23.710460455177145,83.24415142498364,150,9.227797744840716,34.381574754768444,2026-04-01
SYN_0192,23.710460455177145,83.24415142498364,200,8.58310471171673,34.403840664087085,2026-04-01
SYN_0193,16.661353688442873,84.2043614476565,0,27.889870438497717,34.971471950094326,2026-01-19
SYN_0193,16.661353688442873,84.2043614476565,10,24.163123836783086,34.997467467226635,2026-01-19
SYN_0193,16.661353688442873,84.2043614476565,25,19.90354082227386,34.81193912222869,2026-01-19
SYN_0193,16.661353688442873,84.2043614476565,50,15.17912059823348,34.7025534874881,2026-01-19
SYN_0193,16.661353688442873,84.2043614476565,75,12.403154480096823,34.59840474799707,2026-01-19
SYN_0193,16.661353688442873,84.2043614476565,100,10.525439904351781,34.56490932674644,2026-01-19
SYN_0193,16.661353688442873,84.2043614476565,150,8.798733608635468,34.56590205082144,2026-01-19
SYN_0193,16.661353688442873,84.2043614476565,200,8.097202079234766,34.71026117152861,2026-01-19
SYN_0194,8.617490488506727,79.69523622710689,0,28.036355196486838,34.998544327499005,2026-05-18
SYN_0194,8.617490488506727,79.69523622710689,10,24.094089845445176,35.005324491705046,2026-05-18
SYN_0194,8.617490488506727,79.69523622710689,25,19.859513711805075,34.900663595581904,2026-05-18
SYN_0194,8.617490488506727,79.69523622710689,50,15.354310033261832,34.62132825091597,2026-05-18
SYN_0194,8.617490488506727,79.69523622710689,75,12.232249294740349,34.565181439535976,2026-05-18
SYN_0194,8.617490488506727,79.69523622710689,100,10.405761541667642,34.753514162108885,2026-05-18
SYN_0194,8.617490488506727,79.69523622710689,150,8.825150865539394,34.63312191564787,2026-05-18
SYN_0194,8.617490488506727,79.69523622710689,200,8.13586394584331,34.619264346328784,2026-05-18
SYN_0195,23.680659822612785,80.3270256111478,0,27.967556042690113,35.01784697179934,2026-06-09
SYN_0195,23.680659822612785,80.3270256111478,10,24.241003949414374,34.873824808030236,2026-06-09
SYN_0195,23.680659822612785,80.3270256111478,25,19.801247171495223,34.99893856321071,2026-06-09
SYN_0195,23.680659822612785,80.3270256111478,50,15.265243219917997,34.63998994219792,2026-06-09
SYN_0195,23.680659822612785,80.3270256111478,75,12.073613553864282,34.77298802161781,2026-06-09
SYN_0195,23.680659822612785,80.3270256111478,100,10.474594287468829,34.55105805932735,2026-06-09
SYN_0195,23.680659822612785,80.3270256111478,150,8.674925824197716,34.63126096108622,2026-06-09
SYN_0195,23.680659822612785,80.3270256111478,200,8.203446276967483,34.540594189360164,2026-06-09
SYN_0196,5.1993846946903695,66.69532308852666,0,28.247146337364985,34.89605853710006,2026-05-21
SYN_0196,5.1993846946903695,66.69532308852666,10,24.25977144829163,34.91819884687918,2026-05-21
SYN_0196,5.1993846946903695,66.69532308852666,25,20.334487429252047,34.58074444804216,2026-05-21
SYN_0196,5.1993846946903695,66.69532308852666,50,15.413753071197732,34.5931763725289,2026-05-21
SYN_0196,5.1993846946903695,66.69532308852666,75,12.479428105880215,34.57802816353749,2026-05-21
SYN_0196,5.1993846946903695,66.69532308852666,100,10.782872343834544,34.46918444563158,2026-05-21
SYN_0196,5.1993846946903695,66.69532308852666,150,9.062789718157749,34.583636069481685,2026-05-21
SYN_0196,5.1993846946903695,66.69532308852666,200,8.457616276618902,34.428524516987984,2026-05-21
SYN_0197,24.346562227069395,70.37197865829195,0,27.98103713718925,35.049419864479056,2026-06-02
SYN_0197,24.346562227069395,70.37197865829195,10,23.956051823379344,35.12341405137714,2026-06-02
SYN_0197,24.346562227069395,70.37197865829195,25,19.945993083071684,34.83160045019558,2026-06-02
SYN_0197,24.346562227069395,70.37197865829195,50,15.220630446673109,34.710638443625946,2026-06-02
SYN_0197,24.346562227069395,70.37197865829195,75,12.326507666355653,34.55859876381347,2026-06-02
SYN_0197,24.346562227069395,70.37197865829195,100,10.443619469595479,34.652855875427036,2026-06-02
SYN_0197,24.346562227069395,70.37197865829195,150,8.946890031139013,34.54408881477618,2026-06-02
SYN_0197,24.346562227069395,70.37197865829195,200,7.922984735116909,34.713238606535626,2026-06-02
SYN_0198,17.736429285687056,84.49539686840826,0,27.782185859193806,35.10919414274332,2026-01-16
SYN_0198,17.736429285687056,84.49539686840826,10,24.289979935045924,34.913269669569175,2026-01-16
SYN_0198,17.736429285687056,84.49539686840826,25,20.159500518416337,34.606582531254865,2026-01-16
SYN_0198,17.736429285687056,84.49539686840826,50,15.060271717232606,34.79340924316705,2026-01-16
SYN_0198,17.736429285687056,84.49539686840826,75,12.075179912235814,34.76222052198419,2026-01-16
SYN_0198,17.736429285687056,84.49539686840826,100,10.558188471105108,34.71115278853128,2026-01-16
SYN_0198,17.736429285687056,84.49539686840826,150,8.874785378521413,34.55779056162026,2026-01-16
SYN_0198,17.736429285687056,84.49539686840826,200,8.27211782402471,34.5515137682482,2026-01-16
SYN_0199,9.245550305710289,75.4026969556937,0,27.712732983223574,35.13486878189301,2026-03-15
SYN_0199,9.245550305710289,75.4026969556937,10,24.276302836382968,34.93263616054444,2026-03-15
SYN_0199,9.245550305710289,75.4026969556937,25,19.927493732010987,34.793163804041946,2026-03-15
SYN_0199,9.245550305710289,75.4026969556937,50,15.405214656767896,34.571297402980214,2026-03-15
SYN_0199,9.245550305710289,75.4026969556937,75,12.202209228528668,34.818022381648305,2026-03-15
SYN_0199,9.245550305710289,75.4026969556937,100,10.621433896010105,34.581264722849,2026-03-15
SYN_0199,9.245550305710289,75.4026969556937,150,9.07627457550503,34.55348279481412,2026-03-15
SYN_0199,9.245550305710289,75.4026969556937,200,8.047091033010785,34.64739993302653,2026-03-15
SYN_0200,18.315304805307346,75.49344613371244,0,28.143802334946475,34.855988008833364,2026-02-27
SYN_0200,18.315304805307346,75.49344613371244,10,24.857375016778324,34.57258702726523,2026-02-27
SYN_0200,18.315304805307346,75.49344613371244,25,20.201641183936957,34.654000275558296,2026-02-27
SYN_0200,18.315304805307346,75.49344613371244,50,15.367880449376122,34.58839082580867,2026-02-27
SYN_0200,18.315304805307346,75.49344613371244,75,12.858252576795387,34.33494778029088,2026-02-27
SYN_0200,18.315304805307346,75.49344613371244,100,10.86280537780444,34.37166816414606,2026-02-27
SYN_0200,18.315304805307346,75.49344613371244,150,8.897898385367832,34.58393835612476,2026-02-27
SYN_0200,18.315304805307346,75.49344613371244,200,8.615780187408129,34.45950495618416,2026-02-27
SYN_0201,12.180015361585275,81.16715644996148,0,28.238115174270817,34.94574658531857,2026-05-28
SYN_0201,12.180015361585275,81.16715644996148,10,24.569938882837267,34.69417651074226,2026-05-28
SYN_0201,12.180015361585275,81.16715644996148,25,20.4248150467029,34.596122820326634,2026-05-28
SYN_0201,12.180015361585275,81.16715644996148,50,15.502858859932276,34.50353922053669,2026-05-28
SYN_0201,12.180015361585275,81.16715644996148,75,12.54561144292925,34.41939300124171,2026-05-28
SYN_0201,12.180015361585275,81.16715644996148,100,10.615826897196111,34.59555786066714,2026-05-28
SYN_0201,12.180015361585275,81.16715644996148,150,9.142166533895601,34.34866091725543,2026-05-28
SYN_0201,12.180015361585275,81.16715644996148,200,8.393852419524174,34.39577046855989,2026-05-28
SYN_0202,19.391584494987175,72.17737381987718,0,27.83170987227802,35.06007202503435,2026-05-02
SYN_0202,19.391584494987175,72.17737381987718,10,24.382654692335812,34.875975548331645,2026-05-02
SYN_0202,19.391584494987175,72.17737381987718,25,20.045350718055673,34.72559127065946,2026-05-02
SYN_0202,19.391584494987175,72.17737381987718,50,15.096933244558759,34.720513575546576,2026-05-02
SYN_0202,19.391584494987175,72.17737381987718,75,12.505355273692166,34.469076287899725,2026-05-02
SYN_0202,19.391584494987175,72.17737381987718,100,11.220073326781373,34.219448922848,2026-05-02
SYN_0202,19.391584494987175,72.17737381987718,150,9.003842623904633,34.50108933981499,2026-05-02
SYN_0202,19.391584494987175,72.17737381987718,200,8.402006039123847,34.54026922071102,2026-05-02
SYN_0203,5.082124057948969,65.22026716671215,0,28.126781567893776,34.8934696642661,2026-06-01
SYN_0203,5.082124057948969,65.22026716671215,10,24.60826029194894,34.790012695199394,2026-06-01
SYN_0203,5.082124057948969,65.22026716671215,25,20.260967132944486,34.680876953064065,2026-06-01
SYN_0203,5.082124057948969,65.22026716671215,50,15.562978659988683,34.5250221302922,2026-06-01
SYN_0203,5.082124057948969,65.22026716671215,75,12.831831990543693,34.327393584777916,2026-06-01
SYN_0203,5.082124057948969,65.22026716671215,100,11.344098246953942,34.22608475836406,2026-06-01
SYN_0203,5.082124057948969,65.22026716671215,150,9.18419149979588,34.405576822415725,2026-06-01
SYN_0203,5.082124057948969,65.22026716671215,200,8.650261492962782,34.3262355686447,2026-06-01
SYN_0204,17.03652697266096,66.29001517373123,0,28.185541006009927,35.027380406584314,2026-06-18
SYN_0204,17.03652697266096,66.29001517373123,10,24.121045590609548,34.93503076228767,2026-06-18
SYN_0204,17.03652697266096,66.29001517373123,25,19.91285080848128,34.83248687293153,2026-06-18
SYN_0204,17.03652697266096,66.29001517373123,50,15.193230837374848,34.69580475893462,2026-06-18
SYN_0204,17.03652697266096,66.29001517373123,75,12.305975326231712,34.69491044743715,2026-06-18
SYN_0204,17.03652697266096,66.29001517373123,100,10.40931557005805,34.700312542085875,2026-06-18
SYN_0204,17.03652697266096,66.29001517373123,150,8.866278676411499,34.468188288220205,2026-06-18
SYN_0204,17.03652697266096,66.29001517373123,200,8.075258028680244,34.62810137430151,2026-06-18
SYN_0205,7.1310249443222595,78.76715249827315,0,27.72030373267945,35.10535233475883,2026-01-15
SYN_0205,7.1310249443222595,78.76715249827315,10,24.059222662738314,34.99957752763111,2026-01-15
SYN_0205,7.1310249443222595,78.76715249827315,25,19.797091119237802,34.91619297835372,2026-01-15
SYN_0205,7.1310249443222595,78.76715249827315,50,14.865976644114406,34.79950798201429,2026-01-15
SYN_0205,7.1310249443222595,78.76715249827315,75,12.123782473637316,34.70487832462133,2026-01-15
SYN_0205,7.1310249443222595,78.76715249827315,100,10.256252999894237,34.71782735858328,2026-01-15
SYN_0205,7.1310249443222595,78.76715249827315,150,8.983659947351798,34.53171977531676,2026-01-15
SYN_0205,7.1310249443222595,78.76715249827315,200,8.009702552255803,34.70588227606916,2026-01-15
SYN_0206,9.270749557679029,78.52186068329154,0,27.84555891256178,35.144771331343456,2026-03-13
SYN_0206,9.270749557679029,78.52186068329154,10,24.176405010493703,34.848472294210126,2026-03-13
SYN_0206,9.270749557679029,78.52186068329154,25,20.050938132101113,34.762279564225935,2026-03-13
SYN_0206,9.270749557679029,78.52186068329154,50,15.074180968025807,34.776299466251,2026-03-13
SYN_0206,9.270749557679029,78.52186068329154,75,12.477935133178585,34.43873842532745,2026-03-13
SYN_0206,9.270749557679029,78.52186068329154,100,10.421513239667867,34.640567046578255,2026-03-13
SYN_0206,9.270749557679029,78.52186068329154,150,8.958844798476933,34.47924025895075,2026-03-13
SYN_0206,9.270749557679029,78.52186068329154,200,8.052237908025447,34.715187121570196,2026-03-13
SYN_0207,22.118503791825958,73.69356296632941,0,27.625428505943802,35.19062385329582,2026-04-06
SYN_0207,22.118503791825958,73.69356296632941,10,24.04548764917117,35.08428187679851,2026-04-06
SYN_0207,22.118503791825958,73.69356296632941,25,20.165583709438526,34.7627878322759,2026-04-06
SYN_0207,22.118503791825958,73.69356296632941,50,15.043274424966311,34.83314115753122,2026-04-06
SYN_0207,22.118503791825958,73.69356296632941,75,12.36434316599233,34.69031788480642,2026-04-06
SYN_0207,22.118503791825958,73.69356296632941,100,10.461534583334224,34.689422746600954,2026-04-06
SYN_0207,22.118503791825958,73.69356296632941,150,8.796800841367377,34.5361655451356,2026-04-06
SYN_0207,22.118503791825958,73.69356296632941,200,7.963498993214316,34.762764249354284,2026-04-06
SYN_0208,23.066720130454105,66.39381393460239,0,28.19564951321069,34.9706001284599,2026-05-19
SYN_0208,23.066720130454105,66.39381393460239,10,24.46729030227404,34.91271434624125,2026-05-19
SYN_0208,23.066720130454105,66.39381393460239,25,20.242785769533498,34.76192434033703,2026-05-19
SYN_0208,23.066720130454105,66.39381393460239,50,15.187790589658466,34.63956303569625,2026-05-19
SYN_0208,23.066720130454105,66.39381393460239,75,12.583849621416332,34.48854828342502,2026-05-19
SYN_0208,23.066720130454105,66.39381393460239,100,10.875941874530048,34.42949820060313,2026-05-19
SYN_0208,23.066720130454105,66.39381393460239,150,9.430639486145578,34.245977299052264,2026-05-19
SYN_0208,23.066720130454105,66.39381393460239,200,8.697480134218862,34.45250760161797,2026-05-19
SYN_0209,5.094248510444823,66.44778796528621,0,28.11934443864285,34.960976808954825,2026-02-02
SYN_0209,5.094248510444823,66.44778796528621,10,24.071713929104536,34.94519008514988,2026-02-02
SYN_0209,5.094248510444823,66.44778796528621,25,19.910254680367878,34.8866874120143,2026-02-02
SYN_0209,5.094248510444823,66.44778796528621,50,15.38327392969834,34.61149179999546,2026-02-02
SYN_0209,5.094248510444823,66.44778796528621,75,12.571606561393523,34.417846364220054,2026-02-02
SYN_0209,5.094248510444823,66.44778796528621,100,11.104750605078856,34.2583850002882,2026-02-02
SYN_0209,5.094248510444823,66.44778796528621,150,9.184864507154481,34.37749617381912,2026-02-02
SYN_0209,5.094248510444823,66.44778796528621,200,8.665361107981196,34.238828629883784,2026-02-02
SYN_0210,13.72093948237158,79.97344350501982,0,28.031959807860943,34.95983923909176,2026-02-21
SYN_0210,13.72093948237158,79.97344350501982,10,24.43567162477099,34.70114890786868,2026-02-21
SYN_0210,13.72093948237158,79.97344350501982,25,20.36054759438921,34.60911007500601,2026-02-21
SYN_0210,13.72093948237158,79.97344350501982,50,15.666468743668915,34.452936331560934,2026-02-21
SYN_0210,13.72093948237158,79.97344350501982,75,12.572529863885864,34.511308259577184,2026-02-21
SYN_0210,13.72093948237158,79.97344350501982,100,10.758881599863452,34.4166054986739,2026-02-21
SYN_0210,13.72093948237158,79.97344350501982,150,9.12287535308029,34.47747295381316,2026-02-21
SYN_0210,13.72093948237158,79.97344350501982,200,8.485458695130733,34.41048167138791,2026-02-21
SYN_0211,15.085269215860631,82.31290072745463,0,28.081394069639252,34.91581406354012,2026-01-09
SYN_0211,15.085269215860631,82.31290072745463,10,24.36769823382795,34.900383958253556,2026-01-09
SYN_0211,15.085269215860631,82.31290072745463,25,20.178605046396935,34.72955683518047,2026-01-09
SYN_0211,15.085269215860631,82.31290072745463,50,15.370148129322358,34.62718074383056,2026-01-09
SYN_0211,15.085269215860631,82.31290072745463,75,12.755155291548618,34.37402521960831,2026-01-09
SYN_0211,15.085269215860631,82.31290072745463,100,10.705877702711724,34.64851613375192,2026-01-09
SYN_0211,15.085269215860631,82.31290072745463,150,8.956395000097466,34.5550174827601,2026-01-09
SYN_0211,15.085269215860631,82.31290072745463,200,8.309049799272112,34.47452951294055,2026-01-09
SYN_0212,21.588577408679598,71.0535842075751,0,27.535080290772232,35.24295563131306,2026-05-27
SYN_0212,21.588577408679598,71.0535842075751,10,24.29170425978431,34.887113382882376,2026-05-27
SYN_0212,21.588577408679598,71.0535842075751,25,20.010049778448693,34.755233425776396,2026-05-27
SYN_0212,21.588577408679598,71.0535842075751,50,15.16126651485482,34.69724546741149,2026-05-27
SYN_0212,21.588577408679598,71.0535842075751,75,12.324196442220678,34.58635325988415,2026-05-27
SYN_0212,21.588577408679598,71.0535842075751,100,10.936680448491883,34.348662836296796,2026-05-27
SYN_0212,21.588577408679598,71.0535842075751,150,8.71375418709971,34.65921453717232,2026-05-27
SYN_0212,21.588577408679598,71.0535842075751,200,8.417276207559965,34.576962411325965,2026-05-27
SYN_0213,19.76591020956615,71.71218488481803,0,27.73268940582887,35.16719572169036,2026-06-09
SYN_0213,19.76591020956615,71.71218488481803,10,24.410518851251425,34.850410370494295,2026-06-09
SYN_0213,19.76591020956615,71.71218488481803,25,20.374251267742828,34.591592220861216,2026-06-09
SYN_0213,19.76591020956615,71.71218488481803,50,15.515485324725415,34.491275902660654,2026-06-09
SYN_0213,19.76591020956615,71.71218488481803,75,12.732291717133148,34.376620881846065,2026-06-09
SYN_0213,19.76591020956615,71.71218488481803,100,11.07135831772378,34.326580830016724,2026-06-09
SYN_0213,19.76591020956615,71.71218488481803,150,9.030896919093827,34.44147522311275,2026-06-09
SYN_0213,19.76591020956615,71.71218488481803,200,8.450442417645977,34.425602505383026,2026-06-09
SYN_0214,8.16904880361526,80.75353680671509,0,28.189245536111084,34.957307535404894,2026-03-17
SYN_0214,8.16904880361526,80.75353680671509,10,24.20790038910893,34.813945511709456,2026-03-17
SYN_0214,8.16904880361526,80.75353680671509,25,19.970893315995717,34.81667735310179,2026-03-17
SYN_0214,8.16904880361526,80.75353680671509,50,15.219639138428438,34.57444269739362,2026-03-17
SYN_0214,8.16904880361526,80.75353680671509,75,12.503677691619858,34.606300636542954,2026-03-17
SYN_0214,8.16904880361526,80.75353680671509,100,10.65257122972535,34.59252812202471,2026-03-17
SYN_0214,8.16904880361526,80.75353680671509,150,9.012705976872258,34.457862163425446,2026-03-17
SYN_0214,8.16904880361526,80.75353680671509,200,8.362412486167477,34.517509053403344,2026-03-17
SYN_0215,20.076274259567377,69.38118346119766,0,27.90233998306989,34.98819055480913,2026-04-19
SYN_0215,20.076274259567377,69.38118346119766,10,24.552555928572673,34.74090075700259,2026-04-19
SYN_0215,20.076274259567377,69.38118346119766,25,20.52614891602847,34.576865358371506,2026-04-19
SYN_0215,20.076274259567377,69.38118346119766,50,15.58435565289896,34.43621129762119,2026-04-19
SYN_0215,20.076274259567377,69.38118346119766,75,12.43190848789243,34.63454992982968,2026-04-19
SYN_0215,20.076274259567377,69.38118346119766,100,10.882330485334236,34.402938115710135,2026-04-19
SYN_0215,20.076274259567377,69.38118346119766,150,8.910048477279574,34.52053263393993,2026-04-19
SYN_0215,20.076274259567377,69.38118346119766,200,8.363387487817866,34.558460789702885,2026-04-19
SYN_0216,7.018953632720812,84.23776477451416,0,27.85712254389681,35.05123376060807,2026-04-30
SYN_0216,7.018953632720812,84.23776477451416,10,24.080886578658724,34.910711273469616,2026-04-30
SYN_0216,7.018953632720812,84.23776477451416,25,20.348480677659712,34.586555252875954,2026-04-30
SYN_0216,7.018953632720812,84.23776477451416,50,15.651497708885032,34.48729004193687,2026-04-30
SYN_0216,7.018953632720812,84.23776477451416,75,12.63594412404635,34.4115390112264,2026-04-30
SYN_0216,7.018953632720812,84.23776477451416,100,10.568930109769514,34.57418720256608,2026-04-30
SYN_0216,7.018953632720812,84.23776477451416,150,9.328580331401032,34.3247104985824,2026-04-30
SYN_0216,7.018953632720812,84.23776477451416,200,8.0814132520113,34.62143966376244,2026-04-30
SYN_0217,20.206233022088476,73.40666618863685,0,27.706039990148852,35.16356238828186,2026-01-23
SYN_0217,20.206233022088476,73.40666618863685,10,24.674317473507564,34.734612474916766,2026-01-23
SYN_0217,20.206233022088476,73.40666618863685,25,20.022347163865874,34.76618373406876,2026-01-23
SYN_0217,20.206233022088476,73.40666618863685,50,15.345759656530738,34.58949444451099,2026-01-23
SYN_0217,20.206233022088476,73.40666618863685,75,12.346002731163107,34.582182438872536,2026-01-23
SYN_0217,20.206233022088476,73.40666618863685,100,10.930268936427556,34.420995249842065,2026-01-23
SYN_0217,20.206233022088476,73.40666618863685,150,9.199771471537103,34.40570474542925,2026-01-23
SYN_0217,20.206233022088476,73.40666618863685,200,8.542558521209438,34.43241585600876,2026-01-23
SYN_0218,8.25805308954788,81.248273152478,0,27.79520576104682,35.11187292930045,2026-06-06
SYN_0218,8.25805308954788,81.248273152478,10,24.034940621786937,34.997035427012996,2026-06-06
SYN_0218,8.25805308954788,81.248273152478,25,19.959217573323222,34.71731476626483,2026-06-06
SYN_0218,8.25805308954788,81.248273152478,50,15.166916268172082,34.69811210504163,2026-06-06
SYN_0218,8.25805308954788,81.248273152478,75,12.302704601956595,34.667957471760374,2026-06-06
SYN_0218,8.25805308954788,81.248273152478,100,10.682292915740076,34.50199557230029,2026-06-06
SYN_0218,8.25805308954788,81.248273152478,150,9.001655606298554,34.50414649735857,2026-06-06
SYN_0218,8.25805308954788,81.248273152478,200,8.256077073383084,34.56850865391834,2026-06-06
SYN_0219,23.553490829990384,83.99658410972731,0,28.216886314154827,34.829318499214125,2026-02-25
SYN_0219,23.553490829990384,83.99658410972731,10,24.17328974491651,34.94846248277738,2026-02-25
SYN_0219,23.553490829990384,83.99658410972731,25,20.26432656607611,34.56762339198477,2026-02-25
SYN_0219,23.553490829990384,83.99658410972731,50,15.610697664595719,34.43406672326313,2026-02-25
SYN_0219,23.553490829990384,83.99658410972731,75,12.778902546681758,34.35356637780073,2026-02-25
SYN_0219,23.553490829990384,83.99658410972731,100,10.74417546198979,34.59782193526886,2026-02-25
SYN_0219,23.553490829990384,83.99658410972731,150,9.513017867590273,34.22519889684548,2026-02-25
SYN_0219,23.553490829990384,83.99658410972731,200,8.416237151798397,34.44484245189604,2026-02-25
SYN_0220,19.763015096833794,68.7827739265348,0,28.339600308575776,34.83167162859052,2026-02-15
SYN_0220,19.763015096833794,68.7827739265348,10,24.24244912902702,34.97599940877666,2026-02-15
SYN_0220,19.763015096833794,68.7827739265348,25,20.018095127772185,34.78818738156536,2026-02-15
SYN_0220,19.763015096833794,68.7827739265348,50,15.554896249012605,34.53048246438712,2026-02-15
SYN_0220,19.763015096833794,68.7827739265348,75,12.421478313920131,34.513560462057875,2026-02-15
SYN_0220,19.763015096833794,68.7827739265348,100,10.88648364799876,34.47992194574664,2026-02-15
SYN_0220,19.763015096833794,68.7827739265348,150,8.914235458314012,34.48714007206573,2026-02-15
SYN_0220,19.763015096833794,68.7827739265348,200,8.5786414904756,34.35341102933977,2026-02-15
SYN_0221,8.082950486726684,82.11287328289893,0,28.28195208825744,34.82623957958297,2026-05-24
SYN_0221,8.082950486726684,82.11287328289893,10,24.04309299567582,34.97939431705719,2026-05-24
SYN_0221,8.082950486726684,82.11287328289893,25,19.936216232219312,34.855603685561164,2026-05-24
SYN_0221,8.082950486726684,82.11287328289893,50,15.433883927193206,34.656299858712714,2026-05-24
SYN_0221,8.082950486726684,82.11287328289893,75,12.497638294569,34.616390763549006,2026-05-24
SYN_0221,8.082950486726684,82.11287328289893,100,10.880095179818655,34.4156058966332,2026-05-24
SYN_0221,8.082950486726684,82.11287328289893,150,8.964138105262268,34.49909932716844,2026-05-24
SYN_0221,8.082950486726684,82.11287328289893,200,8.414299274940264,34.41441164495996,2026-05-24
SYN_0222,16.199873429271157,79.7785659226191,0,28.323670939471086,34.786884997632605,2026-01-19
SYN_0222,16.199873429271157,79.7785659226191,10,24.708683292981128,34.52641888897703,2026-01-19
SYN_0222,16.199873429271157,79.7785659226191,25,20.753667771547754,34.30117899449248,2026-01-19
SYN_0222,16.199873429271157,79.7785659226191,50,15.32006457548316,34.56849285345136,2026-01-19
SYN_0222,16.199873429271157,79.7785659226191,75,12.61216423517497,34.50594222337174,2026-01-19
SYN_0222,16.199873429271157,79.7785659226191,100,10.840929501057515,34.420255340681194,2026-01-19
SYN_0222,16.199873429271157,79.7785659226191,150,9.10049678087364,34.38455151131558,2026-01-19
SYN_0222,16.199873429271157,79.7785659226191,200,8.46939567603567,34.46967276363285,2026-01-19
SYN_0223,16.08601411695905,75.5429676325053,0,28.284542462994036,34.79579646214728,2026-04-18
SYN_0223,16.08601411695905,75.5429676325053,10,24.586688453579132,34.74327978720756,2026-04-18
SYN_0223,16.08601411695905,75.5429676325053,25,20.64565230958286,34.422287136069315,2026-04-18
SYN_0223,16.08601411695905,75.5429676325053,50,15.86442815180358,34.29621834457292,2026-04-18
SYN_0223,16.08601411695905,75.5429676325053,75,12.995863484778942,34.298817127475736,2026-04-18
SYN_0223,16.08601411695905,75.5429676325053,100,11.240829610093408,34.187367841411465,2026-04-18
SYN_0223,16.08601411695905,75.5429676325053,150,9.315859459956108,34.26072944736421,2026-04-18
SYN_0223,16.08601411695905,75.5429676325053,200,9.008032689377368,34.1935219966387,2026-04-18
SYN_0224,24.978093995261535,77.15525537486849,0,27.68648953596678,35.210260156257974,2026-03-02
SYN_0224,24.978093995261535,77.15525537486849,10,23.960572913776506,35.08231363204708,2026-03-02
SYN_0224,24.978093995261535,77.15525537486849,25,19.883189206384262,34.77811827658171,2026-03-02
SYN_0224,24.978093995261535,77.15525537486849,50,14.827996169796801,34.84324114152753,2026-03-02
SYN_0224,24.978093995261535,77.15525537486849,75,12.10344034937388,34.72753399546284,2026-03-02
SYN_0224,24.978093995261535,77.15525537486849,100,10.359165920126637,34.68898129552036,2026-03-02
SYN_0224,24.978093995261535,77.15525537486849,150,8.501299877576239,34.776730595289735,2026-03-02
SYN_0224,24.978093995261535,77.15525537486849,200,8.011642602692968,34.717773783145816,2026-03-02
SYN_0225,8.40518304250872,70.43415037708186,0,27.967812781731766,35.04138670462615,2026-04-06
SYN_0225,8.40518304250872,70.43415037708186,10,24.170330648982286,34.907282482800056,2026-04-06
SYN_0225,8.40518304250872,70.43415037708186,25,20.07854242335065,34.793117440275985,2026-04-06
SYN_0225,8.40518304250872,70.43415037708186,50,15.134633663261628,34.66105263512748,2026-04-06
SYN_0225,8.40518304250872,70.43415037708186,75,12.48242515833839,34.56844394859865,2026-04-06
SYN_0225,8.40518304250872,70.43415037708186,100,10.588814001290878,34.54997873863827,2026-04-06
SYN_0225,8.40518304250872,70.43415037708186,150,9.050123327261582,34.43420391398375,2026-04-06
SYN_0225,8.40518304250872,70.43415037708186,200,8.382103088709666,34.58232469695935,2026-04-06
SYN_0226,15.952322013074943,77.80966586284424,0,28.165740235963632,34.941774080610784,2026-04-22
SYN_0226,15.952322013074943,77.80966586284424,10,24.715981604280422,34.74587820993926,2026-04-22
SYN_0226,15.952322013074943,77.80966586284424,25,20.15454726870032,34.71216193680915,2026-04-22
SYN_0226,15.952322013074943,77.80966586284424,50,15.647534132393918,34.48994486873484,2026-04-22
SYN_0226,15.952322013074943,77.80966586284424,75,12.941174424125157,34.29560006696606,2026-04-22
SYN_0226,15.952322013074943,77.80966586284424,100,11.04746162830415,34.45014994939201,2026-04-22
SYN_0226,15.952322013074943,77.80966586284424,150,9.736123120635598,34.134922494214855,2026-04-22
SYN_0226,15.952322013074943,77.80966586284424,200,8.90190636898017,34.239134590717676,2026-04-22
SYN_0227,19.71041411587162,78.27583247882887,0,28.306669323636093,34.84123095235262,2026-03-12
SYN_0227,19.71041411587162,78.27583247882887,10,24.20116321767921,34.95199230157089,2026-03-12
SYN_0227,19.71041411587162,78.27583247882887,25,20.00188626964049,34.80432074676266,2026-03-12
SYN_0227,19.71041411587162,78.27583247882887,50,15.527126671923696,34.57028728306645,2026-03-12
SYN_0227,19.71041411587162,78.27583247882887,75,12.338393277488727,34.561616383024656,2026-03-12
SYN_0227,19.71041411587162,78.27583247882887,100,10.913837187536595,34.501578924249,2026-03-12
SYN_0227,19.71041411587162,78.27583247882887,150,9.0998838335212,34.498233921229485,2026-03-12
SYN_0227,19.71041411587162,78.27583247882887,200,8.337419943943564,34.453232788748124,2026-03-12
SYN_0228,23.080699729091187,71.40362334856877,0,27.78131232110363,35.13039632200643,2026-01-16
SYN_0228,23.080699729091187,71.40362334856877,10,24.240425304168816,34.908515445846,2026-01-16
SYN_0228,23.080699729091187,71.40362334856877,25,20.017574814565705,34.77943941684444,2026-01-16
SYN_0228,23.080699729091187,71.40362334856877,50,14.99314343881946,34.79031239913178,2026-01-16
SYN_0228,23.080699729091187,71.40362334856877,75,12.316526946721995,34.56218970974739,2026-01-16
SYN_0228,23.080699729091187,71.40362334856877,100,10.471917472712695,34.58139422500202,2026-01-16
SYN_0228,23.080699729091187,71.40362334856877,150,8.54061918497319,34.732648652743094,2026-01-16
SYN_0228,23.080699729091187,71.40362334856877,200,8.179630864466338,34.600814754051726,2026-01-16
SYN_0229,24.486989130480616,65.9252383468,0,28.065393904904138,34.92427026792237,2026-05-08
SYN_0229,24.486989130480616,65.9252383468,10,24.82219868940343,34.62567641016626,2026-05-08
SYN_0229,24.486989130480616,65.9252383468,25,20.417949563356903,34.599126114632185,2026-05-08
SYN_0229,24.486989130480616,65.9252383468,50,15.496451955245144,34.52121947637172,2026-05-08
SYN_0229,24.486989130480616,65.9252383468,75,12.627512768664412,34.48176543796397,2026-05-08
SYN_0229,24.486989130480616,65.9252383468,100,10.790279996814132,34.51755655060161,2026-05-08
SYN_0229,24.486989130480616,65.9252383468,150,8.99762665439088,34.48758270101487,2026-05-08
SYN_0229,24.486989130480616,65.9252383468,200,8.384563793672937,34.517948935310706,2026-05-08
SYN_0230,11.445207876389693,84.48609926220955,0,27.8731003493499,34.97076964947697,2026-04-30
SYN_0230,11.445207876389693,84.48609926220955,10,24.308227890190334,34.88424189383415,2026-04-30
SYN_0230,11.445207876389693,84.48609926220955,25,19.839607237108467,34.94485367453064,2026-04-30
SYN_0230,11.445207876389693,84.48609926220955,50,15.028757625620587,34.7585585453564,2026-04-30
SYN_0230,11.445207876389693,84.48609926220955,75,12.228304642576948,34.684873293458445,2026-04-30
SYN_0230,11.445207876389693,84.48609926220955,100,10.39042258187634,34.697400472895076,2026-04-30
SYN_0230,11.445207876389693,84.48609926220955,150,9.07012351799411,34.46073580294991,2026-04-30
SYN_0230,11.445207876389693,84.48609926220955,200,8.508392981153843,34.37923318567508,2026-04-30
SYN_0231,6.999704949675534,65.67091742824316,0,28.16963600861028,34.91793412355891,2026-03-28
SYN_0231,6.999704949675534,65.67091742824316,10,24.59070113937665,34.82917708918195,2026-03-28
SYN_0231,6.999704949675534,65.67091742824316,25,20.16133290592147,34.66365198248383,2026-03-28
SYN_0231,6.999704949675534,65.67091742824316,50,15.480312027838172,34.57169192843615,2026-03-28
SYN_0231,6.999704949675534,65.67091742824316,75,12.658116138683022,34.46320843373033,2026-03-28
SYN_0231,6.999704949675534,65.67091742824316,100,10.94378352641045,34.39318189672789,2026-03-28
SYN_0231,6.999704949675534,65.67091742824316,150,9.644502368521907,34.21430002165558,2026-03-28
SYN_0231,6.999704949675534,65.67091742824316,200,8.597818882933305,34.32983161002718,2026-03-28
SYN_0232,6.573971534150189,77.07510287675225,0,27.797292148648463,35.21824531294518,2026-02-25
SYN_0232,6.573971534150189,77.07510287675225,10,24.041012571867597,34.98872980488881,2026-02-25
SYN_0232,6.573971534150189,77.07510287675225,25,19.628564364000407,34.99235285730106,2026-02-25
SYN_0232,6.573971534150189,77.07510287675225,50,14.905173122223752,34.76909438826396,2026-02-25
SYN_0232,6.573971534150189,77.07510287675225,75,11.865186290806689,34.867349168359496,2026-02-25
SYN_0232,6.573971534150189,77.07510287675225,100,10.293259512663587,34.73194786807797,2026-02-25
SYN_0232,6.573971534150189,77.07510287675225,150,8.634768050545173,34.76037236012331,2026-02-25
SYN_0232,6.573971534150189,77.07510287675225,200,8.122925818204674,34.69723467836007,2026-02-25
SYN_0233,10.650817273248872,72.56049898868804,0,28.362493139561135,34.76856094386789,2026-01-13
SYN_0233,10.650817273248872,72.56049898868804,10,24.35715658321325,34.80496521521805,2026-01-13
SYN_0233,10.650817273248872,72.56049898868804,25,20.224514925181982,34.52873232286542,2026-01-13
SYN_0233,10.650817273248872,72.56049898868804,50,15.056941465481678,34.7374646085867,2026-01-13
SYN_0233,10.650817273248872,72.56049898868804,75,12.800129012604872,34.35412710130938,2026-01-13
SYN_0233,10.650817273248872,72.56049898868804,100,10.88737091732396,34.47076219788378,2026-01-13
SYN_0233,10.650817273248872,72.56049898868804,150,9.031103876892296,34.44981811054906,2026-01-13
SYN_0233,10.650817273248872,72.56049898868804,200,8.47248695136957,34.41924850096639,2026-01-13
SYN_0234,22.091373280652817,70.1390459901694,0,27.575467757590246,35.19280357502653,2026-04-09
SYN_0234,22.091373280652817,70.1390459901694,10,24.06730077595235,34.98033987803891,2026-04-09
SYN_0234,22.091373280652817,70.1390459901694,25,20.15001660727746,34.679066114327085,2026-04-09
SYN_0234,22.091373280652817,70.1390459901694,50,15.24856635448682,34.65564096498016,2026-04-09
SYN_0234,22.091373280652817,70.1390459901694,75,12.391252199067857,34.633493815810475,2026-04-09
SYN_0234,22.091373280652817,70.1390459901694,100,10.25695681976641,34.683090781488715,2026-04-09
SYN_0234,22.091373280652817,70.1390459901694,150,8.874653346426268,34.66783369591577,2026-04-09
SYN_0234,22.091373280652817,70.1390459901694,200,8.214675764304411,34.63838272344359,2026-04-09
SYN_0235,13.222978646802774,69.731358504222,0,28.07554223793545,34.98306895975643,2026-01-13
SYN_0235,13.222978646802774,69.731358504222,10,24.55725426117367,34.83087481387685,2026-01-13
SYN_0235,13.222978646802774,69.731358504222,25,20.07579826851828,34.711017061837765,2026-01-13
SYN_0235,13.222978646802774,69.731358504222,50,15.10600603341081,34.71275641176955,2026-01-13
SYN_0235,13.222978646802774,69.731358504222,75,12.460425337379421,34.52719042765508,2026-01-13
SYN_0235,13.222978646802774,69.731358504222,100,10.807383539606912,34.41264087675485,2026-01-13
SYN_0235,13.222978646802774,69.731358504222,150,9.457795576583214,34.21423857787376,2026-01-13
SYN_0235,13.222978646802774,69.731358504222,200,8.4765192213659,34.45199246877165,2026-01-13
SYN_0236,6.080952546994531,74.1446083923909,0,27.524834529230123,35.325196235379934,2026-01-17
SYN_0236,6.080952546994531,74.1446083923909,10,23.99809126652643,35.03922066802686,2026-01-17
SYN_0236,6.080952546994531,74.1446083923909,25,19.349284404411605,35.08046478416742,2026-01-17
SYN_0236,6.080952546994531,74.1446083923909,50,14.963633498858366,34.77020736353016,2026-01-17
SYN_0236,6.080952546994531,74.1446083923909,75,12.060378494038616,34.739745017404566,2026-01-17
SYN_0236,6.080952546994531,74.1446083923909,100,9.968330273673187,34.807361992613686,2026-01-17
SYN_0236,6.080952546994531,74.1446083923909,150,8.510193103624871,34.739495537955264,2026-01-17
SYN_0236,6.080952546994531,74.1446083923909,200,7.756920658871733,34.79482793564678,2026-01-17
SYN_0237,10.846060931096751,81.22174492400516,0,27.939290443131277,35.08134360479377,2026-04-02
SYN_0237,10.846060931096751,81.22174492400516,10,24.71754915452404,34.630860300664004,2026-04-02
SYN_0237,10.846060931096751,81.22174492400516,25,19.990733432399164,34.74460087691861,2026-04-02
SYN_0237,10.846060931096751,81.22174492400516,50,15.541793363433282,34.480018927478206,2026-04-02
SYN_0237,10.846060931096751,81.22174492400516,75,12.568404075416826,34.50779779589074,2026-04-02
SYN_0237,10.846060931096751,81.22174492400516,100,10.852962937723884,34.51502688042863,2026-04-02
SYN_0237,10.846060931096751,81.22174492400516,150,8.802254465146957,34.60147520622273,2026-04-02
SYN_0237,10.846060931096751,81.22174492400516,200,8.210230415249953,34.63333364695713,2026-04-02
SYN_0238,14.507181353617371,72.27028914738534,0,28.576852141499874,34.74293848931434,2026-01-10
SYN_0238,14.507181353617371,72.27028914738534,10,24.62698608376772,34.7080337788473,2026-01-10
SYN_0238,14.507181353617371,72.27028914738534,25,20.487088390484786,34.56760710532788,2026-01-10
SYN_0238,14.507181353617371,72.27028914738534,50,15.869098905036344,34.411666122280245,2026-01-10
SYN_0238,14.507181353617371,72.27028914738534,75,12.849554861982119,34.337889895475364,2026-01-10
SYN_0238,14.507181353617371,72.27028914738534,100,10.966642916286343,34.29958286154908,2026-01-10
SYN_0238,14.507181353617371,72.27028914738534,150,9.602456609337764,34.18350560634416,2026-01-10
SYN_0238,14.507181353617371,72.27028914738534,200,8.756140768949004,34.20803372225786,2026-01-10
SYN_0239,11.461421368115023,81.77942193348136,0,28.109518231158667,34.885695059121986,2026-03-02
SYN_0239,11.461421368115023,81.77942193348136,10,24.31662077807749,34.83056178773122,2026-03-02
SYN_0239,11.461421368115023,81.77942193348136,25,20.046581409970198,34.748235011675526,2026-03-02
SYN_0239,11.461421368115023,81.77942193348136,50,15.588870342523382,34.53518135659733,2026-03-02
SYN_0239,11.461421368115023,81.77942193348136,75,12.794204617367424,34.33471536062145,2026-03-02
SYN_0239,11.461421368115023,81.77942193348136,100,10.774719066096987,34.4852690741953,2026-03-02
SYN_0239,11.461421368115023,81.77942193348136,150,9.222987806294366,34.32776635340475,2026-03-02
SYN_0239,11.461421368115023,81.77942193348136,200,8.611033107594022,34.414093156018026,2026-03-02
SYN_0240,14.464263737687975,77.35453848123589,0,28.45945701522044,34.731016205449464,2026-05-18
SYN_0240,14.464263737687975,77.35453848123589,10,24.53357369605496,34.891699662703694,2026-05-18
SYN_0240,14.464263737687975,77.35453848123589,25,20.651477513947984,34.37895702291837,2026-05-18
SYN_0240,14.464263737687975,77.35453848123589,50,15.717696217294401,34.42808304792565,2026-05-18
SYN_0240,14.464263737687975,77.35453848123589,75,12.973760133653247,34.32591739691187,2026-05-18
SYN_0240,14.464263737687975,77.35453848123589,100,10.988424183732501,34.3794389310759,2026-05-18
SYN_0240,14.464263737687975,77.35453848123589,150,9.360163622248429,34.35985293584392,2026-05-18
SYN_0240,14.464263737687975,77.35453848123589,200,8.81839280091796,34.18723730683998,2026-05-18
SYN_0241,19.21975882927366,73.78082977642296,0,28.279751603130794,34.77741537642322,2026-03-24
SYN_0241,19.21975882927366,73.78082977642296,10,24.452938426527368,34.73992357608202,2026-03-24
SYN_0241,19.21975882927366,73.78082977642296,25,20.24118244336098,34.66134783734756,2026-03-24
SYN_0241,19.21975882927366,73.78082977642296,50,15.405167324801646,34.472446942833834,2026-03-24
SYN_0241,19.21975882927366,73.78082977642296,75,12.737792804338525,34.48212768058861,2026-03-24
SYN_0241,19.21975882927366,73.78082977642296,100,10.934597572232388,34.429212081673406,2026-03-24
SYN_0241,19.21975882927366,73.78082977642296,150,8.881297918185608,34.47018180195887,2026-03-24
SYN_0241,19.21975882927366,73.78082977642296,200,8.201216038209768,34.575775009614,2026-03-24
SYN_0242,7.836887952339704,69.27602421325466,0,28.03020795634315,34.861585182386946,2026-02-05
SYN_0242,7.836887952339704,69.27602421325466,10,24.140814686936512,35.00283496491354,2026-02-05
SYN_0242,7.836887952339704,69.27602421325466,25,19.874755025170206,34.8622133903606,2026-02-05
SYN_0242,7.836887952339704,69.27602421325466,50,15.144904202075615,34.660158627540184,2026-02-05
SYN_0242,7.836887952339704,69.27602421325466,75,12.45337883787252,34.52116241758726,2026-02-05
SYN_0242,7.836887952339704,69.27602421325466,100,10.690306615768757,34.49567376861568,2026-02-05
SYN_0242,7.836887952339704,69.27602421325466,150,9.053698555142816,34.47042094761788,2026-02-05
SYN_0242,7.836887952339704,69.27602421325466,200,8.292485824296994,34.47765041333562,2026-02-05
SYN_0243,18.69546316558397,67.5088356890104,0,27.944458894869793,35.08742313696928,2026-06-20
SYN_0243,18.69546316558397,67.5088356890104,10,24.58763582196856,34.72529514649949,2026-06-20
SYN_0243,18.69546316558397,67.5088356890104,25,20.15117144931767,34.669550606723796,2026-06-20
SYN_0243,18.69546316558397,67.5088356890104,50,15.437962659265335,34.52929374232183,2026-06-20
SYN_0243,18.69546316558397,67.5088356890104,75,12.386398335461127,34.66710079047811,2026-06-20
SYN_0243,18.69546316558397,67.5088356890104,100,10.753449075485966,34.48824659304008,2026-06-20
SYN_0243,18.69546316558397,67.5088356890104,150,8.843175399586642,34.65643802192502,2026-06-20
SYN_0243,18.69546316558397,67.5088356890104,200,8.433313266100756,34.45463967589359,2026-06-20
SYN_0244,13.309867933918287,73.05552268696667,0,28.336800938195584,34.819944684850356,2026-01-10
SYN_0244,13.309867933918287,73.05552268696667,10,24.78648894941866,34.56987991946282,2026-01-10
SYN_0244,13.309867933918287,73.05552268696667,25,20.427456790118416,34.498030485896884,2026-01-10
SYN_0244,13.309867933918287,73.05552268696667,50,15.608016627688484,34.41839768117983,2026-01-10
SYN_0244,13.309867933918287,73.05552268696667,75,12.95697791243646,34.26932660283372,2026-01-10
SYN_0244,13.309867933918287,73.05552268696667,100,11.016545567419435,34.4543835285064,2026-01-10
SYN_0244,13.309867933918287,73.05552268696667,150,9.337739629068988,34.329188500771316,2026-01-10
SYN_0244,13.309867933918287,73.05552268696667,200,8.870851100590198,34.17855656477416,2026-01-10
SYN_0245,10.76304271554806,69.72015860647424,0,28.163016426194833,34.84636764062294,2026-02-20
SYN_0245,10.76304271554806,69.72015860647424,10,24.24804365646142,34.86125179065975,2026-02-20
SYN_0245,10.76304271554806,69.72015860647424,25,20.17481507505169,34.6614363134098,2026-02-20
SYN_0245,10.76304271554806,69.72015860647424,50,15.498522326152445,34.598608402279034,2026-02-20
SYN_0245,10.76304271554806,69.72015860647424,75,12.730303825181489,34.47765110788563,2026-02-20
SYN_0245,10.76304271554806,69.72015860647424,100,10.840163702705995,34.446526438008995,2026-02-20
SYN_0245,10.76304271554806,69.72015860647424,150,8.986796989474799,34.46840633698032,2026-02-20
SYN_0245,10.76304271554806,69.72015860647424,200,8.548973102229983,34.376129671107556,2026-02-20
SYN_0246,24.573081626759297,79.53208874663738,0,27.737717181616294,35.165802289274794,2026-03-02
SYN_0246,24.573081626759297,79.53208874663738,10,23.770908798405344,35.14348981787155,2026-03-02
SYN_0246,24.573081626759297,79.53208874663738,25,20.248222541511563,34.64709414428361,2026-03-02
SYN_0246,24.573081626759297,79.53208874663738,50,15.244828945379663,34.71686752992041,2026-03-02
SYN_0246,24.573081626759297,79.53208874663738,75,12.034927047558982,34.80278027409076,2026-03-02
SYN_0246,24.573081626759297,79.53208874663738,100,10.322366389690531,34.7290779150712,2026-03-02
SYN_0246,24.573081626759297,79.53208874663738,150,8.794789482075636,34.60052246737489,2026-03-02
SYN_0246,24.573081626759297,79.53208874663738,200,8.229995404546864,34.50828697836553,2026-03-02
SYN_0247,9.322716246218414,76.81743845948517,0,28.064135323834083,34.94712182739098,2026-02-04
SYN_0247,9.322716246218414,76.81743845948517,10,24.310931774590614,34.9005404729339,2026-02-04
SYN_0247,9.322716246218414,76.81743845948517,25,19.904528686091624,34.89561147964733,2026-02-04
SYN_0247,9.322716246218414,76.81743845948517,50,15.22293894987188,34.72638420691411,2026-02-04
SYN_0247,9.322716246218414,76.81743845948517,75,12.778714808860055,34.386404218548876,2026-02-04
SYN_0247,9.322716246218414,76.81743845948517,100,10.440086784930559,34.58047068791461,2026-02-04
SYN_0247,9.322716246218414,76.81743845948517,150,8.590445880099924,34.696148336777746,2026-02-04
SYN_0247,9.322716246218414,76.81743845948517,200,8.386184275282544,34.49125532916271,2026-02-04
SYN_0248,18.864190844377354,66.41832382877139,0,27.993286091621112,34.95455948764646,2026-03-10
SYN_0248,18.864190844377354,66.41832382877139,10,24.305234146122483,34.872853373728766,2026-03-10
SYN_0248,18.864190844377354,66.41832382877139,25,20.248888985675805,34.66960210409094,2026-03-10
SYN_0248,18.864190844377354,66.41832382877139,50,15.429482909979962,34.59123059807577,2026-03-10
SYN_0248,18.864190844377354,66.41832382877139,75,12.429512233203349,34.60488987152778,2026-03-10
SYN_0248,18.864190844377354,66.41832382877139,100,10.555642892989013,34.58348596836524,2026-03-10
SYN_0248,18.864190844377354,66.41832382877139,150,8.670690472925175,34.61931811827611,2026-03-10
SYN_0248,18.864190844377354,66.41832382877139,200,8.474712496694977,34.49748889445392,2026-03-10
SYN_0249,16.17244673732379,83.07235739597421,0,27.774004508559944,35.12219655540274,2026-03-03
SYN_0249,16.17244673732379,83.07235739597421,10,24.17801586544704,34.91982696860615,2026-03-03
SYN_0249,16.17244673732379,83.07235739597421,25,19.953950424216078,34.871953828378764,2026-03-03
SYN_0249,16.17244673732379,83.07235739597421,50,15.538165049082494,34.5233594631971,2026-03-03
SYN_0249,16.17244673732379,83.07235739597421,75,12.26659156945353,34.719193827623165,2026-03-03
SYN_0249,16.17244673732379,83.07235739597421,100,10.58680220071822,34.6285265598808,2026-03-03
SYN_0249,16.17244673732379,83.07235739597421,150,9.08003837387532,34.44073303491374,2026-03-03
SYN_0249,16.17244673732379,83.07235739597421,200,8.365912231180145,34.56707801129744,2026-03-03
SYN_0250,24.35724702326426,82.25942054664289,0,27.966678113643333,35.04236335021266,2026-03-12
SYN_0250,24.35724702326426,82.25942054664289,10,24.093111753627408,34.97962922011768,2026-03-12
SYN_0250,24.35724702326426,82.25942054664289,25,19.90009141465361,34.85864455703212,2026-03-12
SYN_0250,24.35724702326426,82.25942054664289,50,15.18838146065034,34.62928723441364,2026-03-12
SYN_0250,24.35724702326426,82.25942054664289,75,12.556114049582362,34.516649683779676,2026-03-12
SYN_0250,24.35724702326426,82.25942054664289,100,10.827972385932943,34.37219483544234,2026-03-12
SYN_0250,24.35724702326426,82.25942054664289,150,8.865114510890969,34.614583975166695,2026-03-12
SYN_0250,24.35724702326426,82.25942054664289,200,8.417273913487838,34.557424840679445,2026-03-12
SYN_0251,13.998255621710108,82.16746759522124,0,28.010615081923124,35.049169288192275,2026-03-10
SYN_0251,13.998255621710108,82.16746759522124,10,24.262738050093663,34.90294102889531,2026-03-10
SYN_0251,13.998255621710108,82.16746759522124,25,19.984250214686117,34.80875030613307,2026-03-10
SYN_0251,13.998255621710108,82.16746759522124,50,15.292017769599601,34.52474760252398,2026-03-10
SYN_0251,13.998255621710108,82.16746759522124,75,12.680412671416557,34.402586842301304,2026-03-10
SYN_0251,13.998255621710108,82.16746759522124,100,10.506789195095315,34.64065588467672,2026-03-10
SYN_0251,13.998255621710108,82.16746759522124,150,8.923148413506224,34.501647268364266,2026-03-10
SYN_0251,13.998255621710108,82.16746759522124,200,8.441688965134182,34.397340063161145,2026-03-10
SYN_0252,6.28087047729577,82.24868260282314,0,27.718830762150905,35.142303710037446,2026-01-28
SYN_0252,6.28087047729577,82.24868260282314,10,24.103238055231667,34.96438908611605,2026-01-28
SYN_0252,6.28087047729577,82.24868260282314,25,19.974576798682165,34.733208348552374,2026-01-28
SYN_0252,6.28087047729577,82.24868260282314,50,15.449065417483373,34.63921588392765,2026-01-28
SYN_0252,6.28087047729577,82.24868260282314,75,12.567120317308385,34.50611882356714,2026-01-28
SYN_0252,6.28087047729577,82.24868260282314,100,10.726586845895305,34.503616003645696,2026-01-28
SYN_0252,6.28087047729577,82.24868260282314,150,8.797453899295114,34.62583499757261,2026-01-28
SYN_0252,6.28087047729577,82.24868260282314,200,8.36604441120436,34.496516841444574,2026-01-28
SYN_0253,23.02971702201498,70.40766470621313,0,27.438297345996883,35.24485185034046,2026-01-14
SYN_0253,23.02971702201498,70.40766470621313,10,23.893843643247664,35.08790362253893,2026-01-14
SYN_0253,23.02971702201498,70.40766470621313,25,19.996243663989826,34.796527707244984,2026-01-14
SYN_0253,23.02971702201498,70.40766470621313,50,15.23734031342246,34.660776341164514,2026-01-14
SYN_0253,23.02971702201498,70.40766470621313,75,12.3781753249672,34.584780259008674,2026-01-14
SYN_0253,23.02971702201498,70.40766470621313,100,10.304382651305518,34.69150903540509,2026-01-14
SYN_0253,23.02971702201498,70.40766470621313,150,8.825114134847876,34.62444130926065,2026-01-14
SYN_0253,23.02971702201498,70.40766470621313,200,8.13280966727982,34.6245531873981,2026-01-14
SYN_0254,8.402854803543159,71.32209775881792,0,27.637220138811195,35.22011895548099,2026-02-20
SYN_0254,8.402854803543159,71.32209775881792,10,24.06811311514346,34.98212833324642,2026-02-20
SYN_0254,8.402854803543159,71.32209775881792,25,19.98847069241054,34.73246733377552,2026-02-20
SYN_0254,8.402854803543159,71.32209775881792,50,15.144234741484624,34.7410954236937,2026-02-20
SYN_0254,8.402854803543159,71.32209775881792,75,12.453425043380706,34.487650548528904,2026-02-20
SYN_0254,8.402854803543159,71.32209775881792,100,10.714614828084665,34.39425200758755,2026-02-20
SYN_0254,8.402854803543159,71.32209775881792,150,8.763673954920094,34.653635741245324,2026-02-20
SYN_0254,8.402854803543159,71.32209775881792,200,8.274991017118227,34.558347209898756,2026-02-20
SYN_0255,5.3606401965046,76.14095172384468,0,27.60687931600282,35.1687256282401,2026-06-18
SYN_0255,5.3606401965046,76.14095172384468,10,24.118090299501837,35.01303269227017,2026-06-18
SYN_0255,5.3606401965046,76.14095172384468,25,19.919447139278716,34.84818386786362,2026-06-18
SYN_0255,5.3606401965046,76.14095172384468,50,14.82078729626589,34.85347335601052,2026-06-18
SYN_0255,5.3606401965046,76.14095172384468,75,11.98866777939761,34.72806386053237,2026-06-18
SYN_0255,5.3606401965046,76.14095172384468,100,10.153484290589173,34.884467739590356,2026-06-18
SYN_0255,5.3606401965046,76.14095172384468,150,8.600598193354301,34.69974095525689,2026-06-18
SYN_0255,5.3606401965046,76.14095172384468,200,7.80393477231371,34.75038251525695,2026-06-18
SYN_0256,24.052842616017227,73.87976428684061,0,27.460942002272898,35.32891522446956,2026-05-12
SYN_0256,24.052842616017227,73.87976428684061,10,23.85824537855217,35.08153994462112,2026-05-12
SYN_0256,24.052842616017227,73.87976428684061,25,19.531739073871094,34.99877873982901,2026-05-12
SYN_0256,24.052842616017227,73.87976428684061,50,15.020017445991972,34.79428888800773,2026-05-12
SYN_0256,24.052842616017227,73.87976428684061,75,12.09682595855191,34.746026046155954,2026-05-12
SYN_0256,24.052842616017227,73.87976428684061,100,10.548057150675952,34.6515445652925,2026-05-12
SYN_0256,24.052842616017227,73.87976428684061,150,8.427248354731326,34.87018770285967,2026-05-12
SYN_0256,24.052842616017227,73.87976428684061,200,7.9154159504741335,34.729707560407235,2026-05-12
SYN_0257,14.75437736630739,77.61272381059301,0,28.192980454506838,34.892742338505165,2026-05-03
SYN_0257,14.75437736630739,77.61272381059301,10,24.76788876199891,34.643206311298954,2026-05-03
SYN_0257,14.75437736630739,77.61272381059301,25,20.356765763588434,34.52801547423336,2026-05-03
SYN_0257,14.75437736630739,77.61272381059301,50,15.746121364490136,34.4354957689172,2026-05-03
SYN_0257,14.75437736630739,77.61272381059301,75,12.972686637289657,34.2049503679226,2026-05-03
SYN_0257,14.75437736630739,77.61272381059301,100,11.227204877039963,34.28523747411495,2026-05-03
SYN_0257,14.75437736630739,77.61272381059301,150,9.292479377632784,34.41340838843449,2026-05-03
SYN_0257,14.75437736630739,77.61272381059301,200,8.551214818548061,34.38079453467765,2026-05-03
SYN_0258,10.30069836281095,75.72384558564409,0,28.031031724512225,34.900261059411235,2026-04-08
SYN_0258,10.30069836281095,75.72384558564409,10,24.730013940770444,34.714806061298404,2026-04-08
SYN_0258,10.30069836281095,75.72384558564409,25,20.262992895044093,34.64367820092763,2026-04-08
SYN_0258,10.30069836281095,75.72384558564409,50,15.595748532638938,34.47282501398462,2026-04-08
SYN_0258,10.30069836281095,75.72384558564409,75,12.4544426427027,34.56821374854724,2026-04-08
SYN_0258,10.30069836281095,75.72384558564409,100,10.738534912983102,34.50342185232208,2026-04-08
SYN_0258,10.30069836281095,75.72384558564409,150,8.943723665234131,34.658680720406096,2026-04-08
SYN_0258,10.30069836281095,75.72384558564409,200,8.36590902032729,34.4471283427056,2026-04-08
SYN_0259,23.088028730339047,84.97798574092344,0,28.06226164003845,35.01527371053032,2026-02-12
SYN_0259,23.088028730339047,84.97798574092344,10,24.35154228346878,34.85690161752244,2026-02-12
SYN_0259,23.088028730339047,84.97798574092344,25,20.245554001006678,34.75338242499194,2026-02-12
SYN_0259,23.088028730339047,84.97798574092344,50,16.004938552641292,34.292619275799105,2026-02-12
SYN_0259,23.088028730339047,84.97798574092344,75,12.739508608780005,34.52908618386884,2026-02-12
SYN_0259,23.088028730339047,84.97798574092344,100,10.655630397930171,34.50563132024607,2026-02-12
SYN_0259,23.088028730339047,84.97798574092344,150,8.938795276564928,34.53295898086164,2026-02-12
SYN_0259,23.088028730339047,84.97798574092344,200,8.720640758588582,34.30883805354496,2026-02-12
SYN_0260,21.119402573419077,70.7899573023944,0,27.921999553116365,35.04345526177701,2026-02-17
SYN_0260,21.119402573419077,70.7899573023944,10,24.3798158891185,34.87321786555519,2026-02-17
SYN_0260,21.119402573419077,70.7899573023944,25,20.15574432006764,34.66549977196753,2026-02-17
SYN_0260,21.119402573419077,70.7899573023944,50,15.362709103216204,34.57677611038596,2026-02-17
SYN_0260,21.119402573419077,70.7899573023944,75,12.53287124884099,34.475751098025064,2026-02-17
SYN_0260,21.119402573419077,70.7899573023944,100,10.433551442667607,34.626664138300235,2026-02-17
SYN_0260,21.119402573419077,70.7899573023944,150,9.02669132173611,34.377998324031424,2026-02-17
SYN_0260,21.119402573419077,70.7899573023944,200,8.250855196344087,34.56887741861608,2026-02-17
SYN_0261,6.599649655935096,66.79651505144167,0,28.367752129170185,34.7844603001794,2026-04-21
SYN_0261,6.599649655935096,66.79651505144167,10,24.597467212594697,34.92329233914789,2026-04-21
SYN_0261,6.599649655935096,66.79651505144167,25,20.367868202815643,34.56329398570735,2026-04-21
SYN_0261,6.599649655935096,66.79651505144167,50,15.2932494738559,34.57032472781522,2026-04-21
SYN_0261,6.599649655935096,66.79651505144167,75,12.30255866044766,34.66840514889801,2026-04-21
SYN_0261,6.599649655935096,66.79651505144167,100,10.831476339202133,34.43214222884137,2026-04-21
SYN_0261,6.599649655935096,66.79651505144167,150,9.078971555097203,34.40355134800929,2026-04-21
SYN_0261,6.599649655935096,66.79651505144167,200,8.329063426885327,34.47473255181579,2026-04-21
SYN_0262,16.124727880515454,73.22821863520932,0,28.26600612057325,34.82192845397126,2026-01-06
SYN_0262,16.124727880515454,73.22821863520932,10,24.781658390315087,34.695061411462916,2026-01-06
SYN_0262,16.124727880515454,73.22821863520932,25,20.837400130511345,34.33913102889831,2026-01-06
SYN_0262,16.124727880515454,73.22821863520932,50,15.434667877731057,34.567431170528096,2026-01-06
SYN_0262,16.124727880515454,73.22821863520932,75,12.947599165372441,34.27373064145554,2026-01-06
SYN_0262,16.124727880515454,73.22821863520932,100,10.83483358325834,34.44004079498249,2026-01-06
SYN_0262,16.124727880515454,73.22821863520932,150,9.341742318194507,34.40981878601957,2026-01-06
SYN_0262,16.124727880515454,73.22821863520932,200,8.794727368997732,34.20163092087028,2026-01-06
SYN_0263,24.840319387936713,78.73300846708075,0,27.603102537480446,35.13774079350804,2026-03-29
SYN_0263,24.840319387936713,78.73300846708075,10,24.17336012854678,35.04043818557494,2026-03-29
SYN_0263,24.840319387936713,78.73300846708075,25,19.813222470577454,34.884210105981175,2026-03-29
SYN_0263,24.840319387936713,78.73300846708075,50,14.92540172543743,34.71448475861975,2026-03-29
SYN_0263,24.840319387936713,78.73300846708075,75,11.863222035240982,34.803323292422874,2026-03-29
SYN_0263,24.840319387936713,78.73300846708075,100,10.061472890587483,34.77441368660527,2026-03-29
SYN_0263,24.840319387936713,78.73300846708075,150,8.694038892895357,34.621110142374285,2026-03-29
SYN_0263,24.840319387936713,78.73300846708075,200,8.11093699681108,34.68456260194435,2026-03-29
SYN_0264,11.17571316705172,70.84883609179032,0,28.161946974045502,34.94397067271566,2026-04-14
SYN_0264,11.17571316705172,70.84883609179032,10,24.498854464140212,34.82301988922693,2026-04-14
SYN_0264,11.17571316705172,70.84883609179032,25,20.184465018168293,34.68745168634586,2026-04-14
SYN_0264,11.17571316705172,70.84883609179032,50,15.292327334725153,34.624491435340246,2026-04-14
SYN_0264,11.17571316705172,70.84883609179032,75,12.59478291376935,34.542411596356004,2026-04-14
SYN_0264,11.17571316705172,70.84883609179032,100,10.872367438889668,34.48511791793006,2026-04-14
SYN_0264,11.17571316705172,70.84883609179032,150,8.731024764038557,34.56995520980641,2026-04-14
SYN_0264,11.17571316705172,70.84883609179032,200,8.531574585035953,34.38441937380713,2026-04-14
SYN_0265,12.471325720781612,69.28600144645758,0,28.26289837887743,34.86307998529874,2026-04-23
SYN_0265,12.471325720781612,69.28600144645758,10,24.259540703123626,34.896264616192184,2026-04-23
SYN_0265,12.471325720781612,69.28600144645758,25,20.163919485668277,34.67738383537426,2026-04-23
SYN_0265,12.471325720781612,69.28600144645758,50,15.426935951097539,34.68712722207029,2026-04-23
SYN_0265,12.471325720781612,69.28600144645758,75,12.669530866112316,34.415000853465116,2026-04-23
SYN_0265,12.471325720781612,69.28600144645758,100,10.74449774670633,34.49371010906854,2026-04-23
SYN_0265,12.471325720781612,69.28600144645758,150,9.041038491806203,34.44608033188914,2026-04-23
SYN_0265,12.471325720781612,69.28600144645758,200,8.488597662425255,34.38321994731935,2026-04-23
SYN_0266,8.914155032775756,65.55699555165512,0,27.83100311567403,35.07380361773077,2026-05-14
SYN_0266,8.914155032775756,65.55699555165512,10,24.62848976579527,34.85961088191086,2026-05-14
SYN_0266,8.914155032775756,65.55699555165512,25,20.126489273896713,34.70275682709781,2026-05-14
SYN_0266,8.914155032775756,65.55699555165512,50,15.645658424101317,34.532110051526814,2026-05-14
SYN_0266,8.914155032775756,65.55699555165512,75,12.56306615092825,34.46023094637198,2026-05-14
SYN_0266,8.914155032775756,65.55699555165512,100,10.902157089651379,34.50022185365064,2026-05-14
SYN_0266,8.914155032775756,65.55699555165512,150,9.126261677352948,34.425954915697744,2026-05-14
SYN_0266,8.914155032775756,65.55699555165512,200,8.39486240073853,34.39003875844576,2026-05-14
SYN_0267,12.801321314952565,82.27154006278292,0,28.136885966971516,34.9602169454394,2026-01-22
SYN_0267,12.801321314952565,82.27154006278292,10,24.42455223064741,34.84713229193563,2026-01-22
SYN_0267,12.801321314952565,82.27154006278292,25,19.981204382697367,34.817755381002755,2026-01-22
SYN_0267,12.801321314952565,82.27154006278292,50,15.432981946544482,34.57279257197334,2026-01-22
SYN_0267,12.801321314952565,82.27154006278292,75,12.421979807121941,34.52965778610948,2026-01-22
SYN_0267,12.801321314952565,82.27154006278292,100,10.667876833983545,34.56569216262549,2026-01-22
SYN_0267,12.801321314952565,82.27154006278292,150,9.266503489091953,34.37525906344094,2026-01-22
SYN_0267,12.801321314952565,82.27154006278292,200,8.254711596039147,34.491884573642686,2026-01-22
SYN_0268,15.989791470236408,78.56838503427424,0,28.346720869482603,34.90692055688696,2026-01-15
SYN_0268,15.989791470236408,78.56838503427424,10,25.09156656233757,34.452950143149955,2026-01-15
SYN_0268,15.989791470236408,78.56838503427424,25,20.717075262820835,34.46066297343118,2026-01-15
SYN_0268,15.989791470236408,78.56838503427424,50,15.930197388823652,34.41112576880825,2026-01-15
SYN_0268,15.989791470236408,78.56838503427424,75,12.804035560039,34.387472639642816,2026-01-15
SYN_0268,15.989791470236408,78.56838503427424,100,10.829805267237646,34.42369276629436,2026-01-15
SYN_0268,15.989791470236408,78.56838503427424,150,9.001415511126302,34.5074358220359,2026-01-15
SYN_0268,15.989791470236408,78.56838503427424,200,8.890988277175166,34.28156305500718,2026-01-15
SYN_0269,19.498205436721687,73.72096595945176,0,28.33670435206587,34.774779626869496,2026-02-03
SYN_0269,19.498205436721687,73.72096595945176,10,24.512201375761393,34.76631295102068,2026-02-03
SYN_0269,19.498205436721687,73.72096595945176,25,20.319477332203455,34.65501245184649,2026-02-03
SYN_0269,19.498205436721687,73.72096595945176,50,15.473995813809422,34.52504079950381,2026-02-03
SYN_0269,19.498205436721687,73.72096595945176,75,12.708182306011357,34.469193647971,2026-02-03
SYN_0269,19.498205436721687,73.72096595945176,100,10.816805256843288,34.47277049860676,2026-02-03
SYN_0269,19.498205436721687,73.72096595945176,150,9.035373958529876,34.484663767539956,2026-02-03
SYN_0269,19.498205436721687,73.72096595945176,200,8.328371461270555,34.57777211956642,2026-02-03
SYN_0270,7.501564536326509,65.82998608771423,0,28.344819711101916,34.81903232511152,2026-06-29
SYN_0270,7.501564536326509,65.82998608771423,10,24.463327928064366,34.829791540485054,2026-06-29
SYN_0270,7.501564536326509,65.82998608771423,25,20.398642291590306,34.56003824686393,2026-06-29
SYN_0270,7.501564536326509,65.82998608771423,50,15.434467281705768,34.473377952765475,2026-06-29
SYN_0270,7.501564536326509,65.82998608771423,75,12.533651256374554,34.53452211731285,2026-06-29
SYN_0270,7.501564536326509,65.82998608771423,100,11.029943536410697,34.359722484594826,2026-06-29
SYN_0270,7.501564536326509,65.82998608771423,150,9.145114227474203,34.464890905484936,2026-06-29
SYN_0270,7.501564536326509,65.82998608771423,200,8.291333010993387,34.50341736349705,2026-06-29
SYN_0271,9.023459342278015,83.44997792605007,0,28.18454041115625,34.86964319224781,2026-02-22
SYN_0271,9.023459342278015,83.44997792605007,10,24.37180060447257,34.89977455165977,2026-02-22
SYN_0271,9.023459342278015,83.44997792605007,25,20.241711167983418,34.64006035240269,2026-02-22
SYN_0271,9.023459342278015,83.44997792605007,50,15.189883918788267,34.680098697732234,2026-02-22
SYN_0271,9.023459342278015,83.44997792605007,75,12.52333578170461,34.52027764661641,2026-02-22
SYN_0271,9.023459342278015,83.44997792605007,100,11.041765659699532,34.393083996652635,2026-02-22
SYN_0271,9.023459342278015,83.44997792605007,150,9.084648282700169,34.541770616355706,2026-02-22
SYN_0271,9.023459342278015,83.44997792605007,200,8.509985633314491,34.446624283569506,2026-02-22
SYN_0272,21.049196306747408,65.8274876493452,0,27.973438330523106,35.10817519937138,2026-06-01
SYN_0272,21.049196306747408,65.8274876493452,10,24.586722404861,34.75413974207543,2026-06-01
SYN_0272,21.049196306747408,65.8274876493452,25,20.16399158433065,34.6921889236131,2026-06-01
SYN_0272,21.049196306747408,65.8274876493452,50,15.570257898749922,34.506087306142554,2026-06-01
SYN_0272,21.049196306747408,65.8274876493452,75,12.428337857326511,34.53744364669229,2026-06-01
SYN_0272,21.049196306747408,65.8274876493452,100,10.756958133131487,34.47476284321503,2026-06-01
SYN_0272,21.049196306747408,65.8274876493452,150,8.867180921639678,34.5698007450244,2026-06-01
SYN_0272,21.049196306747408,65.8274876493452,200,8.14445105143543,34.717648745436804,2026-06-01
SYN_0273,11.517802867872856,74.51310061849834,0,28.1028510498152,34.868039304287024,2026-03-03
SYN_0273,11.517802867872856,74.51310061849834,10,24.389754024027486,34.75437270804321,2026-03-03
SYN_0273,11.517802867872856,74.51310061849834,25,20.416202132624633,34.660061667345005,2026-03-03
SYN_0273,11.517802867872856,74.51310061849834,50,15.865066778181758,34.35847653330912,2026-03-03
SYN_0273,11.517802867872856,74.51310061849834,75,12.712007096590524,34.48305620747698,2026-03-03
SYN_0273,11.517802867872856,74.51310061849834,100,11.150295975357206,34.289879305709334,2026-03-03
SYN_0273,11.517802867872856,74.51310061849834,150,9.210354744594992,34.51501446445054,2026-03-03
SYN_0273,11.517802867872856,74.51310061849834,200,8.394274440246878,34.5792853590883,2026-03-03
SYN_0274,15.163275809163494,66.25942817467401,0,28.06579751080735,34.91105888691804,2026-01-02
SYN_0274,15.163275809163494,66.25942817467401,10,24.054375731229634,35.017623418126895,2026-01-02
SYN_0274,15.163275809163494,66.25942817467401,25,20.0589693225194,34.79355417839504,2026-01-02
SYN_0274,15.163275809163494,66.25942817467401,50,15.405203935796445,34.602963682564145,2026-01-02
SYN_0274,15.163275809163494,66.25942817467401,75,12.337583629844078,34.61947093284994,2026-01-02
SYN_0274,15.163275809163494,66.25942817467401,100,10.474510939704727,34.59518853250102,2026-01-02
SYN_0274,15.163275809163494,66.25942817467401,150,8.642194252891692,34.67073738695508,2026-01-02
SYN_0274,15.163275809163494,66.25942817467401,200,8.176420260368907,34.5608435018668,2026-01-02
SYN_0275,20.958863785066,76.26253187784094,0,27.83027646323008,35.0614670765763,2026-06-25
SYN_0275,20.958863785066,76.26253187784094,10,24.086706474425682,35.06568159419988,2026-06-25
SYN_0275,20.958863785066,76.26253187784094,25,20.03783836244652,34.691104477970136,2026-06-25
SYN_0275,20.958863785066,76.26253187784094,50,15.228370415660383,34.722943069798156,2026-06-25
SYN_0275,20.958863785066,76.26253187784094,75,12.137439057163204,34.75302007210123,2026-06-25
SYN_0275,20.958863785066,76.26253187784094,100,10.199753202723048,34.787562456407066,2026-06-25
SYN_0275,20.958863785066,76.26253187784094,150,8.760984404705772,34.61114516479414,2026-06-25
SYN_0275,20.958863785066,76.26253187784094,200,8.235061323282237,34.48812919664114,2026-06-25
SYN_0276,20.923718968677406,65.07535389101066,0,28.046405001537988,34.98594722171327,2026-06-28
SYN_0276,20.923718968677406,65.07535389101066,10,24.1711387824678,34.97181091532677,2026-06-28
SYN_0276,20.923718968677406,65.07535389101066,25,20.242414674212306,34.733219840251664,2026-06-28
SYN_0276,20.923718968677406,65.07535389101066,50,15.252152472176887,34.643794461684955,2026-06-28
SYN_0276,20.923718968677406,65.07535389101066,75,12.65499195316573,34.40609998301018,2026-06-28
SYN_0276,20.923718968677406,65.07535389101066,100,11.06188241277092,34.33829142130587,2026-06-28
SYN_0276,20.923718968677406,65.07535389101066,150,8.893923621732588,34.60803892337098,2026-06-28
SYN_0276,20.923718968677406,65.07535389101066,200,8.593865558539798,34.3860817720746,2026-06-28
SYN_0277,14.783930359612311,74.00530386993276,0,28.566004219163645,34.795464861836706,2026-01-21
SYN_0277,14.783930359612311,74.00530386993276,10,24.759302986392594,34.685249354132196,2026-01-21
SYN_0277,14.783930359612311,74.00530386993276,25,20.77057441427893,34.35292801661873,2026-01-21
SYN_0277,14.783930359612311,74.00530386993276,50,15.844026061333183,34.42526452567089,2026-01-21
SYN_0277,14.783930359612311,74.00530386993276,75,12.932575925479933,34.34254903377744,2026-01-21
SYN_0277,14.783930359612311,74.00530386993276,100,11.326633026810986,34.21191549467323,2026-01-21
SYN_0277,14.783930359612311,74.00530386993276,150,9.466265800128697,34.324431265910285,2026-01-21
SYN_0277,14.783930359612311,74.00530386993276,200,8.721342704631827,34.36659423495734,2026-01-21
SYN_0278,24.93345217105584,82.86533272534155,0,28.14473025311869,34.98874478131844,2026-02-07
SYN_0278,24.93345217105584,82.86533272534155,10,24.865710833812944,34.58376708441948,2026-02-07
SYN_0278,24.93345217105584,82.86533272534155,25,19.989890903387003,34.88442261983853,2026-02-07
SYN_0278,24.93345217105584,82.86533272534155,50,15.44178015158351,34.553270934599595,2026-02-07
SYN_0278,24.93345217105584,82.86533272534155,75,12.4940154409212,34.48456947484376,2026-02-07
SYN_0278,24.93345217105584,82.86533272534155,100,10.63479932123002,34.63328401293688,2026-02-07
SYN_0278,24.93345217105584,82.86533272534155,150,9.194664736179904,34.36162397445244,2026-02-07
SYN_0278,24.93345217105584,82.86533272534155,200,8.386991204053512,34.57807772301632,2026-02-07
SYN_0279,23.083824151048557,77.04337538777767,0,27.508403457238906,35.20197858420681,2026-03-04
SYN_0279,23.083824151048557,77.04337538777767,10,24.036263932080868,35.07219059183102,2026-03-04
SYN_0279,23.083824151048557,77.04337538777767,25,19.81328684541766,34.845108368210525,2026-03-04
SYN_0279,23.083824151048557,77.04337538777767,50,15.11186178495409,34.764453892986495,2026-03-04
SYN_0279,23.083824151048557,77.04337538777767,75,12.287235574711447,34.58944130239661,2026-03-04
SYN_0279,23.083824151048557,77.04337538777767,100,10.445303999538872,34.58735946999656,2026-03-04
SYN_0279,23.083824151048557,77.04337538777767,150,8.549400048023488,34.78679552014716,2026-03-04
SYN_0279,23.083824151048557,77.04337538777767,200,8.045383067444233,34.70616151109051,2026-03-04
SYN_0280,22.125702560935245,67.2476594985742,0,28.072165856780554,34.94811292355357,2026-04-14
SYN_0280,22.125702560935245,67.2476594985742,10,24.432097014152404,34.871183650554016,2026-04-14
SYN_0280,22.125702560935245,67.2476594985742,25,20.05702910641378,34.688702319915606,2026-04-14
SYN_0280,22.125702560935245,67.2476594985742,50,15.36327467077153,34.49980643993859,2026-04-14
SYN_0280,22.125702560935245,67.2476594985742,75,12.597034754382467,34.49289436533403,2026-04-14
SYN_0280,22.125702560935245,67.2476594985742,100,10.541958111399593,34.628912869884154,2026-04-14
SYN_0280,22.125702560935245,67.2476594985742,150,8.976309219656757,34.47447542795958,2026-04-14
SYN_0280,22.125702560935245,67.2476594985742,200,8.188601190643547,34.62446532281103,2026-04-14
SYN_0281,5.2374269333871855,71.01311281121488,0,27.273190136813692,35.349609158071345,2026-06-16
SYN_0281,5.2374269333871855,71.01311281121488,10,24.27005786446741,34.9140077478918,2026-06-16
SYN_0281,5.2374269333871855,71.01311281121488,25,20.016436605015688,34.72955407415536,2026-06-16
SYN_0281,5.2374269333871855,71.01311281121488,50,14.82722550617486,34.77128952407507,2026-06-16
SYN_0281,5.2374269333871855,71.01311281121488,75,12.059288245428569,34.67150028559716,2026-06-16
SYN_0281,5.2374269333871855,71.01311281121488,100,10.204712541402468,34.776952717595165,2026-06-16
SYN_0281,5.2374269333871855,71.01311281121488,150,8.563870246622981,34.777404919080254,2026-06-16
SYN_0281,5.2374269333871855,71.01311281121488,200,7.961069026054151,34.653821326839946,2026-06-16
SYN_0282,6.417434013097472,76.96364891084005,0,27.54344332366539,35.15232785190088,2026-01-16
SYN_0282,6.417434013097472,76.96364891084005,10,23.849139573198144,35.12554000618775,2026-01-16
SYN_0282,6.417434013097472,76.96364891084005,25,19.714152229607596,34.993259639293974,2026-01-16
SYN_0282,6.417434013097472,76.96364891084005,50,15.146459512513587,34.73358033475182,2026-01-16
SYN_0282,6.417434013097472,76.96364891084005,75,12.033618814706074,34.64469361824802,2026-01-16
SYN_0282,6.417434013097472,76.96364891084005,100,10.266888575403506,34.746550790139544,2026-01-16
SYN_0282,6.417434013097472,76.96364891084005,150,8.906727379790285,34.56148932222317,2026-01-16
SYN_0282,6.417434013097472,76.96364891084005,200,7.879582836999045,34.65824628012234,2026-01-16
SYN_0283,12.099900820767072,66.45094025973304,0,27.908979612539728,34.98368627940052,2026-01-10
SYN_0283,12.099900820767072,66.45094025973304,10,24.385010653377524,34.93958395012081,2026-01-10
SYN_0283,12.099900820767072,66.45094025973304,25,19.903460745024205,34.926805645561586,2026-01-10
SYN_0283,12.099900820767072,66.45094025973304,50,15.270759049097785,34.65262827316383,2026-01-10
SYN_0283,12.099900820767072,66.45094025973304,75,12.392027931378477,34.559439380397436,2026-01-10
SYN_0283,12.099900820767072,66.45094025973304,100,10.79051615386858,34.49898565372028,2026-01-10
SYN_0283,12.099900820767072,66.45094025973304,150,9.033564015167642,34.47123985793419,2026-01-10
SYN_0283,12.099900820767072,66.45094025973304,200,8.149624707385374,34.609069504150554,2026-01-10
SYN_0284,11.969559515913106,68.58359349250645,0,27.800883899033874,35.1858427401238,2026-06-26
SYN_0284,11.969559515913106,68.58359349250645,10,24.563172940520992,34.7689780315612,2026-06-26
SYN_0284,11.969559515913106,68.58359349250645,25,19.846574302480256,34.86959133449156,2026-06-26
SYN_0284,11.969559515913106,68.58359349250645,50,15.372074555875555,34.56224557239647,2026-06-26
SYN_0284,11.969559515913106,68.58359349250645,75,12.884417686045445,34.340995654649944,2026-06-26
SYN_0284,11.969559515913106,68.58359349250645,100,10.553646834623775,34.61779341980517,2026-06-26
SYN_0284,11.969559515913106,68.58359349250645,150,8.868870494558587,34.447854607861224,2026-06-26
SYN_0284,11.969559515913106,68.58359349250645,200,8.633602982200994,34.28769893266822,2026-06-26
SYN_0285,23.782173966204812,78.43489680954967,0,27.285167194487002,35.42407855219179,2026-02-22
SYN_0285,23.782173966204812,78.43489680954967,10,23.901724150993743,35.05898425752094,2026-02-22
SYN_0285,23.782173966204812,78.43489680954967,25,19.736790044058747,34.96361423499341,2026-02-22
SYN_0285,23.782173966204812,78.43489680954967,50,14.812191444939733,34.82023611946175,2026-02-22
SYN_0285,23.782173966204812,78.43489680954967,75,12.140716361182792,34.69616787176672,2026-02-22
SYN_0285,23.782173966204812,78.43489680954967,100,10.14159717680124,34.68994679849911,2026-02-22
SYN_0285,23.782173966204812,78.43489680954967,150,8.864055806013257,34.59101139282476,2026-02-22
SYN_0285,23.782173966204812,78.43489680954967,200,8.124844227227742,34.55697643441907,2026-02-22
SYN_0286,10.502555147521841,75.1428776528077,0,28.1126735388028,34.95408234622458,2026-06-27
SYN_0286,10.502555147521841,75.1428776528077,10,24.14335659133753,35.00575946314864,2026-06-27
SYN_0286,10.502555147521841,75.1428776528077,25,19.878779028910387,34.84273125381555,2026-06-27
SYN_0286,10.502555147521841,75.1428776528077,50,15.40919705031499,34.62828887164232,2026-06-27
SYN_0286,10.502555147521841,75.1428776528077,75,12.450792241057336,34.60946232591464,2026-06-27
SYN_0286,10.502555147521841,75.1428776528077,100,10.716731388657248,34.46804684047526,2026-06-27
SYN_0286,10.502555147521841,75.1428776528077,150,9.031794452080614,34.45969570104895,2026-06-27
SYN_0286,10.502555147521841,75.1428776528077,200,8.15074493690724,34.55229283280917,2026-06-27
SYN_0287,20.820081481308144,75.20425832956244,0,27.678489562678276,35.12120951566103,2026-06-17
SYN_0287,20.820081481308144,75.20425832956244,10,24.21212479076667,34.9840195678194,2026-06-17
SYN_0287,20.820081481308144,75.20425832956244,25,20.129500365975883,34.60594110133653,2026-06-17
SYN_0287,20.820081481308144,75.20425832956244,50,15.124312527514295,34.68832361834268,2026-06-17
SYN_0287,20.820081481308144,75.20425832956244,75,12.50454834335524,34.46236793515257,2026-06-17
SYN_0287,20.820081481308144,75.20425832956244,100,10.620126614644878,34.61224831831372,2026-06-17
SYN_0287,20.820081481308144,75.20425832956244,150,8.635674550463229,34.72538125068716,2026-06-17
SYN_0287,20.820081481308144,75.20425832956244,200,8.41334353129889,34.37537616596609,2026-06-17
SYN_0288,21.059326022171337,73.54265062096782,0,27.77776487215193,35.135385559301696,2026-03-22
SYN_0288,21.059326022171337,73.54265062096782,10,24.291581279190037,34.86321981803104,2026-03-22
SYN_0288,21.059326022171337,73.54265062096782,25,19.830939793177194,34.84836543246708,2026-03-22
SYN_0288,21.059326022171337,73.54265062096782,50,15.233856045155633,34.47188592598396,2026-03-22
SYN_0288,21.059326022171337,73.54265062096782,75,12.301805133749092,34.69669463585212,2026-03-22
SYN_0288,21.059326022171337,73.54265062096782,100,10.633615630205236,34.62913352942392,2026-03-22
SYN_0288,21.059326022171337,73.54265062096782,150,8.84750648135577,34.53737282480357,2026-03-22
SYN_0288,21.059326022171337,73.54265062096782,200,8.101708717018798,34.59634548185782,2026-03-22
SYN_0289,15.388975727824752,76.25377511581459,0,28.550428963305375,34.644472678927215,2026-02-08
SYN_0289,15.388975727824752,76.25377511581459,10,25.03604627576545,34.48488007448203,2026-02-08
SYN_0289,15.388975727824752,76.25377511581459,25,20.80219388181795,34.47411076271158,2026-02-08
SYN_0289,15.388975727824752,76.25377511581459,50,15.678390842123612,34.41595538660277,2026-02-08
SYN_0289,15.388975727824752,76.25377511581459,75,12.5427792373074,34.397535696370994,2026-02-08
SYN_0289,15.388975727824752,76.25377511581459,100,11.122388264367228,34.31038209151492,2026-02-08
SYN_0289,15.388975727824752,76.25377511581459,150,9.34774089950637,34.23371891587846,2026-02-08
SYN_0289,15.388975727824752,76.25377511581459,200,8.820119015794257,34.22078134179028,2026-02-08
SYN_0290,12.66202867181169,81.71141419929121,0,27.731118130610685,35.12232210392534,2026-02-04
SYN_0290,12.66202867181169,81.71141419929121,10,24.310392086215916,34.905096780915564,2026-02-04
SYN_0290,12.66202867181169,81.71141419929121,25,20.45192038619878,34.58519708150034,2026-02-04
SYN_0290,12.66202867181169,81.71141419929121,50,15.471509999766118,34.491265612484185,2026-02-04
SYN_0290,12.66202867181169,81.71141419929121,75,12.706856603010477,34.3163758064913,2026-02-04
SYN_0290,12.66202867181169,81.71141419929121,100,10.508085384419912,34.628859338931754,2026-02-04
SYN_0290,12.66202867181169,81.71141419929121,150,9.188582887474691,34.40149845540527,2026-02-04
SYN_0290,12.66202867181169,81.71141419929121,200,8.065192206261319,34.650894176725394,2026-02-04
SYN_0291,10.437214534518315,68.3941047831049,0,28.027098945550385,35.062499789237506,2026-05-19
SYN_0291,10.437214534518315,68.3941047831049,10,24.285099823248768,34.87777753232761,2026-05-19
SYN_0291,10.437214534518315,68.3941047831049,25,19.82135810442336,34.81979253535339,2026-05-19
SYN_0291,10.437214534518315,68.3941047831049,50,15.098478354127385,34.70836714211276,2026-05-19
SYN_0291,10.437214534518315,68.3941047831049,75,12.579557235041335,34.47005136661962,2026-05-19
SYN_0291,10.437214534518315,68.3941047831049,100,10.80674498246694,34.556639894346745,2026-05-19
SYN_0291,10.437214534518315,68.3941047831049,150,9.320830910832791,34.32026784395031,2026-05-19
SYN_0291,10.437214534518315,68.3941047831049,200,8.60864284233309,34.23687589258233,2026-05-19
SYN_0292,21.63648236771967,78.1875785720293,0,27.946195875763035,34.98881404358435,2026-03-05
SYN_0292,21.63648236771967,78.1875785720293,10,24.430800125288226,34.82778316090336,2026-03-05
SYN_0292,21.63648236771967,78.1875785720293,25,19.87111628918635,34.863683523265955,2026-03-05
SYN_0292,21.63648236771967,78.1875785720293,50,15.124560875311461,34.72761330222697,2026-03-05
SYN_0292,21.63648236771967,78.1875785720293,75,12.485731780248992,34.49377495477265,2026-03-05
SYN_0292,21.63648236771967,78.1875785720293,100,10.446020145297071,34.586394605288746,2026-03-05
SYN_0292,21.63648236771967,78.1875785720293,150,9.012242580141136,34.50338036961086,2026-03-05
SYN_0292,21.63648236771967,78.1875785720293,200,8.418165920755113,34.40314200305773,2026-03-05
SYN_0293,12.304884032307438,72.8557129265741,0,28.325506471498173,34.850942064275,2026-02-27
SYN_0293,12.304884032307438,72.8557129265741,10,24.694059117389397,34.70290578730165,2026-02-27
SYN_0293,12.304884032307438,72.8557129265741,25,20.62352196811675,34.47012077438826,2026-02-27
SYN_0293,12.304884032307438,72.8557129265741,50,15.717242835468383,34.43461943934765,2026-02-27
SYN_0293,12.304884032307438,72.8557129265741,75,12.826172546932018,34.34010039839395,2026-02-27
SYN_0293,12.304884032307438,72.8557129265741,100,10.764944846464406,34.47232125043777,2026-02-27
SYN_0293,12.304884032307438,72.8557129265741,150,9.041709946904467,34.50935872055581,2026-02-27
SYN_0293,12.304884032307438,72.8557129265741,200,8.77163379815263,34.30124949010006,2026-02-27
SYN_0294,6.6640363301787,70.8679228957157,0,27.894823594055588,34.944671107127746,2026-06-14
SYN_0294,6.6640363301787,70.8679228957157,10,24.322818073124946,34.814087657157614,2026-06-14
SYN_0294,6.6640363301787,70.8679228957157,25,20.04518483833683,34.758596289943135,2026-06-14
SYN_0294,6.6640363301787,70.8679228957157,50,14.943458098466092,34.8744372307731,2026-06-14
SYN_0294,6.6640363301787,70.8679228957157,75,12.140676114176742,34.65314415927214,2026-06-14
SYN_0294,6.6640363301787,70.8679228957157,100,10.423915008022865,34.61365682659448,2026-06-14
SYN_0294,6.6640363301787,70.8679228957157,150,8.780049170573847,34.57937531681378,2026-06-14
SYN_0294,6.6640363301787,70.8679228957157,200,8.235194635620427,34.55138292803959,2026-06-14
SYN_0295,12.353160921182166,76.82190761071229,0,28.448388124800093,34.81176892317924,2026-03-12
SYN_0295,12.353160921182166,76.82190761071229,10,24.3886602058096,34.84058187721655,2026-03-12
SYN_0295,12.353160921182166,76.82190761071229,25,20.24977558997873,34.70290578744737,2026-03-12
SYN_0295,12.353160921182166,76.82190761071229,50,15.774275544463409,34.452556353371655,2026-03-12
SYN_0295,12.353160921182166,76.82190761071229,75,12.782978108685269,34.42923300823828,2026-03-12
SYN_0295,12.353160921182166,76.82190761071229,100,11.113401071553849,34.268598575879004,2026-03-12
SYN_0295,12.353160921182166,76.82190761071229,150,9.381536118324036,34.30913724895144,2026-03-12
SYN_0295,12.353160921182166,76.82190761071229,200,8.822872203857813,34.25162075193992,2026-03-12
SYN_0296,19.68809285086494,76.49149006946034,0,28.07810490714617,34.997003522470706,2026-04-14
SYN_0296,19.68809285086494,76.49149006946034,10,24.370852282757305,34.88528690941434,2026-04-14
SYN_0296,19.68809285086494,76.49149006946034,25,20.09596452128949,34.78344212438411,2026-04-14
SYN_0296,19.68809285086494,76.49149006946034,50,15.383415333282137,34.55462580258808,2026-04-14
SYN_0296,19.68809285086494,76.49149006946034,75,12.538355797335123,34.45236821896896,2026-04-14
SYN_0296,19.68809285086494,76.49149006946034,100,10.847050859882819,34.45339342995339,2026-04-14
SYN_0296,19.68809285086494,76.49149006946034,150,8.897823807477424,34.502332988827064,2026-04-14
SYN_0296,19.68809285086494,76.49149006946034,200,8.356880164501964,34.48036064366695,2026-04-14
SYN_0297,22.39811867780642,77.0988162639551,0,27.549004629456473,35.21451288406094,2026-04-01
SYN_0297,22.39811867780642,77.0988162639551,10,24.034483652015965,34.97920695391377,2026-04-01
SYN_0297,22.39811867780642,77.0988162639551,25,19.86161822859398,34.78860254562918,2026-04-01
SYN_0297,22.39811867780642,77.0988162639551,50,14.84339053358515,34.792396171225406,2026-04-01
SYN_0297,22.39811867780642,77.0988162639551,75,11.892499216307847,34.855569645136185,2026-04-01
SYN_0297,22.39811867780642,77.0988162639551,100,10.018908734497927,34.940492327845185,2026-04-01
SYN_0297,22.39811867780642,77.0988162639551,150,8.65694052293603,34.73645264841669,2026-04-01
SYN_0297,22.39811867780642,77.0988162639551,200,8.126179421690976,34.679412403195485,2026-04-01
SYN_0298,9.680563506137492,76.76172491709396,0,28.033987457212074,35.01451400071738,2026-06-26
SYN_0298,9.680563506137492,76.76172491709396,10,24.2163080264952,34.892128691656254,2026-06-26
SYN_0298,9.680563506137492,76.76172491709396,25,19.73534612664734,34.94763383108435,2026-06-26
SYN_0298,9.680563506137492,76.76172491709396,50,14.948025160948847,34.76740279967826,2026-06-26
SYN_0298,9.680563506137492,76.76172491709396,75,12.33724699333907,34.61435018487418,2026-06-26
SYN_0298,9.680563506137492,76.76172491709396,100,10.547513190677542,34.69324917472235,2026-06-26
SYN_0298,9.680563506137492,76.76172491709396,150,9.02793577681267,34.48164853995052,2026-06-26
SYN_0298,9.680563506137492,76.76172491709396,200,8.184185710227155,34.65062136695654,2026-06-26
SYN_0299,6.592832125780463,76.6687126942177,0,27.507285103305833,35.179351203564345,2026-05-25
SYN_0299,6.592832125780463,76.6687126942177,10,23.78024099986458,35.09919338104787,2026-05-25
SYN_0299,6.592832125780463,76.6687126942177,25,19.514385865835443,35.081044483722316,2026-05-25
SYN_0299,6.592832125780463,76.6687126942177,50,14.953936166819934,34.78234548134284,2026-05-25
SYN_0299,6.592832125780463,76.6687126942177,75,12.21452050552957,34.68183656562707,2026-05-25
SYN_0299,6.592832125780463,76.6687126942177,100,10.221905137683152,34.787347410543624,2026-05-25
SYN_0299,6.592832125780463,76.6687126942177,150,8.556479443080669,34.70926774816953,2026-05-25
SYN_0299,6.592832125780463,76.6687126942177,200,7.890589833318822,34.761882294321545,2026-05-25
SYN_0300,23.244592439992,82.85591879179772,0,27.764054155973028,35.12142002491829,2026-05-30
SYN_0300,23.244592439992,82.85591879179772,10,24.287813731068063,34.85104522059056,2026-05-30
SYN_0300,23.244592439992,82.85591879179772,25,20.219942130274347,34.68397559070541,2026-05-30
SYN_0300,23.244592439992,82.85591879179772,50,15.305105557969528,34.734288506781674,2026-05-30
SYN_0300,23.244592439992,82.85591879179772,75,12.371598535932067,34.58926619659072,2026-05-30
SYN_0300,23.244592439992,82.85591879179772,100,10.70542843947566,34.61218941383221,2026-05-30
SYN_0300,23.244592439992,82.85591879179772,150,8.946557812332388,34.47482709976556,2026-05-30
SYN_0300,23.244592439992,82.85591879179772,200,8.69424456892743,34.350742674110386,2026-05-30
SYN_0301,7.42929541814255,77.17069286554477,0,27.776683517907266,35.112831707161,2026-06-22
SYN_0301,7.42929541814255,77.17069286554477,10,24.137326694001267,35.03460454579301,2026-06-22
SYN_0301,7.42929541814255,77.17069286554477,25,19.639865853514667,34.92945366004774,2026-06-22
SYN_0301,7.42929541814255,77.17069286554477,50,15.038910566840775,34.76998579514267,2026-06-22
SYN_0301,7.42929541814255,77.17069286554477,75,12.076808916531526,34.7082000575555,2026-06-22
SYN_0301,7.42929541814255,77.17069286554477,100,10.607890719285805,34.60633846152705,2026-06-22
SYN_0301,7.42929541814255,77.17069286554477,150,8.601093962067461,34.66510959921563,2026-06-22
SYN_0301,7.42929541814255,77.17069286554477,200,7.970532344959072,34.64536238281995,2026-06-22
SYN_0302,21.94024070778167,81.55824124298128,0,27.80362636034277,35.04454470517048,2026-04-07
SYN_0302,21.94024070778167,81.55824124298128,10,24.597758956120504,34.782069858689766,2026-04-07
SYN_0302,21.94024070778167,81.55824124298128,25,19.824137321574252,34.86606237022506,2026-04-07
SYN_0302,21.94024070778167,81.55824124298128,50,15.456580254492431,34.44287261962999,2026-04-07
SYN_0302,21.94024070778167,81.55824124298128,75,12.546894067594344,34.616526320946924,2026-04-07
SYN_0302,21.94024070778167,81.55824124298128,100,10.344268459685926,34.733689200909424,2026-04-07
SYN_0302,21.94024070778167,81.55824124298128,150,8.972452957082716,34.56899902899654,2026-04-07
SYN_0302,21.94024070778167,81.55824124298128,200,8.454845953479602,34.445742233377175,2026-04-07
SYN_0303,5.3112509251743205,77.91928524998323,0,27.86119696426788,35.085751243529565,2026-03-05
SYN_0303,5.3112509251743205,77.91928524998323,10,24.14923644205971,35.07484384429677,2026-03-05
SYN_0303,5.3112509251743205,77.91928524998323,25,19.64740129883282,34.95028630409079,2026-03-05
SYN_0303,5.3112509251743205,77.91928524998323,50,15.077503840629731,34.76300465936151,2026-03-05
SYN_0303,5.3112509251743205,77.91928524998323,75,12.280973636196894,34.61621545904522,2026-03-05
SYN_0303,5.3112509251743205,77.91928524998323,100,10.34658399989026,34.71944897699517,2026-03-05
SYN_0303,5.3112509251743205,77.91928524998323,150,8.589267916028676,34.68773637329073,2026-03-05
SYN_0303,5.3112509251743205,77.91928524998323,200,7.948582849589345,34.6724896683659,2026-03-05
SYN_0304,23.027998824584664,81.67833200922074,0,28.02396512167708,35.015221753270616,2026-02-21
SYN_0304,23.027998824584664,81.67833200922074,10,24.29611432475934,34.89144590368364,2026-02-21
SYN_0304,23.027998824584664,81.67833200922074,25,19.82856943977566,34.862886735435175,2026-02-21
SYN_0304,23.027998824584664,81.67833200922074,50,14.851152039565898,34.80603014970505,2026-02-21
SYN_0304,23.027998824584664,81.67833200922074,75,12.572308198426382,34.47057142587399,2026-02-21
SYN_0304,23.027998824584664,81.67833200922074,100,10.427457521480871,34.556614172217365,2026-02-21
SYN_0304,23.027998824584664,81.67833200922074,150,8.559062841912759,34.74478485303683,2026-02-21
SYN_0304,23.027998824584664,81.67833200922074,200,8.162314716499619,34.581301987114756,2026-02-21
SYN_0305,6.9310095719549025,65.26845830240255,0,28.171190096370903,34.91037937593942,2026-04-15
SYN_0305,6.9310095719549025,65.26845830240255,10,24.444975279373644,34.86161059729949,2026-04-15
SYN_0305,6.9310095719549025,65.26845830240255,25,20.49159393916129,34.560754311464365,2026-04-15
SYN_0305,6.9310095719549025,65.26845830240255,50,15.603696093778119,34.46736913613395,2026-04-15
SYN_0305,6.9310095719549025,65.26845830240255,75,12.914099224362921,34.3068666712956,2026-04-15
SYN_0305,6.9310095719549025,65.26845830240255,100,10.974444626381578,34.384851732820515,2026-04-15
SYN_0305,6.9310095719549025,65.26845830240255,150,9.271622429043347,34.36652814229672,2026-04-15
SYN_0305,6.9310095719549025,65.26845830240255,200,8.481197267514162,34.40114565399937,2026-04-15
SYN_0306,10.831554335198614,70.65895136074663,0,28.02201974322348,35.036365723817035,2026-04-11
SYN_0306,10.831554335198614,70.65895136074663,10,24.304401627668415,34.85362768988242,2026-04-11
SYN_0306,10.831554335198614,70.65895136074663,25,20.27183294469996,34.642554341778975,2026-04-11
SYN_0306,10.831554335198614,70.65895136074663,50,15.592387589859184,34.54374987791224,2026-04-11
SYN_0306,10.831554335198614,70.65895136074663,75,12.711558344313008,34.39011910968451,2026-04-11
SYN_0306,10.831554335198614,70.65895136074663,100,10.49746384382065,34.634214672097734,2026-04-11
SYN_0306,10.831554335198614,70.65895136074663,150,8.862858925053358,34.5918278943454,2026-04-11
SYN_0306,10.831554335198614,70.65895136074663,200,8.330067212734011,34.5610650228858,2026-04-11
SYN_0307,5.809756486566089,73.05779157913261,0,27.74545817953872,35.09260041932553,2026-03-01
SYN_0307,5.809756486566089,73.05779157913261,10,23.967852599407344,34.96521376540025,2026-03-01
SYN_0307,5.809756486566089,73.05779157913261,25,19.740559427768826,34.968416969509114,2026-03-01
SYN_0307,5.809756486566089,73.05779157913261,50,15.083421991607308,34.758003362354636,2026-03-01
SYN_0307,5.809756486566089,73.05779157913261,75,12.292691068564356,34.63075920305641,2026-03-01
SYN_0307,5.809756486566089,73.05779157913261,100,10.302922704479089,34.69278001844451,2026-03-01
SYN_0307,5.809756486566089,73.05779157913261,150,8.759387839848712,34.62114553562936,2026-03-01
SYN_0307,5.809756486566089,73.05779157913261,200,8.040681996780146,34.72281370860335,2026-03-01
SYN_0308,24.82863383116176,79.2643801015421,0,27.568429488646142,35.21942242211179,2026-01-06
SYN_0308,24.82863383116176,79.2643801015421,10,23.960114252125912,35.16675950702855,2026-01-06
SYN_0308,24.82863383116176,79.2643801015421,25,19.760490986701562,34.89223405815564,2026-01-06
SYN_0308,24.82863383116176,79.2643801015421,50,15.109900919465,34.731143640934526,2026-01-06
SYN_0308,24.82863383116176,79.2643801015421,75,12.09940429744883,34.72765643819719,2026-01-06
SYN_0308,24.82863383116176,79.2643801015421,100,10.112460935338884,34.9464901118629,2026-01-06
SYN_0308,24.82863383116176,79.2643801015421,150,8.493633058524775,34.765926148134966,2026-01-06
SYN_0308,24.82863383116176,79.2643801015421,200,7.884936669129918,34.66722494416676,2026-01-06
SYN_0309,9.65460483740107,74.82698180537571,0,27.78526559396015,35.03958190500808,2026-05-29
SYN_0309,9.65460483740107,74.82698180537571,10,24.108479771637242,35.03843709730306,2026-05-29
SYN_0309,9.65460483740107,74.82698180537571,25,20.03115276875091,34.764701161939115,2026-05-29
SYN_0309,9.65460483740107,74.82698180537571,50,15.211414135612495,34.690063026691604,2026-05-29
SYN_0309,9.65460483740107,74.82698180537571,75,12.370529855827444,34.51608838813742,2026-05-29
SYN_0309,9.65460483740107,74.82698180537571,100,10.809736369441884,34.427407751931796,2026-05-29
SYN_0309,9.65460483740107,74.82698180537571,150,9.069383521876018,34.54203642848055,2026-05-29
SYN_0309,9.65460483740107,74.82698180537571,200,8.328666213287523,34.54223534939374,2026-05-29
SYN_0310,19.830345046539804,76.98856784220837,0,28.156487574211337,35.00176110523535,2026-05-27
SYN_0310,19.830345046539804,76.98856784220837,10,24.55982510452318,34.753029390364986,2026-05-27
SYN_0310,19.830345046539804,76.98856784220837,25,20.3758679961107,34.59458026538232,2026-05-27
SYN_0310,19.830345046539804,76.98856784220837,50,15.380771070882773,34.51653356959435,2026-05-27
SYN_0310,19.830345046539804,76.98856784220837,75,12.619176306728065,34.49687288653519,2026-05-27
SYN_0310,19.830345046539804,76.98856784220837,100,10.872151597854602,34.414612559535506,2026-05-27
SYN_0310,19.830345046539804,76.98856784220837,150,9.036499451195619,34.4883749040357,2026-05-27
SYN_0310,19.830345046539804,76.98856784220837,200,8.509511284582004,34.532904235475506,2026-05-27
SYN_0311,6.024126983806582,79.91006170705545,0,27.473350933867625,35.19120954197067,2026-06-18
SYN_0311,6.024126983806582,79.91006170705545,10,24.09639891956521,35.01620062524645,2026-06-18
SYN_0311,6.024126983806582,79.91006170705545,25,19.5607832033601,35.062422618158024,2026-06-18
SYN_0311,6.024126983806582,79.91006170705545,50,15.024289961485724,34.76514825125292,2026-06-18
SYN_0311,6.024126983806582,79.91006170705545,75,12.206776156930289,34.69947173738419,2026-06-18
SYN_0311,6.024126983806582,79.91006170705545,100,10.429194484170102,34.63577838016571,2026-06-18
SYN_0311,6.024126983806582,79.91006170705545,150,8.5587255182073,34.66815370657553,2026-06-18
SYN_0311,6.024126983806582,79.91006170705545,200,8.225701817448567,34.67808430324997,2026-06-18
SYN_0312,10.49472502592602,74.59542715564756,0,27.98585198954489,35.069541440615865,2026-04-04
SYN_0312,10.49472502592602,74.59542715564756,10,24.465977234411515,34.864671314256896,2026-04-04
SYN_0312,10.49472502592602,74.59542715564756,25,20.13066500226306,34.68232435318588,2026-04-04
SYN_0312,10.49472502592602,74.59542715564756,50,15.38891164914411,34.56826212930478,2026-04-04
SYN_0312,10.49472502592602,74.59542715564756,75,12.677891728258206,34.40965394287299,2026-04-04
SYN_0312,10.49472502592602,74.59542715564756,100,10.944724111018473,34.327552004965405,2026-04-04
SYN_0312,10.49472502592602,74.59542715564756,150,9.075960304874556,34.40299454400189,2026-04-04
SYN_0312,10.49472502592602,74.59542715564756,200,8.428511505097468,34.44733476946609,2026-04-04
SYN_0313,16.630609485542212,68.3642720466842,0,28.044557796118383,34.92291112576243,2026-06-14
SYN_0313,16.630609485542212,68.3642720466842,10,24.709060215187968,34.66370387067695,2026-06-14
SYN_0313,16.630609485542212,68.3642720466842,25,20.453187448829816,34.57308995063737,2026-06-14
SYN_0313,16.630609485542212,68.3642720466842,50,15.525853909936963,34.475576910896535,2026-06-14
SYN_0313,16.630609485542212,68.3642720466842,75,12.559906641381026,34.49147296889605,2026-06-14
SYN_0313,16.630609485542212,68.3642720466842,100,10.63307999209271,34.51723931724527,2026-06-14
SYN_0313,16.630609485542212,68.3642720466842,150,9.237828417482353,34.39089593823218,2026-06-14
SYN_0313,16.630609485542212,68.3642720466842,200,8.254779853816219,34.516631539292156,2026-06-14
SYN_0314,5.180113285289504,69.70942834021754,0,27.954711281464718,35.10647425585023,2026-04-11
SYN_0314,5.180113285289504,69.70942834021754,10,24.502891684093875,34.75125578343334,2026-04-11
SYN_0314,5.180113285289504,69.70942834021754,25,19.94787967786237,34.8113891396902,2026-04-11
SYN_0314,5.180113285289504,69.70942834021754,50,15.229781110896301,34.67611873335167,2026-04-11
SYN_0314,5.180113285289504,69.70942834021754,75,12.320447559991395,34.6500715968321,2026-04-11
SYN_0314,5.180113285289504,69.70942834021754,100,10.549235001989945,34.55322016666871,2026-04-11
SYN_0314,5.180113285289504,69.70942834021754,150,8.96413937778364,34.54985728294169,2026-04-11
SYN_0314,5.180113285289504,69.70942834021754,200,7.990373844207833,34.71309062241375,2026-04-11
SYN_0315,23.825163920848055,76.98237369640216,0,27.715632930967576,35.214875546372305,2026-01-27
SYN_0315,23.825163920848055,76.98237369640216,10,23.796559795707662,35.15423608983442,2026-01-27
SYN_0315,23.825163920848055,76.98237369640216,25,19.86795863743639,34.7774180026523,2026-01-27
SYN_0315,23.825163920848055,76.98237369640216,50,14.68699181809134,34.9164830542431,2026-01-27
SYN_0315,23.825163920848055,76.98237369640216,75,12.475425542061581,34.54673486327986,2026-01-27
SYN_0315,23.825163920848055,76.98237369640216,100,10.337550503008927,34.74087136650079,2026-01-27
SYN_0315,23.825163920848055,76.98237369640216,150,8.711815815017454,34.60406715162791,2026-01-27
SYN_0315,23.825163920848055,76.98237369640216,200,7.593737976369104,34.82072616339248,2026-01-27
SYN_0316,16.514386106624087,76.66772464655496,0,28.30178487326033,34.75592976135519,2026-06-16
SYN_0316,16.514386106624087,76.66772464655496,10,24.839349331422333,34.66114770929145,2026-06-16
SYN_0316,16.514386106624087,76.66772464655496,25,20.56772321628885,34.38700297413349,2026-06-16
SYN_0316,16.514386106624087,76.66772464655496,50,15.53882435356386,34.46221585750555,2026-06-16
SYN_0316,16.514386106624087,76.66772464655496,75,12.546297642333407,34.47006745423638,2026-06-16
SYN_0316,16.514386106624087,76.66772464655496,100,11.021059123001717,34.27560129167687,2026-06-16
SYN_0316,16.514386106624087,76.66772464655496,150,9.417676541566815,34.24919937662682,2026-06-16
SYN_0316,16.514386106624087,76.66772464655496,200,8.88303424231901,34.229401833072494,2026-06-16
SYN_0317,5.197214566742789,78.5573723211549,0,27.58599920506589,35.2107005980642,2026-02-06
SYN_0317,5.197214566742789,78.5573723211549,10,24.06113365515618,34.99049743308177,2026-02-06
SYN_0317,5.197214566742789,78.5573723211549,25,20.138437943292935,34.7439908547736,2026-02-06
SYN_0317,5.197214566742789,78.5573723211549,50,15.06043751420195,34.83466098232991,2026-02-06
SYN_0317,5.197214566742789,78.5573723211549,75,12.056538147931493,34.67458178978543,2026-02-06
SYN_0317,5.197214566742789,78.5573723211549,100,10.433253608038113,34.59882686222294,2026-02-06
SYN_0317,5.197214566742789,78.5573723211549,150,8.744345355292841,34.658526986143386,2026-02-06
SYN_0317,5.197214566742789,78.5573723211549,200,8.102381251379594,34.66053802195758,2026-02-06
SYN_0318,22.375144610731745,75.73109342021598,0,27.638701200054726,35.24544019562014,2026-03-04
SYN_0318,22.375144610731745,75.73109342021598,10,23.805246616933957,35.11935233913654,2026-03-04
SYN_0318,22.375144610731745,75.73109342021598,25,19.809405352765715,34.88673839255834,2026-03-04
SYN_0318,22.375144610731745,75.73109342021598,50,14.94586089915896,34.784595696190976,2026-03-04
SYN_0318,22.375144610731745,75.73109342021598,75,12.031727236395826,34.75561155259793,2026-03-04
SYN_0318,22.375144610731745,75.73109342021598,100,10.705188515089729,34.58142625162756,2026-03-04
SYN_0318,22.375144610731745,75.73109342021598,150,8.399498083413011,34.84503678007506,2026-03-04
SYN_0318,22.375144610731745,75.73109342021598,200,8.053826516112812,34.66642208301958,2026-03-04
SYN_0319,19.345270507158542,80.29237468027236,0,27.988259892468303,35.039687906149595,2026-02-12
SYN_0319,19.345270507158542,80.29237468027236,10,24.45762266873507,34.87501139582737,2026-02-12
SYN_0319,19.345270507158542,80.29237468027236,25,20.163287756626204,34.76857995036308,2026-02-12
SYN_0319,19.345270507158542,80.29237468027236,50,15.50892581582422,34.43347135047655,2026-02-12
SYN_0319,19.345270507158542,80.29237468027236,75,12.524822966061446,34.502608584229115,2026-02-12
SYN_0319,19.345270507158542,80.29237468027236,100,10.514613134025302,34.626921602901255,2026-02-12
SYN_0319,19.345270507158542,80.29237468027236,150,9.045883299522933,34.475059394426815,2026-02-12
SYN_0319,19.345270507158542,80.29237468027236,200,8.324146713019784,34.49621615177331,2026-02-12
SYN_0320,5.279634259427295,80.43610936956469,0,28.030332638310504,34.99086023254956,2026-03-24
SYN_0320,5.279634259427295,80.43610936956469,10,24.14097581330509,34.93265046447534,2026-03-24
SYN_0320,5.279634259427295,80.43610936956469,25,19.903282144562667,34.86319072741073,2026-03-24
SYN_0320,5.279634259427295,80.43610936956469,50,15.109889393074491,34.71352339133093,2026-03-24
SYN_0320,5.279634259427295,80.43610936956469,75,12.094529300721275,34.78442895641524,2026-03-24
SYN_0320,5.279634259427295,80.43610936956469,100,10.543329423766442,34.56514508577709,2026-03-24
SYN_0320,5.279634259427295,80.43610936956469,150,8.65099410038683,34.63990596979365,2026-03-24
SYN_0320,5.279634259427295,80.43610936956469,200,8.137063440333314,34.64481342086382,2026-03-24
SYN_0321,12.31543037926044,83.99204294067263,0,27.9492635220427,34.982146903711865,2026-04-16
SYN_0321,12.31543037926044,83.99204294067263,10,24.29439258015128,34.7902752809947,2026-04-16
SYN_0321,12.31543037926044,83.99204294067263,25,19.895442032545212,34.884315124782226,2026-04-16
SYN_0321,12.31543037926044,83.99204294067263,50,15.369297988642382,34.65865823613962,2026-04-16
SYN_0321,12.31543037926044,83.99204294067263,75,12.34769991761415,34.59471058835632,2026-04-16
SYN_0321,12.31543037926044,83.99204294067263,100,10.61757006367702,34.53267961240379,2026-04-16
SYN_0321,12.31543037926044,83.99204294067263,150,8.76797523426552,34.6248783341903,2026-04-16
SYN_0321,12.31543037926044,83.99204294067263,200,8.460825651074195,34.38599441873544,2026-04-16
SYN_0322,22.543098007423886,82.35494780163461,0,27.851524008112204,35.02738403345307,2026-06-18
SYN_0322,22.543098007423886,82.35494780163461,10,24.304206120686096,34.94323115992467,2026-06-18
SYN_0322,22.543098007423886,82.35494780163461,25,19.84550083509941,34.81604191637111,2026-06-18
SYN_0322,22.543098007423886,82.35494780163461,50,15.390266727434934,34.51313131077921,2026-06-18
SYN_0322,22.543098007423886,82.35494780163461,75,12.486143856948058,34.57351445503227,2026-06-18
SYN_0322,22.543098007423886,82.35494780163461,100,10.525754007867109,34.62910803861909,2026-06-18
SYN_0322,22.543098007423886,82.35494780163461,150,8.570589139286811,34.70640597068513,2026-06-18
SYN_0322,22.543098007423886,82.35494780163461,200,8.065894747798188,34.58070194225164,2026-06-18
SYN_0323,18.38662357405478,77.65186536609994,0,28.169720511268263,34.96682120450481,2026-03-14
SYN_0323,18.38662357405478,77.65186536609994,10,24.561154720379793,34.75611447399565,2026-03-14
SYN_0323,18.38662357405478,77.65186536609994,25,20.155854592720353,34.765864607144934,2026-03-14
SYN_0323,18.38662357405478,77.65186536609994,50,15.547523792194031,34.46293447803125,2026-03-14
SYN_0323,18.38662357405478,77.65186536609994,75,12.570858862917113,34.550868862809814,2026-03-14
SYN_0323,18.38662357405478,77.65186536609994,100,11.159533706825226,34.34838654558699,2026-03-14
SYN_0323,18.38662357405478,77.65186536609994,150,9.250322322679564,34.402045812318256,2026-03-14
SYN_0323,18.38662357405478,77.65186536609994,200,8.69983734299399,34.34320566711665,2026-03-14
SYN_0324,19.00612707767614,69.0339992526205,0,28.137814067248737,34.88609883552334,2026-01-20
SYN_0324,19.00612707767614,69.0339992526205,10,24.517877959148773,34.83970297332378,2026-01-20
SYN_0324,19.00612707767614,69.0339992526205,25,20.362566047872964,34.67168734261989,2026-01-20
SYN_0324,19.00612707767614,69.0339992526205,50,15.430415893163552,34.52987390897741,2026-01-20
SYN_0324,19.00612707767614,69.0339992526205,75,12.528346371042122,34.50316344575272,2026-01-20
SYN_0324,19.00612707767614,69.0339992526205,100,10.801778113048677,34.54158337246783,2026-01-20
SYN_0324,19.00612707767614,69.0339992526205,150,8.99289585796712,34.52434495320541,2026-01-20
SYN_0324,19.00612707767614,69.0339992526205,200,8.473641030276209,34.53953919662445,2026-01-20
SYN_0325,22.146556470671058,67.08945971631873,0,27.728826865147823,35.09956381389234,2026-01-05
SYN_0325,22.146556470671058,67.08945971631873,10,24.43070557075542,34.89095373969565,2026-01-05
SYN_0325,22.146556470671058,67.08945971631873,25,20.219066057545763,34.67389138470356,2026-01-05
SYN_0325,22.146556470671058,67.08945971631873,50,14.95726659992064,34.81614939777939,2026-01-05
SYN_0325,22.146556470671058,67.08945971631873,75,12.39461533283476,34.494077781553074,2026-01-05
SYN_0325,22.146556470671058,67.08945971631873,100,10.63842694937934,34.57982009046849,2026-01-05
SYN_0325,22.146556470671058,67.08945971631873,150,8.854495207792345,34.53901201284689,2026-01-05
SYN_0325,22.146556470671058,67.08945971631873,200,8.626769891628248,34.28858760901356,2026-01-05
SYN_0326,15.273053436426592,78.89083948074548,0,28.517891952441932,34.69536728714895,2026-01-19
SYN_0326,15.273053436426592,78.89083948074548,10,24.792553457919688,34.60339086638563,2026-01-19
SYN_0326,15.273053436426592,78.89083948074548,25,20.6512296587112,34.36238900666611,2026-01-19
SYN_0326,15.273053436426592,78.89083948074548,50,15.547055838421313,34.498894913460106,2026-01-19
SYN_0326,15.273053436426592,78.89083948074548,75,13.068980549771705,34.23653893686849,2026-01-19
SYN_0326,15.273053436426592,78.89083948074548,100,10.878088158916126,34.40739474643251,2026-01-19
SYN_0326,15.273053436426592,78.89083948074548,150,9.37563384268723,34.2970017917432,2026-01-19
SYN_0326,15.273053436426592,78.89083948074548,200,8.906696123952603,34.21602253526033,2026-01-19
SYN_0327,10.878454579430093,70.07825849340057,0,28.11378159123749,34.99066501974637,2026-04-25
SYN_0327,10.878454579430093,70.07825849340057,10,24.119821346149514,35.0313595364581,2026-04-25
SYN_0327,10.878454579430093,70.07825849340057,25,20.17662017507202,34.77960657924513,2026-04-25
SYN_0327,10.878454579430093,70.07825849340057,50,15.31449827801335,34.588839694388895,2026-04-25
SYN_0327,10.878454579430093,70.07825849340057,75,12.779594898557416,34.38500654840807,2026-04-25
SYN_0327,10.878454579430093,70.07825849340057,100,10.575632799239344,34.63770510651216,2026-04-25
SYN_0327,10.878454579430093,70.07825849340057,150,8.95142182943006,34.50551583541579,2026-04-25
SYN_0327,10.878454579430093,70.07825849340057,200,8.341013637486018,34.54863676219288,2026-04-25
SYN_0328,6.6169360328650795,82.49866648701297,0,28.05210500915744,34.920477218682535,2026-04-02
SYN_0328,6.6169360328650795,82.49866648701297,10,24.579486365975686,34.76970621026059,2026-04-02
SYN_0328,6.6169360328650795,82.49866648701297,25,20.227433226557782,34.68198186631491,2026-04-02
SYN_0328,6.6169360328650795,82.49866648701297,50,15.353473423526198,34.54550116131945,2026-04-02
SYN_0328,6.6169360328650795,82.49866648701297,75,12.418892037365367,34.62060882672814,2026-04-02
SYN_0328,6.6169360328650795,82.49866648701297,100,10.739316883628842,34.46158464454249,2026-04-02
SYN_0328,6.6169360328650795,82.49866648701297,150,9.232195199217703,34.46658046194806,2026-04-02
SYN_0328,6.6169360328650795,82.49866648701297,200,8.062063476107907,34.67550670528806,2026-04-02
SYN_0329,21.027444997509185,66.40474611738962,0,28.210476576538017,34.877646469558535,2026-01-08
SYN_0329,21.027444997509185,66.40474611738962,10,24.45797627250592,34.838868945167846,2026-01-08
SYN_0329,21.027444997509185,66.40474611738962,25,19.89864340422265,34.777077906325516,2026-01-08
SYN_0329,21.027444997509185,66.40474611738962,50,15.134790007960678,34.74739776431285,2026-01-08
SYN_0329,21.027444997509185,66.40474611738962,75,12.613370949975906,34.4096019251704,2026-01-08
SYN_0329,21.027444997509185,66.40474611738962,100,11.10612203311517,34.325482653854465,2026-01-08
SYN_0329,21.027444997509185,66.40474611738962,150,9.048838427202117,34.503338903027064,2026-01-08
SYN_0329,21.027444997509185,66.40474611738962,200,8.396114628331325,34.53102127164722,2026-01-08
SYN_0330,14.206539695556657,76.32933211959269,0,28.43297396885052,34.82592792453998,2026-03-20
SYN_0330,14.206539695556657,76.32933211959269,10,24.819656699834987,34.664443671190796,2026-03-20
SYN_0330,14.206539695556657,76.32933211959269,25,20.553599538211852,34.52535994975728,2026-03-20
SYN_0330,14.206539695556657,76.32933211959269,50,15.935901246691518,34.316180145789374,2026-03-20
SYN_0330,14.206539695556657,76.32933211959269,75,13.068776951105432,34.167603198693584,2026-03-20
SYN_0330,14.206539695556657,76.32933211959269,100,11.304106002761213,34.17509881810341,2026-03-20
SYN_0330,14.206539695556657,76.32933211959269,150,9.272815568573897,34.41292219651676,2026-03-20
SYN_0330,14.206539695556657,76.32933211959269,200,8.792035930703767,34.18279615830711,2026-03-20
SYN_0331,15.646954559092576,70.35333519538885,0,28.292695378059452,34.86829375314961,2026-06-21
SYN_0331,15.646954559092576,70.35333519538885,10,24.579581084724357,34.72393852425758,2026-06-21
SYN_0331,15.646954559092576,70.35333519538885,25,20.364007006303556,34.67450825953307,2026-06-21
SYN_0331,15.646954559092576,70.35333519538885,50,15.391036796384052,34.65371840199073,2026-06-21
SYN_0331,15.646954559092576,70.35333519538885,75,12.87263758786301,34.43858765402821,2026-06-21
SYN_0331,15.646954559092576,70.35333519538885,100,11.029697738834821,34.34271961457579,2026-06-21
SYN_0331,15.646954559092576,70.35333519538885,150,9.050461180591961,34.52006217625123,2026-06-21
SYN_0331,15.646954559092576,70.35333519538885,200,8.688670365879911,34.32068207381607,2026-06-21
SYN_0332,20.33245330348972,72.24357515116293,0,27.765348727105167,35.10712427837386,2026-01-06
SYN_0332,20.33245330348972,72.24357515116293,10,24.336187285194367,34.925125596648634,2026-01-06
SYN_0332,20.33245330348972,72.24357515116293,25,20.13354493871371,34.71098999019817,2026-01-06
SYN_0332,20.33245330348972,72.24357515116293,50,15.415502907868335,34.54335284910896,2026-01-06
SYN_0332,20.33245330348972,72.24357515116293,75,12.352424941466024,34.589876093128225,2026-01-06
SYN_0332,20.33245330348972,72.24357515116293,100,10.595007422021233,34.57841974340363,2026-01-06
SYN_0332,20.33245330348972,72.24357515116293,150,9.085890135783703,34.49570161830009,2026-01-06
SYN_0332,20.33245330348972,72.24357515116293,200,7.925562212680685,34.73317914043373,2026-01-06
SYN_0333,22.322575045846325,79.84841023742797,0,28.10220570397351,34.92414763806784,2026-06-19
SYN_0333,22.322575045846325,79.84841023742797,10,24.195307112348402,34.97968228313491,2026-06-19
SYN_0333,22.322575045846325,79.84841023742797,25,20.225982234949388,34.71469884001226,2026-06-19
SYN_0333,22.322575045846325,79.84841023742797,50,14.949225542184912,34.86459053143149,2026-06-19
SYN_0333,22.322575045846325,79.84841023742797,75,12.138325735446594,34.72071000595358,2026-06-19
SYN_0333,22.322575045846325,79.84841023742797,100,10.604106957727318,34.51788887361951,2026-06-19
SYN_0333,22.322575045846325,79.84841023742797,150,8.998022269043872,34.54910926483173,2026-06-19
SYN_0333,22.322575045846325,79.84841023742797,200,8.047840976930052,34.71725053993022,2026-06-19
SYN_0334,15.679130938698677,66.23360592506191,0,27.802174620509323,35.12327359947686,2026-02-20
SYN_0334,15.679130938698677,66.23360592506191,10,24.336954050186826,34.893635351300205,2026-02-20
SYN_0334,15.679130938698677,66.23360592506191,25,20.108913257597475,34.74379235515568,2026-02-20
SYN_0334,15.679130938698677,66.23360592506191,50,15.183761394246604,34.68541608726202,2026-02-20
SYN_0334,15.679130938698677,66.23360592506191,75,12.362074154500423,34.6103483444633,2026-02-20
SYN_0334,15.679130938698677,66.23360592506191,100,10.736913020364304,34.47028339283394,2026-02-20
SYN_0334,15.679130938698677,66.23360592506191,150,8.583192550245773,34.65557271301832,2026-02-20
SYN_0334,15.679130938698677,66.23360592506191,200,8.345374414038885,34.448852937593365,2026-02-20
SYN_0335,7.564598946075483,70.30361750260646,0,27.86331969804267,35.04104205462292,2026-01-05
SYN_0335,7.564598946075483,70.30361750260646,10,24.33928658384226,34.90553558915983,2026-01-05
SYN_0335,7.564598946075483,70.30361750260646,25,20.078086493057512,34.74005127382238,2026-01-05
SYN_0335,7.564598946075483,70.30361750260646,50,15.252157398366622,34.610078601454255,2026-01-05
SYN_0335,7.564598946075483,70.30361750260646,75,12.26884172705656,34.61295067762371,2026-01-05
SYN_0335,7.564598946075483,70.30361750260646,100,10.836991211579253,34.414979316619764,2026-01-05
SYN_0335,7.564598946075483,70.30361750260646,150,8.585142984484625,34.701144757861115,2026-01-05
SYN_0335,7.564598946075483,70.30361750260646,200,8.183301109711312,34.59877203453366,2026-01-05
SYN_0336,13.269942741267435,73.47171653758159,0,28.633217416489337,34.73379241124115,2026-06-22
SYN_0336,13.269942741267435,73.47171653758159,10,24.870176867448386,34.67172655527766,2026-06-22
SYN_0336,13.269942741267435,73.47171653758159,25,20.46672049771273,34.661290434947425,2026-06-22
SYN_0336,13.269942741267435,73.47171653758159,50,16.15160389359615,34.200430226777954,2026-06-22
SYN_0336,13.269942741267435,73.47171653758159,75,12.803771299608929,34.33417923608932,2026-06-22
SYN_0336,13.269942741267435,73.47171653758159,100,11.120212391746646,34.32646994017186,2026-06-22
SYN_0336,13.269942741267435,73.47171653758159,150,9.184806748835065,34.41668047964775,2026-06-22
SYN_0336,13.269942741267435,73.47171653758159,200,8.88828225668922,34.21762561336222,2026-06-22
SYN_0337,12.9966491870041,65.68089012400529,0,27.558666297975257,35.304519809777226,2026-01-08
SYN_0337,12.9966491870041,65.68089012400529,10,24.31173662631202,34.92479037580955,2026-01-08
SYN_0337,12.9966491870041,65.68089012400529,25,19.947349027641515,34.815529687656394,2026-01-08
SYN_0337,12.9966491870041,65.68089012400529,50,14.980829804655512,34.733928198571455,2026-01-08
SYN_0337,12.9966491870041,65.68089012400529,75,12.417714371811135,34.523828561946864,2026-01-08
SYN_0337,12.9966491870041,65.68089012400529,100,10.371632764746925,34.58785283658342,2026-01-08
SYN_0337,12.9966491870041,65.68089012400529,150,9.154423231672105,34.45193002491808,2026-01-08
SYN_0337,12.9966491870041,65.68089012400529,200,8.382163552697369,34.47898202945168,2026-01-08
SYN_0338,7.636732356070284,78.28688582929429,0,27.760885437380875,35.05259411450185,2026-03-06
SYN_0338,7.636732356070284,78.28688582929429,10,24.10582690818769,34.98663889627187,2026-03-06
SYN_0338,7.636732356070284,78.28688582929429,25,19.914912019139145,34.856804440703776,2026-03-06
SYN_0338,7.636732356070284,78.28688582929429,50,15.115058543223228,34.70860619418237,2026-03-06
SYN_0338,7.636732356070284,78.28688582929429,75,12.165776779990159,34.73307158159551,2026-03-06
SYN_0338,7.636732356070284,78.28688582929429,100,10.410150097013071,34.62070519846855,2026-03-06
SYN_0338,7.636732356070284,78.28688582929429,150,8.82229749962172,34.54048880610144,2026-03-06
SYN_0338,7.636732356070284,78.28688582929429,200,8.00636529499942,34.717914749042166,2026-03-06
SYN_0339,18.7770372460133,83.4737868204374,0,27.774273625342342,35.06593983204177,2026-04-07
SYN_0339,18.7770372460133,83.4737868204374,10,24.276324491003972,34.95994965508833,2026-04-07
SYN_0339,18.7770372460133,83.4737868204374,25,19.93638520620972,34.862063573185715,2026-04-07
SYN_0339,18.7770372460133,83.4737868204374,50,15.385991660627134,34.57325928067324,2026-04-07
SYN_0339,18.7770372460133,83.4737868204374,75,12.367264083209635,34.622065332827844,2026-04-07
SYN_0339,18.7770372460133,83.4737868204374,100,10.60154859578989,34.58524416497952,2026-04-07
SYN_0339,18.7770372460133,83.4737868204374,150,9.168303857123684,34.39753649527306,2026-04-07
SYN_0339,18.7770372460133,83.4737868204374,200,8.290392191076965,34.60502893082676,2026-04-07
SYN_0340,9.881891449852047,79.58026842585937,0,27.951991128758262,35.00568077322487,2026-06-10
SYN_0340,9.881891449852047,79.58026842585937,10,24.21849466059648,34.94252029366101,2026-06-10
SYN_0340,9.881891449852047,79.58026842585937,25,20.023581555529244,34.729379274535866,2026-06-10
SYN_0340,9.881891449852047,79.58026842585937,50,15.442949386766061,34.58432801285531,2026-06-10
SYN_0340,9.881891449852047,79.58026842585937,75,12.612115987853807,34.41765042732249,2026-06-10
SYN_0340,9.881891449852047,79.58026842585937,100,10.374232691987435,34.630303143440344,2026-06-10
SYN_0340,9.881891449852047,79.58026842585937,150,9.401573776539013,34.22294172952885,2026-06-10
SYN_0340,9.881891449852047,79.58026842585937,200,8.435876314822393,34.477084571722706,2026-06-10
SYN_0341,17.68257621733606,67.53443341905354,0,28.08041948807584,34.90190279366889,2026-06-03
SYN_0341,17.68257621733606,67.53443341905354,10,24.539188445274434,34.769638864974254,2026-06-03
SYN_0341,17.68257621733606,67.53443341905354,25,20.06795677936717,34.684756411757235,2026-06-03
SYN_0341,17.68257621733606,67.53443341905354,50,15.357862525431752,34.7286997626077,2026-06-03
SYN_0341,17.68257621733606,67.53443341905354,75,12.39216843240123,34.53971660358644,2026-06-03
SYN_0341,17.68257621733606,67.53443341905354,100,10.67056039511056,34.492294640381445,2026-06-03
SYN_0341,17.68257621733606,67.53443341905354,150,8.934127258177094,34.60145017648383,2026-06-03
SYN_0341,17.68257621733606,67.53443341905354,200,8.611825135132928,34.3916738385403,2026-06-03
SYN_0342,10.202319660307984,83.83809945676659,0,28.007089624070815,35.07616106104069,2026-02-21
SYN_0342,10.202319660307984,83.83809945676659,10,24.17638178954796,35.03027525028557,2026-02-21
SYN_0342,10.202319660307984,83.83809945676659,25,20.199619635783815,34.66770537813413,2026-02-21
SYN_0342,10.202319660307984,83.83809945676659,50,15.359353474087497,34.61184040230035,2026-02-21
SYN_0342,10.202319660307984,83.83809945676659,75,12.581466084612218,34.51620284036068,2026-02-21
SYN_0342,10.202319660307984,83.83809945676659,100,10.822974749966676,34.56312422108247,2026-02-21
SYN_0342,10.202319660307984,83.83809945676659,150,9.229704705008633,34.35721353884386,2026-02-21
SYN_0342,10.202319660307984,83.83809945676659,200,8.234103746518844,34.6050239537864,2026-02-21
SYN_0343,10.550933185960485,75.4476661085347,0,27.959930140720516,35.049757209839946,2026-05-22
SYN_0343,10.550933185960485,75.4476661085347,10,24.429802911886156,34.85628644564885,2026-05-22
SYN_0343,10.550933185960485,75.4476661085347,25,20.09656742455358,34.79685492125,2026-05-22
SYN_0343,10.550933185960485,75.4476661085347,50,15.215007327980402,34.69914624753517,2026-05-22
SYN_0343,10.550933185960485,75.4476661085347,75,12.56526257274447,34.51035388306067,2026-05-22
SYN_0343,10.550933185960485,75.4476661085347,100,10.74037108330794,34.55761419697182,2026-05-22
SYN_0343,10.550933185960485,75.4476661085347,150,9.285889852509882,34.41261016864506,2026-05-22
SYN_0343,10.550933185960485,75.4476661085347,200,8.455433833650927,34.469799579041435,2026-05-22
SYN_0344,13.054647397339323,71.86861176038987,0,28.282544180572213,34.90614023289578,2026-05-18
SYN_0344,13.054647397339323,71.86861176038987,10,24.563359879655287,34.718885184563575,2026-05-18
SYN_0344,13.054647397339323,71.86861176038987,25,20.53554707141484,34.50956441873729,2026-05-18
SYN_0344,13.054647397339323,71.86861176038987,50,15.619127828090761,34.361993265588296,2026-05-18
SYN_0344,13.054647397339323,71.86861176038987,75,12.922978041176664,34.356126998580656,2026-05-18
SYN_0344,13.054647397339323,71.86861176038987,100,11.316714054784427,34.2427965914086,2026-05-18
SYN_0344,13.054647397339323,71.86861176038987,150,9.175422142927658,34.473914423509825,2026-05-18
SYN_0344,13.054647397339323,71.86861176038987,200,8.962156133948165,34.16565535299143,2026-05-18
SYN_0345,15.144751104151142,81.08045579038262,0,28.134378308089698,35.025216301160434,2026-02-19
SYN_0345,15.144751104151142,81.08045579038262,10,24.684702370482718,34.68704625348612,2026-02-19
SYN_0345,15.144751104151142,81.08045579038262,25,20.414718367900008,34.65589542595953,2026-02-19
SYN_0345,15.144751104151142,81.08045579038262,50,15.515989832978859,34.584104048120196,2026-02-19
SYN_0345,15.144751104151142,81.08045579038262,75,12.584767022310979,34.51404230082417,2026-02-19
SYN_0345,15.144751104151142,81.08045579038262,100,10.943613344803287,34.402603532759706,2026-02-19
SYN_0345,15.144751104151142,81.08045579038262,150,9.01990196412916,34.51981297941759,2026-02-19
SYN_0345,15.144751104151142,81.08045579038262,200,8.712775905226842,34.428082467907025,2026-02-19
SYN_0346,22.21860965157392,81.43293194329,0,27.699238288221416,35.10965420961365,2026-03-13
SYN_0346,22.21860965157392,81.43293194329,10,24.22850571822256,34.89238009052526,2026-03-13
SYN_0346,22.21860965157392,81.43293194329,25,20.018197471769785,34.77933555855611,2026-03-13
SYN_0346,22.21860965157392,81.43293194329,50,15.545673440660314,34.50853919548003,2026-03-13
SYN_0346,22.21860965157392,81.43293194329,75,12.400571257643197,34.57699943303363,2026-03-13
SYN_0346,22.21860965157392,81.43293194329,100,10.668938914777362,34.439574326625284,2026-03-13
SYN_0346,22.21860965157392,81.43293194329,150,8.957907689677828,34.587495890621845,2026-03-13
SYN_0346,22.21860965157392,81.43293194329,200,7.9841788263158255,34.69492215295813,2026-03-13
SYN_0347,11.70219720073888,82.26108786231899,0,28.284873549664013,34.8430673708748,2026-04-01
SYN_0347,11.70219720073888,82.26108786231899,10,24.547889239154525,34.75226298957828,2026-04-01
SYN_0347,11.70219720073888,82.26108786231899,25,20.359670891936137,34.5866611329237,2026-04-01
SYN_0347,11.70219720073888,82.26108786231899,50,15.234853721675169,34.73418296330086,2026-04-01
SYN_0347,11.70219720073888,82.26108786231899,75,12.649237854650254,34.417657432617574,2026-04-01
SYN_0347,11.70219720073888,82.26108786231899,100,10.942667795045033,34.38843433546392,2026-04-01
SYN_0347,11.70219720073888,82.26108786231899,150,8.970621882203584,34.4826387225713,2026-04-01
SYN_0347,11.70219720073888,82.26108786231899,200,8.48106183959548,34.38750566436484,2026-04-01
SYN_0348,10.481084148590956,66.30385604369383,0,28.34922302573518,34.737987802450974,2026-04-05
SYN_0348,10.481084148590956,66.30385604369383,10,24.001944243828575,34.96010926292447,2026-04-05
SYN_0348,10.481084148590956,66.30385604369383,25,20.32469716123148,34.642106302980494,2026-04-05
SYN_0348,10.481084148590956,66.30385604369383,50,15.393967322819245,34.60050179279689,2026-04-05
SYN_0348,10.481084148590956,66.30385604369383,75,12.43346253472817,34.606592720034406,2026-04-05
SYN_0348,10.481084148590956,66.30385604369383,100,10.767181265582124,34.37108492954708,2026-04-05
SYN_0348,10.481084148590956,66.30385604369383,150,9.139033399254705,34.39830121087917,2026-04-05
SYN_0348,10.481084148590956,66.30385604369383,200,8.450142699008376,34.45878807254775,2026-04-05
SYN_0349,20.242169333948752,73.5864233387541,0,27.86150827191663,35.12990482346126,2026-01-29
SYN_0349,20.242169333948752,73.5864233387541,10,24.20666407077769,35.00235360084592,2026-01-29
SYN_0349,20.242169333948752,73.5864233387541,25,20.033742474252445,34.72072645285997,2026-01-29
SYN_0349,20.242169333948752,73.5864233387541,50,15.347180739007987,34.59021210217183,2026-01-29
SYN_0349,20.242169333948752,73.5864233387541,75,12.267895375730424,34.56368323647772,2026-01-29
SYN_0349,20.242169333948752,73.5864233387541,100,10.586557737242469,34.54655852968363,2026-01-29
SYN_0349,20.242169333948752,73.5864233387541,150,8.841894023697495,34.5776548899294,2026-01-29
SYN_0349,20.242169333948752,73.5864233387541,200,8.289277819685873,34.53252359203305,2026-01-29
SYN_0350,11.576905764179791,78.06977864116496,0,28.112703138777274,34.940667338127206,2026-02-26
SYN_0350,11.576905764179791,78.06977864116496,10,24.578519158460647,34.7797264008232,2026-02-26
SYN_0350,11.576905764179791,78.06977864116496,25,20.31160160175261,34.72449497890552,2026-02-26
SYN_0350,11.576905764179791,78.06977864116496,50,15.446310073497452,34.472817077096366,2026-02-26
SYN_0350,11.576905764179791,78.06977864116496,75,12.675738130827298,34.39550005258421,2026-02-26
SYN_0350,11.576905764179791,78.06977864116496,100,10.957076904919353,34.375552743635765,2026-02-26
SYN_0350,11.576905764179791,78.06977864116496,150,9.17083061069993,34.45807219637356,2026-02-26
SYN_0350,11.576905764179791,78.06977864116496,200,8.667704333158722,34.294112962694314,2026-02-26
SYN_0351,20.3614797162124,68.28595967904944,0,28.1653200980464,34.886811866005324,2026-03-08
SYN_0351,20.3614797162124,68.28595967904944,10,23.982800614415876,35.04952005296719,2026-03-08
SYN_0351,20.3614797162124,68.28595967904944,25,20.201843703005345,34.65048283221503,2026-03-08
SYN_0351,20.3614797162124,68.28595967904944,50,15.38422837813886,34.619439359664206,2026-03-08
SYN_0351,20.3614797162124,68.28595967904944,75,12.630176903567447,34.47422381714083,2026-03-08
SYN_0351,20.3614797162124,68.28595967904944,100,10.660813011383242,34.51563881584418,2026-03-08
SYN_0351,20.3614797162124,68.28595967904944,150,9.22420567648914,34.358342786537456,2026-03-08
SYN_0351,20.3614797162124,68.28595967904944,200,8.363064340048366,34.53650535126091,2026-03-08
SYN_0352,6.487952487438971,81.33151226718559,0,27.652649863475233,35.10649385009815,2026-06-20
SYN_0352,6.487952487438971,81.33151226718559,10,24.272313037319254,34.88828376597623,2026-06-20
SYN_0352,6.487952487438971,81.33151226718559,25,19.899867540444802,34.88932510323784,2026-06-20
SYN_0352,6.487952487438971,81.33151226718559,50,15.068190004151711,34.7906564457518,2026-06-20
SYN_0352,6.487952487438971,81.33151226718559,75,12.287490023166601,34.673163599802386,2026-06-20
SYN_0352,6.487952487438971,81.33151226718559,100,10.405144089874574,34.76183130249675,2026-06-20
SYN_0352,6.487952487438971,81.33151226718559,150,8.8959465303147,34.54699336506322,2026-06-20
SYN_0352,6.487952487438971,81.33151226718559,200,8.113539734611821,34.64944268930858,2026-06-20
SYN_0353,14.535904478007664,67.65164360362358,0,27.813020123478044,35.07104451889533,2026-05-25
SYN_0353,14.535904478007664,67.65164360362358,10,24.36931324643478,34.78017906973476,2026-05-25
SYN_0353,14.535904478007664,67.65164360362358,25,20.158046064459427,34.66371076329666,2026-05-25
SYN_0353,14.535904478007664,67.65164360362358,50,15.313093687623281,34.647023476831876,2026-05-25
SYN_0353,14.535904478007664,67.65164360362358,75,12.413942400301242,34.53664856537481,2026-05-25
SYN_0353,14.535904478007664,67.65164360362358,100,10.87721300219589,34.42321681245074,2026-05-25
SYN_0353,14.535904478007664,67.65164360362358,150,8.855715685148839,34.57502049648155,2026-05-25
SYN_0353,14.535904478007664,67.65164360362358,200,8.24363474738879,34.565854601567935,2026-05-25
SYN_0354,16.773779486720322,80.56791228706423,0,28.094034260868547,34.89651105888516,2026-01-18
SYN_0354,16.773779486720322,80.56791228706423,10,24.740327274172554,34.54743046132291,2026-01-18
SYN_0354,16.773779486720322,80.56791228706423,25,20.003597543951425,34.80684037830298,2026-01-18
SYN_0354,16.773779486720322,80.56791228706423,50,15.603868344334206,34.53834471635319,2026-01-18
SYN_0354,16.773779486720322,80.56791228706423,75,12.770819890550987,34.42630739518265,2026-01-18
SYN_0354,16.773779486720322,80.56791228706423,100,10.880969701983425,34.473253515212136,2026-01-18
SYN_0354,16.773779486720322,80.56791228706423,150,8.974021307060905,34.515044144499136,2026-01-18
SYN_0354,16.773779486720322,80.56791228706423,200,8.639793740239144,34.407921370079215,2026-01-18
SYN_0355,19.029812310587264,79.32738110228087,0,27.942215043193602,35.08499909451472,2026-05-24
SYN_0355,19.029812310587264,79.32738110228087,10,24.729670687164113,34.62885260138293,2026-05-24
SYN_0355,19.029812310587264,79.32738110228087,25,20.400364743578937,34.55413215407272,2026-05-24
SYN_0355,19.029812310587264,79.32738110228087,50,15.397788113910417,34.552070766428166,2026-05-24
SYN_0355,19.029812310587264,79.32738110228087,75,12.333993226967538,34.68748378268238,2026-05-24
SYN_0355,19.029812310587264,79.32738110228087,100,10.513973804920102,34.61369095668884,2026-05-24
SYN_0355,19.029812310587264,79.32738110228087,150,9.043091427307747,34.49532277229109,2026-05-24
SYN_0355,19.029812310587264,79.32738110228087,200,8.671561396616452,34.313504965602334,2026-05-24
SYN_0356,20.12663572960318,80.59924404777558,0,28.004111906477053,35.00644277374894,2026-06-24
SYN_0356,20.12663572960318,80.59924404777558,10,24.39956814601306,34.82203284913795,2026-06-24
SYN_0356,20.12663572960318,80.59924404777558,25,20.24082317313521,34.69795594400683,2026-06-24
SYN_0356,20.12663572960318,80.59924404777558,50,15.078912329049617,34.723410243807976,2026-06-24
SYN_0356,20.12663572960318,80.59924404777558,75,12.741384867002571,34.34175376917793,2026-06-24
SYN_0356,20.12663572960318,80.59924404777558,100,10.678305919849551,34.59982713608655,2026-06-24
SYN_0356,20.12663572960318,80.59924404777558,150,8.848788391495999,34.60478022557627,2026-06-24
SYN_0356,20.12663572960318,80.59924404777558,200,8.210664200659652,34.53382194009438,2026-06-24
SYN_0357,15.983113815804783,79.43706321066225,0,28.29026540243249,34.87774304387601,2026-02-17
SYN_0357,15.983113815804783,79.43706321066225,10,24.62537173491646,34.763891502689084,2026-02-17
SYN_0357,15.983113815804783,79.43706321066225,25,20.52183611694856,34.532593320657625,2026-02-17
SYN_0357,15.983113815804783,79.43706321066225,50,15.697297223878959,34.41813836875521,2026-02-17
SYN_0357,15.983113815804783,79.43706321066225,75,12.697098991056873,34.405326424321395,2026-02-17
SYN_0357,15.983113815804783,79.43706321066225,100,10.829400960648632,34.37805871499131,2026-02-17
SYN_0357,15.983113815804783,79.43706321066225,150,9.28663836411766,34.349823567791184,2026-02-17
SYN_0357,15.983113815804783,79.43706321066225,200,8.604958881298296,34.42343892055067,2026-02-17
SYN_0358,10.500805178814668,67.8365765737535,0,27.866631666648793,34.99716031700357,2026-03-13
SYN_0358,10.500805178814668,67.8365765737535,10,24.248830623767116,34.91845754404577,2026-03-13
SYN_0358,10.500805178814668,67.8365765737535,25,20.304567571603307,34.60962897342275,2026-03-13
SYN_0358,10.500805178814668,67.8365765737535,50,15.249673427150016,34.6527574205985,2026-03-13
SYN_0358,10.500805178814668,67.8365765737535,75,12.39705478307431,34.63198297925952,2026-03-13
SYN_0358,10.500805178814668,67.8365765737535,100,10.951399606848723,34.40195164721674,2026-03-13
SYN_0358,10.500805178814668,67.8365765737535,150,9.114579527488521,34.42530474359134,2026-03-13
SYN_0358,10.500805178814668,67.8365765737535,200,8.303488317653374,34.49062825436311,2026-03-13
SYN_0359,23.199101265452185,83.31183971029739,0,27.890123976492724,35.02069740626669,2026-02-07
SYN_0359,23.199101265452185,83.31183971029739,10,24.49941601156596,34.874673806670806,2026-02-07
SYN_0359,23.199101265452185,83.31183971029739,25,20.02918462598934,34.66167171399524,2026-02-07
SYN_0359,23.199101265452185,83.31183971029739,50,15.467295357713663,34.61912432138494,2026-02-07
SYN_0359,23.199101265452185,83.31183971029739,75,12.686155763227713,34.458458073259344,2026-02-07
SYN_0359,23.199101265452185,83.31183971029739,100,10.529711553087665,34.62008416741051,2026-02-07
SYN_0359,23.199101265452185,83.31183971029739,150,9.394473748733066,34.29589967770981,2026-02-07
SYN_0359,23.199101265452185,83.31183971029739,200,8.473109177033963,34.46068065659108,2026-02-07
SYN_0360,12.920486926046923,84.66482872944798,0,27.668614441493983,35.22451522052132,2026-03-15
SYN_0360,12.920486926046923,84.66482872944798,10,24.252101894721932,34.96095524478163,2026-03-15
SYN_0360,12.920486926046923,84.66482872944798,25,19.916872717272433,34.77283465483995,2026-03-15
SYN_0360,12.920486926046923,84.66482872944798,50,15.286595137958583,34.634171141078916,2026-03-15
SYN_0360,12.920486926046923,84.66482872944798,75,12.511438404323723,34.545725066355814,2026-03-15
SYN_0360,12.920486926046923,84.66482872944798,100,10.270123564963752,34.69693551732514,2026-03-15
SYN_0360,12.920486926046923,84.66482872944798,150,8.54894329279403,34.671304581457804,2026-03-15
SYN_0360,12.920486926046923,84.66482872944798,200,8.164615766015832,34.62677533606227,2026-03-15
SYN_0361,22.50658165275816,68.7871245536133,0,28.13069029521989,34.92462059147129,2026-04-14
SYN_0361,22.50658165275816,68.7871245536133,10,24.448330926020294,34.920531245565016,2026-04-14
SYN_0361,22.50658165275816,68.7871245536133,25,20.277692814807715,34.59764172752292,2026-04-14
SYN_0361,22.50658165275816,68.7871245536133,50,15.091626235941291,34.749507127645025,2026-04-14
SYN_0361,22.50658165275816,68.7871245536133,75,12.361261318342038,34.6321763730314,2026-04-14
SYN_0361,22.50658165275816,68.7871245536133,100,10.372394445885229,34.65514400470208,2026-04-14
SYN_0361,22.50658165275816,68.7871245536133,150,8.852480302388562,34.53508920216599,2026-04-14
SYN_0361,22.50658165275816,68.7871245536133,200,8.035894562569446,34.650766434113734,2026-04-14
SYN_0362,7.221048887562187,79.45524065679393,0,27.78346025059533,35.07275878768208,2026-02-08
SYN_0362,7.221048887562187,79.45524065679393,10,24.185043170647585,35.029647471114096,2026-02-08
SYN_0362,7.221048887562187,79.45524065679393,25,19.764944299209894,34.87785554023805,2026-02-08
SYN_0362,7.221048887562187,79.45524065679393,50,14.831481628580773,34.862571399508035,2026-02-08
SYN_0362,7.221048887562187,79.45524065679393,75,12.578450597537852,34.51351400001625,2026-02-08
SYN_0362,7.221048887562187,79.45524065679393,100,10.309530961802254,34.76877745742076,2026-02-08
SYN_0362,7.221048887562187,79.45524065679393,150,8.758903010392032,34.59762354686655,2026-02-08
SYN_0362,7.221048887562187,79.45524065679393,200,7.960384343298239,34.7155621424839,2026-02-08
SYN_0363,16.747164124377903,74.04365370723389,0,28.23175229994955,34.87414361640704,2026-02-27
SYN_0363,16.747164124377903,74.04365370723389,10,24.72217839483173,34.60626128931965,2026-02-27
SYN_0363,16.747164124377903,74.04365370723389,25,20.51825938251659,34.570113664916846,2026-02-27
SYN_0363,16.747164124377903,74.04365370723389,50,15.890888669858434,34.29194416466836,2026-02-27
SYN_0363,16.747164124377903,74.04365370723389,75,12.737753142098445,34.4428548068126,2026-02-27
SYN_0363,16.747164124377903,74.04365370723389,100,10.854813396834993,34.38418105341415,2026-02-27
SYN_0363,16.747164124377903,74.04365370723389,150,9.529499197935726,34.253236509505086,2026-02-27
SYN_0363,16.747164124377903,74.04365370723389,200,8.491978737386763,34.368082508831684,2026-02-27
SYN_0364,22.58834620528792,65.78487152081092,0,28.202799386673536,34.803871290175294,2026-02-17
SYN_0364,22.58834620528792,65.78487152081092,10,24.681126751099324,34.70799954083156,2026-02-17
SYN_0364,22.58834620528792,65.78487152081092,25,20.385844186855543,34.71247842980185,2026-02-17
SYN_0364,22.58834620528792,65.78487152081092,50,15.684862599523195,34.41849659154709,2026-02-17
SYN_0364,22.58834620528792,65.78487152081092,75,12.667785678685457,34.47884158438079,2026-02-17
SYN_0364,22.58834620528792,65.78487152081092,100,10.834951557973099,34.47881003795523,2026-02-17
SYN_0364,22.58834620528792,65.78487152081092,150,8.962909214817431,34.53103310735361,2026-02-17
SYN_0364,22.58834620528792,65.78487152081092,200,8.357242434564872,34.55046783015101,2026-02-17
SYN_0365,17.426800428568985,75.4297724341178,0,28.623880513017482,34.78828090867502,2026-02-25
SYN_0365,17.426800428568985,75.4297724341178,10,24.681729363356695,34.67010524445513,2026-02-25
SYN_0365,17.426800428568985,75.4297724341178,25,20.274924088706545,34.64133170616057,2026-02-25
SYN_0365,17.426800428568985,75.4297724341178,50,15.532560330803593,34.49491583253195,2026-02-25
SYN_0365,17.426800428568985,75.4297724341178,75,12.978395600289486,34.29637038489907,2026-02-25
SYN_0365,17.426800428568985,75.4297724341178,100,11.038999841831284,34.33705201218549,2026-02-25
SYN_0365,17.426800428568985,75.4297724341178,150,9.31030545575933,34.361835522876284,2026-02-25
SYN_0365,17.426800428568985,75.4297724341178,200,8.913797851684091,34.26074348481472,2026-02-25
SYN_0366,20.52278807383044,75.70147499558429,0,27.898358586193087,35.11831192986369,2026-02-02
SYN_0366,20.52278807383044,75.70147499558429,10,24.68500410342085,34.67855621384326,2026-02-02
SYN_0366,20.52278807383044,75.70147499558429,25,20.007461881653224,34.758548414298104,2026-02-02
SYN_0366,20.52278807383044,75.70147499558429,50,15.479598042606604,34.45397462760433,2026-02-02
SYN_0366,20.52278807383044,75.70147499558429,75,12.538677309510046,34.57568885474492,2026-02-02
SYN_0366,20.52278807383044,75.70147499558429,100,10.818503881582217,34.51073199241403,2026-02-02
SYN_0366,20.52278807383044,75.70147499558429,150,8.56974329846461,34.63296725076249,2026-02-02
SYN_0366,20.52278807383044,75.70147499558429,200,8.35696579554414,34.54346480924333,2026-02-02
SYN_0367,10.848909219947917,66.62780633265966,0,28.1030172145797,34.991243146120034,2026-04-09
SYN_0367,10.848909219947917,66.62780633265966,10,24.342724040255213,34.96939792714909,2026-04-09
SYN_0367,10.848909219947917,66.62780633265966,25,20.04753501571887,34.72656614233712,2026-04-09
SYN_0367,10.848909219947917,66.62780633265966,50,15.200806365786795,34.62240435909894,2026-04-09
SYN_0367,10.848909219947917,66.62780633265966,75,12.46026531635605,34.5259157045037,2026-04-09
SYN_0367,10.848909219947917,66.62780633265966,100,10.966197678136895,34.346923643156906,2026-04-09
SYN_0367,10.848909219947917,66.62780633265966,150,8.638707284661617,34.68056947307389,2026-04-09
SYN_0367,10.848909219947917,66.62780633265966,200,8.478582958682212,34.44016059024887,2026-04-09
SYN_0368,22.87975347514495,84.32194128175819,0,27.97673448502237,35.04137547615868,2026-05-29
SYN_0368,22.87975347514495,84.32194128175819,10,24.521510548415222,34.7967044982544,2026-05-29
SYN_0368,22.87975347514495,84.32194128175819,25,20.27259906660232,34.608774826979875,2026-05-29
SYN_0368,22.87975347514495,84.32194128175819,50,15.48852908366678,34.460213409641455,2026-05-29
SYN_0368,22.87975347514495,84.32194128175819,75,12.635889310238419,34.39052761548477,2026-05-29
SYN_0368,22.87975347514495,84.32194128175819,100,10.967639684298,34.32511245809274,2026-05-29
SYN_0368,22.87975347514495,84.32194128175819,150,9.223997549759163,34.410166610256454,2026-05-29
SYN_0368,22.87975347514495,84.32194128175819,200,8.692835778731977,34.35767951736445,2026-05-29
SYN_0369,10.05359255478698,71.54383211657826,0,27.87066393096166,35.03842717470453,2026-01-31
SYN_0369,10.05359255478698,71.54383211657826,10,24.577915069487076,34.746593919988456,2026-01-31
SYN_0369,10.05359255478698,71.54383211657826,25,19.91640421583451,34.830940760758224,2026-01-31
SYN_0369,10.05359255478698,71.54383211657826,50,15.357574625245114,34.57962953037139,2026-01-31
SYN_0369,10.05359255478698,71.54383211657826,75,12.353892068919023,34.513238012343905,2026-01-31
SYN_0369,10.05359255478698,71.54383211657826,100,10.899131651677438,34.40907214670817,2026-01-31
SYN_0369,10.05359255478698,71.54383211657826,150,9.293200811478378,34.339840661778375,2026-01-31
SYN_0369,10.05359255478698,71.54383211657826,200,8.330707717104712,34.65657307387223,2026-01-31
SYN_0370,14.791218124552115,74.12210799034425,0,28.582161347570423,34.73670576996042,2026-02-18
SYN_0370,14.791218124552115,74.12210799034425,10,24.917499173648558,34.558840476783224,2026-02-18
SYN_0370,14.791218124552115,74.12210799034425,25,20.45634433473003,34.63229573220104,2026-02-18
SYN_0370,14.791218124552115,74.12210799034425,50,16.16947168617866,34.303315532341145,2026-02-18
SYN_0370,14.791218124552115,74.12210799034425,75,13.216276757165623,34.09630753836192,2026-02-18
SYN_0370,14.791218124552115,74.12210799034425,100,11.239339939476904,34.18716155184592,2026-02-18
SYN_0370,14.791218124552115,74.12210799034425,150,9.53152615061035,34.24429161682503,2026-02-18
SYN_0370,14.791218124552115,74.12210799034425,200,8.746716133746332,34.23586262449064,2026-02-18
SYN_0371,13.014968952951557,68.57105718569832,0,28.21375267457886,34.91606134221218,2026-02-12
SYN_0371,13.014968952951557,68.57105718569832,10,24.65866877196378,34.724743510523474,2026-02-12
SYN_0371,13.014968952951557,68.57105718569832,25,20.248234171624155,34.57591640304959,2026-02-12
SYN_0371,13.014968952951557,68.57105718569832,50,15.49391560174376,34.665764279926044,2026-02-12
SYN_0371,13.014968952951557,68.57105718569832,75,12.66160004245927,34.42768552406748,2026-02-12
SYN_0371,13.014968952951557,68.57105718569832,100,10.63682720668239,34.48039079327017,2026-02-12
SYN_0371,13.014968952951557,68.57105718569832,150,9.065645746924375,34.41461809791107,2026-02-12
SYN_0371,13.014968952951557,68.57105718569832,200,8.390947833451783,34.43366270157304,2026-02-12
SYN_0372,8.073486124272414,77.32589425461569,0,27.715890311903447,35.178567331734925,2026-02-10
SYN_0372,8.073486124272414,77.32589425461569,10,24.006342685408775,35.08791442743897,2026-02-10
SYN_0372,8.073486124272414,77.32589425461569,25,19.791263355582853,34.7626908335099,2026-02-10
SYN_0372,8.073486124272414,77.32589425461569,50,15.073610627423534,34.709420369796035,2026-02-10
SYN_0372,8.073486124272414,77.32589425461569,75,12.358097865329105,34.55453778590914,2026-02-10
SYN_0372,8.073486124272414,77.32589425461569,100,10.415957430471323,34.608127019807654,2026-02-10
SYN_0372,8.073486124272414,77.32589425461569,150,8.730061693366197,34.577804462889695,2026-02-10
SYN_0372,8.073486124272414,77.32589425461569,200,8.378754356133642,34.437309790875254,2026-02-10
SYN_0373,11.988952815672567,69.25246379238627,0,27.99824993806167,34.97685928504889,2026-05-23
SYN_0373,11.988952815672567,69.25246379238627,10,24.482215456089623,34.803015686982164,2026-05-23
SYN_0373,11.988952815672567,69.25246379238627,25,20.258417714645446,34.666821917180926,2026-05-23
SYN_0373,11.988952815672567,69.25246379238627,50,15.351280167617425,34.655726887758966,2026-05-23
SYN_0373,11.988952815672567,69.25246379238627,75,12.277590083999712,34.605195467110626,2026-05-23
SYN_0373,11.988952815672567,69.25246379238627,100,10.931456415941685,34.415973050647835,2026-05-23
SYN_0373,11.988952815672567,69.25246379238627,150,8.85926533346946,34.57404661422431,2026-05-23
SYN_0373,11.988952815672567,69.25246379238627,200,8.335394082522123,34.57212523614112,2026-05-23
SYN_0374,11.121169058502895,78.35168043597122,0,28.125686350678695,34.95323605167929,2026-01-02
SYN_0374,11.121169058502895,78.35168043597122,10,24.55563481596015,34.752182418341675,2026-01-02
SYN_0374,11.121169058502895,78.35168043597122,25,20.073034263900063,34.7300932055297,2026-01-02
SYN_0374,11.121169058502895,78.35168043597122,50,15.579126516643322,34.48262290294239,2026-01-02
SYN_0374,11.121169058502895,78.35168043597122,75,12.544724625562809,34.444509010242534,2026-01-02
SYN_0374,11.121169058502895,78.35168043597122,100,10.766860304810539,34.47563052481999,2026-01-02
SYN_0374,11.121169058502895,78.35168043597122,150,9.122979349911226,34.46697297569894,2026-01-02
SYN_0374,11.121169058502895,78.35168043597122,200,8.55519947590268,34.389417176235014,2026-01-02
SYN_0375,7.988638042840382,76.60352739593068,0,27.929505420269386,35.066616893569496,2026-04-14
SYN_0375,7.988638042840382,76.60352739593068,10,23.998654303736863,35.00517032857402,2026-04-14
SYN_0375,7.988638042840382,76.60352739593068,25,19.718420725167633,34.978256405279645,2026-04-14
SYN_0375,7.988638042840382,76.60352739593068,50,15.19337304974122,34.7334847288587,2026-04-14
SYN_0375,7.988638042840382,76.60352739593068,75,12.07171409700919,34.79150081129891,2026-04-14
SYN_0375,7.988638042840382,76.60352739593068,100,10.58025260247876,34.597696281374226,2026-04-14
SYN_0375,7.988638042840382,76.60352739593068,150,8.84015968581015,34.65132874710804,2026-04-14
SYN_0375,7.988638042840382,76.60352739593068,200,8.171564041532775,34.541239762261476,2026-04-14
SYN_0376,23.043882367653513,72.71464655799666,0,27.741702628626832,35.15914954871875,2026-02-21
SYN_0376,23.043882367653513,72.71464655799666,10,23.658693732712443,35.21343064460774,2026-02-21
SYN_0376,23.043882367653513,72.71464655799666,25,19.699707413437554,34.89360909453199,2026-02-21
SYN_0376,23.043882367653513,72.71464655799666,50,14.847406551848838,34.857297309865565,2026-02-21
SYN_0376,23.043882367653513,72.71464655799666,75,11.970377321080827,34.85868655054226,2026-02-21
SYN_0376,23.043882367653513,72.71464655799666,100,10.595561597045013,34.59397688112011,2026-02-21
SYN_0376,23.043882367653513,72.71464655799666,150,8.393102212316032,34.76560419494051,2026-02-21
SYN_0376,23.043882367653513,72.71464655799666,200,7.994433782942258,34.804011934429205,2026-02-21
SYN_0377,10.503480538051663,74.47370520806743,0,28.35457216784315,34.81306484769039,2026-03-21
SYN_0377,10.503480538051663,74.47370520806743,10,24.001142270120074,35.01430014292921,2026-03-21
SYN_0377,10.503480538051663,74.47370520806743,25,20.386257305374794,34.6328673216696,2026-03-21
SYN_0377,10.503480538051663,74.47370520806743,50,15.298312781489196,34.57603684447636,2026-03-21
SYN_0377,10.503480538051663,74.47370520806743,75,12.623566518605712,34.48015490460567,2026-03-21
SYN_0377,10.503480538051663,74.47370520806743,100,10.84698082572275,34.468994964533444,2026-03-21
SYN_0377,10.503480538051663,74.47370520806743,150,9.009510318668022,34.53090929657225,2026-03-21
SYN_0377,10.503480538051663,74.47370520806743,200,8.668183377154682,34.3747574810139,2026-03-21
SYN_0378,14.80238472253564,65.57715826672249,0,27.725328129698614,35.1192812173239,2026-05-21
SYN_0378,14.80238472253564,65.57715826672249,10,24.072421482439633,35.048231728171196,2026-05-21
SYN_0378,14.80238472253564,65.57715826672249,25,20.212307907765474,34.715448415425435,2026-05-21
SYN_0378,14.80238472253564,65.57715826672249,50,15.228592027777129,34.64512460782608,2026-05-21
SYN_0378,14.80238472253564,65.57715826672249,75,12.42478509267734,34.569243307374016,2026-05-21
SYN_0378,14.80238472253564,65.57715826672249,100,10.529323742537333,34.64705715727505,2026-05-21
SYN_0378,14.80238472253564,65.57715826672249,150,8.63280370595465,34.717066753011416,2026-05-21
SYN_0378,14.80238472253564,65.57715826672249,200,8.402300099579946,34.36124704513739,2026-05-21
SYN_0379,23.635659865525064,67.14997274218858,0,28.138275219070586,34.939550850562576,2026-02-12
SYN_0379,23.635659865525064,67.14997274218858,10,24.35130117127607,34.849562759534614,2026-02-12
SYN_0379,23.635659865525064,67.14997274218858,25,20.35385612856186,34.644763846514664,2026-02-12
SYN_0379,23.635659865525064,67.14997274218858,50,15.453609960021467,34.50062554588708,2026-02-12
SYN_0379,23.635659865525064,67.14997274218858,75,12.678653275431172,34.43841806920261,2026-02-12
SYN_0379,23.635659865525064,67.14997274218858,100,10.68242137396922,34.56271870513854,2026-02-12
SYN_0379,23.635659865525064,67.14997274218858,150,8.86341774949089,34.663866860395615,2026-02-12
SYN_0379,23.635659865525064,67.14997274218858,200,8.367954717163897,34.586642989844364,2026-02-12
SYN_0380,21.279679491466172,79.44311158633255,0,27.813958928125928,35.01713915360964,2026-03-14
SYN_0380,21.279679491466172,79.44311158633255,10,24.214286835957846,34.95407024371973,2026-03-14
SYN_0380,21.279679491466172,79.44311158633255,25,19.86897857444135,34.83989418724775,2026-03-14
SYN_0380,21.279679491466172,79.44311158633255,50,15.269336893740794,34.61171914404261,2026-03-14
SYN_0380,21.279679491466172,79.44311158633255,75,12.068284171019531,34.693558534382625,2026-03-14
SYN_0380,21.279679491466172,79.44311158633255,100,10.41839194579957,34.664546002556875,2026-03-14
SYN_0380,21.279679491466172,79.44311158633255,150,9.059136482013495,34.47207262826439,2026-03-14
SYN_0380,21.279679491466172,79.44311158633255,200,8.190176044775338,34.606523683034325,2026-03-14
SYN_0381,9.425681318299151,71.54519890339064,0,27.814433140842514,35.037560838185996,2026-03-29
SYN_0381,9.425681318299151,71.54519890339064,10,24.234992467386803,34.84397851317404,2026-03-29
SYN_0381,9.425681318299151,71.54519890339064,25,19.822864575918388,34.87816448134659,2026-03-29
SYN_0381,9.425681318299151,71.54519890339064,50,15.441896133857583,34.64136838552775,2026-03-29
SYN_0381,9.425681318299151,71.54519890339064,75,12.33786717038078,34.589593750853645,2026-03-29
SYN_0381,9.425681318299151,71.54519890339064,100,10.634756463430282,34.53618428518778,2026-03-29
SYN_0381,9.425681318299151,71.54519890339064,150,8.721674527931473,34.68979547233277,2026-03-29
SYN_0381,9.425681318299151,71.54519890339064,200,8.395488723048746,34.47052853743986,2026-03-29
SYN_0382,9.26693149120253,71.50780847122479,0,28.15283710259143,34.80946636394932,2026-01-29
SYN_0382,9.26693149120253,71.50780847122479,10,24.084472422837035,34.948643792649115,2026-01-29
SYN_0382,9.26693149120253,71.50780847122479,25,20.00193881602177,34.8706057587492,2026-01-29
SYN_0382,9.26693149120253,71.50780847122479,50,15.304360281281317,34.67317632050283,2026-01-29
SYN_0382,9.26693149120253,71.50780847122479,75,12.321635389752656,34.647235643823066,2026-01-29
SYN_0382,9.26693149120253,71.50780847122479,100,10.453717061792675,34.62608485946831,2026-01-29
SYN_0382,9.26693149120253,71.50780847122479,150,8.794143905124804,34.68243822410709,2026-01-29
SYN_0382,9.26693149120253,71.50780847122479,200,8.225899734963864,34.65920479185805,2026-01-29
SYN_0383,18.821472132091394,75.4219235916025,0,28.086341858881248,34.95170198198388,2026-04-19
SYN_0383,18.821472132091394,75.4219235916025,10,24.878972161162494,34.59499784543154,2026-04-19
SYN_0383,18.821472132091394,75.4219235916025,25,20.173713100865758,34.703167293881094,2026-04-19
SYN_0383,18.821472132091394,75.4219235916025,50,15.455456483191828,34.57840735031513,2026-04-19
SYN_0383,18.821472132091394,75.4219235916025,75,12.358390548713242,34.5137303640271,2026-04-19
SYN_0383,18.821472132091394,75.4219235916025,100,10.648418215795612,34.584421780200984,2026-04-19
SYN_0383,18.821472132091394,75.4219235916025,150,9.147086455900036,34.42362272056825,2026-04-19
SYN_0383,18.821472132091394,75.4219235916025,200,8.39181795233414,34.489998284320826,2026-04-19
SYN_0384,16.020627053603143,67.89309804013953,0,27.946881656846887,34.9739426980964,2026-02-13
SYN_0384,16.020627053603143,67.89309804013953,10,24.19251309545729,34.85765811575313,2026-02-13
SYN_0384,16.020627053603143,67.89309804013953,25,20.037626337219553,34.7548584883897,2026-02-13
SYN_0384,16.020627053603143,67.89309804013953,50,15.25056546899815,34.606691183646845,2026-02-13
SYN_0384,16.020627053603143,67.89309804013953,75,12.658543910167031,34.38460638245841,2026-02-13
SYN_0384,16.020627053603143,67.89309804013953,100,10.473755563660207,34.61465199702554,2026-02-13
SYN_0384,16.020627053603143,67.89309804013953,150,8.90360366976463,34.5265882306046,2026-02-13
SYN_0384,16.020627053603143,67.89309804013953,200,8.290543858765378,34.59130548884948,2026-02-13
SYN_0385,11.684305867415198,69.15776708209994,0,27.97483062227142,35.05983414403273,2026-01-15
SYN_0385,11.684305867415198,69.15776708209994,10,24.414921533018752,34.85656107016245,2026-01-15
SYN_0385,11.684305867415198,69.15776708209994,25,20.383771493161188,34.60252779090314,2026-01-15
SYN_0385,11.684305867415198,69.15776708209994,50,15.254817638931334,34.70709315531052,2026-01-15
SYN_0385,11.684305867415198,69.15776708209994,75,12.447383298077032,34.67873117753194,2026-01-15
SYN_0385,11.684305867415198,69.15776708209994,100,10.928935689060477,34.44502180200003,2026-01-15
SYN_0385,11.684305867415198,69.15776708209994,150,8.997160243712653,34.55836404966323,2026-01-15
SYN_0385,11.684305867415198,69.15776708209994,200,8.429083263192577,34.45485418944369,2026-01-15
SYN_0386,6.60415415627452,80.02158387804873,0,27.97733523410269,34.947690861925956,2026-03-03
SYN_0386,6.60415415627452,80.02158387804873,10,24.14793494874199,34.98177644536519,2026-03-03
SYN_0386,6.60415415627452,80.02158387804873,25,19.767632452968428,34.971526951664195,2026-03-03
SYN_0386,6.60415415627452,80.02158387804873,50,15.184793735936156,34.71074043415318,2026-03-03
SYN_0386,6.60415415627452,80.02158387804873,75,12.402478207106936,34.44894773198124,2026-03-03
SYN_0386,6.60415415627452,80.02158387804873,100,10.403597362990027,34.6766820524458,2026-03-03
SYN_0386,6.60415415627452,80.02158387804873,150,8.79699482989711,34.58471762529609,2026-03-03
SYN_0386,6.60415415627452,80.02158387804873,200,8.176150867386292,34.6293311569404,2026-03-03
SYN_0387,12.167352646647966,73.81073296246757,0,28.204907506517653,34.94744850782297,2026-03-25
SYN_0387,12.167352646647966,73.81073296246757,10,24.704266374088014,34.76466900258603,2026-03-25
SYN_0387,12.167352646647966,73.81073296246757,25,20.39099682629891,34.655171944452384,2026-03-25
SYN_0387,12.167352646647966,73.81073296246757,50,15.576338961493125,34.44818061071377,2026-03-25
SYN_0387,12.167352646647966,73.81073296246757,75,12.870379701582449,34.368533786619224,2026-03-25
SYN_0387,12.167352646647966,73.81073296246757,100,10.897796035628554,34.4127807471186,2026-03-25
SYN_0387,12.167352646647966,73.81073296246757,150,9.477335848214256,34.19755654221414,2026-03-25
SYN_0387,12.167352646647966,73.81073296246757,200,8.584465809938154,34.39591742933815,2026-03-25
SYN_0388,7.376782687879189,71.23780299608849,0,27.8818968341096,35.03800006565208,2026-05-15
SYN_0388,7.376782687879189,71.23780299608849,10,24.33508043754054,34.94880037464636,2026-05-15
SYN_0388,7.376782687879189,71.23780299608849,25,19.631116798582504,34.95115577498765,2026-05-15
SYN_0388,7.376782687879189,71.23780299608849,50,14.990660567989883,34.80707054070183,2026-05-15
SYN_0388,7.376782687879189,71.23780299608849,75,12.231830522918825,34.64501273511991,2026-05-15
SYN_0388,7.376782687879189,71.23780299608849,100,10.394620603003922,34.66405494253383,2026-05-15
SYN_0388,7.376782687879189,71.23780299608849,150,8.682031607427442,34.64721347839651,2026-05-15
SYN_0388,7.376782687879189,71.23780299608849,200,8.18709596057147,34.60844329250508,2026-05-15
SYN_0389,22.352377323782648,72.32913292679959,0,27.80291815146219,35.127928165146514,2026-06-09
SYN_0389,22.352377323782648,72.32913292679959,10,24.004056020370502,35.00850170343733,2026-06-09
SYN_0389,22.352377323782648,72.32913292679959,25,19.88157344334892,34.79933073625377,2026-06-09
SYN_0389,22.352377323782648,72.32913292679959,50,15.053181567085907,34.803007466375895,2026-06-09
SYN_0389,22.352377323782648,72.32913292679959,75,12.160370903043898,34.645288826798996,2026-06-09
SYN_0389,22.352377323782648,72.32913292679959,100,10.63181932049815,34.56872835614012,2026-06-09
SYN_0389,22.352377323782648,72.32913292679959,150,8.949766601117085,34.46047692560253,2026-06-09
SYN_0389,22.352377323782648,72.32913292679959,200,7.8552412112650725,34.73428950305281,2026-06-09
SYN_0390,22.688359496892755,67.25109014731032,0,27.772198945567112,35.069914659147216,2026-02-24
SYN_0390,22.688359496892755,67.25109014731032,10,24.395520505991225,34.83424810491371,2026-02-24
SYN_0390,22.688359496892755,67.25109014731032,25,20.204259516141835,34.734799949453475,2026-02-24
SYN_0390,22.688359496892755,67.25109014731032,50,15.639419511775186,34.404654251371426,2026-02-24
SYN_0390,22.688359496892755,67.25109014731032,75,12.210720253041488,34.67892087054007,2026-02-24
SYN_0390,22.688359496892755,67.25109014731032,100,10.644100365445327,34.568447971217005,2026-02-24
SYN_0390,22.688359496892755,67.25109014731032,150,9.13414982855931,34.439115465372886,2026-02-24
SYN_0390,22.688359496892755,67.25109014731032,200,8.256789594847335,34.59594359699513,2026-02-24
SYN_0391,20.93097108092997,70.76435165911734,0,27.86638518525571,35.05601088890466,2026-02-05
SYN_0391,20.93097108092997,70.76435165911734,10,23.962199236918863,35.06701146163156,2026-02-05
SYN_0391,20.93097108092997,70.76435165911734,25,20.054439753968133,34.80137539059831,2026-02-05
SYN_0391,20.93097108092997,70.76435165911734,50,15.251846152768795,34.58259428349431,2026-02-05
SYN_0391,20.93097108092997,70.76435165911734,75,12.329136312471391,34.59002301545397,2026-02-05
SYN_0391,20.93097108092997,70.76435165911734,100,10.602957475679956,34.62369467686919,2026-02-05
SYN_0391,20.93097108092997,70.76435165911734,150,8.830633705409738,34.50834263754338,2026-02-05
SYN_0391,20.93097108092997,70.76435165911734,200,8.36562151778892,34.51753537068179,2026-02-05
SYN_0392,7.560354172833312,80.1037454849652,0,27.76324503592731,35.04695926067384,2026-06-22
SYN_0392,7.560354172833312,80.1037454849652,10,24.063412206061148,34.98203922254984,2026-06-22
SYN_0392,7.560354172833312,80.1037454849652,25,20.052210018625335,34.69095215028106,2026-06-22
SYN_0392,7.560354172833312,80.1037454849652,50,15.045655605869035,34.72035390416709,2026-06-22
SYN_0392,7.560354172833312,80.1037454849652,75,12.23061190421727,34.75611566119006,2026-06-22
SYN_0392,7.560354172833312,80.1037454849652,100,10.188335303081875,34.79044770378617,2026-06-22
SYN_0392,7.560354172833312,80.1037454849652,150,8.830484511734857,34.61578737508157,2026-06-22
SYN_0392,7.560354172833312,80.1037454849652,200,8.064660940960795,34.65766013193291,2026-06-22
SYN_0393,5.446935768537147,68.43025995296044,0,27.85888909772686,35.05212729088643,2026-05-26
SYN_0393,5.446935768537147,68.43025995296044,10,24.139720943797823,34.97894541777475,2026-05-26
SYN_0393,5.446935768537147,68.43025995296044,25,19.808662150262368,34.82231530964062,2026-05-26
SYN_0393,5.446935768537147,68.43025995296044,50,15.230637106238264,34.692535281598374,2026-05-26
SYN_0393,5.446935768537147,68.43025995296044,75,11.85839928752214,34.86135595995244,2026-05-26
SYN_0393,5.446935768537147,68.43025995296044,100,10.674157339936778,34.62784659920185,2026-05-26
SYN_0393,5.446935768537147,68.43025995296044,150,8.820065174046979,34.66508037443382,2026-05-26
SYN_0393,5.446935768537147,68.43025995296044,200,8.268944081003399,34.46095640508623,2026-05-26
SYN_0394,6.658350414255891,67.04344646071162,0,27.86134556635649,35.122560159342164,2026-05-14
SYN_0394,6.658350414255891,67.04344646071162,10,24.18264040940089,34.92166863543171,2026-05-14
SYN_0394,6.658350414255891,67.04344646071162,25,20.09043055965004,34.75047694346455,2026-05-14
SYN_0394,6.658350414255891,67.04344646071162,50,15.328115496992954,34.704770626565214,2026-05-14
SYN_0394,6.658350414255891,67.04344646071162,75,12.331905257212437,34.584138604995665,2026-05-14
SYN_0394,6.658350414255891,67.04344646071162,100,10.833210972956358,34.49508106718662,2026-05-14
SYN_0394,6.658350414255891,67.04344646071162,150,8.79078299175088,34.56083231589683,2026-05-14
SYN_0394,6.658350414255891,67.04344646071162,200,8.415616514315182,34.40752309295689,2026-05-14
SYN_0395,21.98273272322244,69.71284663999374,0,27.85675187189405,34.98291466647706,2026-01-03
SYN_0395,21.98273272322244,69.71284663999374,10,24.06436566105177,34.930820241783046,2026-01-03
SYN_0395,21.98273272322244,69.71284663999374,25,19.93084584205357,34.86925309512905,2026-01-03
SYN_0395,21.98273272322244,69.71284663999374,50,15.083067828403694,34.70090198346753,2026-01-03
SYN_0395,21.98273272322244,69.71284663999374,75,12.453811201126825,34.47090527291794,2026-01-03
SYN_0395,21.98273272322244,69.71284663999374,100,10.675571326306985,34.5467818247025,2026-01-03
SYN_0395,21.98273272322244,69.71284663999374,150,9.029326714387265,34.4852381299282,2026-01-03
SYN_0395,21.98273272322244,69.71284663999374,200,8.150045078352488,34.57940146087685,2026-01-03
SYN_0396,23.812906867210476,80.23083096152217,0,27.784270550889627,35.12041490171269,2026-01-16
SYN_0396,23.812906867210476,80.23083096152217,10,23.945931618421266,35.05514428258868,2026-01-16
SYN_0396,23.812906867210476,80.23083096152217,25,19.959433886037857,34.78697370765573,2026-01-16
SYN_0396,23.812906867210476,80.23083096152217,50,15.148244336305632,34.669953903414175,2026-01-16
SYN_0396,23.812906867210476,80.23083096152217,75,12.239640508865426,34.69120122711889,2026-01-16
SYN_0396,23.812906867210476,80.23083096152217,100,10.393741788174983,34.66303280337166,2026-01-16
SYN_0396,23.812906867210476,80.23083096152217,150,8.636216490270442,34.72891410225588,2026-01-16
SYN_0396,23.812906867210476,80.23083096152217,200,8.090283426156287,34.614107347965195,2026-01-16
SYN_0397,16.615221839045063,74.67360891515733,0,28.16972506337233,34.867514756228076,2026-05-16
SYN_0397,16.615221839045063,74.67360891515733,10,24.68444356191702,34.690481941793955,2026-05-16
SYN_0397,16.615221839045063,74.67360891515733,25,20.543725355903902,34.5401126927488,2026-05-16
SYN_0397,16.615221839045063,74.67360891515733,50,16.036278741338766,34.19383366753523,2026-05-16
SYN_0397,16.615221839045063,74.67360891515733,75,13.138230265725303,34.1943611405016,2026-05-16
SYN_0397,16.615221839045063,74.67360891515733,100,11.01489067154547,34.33815540706076,2026-05-16
SYN_0397,16.615221839045063,74.67360891515733,150,9.404785865557697,34.31977394040403,2026-05-16
SYN_0397,16.615221839045063,74.67360891515733,200,8.531305341899618,34.50508962535454,2026-05-16
SYN_0398,22.080310609109187,80.43099870575634,0,27.864039847071176,35.096444542627914,2026-05-01
SYN_0398,22.080310609109187,80.43099870575634,10,24.212610806942962,34.98737831152429,2026-05-01
SYN_0398,22.080310609109187,80.43099870575634,25,19.9429830676482,34.76070884221775,2026-05-01
SYN_0398,22.080310609109187,80.43099870575634,50,15.06131957915892,34.70836031452798,2026-05-01
SYN_0398,22.080310609109187,80.43099870575634,75,12.247062741249826,34.574444007851135,2026-05-01
SYN_0398,22.080310609109187,80.43099870575634,100,10.770574924618113,34.49267693534653,2026-05-01
SYN_0398,22.080310609109187,80.43099870575634,150,9.013272646469902,34.533490086305626,2026-05-01
SYN_0398,22.080310609109187,80.43099870575634,200,8.243473910947152,34.6002457389326,2026-05-01
SYN_0399,11.115189742870088,74.19174011758888,0,28.110070320528084,34.93751701169421,2026-04-22
SYN_0399,11.115189742870088,74.19174011758888,10,24.56872117064918,34.70932606184291,2026-04-22
SYN_0399,11.115189742870088,74.19174011758888,25,20.389983854281873,34.634873423639576,2026-04-22
SYN_0399,11.115189742870088,74.19174011758888,50,15.47313063841106,34.5659033484848,2026-04-22
SYN_0399,11.115189742870088,74.19174011758888,75,12.421920255473296,34.598408453080125,2026-04-22
SYN_0399,11.115189742870088,74.19174011758888,100,10.896468711414458,34.48582985621199,2026-04-22
SYN_0399,11.115189742870088,74.19174011758888,150,9.420252429229512,34.23779992399407,2026-04-22
SYN_0399,11.115189742870088,74.19174011758888,200,8.503154250765261,34.424893551469644,2026-04-22
SYN_0400,21.197432380826555,84.68350970230155,0,27.619276669833607,35.17493471651874,2026-04-14
SYN_0400,21.197432380826555,84.68350970230155,10,24.71691008654951,34.68731731687316,2026-04-14
SYN_0400,21.197432380826555,84.68350970230155,25,20.128517905861965,34.66637816815235,2026-04-14
SYN_0400,21.197432380826555,84.68350970230155,50,15.135642561928682,34.64222922869378,2026-04-14
SYN_0400,21.197432380826555,84.68350970230155,75,12.353543162698891,34.540958611245244,2026-04-14
SYN_0400,21.197432380826555,84.68350970230155,100,10.806080381564463,34.487799848600424,2026-04-14
SYN_0400,21.197432380826555,84.68350970230155,150,9.170819375352147,34.37678923964796,2026-04-14
SYN_0400,21.197432380826555,84.68350970230155,200,8.388774098799555,34.49702164604846,2026-04-14
SYN_0401,24.39851147131887,77.68906279511206,0,27.245244954847344,35.34679112789348,2026-06-14
SYN_0401,24.39851147131887,77.68906279511206,10,23.611605014755664,35.23497846015362,2026-06-14
SYN_0401,24.39851147131887,77.68906279511206,25,19.957281747614687,34.76484259188861,2026-06-14
SYN_0401,24.39851147131887,77.68906279511206,50,15.222146873003588,34.55476424176946,2026-06-14
SYN_0401,24.39851147131887,77.68906279511206,75,12.0743317784632,34.81111797245928,2026-06-14
SYN_0401,24.39851147131887,77.68906279511206,100,10.483127656501882,34.59058691651896,2026-06-14
SYN_0401,24.39851147131887,77.68906279511206,150,8.408306628933264,34.87593576454557,2026-06-14
SYN_0401,24.39851147131887,77.68906279511206,200,8.270317233053262,34.47646761699087,2026-06-14
SYN_0402,18.88132149711914,80.35420103115018,0,28.01484184911162,34.97861156309134,2026-02-07
SYN_0402,18.88132149711914,80.35420103115018,10,24.419970426555192,34.87735464455736,2026-02-07
SYN_0402,18.88132149711914,80.35420103115018,25,20.31064352120876,34.65226188618796,2026-02-07
SYN_0402,18.88132149711914,80.35420103115018,50,15.470190623661736,34.556079304936276,2026-02-07
SYN_0402,18.88132149711914,80.35420103115018,75,12.332063489784877,34.563525226906236,2026-02-07
SYN_0402,18.88132149711914,80.35420103115018,100,10.781521369418046,34.38774253226977,2026-02-07
SYN_0402,18.88132149711914,80.35420103115018,150,9.035997957692652,34.53997266332291,2026-02-07
SYN_0402,18.88132149711914,80.35420103115018,200,8.374329222229983,34.55273826133769,2026-02-07
SYN_0403,12.563436289058625,79.95491641865256,0,28.42877528743224,34.77640106663252,2026-01-27
SYN_0403,12.563436289058625,79.95491641865256,10,24.760628802597907,34.7222230162789,2026-01-27
SYN_0403,12.563436289058625,79.95491641865256,25,20.416783881132286,34.582754237004636,2026-01-27
SYN_0403,12.563436289058625,79.95491641865256,50,15.800671163408273,34.503129270074155,2026-01-27
SYN_0403,12.563436289058625,79.95491641865256,75,12.378136561346025,34.539120322848895,2026-01-27
SYN_0403,12.563436289058625,79.95491641865256,100,10.817607634238414,34.432359380342895,2026-01-27
SYN_0403,12.563436289058625,79.95491641865256,150,9.224170391878168,34.40198996970674,2026-01-27
SYN_0403,12.563436289058625,79.95491641865256,200,8.150796886813195,34.533215604902296,2026-01-27
SYN_0404,15.071635548289207,68.8060622054246,0,28.345204318912337,34.84791933490638,2026-06-05
SYN_0404,15.071635548289207,68.8060622054246,10,24.56749811038867,34.75274618479261,2026-06-05
SYN_0404,15.071635548289207,68.8060622054246,25,20.301917572451583,34.57681429287403,2026-06-05
SYN_0404,15.071635548289207,68.8060622054246,50,15.600535770080807,34.46313485824558,2026-06-05
SYN_0404,15.071635548289207,68.8060622054246,75,12.460048487714575,34.63028068711708,2026-06-05
SYN_0404,15.071635548289207,68.8060622054246,100,10.908316356958695,34.40755296578627,2026-06-05
SYN_0404,15.071635548289207,68.8060622054246,150,9.03002701436706,34.437711175189946,2026-06-05
SYN_0404,15.071635548289207,68.8060622054246,200,8.38424946720993,34.51479393416265,2026-06-05
SYN_0405,6.119605697233728,67.42031433497297,0,28.051084429607315,34.918402240996826,2026-06-06
SYN_0405,6.119605697233728,67.42031433497297,10,24.402644058399805,34.82689405835859,2026-06-06
SYN_0405,6.119605697233728,67.42031433497297,25,20.117373367259713,34.72611727788893,2026-06-06
SYN_0405,6.119605697233728,67.42031433497297,50,15.557796013008254,34.54606787649435,2026-06-06
SYN_0405,6.119605697233728,67.42031433497297,75,12.394668939998235,34.573850745557884,2026-06-06
SYN_0405,6.119605697233728,67.42031433497297,100,10.667971313363596,34.587158425357096,2026-06-06
SYN_0405,6.119605697233728,67.42031433497297,150,8.8577131760297,34.61114516875653,2026-06-06
SYN_0405,6.119605697233728,67.42031433497297,200,8.258184350936395,34.57472395365466,2026-06-06
SYN_0406,23.811630734705957,82.99786107265534,0,27.704365752911887,35.11990561042417,2026-05-10
SYN_0406,23.811630734705957,82.99786107265534,10,24.305486107168697,34.956440060194865,2026-05-10
SYN_0406,23.811630734705957,82.99786107265534,25,20.037390832107153,34.76552352586486,2026-05-10
SYN_0406,23.811630734705957,82.99786107265534,50,15.314350338340855,34.58832738194115,2026-05-10
SYN_0406,23.811630734705957,82.99786107265534,75,12.883601737885408,34.258983815191755,2026-05-10
SYN_0406,23.811630734705957,82.99786107265534,100,10.87403537823073,34.358251354982954,2026-05-10
SYN_0406,23.811630734705957,82.99786107265534,150,9.160556551678921,34.49566847620206,2026-05-10
SYN_0406,23.811630734705957,82.99786107265534,200,8.367714080729378,34.40101641959467,2026-05-10
SYN_0407,24.37325826293475,78.44297373864813,0,27.792829043008208,35.04566832681779,2026-06-01
SYN_0407,24.37325826293475,78.44297373864813,10,24.158144173860087,34.93272152778133,2026-06-01
SYN_0407,24.37325826293475,78.44297373864813,25,19.909062010674333,34.83629032894861,2026-06-01
SYN_0407,24.37325826293475,78.44297373864813,50,14.800818309228003,34.88155136593637,2026-06-01
SYN_0407,24.37325826293475,78.44297373864813,75,12.12297359097516,34.63491163924522,2026-06-01
SYN_0407,24.37325826293475,78.44297373864813,100,10.405937987485256,34.651050631762004,2026-06-01
SYN_0407,24.37325826293475,78.44297373864813,150,8.568827611020575,34.78135509096944,2026-06-01
SYN_0407,24.37325826293475,78.44297373864813,200,7.916489281130176,34.709625640706385,2026-06-01
SYN_0408,7.817992761462522,82.07112727241326,0,28.34187816206892,34.825171214493665,2026-04-10
SYN_0408,7.817992761462522,82.07112727241326,10,24.474359346652612,34.8709699562011,2026-04-10
SYN_0408,7.817992761462522,82.07112727241326,25,20.236134875492862,34.77252537926685,2026-04-10
SYN_0408,7.817992761462522,82.07112727241326,50,15.330668703163887,34.706382995503816,2026-04-10
SYN_0408,7.817992761462522,82.07112727241326,75,12.184353472471214,34.7806749070651,2026-04-10
SYN_0408,7.817992761462522,82.07112727241326,100,10.900892484279703,34.459234632057786,2026-04-10
SYN_0408,7.817992761462522,82.07112727241326,150,9.294154630017909,34.32773184395734,2026-04-10
SYN_0408,7.817992761462522,82.07112727241326,200,8.707320865216108,34.398284689243795,2026-04-10
SYN_0409,24.440979295514285,72.22956668188552,0,27.3608038595784,35.29950514787706,2026-06-06
SYN_0409,24.440979295514285,72.22956668188552,10,24.02042984599881,34.96170692613838,2026-06-06
SYN_0409,24.440979295514285,72.22956668188552,25,19.642967884886982,34.967123786453854,2026-06-06
SYN_0409,24.440979295514285,72.22956668188552,50,15.031640957661246,34.81975235734731,2026-06-06
SYN_0409,24.440979295514285,72.22956668188552,75,11.891853487107023,34.92217833902623,2026-06-06
SYN_0409,24.440979295514285,72.22956668188552,100,10.289324884752741,34.69384448474706,2026-06-06
SYN_0409,24.440979295514285,72.22956668188552,150,8.524023445765442,34.67858822194203,2026-06-06
SYN_0409,24.440979295514285,72.22956668188552,200,7.666246275996893,34.90578701056435,2026-06-06
SYN_0410,12.271125877353457,84.89494102724927,0,27.8124288310052,35.08877694605806,2026-03-19
SYN_0410,12.271125877353457,84.89494102724927,10,24.163241525973223,34.94699800835376,2026-03-19
SYN_0410,12.271125877353457,84.89494102724927,25,20.002561616690645,34.78111479726499,2026-03-19
SYN_0410,12.271125877353457,84.89494102724927,50,14.901648197418345,34.819197924676395,2026-03-19
SYN_0410,12.271125877353457,84.89494102724927,75,12.31789681277239,34.55763336759121,2026-03-19
SYN_0410,12.271125877353457,84.89494102724927,100,10.470535481216231,34.64996664476169,2026-03-19
SYN_0410,12.271125877353457,84.89494102724927,150,8.790235123389293,34.67791491868783,2026-03-19
SYN_0410,12.271125877353457,84.89494102724927,200,8.14285206665333,34.599824988870786,2026-03-19
SYN_0411,14.290769270488383,79.9622048231987,0,28.139411663710664,34.797822344079265,2026-02-17
SYN_0411,14.290769270488383,79.9622048231987,10,24.72568410851251,34.63714062612011,2026-02-17
SYN_0411,14.290769270488383,79.9622048231987,25,20.480094423755386,34.54787179646066,2026-02-17
SYN_0411,14.290769270488383,79.9622048231987,50,15.46393284584572,34.50823792334673,2026-02-17
SYN_0411,14.290769270488383,79.9622048231987,75,12.530650118247221,34.49489508896494,2026-02-17
SYN_0411,14.290769270488383,79.9622048231987,100,11.0009633965649,34.32394283299828,2026-02-17
SYN_0411,14.290769270488383,79.9622048231987,150,9.461994056263395,34.291653837881825,2026-02-17
SYN_0411,14.290769270488383,79.9622048231987,200,8.405493390199632,34.5504977373291,2026-02-17
SYN_0412,13.98960317349831,82.21050452144074,0,27.940127213883816,34.99541250747977,2026-01-28
SYN_0412,13.98960317349831,82.21050452144074,10,24.17918057177075,34.99548506038783,2026-01-28
SYN_0412,13.98960317349831,82.21050452144074,25,20.263745887703895,34.63494485711707,2026-01-28
SYN_0412,13.98960317349831,82.21050452144074,50,15.282355175517024,34.63064173770978,2026-01-28
SYN_0412,13.98960317349831,82.21050452144074,75,12.430301868460948,34.630054320319076,2026-01-28
SYN_0412,13.98960317349831,82.21050452144074,100,10.744419076979083,34.432993249648504,2026-01-28
SYN_0412,13.98960317349831,82.21050452144074,150,9.167870832660157,34.43071752632471,2026-01-28
SYN_0412,13.98960317349831,82.21050452144074,200,8.355969528965447,34.53827806709641,2026-01-28
SYN_0413,16.375382050457546,80.81319052091222,0,28.07857910807411,34.9407758509615,2026-02-03
SYN_0413,16.375382050457546,80.81319052091222,10,24.49683343351174,34.82659966103338,2026-02-03
SYN_0413,16.375382050457546,80.81319052091222,25,20.14505066451805,34.67807707994083,2026-02-03
SYN_0413,16.375382050457546,80.81319052091222,50,15.605705292048446,34.48514640367312,2026-02-03
SYN_0413,16.375382050457546,80.81319052091222,75,12.862710220416178,34.324391419032594,2026-02-03
SYN_0413,16.375382050457546,80.81319052091222,100,10.9648820062964,34.26064539171871,2026-02-03
SYN_0413,16.375382050457546,80.81319052091222,150,9.151683658487453,34.30430322807037,2026-02-03
SYN_0413,16.375382050457546,80.81319052091222,200,8.536508084733171,34.457821232259775,2026-02-03
SYN_0414,21.349306890219218,67.445457054427,0,28.100678853448265,34.92250947595657,2026-06-28
SYN_0414,21.349306890219218,67.445457054427,10,24.36725331589341,34.87912640487892,2026-06-28
SYN_0414,21.349306890219218,67.445457054427,25,20.10837920043558,34.688401437081716,2026-06-28
SYN_0414,21.349306890219218,67.445457054427,50,15.353853652334319,34.569952081054055,2026-06-28
SYN_0414,21.349306890219218,67.445457054427,75,12.506862006563255,34.60017961296838,2026-06-28
SYN_0414,21.349306890219218,67.445457054427,100,10.99990742635698,34.35825005730743,2026-06-28
SYN_0414,21.349306890219218,67.445457054427,150,8.835449331184728,34.544951520751944,2026-06-28
SYN_0414,21.349306890219218,67.445457054427,200,8.208338157172218,34.569177729333354,2026-06-28
SYN_0415,18.979702163489712,74.1248008810667,0,28.227083382669676,34.972676376631874,2026-02-17
SYN_0415,18.979702163489712,74.1248008810667,10,24.351100138313978,34.8443553565499,2026-02-17
SYN_0415,18.979702163489712,74.1248008810667,25,20.018539227505865,34.8413904514082,2026-02-17
SYN_0415,18.979702163489712,74.1248008810667,50,15.555182749936957,34.50475665717641,2026-02-17
SYN_0415,18.979702163489712,74.1248008810667,75,12.760736621975049,34.3922372907759,2026-02-17
SYN_0415,18.979702163489712,74.1248008810667,100,10.725482790550403,34.49456981833657,2026-02-17
SYN_0415,18.979702163489712,74.1248008810667,150,9.50732244428602,34.26646269895517,2026-02-17
SYN_0415,18.979702163489712,74.1248008810667,200,8.586244134712235,34.35956444669043,2026-02-17
SYN_0416,23.144941381509973,70.27933473471185,0,27.864733943606613,35.17241754469472,2026-06-17
SYN_0416,23.144941381509973,70.27933473471185,10,24.06572743854274,34.990474910127816,2026-06-17
SYN_0416,23.144941381509973,70.27933473471185,25,19.992815446487693,34.84086364706945,2026-06-17
SYN_0416,23.144941381509973,70.27933473471185,50,14.985586129225162,34.82110769965209,2026-06-17
SYN_0416,23.144941381509973,70.27933473471185,75,12.34509451214774,34.63991521636717,2026-06-17
SYN_0416,23.144941381509973,70.27933473471185,100,10.569614249179086,34.559105074313365,2026-06-17
SYN_0416,23.144941381509973,70.27933473471185,150,8.905328832643036,34.55147843235788,2026-06-17
SYN_0416,23.144941381509973,70.27933473471185,200,8.338532031768844,34.50446591600899,2026-06-17
SYN_0417,5.725046350295897,82.12260440706092,0,28.05362778585608,35.0564487187692,2026-03-06
SYN_0417,5.725046350295897,82.12260440706092,10,24.427233603527878,34.87220351298464,2026-03-06
SYN_0417,5.725046350295897,82.12260440706092,25,20.215463141553034,34.64514048124525,2026-03-06
SYN_0417,5.725046350295897,82.12260440706092,50,15.144970182347192,34.71281757777811,2026-03-06
SYN_0417,5.725046350295897,82.12260440706092,75,12.626076590841484,34.498862805593305,2026-03-06
SYN_0417,5.725046350295897,82.12260440706092,100,10.48040826036008,34.65262821898571,2026-03-06
SYN_0417,5.725046350295897,82.12260440706092,150,9.04518798832127,34.53286953926041,2026-03-06
SYN_0417,5.725046350295897,82.12260440706092,200,8.25662403126867,34.518635622542085,2026-03-06
SYN_0418,6.869847231679795,69.21755681214704,0,27.465340566605565,35.24447902570461,2026-01-18
SYN_0418,6.869847231679795,69.21755681214704,10,24.467593767896954,34.75501503432381,2026-01-18
SYN_0418,6.869847231679795,69.21755681214704,25,19.968532370151063,34.83342478614382,2026-01-18
SYN_0418,6.869847231679795,69.21755681214704,50,14.998661271855813,34.77887945708529,2026-01-18
SYN_0418,6.869847231679795,69.21755681214704,75,12.481147044227486,34.539998473213934,2026-01-18
SYN_0418,6.869847231679795,69.21755681214704,100,10.611776735822552,34.50194638305838,2026-01-18
SYN_0418,6.869847231679795,69.21755681214704,150,8.808147646111864,34.57299238312338,2026-01-18
SYN_0418,6.869847231679795,69.21755681214704,200,8.075020410923122,34.628284079255245,2026-01-18
SYN_0419,7.056171234717079,66.549745802715,0,28.007666754387294,34.985882759159054,2026-04-02
SYN_0419,7.056171234717079,66.549745802715,10,24.51360040090827,34.76662946488922,2026-04-02
SYN_0419,7.056171234717079,66.549745802715,25,20.08901903587662,34.738400979443846,2026-04-02
SYN_0419,7.056171234717079,66.549745802715,50,15.612332786475879,34.390720310640816,2026-04-02
SYN_0419,7.056171234717079,66.549745802715,75,12.646991427067839,34.493212057582205,2026-04-02
SYN_0419,7.056171234717079,66.549745802715,100,10.578987757217625,34.56670581208295,2026-04-02
SYN_0419,7.056171234717079,66.549745802715,150,9.493082166176096,34.250869146074265,2026-04-02
SYN_0419,7.056171234717079,66.549745802715,200,8.498123201386406,34.522613336702484,2026-04-02
SYN_0420,8.535204582020985,76.84128615509833,0,28.078447255225548,35.024327877358786,2026-06-15
SYN_0420,8.535204582020985,76.84128615509833,10,24.133065066030795,35.00170174816546,2026-06-15
SYN_0420,8.535204582020985,76.84128615509833,25,20.070961438070363,34.71224788522094,2026-06-15
SYN_0420,8.535204582020985,76.84128615509833,50,14.88193663861895,34.835924866339354,2026-06-15
SYN_0420,8.535204582020985,76.84128615509833,75,12.331746856513144,34.57882447172786,2026-06-15
SYN_0420,8.535204582020985,76.84128615509833,100,10.377383447394731,34.76061583081104,2026-06-15
SYN_0420,8.535204582020985,76.84128615509833,150,9.080596522081828,34.487938941175024,2026-06-15
SYN_0420,8.535204582020985,76.84128615509833,200,8.367000550817295,34.498639030311274,2026-06-15
SYN_0421,13.120250723764384,84.69371107830477,0,27.522070621035294,35.223469191217134,2026-04-28
SYN_0421,13.120250723764384,84.69371107830477,10,24.192409257350505,34.88415192648244,2026-04-28
SYN_0421,13.120250723764384,84.69371107830477,25,19.719013699766688,34.95661059352612,2026-04-28
SYN_0421,13.120250723764384,84.69371107830477,50,15.094248302239707,34.778415870274515,2026-04-28
SYN_0421,13.120250723764384,84.69371107830477,75,12.13292759158951,34.66035617552987,2026-04-28
SYN_0421,13.120250723764384,84.69371107830477,100,10.445423780414512,34.6667541073013,2026-04-28
SYN_0421,13.120250723764384,84.69371107830477,150,8.627632724134106,34.64050057018477,2026-04-28
SYN_0421,13.120250723764384,84.69371107830477,200,8.227493702972668,34.63742670859179,2026-04-28
SYN_0422,11.334972973004238,67.526898040564,0,28.294301897708774,34.86859842791664,2026-02-15
SYN_0422,11.334972973004238,67.526898040564,10,24.295803630256437,34.94841608804165,2026-02-15
SYN_0422,11.334972973004238,67.526898040564,25,20.06644057012611,34.77665585500848,2026-02-15
SYN_0422,11.334972973004238,67.526898040564,50,15.616526671140173,34.436347998274115,2026-02-15
SYN_0422,11.334972973004238,67.526898040564,75,12.552175637553612,34.407669783763666,2026-02-15
SYN_0422,11.334972973004238,67.526898040564,100,10.568430800243032,34.51966062275664,2026-02-15
SYN_0422,11.334972973004238,67.526898040564,150,8.965621499276306,34.591268380094554,2026-02-15
SYN_0422,11.334972973004238,67.526898040564,200,8.460942706830796,34.39643912215915,2026-02-15
SYN_0423,19.584710189367215,78.8110528079929,0,28.078813217676064,34.95689415208515,2026-01-15
SYN_0423,19.584710189367215,78.8110528079929,10,24.22048921037853,34.811453274946,2026-01-15
SYN_0423,19.584710189367215,78.8110528079929,25,20.391924349252367,34.56650185532995,2026-01-15
SYN_0423,19.584710189367215,78.8110528079929,50,15.513481186118089,34.60677506397997,2026-01-15
SYN_0423,19.584710189367215,78.8110528079929,75,12.442865396159442,34.45378287414465,2026-01-15
SYN_0423,19.584710189367215,78.8110528079929,100,11.234320285005705,34.26345236635836,2026-01-15
SYN_0423,19.584710189367215,78.8110528079929,150,9.244397171530673,34.373641887112214,2026-01-15
SYN_0423,19.584710189367215,78.8110528079929,200,8.542418049633232,34.42930241831506,2026-01-15
SYN_0424,13.189925566911036,68.39040320658924,0,28.015837192214068,35.01655012492082,2026-05-12
SYN_0424,13.189925566911036,68.39040320658924,10,24.593893834802575,34.80022340351388,2026-05-12
SYN_0424,13.189925566911036,68.39040320658924,25,20.53674651768416,34.54744539042982,2026-05-12
SYN_0424,13.189925566911036,68.39040320658924,50,15.500943045543224,34.51484119563608,2026-05-12
SYN_0424,13.189925566911036,68.39040320658924,75,12.444069843989633,34.614715543228414,2026-05-12
SYN_0424,13.189925566911036,68.39040320658924,100,10.825142743458771,34.461625556106725,2026-05-12
SYN_0424,13.189925566911036,68.39040320658924,150,8.725133926867441,34.67710869945459,2026-05-12
SYN_0424,13.189925566911036,68.39040320658924,200,8.406516666182739,34.42602248724012,2026-05-12
SYN_0425,14.219110282263653,79.16781710069671,0,28.395759030547307,34.741078094023216,2026-02-12
SYN_0425,14.219110282263653,79.16781710069671,10,24.502949189213243,34.81421619088281,2026-02-12
SYN_0425,14.219110282263653,79.16781710069671,25,20.491669956391615,34.50569705294835,2026-02-12
SYN_0425,14.219110282263653,79.16781710069671,50,15.79388194711602,34.424167128457356,2026-02-12
SYN_0425,14.219110282263653,79.16781710069671,75,12.659870370578394,34.5375021461696,2026-02-12
SYN_0425,14.219110282263653,79.16781710069671,100,11.022581974333836,34.37407970214809,2026-02-12
SYN_0425,14.219110282263653,79.16781710069671,150,9.865465973861044,34.132695800663946,2026-02-12
SYN_0425,14.219110282263653,79.16781710069671,200,8.280326922939256,34.57642344385295,2026-02-12
SYN_0426,22.894282095112256,83.57212659154038,0,28.222575634638627,34.81610944483455,2026-03-24
SYN_0426,22.894282095112256,83.57212659154038,10,24.417652003376094,34.82552434922859,2026-03-24
SYN_0426,22.894282095112256,83.57212659154038,25,20.190974974787707,34.68978864868328,2026-03-24
SYN_0426,22.894282095112256,83.57212659154038,50,15.483192161627798,34.522656856113954,2026-03-24
SYN_0426,22.894282095112256,83.57212659154038,75,12.121846671920006,34.70851421577116,2026-03-24
SYN_0426,22.894282095112256,83.57212659154038,100,10.92216788716895,34.37800594619371,2026-03-24
SYN_0426,22.894282095112256,83.57212659154038,150,9.049076025330358,34.48138950345821,2026-03-24
SYN_0426,22.894282095112256,83.57212659154038,200,8.275669966238414,34.582986956205346,2026-03-24
SYN_0427,8.325487367642166,81.6990852446528,0,28.058116715799002,34.834471422854314,2026-03-18
SYN_0427,8.325487367642166,81.6990852446528,10,24.263943550103445,34.86043847668842,2026-03-18
SYN_0427,8.325487367642166,81.6990852446528,25,19.95349033310728,34.80346124508371,2026-03-18
SYN_0427,8.325487367642166,81.6990852446528,50,15.355136345580814,34.66397477960309,2026-03-18
SYN_0427,8.325487367642166,81.6990852446528,75,12.516762602509727,34.56869092227207,2026-03-18
SYN_0427,8.325487367642166,81.6990852446528,100,10.959390904891407,34.36653427668025,2026-03-18
SYN_0427,8.325487367642166,81.6990852446528,150,9.091600070657112,34.49085293283249,2026-03-18
SYN_0427,8.325487367642166,81.6990852446528,200,8.641889738996543,34.36341633172966,2026-03-18
SYN_0428,8.108022574780309,77.99581455025249,0,27.386123930658385,35.356051596439386,2026-03-27
SYN_0428,8.108022574780309,77.99581455025249,10,24.225381583881198,34.99077663970532,2026-03-27
SYN_0428,8.108022574780309,77.99581455025249,25,20.034320127544785,34.77831109281432,2026-03-27
SYN_0428,8.108022574780309,77.99581455025249,50,15.303775443012333,34.63132302610294,2026-03-27
SYN_0428,8.108022574780309,77.99581455025249,75,12.276667890140898,34.62873388932253,2026-03-27
SYN_0428,8.108022574780309,77.99581455025249,100,10.604754769784806,34.54886595939736,2026-03-27
SYN_0428,8.108022574780309,77.99581455025249,150,8.943623852792198,34.57818321030795,2026-03-27
SYN_0428,8.108022574780309,77.99581455025249,200,8.532223645833822,34.459032262912636,2026-03-27
SYN_0429,13.817621952371601,82.76621644298265,0,28.17515449605586,34.911955203013676,2026-01-06
SYN_0429,13.817621952371601,82.76621644298265,10,24.464895323724654,34.87227329299215,2026-01-06
SYN_0429,13.817621952371601,82.76621644298265,25,20.161334528722193,34.75925176178094,2026-01-06
SYN_0429,13.817621952371601,82.76621644298265,50,15.507296529508228,34.55671007867578,2026-01-06
SYN_0429,13.817621952371601,82.76621644298265,75,12.224274968266146,34.64079791798597,2026-01-06
SYN_0429,13.817621952371601,82.76621644298265,100,10.756987251630065,34.61273305866094,2026-01-06
SYN_0429,13.817621952371601,82.76621644298265,150,8.791578528188406,34.581438217091524,2026-01-06
SYN_0429,13.817621952371601,82.76621644298265,200,8.335535495389085,34.56696018296954,2026-01-06
SYN_0430,6.909253573996567,80.69998348847167,0,27.795474500568446,35.13388006885288,2026-05-28
SYN_0430,6.909253573996567,80.69998348847167,10,24.08416429118447,34.94769515511216,2026-05-28
SYN_0430,6.909253573996567,80.69998348847167,25,19.941288853454758,34.800921370495836,2026-05-28
SYN_0430,6.909253573996567,80.69998348847167,50,15.326857383882045,34.64665551967411,2026-05-28
SYN_0430,6.909253573996567,80.69998348847167,75,12.53517930384545,34.51462421063673,2026-05-28
SYN_0430,6.909253573996567,80.69998348847167,100,10.661912260146956,34.47720721781908,2026-05-28
SYN_0430,6.909253573996567,80.69998348847167,150,8.808083672470294,34.53069855139613,2026-05-28
SYN_0430,6.909253573996567,80.69998348847167,200,8.131843775924649,34.537146603394184,2026-05-28
SYN_0431,7.440871240596254,66.57466736526963,0,27.893290999542383,35.06579430700277,2026-03-21
SYN_0431,7.440871240596254,66.57466736526963,10,24.41886058085005,34.83182601612429,2026-03-21
SYN_0431,7.440871240596254,66.57466736526963,25,20.270796669281502,34.669219912420246,2026-03-21
SYN_0431,7.440871240596254,66.57466736526963,50,15.335094000510148,34.614077328157244,2026-03-21
SYN_0431,7.440871240596254,66.57466736526963,75,12.251208301538702,34.59030059519717,2026-03-21
SYN_0431,7.440871240596254,66.57466736526963,100,10.537525904925749,34.598755852542475,2026-03-21
SYN_0431,7.440871240596254,66.57466736526963,150,8.873241423370372,34.461943499932026,2026-03-21
SYN_0431,7.440871240596254,66.57466736526963,200,8.423301387750865,34.47829329003899,2026-03-21
SYN_0432,8.41810579888547,73.65501738222,0,27.776792985077808,35.14507391820029,2026-06-02
SYN_0432,8.41810579888547,73.65501738222,10,23.919973243889885,35.06978659940868,2026-06-02
SYN_0432,8.41810579888547,73.65501738222,25,19.727041421639324,34.86559300575444,2026-06-02
SYN_0432,8.41810579888547,73.65501738222,50,15.18327723136155,34.738237068638426,2026-06-02
SYN_0432,8.41810579888547,73.65501738222,75,11.959645198245006,34.77157811889332,2026-06-02
SYN_0432,8.41810579888547,73.65501738222,100,10.522071568071008,34.66094810421503,2026-06-02
SYN_0432,8.41810579888547,73.65501738222,150,8.991411253984158,34.50860204050363,2026-06-02
SYN_0432,8.41810579888547,73.65501738222,200,8.46931264740385,34.456802641049194,2026-06-02
SYN_0433,6.550628232183451,81.10557570656823,0,27.807723963654798,35.102055528228775,2026-06-14
SYN_0433,6.550628232183451,81.10557570656823,10,24.23253489832265,34.918778989887734,2026-06-14
SYN_0433,6.550628232183451,81.10557570656823,25,19.88300806761464,34.809152414869224,2026-06-14
SYN_0433,6.550628232183451,81.10557570656823,50,15.254228792000383,34.67467294856258,2026-06-14
SYN_0433,6.550628232183451,81.10557570656823,75,12.630650447489955,34.44128880467917,2026-06-14
SYN_0433,6.550628232183451,81.10557570656823,100,10.461737539838365,34.5389921702906,2026-06-14
SYN_0433,6.550628232183451,81.10557570656823,150,8.904529897019184,34.55069439843397,2026-06-14
SYN_0433,6.550628232183451,81.10557570656823,200,8.22089778208102,34.54778084185403,2026-06-14
SYN_0434,22.70565658193801,72.2318053284062,0,27.727564081436327,35.12786156670354,2026-01-19
SYN_0434,22.70565658193801,72.2318053284062,10,23.95479588823348,35.09249618354244,2026-01-19
SYN_0434,22.70565658193801,72.2318053284062,25,19.9113624905083,34.79906077680753,2026-01-19
SYN_0434,22.70565658193801,72.2318053284062,50,15.249617008440834,34.51335068957208,2026-01-19
SYN_0434,22.70565658193801,72.2318053284062,75,12.578485002120082,34.536101255706406,2026-01-19
SYN_0434,22.70565658193801,72.2318053284062,100,10.290342498171917,34.71668705515063,2026-01-19
SYN_0434,22.70565658193801,72.2318053284062,150,8.681332421379166,34.717366293737555,2026-01-19
SYN_0434,22.70565658193801,72.2318053284062,200,8.302035834931488,34.47124059421724,2026-01-19
SYN_0435,11.69712429152424,83.3911772562657,0,27.900269808113624,35.01808351515011,2026-02-16
SYN_0435,11.69712429152424,83.3911772562657,10,24.257483718364146,34.808194850724504,2026-02-16
SYN_0435,11.69712429152424,83.3911772562657,25,20.38317634310116,34.52539634605296,2026-02-16
SYN_0435,11.69712429152424,83.3911772562657,50,15.268386547474856,34.61403700556831,2026-02-16
SYN_0435,11.69712429152424,83.3911772562657,75,12.50643104072847,34.51713104055184,2026-02-16
SYN_0435,11.69712429152424,83.3911772562657,100,10.745661009445127,34.520018033616424,2026-02-16
SYN_0435,11.69712429152424,83.3911772562657,150,8.845004396286049,34.56928943385183,2026-02-16
SYN_0435,11.69712429152424,83.3911772562657,200,8.448888595020447,34.478117139500185,2026-02-16
SYN_0436,13.230232057984209,68.67691453778596,0,28.18614280372711,34.842991805395485,2026-04-22
SYN_0436,13.230232057984209,68.67691453778596,10,24.478886285730823,34.82294619166736,2026-04-22
SYN_0436,13.230232057984209,68.67691453778596,25,20.190313642984787,34.657808918228554,2026-04-22
SYN_0436,13.230232057984209,68.67691453778596,50,15.104790556594446,34.6657706033975,2026-04-22
SYN_0436,13.230232057984209,68.67691453778596,75,12.695238919420508,34.38403395898955,2026-04-22
SYN_0436,13.230232057984209,68.67691453778596,100,10.849080197109675,34.51154555576795,2026-04-22
SYN_0436,13.230232057984209,68.67691453778596,150,9.07870163463469,34.43811460280136,2026-04-22
SYN_0436,13.230232057984209,68.67691453778596,200,8.438886137117256,34.4426479695132,2026-04-22
SYN_0437,20.358751032360225,82.058487163569,0,28.362850760300294,34.81819137919698,2026-02-17
SYN_0437,20.358751032360225,82.058487163569,10,24.319997858651973,34.91335406731931,2026-02-17
SYN_0437,20.358751032360225,82.058487163569,25,20.247606371508457,34.744924918969424,2026-02-17
SYN_0437,20.358751032360225,82.058487163569,50,15.363172133500273,34.535872371262506,2026-02-17
SYN_0437,20.358751032360225,82.058487163569,75,12.403115016844875,34.504856624350715,2026-02-17
SYN_0437,20.358751032360225,82.058487163569,100,10.723698882591352,34.45691082303026,2026-02-17
SYN_0437,20.358751032360225,82.058487163569,150,8.973408213189403,34.4323684051015,2026-02-17
SYN_0437,20.358751032360225,82.058487163569,200,8.293010343110208,34.577286407628606,2026-02-17
SYN_0438,9.903060591030627,80.03667422119302,0,27.87167981905179,35.065108287382394,2026-02-03
SYN_0438,9.903060591030627,80.03667422119302,10,24.70107853283697,34.68906406534632,2026-02-03
SYN_0438,9.903060591030627,80.03667422119302,25,20.039318976697878,34.799848439500515,2026-02-03
SYN_0438,9.903060591030627,80.03667422119302,50,15.326801874121603,34.5882336845766,2026-02-03
SYN_0438,9.903060591030627,80.03667422119302,75,12.34737216022359,34.59479341023041,2026-02-03
SYN_0438,9.903060591030627,80.03667422119302,100,10.68025017190969,34.514064609296796,2026-02-03
SYN_0438,9.903060591030627,80.03667422119302,150,9.019117782767538,34.47783791118459,2026-02-03
SYN_0438,9.903060591030627,80.03667422119302,200,8.22578020195024,34.58148099980972,2026-02-03
SYN_0439,22.607392525182362,66.03000598930934,0,28.358473378171237,34.82434021903691,2026-06-24
SYN_0439,22.607392525182362,66.03000598930934,10,24.500930582832474,34.781308787495135,2026-06-24
SYN_0439,22.607392525182362,66.03000598930934,25,20.0577901306685,34.808541295218724,2026-06-24
SYN_0439,22.607392525182362,66.03000598930934,50,15.52389231965342,34.48499880414309,2026-06-24
SYN_0439,22.607392525182362,66.03000598930934,75,12.740400778162453,34.36480851690097,2026-06-24
SYN_0439,22.607392525182362,66.03000598930934,100,10.645430014401013,34.52381865926027,2026-06-24
SYN_0439,22.607392525182362,66.03000598930934,150,9.063841518943653,34.51023022852933,2026-06-24
SYN_0439,22.607392525182362,66.03000598930934,200,8.93936844554632,34.23532101239829,2026-06-24
SYN_0440,14.433056026567773,70.37808609122963,0,28.387609694103368,34.91874206837486,2026-03-03
SYN_0440,14.433056026567773,70.37808609122963,10,24.688618698744563,34.71389888714192,2026-03-03
SYN_0440,14.433056026567773,70.37808609122963,25,20.566161746836162,34.5674386147216,2026-03-03
SYN_0440,14.433056026567773,70.37808609122963,50,15.829306104557183,34.30502572396757,2026-03-03
SYN_0440,14.433056026567773,70.37808609122963,75,12.774939075793931,34.32797320951486,2026-03-03
SYN_0440,14.433056026567773,70.37808609122963,100,11.146088628090327,34.266960884336584,2026-03-03
SYN_0440,14.433056026567773,70.37808609122963,150,9.374018268572813,34.30626231856201,2026-03-03
SYN_0440,14.433056026567773,70.37808609122963,200,8.764068250170036,34.237310853578634,2026-03-03
SYN_0441,23.504939739023307,69.95460571548318,0,27.31563780832166,35.29472908127839,2026-05-03
SYN_0441,23.504939739023307,69.95460571548318,10,24.184818945051283,34.88258492928482,2026-05-03
SYN_0441,23.504939739023307,69.95460571548318,25,20.06914374612711,34.75279848427434,2026-05-03
SYN_0441,23.504939739023307,69.95460571548318,50,15.225964561085272,34.696985415969216,2026-05-03
SYN_0441,23.504939739023307,69.95460571548318,75,12.183145098391668,34.71670137776292,2026-05-03
SYN_0441,23.504939739023307,69.95460571548318,100,10.384629849877223,34.57397966988669,2026-05-03
SYN_0441,23.504939739023307,69.95460571548318,150,8.948352203757516,34.590029384294176,2026-05-03
SYN_0441,23.504939739023307,69.95460571548318,200,8.018224771700782,34.71981751271356,2026-05-03
SYN_0442,5.337867101430369,74.59400325067091,0,27.630143719024083,35.169647961478006,2026-05-12
SYN_0442,5.337867101430369,74.59400325067091,10,24.247536209464943,35.00580936574638,2026-05-12
SYN_0442,5.337867101430369,74.59400325067091,25,19.379147878856383,35.05710819088796,2026-05-12
SYN_0442,5.337867101430369,74.59400325067091,50,14.789482199418279,34.81101929609226,2026-05-12
SYN_0442,5.337867101430369,74.59400325067091,75,11.990734004187004,34.74454200031314,2026-05-12
SYN_0442,5.337867101430369,74.59400325067091,100,10.37897447817508,34.70903440736991,2026-05-12
SYN_0442,5.337867101430369,74.59400325067091,150,8.60619700644417,34.70352190794341,2026-05-12
SYN_0442,5.337867101430369,74.59400325067091,200,7.8083429265158255,34.736368621025896,2026-05-12
SYN_0443,18.51569507342463,66.96046881165864,0,27.98094758430974,34.94326835008524,2026-05-19
SYN_0443,18.51569507342463,66.96046881165864,10,23.917682421875654,35.04672321019568,2026-05-19
SYN_0443,18.51569507342463,66.96046881165864,25,20.049005400693197,34.70289572820008,2026-05-19
SYN_0443,18.51569507342463,66.96046881165864,50,15.164225346217712,34.67678345528334,2026-05-19
SYN_0443,18.51569507342463,66.96046881165864,75,12.615532557356886,34.52372284658718,2026-05-19
SYN_0443,18.51569507342463,66.96046881165864,100,10.829877191980538,34.3162530179198,2026-05-19
SYN_0443,18.51569507342463,66.96046881165864,150,9.15075192645171,34.39727690281486,2026-05-19
SYN_0443,18.51569507342463,66.96046881165864,200,8.449494963898129,34.43558868803257,2026-05-19
SYN_0444,8.496738309324224,71.77171943883147,0,27.821371298800447,35.15644982254698,2026-03-20
SYN_0444,8.496738309324224,71.77171943883147,10,24.078749453656318,35.06722201539789,2026-03-20
SYN_0444,8.496738309324224,71.77171943883147,25,19.972266301787766,34.85361131381937,2026-03-20
SYN_0444,8.496738309324224,71.77171943883147,50,15.288579198979273,34.67118904573184,2026-03-20
SYN_0444,8.496738309324224,71.77171943883147,75,12.072549603043909,34.736703887479926,2026-03-20
SYN_0444,8.496738309324224,71.77171943883147,100,10.551083897225814,34.68116039998271,2026-03-20
SYN_0444,8.496738309324224,71.77171943883147,150,8.891123061972584,34.50536373849999,2026-03-20
SYN_0444,8.496738309324224,71.77171943883147,200,8.337054072802681,34.560586898756725,2026-03-20
SYN_0445,5.856746423779969,78.5158192725597,0,27.44084247547943,35.28073802281701,2026-03-12
SYN_0445,5.856746423779969,78.5158192725597,10,23.960231364598975,35.049650542285235,2026-03-12
SYN_0445,5.856746423779969,78.5158192725597,25,19.801662710821,34.86525644764053,2026-03-12
SYN_0445,5.856746423779969,78.5158192725597,50,14.832311909123435,34.90977393984595,2026-03-12
SYN_0445,5.856746423779969,78.5158192725597,75,12.099815810923774,34.721955421416176,2026-03-12
SYN_0445,5.856746423779969,78.5158192725597,100,10.175534496177294,34.75057961959013,2026-03-12
SYN_0445,5.856746423779969,78.5158192725597,150,8.406701546890655,34.79618055218834,2026-03-12
SYN_0445,5.856746423779969,78.5158192725597,200,7.881842989901582,34.66094801842398,2026-03-12
SYN_0446,16.7244142305449,83.38508493052623,0,27.904664790009722,35.091320908311744,2026-05-20
SYN_0446,16.7244142305449,83.38508493052623,10,24.387628671318662,34.70005938230012,2026-05-20
SYN_0446,16.7244142305449,83.38508493052623,25,19.83028702517173,34.8997781969508,2026-05-20
SYN_0446,16.7244142305449,83.38508493052623,50,15.128349052725563,34.695968650653285,2026-05-20
SYN_0446,16.7244142305449,83.38508493052623,75,12.622014003053105,34.4660884935333,2026-05-20
SYN_0446,16.7244142305449,83.38508493052623,100,10.732395330396475,34.517114672873305,2026-05-20
SYN_0446,16.7244142305449,83.38508493052623,150,9.036704830708212,34.39600293191181,2026-05-20
SYN_0446,16.7244142305449,83.38508493052623,200,8.281559647154909,34.579283823568446,2026-05-20
SYN_0447,7.551824785747543,73.654098292531,0,27.88698657621131,35.02882233609814,2026-06-06
SYN_0447,7.551824785747543,73.654098292531,10,23.95993496123969,35.118025799103954,2026-06-06
SYN_0447,7.551824785747543,73.654098292531,25,20.033463222616223,34.75006912586921,2026-06-06
SYN_0447,7.551824785747543,73.654098292531,50,14.909074089916986,34.79952607306164,2026-06-06
SYN_0447,7.551824785747543,73.654098292531,75,11.868328462894663,34.86941353703386,2026-06-06
SYN_0447,7.551824785747543,73.654098292531,100,10.283201385665272,34.704564293714874,2026-06-06
SYN_0447,7.551824785747543,73.654098292531,150,8.319084509917664,34.87160994290341,2026-06-06
SYN_0447,7.551824785747543,73.654098292531,200,8.116387633041523,34.68179383261182,2026-06-06
SYN_0448,12.76786360767774,75.06409340149928,0,28.412138167164176,34.70061861967543,2026-04-30
SYN_0448,12.76786360767774,75.06409340149928,10,24.978434297211344,34.48180204128047,2026-04-30
SYN_0448,12.76786360767774,75.06409340149928,25,20.51773722836888,34.498088374997046,2026-04-30
SYN_0448,12.76786360767774,75.06409340149928,50,15.785154720147121,34.3525467359629,2026-04-30
SYN_0448,12.76786360767774,75.06409340149928,75,12.8034553274317,34.424284766202646,2026-04-30
SYN_0448,12.76786360767774,75.06409340149928,100,11.02675757681136,34.29524964486519,2026-04-30
SYN_0448,12.76786360767774,75.06409340149928,150,9.628828539015807,34.219105291618256,2026-04-30
SYN_0448,12.76786360767774,75.06409340149928,200,8.911077309338543,34.24929237924467,2026-04-30
SYN_0449,23.784369897553702,76.59966640904167,0,27.35851862984942,35.266167068160264,2026-02-12
SYN_0449,23.784369897553702,76.59966640904167,10,23.902151448518946,35.11299264681795,2026-02-12
SYN_0449,23.784369897553702,76.59966640904167,25,19.82227265738238,34.88741462477635,2026-02-12
SYN_0449,23.784369897553702,76.59966640904167,50,15.035427523024117,34.69657042262158,2026-02-12
SYN_0449,23.784369897553702,76.59966640904167,75,11.999636737300815,34.794520969334386,2026-02-12
SYN_0449,23.784369897553702,76.59966640904167,100,10.29781981053885,34.75118801908462,2026-02-12
SYN_0449,23.784369897553702,76.59966640904167,150,8.45584554483607,34.677710784115455,2026-02-12
SYN_0449,23.784369897553702,76.59966640904167,200,8.03461969424674,34.60053367366636,2026-02-12
SYN_0450,9.624738747820725,83.32730213484791,0,28.108638575347452,34.92277274589661,2026-03-10
SYN_0450,9.624738747820725,83.32730213484791,10,24.441084934863955,34.82085259097509,2026-03-10
SYN_0450,9.624738747820725,83.32730213484791,25,19.72074547525629,34.99011237421558,2026-03-10
SYN_0450,9.624738747820725,83.32730213484791,50,15.269195119918052,34.651228671178814,2026-03-10
SYN_0450,9.624738747820725,83.32730213484791,75,12.265889755181298,34.694181190109724,2026-03-10
SYN_0450,9.624738747820725,83.32730213484791,100,10.707661841079917,34.519620218032124,2026-03-10
SYN_0450,9.624738747820725,83.32730213484791,150,9.147764517052783,34.396407917929395,2026-03-10
SYN_0450,9.624738747820725,83.32730213484791,200,8.167068169471392,34.637313582465644,2026-03-10
SYN_0451,13.767617942818632,65.33725740164209,0,27.423664203309038,35.315273557187425,2026-04-25
SYN_0451,13.767617942818632,65.33725740164209,10,24.327314787239356,34.934728577850294,2026-04-25
SYN_0451,13.767617942818632,65.33725740164209,25,19.840159261425583,34.86543565206642,2026-04-25
SYN_0451,13.767617942818632,65.33725740164209,50,14.991532749853992,34.751063192833485,2026-04-25
SYN_0451,13.767617942818632,65.33725740164209,75,12.211464398116277,34.62544621991545,2026-04-25
SYN_0451,13.767617942818632,65.33725740164209,100,10.575248362258572,34.63262797441368,2026-04-25
SYN_0451,13.767617942818632,65.33725740164209,150,8.953441272868654,34.47222114654932,2026-04-25
SYN_0451,13.767617942818632,65.33725740164209,200,8.471662676620463,34.36843312931903,2026-04-25
SYN_0452,17.11350444346344,72.31057593814558,0,28.26389658553105,34.85591838416312,2026-05-14
SYN_0452,17.11350444346344,72.31057593814558,10,24.852624072123355,34.52888166754596,2026-05-14
SYN_0452,17.11350444346344,72.31057593814558,25,20.3961568384477,34.59721145987093,2026-05-14
SYN_0452,17.11350444346344,72.31057593814558,50,15.647051256293933,34.4138246281057,2026-05-14
SYN_0452,17.11350444346344,72.31057593814558,75,12.933307993450699,34.34438396274304,2026-05-14
SYN_0452,17.11350444346344,72.31057593814558,100,11.125360763729677,34.2836409705179,2026-05-14
SYN_0452,17.11350444346344,72.31057593814558,150,9.363155176549618,34.32635916305097,2026-05-14
SYN_0452,17.11350444346344,72.31057593814558,200,8.6044237748632,34.38527516516264,2026-05-14
SYN_0453,15.27044153824967,77.19040622619849,0,28.491305408935485,34.787727621859965,2026-04-23
SYN_0453,15.27044153824967,77.19040622619849,10,24.7397815513901,34.760772015448595,2026-04-23
SYN_0453,15.27044153824967,77.19040622619849,25,20.481770314612046,34.49130034776528,2026-04-23
SYN_0453,15.27044153824967,77.19040622619849,50,15.762158864419751,34.38261627660312,2026-04-23
SYN_0453,15.27044153824967,77.19040622619849,75,12.960362064546102,34.30416274377953,2026-04-23
SYN_0453,15.27044153824967,77.19040622619849,100,11.088685285796325,34.29843614430593,2026-04-23
SYN_0453,15.27044153824967,77.19040622619849,150,9.317715419060665,34.27899461896709,2026-04-23
SYN_0453,15.27044153824967,77.19040622619849,200,8.932875037656064,34.30220791994618,2026-04-23
SYN_0454,13.604570068041642,73.1397617758025,0,28.069155649984026,34.83849370803642,2026-02-22
SYN_0454,13.604570068041642,73.1397617758025,10,24.60777623354988,34.738466438491066,2026-02-22
SYN_0454,13.604570068041642,73.1397617758025,25,20.34811348938854,34.58087268826793,2026-02-22
SYN_0454,13.604570068041642,73.1397617758025,50,15.778433901092926,34.36098648426302,2026-02-22
SYN_0454,13.604570068041642,73.1397617758025,75,12.872917239629402,34.28736465200342,2026-02-22
SYN_0454,13.604570068041642,73.1397617758025,100,11.255116018358578,34.151530260998506,2026-02-22
SYN_0454,13.604570068041642,73.1397617758025,150,9.283859336808,34.344838179241776,2026-02-22
SYN_0454,13.604570068041642,73.1397617758025,200,8.666672057923398,34.440608569971026,2026-02-22
SYN_0455,15.217047299275958,69.28232486825871,0,28.016071065091367,34.9587975512787,2026-05-11
SYN_0455,15.217047299275958,69.28232486825871,10,24.603800805777446,34.67313266892344,2026-05-11
SYN_0455,15.217047299275958,69.28232486825871,25,20.618965452083213,34.40665502239157,2026-05-11
SYN_0455,15.217047299275958,69.28232486825871,50,15.169506337576912,34.673432279696236,2026-05-11
SYN_0455,15.217047299275958,69.28232486825871,75,12.808756008224583,34.37183428319816,2026-05-11
SYN_0455,15.217047299275958,69.28232486825871,100,11.282288699858437,34.31566071348241,2026-05-11
SYN_0455,15.217047299275958,69.28232486825871,150,8.957910087670943,34.501977042514014,2026-05-11
SYN_0455,15.217047299275958,69.28232486825871,200,8.635861278133813,34.306802389749635,2026-05-11
SYN_0456,23.347239701305533,74.27463471862642,0,27.548417203415397,35.146901078029316,2026-01-08
SYN_0456,23.347239701305533,74.27463471862642,10,23.547581848897373,35.401071792978925,2026-01-08
SYN_0456,23.347239701305533,74.27463471862642,25,19.58458867332412,35.03062936974885,2026-01-08
SYN_0456,23.347239701305533,74.27463471862642,50,14.681453984943499,34.9364587340719,2026-01-08
SYN_0456,23.347239701305533,74.27463471862642,75,12.271077336013171,34.661691938267616,2026-01-08
SYN_0456,23.347239701305533,74.27463471862642,100,10.521417921978458,34.668629659362324,2026-01-08
SYN_0456,23.347239701305533,74.27463471862642,150,8.769189618205825,34.725885363624506,2026-01-08
SYN_0456,23.347239701305533,74.27463471862642,200,7.848466882250228,34.7309248051415,2026-01-08
SYN_0457,17.331756761424927,69.67696738170956,0,28.09337246994685,34.98995622151018,2026-01-19
SYN_0457,17.331756761424927,69.67696738170956,10,24.43391917379387,34.84721881065708,2026-01-19
SYN_0457,17.331756761424927,69.67696738170956,25,20.222990798354104,34.71372379467876,2026-01-19
SYN_0457,17.331756761424927,69.67696738170956,50,15.180307826148924,34.6025284784563,2026-01-19
SYN_0457,17.331756761424927,69.67696738170956,75,12.653013944216369,34.41489773212532,2026-01-19
SYN_0457,17.331756761424927,69.67696738170956,100,10.808715290534055,34.465891281178116,2026-01-19
SYN_0457,17.331756761424927,69.67696738170956,150,9.061317384527348,34.51390954110363,2026-01-19
SYN_0457,17.331756761424927,69.67696738170956,200,8.47842345221955,34.47513454238658,2026-01-19
SYN_0458,18.834914252218013,66.30343991794415,0,28.27171813914498,34.8635271037524,2026-03-10
SYN_0458,18.834914252218013,66.30343991794415,10,24.243535939834594,34.85746133818107,2026-03-10
SYN_0458,18.834914252218013,66.30343991794415,25,20.07354343115378,34.77950542644067,2026-03-10
SYN_0458,18.834914252218013,66.30343991794415,50,15.371952968253082,34.57040441027259,2026-03-10
SYN_0458,18.834914252218013,66.30343991794415,75,12.59925502178629,34.50795606202505,2026-03-10
SYN_0458,18.834914252218013,66.30343991794415,100,10.685661913414723,34.45320111885241,2026-03-10
SYN_0458,18.834914252218013,66.30343991794415,150,9.01045982291525,34.49546279312255,2026-03-10
SYN_0458,18.834914252218013,66.30343991794415,200,8.577130345190424,34.43152933315426,2026-03-10
SYN_0459,15.503515798684482,81.69475909553935,0,28.0361892448187,34.91381548440333,2026-03-08
SYN_0459,15.503515798684482,81.69475909553935,10,24.34097968088747,34.87223006307244,2026-03-08
SYN_0459,15.503515798684482,81.69475909553935,25,20.200990135702003,34.6413109188945,2026-03-08
SYN_0459,15.503515798684482,81.69475909553935,50,15.380498316367149,34.554206696522805,2026-03-08
SYN_0459,15.503515798684482,81.69475909553935,75,12.388224808909438,34.5795685011925,2026-03-08
SYN_0459,15.503515798684482,81.69475909553935,100,10.895756723973014,34.360445675811995,2026-03-08
SYN_0459,15.503515798684482,81.69475909553935,150,9.041884138770193,34.58192283674414,2026-03-08
SYN_0459,15.503515798684482,81.69475909553935,200,8.465725020723589,34.452753165277144,2026-03-08
SYN_0460,21.517268420846378,70.29396755422013,0,27.830902287032636,35.08014162269908,2026-03-11
SYN_0460,21.517268420846378,70.29396755422013,10,24.049710428128222,35.06556679891788,2026-03-11
SYN_0460,21.517268420846378,70.29396755422013,25,20.163327370709414,34.631051415900934,2026-03-11
SYN_0460,21.517268420846378,70.29396755422013,50,15.564250593318267,34.542490559958466,2026-03-11
SYN_0460,21.517268420846378,70.29396755422013,75,12.399618575680876,34.61578672021235,2026-03-11
SYN_0460,21.517268420846378,70.29396755422013,100,10.676671361440354,34.57359528433198,2026-03-11
SYN_0460,21.517268420846378,70.29396755422013,150,8.825147766586364,34.60776842567297,2026-03-11
SYN_0460,21.517268420846378,70.29396755422013,200,8.288953974195195,34.517778710752715,2026-03-11
SYN_0461,16.05993165377843,70.71835151724426,0,28.2931315127323,34.951418442731644,2026-06-04
SYN_0461,16.05993165377843,70.71835151724426,10,24.517253016007803,34.80539928049231,2026-06-04
SYN_0461,16.05993165377843,70.71835151724426,25,20.516613170677353,34.522156303658186,2026-06-04
SYN_0461,16.05993165377843,70.71835151724426,50,15.511888147708763,34.566791200814635,2026-06-04
SYN_0461,16.05993165377843,70.71835151724426,75,12.501264320450485,34.54007995802838,2026-06-04
SYN_0461,16.05993165377843,70.71835151724426,100,11.008971817218361,34.401752536565766,2026-06-04
SYN_0461,16.05993165377843,70.71835151724426,150,9.390020496958062,34.29066899424047,2026-06-04
SYN_0461,16.05993165377843,70.71835151724426,200,8.325487050782938,34.50790715542342,2026-06-04
SYN_0462,11.442251919382763,78.72839787995284,0,28.15247031433236,34.86900514622964,2026-02-19
SYN_0462,11.442251919382763,78.72839787995284,10,24.53742324341902,34.747913433280075,2026-02-19
SYN_0462,11.442251919382763,78.72839787995284,25,20.423025620249263,34.49072431273859,2026-02-19
SYN_0462,11.442251919382763,78.72839787995284,50,15.557463634298863,34.49722428827246,2026-02-19
SYN_0462,11.442251919382763,78.72839787995284,75,12.753898173991642,34.43061671248776,2026-02-19
SYN_0462,11.442251919382763,78.72839787995284,100,10.913199242365367,34.44087648350402,2026-02-19
SYN_0462,11.442251919382763,78.72839787995284,150,9.126234598229278,34.43796035314215,2026-02-19
SYN_0462,11.442251919382763,78.72839787995284,200,8.324413565140066,34.53476562724409,2026-02-19
SYN_0463,22.88671217517059,69.62528599298226,0,27.962736233746625,34.99524200992788,2026-03-13
SYN_0463,22.88671217517059,69.62528599298226,10,24.235355346797526,34.901037539543914,2026-03-13
SYN_0463,22.88671217517059,69.62528599298226,25,19.98173888561333,34.860076731909224,2026-03-13
SYN_0463,22.88671217517059,69.62528599298226,50,15.335196114543377,34.672032129795056,2026-03-13
SYN_0463,22.88671217517059,69.62528599298226,75,12.177218516158439,34.69377682965173,2026-03-13
SYN_0463,22.88671217517059,69.62528599298226,100,10.659768089647216,34.54440298596505,2026-03-13
SYN_0463,22.88671217517059,69.62528599298226,150,8.681179464992232,34.68606425144984,2026-03-13
SYN_0463,22.88671217517059,69.62528599298226,200,8.448353157986592,34.507778845624166,2026-03-13
SYN_0464,21.301479813652197,82.07100455916634,0,27.93274864514804,35.12514411389476,2026-04-30
SYN_0464,21.301479813652197,82.07100455916634,10,24.540848430247557,34.73870914022108,2026-04-30
SYN_0464,21.301479813652197,82.07100455916634,25,20.402375866120252,34.55097197183997,2026-04-30
SYN_0464,21.301479813652197,82.07100455916634,50,15.10496963788951,34.81653492242327,2026-04-30
SYN_0464,21.301479813652197,82.07100455916634,75,12.524682603408387,34.517572660066556,2026-04-30
SYN_0464,21.301479813652197,82.07100455916634,100,10.679679450526507,34.57363429731124,2026-04-30
SYN_0464,21.301479813652197,82.07100455916634,150,9.038056984451666,34.55391304817842,2026-04-30
SYN_0464,21.301479813652197,82.07100455916634,200,8.543548790987176,34.34344764218338,2026-04-30
SYN_0465,5.694457361873044,78.81230400301654,0,27.575976658123516,35.327095413540775,2026-06-05
SYN_0465,5.694457361873044,78.81230400301654,10,24.139898210468857,34.95598402998822,2026-06-05
SYN_0465,5.694457361873044,78.81230400301654,25,19.70855800798384,34.960781366607335,2026-06-05
SYN_0465,5.694457361873044,78.81230400301654,50,15.231916635331066,34.804536209964425,2026-06-05
SYN_0465,5.694457361873044,78.81230400301654,75,12.001184483595354,34.794395575338314,2026-06-05
SYN_0465,5.694457361873044,78.81230400301654,100,10.495022260870861,34.558820483786036,2026-06-05
SYN_0465,5.694457361873044,78.81230400301654,150,8.659746946648855,34.58716598296394,2026-06-05
SYN_0465,5.694457361873044,78.81230400301654,200,8.101812257524523,34.69170377983432,2026-06-05
SYN_0466,17.87267576239241,69.87434264335053,0,28.173276456855547,34.90777200429731,2026-03-11
SYN_0466,17.87267576239241,69.87434264335053,10,24.55773897832559,34.843401955855825,2026-03-11
SYN_0466,17.87267576239241,69.87434264335053,25,20.184604542500807,34.66102809955349,2026-03-11
SYN_0466,17.87267576239241,69.87434264335053,50,15.447642615482597,34.452382955153766,2026-03-11
SYN_0466,17.87267576239241,69.87434264335053,75,12.666196612105752,34.48377323432898,2026-03-11
SYN_0466,17.87267576239241,69.87434264335053,100,11.2295382223564,34.221847664729275,2026-03-11
SYN_0466,17.87267576239241,69.87434264335053,150,9.197602834713521,34.31863956071037,2026-03-11
SYN_0466,17.87267576239241,69.87434264335053,200,8.484520571728059,34.48111831285024,2026-03-11
SYN_0467,17.67744892104158,82.20574529629098,0,27.812331092123664,35.06167212445352,2026-06-13
SYN_0467,17.67744892104158,82.20574529629098,10,24.215848625584243,35.033096860337864,2026-06-13
SYN_0467,17.67744892104158,82.20574529629098,25,20.06370238528532,34.84527911682107,2026-06-13
SYN_0467,17.67744892104158,82.20574529629098,50,15.527039110733142,34.50110381971266,2026-06-13
SYN_0467,17.67744892104158,82.20574529629098,75,12.396534265954847,34.53840334687076,2026-06-13
SYN_0467,17.67744892104158,82.20574529629098,100,10.695432353735852,34.6345146081903,2026-06-13
SYN_0467,17.67744892104158,82.20574529629098,150,9.260944611900594,34.25933334200661,2026-06-13
SYN_0467,17.67744892104158,82.20574529629098,200,8.084432025964022,34.57853113602216,2026-06-13
SYN_0468,15.627966139926443,70.47168535628741,0,28.414783479673787,34.69362854637048,2026-05-18
SYN_0468,15.627966139926443,70.47168535628741,10,24.822964207361785,34.64781449916765,2026-05-18
SYN_0468,15.627966139926443,70.47168535628741,25,20.159615748022983,34.68450879010329,2026-05-18
SYN_0468,15.627966139926443,70.47168535628741,50,15.510227532104569,34.525272693932315,2026-05-18
SYN_0468,15.627966139926443,70.47168535628741,75,12.893792966238665,34.2076516714303,2026-05-18
SYN_0468,15.627966139926443,70.47168535628741,100,10.980237295313827,34.40967983793471,2026-05-18
SYN_0468,15.627966139926443,70.47168535628741,150,9.37260774355154,34.295764888303964,2026-05-18
SYN_0468,15.627966139926443,70.47168535628741,200,8.5612011528402,34.4416018357732,2026-05-18
SYN_0469,19.582065671897524,70.03816530734844,0,27.71846964224362,35.17811892669412,2026-05-13
SYN_0469,19.582065671897524,70.03816530734844,10,24.488285162657146,34.888619822548826,2026-05-13
SYN_0469,19.582065671897524,70.03816530734844,25,20.322903091425914,34.638495152837976,2026-05-13
SYN_0469,19.582065671897524,70.03816530734844,50,15.419476418054003,34.56033272714574,2026-05-13
SYN_0469,19.582065671897524,70.03816530734844,75,12.198073970148394,34.69247057844847,2026-05-13
SYN_0469,19.582065671897524,70.03816530734844,100,10.393482399249837,34.62660006138602,2026-05-13
SYN_0469,19.582065671897524,70.03816530734844,150,8.86748192995219,34.68520112967803,2026-05-13
SYN_0469,19.582065671897524,70.03816530734844,200,8.402183744392296,34.44247375938566,2026-05-13
SYN_0470,17.29249565358831,75.99106746572795,0,28.63500689101091,34.67088478142837,2026-03-22
SYN_0470,17.29249565358831,75.99106746572795,10,24.941109751688717,34.57842493800732,2026-03-22
SYN_0470,17.29249565358831,75.99106746572795,25,20.751908099445597,34.31130045735359,2026-03-22
SYN_0470,17.29249565358831,75.99106746572795,50,15.687955997696077,34.38113767591291,2026-03-22
SYN_0470,17.29249565358831,75.99106746572795,75,12.691907655936713,34.431608711921356,2026-03-22
SYN_0470,17.29249565358831,75.99106746572795,100,10.990477591697266,34.380672402176856,2026-03-22
SYN_0470,17.29249565358831,75.99106746572795,150,9.518661490617546,34.21086469991005,2026-03-22
SYN_0470,17.29249565358831,75.99106746572795,200,8.667986916883248,34.31720426765263,2026-03-22
SYN_0471,19.46068861701591,72.86492929584075,0,28.16338843827938,34.90829494753572,2026-06-13
SYN_0471,19.46068861701591,72.86492929584075,10,24.135175356648958,34.98317696949387,2026-06-13
SYN_0471,19.46068861701591,72.86492929584075,25,20.158374761537516,34.661601393786306,2026-06-13
SYN_0471,19.46068861701591,72.86492929584075,50,15.664174924203017,34.40513705218061,2026-06-13
SYN_0471,19.46068861701591,72.86492929584075,75,12.607542933146725,34.54417603167996,2026-06-13
SYN_0471,19.46068861701591,72.86492929584075,100,10.699815905654512,34.52993525864102,2026-06-13
SYN_0471,19.46068861701591,72.86492929584075,150,9.008096409885177,34.44944799815639,2026-06-13
SYN_0471,19.46068861701591,72.86492929584075,200,8.189268785288837,34.63237788801393,2026-06-13
SYN_0472,7.3408296537688695,65.32117645360228,0,28.165826977753483,34.979174723603776,2026-02-23
SYN_0472,7.3408296537688695,65.32117645360228,10,24.61238062409651,34.78629621450138,2026-02-23
SYN_0472,7.3408296537688695,65.32117645360228,25,20.486330198669346,34.497679622512045,2026-02-23
SYN_0472,7.3408296537688695,65.32117645360228,50,15.59905791916383,34.486309278633925,2026-02-23
SYN_0472,7.3408296537688695,65.32117645360228,75,12.616452174105207,34.48171134474234,2026-02-23
SYN_0472,7.3408296537688695,65.32117645360228,100,10.749316219827724,34.531363955357584,2026-02-23
SYN_0472,7.3408296537688695,65.32117645360228,150,9.005740684080338,34.46429370323994,2026-02-23
SYN_0472,7.3408296537688695,65.32117645360228,200,8.52276192595325,34.481695134797654,2026-02-23
SYN_0473,20.78180303192827,71.82144319140139,0,28.07019092935845,34.98042531755011,2026-03-22
SYN_0473,20.78180303192827,71.82144319140139,10,24.115135926130403,35.02327178957982,2026-03-22
SYN_0473,20.78180303192827,71.82144319140139,25,20.05525899785473,34.702360271253035,2026-03-22
SYN_0473,20.78180303192827,71.82144319140139,50,15.378523950370788,34.6606210815467,2026-03-22
SYN_0473,20.78180303192827,71.82144319140139,75,12.41431581357215,34.53845960610904,2026-03-22
SYN_0473,20.78180303192827,71.82144319140139,100,10.778852896876144,34.509991740335536,2026-03-22
SYN_0473,20.78180303192827,71.82144319140139,150,8.632514043618459,34.699403589114404,2026-03-22
SYN_0473,20.78180303192827,71.82144319140139,200,8.172209817639482,34.67207972026953,2026-03-22
SYN_0474,23.22858617676402,70.54645883922156,0,27.602946316346294,35.223068012034155,2026-03-19
SYN_0474,23.22858617676402,70.54645883922156,10,24.32943872898368,34.90533177863423,2026-03-19
SYN_0474,23.22858617676402,70.54645883922156,25,19.85317339835148,34.85572997133069,2026-03-19
SYN_0474,23.22858617676402,70.54645883922156,50,15.206563464724708,34.615664915726335,2026-03-19
SYN_0474,23.22858617676402,70.54645883922156,75,12.358488109846142,34.58124127659372,2026-03-19
SYN_0474,23.22858617676402,70.54645883922156,100,10.424939911441875,34.58446238830566,2026-03-19
SYN_0474,23.22858617676402,70.54645883922156,150,8.874018881801518,34.69028174757886,2026-03-19
SYN_0474,23.22858617676402,70.54645883922156,200,7.67556691246043,34.83735861503037,2026-03-19
SYN_0475,10.045831785226415,73.01388863185565,0,27.95457381000368,34.96450861551923,2026-02-06
SYN_0475,10.045831785226415,73.01388863185565,10,24.46748808995931,34.81222449332576,2026-02-06
SYN_0475,10.045831785226415,73.01388863185565,25,20.304660400883744,34.64717470259467,2026-02-06
SYN_0475,10.045831785226415,73.01388863185565,50,15.2190981518838,34.575136809294364,2026-02-06
SYN_0475,10.045831785226415,73.01388863185565,75,12.612434444635637,34.509360527024675,2026-02-06
SYN_0475,10.045831785226415,73.01388863185565,100,10.61726936113479,34.624606137901495,2026-02-06
SYN_0475,10.045831785226415,73.01388863185565,150,8.767733436618094,34.61269906445292,2026-02-06
SYN_0475,10.045831785226415,73.01388863185565,200,8.410130515716181,34.46691601324981,2026-02-06
SYN_0476,8.269117166678166,71.85859218796367,0,28.21356492960332,34.93755533084648,2026-06-23
SYN_0476,8.269117166678166,71.85859218796367,10,23.95680990813309,35.05737303678419,2026-06-23
SYN_0476,8.269117166678166,71.85859218796367,25,19.983927178983024,34.86065706532285,2026-06-23
SYN_0476,8.269117166678166,71.85859218796367,50,14.852342760933853,34.84545943099106,2026-06-23
SYN_0476,8.269117166678166,71.85859218796367,75,12.172105697969386,34.64552277285443,2026-06-23
SYN_0476,8.269117166678166,71.85859218796367,100,10.5604255263887,34.62028392551867,2026-06-23
SYN_0476,8.269117166678166,71.85859218796367,150,8.76572564317364,34.530414121777746,2026-06-23
SYN_0476,8.269117166678166,71.85859218796367,200,8.100435117196085,34.61174383561064,2026-06-23
SYN_0477,7.118126723495557,77.3832004932541,0,27.44989333297871,35.275456671481194,2026-05-14
SYN_0477,7.118126723495557,77.3832004932541,10,23.860929435517885,35.04254750749477,2026-05-14
SYN_0477,7.118126723495557,77.3832004932541,25,19.74313801045551,34.890173427886005,2026-05-14
SYN_0477,7.118126723495557,77.3832004932541,50,14.84439862301972,34.829291870980036,2026-05-14
SYN_0477,7.118126723495557,77.3832004932541,75,12.018083107440912,34.67970392348616,2026-05-14
SYN_0477,7.118126723495557,77.3832004932541,100,10.206720751477846,34.78118626812391,2026-05-14
SYN_0477,7.118126723495557,77.3832004932541,150,8.400062325974142,34.83915914272022,2026-05-14
SYN_0477,7.118126723495557,77.3832004932541,200,8.230584000477686,34.566061892324136,2026-05-14
SYN_0478,23.96489071444937,67.31609778694815,0,27.882661467763324,35.03008914228619,2026-02-22
SYN_0478,23.96489071444937,67.31609778694815,10,24.44426414510157,34.791672889386305,2026-02-22
SYN_0478,23.96489071444937,67.31609778694815,25,20.2151704053833,34.63050891233027,2026-02-22
SYN_0478,23.96489071444937,67.31609778694815,50,15.2246488084172,34.68796705764717,2026-02-22
SYN_0478,23.96489071444937,67.31609778694815,75,12.7998852792823,34.36783489420194,2026-02-22
SYN_0478,23.96489071444937,67.31609778694815,100,10.660849828949448,34.56391774731233,2026-02-22
SYN_0478,23.96489071444937,67.31609778694815,150,9.02196527103549,34.54291101234004,2026-02-22
SYN_0478,23.96489071444937,67.31609778694815,200,8.226640796214953,34.53508489095944,2026-02-22
SYN_0479,24.13223708327717,79.90145229182977,0,27.726641300162814,35.253611896946325,2026-06-09
SYN_0479,24.13223708327717,79.90145229182977,10,24.241029246397297,34.92019748493116,2026-06-09
SYN_0479,24.13223708327717,79.90145229182977,25,19.897874317830464,34.83465076526269,2026-06-09
SYN_0479,24.13223708327717,79.90145229182977,50,15.266252352635227,34.6832530223777,2026-06-09
SYN_0479,24.13223708327717,79.90145229182977,75,11.98283096101947,34.782731923305626,2026-06-09
SYN_0479,24.13223708327717,79.90145229182977,100,10.32444602362289,34.70272419630697,2026-06-09
SYN_0479,24.13223708327717,79.90145229182977,150,8.589414917829354,34.72113085826684,2026-06-09
SYN_0479,24.13223708327717,79.90145229182977,200,8.117165124576184,34.650748472929614,2026-06-09
SYN_0480,18.927516997411317,67.20886253882303,0,28.25527639302194,34.84714312239096,2026-02-25
SYN_0480,18.927516997411317,67.20886253882303,10,24.347033711098845,34.83624774538723,2026-02-25
SYN_0480,18.927516997411317,67.20886253882303,25,20.165631471373743,34.62209448946413,2026-02-25
SYN_0480,18.927516997411317,67.20886253882303,50,15.207401541021488,34.68026581710733,2026-02-25
SYN_0480,18.927516997411317,67.20886253882303,75,12.364538479847932,34.633338666181096,2026-02-25
SYN_0480,18.927516997411317,67.20886253882303,100,10.781408984832755,34.46629876514708,2026-02-25
SYN_0480,18.927516997411317,67.20886253882303,150,9.1605478963766,34.51035024554279,2026-02-25
SYN_0480,18.927516997411317,67.20886253882303,200,8.464173393078159,34.460572721357345,2026-02-25
SYN_0481,10.134881748691157,77.22498745667454,0,27.76065704273197,35.11400373892865,2026-04-25
SYN_0481,10.134881748691157,77.22498745667454,10,24.336961246418404,34.86847292786705,2026-04-25
SYN_0481,10.134881748691157,77.22498745667454,25,20.332560404589135,34.64870579821366,2026-04-25
SYN_0481,10.134881748691157,77.22498745667454,50,15.554701007860498,34.50595818949208,2026-04-25
SYN_0481,10.134881748691157,77.22498745667454,75,12.539903366573085,34.536769953489326,2026-04-25
SYN_0481,10.134881748691157,77.22498745667454,100,10.68517021755948,34.607949703111665,2026-04-25
SYN_0481,10.134881748691157,77.22498745667454,150,8.818600050662438,34.650553379827365,2026-04-25
SYN_0481,10.134881748691157,77.22498745667454,200,8.33197628066089,34.52427564929833,2026-04-25
SYN_0482,15.843398208914296,65.3460024548194,0,28.139755412040973,34.9511665176761,2026-01-29
SYN_0482,15.843398208914296,65.3460024548194,10,24.26357887479106,34.96686490603117,2026-01-29
SYN_0482,15.843398208914296,65.3460024548194,25,19.94304158775555,34.788810952346964,2026-01-29
SYN_0482,15.843398208914296,65.3460024548194,50,14.992708601474753,34.748122411558015,2026-01-29
SYN_0482,15.843398208914296,65.3460024548194,75,12.273140818756053,34.641599631476915,2026-01-29
SYN_0482,15.843398208914296,65.3460024548194,100,10.476065602344473,34.64522187629559,2026-01-29
SYN_0482,15.843398208914296,65.3460024548194,150,9.093109868793473,34.54377773795899,2026-01-29
SYN_0482,15.843398208914296,65.3460024548194,200,8.058286913697609,34.63337988589497,2026-01-29
SYN_0483,18.03825213465904,70.81158457809325,0,28.22239998192436,34.913906965502875,2026-01-13
SYN_0483,18.03825213465904,70.81158457809325,10,24.53902173973008,34.726743012636845,2026-01-13
SYN_0483,18.03825213465904,70.81158457809325,25,20.31447659920641,34.62413494830949,2026-01-13
SYN_0483,18.03825213465904,70.81158457809325,50,15.597477089568184,34.46187888455519,2026-01-13
SYN_0483,18.03825213465904,70.81158457809325,75,12.929773286833825,34.4065375275119,2026-01-13
SYN_0483,18.03825213465904,70.81158457809325,100,10.932063876547302,34.32140385074301,2026-01-13
SYN_0483,18.03825213465904,70.81158457809325,150,9.061354854631826,34.46782465206823,2026-01-13
SYN_0483,18.03825213465904,70.81158457809325,200,8.580467779227593,34.32393648984905,2026-01-13
SYN_0484,17.03340043527188,77.17143448612033,0,28.434231440588178,34.849110009560334,2026-05-23
SYN_0484,17.03340043527188,77.17143448612033,10,24.431534145679585,34.84782960172512,2026-05-23
SYN_0484,17.03340043527188,77.17143448612033,25,20.310289361253016,34.64303737905639,2026-05-23
SYN_0484,17.03340043527188,77.17143448612033,50,15.787323642492854,34.40104544130146,2026-05-23
SYN_0484,17.03340043527188,77.17143448612033,75,12.637678073021027,34.470902170135666,2026-05-23
SYN_0484,17.03340043527188,77.17143448612033,100,11.013348917073667,34.34619719740146,2026-05-23
SYN_0484,17.03340043527188,77.17143448612033,150,9.22792846276432,34.37374739335887,2026-05-23
SYN_0484,17.03340043527188,77.17143448612033,200,8.820223464010724,34.28834753399456,2026-05-23
SYN_0485,20.497305350022152,75.79411030653262,0,28.12883815928044,34.97064370233195,2026-03-16
SYN_0485,20.497305350022152,75.79411030653262,10,24.337165939909276,34.892931568291054,2026-03-16
SYN_0485,20.497305350022152,75.79411030653262,25,20.217200034182476,34.53485766267148,2026-03-16
SYN_0485,20.497305350022152,75.79411030653262,50,15.459708120449303,34.47518475622709,2026-03-16
SYN_0485,20.497305350022152,75.79411030653262,75,12.280584203070378,34.61361183600162,2026-03-16
SYN_0485,20.497305350022152,75.79411030653262,100,10.744820957840147,34.39706155672546,2026-03-16
SYN_0485,20.497305350022152,75.79411030653262,150,9.15145740607989,34.447958090047884,2026-03-16
SYN_0485,20.497305350022152,75.79411030653262,200,8.687448546850229,34.32295617585556,2026-03-16
SYN_0486,15.020411440312502,77.0872294992241,0,28.257081166388375,34.768061452438175,2026-04-07
SYN_0486,15.020411440312502,77.0872294992241,10,24.98094979400536,34.609859866860454,2026-04-07
SYN_0486,15.020411440312502,77.0872294992241,25,20.53687738409139,34.47136215950312,2026-04-07
SYN_0486,15.020411440312502,77.0872294992241,50,15.75099547098334,34.48323158019151,2026-04-07
SYN_0486,15.020411440312502,77.0872294992241,75,12.886471487856527,34.41696192394454,2026-04-07
SYN_0486,15.020411440312502,77.0872294992241,100,11.02826587329977,34.2799403825104,2026-04-07
SYN_0486,15.020411440312502,77.0872294992241,150,9.462323621329364,34.33169830137584,2026-04-07
SYN_0486,15.020411440312502,77.0872294992241,200,8.75539081775981,34.27846156047771,2026-04-07
SYN_0487,15.640693736667801,68.53108384485681,0,28.13467205454837,34.9821486602556,2026-04-19
SYN_0487,15.640693736667801,68.53108384485681,10,24.684624947703597,34.761634122442295,2026-04-19
SYN_0487,15.640693736667801,68.53108384485681,25,20.317278123139335,34.63614461052403,2026-04-19
SYN_0487,15.640693736667801,68.53108384485681,50,15.586596414855036,34.51779022249194,2026-04-19
SYN_0487,15.640693736667801,68.53108384485681,75,12.563153929298682,34.47826444334455,2026-04-19
SYN_0487,15.640693736667801,68.53108384485681,100,11.015591632770668,34.4223153605788,2026-04-19
SYN_0487,15.640693736667801,68.53108384485681,150,9.003009516175686,34.48177035711208,2026-04-19
SYN_0487,15.640693736667801,68.53108384485681,200,8.3973044943496,34.57827021354327,2026-04-19
SYN_0488,20.931818727952887,82.22889869131576,0,27.780983091573322,35.19150628830477,2026-03-05
SYN_0488,20.931818727952887,82.22889869131576,10,24.49127094362618,34.72720964399139,2026-03-05
SYN_0488,20.931818727952887,82.22889869131576,25,20.173151131539377,34.712383896512854,2026-03-05
SYN_0488,20.931818727952887,82.22889869131576,50,15.436764687934817,34.498323846364144,2026-03-05
SYN_0488,20.931818727952887,82.22889869131576,75,12.47552916733588,34.54616315133806,2026-03-05
SYN_0488,20.931818727952887,82.22889869131576,100,10.501083020517449,34.55475833117557,2026-03-05
SYN_0488,20.931818727952887,82.22889869131576,150,8.911229314989168,34.58700787517036,2026-03-05
SYN_0488,20.931818727952887,82.22889869131576,200,8.330570684511704,34.411851402646256,2026-03-05
SYN_0489,12.19947036353339,65.32072800061292,0,27.828721028389797,35.08982104593456,2026-05-05
SYN_0489,12.19947036353339,65.32072800061292,10,24.13266136151407,35.026854684954124,2026-05-05
SYN_0489,12.19947036353339,65.32072800061292,25,19.97981804766608,34.71518237006477,2026-05-05
SYN_0489,12.19947036353339,65.32072800061292,50,15.184501098854714,34.67574282488559,2026-05-05
SYN_0489,12.19947036353339,65.32072800061292,75,12.13090330734374,34.69955187870812,2026-05-05
SYN_0489,12.19947036353339,65.32072800061292,100,10.493262134099648,34.673242437321626,2026-05-05
SYN_0489,12.19947036353339,65.32072800061292,150,8.579275471235457,34.697280891811324,2026-05-05
SYN_0489,12.19947036353339,65.32072800061292,200,8.260606420152406,34.56041222986061,2026-05-05
SYN_0490,9.756412945529839,73.57990221280329,0,27.95283331987734,35.109858108170215,2026-06-02
SYN_0490,9.756412945529839,73.57990221280329,10,24.109278278125334,35.00749056091128,2026-06-02
SYN_0490,9.756412945529839,73.57990221280329,25,20.004517817499924,34.728072131764044,2026-06-02
SYN_0490,9.756412945529839,73.57990221280329,50,15.305577286598663,34.681002038352204,2026-06-02
SYN_0490,9.756412945529839,73.57990221280329,75,12.56580938547618,34.56584457119381,2026-06-02
SYN_0490,9.756412945529839,73.57990221280329,100,10.759605677543364,34.47134391863951,2026-06-02
SYN_0490,9.756412945529839,73.57990221280329,150,9.123911047716886,34.469256185089876,2026-06-02
SYN_0490,9.756412945529839,73.57990221280329,200,8.174164471055416,34.56556021241038,2026-06-02
SYN_0491,10.872243301294995,77.15817895213883,0,28.176529335169125,34.91640825700376,2026-01-13
SYN_0491,10.872243301294995,77.15817895213883,10,24.401878826039454,34.90839612369309,2026-01-13
SYN_0491,10.872243301294995,77.15817895213883,25,20.320145081801193,34.663563534274715,2026-01-13
SYN_0491,10.872243301294995,77.15817895213883,50,15.855076963583013,34.35727015535257,2026-01-13
SYN_0491,10.872243301294995,77.15817895213883,75,12.333879126420252,34.71129103773655,2026-01-13
SYN_0491,10.872243301294995,77.15817895213883,100,10.87610781824056,34.38339733402289,2026-01-13
SYN_0491,10.872243301294995,77.15817895213883,150,9.291282054707075,34.4069762655084,2026-01-13
SYN_0491,10.872243301294995,77.15817895213883,200,8.537846248567941,34.4671186062607,2026-01-13
SYN_0492,18.653970095516737,72.85615433905078,0,28.067509650163082,34.94776492185668,2026-04-26
SYN_0492,18.653970095516737,72.85615433905078,10,24.41379546781124,34.829089845686354,2026-04-26
SYN_0492,18.653970095516737,72.85615433905078,25,20.1992531434541,34.75645189074357,2026-04-26
SYN_0492,18.653970095516737,72.85615433905078,50,15.935593818329002,34.30633447409453,2026-04-26
SYN_0492,18.653970095516737,72.85615433905078,75,12.702139984366184,34.44281586440948,2026-04-26
SYN_0492,18.653970095516737,72.85615433905078,100,10.754321388649467,34.43922330778514,2026-04-26
SYN_0492,18.653970095516737,72.85615433905078,150,9.520813974492397,34.2695951040775,2026-04-26
SYN_0492,18.653970095516737,72.85615433905078,200,8.466325539232033,34.44153744431904,2026-04-26
SYN_0493,20.370002147255555,68.37402057880487,0,28.16805472520325,34.9140327016763,2026-03-09
SYN_0493,20.370002147255555,68.37402057880487,10,24.295251520629666,34.928400193064085,2026-03-09
SYN_0493,20.370002147255555,68.37402057880487,25,20.365059660393474,34.56627379097798,2026-03-09
SYN_0493,20.370002147255555,68.37402057880487,50,15.122464607840298,34.71324062577887,2026-03-09
SYN_0493,20.370002147255555,68.37402057880487,75,12.366751411950954,34.583479662865756,2026-03-09
SYN_0493,20.370002147255555,68.37402057880487,100,10.77703480257455,34.48767958318073,2026-03-09
SYN_0493,20.370002147255555,68.37402057880487,150,9.199501074330756,34.399958063442966,2026-03-09
SYN_0493,20.370002147255555,68.37402057880487,200,8.343935784669055,34.400368518650595,2026-03-09
SYN_0494,21.016531528837543,74.21397975492197,0,27.689729950384542,35.06803232771914,2026-04-27
SYN_0494,21.016531528837543,74.21397975492197,10,24.07267598737964,34.99654970562357,2026-04-27
SYN_0494,21.016531528837543,74.21397975492197,25,20.13698568417462,34.705136367593774,2026-04-27
SYN_0494,21.016531528837543,74.21397975492197,50,15.395824476740678,34.62840921311078,2026-04-27
SYN_0494,21.016531528837543,74.21397975492197,75,12.337865543748965,34.57406277962074,2026-04-27
SYN_0494,21.016531528837543,74.21397975492197,100,10.601054521136222,34.54203326606531,2026-04-27
SYN_0494,21.016531528837543,74.21397975492197,150,9.040909418319618,34.58428233497185,2026-04-27
SYN_0494,21.016531528837543,74.21397975492197,200,8.414023847063996,34.44531207169569,2026-04-27
SYN_0495,7.169625151328313,84.22558484734773,0,27.99889956758018,35.02302370096787,2026-06-08
SYN_0495,7.169625151328313,84.22558484734773,10,24.443169161013493,34.826392827981685,2026-06-08
SYN_0495,7.169625151328313,84.22558484734773,25,20.33568515789319,34.53757173762917,2026-06-08
SYN_0495,7.169625151328313,84.22558484734773,50,15.137991582914227,34.68199811004328,2026-06-08
SYN_0495,7.169625151328313,84.22558484734773,75,12.243828469663216,34.655130195709006,2026-06-08
SYN_0495,7.169625151328313,84.22558484734773,100,10.795258259622326,34.37261611243795,2026-06-08
SYN_0495,7.169625151328313,84.22558484734773,150,9.202899220741964,34.382658209245584,2026-06-08
SYN_0495,7.169625151328313,84.22558484734773,200,8.284924247456386,34.54388001696378,2026-06-08
SYN_0496,22.362932974573134,67.08670105738165,0,28.00224089689884,35.001496707783154,2026-04-16
SYN_0496,22.362932974573134,67.08670105738165,10,24.27104007504031,34.850330220717794,2026-04-16
SYN_0496,22.362932974573134,67.08670105738165,25,20.162806800673103,34.797245858540315,2026-04-16
SYN_0496,22.362932974573134,67.08670105738165,50,15.687606058893067,34.455202068582906,2026-04-16
SYN_0496,22.362932974573134,67.08670105738165,75,12.704552803347136,34.40792455789408,2026-04-16
SYN_0496,22.362932974573134,67.08670105738165,100,10.535739359201468,34.5278869609479,2026-04-16
SYN_0496,22.362932974573134,67.08670105738165,150,9.180447973537184,34.50829904553726,2026-04-16
SYN_0496,22.362932974573134,67.08670105738165,200,8.587043528164944,34.455993286704384,2026-04-16
SYN_0497,20.482693174148544,73.05999518107204,0,27.790469639520694,35.03571853722072,2026-03-04
SYN_0497,20.482693174148544,73.05999518107204,10,24.08518097320711,35.03085392971487,2026-03-04
SYN_0497,20.482693174148544,73.05999518107204,25,19.848634167357943,34.85423645121783,2026-03-04
SYN_0497,20.482693174148544,73.05999518107204,50,15.46614306213655,34.450679909002524,2026-03-04
SYN_0497,20.482693174148544,73.05999518107204,75,12.242481602977694,34.66878085234981,2026-03-04
SYN_0497,20.482693174148544,73.05999518107204,100,10.688705376766267,34.58702178632709,2026-03-04
SYN_0497,20.482693174148544,73.05999518107204,150,8.750044855782294,34.59350125767859,2026-03-04
SYN_0497,20.482693174148544,73.05999518107204,200,8.42222532257558,34.38777843077626,2026-03-04
SYN_0498,7.84003637608796,77.96174224216912,0,27.66839518568332,35.18154053523109,2026-02-07
SYN_0498,7.84003637608796,77.96174224216912,10,23.91003887071728,35.08931886855382,2026-02-07
SYN_0498,7.84003637608796,77.96174224216912,25,19.49983008343922,35.08534673228645,2026-02-07
SYN_0498,7.84003637608796,77.96174224216912,50,14.945582778066003,34.8474941516728,2026-02-07
SYN_0498,7.84003637608796,77.96174224216912,75,12.388936007185315,34.59977371035258,2026-02-07
SYN_0498,7.84003637608796,77.96174224216912,100,10.428300076950594,34.68117542859226,2026-02-07
SYN_0498,7.84003637608796,77.96174224216912,150,8.642494447423083,34.71048788959937,2026-02-07
SYN_0498,7.84003637608796,77.96174224216912,200,8.107146683859565,34.68468835566596,2026-02-07
SYN_0499,16.304527623416615,65.11866993492113,0,27.761435894333538,35.15042774831819,2026-04-15
SYN_0499,16.304527623416615,65.11866993492113,10,24.357029639537757,34.900432546769444,2026-04-15
SYN_0499,16.304527623416615,65.11866993492113,25,19.78591574059305,34.954603009286075,2026-04-15
SYN_0499,16.304527623416615,65.11866993492113,50,15.447800636254222,34.531947092376114,2026-04-15
SYN_0499,16.304527623416615,65.11866993492113,75,12.507387899415159,34.521983624017196,2026-04-15
SYN_0499,16.304527623416615,65.11866993492113,100,10.50296776316684,34.68812523737709,2026-04-15
SYN_0499,16.304527623416615,65.11866993492113,150,8.72191027358253,34.65629792063342,2026-04-15
SYN_0499,16.304527623416615,65.11866993492113,200,8.079808379093654,34.65553780724674,2026-04-15
SYN_0500,12.899208552206975,75.34550805346532,0,28.679467370127494,34.751379876272416,2026-04-17
SYN_0500,12.899208552206975,75.34550805346532,10,24.932769336851276,34.5448743785304,2026-04-17
SYN_0500,12.899208552206975,75.34550805346532,25,20.39882002758269,34.646020893485534,2026-04-17
SYN_0500,12.899208552206975,75.34550805346532,50,16.12641058952515,34.198561663994,2026-04-17
SYN_0500,12.899208552206975,75.34550805346532,75,13.034130778559746,34.259048134978094,2026-04-17
SYN_0500,12.899208552206975,75.34550805346532,100,11.33218864259309,34.198498671998514,2026-04-17
SYN_0500,12.899208552206975,75.34550805346532,150,9.073482193136758,34.45714615737489,2026-04-17
SYN_0500,12.899208552206975,75.34550805346532,200,8.623336546475313,34.32173167261628,2026-04-17
SYN_0501,13.826222247769204,71.28334825583927,0,28.30414994728138,34.887223731302576,2026-05-31
SYN_0501,13.826222247769204,71.28334825583927,10,24.687490711906303,34.774861846720015,2026-05-31
SYN_0501,13.826222247769204,71.28334825583927,25,20.478044674647172,34.580936305447494,2026-05-31
SYN_0501,13.826222247769204,71.28334825583927,50,16.03593940913275,34.256690796705705,2026-05-31
SYN_0501,13.826222247769204,71.28334825583927,75,12.980633207476261,34.32777526370863,2026-05-31
SYN_0501,13.826222247769204,71.28334825583927,100,11.055032528722895,34.268466138130904,2026-05-31
SYN_0501,13.826222247769204,71.28334825583927,150,9.361244105678301,34.342812246291174,2026-05-31
SYN_0501,13.826222247769204,71.28334825583927,200,8.59506367558872,34.316896542322105,2026-05-31
SYN_0502,18.638103329215433,77.67705801767084,0,28.45034687615943,34.814173410206664,2026-04-11
SYN_0502,18.638103329215433,77.67705801767084,10,24.25455374681842,34.87706478519806,2026-04-11
SYN_0502,18.638103329215433,77.67705801767084,25,20.416447490942826,34.6073759572918,2026-04-11
SYN_0502,18.638103329215433,77.67705801767084,50,15.294396937741395,34.68155064447064,2026-04-11
SYN_0502,18.638103329215433,77.67705801767084,75,12.44430127457293,34.54034720218583,2026-04-11
SYN_0502,18.638103329215433,77.67705801767084,100,10.889465174289363,34.448925016493135,2026-04-11
SYN_0502,18.638103329215433,77.67705801767084,150,9.040573440121507,34.457492124707315,2026-04-11
SYN_0502,18.638103329215433,77.67705801767084,200,8.645884810667349,34.28207122506712,2026-04-11
SYN_0503,8.255057724283276,75.97402511212472,0,27.82959824491604,35.03528411806717,2026-03-22
SYN_0503,8.255057724283276,75.97402511212472,10,24.228998936019728,34.97695368156983,2026-03-22
SYN_0503,8.255057724283276,75.97402511212472,25,20.026891235631425,34.78480598300922,2026-03-22
SYN_0503,8.255057724283276,75.97402511212472,50,15.08199755597677,34.756381271834016,2026-03-22
SYN_0503,8.255057724283276,75.97402511212472,75,12.11941615535876,34.74312175954954,2026-03-22
SYN_0503,8.255057724283276,75.97402511212472,100,10.649815335858174,34.455761321942774,2026-03-22
SYN_0503,8.255057724283276,75.97402511212472,150,8.629243201948675,34.6607369189828,2026-03-22
SYN_0503,8.255057724283276,75.97402511212472,200,7.940905999457463,34.71999648837178,2026-03-22
SYN_0504,7.413769356924808,75.21993583868685,0,27.68803970726901,35.16629379597527,2026-05-29
SYN_0504,7.413769356924808,75.21993583868685,10,23.98983863647008,35.07083678333065,2026-05-29
SYN_0504,7.413769356924808,75.21993583868685,25,19.787565743372205,34.85709946116651,2026-05-29
SYN_0504,7.413769356924808,75.21993583868685,50,14.978517491090845,34.773572206439326,2026-05-29
SYN_0504,7.413769356924808,75.21993583868685,75,12.156484366008582,34.69808651579123,2026-05-29
SYN_0504,7.413769356924808,75.21993583868685,100,10.421596120205836,34.66942612186345,2026-05-29
SYN_0504,7.413769356924808,75.21993583868685,150,8.409526224375092,34.78221893147296,2026-05-29
SYN_0504,7.413769356924808,75.21993583868685,200,7.953000492963591,34.77306117144292,2026-05-29
SYN_0505,7.026709682651939,72.73329113604008,0,27.365785312628603,35.39184389404917,2026-06-14
SYN_0505,7.026709682651939,72.73329113604008,10,23.912967565497837,35.13448839120805,2026-06-14
SYN_0505,7.026709682651939,72.73329113604008,25,19.562367591789393,35.035546365948214,2026-06-14
SYN_0505,7.026709682651939,72.73329113604008,50,15.335148595391033,34.6258549362411,2026-06-14
SYN_0505,7.026709682651939,72.73329113604008,75,11.965457543348004,34.75240316077446,2026-06-14
SYN_0505,7.026709682651939,72.73329113604008,100,10.524977329424615,34.60959966007827,2026-06-14
SYN_0505,7.026709682651939,72.73329113604008,150,8.85414850518657,34.45624219747452,2026-06-14
SYN_0505,7.026709682651939,72.73329113604008,200,8.020443154602754,34.69532354706866,2026-06-14
SYN_0506,10.079327966244442,69.6018158408008,0,28.011347844745888,35.020802349843464,2026-02-16
SYN_0506,10.079327966244442,69.6018158408008,10,24.24052785972448,34.935377297638695,2026-02-16
SYN_0506,10.079327966244442,69.6018158408008,25,20.059317323577346,34.7318739247231,2026-02-16
SYN_0506,10.079327966244442,69.6018158408008,50,15.360938456922868,34.53290870059425,2026-02-16
SYN_0506,10.079327966244442,69.6018158408008,75,12.413932473912137,34.56065253672672,2026-02-16
SYN_0506,10.079327966244442,69.6018158408008,100,10.764255405583915,34.49754296658368,2026-02-16
SYN_0506,10.079327966244442,69.6018158408008,150,8.709676437646406,34.66121595577915,2026-02-16
SYN_0506,10.079327966244442,69.6018158408008,200,8.456474089692893,34.506630410261934,2026-02-16
SYN_0507,8.257165832756554,79.6864681643705,0,27.771731722259325,35.08803636059655,2026-03-22
SYN_0507,8.257165832756554,79.6864681643705,10,24.06808166544294,35.06112503837064,2026-03-22
SYN_0507,8.257165832756554,79.6864681643705,25,19.803221062347674,34.83967060142052,2026-03-22
SYN_0507,8.257165832756554,79.6864681643705,50,15.142557546552455,34.7553268324105,2026-03-22
SYN_0507,8.257165832756554,79.6864681643705,75,11.977577208364853,34.77409647985588,2026-03-22
SYN_0507,8.257165832756554,79.6864681643705,100,10.54236769810569,34.56863292166312,2026-03-22
SYN_0507,8.257165832756554,79.6864681643705,150,8.880154690904272,34.55992079601971,2026-03-22
SYN_0507,8.257165832756554,79.6864681643705,200,8.12297259719184,34.59797712370706,2026-03-22
SYN_0508,22.79202790248789,83.23366008659471,0,28.260333790701253,34.79527483388693,2026-01-30
SYN_0508,22.79202790248789,83.23366008659471,10,24.607640447555443,34.688787096584065,2026-01-30
SYN_0508,22.79202790248789,83.23366008659471,25,20.02866125332646,34.78867161558794,2026-01-30
SYN_0508,22.79202790248789,83.23366008659471,50,15.918823538416765,34.351043852575,2026-01-30
SYN_0508,22.79202790248789,83.23366008659471,75,12.665835384971539,34.48064121219476,2026-01-30
SYN_0508,22.79202790248789,83.23366008659471,100,10.716641638802745,34.492481779023315,2026-01-30
SYN_0508,22.79202790248789,83.23366008659471,150,8.883769307416342,34.531278720478426,2026-01-30
SYN_0508,22.79202790248789,83.23366008659471,200,8.336271834579545,34.48831149059359,2026-01-30
SYN_0509,17.38367557035702,69.9207045242846,0,28.19782752664974,34.84521852094466,2026-02-04
SYN_0509,17.38367557035702,69.9207045242846,10,24.731398786747977,34.79843988309712,2026-02-04
SYN_0509,17.38367557035702,69.9207045242846,25,20.309610154273813,34.642581461182225,2026-02-04
SYN_0509,17.38367557035702,69.9207045242846,50,15.404595077180035,34.6158488645707,2026-02-04
SYN_0509,17.38367557035702,69.9207045242846,75,12.858228944066425,34.458794022004,2026-02-04
SYN_0509,17.38367557035702,69.9207045242846,100,10.721948874836858,34.580909030267826,2026-02-04
SYN_0509,17.38367557035702,69.9207045242846,150,9.199991901836539,34.480405636662844,2026-02-04
SYN_0509,17.38367557035702,69.9207045242846,200,8.361228101029576,34.5328919225237,2026-02-04
SYN_0510,11.651921687919348,67.1759169276191,0,28.071397700719082,34.90097420819321,2026-04-24
SYN_0510,11.651921687919348,67.1759169276191,10,24.038519924122745,35.0680159965978,2026-04-24
SYN_0510,11.651921687919348,67.1759169276191,25,20.08267786708765,34.804912278698424,2026-04-24
SYN_0510,11.651921687919348,67.1759169276191,50,15.355529597688152,34.612443853659336,2026-04-24
SYN_0510,11.651921687919348,67.1759169276191,75,12.584527672656,34.5151368245039,2026-04-24
SYN_0510,11.651921687919348,67.1759169276191,100,10.62991634774817,34.51557545047335,2026-04-24
SYN_0510,11.651921687919348,67.1759169276191,150,8.926164865779546,34.48193114030771,2026-04-24
SYN_0510,11.651921687919348,67.1759169276191,200,8.229139725236724,34.57678365423652,2026-04-24
SYN_0511,9.075876705998434,65.62217168374832,0,27.929537669938487,35.00985332864974,2026-04-06
SYN_0511,9.075876705998434,65.62217168374832,10,24.220054654864775,35.03644740997554,2026-04-06
SYN_0511,9.075876705998434,65.62217168374832,25,20.15610217112618,34.7236078778019,2026-04-06
SYN_0511,9.075876705998434,65.62217168374832,50,15.258795937838785,34.70959848146825,2026-04-06
SYN_0511,9.075876705998434,65.62217168374832,75,12.72401080534026,34.38155677971601,2026-04-06
SYN_0511,9.075876705998434,65.62217168374832,100,10.873504257340876,34.471457523701744,2026-04-06
SYN_0511,9.075876705998434,65.62217168374832,150,9.184242876527485,34.41008245946788,2026-04-06
SYN_0511,9.075876705998434,65.62217168374832,200,8.39725580111363,34.51273613376788,2026-04-06
SYN_0512,10.797909841027424,75.63642723283886,0,28.13423003613242,34.89725724923454,2026-05-01
SYN_0512,10.797909841027424,75.63642723283886,10,24.612416956901807,34.789752861398384,2026-05-01
SYN_0512,10.797909841027424,75.63642723283886,25,20.27710926626704,34.68552852925761,2026-05-01
SYN_0512,10.797909841027424,75.63642723283886,50,15.524562543333415,34.53166102143799,2026-05-01
SYN_0512,10.797909841027424,75.63642723283886,75,12.739037339422877,34.3492544614992,2026-05-01
SYN_0512,10.797909841027424,75.63642723283886,100,10.819102289938936,34.498130289712314,2026-05-01
SYN_0512,10.797909841027424,75.63642723283886,150,9.058176337109678,34.49100067366967,2026-05-01
SYN_0512,10.797909841027424,75.63642723283886,200,8.457109059658794,34.41897390201976,2026-05-01
SYN_0513,15.547870281756943,68.39640691791469,0,27.977534873133322,34.96001792915796,2026-05-09
SYN_0513,15.547870281756943,68.39640691791469,10,24.466655629978447,34.71782389760594,2026-05-09
SYN_0513,15.547870281756943,68.39640691791469,25,20.394959515454985,34.57681891165584,2026-05-09
SYN_0513,15.547870281756943,68.39640691791469,50,15.364800016386436,34.59637807533969,2026-05-09
SYN_0513,15.547870281756943,68.39640691791469,75,12.53640637884138,34.496643922387186,2026-05-09
SYN_0513,15.547870281756943,68.39640691791469,100,10.72939656254847,34.45199374645864,2026-05-09
SYN_0513,15.547870281756943,68.39640691791469,150,9.183310023965749,34.36251948684668,2026-05-09
SYN_0513,15.547870281756943,68.39640691791469,200,8.461651661614267,34.52308705209915,2026-05-09
SYN_0514,9.555208061865766,67.03674683199598,0,28.25412850911975,34.97822856265829,2026-05-20
SYN_0514,9.555208061865766,67.03674683199598,10,24.463701026996873,34.82220255638802,2026-05-20
SYN_0514,9.555208061865766,67.03674683199598,25,20.23119183464822,34.591705638535664,2026-05-20
SYN_0514,9.555208061865766,67.03674683199598,50,15.06645435260963,34.70482221796263,2026-05-20
SYN_0514,9.555208061865766,67.03674683199598,75,12.510779359343635,34.51950010590121,2026-05-20
SYN_0514,9.555208061865766,67.03674683199598,100,10.419175670533656,34.642973879744375,2026-05-20
SYN_0514,9.555208061865766,67.03674683199598,150,8.866714448201112,34.597861364468315,2026-05-20
SYN_0514,9.555208061865766,67.03674683199598,200,8.316337874879322,34.42127030606287,2026-05-20
SYN_0515,7.972482609398099,73.09994077753896,0,27.66929965396475,35.27173445602382,2026-05-14
SYN_0515,7.972482609398099,73.09994077753896,10,24.11226041018485,35.01189688956285,2026-05-14
SYN_0515,7.972482609398099,73.09994077753896,25,19.981852294571155,34.73998509404314,2026-05-14
SYN_0515,7.972482609398099,73.09994077753896,50,14.936700960921934,34.78842777400463,2026-05-14
SYN_0515,7.972482609398099,73.09994077753896,75,12.360615673658305,34.552330255421445,2026-05-14
SYN_0515,7.972482609398099,73.09994077753896,100,10.312311884153434,34.6845835831724,2026-05-14
SYN_0515,7.972482609398099,73.09994077753896,150,8.78092618154064,34.57152116312571,2026-05-14
SYN_0515,7.972482609398099,73.09994077753896,200,8.116627068947414,34.653162962401225,2026-05-14
SYN_0516,23.063050224045863,72.95755558950991,0,27.828265943522087,35.12424841635232,2026-02-09
SYN_0516,23.063050224045863,72.95755558950991,10,23.898499786507852,35.12871354141033,2026-02-09
SYN_0516,23.063050224045863,72.95755558950991,25,19.76520892543967,34.8035705521407,2026-02-09
SYN_0516,23.063050224045863,72.95755558950991,50,14.96206688438498,34.71481799527274,2026-02-09
SYN_0516,23.063050224045863,72.95755558950991,75,12.14253278648781,34.62777075088776,2026-02-09
SYN_0516,23.063050224045863,72.95755558950991,100,10.602135702464428,34.47560896797318,2026-02-09
SYN_0516,23.063050224045863,72.95755558950991,150,8.668958218116389,34.73751095133428,2026-02-09
SYN_0516,23.063050224045863,72.95755558950991,200,8.061892976548766,34.64101362224546,2026-02-09
SYN_0517,8.544447666129393,70.84694848430303,0,27.69480336965139,35.166997092270016,2026-01-17
SYN_0517,8.544447666129393,70.84694848430303,10,24.19435331978587,34.937875447868336,2026-01-17
SYN_0517,8.544447666129393,70.84694848430303,25,19.945696684214646,34.789497189229195,2026-01-17
SYN_0517,8.544447666129393,70.84694848430303,50,15.036795330254082,34.72831848540581,2026-01-17
SYN_0517,8.544447666129393,70.84694848430303,75,12.06005018583814,34.62438331545939,2026-01-17
SYN_0517,8.544447666129393,70.84694848430303,100,10.509684717169163,34.61621362516467,2026-01-17
SYN_0517,8.544447666129393,70.84694848430303,150,8.569877848853269,34.706097572947584,2026-01-17
SYN_0517,8.544447666129393,70.84694848430303,200,8.183633676733526,34.52308094409459,2026-01-17
SYN_0518,10.30023572967335,65.73577833437662,0,28.11607751318955,35.019892644258725,2026-02-11
SYN_0518,10.30023572967335,65.73577833437662,10,24.48586771747755,34.77686758409387,2026-02-11
SYN_0518,10.30023572967335,65.73577833437662,25,20.19308982871859,34.68770257747565,2026-02-11
SYN_0518,10.30023572967335,65.73577833437662,50,15.584524441047371,34.48469032620582,2026-02-11
SYN_0518,10.30023572967335,65.73577833437662,75,12.662740918080889,34.430247594239006,2026-02-11
SYN_0518,10.30023572967335,65.73577833437662,100,10.635017769287845,34.557947933185574,2026-02-11
SYN_0518,10.30023572967335,65.73577833437662,150,9.00836227358509,34.41230763073687,2026-02-11
SYN_0518,10.30023572967335,65.73577833437662,200,8.231861265086783,34.611125631109346,2026-02-11
SYN_0519,19.660635618917972,77.20516910380462,0,28.20328398483832,34.94290364388436,2026-05-24
SYN_0519,19.660635618917972,77.20516910380462,10,24.41283168737109,34.8042493998726,2026-05-24
SYN_0519,19.660635618917972,77.20516910380462,25,20.214833517866047,34.70903597912936,2026-05-24
SYN_0519,19.660635618917972,77.20516910380462,50,15.080354602553749,34.794578776107244,2026-05-24
SYN_0519,19.660635618917972,77.20516910380462,75,12.350712363792054,34.70906225815637,2026-05-24
SYN_0519,19.660635618917972,77.20516910380462,100,10.787697203687935,34.4114469299803,2026-05-24
SYN_0519,19.660635618917972,77.20516910380462,150,8.5542216584046,34.77566994659747,2026-05-24
SYN_0519,19.660635618917972,77.20516910380462,200,8.490405172093329,34.49524596734849,2026-05-24
SYN_0520,19.329738712047373,65.85605272136213,0,28.121598280686317,34.90434639669794,2026-04-27
SYN_0520,19.329738712047373,65.85605272136213,10,24.493678572555712,34.85088294791243,2026-04-27
SYN_0520,19.329738712047373,65.85605272136213,25,20.033699090110087,34.75244684470932,2026-04-27
SYN_0520,19.329738712047373,65.85605272136213,50,15.200679002922476,34.639806419678855,2026-04-27
SYN_0520,19.329738712047373,65.85605272136213,75,12.335471912523907,34.62596276757241,2026-04-27
SYN_0520,19.329738712047373,65.85605272136213,100,10.816265481159176,34.432472859434796,2026-04-27
SYN_0520,19.329738712047373,65.85605272136213,150,8.87685038853914,34.60708259003918,2026-04-27
SYN_0520,19.329738712047373,65.85605272136213,200,8.437755222889452,34.4365575448367,2026-04-27
SYN_0521,7.973757894041265,74.72640454498053,0,27.440639741557494,35.330753034422024,2026-06-26
SYN_0521,7.973757894041265,74.72640454498053,10,24.194603578767133,35.00412036806515,2026-06-26
SYN_0521,7.973757894041265,74.72640454498053,25,19.545889277859533,35.006046429464384,2026-06-26
SYN_0521,7.973757894041265,74.72640454498053,50,14.923642629396472,34.74928991474334,2026-06-26
SYN_0521,7.973757894041265,74.72640454498053,75,12.118335654849007,34.59429778187539,2026-06-26
SYN_0521,7.973757894041265,74.72640454498053,100,10.735423801236367,34.533789788096385,2026-06-26
SYN_0521,7.973757894041265,74.72640454498053,150,8.692092487050921,34.63414412025206,2026-06-26
SYN_0521,7.973757894041265,74.72640454498053,200,8.066135464424107,34.60867255205604,2026-06-26
SYN_0522,13.123440258229719,77.12354611563535,0,28.46387140386066,34.816882286488905,2026-05-06
SYN_0522,13.123440258229719,77.12354611563535,10,24.45010082718847,34.69450534875562,2026-05-06
SYN_0522,13.123440258229719,77.12354611563535,25,20.482163738588483,34.516725929443844,2026-05-06
SYN_0522,13.123440258229719,77.12354611563535,50,15.514776580855795,34.50892070817375,2026-05-06
SYN_0522,13.123440258229719,77.12354611563535,75,12.805032194213945,34.43703207486037,2026-05-06
SYN_0522,13.123440258229719,77.12354611563535,100,11.16381035222926,34.292797682267484,2026-05-06
SYN_0522,13.123440258229719,77.12354611563535,150,9.088744103508201,34.34418947248595,2026-05-06
SYN_0522,13.123440258229719,77.12354611563535,200,8.616914151166476,34.44857962593596,2026-05-06
SYN_0523,24.225959482658855,71.51296973012676,0,27.604526346219487,35.23300682838896,2026-05-23
SYN_0523,24.225959482658855,71.51296973012676,10,23.819484547706647,35.13918936202511,2026-05-23
SYN_0523,24.225959482658855,71.51296973012676,25,19.6203908089359,34.885860991256244,2026-05-23
SYN_0523,24.225959482658855,71.51296973012676,50,15.012209273059604,34.837498222501644,2026-05-23
SYN_0523,24.225959482658855,71.51296973012676,75,12.262917471422252,34.59370197433616,2026-05-23
SYN_0523,24.225959482658855,71.51296973012676,100,10.06880318936778,34.826491051270345,2026-05-23
SYN_0523,24.225959482658855,71.51296973012676,150,8.797879293860621,34.618404029216926,2026-05-23
SYN_0523,24.225959482658855,71.51296973012676,200,8.17922416607024,34.59921739525809,2026-05-23
SYN_0524,21.994814562907507,81.24264211606078,0,28.27373886863654,34.77027072012434,2026-05-15
SYN_0524,21.994814562907507,81.24264211606078,10,24.331068601970326,34.91899544617592,2026-05-15
SYN_0524,21.994814562907507,81.24264211606078,25,19.978344210381884,34.721492638866394,2026-05-15
SYN_0524,21.994814562907507,81.24264211606078,50,15.110770621610794,34.71325224289164,2026-05-15
SYN_0524,21.994814562907507,81.24264211606078,75,12.207748619612032,34.658522050647434,2026-05-15
SYN_0524,21.994814562907507,81.24264211606078,100,10.819744411368244,34.4083626565409,2026-05-15
SYN_0524,21.994814562907507,81.24264211606078,150,9.005639128197458,34.50068964031282,2026-05-15
SYN_0524,21.994814562907507,81.24264211606078,200,8.143627888540777,34.650901861175264,2026-05-15
SYN_0525,17.678064540962247,77.86547987620592,0,27.93016023766749,35.051151868223585,2026-03-25
SYN_0525,17.678064540962247,77.86547987620592,10,24.535078278132488,34.787539361642935,2026-03-25
SYN_0525,17.678064540962247,77.86547987620592,25,20.431835507736288,34.62471287198223,2026-03-25
SYN_0525,17.678064540962247,77.86547987620592,50,15.29402412589782,34.68502103477349,2026-03-25
SYN_0525,17.678064540962247,77.86547987620592,75,12.588589115673322,34.49484631252941,2026-03-25
SYN_0525,17.678064540962247,77.86547987620592,100,10.857998310785497,34.377911451886334,2026-03-25
SYN_0525,17.678064540962247,77.86547987620592,150,9.17703742290731,34.41844011948132,2026-03-25
SYN_0525,17.678064540962247,77.86547987620592,200,8.756273823128936,34.41161097434152,2026-03-25
SYN_0526,6.769114813710731,79.59007652858767,0,27.855628624054717,35.07905038174011,2026-02-17
SYN_0526,6.769114813710731,79.59007652858767,10,24.04089425047457,35.019298356552625,2026-02-17
SYN_0526,6.769114813710731,79.59007652858767,25,19.9629315910225,34.810005713142296,2026-02-17
SYN_0526,6.769114813710731,79.59007652858767,50,15.237607861413487,34.726976830363455,2026-02-17
SYN_0526,6.769114813710731,79.59007652858767,75,12.23146058297784,34.63813054190854,2026-02-17
SYN_0526,6.769114813710731,79.59007652858767,100,10.413484083164354,34.722200770843514,2026-02-17
SYN_0526,6.769114813710731,79.59007652858767,150,8.895598437048456,34.54945986668597,2026-02-17
SYN_0526,6.769114813710731,79.59007652858767,200,8.216199498537394,34.59984428947219,2026-02-17
SYN_0527,21.973758537658657,68.38431800278983,0,27.785013475734395,35.104946148179636,2026-03-13
SYN_0527,21.973758537658657,68.38431800278983,10,24.316552072297,34.84731000551268,2026-03-13
SYN_0527,21.973758537658657,68.38431800278983,25,19.659850629031293,34.94612137915099,2026-03-13
SYN_0527,21.973758537658657,68.38431800278983,50,15.180923908458151,34.74889768204571,2026-03-13
SYN_0527,21.973758537658657,68.38431800278983,75,12.68950493286443,34.508783821577495,2026-03-13
SYN_0527,21.973758537658657,68.38431800278983,100,10.73609175336763,34.48315912781413,2026-03-13
SYN_0527,21.973758537658657,68.38431800278983,150,8.670309543066304,34.70483169100045,2026-03-13
SYN_0527,21.973758537658657,68.38431800278983,200,8.444465032129843,34.477741813348736,2026-03-13
SYN_0528,19.926123389752185,74.9375478337359,0,27.99534502456588,34.958628611103656,2026-06-14
SYN_0528,19.926123389752185,74.9375478337359,10,24.431337719948626,34.761627233318855,2026-06-14
SYN_0528,19.926123389752185,74.9375478337359,25,20.002097776477385,34.733288339826686,2026-06-14
SYN_0528,19.926123389752185,74.9375478337359,50,15.288917365854012,34.672422929501614,2026-06-14
SYN_0528,19.926123389752185,74.9375478337359,75,12.598361589245211,34.49395465532938,2026-06-14
SYN_0528,19.926123389752185,74.9375478337359,100,10.566626285896444,34.582373578504296,2026-06-14
SYN_0528,19.926123389752185,74.9375478337359,150,8.954959641127864,34.57585555288529,2026-06-14
SYN_0528,19.926123389752185,74.9375478337359,200,8.452568479835318,34.427899793198584,2026-06-14
SYN_0529,18.613971921611533,75.85866774785924,0,28.329799611731293,34.90143832491209,2026-01-31
SYN_0529,18.613971921611533,75.85866774785924,10,24.38429104422467,34.87393135387016,2026-01-31
SYN_0529,18.613971921611533,75.85866774785924,25,20.34877866201092,34.52509135517605,2026-01-31
SYN_0529,18.613971921611533,75.85866774785924,50,15.703278862447211,34.40581021999845,2026-01-31
SYN_0529,18.613971921611533,75.85866774785924,75,12.95699752996709,34.28450146848946,2026-01-31
SYN_0529,18.613971921611533,75.85866774785924,100,10.929172138034835,34.41848070320202,2026-01-31
SYN_0529,18.613971921611533,75.85866774785924,150,9.25039009470254,34.31654133757771,2026-01-31
SYN_0529,18.613971921611533,75.85866774785924,200,8.37954608967225,34.49681801525679,2026-01-31
SYN_0530,12.96902608492378,83.85296216865501,0,27.994536783104458,34.91196306896294,2026-04-01
SYN_0530,12.96902608492378,83.85296216865501,10,24.070177742087274,34.94756588530783,2026-04-01
SYN_0530,12.96902608492378,83.85296216865501,25,19.971775226184757,34.83838756278557,2026-04-01
SYN_0530,12.96902608492378,83.85296216865501,50,15.0901145257817,34.699137894328175,2026-04-01
SYN_0530,12.96902608492378,83.85296216865501,75,12.490915074720599,34.533568223095386,2026-04-01
SYN_0530,12.96902608492378,83.85296216865501,100,10.478937449187207,34.75077067891311,2026-04-01
SYN_0530,12.96902608492378,83.85296216865501,150,8.977462189255005,34.61855021231738,2026-04-01
SYN_0530,12.96902608492378,83.85296216865501,200,8.525118280238651,34.38684933463052,2026-04-01
SYN_0531,14.023825611076791,71.67199161684555,0,28.440974218905456,34.732196441867906,2026-05-08
SYN_0531,14.023825611076791,71.67199161684555,10,24.56046634721159,34.81180846423588,2026-05-08
SYN_0531,14.023825611076791,71.67199161684555,25,20.479598564900932,34.52087986739842,2026-05-08
SYN_0531,14.023825611076791,71.67199161684555,50,15.718086947541073,34.31869398094541,2026-05-08
SYN_0531,14.023825611076791,71.67199161684555,75,12.493228788223137,34.56493871720364,2026-05-08
SYN_0531,14.023825611076791,71.67199161684555,100,11.086971110374439,34.34342471361189,2026-05-08
SYN_0531,14.023825611076791,71.67199161684555,150,9.491019433073761,34.287635418916416,2026-05-08
SYN_0531,14.023825611076791,71.67199161684555,200,8.663366354141978,34.3380977822045,2026-05-08
SYN_0532,13.782088948139348,77.2983448483212,0,28.341344291223685,34.85502544234273,2026-05-29
SYN_0532,13.782088948139348,77.2983448483212,10,24.981488961181515,34.45084942215689,2026-05-29
SYN_0532,13.782088948139348,77.2983448483212,25,20.78418458984676,34.39119590852,2026-05-29
SYN_0532,13.782088948139348,77.2983448483212,50,15.860871127390137,34.38270315999794,2026-05-29
SYN_0532,13.782088948139348,77.2983448483212,75,12.912539584405046,34.31259870165958,2026-05-29
SYN_0532,13.782088948139348,77.2983448483212,100,11.201609884984093,34.2910372542986,2026-05-29
SYN_0532,13.782088948139348,77.2983448483212,150,9.315940644891153,34.38237927579447,2026-05-29
SYN_0532,13.782088948139348,77.2983448483212,200,8.816242921055858,34.1944350742375,2026-05-29
SYN_0533,8.515450200949214,77.62273792415597,0,27.891349176588502,35.00258086077129,2026-05-07
SYN_0533,8.515450200949214,77.62273792415597,10,24.235001637987477,34.910212252509936,2026-05-07
SYN_0533,8.515450200949214,77.62273792415597,25,19.750011895145306,34.90362485651379,2026-05-07
SYN_0533,8.515450200949214,77.62273792415597,50,15.246481145354508,34.668706115962486,2026-05-07
SYN_0533,8.515450200949214,77.62273792415597,75,12.146406577942475,34.736381364284846,2026-05-07
SYN_0533,8.515450200949214,77.62273792415597,100,10.432699944497061,34.646082034073245,2026-05-07
SYN_0533,8.515450200949214,77.62273792415597,150,8.870425977881341,34.542353855254774,2026-05-07
SYN_0533,8.515450200949214,77.62273792415597,200,8.022124503768897,34.70760012021333,2026-05-07
SYN_0534,8.673230775637714,65.19907251426729,0,28.213503359342976,34.90636320466203,2026-01-26
SYN_0534,8.673230775637714,65.19907251426729,10,24.299338743478053,34.86450395068048,2026-01-26
SYN_0534,8.673230775637714,65.19907251426729,25,20.164597061174938,34.70692842292604,2026-01-26
SYN_0534,8.673230775637714,65.19907251426729,50,15.59267146671726,34.491962949933246,2026-01-26
SYN_0534,8.673230775637714,65.19907251426729,75,12.760899829041561,34.46054233697162,2026-01-26
SYN_0534,8.673230775637714,65.19907251426729,100,10.786592641351369,34.48328151706969,2026-01-26
SYN_0534,8.673230775637714,65.19907251426729,150,9.163751920057159,34.374788829177184,2026-01-26
SYN_0534,8.673230775637714,65.19907251426729,200,8.484637841492027,34.468013269904546,2026-01-26
SYN_0535,22.08433483427354,84.96590348363813,0,28.2503190023459,34.96888118434084,2026-03-24
SYN_0535,22.08433483427354,84.96590348363813,10,24.8725109846332,34.564315176669666,2026-03-24
SYN_0535,22.08433483427354,84.96590348363813,25,19.892138220346965,34.81691718913266,2026-03-24
SYN_0535,22.08433483427354,84.96590348363813,50,15.575982490894809,34.45869384840691,2026-03-24
SYN_0535,22.08433483427354,84.96590348363813,75,12.689949520119576,34.4036907352395,2026-03-24
SYN_0535,22.08433483427354,84.96590348363813,100,10.783555077338107,34.484378399572606,2026-03-24
SYN_0535,22.08433483427354,84.96590348363813,150,9.161802007092199,34.34944569407192,2026-03-24
SYN_0535,22.08433483427354,84.96590348363813,200,8.681478299589141,34.34550291616943,2026-03-24
SYN_0536,16.45234490628669,83.47668872846728,0,28.075531490097283,34.93343395892659,2026-06-06
SYN_0536,16.45234490628669,83.47668872846728,10,24.396209247364762,34.83566668380665,2026-06-06
SYN_0536,16.45234490628669,83.47668872846728,25,19.97927684751234,34.784784985682954,2026-06-06
SYN_0536,16.45234490628669,83.47668872846728,50,15.490324228561327,34.44414503942512,2026-06-06
SYN_0536,16.45234490628669,83.47668872846728,75,12.281660726565333,34.633995925691956,2026-06-06
SYN_0536,16.45234490628669,83.47668872846728,100,10.518096978154968,34.5505234647462,2026-06-06
SYN_0536,16.45234490628669,83.47668872846728,150,9.059850107416437,34.47596794228404,2026-06-06
SYN_0536,16.45234490628669,83.47668872846728,200,8.120816806984244,34.695591468331536,2026-06-06
SYN_0537,20.639885710221208,68.33132500168813,0,27.874114848440183,35.07399208816736,2026-03-28
SYN_0537,20.639885710221208,68.33132500168813,10,24.44741196027618,34.706309013694856,2026-03-28
SYN_0537,20.639885710221208,68.33132500168813,25,20.123448584155902,34.771458677344654,2026-03-28
SYN_0537,20.639885710221208,68.33132500168813,50,15.385701279577614,34.54831411432451,2026-03-28
SYN_0537,20.639885710221208,68.33132500168813,75,12.52808562336144,34.55212939485545,2026-03-28
SYN_0537,20.639885710221208,68.33132500168813,100,10.69401681725246,34.54583783178464,2026-03-28
SYN_0537,20.639885710221208,68.33132500168813,150,9.158363364137704,34.508852020083836,2026-03-28
SYN_0537,20.639885710221208,68.33132500168813,200,8.399674370215635,34.47280570210502,2026-03-28
SYN_0538,7.305851441115574,71.36062368172924,0,27.716222166549034,35.21290247098886,2026-06-03
SYN_0538,7.305851441115574,71.36062368172924,10,24.03867762316381,35.08214280190351,2026-06-03
SYN_0538,7.305851441115574,71.36062368172924,25,19.890502087566595,34.844242577855276,2026-06-03
SYN_0538,7.305851441115574,71.36062368172924,50,15.068888952833042,34.72940304014559,2026-06-03
SYN_0538,7.305851441115574,71.36062368172924,75,12.159103370828223,34.626374825806494,2026-06-03
SYN_0538,7.305851441115574,71.36062368172924,100,10.628258323896283,34.5430095072278,2026-06-03
SYN_0538,7.305851441115574,71.36062368172924,150,8.602693468385196,34.658294367581654,2026-06-03
SYN_0538,7.305851441115574,71.36062368172924,200,8.019778669155716,34.759391533793384,2026-06-03
SYN_0539,14.074835181886032,82.0287007571495,0,27.9469099702801,34.94175096007273,2026-04-18
SYN_0539,14.074835181886032,82.0287007571495,10,24.504808983972065,34.83690140933991,2026-04-18
SYN_0539,14.074835181886032,82.0287007571495,25,20.213853276949557,34.64099479344526,2026-04-18
SYN_0539,14.074835181886032,82.0287007571495,50,15.574633151524962,34.570061004608945,2026-04-18
SYN_0539,14.074835181886032,82.0287007571495,75,12.518412362218498,34.54975399744913,2026-04-18
SYN_0539,14.074835181886032,82.0287007571495,100,10.772327330830803,34.482036200522934,2026-04-18
SYN_0539,14.074835181886032,82.0287007571495,150,8.927713817640726,34.530699436136715,2026-04-18
SYN_0539,14.074835181886032,82.0287007571495,200,8.55226413665021,34.523788931434304,2026-04-18
SYN_0540,15.734372548124362,65.4813407671521,0,27.957039580956295,35.00531661253609,2026-04-04
SYN_0540,15.734372548124362,65.4813407671521,10,24.189428244529246,34.914719001947184,2026-04-04
SYN_0540,15.734372548124362,65.4813407671521,25,19.862781308947834,34.854922641702515,2026-04-04
SYN_0540,15.734372548124362,65.4813407671521,50,15.142408868651685,34.751567753813625,2026-04-04
SYN_0540,15.734372548124362,65.4813407671521,75,12.279479221415402,34.63602764330713,2026-04-04
SYN_0540,15.734372548124362,65.4813407671521,100,10.731624912313826,34.551348828674755,2026-04-04
SYN_0540,15.734372548124362,65.4813407671521,150,8.690770486717241,34.65340045360822,2026-04-04
SYN_0540,15.734372548124362,65.4813407671521,200,8.347302445044033,34.55474387343736,2026-04-04
SYN_0541,18.244950950429605,75.94230216657272,0,28.260018962630582,34.857557470822414,2026-02-27
SYN_0541,18.244950950429605,75.94230216657272,10,24.599740173408115,34.78751174568604,2026-02-27
SYN_0541,18.244950950429605,75.94230216657272,25,20.315477617259713,34.649523596282805,2026-02-27
SYN_0541,18.244950950429605,75.94230216657272,50,15.848208112620103,34.37806207912566,2026-02-27
SYN_0541,18.244950950429605,75.94230216657272,75,12.655660830030747,34.415500777062796,2026-02-27
SYN_0541,18.244950950429605,75.94230216657272,100,10.946850321857069,34.418792180346706,2026-02-27
SYN_0541,18.244950950429605,75.94230216657272,150,9.282609035318513,34.422240497251146,2026-02-27
SYN_0541,18.244950950429605,75.94230216657272,200,8.809171085415006,34.24772436816352,2026-02-27
SYN_0542,23.015894005257387,67.57523087351947,0,28.0650603935118,34.97540396942504,2026-01-04
SYN_0542,23.015894005257387,67.57523087351947,10,24.2852421919243,34.80219099483294,2026-01-04
SYN_0542,23.015894005257387,67.57523087351947,25,20.154401179697736,34.695701104914356,2026-01-04
SYN_0542,23.015894005257387,67.57523087351947,50,15.03262728018878,34.72707994922043,2026-01-04
SYN_0542,23.015894005257387,67.57523087351947,75,12.387232409963325,34.58210139707745,2026-01-04
SYN_0542,23.015894005257387,67.57523087351947,100,10.68296310026278,34.485840492150615,2026-01-04
SYN_0542,23.015894005257387,67.57523087351947,150,9.230337747603539,34.393235116970516,2026-01-04
SYN_0542,23.015894005257387,67.57523087351947,200,8.535886719131499,34.34351149090583,2026-01-04
SYN_0543,7.236796096832247,71.2665566430263,0,27.761690726079856,35.16727072983668,2026-01-19
SYN_0543,7.236796096832247,71.2665566430263,10,24.38340308405421,34.90773700852086,2026-01-19
SYN_0543,7.236796096832247,71.2665566430263,25,19.44080925217299,35.084641907363405,2026-01-19
SYN_0543,7.236796096832247,71.2665566430263,50,15.173095895825892,34.7505592246522,2026-01-19
SYN_0543,7.236796096832247,71.2665566430263,75,12.381356093722026,34.56301488145973,2026-01-19
SYN_0543,7.236796096832247,71.2665566430263,100,10.30491803817709,34.70224398744674,2026-01-19
SYN_0543,7.236796096832247,71.2665566430263,150,8.915281639556113,34.580127730872235,2026-01-19
SYN_0543,7.236796096832247,71.2665566430263,200,7.8918291764944115,34.7960765087149,2026-01-19
SYN_0544,7.749867090600646,65.35240005459428,0,28.239168708385414,34.89868414852899,2026-05-21
SYN_0544,7.749867090600646,65.35240005459428,10,24.68760205258275,34.678197868136316,2026-05-21
SYN_0544,7.749867090600646,65.35240005459428,25,20.39812255750449,34.648239462304495,2026-05-21
SYN_0544,7.749867090600646,65.35240005459428,50,15.66685133464149,34.407986596759685,2026-05-21
SYN_0544,7.749867090600646,65.35240005459428,75,12.753405516719063,34.42131156084542,2026-05-21
SYN_0544,7.749867090600646,65.35240005459428,100,10.759355060086701,34.50061719462125,2026-05-21
SYN_0544,7.749867090600646,65.35240005459428,150,9.032244265568147,34.48626706676414,2026-05-21
SYN_0544,7.749867090600646,65.35240005459428,200,8.29952802671183,34.5368102987064,2026-05-21
SYN_0545,16.3097256666834,73.78086520938906,0,28.144844600448444,34.89122795848993,2026-06-14
SYN_0545,16.3097256666834,73.78086520938906,10,25.117826963202813,34.586328879494424,2026-06-14
SYN_0545,16.3097256666834,73.78086520938906,25,20.69352985969847,34.40682302138801,2026-06-14
SYN_0545,16.3097256666834,73.78086520938906,50,16.015037110155877,34.30836917127775,2026-06-14
SYN_0545,16.3097256666834,73.78086520938906,75,12.867893616090843,34.42154940573063,2026-06-14
SYN_0545,16.3097256666834,73.78086520938906,100,11.32167028553156,34.22312109486123,2026-06-14
SYN_0545,16.3097256666834,73.78086520938906,150,9.28497299775178,34.36390142042552,2026-06-14
SYN_0545,16.3097256666834,73.78086520938906,200,8.686706856404168,34.40051012917528,2026-06-14
SYN_0546,17.27168369711753,66.04314461706659,0,28.150965918029218,34.97253454860324,2026-03-26
SYN_0546,17.27168369711753,66.04314461706659,10,24.222692248928865,34.948458113979136,2026-03-26
SYN_0546,17.27168369711753,66.04314461706659,25,20.13585138528403,34.74964256317929,2026-03-26
SYN_0546,17.27168369711753,66.04314461706659,50,15.17025424947967,34.65867085621815,2026-03-26
SYN_0546,17.27168369711753,66.04314461706659,75,12.30545071657716,34.585601611552676,2026-03-26
SYN_0546,17.27168369711753,66.04314461706659,100,10.452347493146547,34.698341165425525,2026-03-26
SYN_0546,17.27168369711753,66.04314461706659,150,8.845023004292228,34.62077408685859,2026-03-26
SYN_0546,17.27168369711753,66.04314461706659,200,8.227657367233686,34.56941896231619,2026-03-26
SYN_0547,6.9381686935562215,70.81006494397238,0,27.892292528622384,35.082799701018125,2026-05-15
SYN_0547,6.9381686935562215,70.81006494397238,10,24.22666460962844,34.959248866695994,2026-05-15
SYN_0547,6.9381686935562215,70.81006494397238,25,19.773208441179566,34.89279252877164,2026-05-15
SYN_0547,6.9381686935562215,70.81006494397238,50,15.293525950802216,34.59967232539143,2026-05-15
SYN_0547,6.9381686935562215,70.81006494397238,75,12.192004933537074,34.614132573242195,2026-05-15
SYN_0547,6.9381686935562215,70.81006494397238,100,10.190230666319264,34.767708415414056,2026-05-15
SYN_0547,6.9381686935562215,70.81006494397238,150,8.834468150636676,34.56851072084468,2026-05-15
SYN_0547,6.9381686935562215,70.81006494397238,200,8.310708511917897,34.531978908271746,2026-05-15
SYN_0548,9.38158671335059,66.21943439119063,0,27.847391219383855,35.07371873474267,2026-04-09
SYN_0548,9.38158671335059,66.21943439119063,10,24.354511666771675,34.92492219672261,2026-04-09
SYN_0548,9.38158671335059,66.21943439119063,25,20.17700066651268,34.68941308731237,2026-04-09
SYN_0548,9.38158671335059,66.21943439119063,50,15.210765668885934,34.55802706560808,2026-04-09
SYN_0548,9.38158671335059,66.21943439119063,75,12.639732269576134,34.47479667824611,2026-04-09
SYN_0548,9.38158671335059,66.21943439119063,100,10.505299066596093,34.64326517233072,2026-04-09
SYN_0548,9.38158671335059,66.21943439119063,150,8.990568912653217,34.59707836800126,2026-04-09
SYN_0548,9.38158671335059,66.21943439119063,200,8.585909045297958,34.392427378382564,2026-04-09
SYN_0549,14.58484750078661,70.74759830511137,0,28.104902267219565,34.937702257526354,2026-03-12
SYN_0549,14.58484750078661,70.74759830511137,10,24.593858774908952,34.81845104006558,2026-03-12
SYN_0549,14.58484750078661,70.74759830511137,25,20.463839799170163,34.602746420126465,2026-03-12
SYN_0549,14.58484750078661,70.74759830511137,50,15.516879608150067,34.47441236665954,2026-03-12
SYN_0549,14.58484750078661,70.74759830511137,75,12.630668113903836,34.48341698342566,2026-03-12
SYN_0549,14.58484750078661,70.74759830511137,100,11.003349065258064,34.3638114142402,2026-03-12
SYN_0549,14.58484750078661,70.74759830511137,150,9.093847185493008,34.493799717782466,2026-03-12
SYN_0549,14.58484750078661,70.74759830511137,200,8.590989371306412,34.463827358875186,2026-03-12
SYN_0550,24.993896627423897,70.95898520471005,0,27.646648839331412,35.2182852257411,2026-02-08
SYN_0550,24.993896627423897,70.95898520471005,10,23.890192250018583,35.15420746974408,2026-02-08
SYN_0550,24.993896627423897,70.95898520471005,25,19.905239121776322,34.74989729323799,2026-02-08
SYN_0550,24.993896627423897,70.95898520471005,50,14.985149569910293,34.757209743357464,2026-02-08
SYN_0550,24.993896627423897,70.95898520471005,75,12.220455353657142,34.68553604497942,2026-02-08
SYN_0550,24.993896627423897,70.95898520471005,100,10.323990023913044,34.67376280570293,2026-02-08
SYN_0550,24.993896627423897,70.95898520471005,150,8.763378768827575,34.66332950188548,2026-02-08
SYN_0550,24.993896627423897,70.95898520471005,200,7.966869117506853,34.70577272590734,2026-02-08
SYN_0551,7.273119381322686,80.06991122961117,0,27.820419144300097,35.085754577740985,2026-05-02
SYN_0551,7.273119381322686,80.06991122961117,10,24.35038610870413,34.860707528852096,2026-05-02
SYN_0551,7.273119381322686,80.06991122961117,25,19.80088897355704,34.86713060777259,2026-05-02
SYN_0551,7.273119381322686,80.06991122961117,50,15.033593541968555,34.7584284622361,2026-05-02
SYN_0551,7.273119381322686,80.06991122961117,75,12.569398698548003,34.45087926086299,2026-05-02
SYN_0551,7.273119381322686,80.06991122961117,100,10.144419873237892,34.79860291533147,2026-05-02
SYN_0551,7.273119381322686,80.06991122961117,150,8.939960936626518,34.50527518347996,2026-05-02
SYN_0551,7.273119381322686,80.06991122961117,200,8.328332798359734,34.46326489164989,2026-05-02
SYN_0552,16.382610054248826,72.4915921386997,0,28.379422984785478,34.77966881837119,2026-04-02
SYN_0552,16.382610054248826,72.4915921386997,10,24.697820197218327,34.74568002096844,2026-04-02
SYN_0552,16.382610054248826,72.4915921386997,25,20.86871460864285,34.34435600798123,2026-04-02
SYN_0552,16.382610054248826,72.4915921386997,50,15.835973089077207,34.39709821880638,2026-04-02
SYN_0552,16.382610054248826,72.4915921386997,75,12.925303831352096,34.318832383328704,2026-04-02
SYN_0552,16.382610054248826,72.4915921386997,100,10.977721950810308,34.4172912347422,2026-04-02
SYN_0552,16.382610054248826,72.4915921386997,150,9.189693363735103,34.334664856387235,2026-04-02
SYN_0552,16.382610054248826,72.4915921386997,200,8.894841152028098,34.27930227760519,2026-04-02
SYN_0553,5.194619203110459,72.3920859522753,0,27.56352547585112,35.263229723782295,2026-01-29
SYN_0553,5.194619203110459,72.3920859522753,10,23.98278955327214,35.00416887303539,2026-01-29
SYN_0553,5.194619203110459,72.3920859522753,25,19.770448687091562,34.89801921928686,2026-01-29
SYN_0553,5.194619203110459,72.3920859522753,50,15.008524213096402,34.753549849118066,2026-01-29
SYN_0553,5.194619203110459,72.3920859522753,75,11.992655442332405,34.76383191848296,2026-01-29
SYN_0553,5.194619203110459,72.3920859522753,100,10.299750943812484,34.73139397345417,2026-01-29
SYN_0553,5.194619203110459,72.3920859522753,150,8.632937645088237,34.724261819809676,2026-01-29
SYN_0553,5.194619203110459,72.3920859522753,200,8.027278075073063,34.66511971528263,2026-01-29
SYN_0554,10.29985582441082,71.31227252042441,0,27.983457581985455,34.94149087567496,2026-03-26
SYN_0554,10.29985582441082,71.31227252042441,10,24.53314193877434,34.78211117817016,2026-03-26
SYN_0554,10.29985582441082,71.31227252042441,25,19.829624253518308,34.87589785925306,2026-03-26
SYN_0554,10.29985582441082,71.31227252042441,50,15.074469684996249,34.7584830010099,2026-03-26
SYN_0554,10.29985582441082,71.31227252042441,75,12.755272800288932,34.41126883864477,2026-03-26
SYN_0554,10.29985582441082,71.31227252042441,100,10.465763607327428,34.743295652775835,2026-03-26
SYN_0554,10.29985582441082,71.31227252042441,150,8.941018944531507,34.51796987819045,2026-03-26
SYN_0554,10.29985582441082,71.31227252042441,200,8.86211369093208,34.25900629429576,2026-03-26
SYN_0555,15.33696912615852,82.78453783169974,0,27.88212571067765,35.12871422366508,2026-06-17
SYN_0555,15.33696912615852,82.78453783169974,10,24.576778109357676,34.69343617496877,2026-06-17
SYN_0555,15.33696912615852,82.78453783169974,25,20.31599282419933,34.5812683328505,2026-06-17
SYN_0555,15.33696912615852,82.78453783169974,50,15.495848502429586,34.41253191330183,2026-06-17
SYN_0555,15.33696912615852,82.78453783169974,75,12.479440016291864,34.60472180032844,2026-06-17
SYN_0555,15.33696912615852,82.78453783169974,100,10.422339340226657,34.63286833417994,2026-06-17
SYN_0555,15.33696912615852,82.78453783169974,150,8.95889260363196,34.49836436988468,2026-06-17
SYN_0555,15.33696912615852,82.78453783169974,200,8.269927978703343,34.56041855191257,2026-06-17
SYN_0556,23.049070784110413,69.57716551646995,0,27.665367265061974,35.184647512092795,2026-04-16
SYN_0556,23.049070784110413,69.57716551646995,10,24.277799803125887,34.89220159217771,2026-04-16
SYN_0556,23.049070784110413,69.57716551646995,25,19.70160324638963,34.88034176581987,2026-04-16
SYN_0556,23.049070784110413,69.57716551646995,50,15.223097711813772,34.685474362124765,2026-04-16
SYN_0556,23.049070784110413,69.57716551646995,75,12.12893151333718,34.68670078101775,2026-04-16
SYN_0556,23.049070784110413,69.57716551646995,100,10.630464036262161,34.54350230816456,2026-04-16
SYN_0556,23.049070784110413,69.57716551646995,150,8.810180934164244,34.60950179785212,2026-04-16
SYN_0556,23.049070784110413,69.57716551646995,200,8.29447054209386,34.57543535927104,2026-04-16
SYN_0557,15.131386241144185,81.29157452005337,0,28.185363310154038,34.91235513532905,2026-02-08
SYN_0557,15.131386241144185,81.29157452005337,10,24.238167642911584,34.881496466029155,2026-02-08
SYN_0557,15.131386241144185,81.29157452005337,25,20.135221741609186,34.739770656782525,2026-02-08
SYN_0557,15.131386241144185,81.29157452005337,50,15.354845820843167,34.69035132371357,2026-02-08
SYN_0557,15.131386241144185,81.29157452005337,75,12.455520111797378,34.60311798433289,2026-02-08
SYN_0557,15.131386241144185,81.29157452005337,100,10.819528322173557,34.49025372397842,2026-02-08
SYN_0557,15.131386241144185,81.29157452005337,150,9.388223107625109,34.2697670117546,2026-02-08
SYN_0557,15.131386241144185,81.29157452005337,200,8.368331253951752,34.4693442971366,2026-02-08
SYN_0558,12.317434062979514,80.87329962071603,0,28.12367739958901,34.97138682826142,2026-03-08
SYN_0558,12.317434062979514,80.87329962071603,10,24.409310449044504,34.818695715969035,2026-03-08
SYN_0558,12.317434062979514,80.87329962071603,25,20.011973089148675,34.73424494800482,2026-03-08
SYN_0558,12.317434062979514,80.87329962071603,50,15.12069054166262,34.70651844933243,2026-03-08
SYN_0558,12.317434062979514,80.87329962071603,75,12.776403864556075,34.42410992440972,2026-03-08
SYN_0558,12.317434062979514,80.87329962071603,100,10.598473279555936,34.52863039941793,2026-03-08
SYN_0558,12.317434062979514,80.87329962071603,150,9.158010650802398,34.32838107073245,2026-03-08
SYN_0558,12.317434062979514,80.87329962071603,200,8.432912813481611,34.4713928851117,2026-03-08
SYN_0559,14.687938315661258,74.71939294927618,0,28.554494111911144,34.743510330690924,2026-03-17
SYN_0559,14.687938315661258,74.71939294927618,10,25.040807850223047,34.48182633184678,2026-03-17
SYN_0559,14.687938315661258,74.71939294927618,25,20.694271729884953,34.541104205794596,2026-03-17
SYN_0559,14.687938315661258,74.71939294927618,50,16.04988304354395,34.244548659554894,2026-03-17
SYN_0559,14.687938315661258,74.71939294927618,75,12.973376004933677,34.28288476594169,2026-03-17
SYN_0559,14.687938315661258,74.71939294927618,100,11.393561149278172,34.15444754343581,2026-03-17
SYN_0559,14.687938315661258,74.71939294927618,150,9.536739943494203,34.1751370761859,2026-03-17
SYN_0559,14.687938315661258,74.71939294927618,200,8.702810991385492,34.395213041895545,2026-03-17
SYN_0560,10.213175968949086,84.1301749246949,0,27.782441843481987,35.09430454673421,2026-04-03
SYN_0560,10.213175968949086,84.1301749246949,10,24.202855220210875,34.928740773060085,2026-04-03
SYN_0560,10.213175968949086,84.1301749246949,25,20.20970922647886,34.65072159748053,2026-04-03
SYN_0560,10.213175968949086,84.1301749246949,50,15.356779882618024,34.576174727741744,2026-04-03
SYN_0560,10.213175968949086,84.1301749246949,75,12.144628144171648,34.72361808269895,2026-04-03
SYN_0560,10.213175968949086,84.1301749246949,100,10.804663814727071,34.405125810713685,2026-04-03
SYN_0560,10.213175968949086,84.1301749246949,150,8.783343965098865,34.62566697020971,2026-04-03
SYN_0560,10.213175968949086,84.1301749246949,200,8.482341823108827,34.43306778445159,2026-04-03
SYN_0561,19.77861719972293,72.5303928139297,0,27.995879929366158,34.96733511480452,2026-01-19
SYN_0561,19.77861719972293,72.5303928139297,10,24.105242696924687,34.968574609784035,2026-01-19
SYN_0561,19.77861719972293,72.5303928139297,25,20.17562698139716,34.70313189390785,2026-01-19
SYN_0561,19.77861719972293,72.5303928139297,50,14.874070226619663,34.79543154408396,2026-01-19
SYN_0561,19.77861719972293,72.5303928139297,75,12.603826874027835,34.51421348194374,2026-01-19
SYN_0561,19.77861719972293,72.5303928139297,100,10.822680430996469,34.439683875175426,2026-01-19
SYN_0561,19.77861719972293,72.5303928139297,150,8.795145343123048,34.597501405663344,2026-01-19
SYN_0561,19.77861719972293,72.5303928139297,200,8.530812061824557,34.39224761404743,2026-01-19
SYN_0562,24.3411080645662,74.21762553385923,0,27.511152096637968,35.22428609644081,2026-04-07
SYN_0562,24.3411080645662,74.21762553385923,10,24.09699480405812,34.95988678005554,2026-04-07
SYN_0562,24.3411080645662,74.21762553385923,25,19.47570070432665,35.06898795940491,2026-04-07
SYN_0562,24.3411080645662,74.21762553385923,50,14.789068308721774,34.90229039809049,2026-04-07
SYN_0562,24.3411080645662,74.21762553385923,75,11.924235010075419,34.82133954842844,2026-04-07
SYN_0562,24.3411080645662,74.21762553385923,100,10.476503111609063,34.61219326124419,2026-04-07
SYN_0562,24.3411080645662,74.21762553385923,150,8.501010254114156,34.76040260090206,2026-04-07
SYN_0562,24.3411080645662,74.21762553385923,200,7.879994031608179,34.81970628590961,2026-04-07
SYN_0563,20.099367101320716,83.53820795757139,0,27.996271113038958,34.91221691461631,2026-03-22
SYN_0563,20.099367101320716,83.53820795757139,10,24.391348589337596,34.8255719396701,2026-03-22
SYN_0563,20.099367101320716,83.53820795757139,25,20.074588034077248,34.776051604859255,2026-03-22
SYN_0563,20.099367101320716,83.53820795757139,50,15.192162708622876,34.600679472820126,2026-03-22
SYN_0563,20.099367101320716,83.53820795757139,75,12.456200961547871,34.57158108772052,2026-03-22
SYN_0563,20.099367101320716,83.53820795757139,100,10.803143270629727,34.41851312902668,2026-03-22
SYN_0563,20.099367101320716,83.53820795757139,150,9.193568099774975,34.43927943049909,2026-03-22
SYN_0563,20.099367101320716,83.53820795757139,200,8.031393489241587,34.70215330939549,2026-03-22
SYN_0564,19.915643160025436,69.13592732715213,0,28.089509670469596,34.95255154580585,2026-03-13
SYN_0564,19.915643160025436,69.13592732715213,10,24.357897518491367,34.81481560673224,2026-03-13
SYN_0564,19.915643160025436,69.13592732715213,25,20.238965883908197,34.634023388782495,2026-03-13
SYN_0564,19.915643160025436,69.13592732715213,50,15.460687775080586,34.52969893900872,2026-03-13
SYN_0564,19.915643160025436,69.13592732715213,75,12.331787813881737,34.6032765582692,2026-03-13
SYN_0564,19.915643160025436,69.13592732715213,100,10.690801631361529,34.48757997177532,2026-03-13
SYN_0564,19.915643160025436,69.13592732715213,150,8.862164751573903,34.58349136528104,2026-03-13
SYN_0564,19.915643160025436,69.13592732715213,200,8.593440324578541,34.426046042727734,2026-03-13
SYN_0565,12.407243111153184,69.26440698140001,0,27.946399752821794,34.938441025021724,2026-05-10
SYN_0565,12.407243111153184,69.26440698140001,10,24.395955921893293,34.81288935493781,2026-05-10
SYN_0565,12.407243111153184,69.26440698140001,25,20.33120631501,34.55269855616245,2026-05-10
SYN_0565,12.407243111153184,69.26440698140001,50,15.401127435608517,34.67444604291816,2026-05-10
SYN_0565,12.407243111153184,69.26440698140001,75,12.594589892256302,34.47672575714668,2026-05-10
SYN_0565,12.407243111153184,69.26440698140001,100,11.007568535873673,34.31641182424044,2026-05-10
SYN_0565,12.407243111153184,69.26440698140001,150,9.309855647962706,34.28676646166481,2026-05-10
SYN_0565,12.407243111153184,69.26440698140001,200,8.443128523206584,34.43131144165554,2026-05-10
SYN_0566,20.45870973973013,66.32752506168816,0,28.231268177606946,34.90135914286076,2026-03-28
SYN_0566,20.45870973973013,66.32752506168816,10,24.439136850119684,34.82682998377243,2026-03-28
SYN_0566,20.45870973973013,66.32752506168816,25,19.850622840266254,34.830247919817005,2026-03-28
SYN_0566,20.45870973973013,66.32752506168816,50,15.101007887405046,34.69666990108027,2026-03-28
SYN_0566,20.45870973973013,66.32752506168816,75,12.53824775960419,34.52587637642968,2026-03-28
SYN_0566,20.45870973973013,66.32752506168816,100,10.592657563161303,34.54084625570613,2026-03-28
SYN_0566,20.45870973973013,66.32752506168816,150,9.036632587470683,34.54867963020409,2026-03-28
SYN_0566,20.45870973973013,66.32752506168816,200,8.559088719625283,34.34255745588667,2026-03-28
SYN_0567,11.643584998066265,81.73434730949245,0,27.881060018593807,35.04532556998895,2026-03-29
SYN_0567,11.643584998066265,81.73434730949245,10,24.27776852152135,34.89980804132359,2026-03-29
SYN_0567,11.643584998066265,81.73434730949245,25,20.332948441141145,34.52706786805441,2026-03-29
SYN_0567,11.643584998066265,81.73434730949245,50,15.176160882230691,34.77817710828467,2026-03-29
SYN_0567,11.643584998066265,81.73434730949245,75,12.597940140312971,34.46817329780672,2026-03-29
SYN_0567,11.643584998066265,81.73434730949245,100,10.917422939029265,34.48806323056118,2026-03-29
SYN_0567,11.643584998066265,81.73434730949245,150,9.187576806181104,34.50236029284924,2026-03-29
SYN_0567,11.643584998066265,81.73434730949245,200,8.421515494290333,34.43771621245322,2026-03-29
SYN_0568,18.798259451130765,75.86165778211566,0,28.162721439858252,34.92894604905201,2026-06-28
SYN_0568,18.798259451130765,75.86165778211566,10,24.44373479747945,34.819993181952334,2026-06-28
SYN_0568,18.798259451130765,75.86165778211566,25,20.35055822132236,34.56990743168415,2026-06-28
SYN_0568,18.798259451130765,75.86165778211566,50,15.581297458121657,34.56833939498131,2026-06-28
SYN_0568,18.798259451130765,75.86165778211566,75,12.601160466408839,34.50946815784375,2026-06-28
SYN_0568,18.798259451130765,75.86165778211566,100,11.164780604068264,34.28860390154086,2026-06-28
SYN_0568,18.798259451130765,75.86165778211566,150,9.060531075895593,34.49612858189722,2026-06-28
SYN_0568,18.798259451130765,75.86165778211566,200,8.535737263933571,34.39083618576274,2026-06-28
SYN_0569,18.583108054792604,66.9032780016043,0,27.966508462774822,35.08533685383497,2026-02-23
SYN_0569,18.583108054792604,66.9032780016043,10,24.172970251712886,34.92799196709129,2026-02-23
SYN_0569,18.583108054792604,66.9032780016043,25,20.187797253255383,34.664996715180976,2026-02-23
SYN_0569,18.583108054792604,66.9032780016043,50,15.288782934944164,34.63176979508414,2026-02-23
SYN_0569,18.583108054792604,66.9032780016043,75,12.393729405570026,34.55880958925567,2026-02-23
SYN_0569,18.583108054792604,66.9032780016043,100,10.695856251828486,34.56216495781637,2026-02-23
SYN_0569,18.583108054792604,66.9032780016043,150,9.075868858402279,34.43922021292616,2026-02-23
SYN_0569,18.583108054792604,66.9032780016043,200,8.427122671201111,34.47589964656481,2026-02-23
SYN_0570,18.20376555685152,70.4167832967591,0,28.252125736989278,34.82367038621237,2026-04-06
SYN_0570,18.20376555685152,70.4167832967591,10,24.43010559816961,34.836401586185644,2026-04-06
SYN_0570,18.20376555685152,70.4167832967591,25,20.09574967477104,34.78038266322667,2026-04-06
SYN_0570,18.20376555685152,70.4167832967591,50,15.513698851525461,34.461676017410284,2026-04-06
SYN_0570,18.20376555685152,70.4167832967591,75,12.495023194833506,34.58417519290474,2026-04-06
SYN_0570,18.20376555685152,70.4167832967591,100,10.750429503961414,34.42409495025346,2026-04-06
SYN_0570,18.20376555685152,70.4167832967591,150,9.295803774753125,34.35890938643784,2026-04-06
SYN_0570,18.20376555685152,70.4167832967591,200,8.788175268308988,34.268977765919125,2026-04-06
SYN_0571,18.645742435273952,67.70724923520515,0,28.114161317456798,34.95080106304854,2026-06-25
SYN_0571,18.645742435273952,67.70724923520515,10,24.144333586201405,34.96683886440772,2026-06-25
SYN_0571,18.645742435273952,67.70724923520515,25,20.067129047612053,34.749337614947734,2026-06-25
SYN_0571,18.645742435273952,67.70724923520515,50,15.091077876872674,34.73355158564926,2026-06-25
SYN_0571,18.645742435273952,67.70724923520515,75,12.460778667522385,34.622579655382005,2026-06-25
SYN_0571,18.645742435273952,67.70724923520515,100,10.666379282375592,34.646323197337615,2026-06-25
SYN_0571,18.645742435273952,67.70724923520515,150,8.889985867541242,34.57429588595895,2026-06-25
SYN_0571,18.645742435273952,67.70724923520515,200,8.515199186606122,34.37419907755233,2026-06-25
SYN_0572,24.612224025078174,65.78718781397518,0,28.194234605045626,34.95488403347032,2026-03-06
SYN_0572,24.612224025078174,65.78718781397518,10,24.558375768380987,34.812788902209256,2026-03-06
SYN_0572,24.612224025078174,65.78718781397518,25,20.18928077164046,34.677910918779624,2026-03-06
SYN_0572,24.612224025078174,65.78718781397518,50,15.5144346807039,34.41226688873648,2026-03-06
SYN_0572,24.612224025078174,65.78718781397518,75,12.346692651919756,34.67830348140743,2026-03-06
SYN_0572,24.612224025078174,65.78718781397518,100,10.967650935316422,34.36292437146399,2026-03-06
SYN_0572,24.612224025078174,65.78718781397518,150,9.25406270253843,34.40743592662867,2026-03-06
SYN_0572,24.612224025078174,65.78718781397518,200,8.543870731921777,34.387839356202555,2026-03-06
SYN_0573,16.54269669738515,70.29961545833766,0,28.2919485473354,34.80768638966748,2026-06-13
SYN_0573,16.54269669738515,70.29961545833766,10,24.418095752136434,34.910528086147856,2026-06-13
SYN_0573,16.54269669738515,70.29961545833766,25,20.49555748048473,34.5438292585993,2026-06-13
SYN_0573,16.54269669738515,70.29961545833766,50,15.386606212347967,34.55959485694138,2026-06-13
SYN_0573,16.54269669738515,70.29961545833766,75,12.932139017429712,34.31543562484656,2026-06-13
SYN_0573,16.54269669738515,70.29961545833766,100,11.235496404555523,34.21114592474508,2026-06-13
SYN_0573,16.54269669738515,70.29961545833766,150,9.493172612225933,34.2828123124089,2026-06-13
SYN_0573,16.54269669738515,70.29961545833766,200,8.789346227395246,34.313138647991444,2026-06-13
SYN_0574,19.38974940715224,82.93869241017832,0,28.009150487945718,34.94471485251814,2026-03-09
SYN_0574,19.38974940715224,82.93869241017832,10,24.150102894229068,35.04545635481859,2026-03-09
SYN_0574,19.38974940715224,82.93869241017832,25,20.35532231845156,34.53196979735278,2026-03-09
SYN_0574,19.38974940715224,82.93869241017832,50,15.44913824675938,34.60626236804588,2026-03-09
SYN_0574,19.38974940715224,82.93869241017832,75,12.402427306407436,34.5410982807404,2026-03-09
SYN_0574,19.38974940715224,82.93869241017832,100,10.664343181168542,34.57971287913242,2026-03-09
SYN_0574,19.38974940715224,82.93869241017832,150,9.054048211778193,34.42882805376128,2026-03-09
SYN_0574,19.38974940715224,82.93869241017832,200,8.295391568321293,34.52287323242252,2026-03-09
SYN_0575,9.66515282907996,77.84653783901597,0,27.98674927995977,35.03625141050816,2026-01-11
SYN_0575,9.66515282907996,77.84653783901597,10,24.28350904708117,34.89178353393376,2026-01-11
SYN_0575,9.66515282907996,77.84653783901597,25,20.08719754868499,34.726058985299005,2026-01-11
SYN_0575,9.66515282907996,77.84653783901597,50,15.205070988982733,34.61336921045646,2026-01-11
SYN_0575,9.66515282907996,77.84653783901597,75,12.368296693441888,34.60613256127513,2026-01-11
SYN_0575,9.66515282907996,77.84653783901597,100,10.509790900804726,34.655025660401144,2026-01-11
SYN_0575,9.66515282907996,77.84653783901597,150,9.163662154541923,34.448220015887,2026-01-11
SYN_0575,9.66515282907996,77.84653783901597,200,8.13292972741567,34.63289092706355,2026-01-11
SYN_0576,18.673450434790134,84.5875163933291,0,27.51964042038447,35.236960100700216,2026-01-31
SYN_0576,18.673450434790134,84.5875163933291,10,24.339072484652704,34.89733892033911,2026-01-31
SYN_0576,18.673450434790134,84.5875163933291,25,20.073683532287486,34.8329655105188,2026-01-31
SYN_0576,18.673450434790134,84.5875163933291,50,15.362151989318205,34.55642883469667,2026-01-31
SYN_0576,18.673450434790134,84.5875163933291,75,12.367679494508847,34.485997515942785,2026-01-31
SYN_0576,18.673450434790134,84.5875163933291,100,10.68941564164602,34.511541782974305,2026-01-31
SYN_0576,18.673450434790134,84.5875163933291,150,8.54258844010524,34.72418930339763,2026-01-31
SYN_0576,18.673450434790134,84.5875163933291,200,8.380590877790782,34.52308109181048,2026-01-31
SYN_0577,9.418264055931996,73.26113246427006,0,28.014468508610534,34.95287621797869,2026-06-10
SYN_0577,9.418264055931996,73.26113246427006,10,24.16141845907458,34.913447867427415,2026-06-10
SYN_0577,9.418264055931996,73.26113246427006,25,20.20283483128188,34.81703593745588,2026-06-10
SYN_0577,9.418264055931996,73.26113246427006,50,15.172582067593694,34.71122180834383,2026-06-10
SYN_0577,9.418264055931996,73.26113246427006,75,12.321586378079225,34.67383182736755,2026-06-10
SYN_0577,9.418264055931996,73.26113246427006,100,10.342356278389389,34.65654327733349,2026-06-10
SYN_0577,9.418264055931996,73.26113246427006,150,8.844482457485386,34.626441690707836,2026-06-10
SYN_0577,9.418264055931996,73.26113246427006,200,8.253065478100973,34.50830886025874,2026-06-10
SYN_0578,24.939738017817234,68.46715860422765,0,27.998008282787882,35.01415913298483,2026-03-12
SYN_0578,24.939738017817234,68.46715860422765,10,24.115062317728487,34.878983265319185,2026-03-12
SYN_0578,24.939738017817234,68.46715860422765,25,20.159413041947335,34.69748248624398,2026-03-12
SYN_0578,24.939738017817234,68.46715860422765,50,15.333347589305948,34.602391808449006,2026-03-12
SYN_0578,24.939738017817234,68.46715860422765,75,12.39937868851234,34.62063015939124,2026-03-12
SYN_0578,24.939738017817234,68.46715860422765,100,10.434735556031791,34.68697173612648,2026-03-12
SYN_0578,24.939738017817234,68.46715860422765,150,8.969240825720531,34.54124971865857,2026-03-12
SYN_0578,24.939738017817234,68.46715860422765,200,8.697553447295967,34.33120669864243,2026-03-12
SYN_0579,11.585514584449152,81.78806687789012,0,27.662808581586223,35.20944903604347,2026-06-14
SYN_0579,11.585514584449152,81.78806687789012,10,24.43990367726222,34.80332209156161,2026-06-14
SYN_0579,11.585514584449152,81.78806687789012,25,20.174469820764692,34.67568094818945,2026-06-14
SYN_0579,11.585514584449152,81.78806687789012,50,15.3254097228677,34.6314307025184,2026-06-14
SYN_0579,11.585514584449152,81.78806687789012,75,12.55706221564875,34.45627073641029,2026-06-14
SYN_0579,11.585514584449152,81.78806687789012,100,10.517950548994605,34.655829357210976,2026-06-14
SYN_0579,11.585514584449152,81.78806687789012,150,9.20062692334298,34.36407823266611,2026-06-14
SYN_0579,11.585514584449152,81.78806687789012,200,8.539883446741497,34.355076645673165,2026-06-14
SYN_0580,19.725255355552804,69.85643710022467,0,28.094417909489223,35.00448090483109,2026-05-25
SYN_0580,19.725255355552804,69.85643710022467,10,24.66185455572532,34.71189167047319,2026-05-25
SYN_0580,19.725255355552804,69.85643710022467,25,20.18654682853048,34.658971764964846,2026-05-25
SYN_0580,19.725255355552804,69.85643710022467,50,15.1660018153331,34.71844637302375,2026-05-25
SYN_0580,19.725255355552804,69.85643710022467,75,12.703548611900631,34.480400681646174,2026-05-25
SYN_0580,19.725255355552804,69.85643710022467,100,10.774577645975718,34.51880922713944,2026-05-25
SYN_0580,19.725255355552804,69.85643710022467,150,9.134662304831926,34.4566429523599,2026-05-25
SYN_0580,19.725255355552804,69.85643710022467,200,8.25815737783902,34.618518958309394,2026-05-25
SYN_0581,12.598103772364524,84.16227057798639,0,28.019851975254856,35.050818213881726,2026-02-13
SYN_0581,12.598103772364524,84.16227057798639,10,24.334276743745004,34.970156380851215,2026-02-13
SYN_0581,12.598103772364524,84.16227057798639,25,20.182366835245684,34.74135861226119,2026-02-13
SYN_0581,12.598103772364524,84.16227057798639,50,15.205053196905636,34.67244333859498,2026-02-13
SYN_0581,12.598103772364524,84.16227057798639,75,12.48510808316141,34.550224297329315,2026-02-13
SYN_0581,12.598103772364524,84.16227057798639,100,10.435110179075405,34.544265693753246,2026-02-13
SYN_0581,12.598103772364524,84.16227057798639,150,8.913401227773864,34.55870029122179,2026-02-13
SYN_0581,12.598103772364524,84.16227057798639,200,8.389899117554425,34.524656271834225,2026-02-13
SYN_0582,12.00635051744657,72.43698605407917,0,28.02656381910452,34.97454149709313,2026-05-15
SYN_0582,12.00635051744657,72.43698605407917,10,24.573148873482257,34.75464469906717,2026-05-15
SYN_0582,12.00635051744657,72.43698605407917,25,20.53877014933341,34.493266868929915,2026-05-15
SYN_0582,12.00635051744657,72.43698605407917,50,15.655894399922206,34.47418142447636,2026-05-15
SYN_0582,12.00635051744657,72.43698605407917,75,12.68398279838675,34.44901365236525,2026-05-15
SYN_0582,12.00635051744657,72.43698605407917,100,11.058571973484428,34.36570141943433,2026-05-15
SYN_0582,12.00635051744657,72.43698605407917,150,9.319541378135156,34.22632236932167,2026-05-15
SYN_0582,12.00635051744657,72.43698605407917,200,8.63681285443317,34.379453773226366,2026-05-15
SYN_0583,10.171920772613543,72.27523109963471,0,28.172694309299878,34.85481847427231,2026-06-10
SYN_0583,10.171920772613543,72.27523109963471,10,24.275960700147206,34.87047885171767,2026-06-10
SYN_0583,10.171920772613543,72.27523109963471,25,20.157003585667365,34.63482719865674,2026-06-10
SYN_0583,10.171920772613543,72.27523109963471,50,15.280911453921732,34.560559974501196,2026-06-10
SYN_0583,10.171920772613543,72.27523109963471,75,12.836882201353164,34.414522222764155,2026-06-10
SYN_0583,10.171920772613543,72.27523109963471,100,10.84893440704129,34.440948480699525,2026-06-10
SYN_0583,10.171920772613543,72.27523109963471,150,8.902360175005247,34.58741293562424,2026-06-10
SYN_0583,10.171920772613543,72.27523109963471,200,8.50064605541273,34.4499750785874,2026-06-10
SYN_0584,10.641352490885534,82.70107506059932,0,27.990991566068388,34.94034676469497,2026-06-22
SYN_0584,10.641352490885534,82.70107506059932,10,24.28065036143969,34.94845372494936,2026-06-22
SYN_0584,10.641352490885534,82.70107506059932,25,20.02609608031897,34.77187683911622,2026-06-22
SYN_0584,10.641352490885534,82.70107506059932,50,15.206629684104117,34.587058553066065,2026-06-22
SYN_0584,10.641352490885534,82.70107506059932,75,12.377419559969963,34.57574819855777,2026-06-22
SYN_0584,10.641352490885534,82.70107506059932,100,10.55633107188119,34.61636175480517,2026-06-22
SYN_0584,10.641352490885534,82.70107506059932,150,8.801923226520342,34.52212709885319,2026-06-22
SYN_0584,10.641352490885534,82.70107506059932,200,8.373120703604117,34.584546964018955,2026-06-22
SYN_0585,10.385690396174187,84.98598951926996,0,28.27707950323352,34.84322322799313,2026-01-31
SYN_0585,10.385690396174187,84.98598951926996,10,24.443910282214443,34.772340996978286,2026-01-31
SYN_0585,10.385690396174187,84.98598951926996,25,20.479642435144243,34.5810401771776,2026-01-31
SYN_0585,10.385690396174187,84.98598951926996,50,15.479280747757125,34.578781046145856,2026-01-31
SYN_0585,10.385690396174187,84.98598951926996,75,12.268779246661977,34.63127977346186,2026-01-31
SYN_0585,10.385690396174187,84.98598951926996,100,10.558778237610886,34.54823833652697,2026-01-31
SYN_0585,10.385690396174187,84.98598951926996,150,8.77605270880224,34.57854761447648,2026-01-31
SYN_0585,10.385690396174187,84.98598951926996,200,8.471077950688223,34.4703009398036,2026-01-31
SYN_0586,18.029575337704667,65.87451390855595,0,27.89359602002033,35.01300597277787,2026-01-12
SYN_0586,18.029575337704667,65.87451390855595,10,24.232068472571957,34.91328997756767,2026-01-12
SYN_0586,18.029575337704667,65.87451390855595,25,19.985969273865567,34.82574585291923,2026-01-12
SYN_0586,18.029575337704667,65.87451390855595,50,15.49715699981992,34.48372995891673,2026-01-12
SYN_0586,18.029575337704667,65.87451390855595,75,12.255025423995338,34.665880027925155,2026-01-12
SYN_0586,18.029575337704667,65.87451390855595,100,10.585298346705454,34.637964404012195,2026-01-12
SYN_0586,18.029575337704667,65.87451390855595,150,9.033072131904206,34.44625559559234,2026-01-12
SYN_0586,18.029575337704667,65.87451390855595,200,8.096721391325042,34.60230615281015,2026-01-12
SYN_0587,19.37819630650422,74.80181382428722,0,28.07127884411802,34.91197470898988,2026-06-15
SYN_0587,19.37819630650422,74.80181382428722,10,24.334958937905554,34.93616126360418,2026-06-15
SYN_0587,19.37819630650422,74.80181382428722,25,20.000781417249453,34.80398765989055,2026-06-15
SYN_0587,19.37819630650422,74.80181382428722,50,15.680392983387165,34.55150749323582,2026-06-15
SYN_0587,19.37819630650422,74.80181382428722,75,12.547184540500844,34.440806116829634,2026-06-15
SYN_0587,19.37819630650422,74.80181382428722,100,10.782364346746729,34.407885555767045,2026-06-15
SYN_0587,19.37819630650422,74.80181382428722,150,9.410260077539053,34.33639523605073,2026-06-15
SYN_0587,19.37819630650422,74.80181382428722,200,8.490333035194991,34.4572991188679,2026-06-15
SYN_0588,8.242837577797907,67.06681162908357,0,27.855781947125074,35.09093431048633,2026-02-20
SYN_0588,8.242837577797907,67.06681162908357,10,24.633088477921266,34.69643776317285,2026-02-20
SYN_0588,8.242837577797907,67.06681162908357,25,20.209542945014327,34.58703762907172,2026-02-20
SYN_0588,8.242837577797907,67.06681162908357,50,15.317828214940896,34.63924364587281,2026-02-20
SYN_0588,8.242837577797907,67.06681162908357,75,12.344893137769388,34.65982079058081,2026-02-20
SYN_0588,8.242837577797907,67.06681162908357,100,10.501957803116406,34.71002946621948,2026-02-20
SYN_0588,8.242837577797907,67.06681162908357,150,8.844856550824487,34.514588838651804,2026-02-20
SYN_0588,8.242837577797907,67.06681162908357,200,8.318715840176448,34.47355282310809,2026-02-20
SYN_0589,9.54441388199821,69.88580589074328,0,27.579369541477387,35.200397658185175,2026-01-13
SYN_0589,9.54441388199821,69.88580589074328,10,24.231831805222512,34.9960127048514,2026-01-13
SYN_0589,9.54441388199821,69.88580589074328,25,20.356503719783863,34.52592298699111,2026-01-13
SYN_0589,9.54441388199821,69.88580589074328,50,15.30766567014384,34.69164429926925,2026-01-13
SYN_0589,9.54441388199821,69.88580589074328,75,12.60409166987345,34.533988306183865,2026-01-13
SYN_0589,9.54441388199821,69.88580589074328,100,10.874944439958746,34.43231930612153,2026-01-13
SYN_0589,9.54441388199821,69.88580589074328,150,8.924014921996399,34.488403639301055,2026-01-13
SYN_0589,9.54441388199821,69.88580589074328,200,8.242471660751242,34.581467739462965,2026-01-13
SYN_0590,10.801948935229461,71.6261710864679,0,28.358651632511524,34.796825390746534,2026-02-22
SYN_0590,10.801948935229461,71.6261710864679,10,24.576694470435225,34.76679805321633,2026-02-22
SYN_0590,10.801948935229461,71.6261710864679,25,20.08743650392202,34.62480434579784,2026-02-22
SYN_0590,10.801948935229461,71.6261710864679,50,15.352337615516346,34.65193453974616,2026-02-22
SYN_0590,10.801948935229461,71.6261710864679,75,12.488322555977817,34.48363355070967,2026-02-22
SYN_0590,10.801948935229461,71.6261710864679,100,10.991439359657937,34.42864193530416,2026-02-22
SYN_0590,10.801948935229461,71.6261710864679,150,8.871607707683253,34.547852091194365,2026-02-22
SYN_0590,10.801948935229461,71.6261710864679,200,8.655167729077661,34.279333680337444,2026-02-22
SYN_0591,24.556941746561137,73.53682818737957,0,27.62075208514166,35.27120082797735,2026-03-19
SYN_0591,24.556941746561137,73.53682818737957,10,23.653100021819565,35.23189172246252,2026-03-19
SYN_0591,24.556941746561137,73.53682818737957,25,19.676099915398556,34.92283250919101,2026-03-19
SYN_0591,24.556941746561137,73.53682818737957,50,14.805298252820634,34.71373586619128,2026-03-19
SYN_0591,24.556941746561137,73.53682818737957,75,12.33244874425367,34.55026759563133,2026-03-19
SYN_0591,24.556941746561137,73.53682818737957,100,10.466793729387625,34.624998733076595,2026-03-19
SYN_0591,24.556941746561137,73.53682818737957,150,8.499295832415353,34.725225447069135,2026-03-19
SYN_0591,24.556941746561137,73.53682818737957,200,8.052458432866048,34.64888873030216,2026-03-19
SYN_0592,19.631509552566673,68.48932035228779,0,27.955024997794766,34.9993710502487,2026-03-27
SYN_0592,19.631509552566673,68.48932035228779,10,23.949493665104058,35.098937272784546,2026-03-27
SYN_0592,19.631509552566673,68.48932035228779,25,19.969276781846183,34.80065695434915,2026-03-27
SYN_0592,19.631509552566673,68.48932035228779,50,15.348658047129632,34.58542671853613,2026-03-27
SYN_0592,19.631509552566673,68.48932035228779,75,12.741349711136762,34.303110266509954,2026-03-27
SYN_0592,19.631509552566673,68.48932035228779,100,10.4950492818064,34.57050326470595,2026-03-27
SYN_0592,19.631509552566673,68.48932035228779,150,9.032515594926616,34.425321291968295,2026-03-27
SYN_0592,19.631509552566673,68.48932035228779,200,8.329272892604141,34.42186498279363,2026-03-27
SYN_0593,5.079236685418005,74.84165148441784,0,27.653235277465548,35.1823585263441,2026-01-26
SYN_0593,5.079236685418005,74.84165148441784,10,23.951382178511604,34.94925455591492,2026-01-26
SYN_0593,5.079236685418005,74.84165148441784,25,19.32982698023424,35.12921889462332,2026-01-26
SYN_0593,5.079236685418005,74.84165148441784,50,15.217006425631984,34.73670889668872,2026-01-26
SYN_0593,5.079236685418005,74.84165148441784,75,11.88450794376838,34.84232003239452,2026-01-26
SYN_0593,5.079236685418005,74.84165148441784,100,10.240153112899133,34.69986852762114,2026-01-26
SYN_0593,5.079236685418005,74.84165148441784,150,8.507428293975648,34.80924835912859,2026-01-26
SYN_0593,5.079236685418005,74.84165148441784,200,7.750501153285054,34.84096076803097,2026-01-26
SYN_0594,22.245850591084228,71.85084331318701,0,27.726990565623463,35.056120943987814,2026-05-24
SYN_0594,22.245850591084228,71.85084331318701,10,23.813474146031403,35.17765965865758,2026-05-24
SYN_0594,22.245850591084228,71.85084331318701,25,20.05235514417978,34.76707053772017,2026-05-24
SYN_0594,22.245850591084228,71.85084331318701,50,14.847552235225736,34.829730020099824,2026-05-24
SYN_0594,22.245850591084228,71.85084331318701,75,12.20082087671938,34.65087854548383,2026-05-24
SYN_0594,22.245850591084228,71.85084331318701,100,10.621813244394888,34.48957908697899,2026-05-24
SYN_0594,22.245850591084228,71.85084331318701,150,8.732183600363726,34.65085910853012,2026-05-24
SYN_0594,22.245850591084228,71.85084331318701,200,8.2960508773694,34.48029354636381,2026-05-24
SYN_0595,23.731388498066792,68.75610633671967,0,28.043396379660955,35.00157101401049,2026-01-07
SYN_0595,23.731388498066792,68.75610633671967,10,24.115741745223897,34.963609097680525,2026-01-07
SYN_0595,23.731388498066792,68.75610633671967,25,20.09726187663697,34.73529182749876,2026-01-07
SYN_0595,23.731388498066792,68.75610633671967,50,15.33019729194179,34.62742464148392,2026-01-07
SYN_0595,23.731388498066792,68.75610633671967,75,12.349628112670125,34.52731422362638,2026-01-07
SYN_0595,23.731388498066792,68.75610633671967,100,10.646904691651969,34.510944804418145,2026-01-07
SYN_0595,23.731388498066792,68.75610633671967,150,8.852241666325119,34.585934094578036,2026-01-07
SYN_0595,23.731388498066792,68.75610633671967,200,8.34890484354092,34.554379842718966,2026-01-07
SYN_0596,12.221811579905854,75.91554970811221,0,28.341359383049575,34.817834528802955,2026-04-17
SYN_0596,12.221811579905854,75.91554970811221,10,24.462089478674656,34.7922903176627,2026-04-17
SYN_0596,12.221811579905854,75.91554970811221,25,20.399111921011414,34.577420667647466,2026-04-17
SYN_0596,12.221811579905854,75.91554970811221,50,15.655203006123,34.490385051874924,2026-04-17
SYN_0596,12.221811579905854,75.91554970811221,75,12.575381614872713,34.503002581187445,2026-04-17
SYN_0596,12.221811579905854,75.91554970811221,100,11.092323239402033,34.402584338812055,2026-04-17
SYN_0596,12.221811579905854,75.91554970811221,150,9.333259865647943,34.29139164923292,2026-04-17
SYN_0596,12.221811579905854,75.91554970811221,200,8.775960895081472,34.30664028560419,2026-04-17
SYN_0597,11.329490632757167,69.34288315679838,0,27.98226480090161,34.92682696257038,2026-05-11
SYN_0597,11.329490632757167,69.34288315679838,10,24.3103005774829,34.86634993688032,2026-05-11
SYN_0597,11.329490632757167,69.34288315679838,25,20.12564891820522,34.70823623853699,2026-05-11
SYN_0597,11.329490632757167,69.34288315679838,50,15.447540618571493,34.50429191410605,2026-05-11
SYN_0597,11.329490632757167,69.34288315679838,75,12.608242503886512,34.48992093097912,2026-05-11
SYN_0597,11.329490632757167,69.34288315679838,100,10.650282505343005,34.53874131409832,2026-05-11
SYN_0597,11.329490632757167,69.34288315679838,150,9.194569831003832,34.450946185118056,2026-05-11
SYN_0597,11.329490632757167,69.34288315679838,200,8.63927770845099,34.34570273749413,2026-05-11
SYN_0598,23.295044492059,68.48134767326741,0,27.905397391102873,35.17807098270292,2026-01-26
SYN_0598,23.295044492059,68.48134767326741,10,24.193702299815435,34.91727788404184,2026-01-26
SYN_0598,23.295044492059,68.48134767326741,25,19.905102060219942,34.77777045793997,2026-01-26
SYN_0598,23.295044492059,68.48134767326741,50,15.129561462343304,34.7270422229289,2026-01-26
SYN_0598,23.295044492059,68.48134767326741,75,12.266567014603298,34.65279189226346,2026-01-26
SYN_0598,23.295044492059,68.48134767326741,100,10.589525340686395,34.64142937882062,2026-01-26
SYN_0598,23.295044492059,68.48134767326741,150,8.802555985863329,34.574013443865496,2026-01-26
SYN_0598,23.295044492059,68.48134767326741,200,8.306627105410078,34.55353607232817,2026-01-26
SYN_0599,10.365426879108224,67.65172192809918,0,28.09529602679036,34.96285139630884,2026-06-21
SYN_0599,10.365426879108224,67.65172192809918,10,24.4749160776304,34.8336041037862,2026-06-21
SYN_0599,10.365426879108224,67.65172192809918,25,20.11962964555387,34.77101175150895,2026-06-21
SYN_0599,10.365426879108224,67.65172192809918,50,15.546644613106473,34.49441722468971,2026-06-21
SYN_0599,10.365426879108224,67.65172192809918,75,12.196606104049435,34.665454248326775,2026-06-21
SYN_0599,10.365426879108224,67.65172192809918,100,10.659339139747294,34.57810958348572,2026-06-21
SYN_0599,10.365426879108224,67.65172192809918,150,9.084394877964813,34.444557859558095,2026-06-21
SYN_0599,10.365426879108224,67.65172192809918,200,8.513451979550899,34.42620814408315,2026-06-21
SYN_0600,22.54077258086609,65.93627914468455,0,28.07753321265083,34.92104323466973,2026-04-20
SYN_0600,22.54077258086609,65.93627914468455,10,24.654986890546763,34.65673395697856,2026-04-20
SYN_0600,22.54077258086609,65.93627914468455,25,20.072607584587622,34.69755083983914,2026-04-20
SYN_0600,22.54077258086609,65.93627914468455,50,15.415825410006416,34.56123267432842,2026-04-20
SYN_0600,22.54077258086609,65.93627914468455,75,12.419959116199784,34.598564394316455,2026-04-20
SYN_0600,22.54077258086609,65.93627914468455,100,10.614962558724706,34.591261555888195,2026-04-20
SYN_0600,22.54077258086609,65.93627914468455,150,8.882983848925898,34.619378042964094,2026-04-20
SYN_0600,22.54077258086609,65.93627914468455,200,8.205245047049766,34.61231325651121,2026-04-20
SYN_0601,7.981795374574332,65.44278325884292,0,27.896863182953865,34.95539654648347,2026-06-18
SYN_0601,7.981795374574332,65.44278325884292,10,24.335079317133555,34.88693913014228,2026-06-18
SYN_0601,7.981795374574332,65.44278325884292,25,20.365547632817538,34.62471429473692,2026-06-18
SYN_0601,7.981795374574332,65.44278325884292,50,15.264461456488913,34.641272257383015,2026-06-18
SYN_0601,7.981795374574332,65.44278325884292,75,12.445463008441898,34.52649095827124,2026-06-18
SYN_0601,7.981795374574332,65.44278325884292,100,10.834990599107698,34.43827184875661,2026-06-18
SYN_0601,7.981795374574332,65.44278325884292,150,9.013070196596635,34.53581467801913,2026-06-18
SYN_0601,7.981795374574332,65.44278325884292,200,8.541123112311636,34.428054231697175,2026-06-18
SYN_0602,23.11489271277895,84.4633291531923,0,28.508604849285415,34.82403276142949,2026-04-22
SYN_0602,23.11489271277895,84.4633291531923,10,24.262740112310542,34.88388710064955,2026-04-22
SYN_0602,23.11489271277895,84.4633291531923,25,20.52276093318716,34.4449462385271,2026-04-22
SYN_0602,23.11489271277895,84.4633291531923,50,15.643649632740182,34.39152242921935,2026-04-22
SYN_0602,23.11489271277895,84.4633291531923,75,12.667513649736634,34.37527614271103,2026-04-22
SYN_0602,23.11489271277895,84.4633291531923,100,11.080493606212789,34.31044784979363,2026-04-22
SYN_0602,23.11489271277895,84.4633291531923,150,9.136517089978884,34.351879793274364,2026-04-22
SYN_0602,23.11489271277895,84.4633291531923,200,8.311380677258583,34.53434673165377,2026-04-22
SYN_0603,6.3413125708275135,75.05867874166498,0,27.547105304617663,35.20307062347524,2026-02-16
SYN_0603,6.3413125708275135,75.05867874166498,10,23.79862297074315,35.16235473593494,2026-02-16
SYN_0603,6.3413125708275135,75.05867874166498,25,20.00955342379997,34.85950468227077,2026-02-16
SYN_0603,6.3413125708275135,75.05867874166498,50,14.944706454862853,34.82189685124065,2026-02-16
SYN_0603,6.3413125708275135,75.05867874166498,75,11.938495910420754,34.82057940913068,2026-02-16
SYN_0603,6.3413125708275135,75.05867874166498,100,10.137190861069584,34.79723281493931,2026-02-16
SYN_0603,6.3413125708275135,75.05867874166498,150,8.624499135456082,34.67688229221501,2026-02-16
SYN_0603,6.3413125708275135,75.05867874166498,200,8.137214282834558,34.74375710161126,2026-02-16
SYN_0604,17.3195834882089,83.84246627515009,0,27.93764242105484,35.023539439457416,2026-01-29
SYN_0604,17.3195834882089,83.84246627515009,10,24.090878637399424,35.04570921479735,2026-01-29
SYN_0604,17.3195834882089,83.84246627515009,25,20.118097127904026,34.77144571899181,2026-01-29
SYN_0604,17.3195834882089,83.84246627515009,50,15.254370573993132,34.61159727957428,2026-01-29
SYN_0604,17.3195834882089,83.84246627515009,75,12.334770299818711,34.619232874286595,2026-01-29
SYN_0604,17.3195834882089,83.84246627515009,100,10.578349969605176,34.512426803567855,2026-01-29
SYN_0604,17.3195834882089,83.84246627515009,150,8.619492720059569,34.7159980472756,2026-01-29
SYN_0604,17.3195834882089,83.84246627515009,200,8.233945465445691,34.59719286308619,2026-01-29
SYN_0605,17.87070956571462,72.87410845858008,0,28.262325789706658,34.79649063018006,2026-03-01
SYN_0605,17.87070956571462,72.87410845858008,10,24.855218091738347,34.64715250645514,2026-03-01
SYN_0605,17.87070956571462,72.87410845858008,25,20.39121245946413,34.59329406647514,2026-03-01
SYN_0605,17.87070956571462,72.87410845858008,50,15.616519149083054,34.46929581211149,2026-03-01
SYN_0605,17.87070956571462,72.87410845858008,75,12.729364550081549,34.29584530078729,2026-03-01
SYN_0605,17.87070956571462,72.87410845858008,100,11.241202288310046,34.24038620708282,2026-03-01
SYN_0605,17.87070956571462,72.87410845858008,150,9.162259237195284,34.4359870156561,2026-03-01
SYN_0605,17.87070956571462,72.87410845858008,200,8.592663782654563,34.3733938991753,2026-03-01
SYN_0606,19.71949742009656,75.60186126949533,0,27.983302017432706,35.06243295128324,2026-05-08
SYN_0606,19.71949742009656,75.60186126949533,10,24.313954680125157,34.927667218440405,2026-05-08
SYN_0606,19.71949742009656,75.60186126949533,25,20.300077194492914,34.64563823472845,2026-05-08
SYN_0606,19.71949742009656,75.60186126949533,50,15.637661076622166,34.46646650973864,2026-05-08
SYN_0606,19.71949742009656,75.60186126949533,75,12.499298671939213,34.64109350442123,2026-05-08
SYN_0606,19.71949742009656,75.60186126949533,100,10.706643142469932,34.48910156686213,2026-05-08
SYN_0606,19.71949742009656,75.60186126949533,150,8.761314991070046,34.584274685778645,2026-05-08
SYN_0606,19.71949742009656,75.60186126949533,200,8.423329557342612,34.40938777716465,2026-05-08
SYN_0607,17.30029716734165,67.43166614172482,0,28.12345345561279,34.96384842215022,2026-05-16
SYN_0607,17.30029716734165,67.43166614172482,10,24.05706153741195,34.996682319273496,2026-05-16
SYN_0607,17.30029716734165,67.43166614172482,25,20.006326427247338,34.82798171547007,2026-05-16
SYN_0607,17.30029716734165,67.43166614172482,50,15.202631630575747,34.71893922676404,2026-05-16
SYN_0607,17.30029716734165,67.43166614172482,75,12.253782970965968,34.670866436872764,2026-05-16
SYN_0607,17.30029716734165,67.43166614172482,100,10.620315743979797,34.480239750554404,2026-05-16
SYN_0607,17.30029716734165,67.43166614172482,150,8.959941747315717,34.577306715217276,2026-05-16
SYN_0607,17.30029716734165,67.43166614172482,200,8.566412607615177,34.37969594090121,2026-05-16
SYN_0608,11.66635630330484,73.8026540923534,0,28.12603439588947,34.81772269019895,2026-02-10
SYN_0608,11.66635630330484,73.8026540923534,10,24.839993676398336,34.666779438494,2026-02-10
SYN_0608,11.66635630330484,73.8026540923534,25,20.41136285100218,34.62176339740673,2026-02-10
SYN_0608,11.66635630330484,73.8026540923534,50,15.363910441165096,34.63585594320544,2026-02-10
SYN_0608,11.66635630330484,73.8026540923534,75,12.744252195468112,34.43717784144915,2026-02-10
SYN_0608,11.66635630330484,73.8026540923534,100,10.860666886526557,34.46471488123596,2026-02-10
SYN_0608,11.66635630330484,73.8026540923534,150,9.130848162346574,34.492234249001854,2026-02-10
SYN_0608,11.66635630330484,73.8026540923534,200,8.246679257014717,34.54951765903057,2026-02-10
SYN_0609,13.079129999860587,81.12782600922094,0,28.04383483158453,34.96351598390149,2026-05-09
SYN_0609,13.079129999860587,81.12782600922094,10,24.678176489266107,34.692345280928194,2026-05-09
SYN_0609,13.079129999860587,81.12782600922094,25,20.386953643619776,34.63309424420543,2026-05-09
SYN_0609,13.079129999860587,81.12782600922094,50,15.338400556891612,34.580906977027404,2026-05-09
SYN_0609,13.079129999860587,81.12782600922094,75,12.821714411773447,34.33728591374971,2026-05-09
SYN_0609,13.079129999860587,81.12782600922094,100,10.768004643546778,34.49271094506067,2026-05-09
SYN_0609,13.079129999860587,81.12782600922094,150,9.2126141663414,34.332867610370435,2026-05-09
SYN_0609,13.079129999860587,81.12782600922094,200,8.656311303153332,34.362730956342766,2026-05-09
SYN_0610,11.470947165933016,70.04938595042559,0,28.17714488765519,34.875013939871465,2026-04-02
SYN_0610,11.470947165933016,70.04938595042559,10,24.52604062829548,34.79037466528694,2026-04-02
SYN_0610,11.470947165933016,70.04938595042559,25,20.071177175289986,34.734482580925054,2026-04-02
SYN_0610,11.470947165933016,70.04938595042559,50,15.34973091232485,34.57981948187805,2026-04-02
SYN_0610,11.470947165933016,70.04938595042559,75,12.760131251124378,34.32604982150721,2026-04-02
SYN_0610,11.470947165933016,70.04938595042559,100,11.039735480137212,34.3860573374945,2026-04-02
SYN_0610,11.470947165933016,70.04938595042559,150,8.93492817568947,34.595614163808555,2026-04-02
SYN_0610,11.470947165933016,70.04938595042559,200,8.425242353346862,34.446051991728574,2026-04-02
SYN_0611,24.390531212797733,84.62489201364781,0,28.210506315226194,34.80479680037633,2026-04-15
SYN_0611,24.390531212797733,84.62489201364781,10,24.409325499343016,34.79848272344447,2026-04-15
SYN_0611,24.390531212797733,84.62489201364781,25,20.362776950565774,34.59486020535768,2026-04-15
SYN_0611,24.390531212797733,84.62489201364781,50,15.423617926020203,34.622922123146324,2026-04-15
SYN_0611,24.390531212797733,84.62489201364781,75,12.471835327897798,34.52951802953336,2026-04-15
SYN_0611,24.390531212797733,84.62489201364781,100,10.789536875636916,34.462616118824506,2026-04-15
SYN_0611,24.390531212797733,84.62489201364781,150,9.042256925251033,34.38329273080611,2026-04-15
SYN_0611,24.390531212797733,84.62489201364781,200,8.77340733997927,34.36961782083934,2026-04-15
SYN_0612,22.125926175979426,71.16710878457903,0,27.704879208200474,35.1723678986818,2026-04-05
SYN_0612,22.125926175979426,71.16710878457903,10,24.09538530197146,35.04074356442657,2026-04-05
SYN_0612,22.125926175979426,71.16710878457903,25,19.8709535342629,34.81401765457575,2026-04-05
SYN_0612,22.125926175979426,71.16710878457903,50,15.209976207087886,34.65367042870644,2026-04-05
SYN_0612,22.125926175979426,71.16710878457903,75,12.198720039263328,34.75364817710667,2026-04-05
SYN_0612,22.125926175979426,71.16710878457903,100,10.395135933350875,34.70320211246175,2026-04-05
SYN_0612,22.125926175979426,71.16710878457903,150,8.805913942825631,34.66835287021759,2026-04-05
SYN_0612,22.125926175979426,71.16710878457903,200,8.346944052339223,34.44576836872393,2026-04-05
SYN_0613,9.895589293215238,79.42413561066134,0,28.054845546276994,34.94426318860248,2026-01-24
SYN_0613,9.895589293215238,79.42413561066134,10,24.284400068854257,34.80847009891053,2026-01-24
SYN_0613,9.895589293215238,79.42413561066134,25,20.09625939580802,34.76420999183304,2026-01-24
SYN_0613,9.895589293215238,79.42413561066134,50,14.988487268970946,34.84408455007013,2026-01-24
SYN_0613,9.895589293215238,79.42413561066134,75,12.578285753085265,34.53874495449727,2026-01-24
SYN_0613,9.895589293215238,79.42413561066134,100,10.74301823703255,34.46449899207074,2026-01-24
SYN_0613,9.895589293215238,79.42413561066134,150,8.670195184189941,34.628504009714305,2026-01-24
SYN_0613,9.895589293215238,79.42413561066134,200,7.909124775735684,34.68234728890774,2026-01-24
SYN_0614,17.366306044630644,75.11159303659251,0,28.302259599526987,34.79363865061558,2026-01-19
SYN_0614,17.366306044630644,75.11159303659251,10,24.59581404743927,34.76115360922167,2026-01-19
SYN_0614,17.366306044630644,75.11159303659251,25,20.3213515335162,34.62573409716252,2026-01-19
SYN_0614,17.366306044630644,75.11159303659251,50,15.906299227610235,34.39479943037281,2026-01-19
SYN_0614,17.366306044630644,75.11159303659251,75,12.893543755193965,34.214706777925706,2026-01-19
SYN_0614,17.366306044630644,75.11159303659251,100,11.164235727294566,34.15548625322329,2026-01-19
SYN_0614,17.366306044630644,75.11159303659251,150,9.200971703368186,34.383664786748014,2026-01-19
SYN_0614,17.366306044630644,75.11159303659251,200,8.768252205349066,34.349032638694766,2026-01-19
SYN_0615,7.7127440304126065,72.68461076078698,0,27.820896118624827,35.14710812566792,2026-03-11
SYN_0615,7.7127440304126065,72.68461076078698,10,24.21896157547884,34.90227695560278,2026-03-11
SYN_0615,7.7127440304126065,72.68461076078698,25,19.813029275318325,34.82567450491448,2026-03-11
SYN_0615,7.7127440304126065,72.68461076078698,50,14.858959064207754,34.81392760280326,2026-03-11
SYN_0615,7.7127440304126065,72.68461076078698,75,12.182636635657202,34.71300371124271,2026-03-11
SYN_0615,7.7127440304126065,72.68461076078698,100,10.450390120336019,34.60341234515757,2026-03-11
SYN_0615,7.7127440304126065,72.68461076078698,150,8.70272227884557,34.66189208389358,2026-03-11
SYN_0615,7.7127440304126065,72.68461076078698,200,8.311439202702717,34.46832935264478,2026-03-11
SYN_0616,22.601133466681674,70.09154636427851,0,28.042828345508436,35.015477083418446,2026-02-06
SYN_0616,22.601133466681674,70.09154636427851,10,24.249965439532303,34.941672661711365,2026-02-06
SYN_0616,22.601133466681674,70.09154636427851,25,19.853678550129697,34.859324206759055,2026-02-06
SYN_0616,22.601133466681674,70.09154636427851,50,15.3424823666609,34.607121328921636,2026-02-06
SYN_0616,22.601133466681674,70.09154636427851,75,12.10436290458952,34.7235267481544,2026-02-06
SYN_0616,22.601133466681674,70.09154636427851,100,10.461813066436694,34.620878653307344,2026-02-06
SYN_0616,22.601133466681674,70.09154636427851,150,8.667715177539787,34.62434470224821,2026-02-06
SYN_0616,22.601133466681674,70.09154636427851,200,8.18405904851063,34.54889170576471,2026-02-06
SYN_0617,14.173072328182757,77.5677010443501,0,28.672642087774353,34.666824442642564,2026-05-06
SYN_0617,14.173072328182757,77.5677010443501,10,24.8641028942275,34.64640352218918,2026-05-06
SYN_0617,14.173072328182757,77.5677010443501,25,20.669478325333532,34.41735409725063,2026-05-06
SYN_0617,14.173072328182757,77.5677010443501,50,15.469801300700377,34.60782497301691,2026-05-06
SYN_0617,14.173072328182757,77.5677010443501,75,13.088516585792362,34.19527627106826,2026-05-06
SYN_0617,14.173072328182757,77.5677010443501,100,11.157082630667784,34.26254880636166,2026-05-06
SYN_0617,14.173072328182757,77.5677010443501,150,9.560500169936303,34.3104791072019,2026-05-06
SYN_0617,14.173072328182757,77.5677010443501,200,8.660186488253247,34.283420516136026,2026-05-06
SYN_0618,11.285401964418451,79.2421786570715,0,28.1011364915031,34.956743518199566,2026-05-21
SYN_0618,11.285401964418451,79.2421786570715,10,24.610724200129777,34.79491942778258,2026-05-21
SYN_0618,11.285401964418451,79.2421786570715,25,20.136928413973738,34.68808704628646,2026-05-21
SYN_0618,11.285401964418451,79.2421786570715,50,15.274184010461367,34.60220500129693,2026-05-21
SYN_0618,11.285401964418451,79.2421786570715,75,12.641795742344527,34.39103660670608,2026-05-21
SYN_0618,11.285401964418451,79.2421786570715,100,10.7724163822443,34.542076464766,2026-05-21
SYN_0618,11.285401964418451,79.2421786570715,150,9.10445577471992,34.54945724077303,2026-05-21
SYN_0618,11.285401964418451,79.2421786570715,200,8.468225608718969,34.321308105941576,2026-05-21
SYN_0619,24.31467402472459,84.41303266095579,0,28.028384490928982,34.997123881415845,2026-04-30
SYN_0619,24.31467402472459,84.41303266095579,10,24.467210250142163,34.793472016064825,2026-04-30
SYN_0619,24.31467402472459,84.41303266095579,25,20.16124682935124,34.72274277300447,2026-04-30
SYN_0619,24.31467402472459,84.41303266095579,50,15.619010751381813,34.454605830904036,2026-04-30
SYN_0619,24.31467402472459,84.41303266095579,75,12.447173871336403,34.49145519899309,2026-04-30
SYN_0619,24.31467402472459,84.41303266095579,100,11.112418276010159,34.335136435475526,2026-04-30
SYN_0619,24.31467402472459,84.41303266095579,150,9.099675346767501,34.481207075634906,2026-04-30
SYN_0619,24.31467402472459,84.41303266095579,200,8.707801872755178,34.319174183844915,2026-04-30
SYN_0620,11.892764410925967,79.25322872627406,0,28.176048295348227,34.86127143566676,2026-06-14
SYN_0620,11.892764410925967,79.25322872627406,10,24.5793932876371,34.751780388505836,2026-06-14
SYN_0620,11.892764410925967,79.25322872627406,25,20.22371944877418,34.657164578005585,2026-06-14
SYN_0620,11.892764410925967,79.25322872627406,50,15.408273810998072,34.56159578509518,2026-06-14
SYN_0620,11.892764410925967,79.25322872627406,75,12.601125404587142,34.51798629555099,2026-06-14
SYN_0620,11.892764410925967,79.25322872627406,100,10.555755185312222,34.667285308057124,2026-06-14
SYN_0620,11.892764410925967,79.25322872627406,150,9.098236080386497,34.435627422726924,2026-06-14
SYN_0620,11.892764410925967,79.25322872627406,200,8.269787181222528,34.54456189281448,2026-06-14
SYN_0621,8.362137224122675,79.68650626989998,0,27.65178120195312,35.17749175894278,2026-06-05
SYN_0621,8.362137224122675,79.68650626989998,10,24.531124293329643,34.793313240629956,2026-06-05
SYN_0621,8.362137224122675,79.68650626989998,25,20.008386892779797,34.841288359159385,2026-06-05
SYN_0621,8.362137224122675,79.68650626989998,50,15.319674748863763,34.60341543214848,2026-06-05
SYN_0621,8.362137224122675,79.68650626989998,75,12.328485437619518,34.629742113320205,2026-06-05
SYN_0621,8.362137224122675,79.68650626989998,100,10.960289123194231,34.37321189288504,2026-06-05
SYN_0621,8.362137224122675,79.68650626989998,150,8.915120283408566,34.60013676178764,2026-06-05
SYN_0621,8.362137224122675,79.68650626989998,200,8.06297934215298,34.67339327498686,2026-06-05
SYN_0622,11.294973989169257,79.66720565368809,0,28.33848926378875,34.87719793040814,2026-06-29
SYN_0622,11.294973989169257,79.66720565368809,10,24.424723083400696,34.84041425594269,2026-06-29
SYN_0622,11.294973989169257,79.66720565368809,25,20.325956222134078,34.66121424723025,2026-06-29
SYN_0622,11.294973989169257,79.66720565368809,50,15.428746036908137,34.63380711781251,2026-06-29
SYN_0622,11.294973989169257,79.66720565368809,75,12.502776323373423,34.43949548715553,2026-06-29
SYN_0622,11.294973989169257,79.66720565368809,100,10.932597394798266,34.2671650502207,2026-06-29
SYN_0622,11.294973989169257,79.66720565368809,150,9.0322027262604,34.4740955800415,2026-06-29
SYN_0622,11.294973989169257,79.66720565368809,200,8.400143924682585,34.553320322255786,2026-06-29
SYN_0623,21.84031039437016,71.8376264411223,0,27.892330662049144,35.085925206775435,2026-04-16
SYN_0623,21.84031039437016,71.8376264411223,10,23.65982295855872,35.245438622897346,2026-04-16
SYN_0623,21.84031039437016,71.8376264411223,25,19.737506242956755,34.79429048650543,2026-04-16
SYN_0623,21.84031039437016,71.8376264411223,50,15.064788156052444,34.72454754598249,2026-04-16
SYN_0623,21.84031039437016,71.8376264411223,75,12.286949439362246,34.63509891901223,2026-04-16
SYN_0623,21.84031039437016,71.8376264411223,100,10.468615845978078,34.57489768425731,2026-04-16
SYN_0623,21.84031039437016,71.8376264411223,150,8.683191374443687,34.57168786020063,2026-04-16
SYN_0623,21.84031039437016,71.8376264411223,200,8.202050308057416,34.66775853365692,2026-04-16
SYN_0624,8.242638905503403,76.53639575182504,0,27.750497318268152,35.088574247678864,2026-01-01
SYN_0624,8.242638905503403,76.53639575182504,10,23.899755756946092,35.08134003098366,2026-01-01
SYN_0624,8.242638905503403,76.53639575182504,25,20.345881280390774,34.54264767078844,2026-01-01
SYN_0624,8.242638905503403,76.53639575182504,50,15.004286477984166,34.742765636790516,2026-01-01
SYN_0624,8.242638905503403,76.53639575182504,75,12.201796195773792,34.68277181674093,2026-01-01
SYN_0624,8.242638905503403,76.53639575182504,100,10.478837845249176,34.61780554503578,2026-01-01
SYN_0624,8.242638905503403,76.53639575182504,150,8.750613110758025,34.696917634861485,2026-01-01
SYN_0624,8.242638905503403,76.53639575182504,200,8.126094736378318,34.60086002204188,2026-01-01
SYN_0625,20.468531134542925,67.07177309264058,0,28.210124087471545,34.9519026674879,2026-06-16
SYN_0625,20.468531134542925,67.07177309264058,10,24.638073189109953,34.67522777611356,2026-06-16
SYN_0625,20.468531134542925,67.07177309264058,25,20.44704533896775,34.574707281805864,2026-06-16
SYN_0625,20.468531134542925,67.07177309264058,50,15.312902602062005,34.72552279745536,2026-06-16
SYN_0625,20.468531134542925,67.07177309264058,75,12.649695717390562,34.399665060495586,2026-06-16
SYN_0625,20.468531134542925,67.07177309264058,100,10.687482899419972,34.624994087893455,2026-06-16
SYN_0625,20.468531134542925,67.07177309264058,150,8.708814194942773,34.765931678177225,2026-06-16
SYN_0625,20.468531134542925,67.07177309264058,200,8.459690190556518,34.37360471319161,2026-06-16
SYN_0626,24.868334102142576,82.62188792766892,0,28.285309325802885,34.91830784388732,2026-03-24
SYN_0626,24.868334102142576,82.62188792766892,10,24.420240647398067,34.879278952630735,2026-03-24
SYN_0626,24.868334102142576,82.62188792766892,25,19.82315328507789,34.8146272877255,2026-03-24
SYN_0626,24.868334102142576,82.62188792766892,50,15.452183263509813,34.58044110607354,2026-03-24
SYN_0626,24.868334102142576,82.62188792766892,75,12.54280672398248,34.521959660259334,2026-03-24
SYN_0626,24.868334102142576,82.62188792766892,100,10.784493664302751,34.49461624695887,2026-03-24
SYN_0626,24.868334102142576,82.62188792766892,150,9.036062366176273,34.519400792752805,2026-03-24
SYN_0626,24.868334102142576,82.62188792766892,200,8.501166300179028,34.42719118498221,2026-03-24
SYN_0627,11.713708829598312,80.21085969311613,0,28.059326094492476,34.97194272552538,2026-02-13
SYN_0627,11.713708829598312,80.21085969311613,10,24.54780004694199,34.867735033450195,2026-02-13
SYN_0627,11.713708829598312,80.21085969311613,25,20.149914141838227,34.698227788115325,2026-02-13
SYN_0627,11.713708829598312,80.21085969311613,50,15.662008686951209,34.36887617208566,2026-02-13
SYN_0627,11.713708829598312,80.21085969311613,75,12.821898481181968,34.34938441665514,2026-02-13
SYN_0627,11.713708829598312,80.21085969311613,100,10.831511625689295,34.503227046521346,2026-02-13
SYN_0627,11.713708829598312,80.21085969311613,150,8.943871264129228,34.53031761971968,2026-02-13
SYN_0627,11.713708829598312,80.21085969311613,200,8.516373488244982,34.4382497945413,2026-02-13
SYN_0628,15.953364690246927,79.22481183605879,0,28.61459705165222,34.709561195299315,2026-04-15
SYN_0628,15.953364690246927,79.22481183605879,10,24.657646888821645,34.698321096190554,2026-04-15
SYN_0628,15.953364690246927,79.22481183605879,25,20.708715555559117,34.450949678394096,2026-04-15
SYN_0628,15.953364690246927,79.22481183605879,50,15.523999347109367,34.55002741702809,2026-04-15
SYN_0628,15.953364690246927,79.22481183605879,75,12.681412744102774,34.420338361269295,2026-04-15
SYN_0628,15.953364690246927,79.22481183605879,100,11.142188135039161,34.22898275240966,2026-04-15
SYN_0628,15.953364690246927,79.22481183605879,150,9.428257615862385,34.27303391873912,2026-04-15
SYN_0628,15.953364690246927,79.22481183605879,200,8.804611762375876,34.30630687444901,2026-04-15
SYN_0629,20.052533148685647,81.34079557218358,0,27.917940157654595,35.062703366118896,2026-01-03
SYN_0629,20.052533148685647,81.34079557218358,10,24.595589948452997,34.758860290815406,2026-01-03
SYN_0629,20.052533148685647,81.34079557218358,25,20.21773024513845,34.6120595028763,2026-01-03
SYN_0629,20.052533148685647,81.34079557218358,50,15.161547649145135,34.71279095150702,2026-01-03
SYN_0629,20.052533148685647,81.34079557218358,75,12.471019937579193,34.51331275936675,2026-01-03
SYN_0629,20.052533148685647,81.34079557218358,100,10.672665088189397,34.553472979875046,2026-01-03
SYN_0629,20.052533148685647,81.34079557218358,150,9.133167331037873,34.40797782421844,2026-01-03
SYN_0629,20.052533148685647,81.34079557218358,200,8.277840695399792,34.63400336825914,2026-01-03
SYN_0630,7.827506527621104,79.46462301909425,0,27.59211943574783,35.22368128314669,2026-06-06
SYN_0630,7.827506527621104,79.46462301909425,10,24.18164469001277,35.01884975917916,2026-06-06
SYN_0630,7.827506527621104,79.46462301909425,25,20.256851658211268,34.59538932325728,2026-06-06
SYN_0630,7.827506527621104,79.46462301909425,50,15.102373676230167,34.76887070532097,2026-06-06
SYN_0630,7.827506527621104,79.46462301909425,75,11.980699481598775,34.77662701887431,2026-06-06
SYN_0630,7.827506527621104,79.46462301909425,100,10.676247012809041,34.46548894992202,2026-06-06
SYN_0630,7.827506527621104,79.46462301909425,150,9.142812834546516,34.39877649996511,2026-06-06
SYN_0630,7.827506527621104,79.46462301909425,200,8.346435524686768,34.56112979372397,2026-06-06
SYN_0631,7.484065879275477,83.8760941798348,0,28.076368549267045,34.94255038427746,2026-01-06
SYN_0631,7.484065879275477,83.8760941798348,10,24.580132856248554,34.78878148171348,2026-01-06
SYN_0631,7.484065879275477,83.8760941798348,25,19.93713854047164,34.925724554898935,2026-01-06
SYN_0631,7.484065879275477,83.8760941798348,50,15.458785980691854,34.55201059334905,2026-01-06
SYN_0631,7.484065879275477,83.8760941798348,75,12.421100187443242,34.634824080462096,2026-01-06
SYN_0631,7.484065879275477,83.8760941798348,100,10.848638705805133,34.49905982869936,2026-01-06
SYN_0631,7.484065879275477,83.8760941798348,150,9.09240935165552,34.41734702916312,2026-01-06
SYN_0631,7.484065879275477,83.8760941798348,200,8.37707149359877,34.575999817482035,2026-01-06
SYN_0632,24.350993834706827,70.54775004324786,0,27.798683291321318,35.09784751373292,2026-03-16
SYN_0632,24.350993834706827,70.54775004324786,10,24.0150418127346,35.04696174330051,2026-03-16
SYN_0632,24.350993834706827,70.54775004324786,25,19.759009074965515,34.86996746130039,2026-03-16
SYN_0632,24.350993834706827,70.54775004324786,50,15.092286608747902,34.754687376928494,2026-03-16
SYN_0632,24.350993834706827,70.54775004324786,75,12.327523075934952,34.67024471195306,2026-03-16
SYN_0632,24.350993834706827,70.54775004324786,100,10.246149975090477,34.72000896189071,2026-03-16
SYN_0632,24.350993834706827,70.54775004324786,150,8.764914566873191,34.61707224417002,2026-03-16
SYN_0632,24.350993834706827,70.54775004324786,200,8.346350694801636,34.56264199027368,2026-03-16
SYN_0633,6.169585272318228,73.37207234767936,0,27.848498794940024,35.08218703656697,2026-03-24
SYN_0633,6.169585272318228,73.37207234767936,10,23.931548989281357,35.09014281791387,2026-03-24
SYN_0633,6.169585272318228,73.37207234767936,25,19.647721465077762,35.00007755871262,2026-03-24
SYN_0633,6.169585272318228,73.37207234767936,50,14.573749658487875,34.96221734945502,2026-03-24
SYN_0633,6.169585272318228,73.37207234767936,75,12.000311200844418,34.786679060152366,2026-03-24
SYN_0633,6.169585272318228,73.37207234767936,100,10.409833913034714,34.6357618378955,2026-03-24
SYN_0633,6.169585272318228,73.37207234767936,150,8.48433760835509,34.85823448579667,2026-03-24
SYN_0633,6.169585272318228,73.37207234767936,200,7.847576720267241,34.787487836328786,2026-03-24
SYN_0634,24.443665504771857,77.30530735941946,0,27.672772957338765,35.11814503769881,2026-01-11
SYN_0634,24.443665504771857,77.30530735941946,10,24.087346078864968,34.94947152322182,2026-01-11
SYN_0634,24.443665504771857,77.30530735941946,25,19.782515115968348,34.837501556082856,2026-01-11
SYN_0634,24.443665504771857,77.30530735941946,50,15.31128440824857,34.68585131239292,2026-01-11
SYN_0634,24.443665504771857,77.30530735941946,75,11.970434576052273,34.80354623984776,2026-01-11
SYN_0634,24.443665504771857,77.30530735941946,100,10.217979239096364,34.664111668732794,2026-01-11
SYN_0634,24.443665504771857,77.30530735941946,150,8.510054906819525,34.777114776910324,2026-01-11
SYN_0634,24.443665504771857,77.30530735941946,200,7.780367694215448,34.803633308931126,2026-01-11
SYN_0635,8.417408676769508,84.78147952735694,0,28.07529496468791,35.01330367352835,2026-01-16
SYN_0635,8.417408676769508,84.78147952735694,10,24.644289094693626,34.774761160116356,2026-01-16
SYN_0635,8.417408676769508,84.78147952735694,25,20.348473426561423,34.6275049986224,2026-01-16
SYN_0635,8.417408676769508,84.78147952735694,50,15.344151446742838,34.70132135143588,2026-01-16
SYN_0635,8.417408676769508,84.78147952735694,75,12.760379790943059,34.42844482204572,2026-01-16
SYN_0635,8.417408676769508,84.78147952735694,100,10.804602406796635,34.46163650413494,2026-01-16
SYN_0635,8.417408676769508,84.78147952735694,150,9.168470762604663,34.35793495620582,2026-01-16
SYN_0635,8.417408676769508,84.78147952735694,200,8.503494477981418,34.383944414736526,2026-01-16
SYN_0636,14.318992527311273,68.40969727792142,0,28.331440764513665,34.91347643979134,2026-02-20
SYN_0636,14.318992527311273,68.40969727792142,10,24.46376018170451,34.84377209748456,2026-02-20
SYN_0636,14.318992527311273,68.40969727792142,25,20.25477750363488,34.707773036950336,2026-02-20
SYN_0636,14.318992527311273,68.40969727792142,50,15.591112874913497,34.521243459463,2026-02-20
SYN_0636,14.318992527311273,68.40969727792142,75,12.52271944495585,34.52603279715044,2026-02-20
SYN_0636,14.318992527311273,68.40969727792142,100,10.597298660218366,34.56578826883742,2026-02-20
SYN_0636,14.318992527311273,68.40969727792142,150,9.118454704011155,34.398941668713285,2026-02-20
SYN_0636,14.318992527311273,68.40969727792142,200,8.382077332455005,34.41224554966084,2026-02-20
SYN_0637,21.704938977710032,72.80788746138809,0,27.438944574746017,35.257325181313824,2026-02-10
SYN_0637,21.704938977710032,72.80788746138809,10,24.210202879254656,34.91422193009697,2026-02-10
SYN_0637,21.704938977710032,72.80788746138809,25,20.054837196760733,34.74266563638899,2026-02-10
SYN_0637,21.704938977710032,72.80788746138809,50,15.176315555831247,34.59608740965944,2026-02-10
SYN_0637,21.704938977710032,72.80788746138809,75,12.256563647345523,34.630697223403985,2026-02-10
SYN_0637,21.704938977710032,72.80788746138809,100,10.427764753502997,34.670240253787405,2026-02-10
SYN_0637,21.704938977710032,72.80788746138809,150,9.251321369173121,34.399998950709744,2026-02-10
SYN_0637,21.704938977710032,72.80788746138809,200,8.40281205323004,34.534536360405944,2026-02-10
SYN_0638,5.521665733694436,75.97446976698147,0,27.604393489857493,35.167254715526276,2026-05-02
SYN_0638,5.521665733694436,75.97446976698147,10,23.639046270912385,35.16287984505451,2026-05-02
SYN_0638,5.521665733694436,75.97446976698147,25,19.541621106950462,35.042060352543686,2026-05-02
SYN_0638,5.521665733694436,75.97446976698147,50,15.143763748948272,34.660500911291976,2026-05-02
SYN_0638,5.521665733694436,75.97446976698147,75,12.04932103692334,34.688496842241086,2026-05-02
SYN_0638,5.521665733694436,75.97446976698147,100,10.331946960053893,34.678121933742716,2026-05-02
SYN_0638,5.521665733694436,75.97446976698147,150,8.471038576552647,34.764326601566324,2026-05-02
SYN_0638,5.521665733694436,75.97446976698147,200,7.909269911545492,34.77500782747901,2026-05-02
SYN_0639,20.912705843469343,80.33550399051977,0,28.1829679920027,34.888263456351375,2026-03-23
SYN_0639,20.912705843469343,80.33550399051977,10,24.428091421271247,34.82666912011246,2026-03-23
SYN_0639,20.912705843469343,80.33550399051977,25,20.34641271809451,34.655052882629064,2026-03-23
SYN_0639,20.912705843469343,80.33550399051977,50,15.086805367053278,34.70483140474613,2026-03-23
SYN_0639,20.912705843469343,80.33550399051977,75,12.226709586776572,34.76603782222448,2026-03-23
SYN_0639,20.912705843469343,80.33550399051977,100,10.650805832298287,34.512454653242706,2026-03-23
SYN_0639,20.912705843469343,80.33550399051977,150,8.803299324300271,34.70783462448312,2026-03-23
SYN_0639,20.912705843469343,80.33550399051977,200,8.345413866336724,34.44156432233016,2026-03-23
SYN_0640,21.58985272970046,84.96142507184474,0,28.075513242798817,34.905237935591074,2026-06-05
SYN_0640,21.58985272970046,84.96142507184474,10,24.59826726004185,34.819391545050564,2026-06-05
SYN_0640,21.58985272970046,84.96142507184474,25,20.207992250531827,34.65086255437849,2026-06-05
SYN_0640,21.58985272970046,84.96142507184474,50,15.433508143656656,34.54979578122476,2026-06-05
SYN_0640,21.58985272970046,84.96142507184474,75,12.761570524846862,34.407963623791574,2026-06-05
SYN_0640,21.58985272970046,84.96142507184474,100,10.706530370680584,34.43853301799776,2026-06-05
SYN_0640,21.58985272970046,84.96142507184474,150,9.208134668868992,34.393379031744445,2026-06-05
SYN_0640,21.58985272970046,84.96142507184474,200,8.2802431927366,34.58427597490633,2026-06-05
SYN_0641,8.120276320470758,82.38913881316098,0,28.213123212173784,34.91474677290727,2026-03-20
SYN_0641,8.120276320470758,82.38913881316098,10,24.498091135964692,34.713276786481295,2026-03-20
SYN_0641,8.120276320470758,82.38913881316098,25,20.0751658276827,34.737961222971954,2026-03-20
SYN_0641,8.120276320470758,82.38913881316098,50,15.50374008343843,34.523785842268325,2026-03-20
SYN_0641,8.120276320470758,82.38913881316098,75,12.430541520705779,34.52560833970559,2026-03-20
SYN_0641,8.120276320470758,82.38913881316098,100,10.664302612777366,34.54471779993924,2026-03-20
SYN_0641,8.120276320470758,82.38913881316098,150,8.969507174528458,34.46252157922112,2026-03-20
SYN_0641,8.120276320470758,82.38913881316098,200,8.505541148661935,34.44696893956059,2026-03-20
SYN_0642,20.188228937737627,79.53498264566953,0,27.888841414529747,35.02290323023622,2026-02-10
SYN_0642,20.188228937737627,79.53498264566953,10,24.33815282017362,34.8046400798193,2026-02-10
SYN_0642,20.188228937737627,79.53498264566953,25,20.080552093496944,34.79662596011572,2026-02-10
SYN_0642,20.188228937737627,79.53498264566953,50,15.35349220084768,34.64721146415533,2026-02-10
SYN_0642,20.188228937737627,79.53498264566953,75,12.560330428208168,34.45968652997504,2026-02-10
SYN_0642,20.188228937737627,79.53498264566953,100,10.878584525981527,34.371810950061985,2026-02-10
SYN_0642,20.188228937737627,79.53498264566953,150,8.994229461802695,34.51036470465162,2026-02-10
SYN_0642,20.188228937737627,79.53498264566953,200,8.069864622260443,34.57971785559619,2026-02-10
SYN_0643,15.750784088486649,68.82678406002681,0,28.02013255837087,35.050496995639215,2026-05-23
SYN_0643,15.750784088486649,68.82678406002681,10,24.670610924247864,34.773470232468135,2026-05-23
SYN_0643,15.750784088486649,68.82678406002681,25,20.46366948399923,34.56965293796959,2026-05-23
SYN_0643,15.750784088486649,68.82678406002681,50,15.504571500398548,34.51975427452712,2026-05-23
SYN_0643,15.750784088486649,68.82678406002681,75,12.80619313397247,34.3840623020852,2026-05-23
SYN_0643,15.750784088486649,68.82678406002681,100,10.903421013340571,34.56847204820632,2026-05-23
SYN_0643,15.750784088486649,68.82678406002681,150,9.04676736833329,34.40882742213919,2026-05-23
SYN_0643,15.750784088486649,68.82678406002681,200,8.531129986147926,34.394961586796995,2026-05-23
SYN_0644,22.892405381361343,83.73544139374171,0,27.871702550631696,35.11845546352145,2026-02-05
SYN_0644,22.892405381361343,83.73544139374171,10,24.607488801655805,34.696635949270025,2026-02-05
SYN_0644,22.892405381361343,83.73544139374171,25,20.04455141908059,34.68182703723336,2026-02-05
SYN_0644,22.892405381361343,83.73544139374171,50,15.52011471192606,34.492353892043596,2026-02-05
SYN_0644,22.892405381361343,83.73544139374171,75,12.556238949719933,34.33211683256813,2026-02-05
SYN_0644,22.892405381361343,83.73544139374171,100,10.875411981888986,34.41331246610696,2026-02-05
SYN_0644,22.892405381361343,83.73544139374171,150,9.058439594827766,34.442412155196514,2026-02-05
SYN_0644,22.892405381361343,83.73544139374171,200,8.413430140723952,34.490928195575734,2026-02-05
SYN_0645,24.434334781321027,67.94200021006594,0,27.890822275785563,34.98302526875776,2026-01-08
SYN_0645,24.434334781321027,67.94200021006594,10,24.497974682727136,34.87379501740097,2026-01-08
SYN_0645,24.434334781321027,67.94200021006594,25,20.109179640809074,34.59704930742894,2026-01-08
SYN_0645,24.434334781321027,67.94200021006594,50,15.752291155023308,34.43504343134135,2026-01-08
SYN_0645,24.434334781321027,67.94200021006594,75,12.084458965426457,34.739229890540045,2026-01-08
SYN_0645,24.434334781321027,67.94200021006594,100,10.447030826617842,34.670082509262365,2026-01-08
SYN_0645,24.434334781321027,67.94200021006594,150,9.11260167949736,34.46180332418506,2026-01-08
SYN_0645,24.434334781321027,67.94200021006594,200,8.236789350145184,34.603314898436274,2026-01-08
SYN_0646,15.15141241905324,80.59182192015088,0,27.829333871000454,35.065414457645886,2026-01-25
SYN_0646,15.15141241905324,80.59182192015088,10,24.543107548474,34.75545130536312,2026-01-25
SYN_0646,15.15141241905324,80.59182192015088,25,20.296378339033073,34.70412694459408,2026-01-25
SYN_0646,15.15141241905324,80.59182192015088,50,15.458797627399688,34.48184788943484,2026-01-25
SYN_0646,15.15141241905324,80.59182192015088,75,12.810892725103084,34.360291494489,2026-01-25
SYN_0646,15.15141241905324,80.59182192015088,100,10.963958785235725,34.400818174830064,2026-01-25
SYN_0646,15.15141241905324,80.59182192015088,150,9.510771096328744,34.337121182295334,2026-01-25
SYN_0646,15.15141241905324,80.59182192015088,200,8.449024136379501,34.48221677985836,2026-01-25
SYN_0647,16.251621075293258,67.66513011666024,0,28.086214039369896,34.9282118536493,2026-06-15
SYN_0647,16.251621075293258,67.66513011666024,10,24.47814048816861,34.86587100294934,2026-06-15
SYN_0647,16.251621075293258,67.66513011666024,25,20.448727649164876,34.591774883358,2026-06-15
SYN_0647,16.251621075293258,67.66513011666024,50,15.034540046554064,34.820877344254164,2026-06-15
SYN_0647,16.251621075293258,67.66513011666024,75,12.359655282710056,34.54221106486631,2026-06-15
SYN_0647,16.251621075293258,67.66513011666024,100,10.914942178068532,34.311852728642684,2026-06-15
SYN_0647,16.251621075293258,67.66513011666024,150,9.04312722050233,34.39945510794616,2026-06-15
SYN_0647,16.251621075293258,67.66513011666024,200,8.49128081908402,34.441638981354195,2026-06-15
SYN_0648,5.173584831917504,79.20972136579128,0,27.793475585005762,35.082173364277736,2026-06-26
SYN_0648,5.173584831917504,79.20972136579128,10,24.042574741664556,35.006738178127534,2026-06-26
SYN_0648,5.173584831917504,79.20972136579128,25,19.998614565944088,34.72617432350191,2026-06-26
SYN_0648,5.173584831917504,79.20972136579128,50,15.028410001744556,34.76671540373816,2026-06-26
SYN_0648,5.173584831917504,79.20972136579128,75,12.118323648444278,34.737193739669394,2026-06-26
SYN_0648,5.173584831917504,79.20972136579128,100,10.373998085416597,34.699149959372136,2026-06-26
SYN_0648,5.173584831917504,79.20972136579128,150,8.68065406304011,34.644809555834215,2026-06-26
SYN_0648,5.173584831917504,79.20972136579128,200,8.103485690383643,34.65177706231202,2026-06-26
SYN_0649,9.745169752693808,74.94261606968425,0,27.637804777397378,35.19887870404433,2026-02-06
SYN_0649,9.745169752693808,74.94261606968425,10,24.088971020957594,35.10591148586519,2026-02-06
SYN_0649,9.745169752693808,74.94261606968425,25,19.95063253712138,34.7161184614414,2026-02-06
SYN_0649,9.745169752693808,74.94261606968425,50,15.270028683764096,34.676718723460915,2026-02-06
SYN_0649,9.745169752693808,74.94261606968425,75,12.237077487717382,34.64183384488947,2026-02-06
SYN_0649,9.745169752693808,74.94261606968425,100,10.569543740921349,34.65125046335183,2026-02-06
SYN_0649,9.745169752693808,74.94261606968425,150,9.121941636862877,34.446581975321095,2026-02-06
SYN_0649,9.745169752693808,74.94261606968425,200,8.23909169184023,34.59953831078413,2026-02-06
SYN_0650,19.23969291958432,83.28534489144593,0,27.853898027940538,35.117135807377615,2026-06-10
SYN_0650,19.23969291958432,83.28534489144593,10,24.26027149727971,34.863328697071935,2026-06-10
SYN_0650,19.23969291958432,83.28534489144593,25,20.375423669032376,34.600912523311464,2026-06-10
SYN_0650,19.23969291958432,83.28534489144593,50,15.21249983292921,34.59380714150337,2026-06-10
SYN_0650,19.23969291958432,83.28534489144593,75,12.536153150000125,34.549629258799065,2026-06-10
SYN_0650,19.23969291958432,83.28534489144593,100,10.65437406639887,34.579667704671344,2026-06-10
SYN_0650,19.23969291958432,83.28534489144593,150,9.11330348500074,34.429827852022676,2026-06-10
SYN_0650,19.23969291958432,83.28534489144593,200,8.488887948930454,34.4341101307387,2026-06-10
SYN_0651,20.57158908270432,72.86933437480559,0,27.82048704960657,34.9398461172722,2026-06-18
SYN_0651,20.57158908270432,72.86933437480559,10,24.744626698971057,34.73680689626005,2026-06-18
SYN_0651,20.57158908270432,72.86933437480559,25,20.035944424960025,34.738582025058264,2026-06-18
SYN_0651,20.57158908270432,72.86933437480559,50,15.707887243563322,34.423778395701035,2026-06-18
SYN_0651,20.57158908270432,72.86933437480559,75,12.473362982057532,34.534869853073104,2026-06-18
SYN_0651,20.57158908270432,72.86933437480559,100,10.611065261916051,34.58955569696168,2026-06-18
SYN_0651,20.57158908270432,72.86933437480559,150,8.671433404501355,34.60635324620603,2026-06-18
SYN_0651,20.57158908270432,72.86933437480559,200,8.106204737199548,34.55244559123645,2026-06-18
SYN_0652,16.041533925624954,70.85499650374013,0,28.279118214956213,34.816634304430934,2026-01-20
SYN_0652,16.041533925624954,70.85499650374013,10,24.652353075330403,34.718810520944835,2026-01-20
SYN_0652,16.041533925624954,70.85499650374013,25,20.543955319193106,34.45391564834072,2026-01-20
SYN_0652,16.041533925624954,70.85499650374013,50,15.585511196364662,34.42682166778553,2026-01-20
SYN_0652,16.041533925624954,70.85499650374013,75,12.750758460559794,34.399016876448904,2026-01-20
SYN_0652,16.041533925624954,70.85499650374013,100,11.149142970495419,34.2842706387194,2026-01-20
SYN_0652,16.041533925624954,70.85499650374013,150,9.423422035663728,34.22229821169264,2026-01-20
SYN_0652,16.041533925624954,70.85499650374013,200,8.605077961058516,34.38505369629135,2026-01-20
SYN_0653,11.823638228167324,79.95033793495013,0,28.12964105544345,35.03947973155439,2026-06-10
SYN_0653,11.823638228167324,79.95033793495013,10,24.812369875130333,34.656592970084766,2026-06-10
SYN_0653,11.823638228167324,79.95033793495013,25,20.290806727597115,34.61924051006393,2026-06-10
SYN_0653,11.823638228167324,79.95033793495013,50,15.407759390403008,34.57141758882494,2026-06-10
SYN_0653,11.823638228167324,79.95033793495013,75,12.647094880805756,34.536029413488805,2026-06-10
SYN_0653,11.823638228167324,79.95033793495013,100,10.673168079117547,34.41251001133474,2026-06-10
SYN_0653,11.823638228167324,79.95033793495013,150,9.076439501246861,34.42809878462022,2026-06-10
SYN_0653,11.823638228167324,79.95033793495013,200,8.485803288048796,34.42155674566441,2026-06-10
SYN_0654,16.37600697767516,66.9407155701985,0,27.929074746845725,35.05619902412326,2026-06-01
SYN_0654,16.37600697767516,66.9407155701985,10,24.319939926471804,34.78882956052231,2026-06-01
SYN_0654,16.37600697767516,66.9407155701985,25,19.805189328763543,34.918301568080906,2026-06-01
SYN_0654,16.37600697767516,66.9407155701985,50,15.265444422144665,34.62797163082651,2026-06-01
SYN_0654,16.37600697767516,66.9407155701985,75,12.462914577767908,34.55115286528999,2026-06-01
SYN_0654,16.37600697767516,66.9407155701985,100,10.808264443779395,34.47258262678738,2026-06-01
SYN_0654,16.37600697767516,66.9407155701985,150,8.90671503990858,34.58097522314345,2026-06-01
SYN_0654,16.37600697767516,66.9407155701985,200,8.491528872871417,34.47090610855059,2026-06-01
SYN_0655,7.080013516609213,70.57166094598301,0,27.661127297620403,35.09232670648044,2026-05-20
SYN_0655,7.080013516609213,70.57166094598301,10,24.26966986132633,34.92492217788848,2026-05-20
SYN_0655,7.080013516609213,70.57166094598301,25,19.78681892166725,34.838911486180336,2026-05-20
SYN_0655,7.080013516609213,70.57166094598301,50,15.29028982772609,34.70849115604283,2026-05-20
SYN_0655,7.080013516609213,70.57166094598301,75,12.247625572786385,34.662020510873056,2026-05-20
SYN_0655,7.080013516609213,70.57166094598301,100,10.315649104862896,34.71459764551883,2026-05-20
SYN_0655,7.080013516609213,70.57166094598301,150,8.841207676848107,34.66244107428394,2026-05-20
SYN_0655,7.080013516609213,70.57166094598301,200,8.04414774943297,34.658097377589414,2026-05-20
SYN_0656,14.372827971671057,66.62908429468801,0,27.98746653012947,35.17485777565611,2026-04-10
SYN_0656,14.372827971671057,66.62908429468801,10,24.277979763336738,34.89863819891774,2026-04-10
SYN_0656,14.372827971671057,66.62908429468801,25,20.13254614220312,34.719238063365765,2026-04-10
SYN_0656,14.372827971671057,66.62908429468801,50,15.319315685269373,34.58725889431116,2026-04-10
SYN_0656,14.372827971671057,66.62908429468801,75,12.397040701804594,34.547230515392805,2026-04-10
SYN_0656,14.372827971671057,66.62908429468801,100,10.151836461158183,34.82021769922066,2026-04-10
SYN_0656,14.372827971671057,66.62908429468801,150,8.674069400220697,34.6366089930912,2026-04-10
SYN_0656,14.372827971671057,66.62908429468801,200,8.400671403105488,34.48797834643595,2026-04-10
SYN_0657,16.477631815305152,69.86964953211641,0,28.165203875115544,35.00044080802244,2026-06-12
SYN_0657,16.477631815305152,69.86964953211641,10,24.636952073642668,34.73555956233251,2026-06-12
SYN_0657,16.477631815305152,69.86964953211641,25,20.406052731840852,34.570749249516155,2026-06-12
SYN_0657,16.477631815305152,69.86964953211641,50,15.669603966984814,34.41951410724124,2026-06-12
SYN_0657,16.477631815305152,69.86964953211641,75,12.655417121353274,34.44268985287412,2026-06-12
SYN_0657,16.477631815305152,69.86964953211641,100,11.00707434755554,34.31811751731531,2026-06-12
SYN_0657,16.477631815305152,69.86964953211641,150,9.401285108165718,34.29796084888357,2026-06-12
SYN_0657,16.477631815305152,69.86964953211641,200,8.733455268722738,34.29936794730029,2026-06-12
SYN_0658,21.94912037126705,67.16373314649321,0,27.949530361769508,34.97027446304965,2026-01-13
SYN_0658,21.94912037126705,67.16373314649321,10,24.37922683399167,34.84596868651909,2026-01-13
SYN_0658,21.94912037126705,67.16373314649321,25,20.13016269870071,34.806563061546434,2026-01-13
SYN_0658,21.94912037126705,67.16373314649321,50,15.063414680397011,34.77489253844218,2026-01-13
SYN_0658,21.94912037126705,67.16373314649321,75,12.689354293658983,34.41005004104281,2026-01-13
SYN_0658,21.94912037126705,67.16373314649321,100,11.058800060457866,34.37156478521497,2026-01-13
SYN_0658,21.94912037126705,67.16373314649321,150,9.08445236741678,34.437213481667435,2026-01-13
SYN_0658,21.94912037126705,67.16373314649321,200,8.406960360492969,34.52202119871826,2026-01-13
SYN_0659,17.580606627024945,67.8488526766487,0,28.11884564265363,34.930004343205425,2026-04-07
SYN_0659,17.580606627024945,67.8488526766487,10,24.438237312552083,34.786957876097546,2026-04-07
SYN_0659,17.580606627024945,67.8488526766487,25,19.960684773531423,34.86130734335656,2026-04-07
SYN_0659,17.580606627024945,67.8488526766487,50,15.36979902345465,34.627965174893276,2026-04-07
SYN_0659,17.580606627024945,67.8488526766487,75,12.683247510189725,34.5142130206318,2026-04-07
SYN_0659,17.580606627024945,67.8488526766487,100,10.440573666463841,34.64708343892294,2026-04-07
SYN_0659,17.580606627024945,67.8488526766487,150,9.046407874270187,34.49165834238597,2026-04-07
SYN_0659,17.580606627024945,67.8488526766487,200,8.252771802662384,34.51704412417568,2026-04-07
SYN_0660,21.770743795951958,68.62634952164204,0,27.533428812632806,35.27955494405074,2026-06-19
SYN_0660,21.770743795951958,68.62634952164204,10,24.30594065993712,34.73911085250621,2026-06-19
SYN_0660,21.770743795951958,68.62634952164204,25,20.147385795783382,34.60444046441572,2026-06-19
SYN_0660,21.770743795951958,68.62634952164204,50,15.28414924179325,34.60789250029301,2026-06-19
SYN_0660,21.770743795951958,68.62634952164204,75,12.460911779177247,34.70777256390687,2026-06-19
SYN_0660,21.770743795951958,68.62634952164204,100,10.643315202719073,34.62452588561162,2026-06-19
SYN_0660,21.770743795951958,68.62634952164204,150,9.234143715712415,34.402412995722614,2026-06-19
SYN_0660,21.770743795951958,68.62634952164204,200,7.976752573914882,34.666398691784124,2026-06-19
SYN_0661,21.78472296227525,74.51663190002583,0,27.78209792563349,35.04678310030278,2026-02-17
SYN_0661,21.78472296227525,74.51663190002583,10,24.31519120878218,34.7980097476148,2026-02-17
SYN_0661,21.78472296227525,74.51663190002583,25,20.08777303539276,34.71069131642877,2026-02-17
SYN_0661,21.78472296227525,74.51663190002583,50,14.838020888485783,34.876275901983334,2026-02-17
SYN_0661,21.78472296227525,74.51663190002583,75,12.152517985077573,34.665220154769564,2026-02-17
SYN_0661,21.78472296227525,74.51663190002583,100,10.63218315802949,34.551877140046145,2026-02-17
SYN_0661,21.78472296227525,74.51663190002583,150,8.909657880549574,34.56751143487393,2026-02-17
SYN_0661,21.78472296227525,74.51663190002583,200,8.36441253114318,34.423389976971386,2026-02-17
SYN_0662,14.198643932507775,72.568761760969,0,28.414024638401603,34.788777430377074,2026-02-08
SYN_0662,14.198643932507775,72.568761760969,10,24.75226369930964,34.680108832787546,2026-02-08
SYN_0662,14.198643932507775,72.568761760969,25,20.545091240123057,34.54384545724377,2026-02-08
SYN_0662,14.198643932507775,72.568761760969,50,15.894735988612787,34.33735391590454,2026-02-08
SYN_0662,14.198643932507775,72.568761760969,75,12.783364677670438,34.403720988258236,2026-02-08
SYN_0662,14.198643932507775,72.568761760969,100,11.126855358859899,34.29134260773344,2026-02-08
SYN_0662,14.198643932507775,72.568761760969,150,9.311453423085794,34.321732808043656,2026-02-08
SYN_0662,14.198643932507775,72.568761760969,200,8.721838232430592,34.34108941070221,2026-02-08
SYN_0663,14.473295139043765,83.43166268121053,0,27.843329330457557,35.0922092968381,2026-02-17
SYN_0663,14.473295139043765,83.43166268121053,10,24.4709206891683,34.88120749591778,2026-02-17
SYN_0663,14.473295139043765,83.43166268121053,25,20.289310158890117,34.657514869790866,2026-02-17
SYN_0663,14.473295139043765,83.43166268121053,50,15.211889543788091,34.631795308266916,2026-02-17
SYN_0663,14.473295139043765,83.43166268121053,75,12.260592684657405,34.59064805480667,2026-02-17
SYN_0663,14.473295139043765,83.43166268121053,100,10.684440035104343,34.519589961483,2026-02-17
SYN_0663,14.473295139043765,83.43166268121053,150,8.940273289096519,34.51596428537364,2026-02-17
SYN_0663,14.473295139043765,83.43166268121053,200,8.204601157931576,34.58573201327353,2026-02-17
SYN_0664,9.651370821466625,84.24523330275798,0,28.09175005873154,34.936134859897635,2026-04-10
SYN_0664,9.651370821466625,84.24523330275798,10,24.586406090854027,34.73208555895688,2026-04-10
SYN_0664,9.651370821466625,84.24523330275798,25,20.14527380696826,34.67840527867076,2026-04-10
SYN_0664,9.651370821466625,84.24523330275798,50,15.473266800465874,34.490711908817985,2026-04-10
SYN_0664,9.651370821466625,84.24523330275798,75,12.614370581183401,34.470474168315214,2026-04-10
SYN_0664,9.651370821466625,84.24523330275798,100,10.912742046441458,34.341648019300514,2026-04-10
SYN_0664,9.651370821466625,84.24523330275798,150,9.114675884712385,34.49340471151261,2026-04-10
SYN_0664,9.651370821466625,84.24523330275798,200,8.449403360858236,34.40910462174901,2026-04-10
SYN_0665,5.92067563122725,70.72137884597012,0,28.00259588431467,34.997102503015846,2026-06-19
SYN_0665,5.92067563122725,70.72137884597012,10,23.89398250504644,35.103841116521686,2026-06-19
SYN_0665,5.92067563122725,70.72137884597012,25,19.72581437444293,34.82447228817998,2026-06-19
SYN_0665,5.92067563122725,70.72137884597012,50,14.850319820184108,34.84506802467216,2026-06-19
SYN_0665,5.92067563122725,70.72137884597012,75,12.439935818929444,34.446880799518055,2026-06-19
SYN_0665,5.92067563122725,70.72137884597012,100,10.506353293750283,34.635957462923166,2026-06-19
SYN_0665,5.92067563122725,70.72137884597012,150,8.387385573276012,34.84661644559929,2026-06-19
SYN_0665,5.92067563122725,70.72137884597012,200,7.908964426863744,34.77020035478292,2026-06-19
SYN_0666,8.699993950039588,69.60735326849633,0,27.83385161595424,35.05940292503704,2026-03-20
SYN_0666,8.699993950039588,69.60735326849633,10,24.015676937789674,34.933137633543026,2026-03-20
SYN_0666,8.699993950039588,69.60735326849633,25,20.21896842705612,34.673926600150914,2026-03-20
SYN_0666,8.699993950039588,69.60735326849633,50,15.070565019556671,34.627705749993055,2026-03-20
SYN_0666,8.699993950039588,69.60735326849633,75,12.472987934264573,34.49422970996858,2026-03-20
SYN_0666,8.699993950039588,69.60735326849633,100,10.552526704725558,34.64917639081966,2026-03-20
SYN_0666,8.699993950039588,69.60735326849633,150,8.548659004530904,34.75822794021706,2026-03-20
SYN_0666,8.699993950039588,69.60735326849633,200,7.993544530025525,34.71110009153162,2026-03-20
SYN_0667,10.784017749820096,72.3461897121736,0,28.09339589951306,34.935708360429146,2026-01-25
SYN_0667,10.784017749820096,72.3461897121736,10,24.40882160813311,34.84459988483834,2026-01-25
SYN_0667,10.784017749820096,72.3461897121736,25,19.993416449730894,34.805004040308965,2026-01-25
SYN_0667,10.784017749820096,72.3461897121736,50,15.461702058718258,34.56703550387647,2026-01-25
SYN_0667,10.784017749820096,72.3461897121736,75,12.70503586846623,34.43060930593744,2026-01-25
SYN_0667,10.784017749820096,72.3461897121736,100,11.034801898207666,34.369780033066625,2026-01-25
SYN_0667,10.784017749820096,72.3461897121736,150,9.097507174508248,34.42631344843233,2026-01-25
SYN_0667,10.784017749820096,72.3461897121736,200,8.623986940051566,34.3520652503292,2026-01-25
SYN_0668,21.98326140287241,76.74772381517614,0,27.996506020677604,34.98801757738365,2026-01-13
SYN_0668,21.98326140287241,76.74772381517614,10,24.487707871608723,34.84488707599259,2026-01-13
SYN_0668,21.98326140287241,76.74772381517614,25,20.026430591503996,34.83682978676988,2026-01-13
SYN_0668,21.98326140287241,76.74772381517614,50,15.378686202462772,34.57373302508819,2026-01-13
SYN_0668,21.98326140287241,76.74772381517614,75,12.255690819839456,34.661659976812366,2026-01-13
SYN_0668,21.98326140287241,76.74772381517614,100,10.564077473606192,34.61150629452287,2026-01-13
SYN_0668,21.98326140287241,76.74772381517614,150,8.728456797293811,34.63668223586562,2026-01-13
SYN_0668,21.98326140287241,76.74772381517614,200,8.208860750417792,34.546482816464625,2026-01-13
SYN_0669,19.217133469325624,69.07637360369766,0,28.077141325299948,34.90555833347999,2026-01-05
SYN_0669,19.217133469325624,69.07637360369766,10,24.512730555164744,34.751213666970756,2026-01-05
SYN_0669,19.217133469325624,69.07637360369766,25,20.01363260913983,34.73141575792052,2026-01-05
SYN_0669,19.217133469325624,69.07637360369766,50,15.577556568289602,34.5193314514323,2026-01-05
SYN_0669,19.217133469325624,69.07637360369766,75,12.068945358007317,34.70801758870636,2026-01-05
SYN_0669,19.217133469325624,69.07637360369766,100,10.648149583606205,34.53675920641177,2026-01-05
SYN_0669,19.217133469325624,69.07637360369766,150,8.922992808193824,34.5056374362844,2026-01-05
SYN_0669,19.217133469325624,69.07637360369766,200,8.35246507347023,34.46370052169045,2026-01-05
SYN_0670,19.875155242820195,81.6583655625726,0,28.090263158998134,35.02646287368965,2026-06-15
SYN_0670,19.875155242820195,81.6583655625726,10,24.212048228324857,34.85896321862334,2026-06-15
SYN_0670,19.875155242820195,81.6583655625726,25,19.94480357608154,34.800917075168186,2026-06-15
SYN_0670,19.875155242820195,81.6583655625726,50,15.417291399508336,34.5255085204178,2026-06-15
SYN_0670,19.875155242820195,81.6583655625726,75,12.492040175749482,34.47312171655923,2026-06-15
SYN_0670,19.875155242820195,81.6583655625726,100,10.935592033156647,34.424806532337264,2026-06-15
SYN_0670,19.875155242820195,81.6583655625726,150,9.043017404483615,34.46027420013754,2026-06-15
SYN_0670,19.875155242820195,81.6583655625726,200,8.068396030685967,34.66014099854323,2026-06-15
SYN_0671,22.67845083922525,75.87554617679771,0,27.566960373749946,35.18863434742381,2026-04-15
SYN_0671,22.67845083922525,75.87554617679771,10,24.243867258846052,34.870136840523415,2026-04-15
SYN_0671,22.67845083922525,75.87554617679771,25,19.877191096835123,34.83353860137601,2026-04-15
SYN_0671,22.67845083922525,75.87554617679771,50,15.118921225887552,34.65096276829498,2026-04-15
SYN_0671,22.67845083922525,75.87554617679771,75,12.182466819521633,34.651211018220195,2026-04-15
SYN_0671,22.67845083922525,75.87554617679771,100,10.470883044560514,34.63439124690999,2026-04-15
SYN_0671,22.67845083922525,75.87554617679771,150,8.485055498889995,34.74049568868216,2026-04-15
SYN_0671,22.67845083922525,75.87554617679771,200,8.149245474939734,34.57984640117407,2026-04-15
SYN_0672,23.31527728362235,73.12561218457901,0,27.394374686025838,35.26293732796313,2026-04-05
SYN_0672,23.31527728362235,73.12561218457901,10,24.197948167202615,34.953244101791675,2026-04-05
SYN_0672,23.31527728362235,73.12561218457901,25,19.799016029424205,34.928419530064374,2026-04-05
SYN_0672,23.31527728362235,73.12561218457901,50,14.912158829986428,34.81785483904038,2026-04-05
SYN_0672,23.31527728362235,73.12561218457901,75,12.127702409068021,34.715113645089914,2026-04-05
SYN_0672,23.31527728362235,73.12561218457901,100,10.302844955064089,34.84135096863427,2026-04-05
SYN_0672,23.31527728362235,73.12561218457901,150,8.3027150533587,34.83013743152914,2026-04-05
SYN_0672,23.31527728362235,73.12561218457901,200,7.947012289996506,34.70686464234851,2026-04-05
SYN_0673,23.00309502895311,79.5044632557027,0,27.8253358401403,35.17512734763532,2026-03-13
SYN_0673,23.00309502895311,79.5044632557027,10,23.954867181542415,35.11478445295779,2026-03-13
SYN_0673,23.00309502895311,79.5044632557027,25,19.904318975185348,34.74777568573424,2026-03-13
SYN_0673,23.00309502895311,79.5044632557027,50,14.889520227546944,34.85518456656649,2026-03-13
SYN_0673,23.00309502895311,79.5044632557027,75,12.369173457691598,34.523004615680186,2026-03-13
SYN_0673,23.00309502895311,79.5044632557027,100,10.26380858234488,34.752601522957086,2026-03-13
SYN_0673,23.00309502895311,79.5044632557027,150,8.887260163019167,34.601329885143116,2026-03-13
SYN_0673,23.00309502895311,79.5044632557027,200,8.041020433964274,34.69027168715106,2026-03-13
SYN_0674,11.11102228446427,65.90606848122337,0,28.135492232665413,34.946417381174626,2026-05-07
SYN_0674,11.11102228446427,65.90606848122337,10,24.29697909983031,34.944791861861106,2026-05-07
SYN_0674,11.11102228446427,65.90606848122337,25,19.86088125505893,34.802277259895064,2026-05-07
SYN_0674,11.11102228446427,65.90606848122337,50,15.111299187332127,34.79808642562662,2026-05-07
SYN_0674,11.11102228446427,65.90606848122337,75,12.649841449656458,34.453662304951884,2026-05-07
SYN_0674,11.11102228446427,65.90606848122337,100,10.491852162293712,34.67505292340077,2026-05-07
SYN_0674,11.11102228446427,65.90606848122337,150,8.99874056874355,34.58628496337905,2026-05-07
SYN_0674,11.11102228446427,65.90606848122337,200,8.2572623323248,34.571495085702715,2026-05-07
SYN_0675,13.433874274363635,67.19073209954743,0,28.066256922711908,34.917772059651895,2026-02-14
SYN_0675,13.433874274363635,67.19073209954743,10,24.20032301590443,34.915818747863874,2026-02-14
SYN_0675,13.433874274363635,67.19073209954743,25,20.421928882313747,34.62225670259253,2026-02-14
SYN_0675,13.433874274363635,67.19073209954743,50,15.416540454669088,34.49317608409313,2026-02-14
SYN_0675,13.433874274363635,67.19073209954743,75,12.356763518138916,34.654841157294676,2026-02-14
SYN_0675,13.433874274363635,67.19073209954743,100,10.626057123004639,34.53775143386092,2026-02-14
SYN_0675,13.433874274363635,67.19073209954743,150,8.830350104307728,34.642310077170464,2026-02-14
SYN_0675,13.433874274363635,67.19073209954743,200,8.473660930516395,34.32448124681704,2026-02-14
SYN_0676,24.82608118822222,75.63690166718358,0,27.25599804420777,35.461881663583306,2026-03-29
SYN_0676,24.82608118822222,75.63690166718358,10,23.867642816612957,35.1312433440892,2026-03-29
SYN_0676,24.82608118822222,75.63690166718358,25,19.757446739717537,34.948056788859304,2026-03-29
SYN_0676,24.82608118822222,75.63690166718358,50,14.673253438077872,34.92704148130911,2026-03-29
SYN_0676,24.82608118822222,75.63690166718358,75,11.980341431798191,34.85051866954565,2026-03-29
SYN_0676,24.82608118822222,75.63690166718358,100,10.594038939465205,34.64646119385911,2026-03-29
SYN_0676,24.82608118822222,75.63690166718358,150,8.210030882168688,35.01562813481933,2026-03-29
SYN_0676,24.82608118822222,75.63690166718358,200,8.035470131904885,34.63269701016672,2026-03-29
SYN_0677,17.066348937788796,78.8965141091183,0,28.52277506050519,34.68091416020292,2026-03-28
SYN_0677,17.066348937788796,78.8965141091183,10,24.69917099118117,34.79076281144575,2026-03-28
SYN_0677,17.066348937788796,78.8965141091183,25,20.495640479764017,34.52287555948449,2026-03-28
SYN_0677,17.066348937788796,78.8965141091183,50,15.694533553159191,34.49928537278365,2026-03-28
SYN_0677,17.066348937788796,78.8965141091183,75,12.944343280108562,34.22883558253975,2026-03-28
SYN_0677,17.066348937788796,78.8965141091183,100,11.019531276575922,34.38198147562827,2026-03-28
SYN_0677,17.066348937788796,78.8965141091183,150,9.29459029816569,34.35596650007089,2026-03-28
SYN_0677,17.066348937788796,78.8965141091183,200,8.825240820308084,34.31173757091886,2026-03-28
SYN_0678,17.196534308849202,76.59668467340727,0,28.302452909164575,34.842071384821395,2026-05-13
SYN_0678,17.196534308849202,76.59668467340727,10,24.77564893741425,34.576051695700635,2026-05-13
SYN_0678,17.196534308849202,76.59668467340727,25,20.71502568957692,34.32581243365078,2026-05-13
SYN_0678,17.196534308849202,76.59668467340727,50,15.748857295943381,34.45265162112251,2026-05-13
SYN_0678,17.196534308849202,76.59668467340727,75,12.529904907540352,34.46473735715795,2026-05-13
SYN_0678,17.196534308849202,76.59668467340727,100,10.855924335971267,34.46127388587358,2026-05-13
SYN_0678,17.196534308849202,76.59668467340727,150,9.223788390576763,34.388411500173795,2026-05-13
SYN_0678,17.196534308849202,76.59668467340727,200,8.881649955779181,34.190283086701534,2026-05-13
SYN_0679,10.849668862098525,75.43625757495042,0,28.388367484359655,34.803586324220404,2026-05-31
SYN_0679,10.849668862098525,75.43625757495042,10,24.625148925064476,34.73576024535853,2026-05-31
SYN_0679,10.849668862098525,75.43625757495042,25,20.263474635406855,34.61796294320731,2026-05-31
SYN_0679,10.849668862098525,75.43625757495042,50,15.524174671239384,34.46059502950971,2026-05-31
SYN_0679,10.849668862098525,75.43625757495042,75,12.646366556600052,34.49181384529881,2026-05-31
SYN_0679,10.849668862098525,75.43625757495042,100,10.849964929539334,34.47117809466703,2026-05-31
SYN_0679,10.849668862098525,75.43625757495042,150,9.139162400126251,34.40768548656753,2026-05-31
SYN_0679,10.849668862098525,75.43625757495042,200,8.487295499809926,34.3548018277734,2026-05-31
SYN_0680,13.086522456989576,74.7993035265426,0,28.317416703957925,34.862478631863105,2026-05-13
SYN_0680,13.086522456989576,74.7993035265426,10,24.860357653969334,34.59795927731004,2026-05-13
SYN_0680,13.086522456989576,74.7993035265426,25,20.304610045310778,34.625101513790135,2026-05-13
SYN_0680,13.086522456989576,74.7993035265426,50,15.61863641000138,34.443602791663835,2026-05-13
SYN_0680,13.086522456989576,74.7993035265426,75,12.869004818255496,34.355449679830315,2026-05-13
SYN_0680,13.086522456989576,74.7993035265426,100,11.14102491059229,34.33474018532465,2026-05-13
SYN_0680,13.086522456989576,74.7993035265426,150,9.461967462301264,34.32102500214675,2026-05-13
SYN_0680,13.086522456989576,74.7993035265426,200,8.449100130535044,34.433518735649606,2026-05-13
SYN_0681,9.97004655004547,69.44021068548642,0,28.2922604070023,34.857135773966775,2026-03-28
SYN_0681,9.97004655004547,69.44021068548642,10,24.263823818233018,34.964897847540115,2026-03-28
SYN_0681,9.97004655004547,69.44021068548642,25,20.179034660991256,34.705426554577045,2026-03-28
SYN_0681,9.97004655004547,69.44021068548642,50,15.40483605661342,34.604979188654234,2026-03-28
SYN_0681,9.97004655004547,69.44021068548642,75,12.34897880743685,34.60998441283492,2026-03-28
SYN_0681,9.97004655004547,69.44021068548642,100,10.84752499694228,34.419856405603724,2026-03-28
SYN_0681,9.97004655004547,69.44021068548642,150,9.212320964676751,34.368454411962155,2026-03-28
SYN_0681,9.97004655004547,69.44021068548642,200,8.193905706674634,34.572942831993004,2026-03-28
SYN_0682,10.086694270120569,82.83773546354702,0,27.962506240621966,35.04992007597247,2026-02-04
SYN_0682,10.086694270120569,82.83773546354702,10,24.428027246859237,34.72879098094068,2026-02-04
SYN_0682,10.086694270120569,82.83773546354702,25,19.88120681609366,34.899292398411134,2026-02-04
SYN_0682,10.086694270120569,82.83773546354702,50,15.134797774600791,34.70863744564806,2026-02-04
SYN_0682,10.086694270120569,82.83773546354702,75,12.50897986613997,34.51780715866646,2026-02-04
SYN_0682,10.086694270120569,82.83773546354702,100,10.622649209428106,34.612767236070844,2026-02-04
SYN_0682,10.086694270120569,82.83773546354702,150,9.049462782845305,34.396452396371245,2026-02-04
SYN_0682,10.086694270120569,82.83773546354702,200,8.376916076926035,34.537373691074215,2026-02-04
SYN_0683,13.156786133502202,72.06723143081848,0,28.324346970530428,34.86240584011431,2026-03-21
SYN_0683,13.156786133502202,72.06723143081848,10,24.80430370252529,34.687332034711815,2026-03-21
SYN_0683,13.156786133502202,72.06723143081848,25,20.37568459576149,34.58319460562463,2026-03-21
SYN_0683,13.156786133502202,72.06723143081848,50,15.597039268227007,34.52031376256911,2026-03-21
SYN_0683,13.156786133502202,72.06723143081848,75,12.834087855648654,34.359517224581836,2026-03-21
SYN_0683,13.156786133502202,72.06723143081848,100,10.692662151376885,34.52628220037323,2026-03-21
SYN_0683,13.156786133502202,72.06723143081848,150,9.325972478634787,34.276925388865685,2026-03-21
SYN_0683,13.156786133502202,72.06723143081848,200,8.71410881007012,34.28130568665718,2026-03-21
SYN_0684,14.29910047235461,78.06916556410792,0,28.214437107303674,34.93388386836677,2026-06-06
SYN_0684,14.29910047235461,78.06916556410792,10,24.639563790074654,34.748511568995454,2026-06-06
SYN_0684,14.29910047235461,78.06916556410792,25,20.61711421248641,34.45110072844696,2026-06-06
SYN_0684,14.29910047235461,78.06916556410792,50,15.909279796227196,34.35430728422464,2026-06-06
SYN_0684,14.29910047235461,78.06916556410792,75,12.76023497965964,34.35776498235966,2026-06-06
SYN_0684,14.29910047235461,78.06916556410792,100,11.169935361895622,34.23351780410048,2026-06-06
SYN_0684,14.29910047235461,78.06916556410792,150,9.536546322148961,34.26636653980077,2026-06-06
SYN_0684,14.29910047235461,78.06916556410792,200,8.70573682028587,34.26604588916805,2026-06-06
SYN_0685,16.165192624971986,79.27781926148064,0,28.125746958828014,34.91286648848188,2026-04-08
SYN_0685,16.165192624971986,79.27781926148064,10,24.70179483087365,34.645041411484634,2026-04-08
SYN_0685,16.165192624971986,79.27781926148064,25,20.365372237340857,34.55056078496645,2026-04-08
SYN_0685,16.165192624971986,79.27781926148064,50,15.589366639856015,34.42995603266887,2026-04-08
SYN_0685,16.165192624971986,79.27781926148064,75,12.699868998201849,34.49262169622483,2026-04-08
SYN_0685,16.165192624971986,79.27781926148064,100,11.119397561073896,34.32335793720914,2026-04-08
SYN_0685,16.165192624971986,79.27781926148064,150,9.403467613356025,34.278152143473406,2026-04-08
SYN_0685,16.165192624971986,79.27781926148064,200,8.536568502356808,34.316676229360525,2026-04-08
SYN_0686,16.99697266420162,83.6913789342091,0,27.99680465256187,34.9657879480384,2026-02-07
SYN_0686,16.99697266420162,83.6913789342091,10,24.432765278509727,34.880408136304844,2026-02-07
SYN_0686,16.99697266420162,83.6913789342091,25,20.064986920667717,34.68467332582172,2026-02-07
SYN_0686,16.99697266420162,83.6913789342091,50,15.054162670696309,34.785413645763626,2026-02-07
SYN_0686,16.99697266420162,83.6913789342091,75,12.53285377859959,34.52200897099759,2026-02-07
SYN_0686,16.99697266420162,83.6913789342091,100,10.640232836898129,34.521555326000424,2026-02-07
SYN_0686,16.99697266420162,83.6913789342091,150,8.787840320951247,34.521267140421074,2026-02-07
SYN_0686,16.99697266420162,83.6913789342091,200,8.11811582760225,34.69314424317431,2026-02-07
SYN_0687,18.691767953061674,77.0487051118088,0,28.001538376376715,35.012803871161694,2026-05-28
SYN_0687,18.691767953061674,77.0487051118088,10,24.642193773652476,34.65020965569539,2026-05-28
SYN_0687,18.691767953061674,77.0487051118088,25,20.71750173504929,34.462792473142876,2026-05-28
SYN_0687,18.691767953061674,77.0487051118088,50,15.499899297800477,34.467106828210646,2026-05-28
SYN_0687,18.691767953061674,77.0487051118088,75,12.74159869284394,34.31107372803369,2026-05-28
SYN_0687,18.691767953061674,77.0487051118088,100,10.548218918587581,34.63520214310592,2026-05-28
SYN_0687,18.691767953061674,77.0487051118088,150,9.340352920706682,34.303153036661364,2026-05-28
SYN_0687,18.691767953061674,77.0487051118088,200,8.52644074703323,34.46806434588314,2026-05-28
SYN_0688,9.921096840618606,69.52326500920711,0,27.803347569059497,35.05785798619558,2026-01-01
SYN_0688,9.921096840618606,69.52326500920711,10,24.50066486967535,34.775475695972546,2026-01-01
SYN_0688,9.921096840618606,69.52326500920711,25,20.12532340690236,34.74694915443726,2026-01-01
SYN_0688,9.921096840618606,69.52326500920711,50,15.283891079656593,34.61808833218072,2026-01-01
SYN_0688,9.921096840618606,69.52326500920711,75,12.408724088402654,34.54060936680773,2026-01-01
SYN_0688,9.921096840618606,69.52326500920711,100,10.594421382221437,34.586357572509456,2026-01-01
SYN_0688,9.921096840618606,69.52326500920711,150,9.001918280313305,34.49023780034517,2026-01-01
SYN_0688,9.921096840618606,69.52326500920711,200,8.503950292758685,34.415132577626494,2026-01-01
SYN_0689,13.765491650935886,69.76824503589837,0,28.237353801721913,34.887899235642955,2026-03-28
SYN_0689,13.765491650935886,69.76824503589837,10,24.783598953967335,34.635087665558515,2026-03-28
SYN_0689,13.765491650935886,69.76824503589837,25,20.206236131661292,34.646522683706706,2026-03-28
SYN_0689,13.765491650935886,69.76824503589837,50,15.42903372804788,34.598607940383175,2026-03-28
SYN_0689,13.765491650935886,69.76824503589837,75,12.654276282908167,34.45183136418427,2026-03-28
SYN_0689,13.765491650935886,69.76824503589837,100,11.012111277855725,34.3779191670143,2026-03-28
SYN_0689,13.765491650935886,69.76824503589837,150,9.215391387336638,34.4273883737339,2026-03-28
SYN_0689,13.765491650935886,69.76824503589837,200,8.589737920302493,34.401506439086084,2026-03-28
SYN_0690,10.76088019569701,80.81553617145158,0,27.886056237033674,35.077858002019404,2026-06-04
SYN_0690,10.76088019569701,80.81553617145158,10,24.39252700652623,34.79113652040173,2026-06-04
SYN_0690,10.76088019569701,80.81553617145158,25,19.95935482786149,34.83772344842367,2026-06-04
SYN_0690,10.76088019569701,80.81553617145158,50,15.676594121418512,34.47239252801356,2026-06-04
SYN_0690,10.76088019569701,80.81553617145158,75,12.552011713857114,34.442726353541936,2026-06-04
SYN_0690,10.76088019569701,80.81553617145158,100,10.610812435483526,34.5047767338925,2026-06-04
SYN_0690,10.76088019569701,80.81553617145158,150,9.189802673867108,34.361261912864116,2026-06-04
SYN_0690,10.76088019569701,80.81553617145158,200,8.568625518758315,34.39188444154582,2026-06-04
SYN_0691,21.471054543531313,82.86741044281172,0,28.110369608185923,34.926255598343964,2026-03-13
SYN_0691,21.471054543531313,82.86741044281172,10,24.37153014149931,34.903466579936136,2026-03-13
SYN_0691,21.471054543531313,82.86741044281172,25,20.069410682099416,34.88900037282208,2026-03-13
SYN_0691,21.471054543531313,82.86741044281172,50,15.543232359746236,34.428601737957145,2026-03-13
SYN_0691,21.471054543531313,82.86741044281172,75,12.553992054009425,34.445291195897276,2026-03-13
SYN_0691,21.471054543531313,82.86741044281172,100,10.968661641672496,34.3601817413343,2026-03-13
SYN_0691,21.471054543531313,82.86741044281172,150,8.946065970859788,34.657676157617736,2026-03-13
SYN_0691,21.471054543531313,82.86741044281172,200,8.477409447049277,34.51508315432185,2026-03-13
SYN_0692,17.31230218777577,80.78439182855189,0,28.037575376954504,34.918943286888485,2026-05-13
SYN_0692,17.31230218777577,80.78439182855189,10,24.65262712138553,34.73016992402533,2026-05-13
SYN_0692,17.31230218777577,80.78439182855189,25,20.259476797476943,34.62036276753573,2026-05-13
SYN_0692,17.31230218777577,80.78439182855189,50,15.370192563533118,34.57553105419721,2026-05-13
SYN_0692,17.31230218777577,80.78439182855189,75,13.09050068182297,34.17611056613717,2026-05-13
SYN_0692,17.31230218777577,80.78439182855189,100,10.557865719844605,34.60496639806682,2026-05-13
SYN_0692,17.31230218777577,80.78439182855189,150,8.938665850425899,34.49979505726313,2026-05-13
SYN_0692,17.31230218777577,80.78439182855189,200,8.647486615154357,34.42912221677453,2026-05-13
SYN_0693,18.6305946224911,69.22404982698099,0,28.329505418257927,34.89710118819598,2026-01-09
SYN_0693,18.6305946224911,69.22404982698099,10,24.31892885003324,34.86213240905092,2026-01-09
SYN_0693,18.6305946224911,69.22404982698099,25,20.188807842019486,34.74108996515366,2026-01-09
SYN_0693,18.6305946224911,69.22404982698099,50,15.461857064780574,34.52257938026379,2026-01-09
SYN_0693,18.6305946224911,69.22404982698099,75,12.503526813998626,34.503481727831065,2026-01-09
SYN_0693,18.6305946224911,69.22404982698099,100,10.818016968973593,34.48512845246808,2026-01-09
SYN_0693,18.6305946224911,69.22404982698099,150,8.690387818113436,34.584288468477965,2026-01-09
SYN_0693,18.6305946224911,69.22404982698099,200,8.507980459808737,34.426368983158596,2026-01-09
SYN_0694,17.15546447754804,80.62195510248394,0,28.07976322654501,34.89012971699684,2026-02-22
SYN_0694,17.15546447754804,80.62195510248394,10,24.54552130555805,34.85166661285843,2026-02-22
SYN_0694,17.15546447754804,80.62195510248394,25,20.379728838783258,34.57353133370788,2026-02-22
SYN_0694,17.15546447754804,80.62195510248394,50,15.47426384181829,34.56460470843509,2026-02-22
SYN_0694,17.15546447754804,80.62195510248394,75,12.521305578841382,34.51937618701262,2026-02-22
SYN_0694,17.15546447754804,80.62195510248394,100,10.65093231168622,34.5219260443212,2026-02-22
SYN_0694,17.15546447754804,80.62195510248394,150,9.19408545168812,34.49088837945059,2026-02-22
SYN_0694,17.15546447754804,80.62195510248394,200,8.239372041013292,34.54079023145285,2026-02-22
SYN_0695,15.383462930021125,73.54622083574974,0,28.35757881660303,34.81759414163337,2026-03-26
SYN_0695,15.383462930021125,73.54622083574974,10,24.808114026298945,34.665860470432264,2026-03-26
SYN_0695,15.383462930021125,73.54622083574974,25,20.54523295991737,34.44134965893387,2026-03-26
SYN_0695,15.383462930021125,73.54622083574974,50,15.99235352897515,34.234758766640475,2026-03-26
SYN_0695,15.383462930021125,73.54622083574974,75,12.929417246193667,34.28909565600944,2026-03-26
SYN_0695,15.383462930021125,73.54622083574974,100,10.977932922341143,34.39898428518005,2026-03-26
SYN_0695,15.383462930021125,73.54622083574974,150,9.689424326422682,34.16819187304471,2026-03-26
SYN_0695,15.383462930021125,73.54622083574974,200,9.15789659928393,34.09985639238033,2026-03-26
SYN_0696,7.91711117767009,70.15607833983938,0,27.953621844697626,35.00196596283742,2026-06-17
SYN_0696,7.91711117767009,70.15607833983938,10,24.346476979000684,34.84024834576924,2026-06-17
SYN_0696,7.91711117767009,70.15607833983938,25,19.94707720727494,34.78366987134633,2026-06-17
SYN_0696,7.91711117767009,70.15607833983938,50,15.061828202810071,34.74678130872437,2026-06-17
SYN_0696,7.91711117767009,70.15607833983938,75,12.517526245855988,34.46922456672851,2026-06-17
SYN_0696,7.91711117767009,70.15607833983938,100,10.675100052162952,34.62014610274258,2026-06-17
SYN_0696,7.91711117767009,70.15607833983938,150,8.93341521877341,34.54482708313149,2026-06-17
SYN_0696,7.91711117767009,70.15607833983938,200,8.050361104675344,34.652799167244005,2026-06-17
SYN_0697,23.944556029219793,84.03562687396735,0,28.176993567813007,34.95628517315165,2026-02-06
SYN_0697,23.944556029219793,84.03562687396735,10,24.407525888512286,34.8368502168521,2026-02-06
SYN_0697,23.944556029219793,84.03562687396735,25,20.329539529718666,34.61298741063711,2026-02-06
SYN_0697,23.944556029219793,84.03562687396735,50,15.5707265757679,34.450926050183796,2026-02-06
SYN_0697,23.944556029219793,84.03562687396735,75,12.570596080335863,34.49890720883002,2026-02-06
SYN_0697,23.944556029219793,84.03562687396735,100,10.867144202586873,34.49163968098809,2026-02-06
SYN_0697,23.944556029219793,84.03562687396735,150,9.043853320345901,34.46103042356279,2026-02-06
SYN_0697,23.944556029219793,84.03562687396735,200,8.608511243247982,34.45473392147233,2026-02-06
SYN_0698,15.811893079234977,69.98959789263537,0,28.13431340708221,35.034902039760794,2026-01-17
SYN_0698,15.811893079234977,69.98959789263537,10,24.92017878701829,34.626522393401075,2026-01-17
SYN_0698,15.811893079234977,69.98959789263537,25,20.34257238760005,34.703215388311754,2026-01-17
SYN_0698,15.811893079234977,69.98959789263537,50,15.725414163605171,34.33003373899264,2026-01-17
SYN_0698,15.811893079234977,69.98959789263537,75,12.502770931228778,34.50991353473904,2026-01-17
SYN_0698,15.811893079234977,69.98959789263537,100,11.10387520328519,34.36000302322152,2026-01-17
SYN_0698,15.811893079234977,69.98959789263537,150,8.962976435604544,34.47298729000448,2026-01-17
SYN_0698,15.811893079234977,69.98959789263537,200,8.717022937098061,34.408402984155664,2026-01-17
SYN_0699,6.920348805671265,76.14572654000335,0,27.766905803317414,35.13362486406285,2026-04-08
SYN_0699,6.920348805671265,76.14572654000335,10,23.928372839098774,35.04611629317629,2026-04-08
SYN_0699,6.920348805671265,76.14572654000335,25,19.76815242655827,34.90548505412675,2026-04-08
SYN_0699,6.920348805671265,76.14572654000335,50,14.998852281512267,34.785591962972696,2026-04-08
SYN_0699,6.920348805671265,76.14572654000335,75,12.267058448695519,34.64086569161899,2026-04-08
SYN_0699,6.920348805671265,76.14572654000335,100,10.28846940896121,34.60460580874136,2026-04-08
SYN_0699,6.920348805671265,76.14572654000335,150,8.189138859112132,34.951493273630625,2026-04-08
SYN_0699,6.920348805671265,76.14572654000335,200,7.844999928487613,34.78926567498256,2026-04-08
SYN_0700,12.942460512102382,66.42448057471444,0,27.983751942912587,34.913822878200286,2026-06-15
SYN_0700,12.942460512102382,66.42448057471444,10,24.190990225436437,34.936160307537534,2026-06-15
SYN_0700,12.942460512102382,66.42448057471444,25,20.22012788778018,34.65949714401544,2026-06-15
SYN_0700,12.942460512102382,66.42448057471444,50,15.148315048138114,34.7231154777236,2026-06-15
SYN_0700,12.942460512102382,66.42448057471444,75,12.314162001025377,34.63836218582833,2026-06-15
SYN_0700,12.942460512102382,66.42448057471444,100,10.763326474254814,34.49402054793245,2026-06-15
SYN_0700,12.942460512102382,66.42448057471444,150,8.953604959828523,34.56277278307053,2026-06-15
SYN_0700,12.942460512102382,66.42448057471444,200,8.425415748591307,34.424235120046355,2026-06-15
SYN_0701,21.745715556995222,80.68526754590562,0,27.70025348210491,35.17202234542289,2026-04-04
SYN_0701,21.745715556995222,80.68526754590562,10,23.8003480016824,35.061802996555734,2026-04-04
SYN_0701,21.745715556995222,80.68526754590562,25,20.191849765453608,34.68254583099676,2026-04-04
SYN_0701,21.745715556995222,80.68526754590562,50,15.319368744694874,34.615368211117776,2026-04-04
SYN_0701,21.745715556995222,80.68526754590562,75,12.36825152250159,34.60763862291529,2026-04-04
SYN_0701,21.745715556995222,80.68526754590562,100,10.823146532531105,34.40960630151995,2026-04-04
SYN_0701,21.745715556995222,80.68526754590562,150,8.995546045244767,34.50086491302455,2026-04-04
SYN_0701,21.745715556995222,80.68526754590562,200,8.38349910199397,34.47321017620057,2026-04-04
SYN_0702,21.79816664032142,69.7272884141139,0,27.872104129555677,35.14514892519579,2026-05-21
SYN_0702,21.79816664032142,69.7272884141139,10,24.23631901623588,34.89339528962428,2026-05-21
SYN_0702,21.79816664032142,69.7272884141139,25,20.07275241468561,34.72273848956192,2026-05-21
SYN_0702,21.79816664032142,69.7272884141139,50,15.250034271390351,34.65139955006839,2026-05-21
SYN_0702,21.79816664032142,69.7272884141139,75,12.360201986086711,34.62347313366409,2026-05-21
SYN_0702,21.79816664032142,69.7272884141139,100,10.539699124415513,34.5832257616331,2026-05-21
SYN_0702,21.79816664032142,69.7272884141139,150,8.816759248460844,34.564547154501454,2026-05-21
SYN_0702,21.79816664032142,69.7272884141139,200,8.295567488121957,34.56608576265271,2026-05-21
SYN_0703,9.987092602506909,65.83852708755967,0,27.978113463530775,35.10962564088551,2026-06-18
SYN_0703,9.987092602506909,65.83852708755967,10,24.354502317492855,34.92227251108841,2026-06-18
SYN_0703,9.987092602506909,65.83852708755967,25,20.17215724932123,34.73028677568458,2026-06-18
SYN_0703,9.987092602506909,65.83852708755967,50,15.792333319551641,34.4380661945406,2026-06-18
SYN_0703,9.987092602506909,65.83852708755967,75,12.610456091983632,34.49456057891021,2026-06-18
SYN_0703,9.987092602506909,65.83852708755967,100,10.776279411826149,34.44242833933321,2026-06-18
SYN_0703,9.987092602506909,65.83852708755967,150,9.239713209337216,34.39158399744927,2026-06-18
SYN_0703,9.987092602506909,65.83852708755967,200,8.342813980343951,34.48567678963932,2026-06-18
SYN_0704,12.873404579515032,84.97845016926667,0,28.004259597308295,35.041575905436744,2026-04-25
SYN_0704,12.873404579515032,84.97845016926667,10,23.932012412792332,35.12602645774793,2026-04-25
SYN_0704,12.873404579515032,84.97845016926667,25,19.858647908410514,34.779136095115724,2026-04-25
SYN_0704,12.873404579515032,84.97845016926667,50,15.168136066636002,34.62401408372446,2026-04-25
SYN_0704,12.873404579515032,84.97845016926667,75,12.4524513730461,34.58970367082627,2026-04-25
SYN_0704,12.873404579515032,84.97845016926667,100,10.69520608288651,34.51926753837892,2026-04-25
SYN_0704,12.873404579515032,84.97845016926667,150,8.667173882828964,34.589640616886015,2026-04-25
SYN_0704,12.873404579515032,84.97845016926667,200,8.486099405391682,34.37111737473524,2026-04-25
SYN_0705,5.041630246998405,84.36146561727485,0,28.00914959250698,35.040800556895036,2026-06-15
SYN_0705,5.041630246998405,84.36146561727485,10,24.42402744767728,34.90436962833227,2026-06-15
SYN_0705,5.041630246998405,84.36146561727485,25,20.0973347455057,34.79282072785168,2026-06-15
SYN_0705,5.041630246998405,84.36146561727485,50,15.421542498767344,34.489701213959854,2026-06-15
SYN_0705,5.041630246998405,84.36146561727485,75,12.574337694280073,34.492549935031775,2026-06-15
SYN_0705,5.041630246998405,84.36146561727485,100,11.012788534153682,34.29446734979892,2026-06-15
SYN_0705,5.041630246998405,84.36146561727485,150,9.370552637595024,34.30357926547585,2026-06-15
SYN_0705,5.041630246998405,84.36146561727485,200,8.633850493418855,34.36992570323642,2026-06-15
SYN_0706,12.805577279771045,78.59769930209868,0,28.07476246922614,34.9607316755765,2026-02-06
SYN_0706,12.805577279771045,78.59769930209868,10,24.574097962429818,34.684530959576364,2026-02-06
SYN_0706,12.805577279771045,78.59769930209868,25,20.725550996135386,34.4004809983543,2026-02-06
SYN_0706,12.805577279771045,78.59769930209868,50,15.43879263819719,34.564613175785105,2026-02-06
SYN_0706,12.805577279771045,78.59769930209868,75,12.801146527683805,34.35688405451029,2026-02-06
SYN_0706,12.805577279771045,78.59769930209868,100,11.301677738286518,34.23538030612845,2026-02-06
SYN_0706,12.805577279771045,78.59769930209868,150,9.261627382877869,34.49641134802151,2026-02-06
SYN_0706,12.805577279771045,78.59769930209868,200,8.55963260380277,34.3467230080625,2026-02-06
SYN_0707,15.821024456611607,70.87685837519331,0,28.291845769308555,34.74409839837128,2026-06-07
SYN_0707,15.821024456611607,70.87685837519331,10,24.58281328097881,34.79903805084925,2026-06-07
SYN_0707,15.821024456611607,70.87685837519331,25,20.169877603250868,34.654246871033514,2026-06-07
SYN_0707,15.821024456611607,70.87685837519331,50,15.616442610929544,34.4310423810371,2026-06-07
SYN_0707,15.821024456611607,70.87685837519331,75,12.796632711965618,34.36689168451806,2026-06-07
SYN_0707,15.821024456611607,70.87685837519331,100,10.953267988434058,34.42826907719167,2026-06-07
SYN_0707,15.821024456611607,70.87685837519331,150,9.127546953844814,34.526731218559966,2026-06-07
SYN_0707,15.821024456611607,70.87685837519331,200,8.513391996931999,34.42154044466906,2026-06-07
SYN_0708,17.53439845899024,83.66060308533943,0,27.94739571312809,35.080505355786315,2026-01-11
SYN_0708,17.53439845899024,83.66060308533943,10,24.32383099664768,34.94422418925477,2026-01-11
SYN_0708,17.53439845899024,83.66060308533943,25,20.103556071624748,34.75277146549568,2026-01-11
SYN_0708,17.53439845899024,83.66060308533943,50,15.360052659504074,34.55864551542748,2026-01-11
SYN_0708,17.53439845899024,83.66060308533943,75,12.307794407305497,34.641179655061336,2026-01-11
SYN_0708,17.53439845899024,83.66060308533943,100,10.500626320347422,34.70199972669617,2026-01-11
SYN_0708,17.53439845899024,83.66060308533943,150,8.92628953157807,34.57805962245658,2026-01-11
SYN_0708,17.53439845899024,83.66060308533943,200,8.191471183369156,34.6064825997273,2026-01-11
SYN_0709,16.583932268153987,83.19868895883575,0,27.879377749517033,35.022241489908694,2026-04-01
SYN_0709,16.583932268153987,83.19868895883575,10,24.229498685891304,34.9690282959486,2026-04-01
SYN_0709,16.583932268153987,83.19868895883575,25,20.182370045018622,34.64158421332794,2026-04-01
SYN_0709,16.583932268153987,83.19868895883575,50,15.482227582385939,34.62818007676979,2026-04-01
SYN_0709,16.583932268153987,83.19868895883575,75,12.3460732643225,34.62806135478228,2026-04-01
SYN_0709,16.583932268153987,83.19868895883575,100,10.799783858768247,34.517996585088746,2026-04-01
SYN_0709,16.583932268153987,83.19868895883575,150,8.860466401282293,34.645510844279436,2026-04-01
SYN_0709,16.583932268153987,83.19868895883575,200,7.997373925604606,34.683722249737734,2026-04-01
SYN_0710,17.50939368810643,81.74022521006033,0,28.048998006562904,35.00080065004695,2026-05-07
SYN_0710,17.50939368810643,81.74022521006033,10,24.510157973785027,34.773318747719195,2026-05-07
SYN_0710,17.50939368810643,81.74022521006033,25,20.193716630507407,34.70385262495904,2026-05-07
SYN_0710,17.50939368810643,81.74022521006033,50,15.373126126132123,34.513567509612635,2026-05-07
SYN_0710,17.50939368810643,81.74022521006033,75,12.552601543069848,34.58848703203544,2026-05-07
SYN_0710,17.50939368810643,81.74022521006033,100,10.670004863652267,34.48545351594913,2026-05-07
SYN_0710,17.50939368810643,81.74022521006033,150,8.926760873040543,34.50943537915089,2026-05-07
SYN_0710,17.50939368810643,81.74022521006033,200,8.326154282939124,34.557521680937285,2026-05-07
SYN_0711,16.33293436708334,72.95132017578354,0,28.06429984774031,34.952455277877924,2026-03-09
SYN_0711,16.33293436708334,72.95132017578354,10,25.044495933847138,34.49596082498288,2026-03-09
SYN_0711,16.33293436708334,72.95132017578354,25,20.671656113255242,34.507708053468974,2026-03-09
SYN_0711,16.33293436708334,72.95132017578354,50,15.532484374897557,34.51049931830556,2026-03-09
SYN_0711,16.33293436708334,72.95132017578354,75,12.7949564199012,34.35980493364299,2026-03-09
SYN_0711,16.33293436708334,72.95132017578354,100,11.113359292606203,34.34966799855763,2026-03-09
SYN_0711,16.33293436708334,72.95132017578354,150,9.503581856408154,34.250189529470624,2026-03-09
SYN_0711,16.33293436708334,72.95132017578354,200,8.835992733111308,34.26185000544363,2026-03-09
SYN_0712,11.185867560348871,66.19860866237784,0,28.101618417198818,34.92105193189924,2026-01-12
SYN_0712,11.185867560348871,66.19860866237784,10,24.204711205088664,34.90790363730357,2026-01-12
SYN_0712,11.185867560348871,66.19860866237784,25,20.035254536589434,34.66051360510688,2026-01-12
SYN_0712,11.185867560348871,66.19860866237784,50,15.443014417015029,34.57734480297938,2026-01-12
SYN_0712,11.185867560348871,66.19860866237784,75,12.280667833421909,34.608916973176804,2026-01-12
SYN_0712,11.185867560348871,66.19860866237784,100,10.814792565718456,34.48655761534933,2026-01-12
SYN_0712,11.185867560348871,66.19860866237784,150,9.082085331499329,34.50582153775586,2026-01-12
SYN_0712,11.185867560348871,66.19860866237784,200,8.28778310382698,34.624120026480604,2026-01-12
SYN_0713,8.18241885743911,71.19461199771054,0,27.89243744693575,35.027215390969026,2026-03-14
SYN_0713,8.18241885743911,71.19461199771054,10,24.366480474138523,34.84690079251303,2026-03-14
SYN_0713,8.18241885743911,71.19461199771054,25,20.219527025595895,34.59576387998918,2026-03-14
SYN_0713,8.18241885743911,71.19461199771054,50,14.909489538755963,34.866645680022934,2026-03-14
SYN_0713,8.18241885743911,71.19461199771054,75,12.567425664543737,34.46656848804888,2026-03-14
SYN_0713,8.18241885743911,71.19461199771054,100,10.456892184490302,34.57610519804811,2026-03-14
SYN_0713,8.18241885743911,71.19461199771054,150,9.367408265287434,34.281344934640614,2026-03-14
SYN_0713,8.18241885743911,71.19461199771054,200,8.122900315027044,34.64442956968291,2026-03-14
SYN_0714,11.00497693832277,78.7035715636044,0,28.35279300688884,34.81155755749621,2026-04-29
SYN_0714,11.00497693832277,78.7035715636044,10,24.589195696534066,34.82148862984809,2026-04-29
SYN_0714,11.00497693832277,78.7035715636044,25,20.12228079926415,34.70098163801182,2026-04-29
SYN_0714,11.00497693832277,78.7035715636044,50,15.182073688823772,34.63189353004245,2026-04-29
SYN_0714,11.00497693832277,78.7035715636044,75,12.740381692622352,34.35696623780271,2026-04-29
SYN_0714,11.00497693832277,78.7035715636044,100,10.62121645004411,34.52356454961187,2026-04-29
SYN_0714,11.00497693832277,78.7035715636044,150,9.211003267924978,34.476058240289525,2026-04-29
SYN_0714,11.00497693832277,78.7035715636044,200,8.42130579960264,34.50426837206879,2026-04-29
SYN_0715,16.687048052497726,76.80633072997963,0,28.312847036248424,34.81925377538689,2026-03-23
SYN_0715,16.687048052497726,76.80633072997963,10,25.105779254594445,34.505955141574475,2026-03-23
SYN_0715,16.687048052497726,76.80633072997963,25,20.423168805451514,34.61036187360285,2026-03-23
SYN_0715,16.687048052497726,76.80633072997963,50,15.744273306770005,34.42730030276749,2026-03-23
SYN_0715,16.687048052497726,76.80633072997963,75,12.518398782291719,34.56950692677501,2026-03-23
SYN_0715,16.687048052497726,76.80633072997963,100,10.96951946055726,34.278469630091614,2026-03-23
SYN_0715,16.687048052497726,76.80633072997963,150,9.400889238326652,34.22478755187763,2026-03-23
SYN_0715,16.687048052497726,76.80633072997963,200,8.615492029148395,34.354308512388705,2026-03-23
SYN_0716,17.047966363891128,73.97305214672618,0,28.64758662467634,34.65980492242089,2026-03-04
SYN_0716,17.047966363891128,73.97305214672618,10,24.831245935627916,34.58131276303541,2026-03-04
SYN_0716,17.047966363891128,73.97305214672618,25,20.55562133663248,34.59773375449227,2026-03-04
SYN_0716,17.047966363891128,73.97305214672618,50,15.59146922033923,34.444354072482135,2026-03-04
SYN_0716,17.047966363891128,73.97305214672618,75,12.483773149212816,34.576110849661646,2026-03-04
SYN_0716,17.047966363891128,73.97305214672618,100,11.088637346941576,34.307216836379325,2026-03-04
SYN_0716,17.047966363891128,73.97305214672618,150,9.216126067416653,34.52558983511497,2026-03-04
SYN_0716,17.047966363891128,73.97305214672618,200,8.602094486934103,34.342386083854144,2026-03-04
SYN_0717,8.536347155595855,75.8944975331157,0,27.715234515178814,35.10884212191833,2026-04-18
SYN_0717,8.536347155595855,75.8944975331157,10,24.254818678830752,34.89273423923594,2026-04-18
SYN_0717,8.536347155595855,75.8944975331157,25,19.559761894810688,35.05643730945237,2026-04-18
SYN_0717,8.536347155595855,75.8944975331157,50,15.166057277218195,34.715836768442294,2026-04-18
SYN_0717,8.536347155595855,75.8944975331157,75,12.143976250595639,34.707301727837304,2026-04-18
SYN_0717,8.536347155595855,75.8944975331157,100,10.400481526264091,34.76576196134972,2026-04-18
SYN_0717,8.536347155595855,75.8944975331157,150,8.674481408495408,34.65431728103046,2026-04-18
SYN_0717,8.536347155595855,75.8944975331157,200,8.152345241792199,34.64726356939983,2026-04-18
SYN_0718,18.134064458663737,74.44284674280772,0,28.366338416708572,34.82840387077065,2026-02-24
SYN_0718,18.134064458663737,74.44284674280772,10,24.378588739507688,34.84378289207089,2026-02-24
SYN_0718,18.134064458663737,74.44284674280772,25,20.971619417314205,34.236580546095794,2026-02-24
SYN_0718,18.134064458663737,74.44284674280772,50,15.51072585593827,34.62025188035891,2026-02-24
SYN_0718,18.134064458663737,74.44284674280772,75,12.77986319970993,34.312051945966076,2026-02-24
SYN_0718,18.134064458663737,74.44284674280772,100,10.951533827713638,34.448907499269914,2026-02-24
SYN_0718,18.134064458663737,74.44284674280772,150,9.44276851366863,34.28079428651326,2026-02-24
SYN_0718,18.134064458663737,74.44284674280772,200,8.799791062499462,34.21976933988802,2026-02-24
SYN_0719,10.50439846876171,81.40548587819492,0,27.881489251453775,35.00391477739973,2026-06-27
SYN_0719,10.50439846876171,81.40548587819492,10,24.389600131226036,34.8370390793459,2026-06-27
SYN_0719,10.50439846876171,81.40548587819492,25,20.07034895014886,34.789514284888156,2026-06-27
SYN_0719,10.50439846876171,81.40548587819492,50,15.29816164057806,34.56582469039342,2026-06-27
SYN_0719,10.50439846876171,81.40548587819492,75,12.64443076431141,34.47960093442742,2026-06-27
SYN_0719,10.50439846876171,81.40548587819492,100,10.836054484080673,34.513945676633206,2026-06-27
SYN_0719,10.50439846876171,81.40548587819492,150,9.047664106273796,34.45705383037242,2026-06-27
SYN_0719,10.50439846876171,81.40548587819492,200,7.994917914367264,34.74970336553674,2026-06-27
SYN_0720,19.181551405201514,76.76084009086856,0,28.07400251750137,34.94925712234645,2026-04-04
SYN_0720,19.181551405201514,76.76084009086856,10,24.54459886228388,34.741111333364145,2026-04-04
SYN_0720,19.181551405201514,76.76084009086856,25,20.211836444020097,34.606624778659835,2026-04-04
SYN_0720,19.181551405201514,76.76084009086856,50,15.421427054920928,34.60944847583149,2026-04-04
SYN_0720,19.181551405201514,76.76084009086856,75,12.274880345452317,34.62265067371793,2026-04-04
SYN_0720,19.181551405201514,76.76084009086856,100,10.928050797688538,34.38627325425501,2026-04-04
SYN_0720,19.181551405201514,76.76084009086856,150,9.160104908507048,34.326387108178764,2026-04-04
SYN_0720,19.181551405201514,76.76084009086856,200,8.570555623316192,34.40302041559147,2026-04-04
SYN_0721,12.50482813780497,72.71721626683204,0,28.544539118987586,34.77706212901002,2026-05-23
SYN_0721,12.50482813780497,72.71721626683204,10,24.38466180243091,34.85859481134392,2026-05-23
SYN_0721,12.50482813780497,72.71721626683204,25,20.295430462325275,34.61690605340724,2026-05-23
SYN_0721,12.50482813780497,72.71721626683204,50,15.89764340117811,34.29343480457784,2026-05-23
SYN_0721,12.50482813780497,72.71721626683204,75,12.71156077904737,34.404560385385835,2026-05-23
SYN_0721,12.50482813780497,72.71721626683204,100,10.928509485821708,34.319075763307744,2026-05-23
SYN_0721,12.50482813780497,72.71721626683204,150,9.59302411129121,34.16972766454489,2026-05-23
SYN_0721,12.50482813780497,72.71721626683204,200,8.673403432068998,34.40590400686966,2026-05-23
SYN_0722,16.630316686437574,83.02750336756823,0,27.78347199709526,35.12170598763029,2026-01-02
SYN_0722,16.630316686437574,83.02750336756823,10,24.364159626612764,34.86057834964718,2026-01-02
SYN_0722,16.630316686437574,83.02750336756823,25,20.18100456801408,34.64774497492758,2026-01-02
SYN_0722,16.630316686437574,83.02750336756823,50,15.075937187856864,34.72081751857664,2026-01-02
SYN_0722,16.630316686437574,83.02750336756823,75,12.240915982949454,34.65670975037823,2026-01-02
SYN_0722,16.630316686437574,83.02750336756823,100,10.611004888852817,34.57863769257617,2026-01-02
SYN_0722,16.630316686437574,83.02750336756823,150,8.740248869419737,34.60683962990334,2026-01-02
SYN_0722,16.630316686437574,83.02750336756823,200,8.081210018366091,34.71167792386459,2026-01-02
SYN_0723,19.948850506411183,81.16211329090547,0,28.094975140835245,34.97854046937457,2026-01-12
SYN_0723,19.948850506411183,81.16211329090547,10,24.22465176715832,34.897025314482384,2026-01-12
SYN_0723,19.948850506411183,81.16211329090547,25,19.9418169952288,34.81823439671639,2026-01-12
SYN_0723,19.948850506411183,81.16211329090547,50,15.479085675653293,34.46377152158354,2026-01-12
SYN_0723,19.948850506411183,81.16211329090547,75,12.630170688273587,34.47776633504514,2026-01-12
SYN_0723,19.948850506411183,81.16211329090547,100,10.591584900698518,34.57301751643456,2026-01-12
SYN_0723,19.948850506411183,81.16211329090547,150,8.980661250887385,34.52496728887922,2026-01-12
SYN_0723,19.948850506411183,81.16211329090547,200,8.400686644731955,34.46042321236397,2026-01-12
SYN_0724,7.286599893256707,70.47143147110549,0,27.97573276598486,35.08157483771482,2026-02-21
SYN_0724,7.286599893256707,70.47143147110549,10,24.27313587468051,34.95185060163568,2026-02-21
SYN_0724,7.286599893256707,70.47143147110549,25,19.83887712366625,34.941786071198976,2026-02-21
SYN_0724,7.286599893256707,70.47143147110549,50,15.23403706428189,34.61082584661853,2026-02-21
SYN_0724,7.286599893256707,70.47143147110549,75,12.158545983626675,34.76542840037642,2026-02-21
SYN_0724,7.286599893256707,70.47143147110549,100,10.658385195011894,34.451656091641794,2026-02-21
SYN_0724,7.286599893256707,70.47143147110549,150,8.71610117141899,34.6678052246643,2026-02-21
SYN_0724,7.286599893256707,70.47143147110549,200,7.963313832454826,34.72210824667041,2026-02-21
SYN_0725,14.37380134458282,77.708251662707,0,28.00377290317077,35.02036992628978,2026-06-04
SYN_0725,14.37380134458282,77.708251662707,10,24.933933557180367,34.53296921556916,2026-06-04
SYN_0725,14.37380134458282,77.708251662707,25,20.75122912732164,34.428830803522935,2026-06-04
SYN_0725,14.37380134458282,77.708251662707,50,15.820734214683428,34.458051617173815,2026-06-04
SYN_0725,14.37380134458282,77.708251662707,75,12.865765550645412,34.38422297394623,2026-06-04
SYN_0725,14.37380134458282,77.708251662707,100,11.346928251673507,34.23548058168532,2026-06-04
SYN_0725,14.37380134458282,77.708251662707,150,9.622360537584287,34.17510676789198,2026-06-04
SYN_0725,14.37380134458282,77.708251662707,200,8.581200469905632,34.382650082227165,2026-06-04
SYN_0726,16.69558462127904,68.9290186674524,0,28.043447648720818,34.91532603929119,2026-02-01
SYN_0726,16.69558462127904,68.9290186674524,10,24.6888938821511,34.75742276152286,2026-02-01
SYN_0726,16.69558462127904,68.9290186674524,25,20.100839841471988,34.7106267946264,2026-02-01
SYN_0726,16.69558462127904,68.9290186674524,50,15.531939049046978,34.50201261346451,2026-02-01
SYN_0726,16.69558462127904,68.9290186674524,75,12.698521432518968,34.43010467790901,2026-02-01
SYN_0726,16.69558462127904,68.9290186674524,100,10.550448630422249,34.47475227029376,2026-02-01
SYN_0726,16.69558462127904,68.9290186674524,150,8.951992244321724,34.554061335898005,2026-02-01
SYN_0726,16.69558462127904,68.9290186674524,200,8.916034656374196,34.23430367893942,2026-02-01
SYN_0727,12.175957143147052,79.33596058607905,0,28.26830202127366,34.9359762904742,2026-06-12
SYN_0727,12.175957143147052,79.33596058607905,10,24.487539644505834,34.75467459221424,2026-06-12
SYN_0727,12.175957143147052,79.33596058607905,25,20.060011020457175,34.79196357445277,2026-06-12
SYN_0727,12.175957143147052,79.33596058607905,50,15.614285604803834,34.464831101360986,2026-06-12
SYN_0727,12.175957143147052,79.33596058607905,75,12.704697399909627,34.45025795377598,2026-06-12
SYN_0727,12.175957143147052,79.33596058607905,100,10.97444522044696,34.35154978486583,2026-06-12
SYN_0727,12.175957143147052,79.33596058607905,150,9.001163912584612,34.487247819356305,2026-06-12
SYN_0727,12.175957143147052,79.33596058607905,200,8.355960210247819,34.471766710298034,2026-06-12
SYN_0728,12.350791773043648,66.39122366972829,0,27.987770854651814,34.92945584290597,2026-06-05
SYN_0728,12.350791773043648,66.39122366972829,10,24.42627862453354,34.73589219376374,2026-06-05
SYN_0728,12.350791773043648,66.39122366972829,25,19.719073996400326,34.89876187983727,2026-06-05
SYN_0728,12.350791773043648,66.39122366972829,50,15.320526904296637,34.73256243045775,2026-06-05
SYN_0728,12.350791773043648,66.39122366972829,75,12.162682340004057,34.6311501805529,2026-06-05
SYN_0728,12.350791773043648,66.39122366972829,100,10.679169296764222,34.56107366102111,2026-06-05
SYN_0728,12.350791773043648,66.39122366972829,150,8.961129484987763,34.446571250910175,2026-06-05
SYN_0728,12.350791773043648,66.39122366972829,200,8.298367602640287,34.48940196231279,2026-06-05
SYN_0729,19.936530122981882,73.24545044948759,0,27.7863854259556,35.11747319320576,2026-04-18
SYN_0729,19.936530122981882,73.24545044948759,10,24.51196310957658,34.7629210011164,2026-04-18
SYN_0729,19.936530122981882,73.24545044948759,25,20.254839998782852,34.67707324603026,2026-04-18
SYN_0729,19.936530122981882,73.24545044948759,50,15.189537645190276,34.688814613326265,2026-04-18
SYN_0729,19.936530122981882,73.24545044948759,75,12.447961485548296,34.57777029550213,2026-04-18
SYN_0729,19.936530122981882,73.24545044948759,100,10.56141407792081,34.63811816884222,2026-04-18
SYN_0729,19.936530122981882,73.24545044948759,150,9.190991760955535,34.442099756488616,2026-04-18
SYN_0729,19.936530122981882,73.24545044948759,200,8.329476827221843,34.570844333735586,2026-04-18
SYN_0730,9.634499126292964,70.45143338836829,0,27.787365549161553,35.16666136996557,2026-02-11
SYN_0730,9.634499126292964,70.45143338836829,10,24.466271686832545,34.8388047544145,2026-02-11
SYN_0730,9.634499126292964,70.45143338836829,25,19.934356456074926,34.87366187809171,2026-02-11
SYN_0730,9.634499126292964,70.45143338836829,50,15.22921712377469,34.65235915768045,2026-02-11
SYN_0730,9.634499126292964,70.45143338836829,75,12.452126730799835,34.57614283993392,2026-02-11
SYN_0730,9.634499126292964,70.45143338836829,100,10.66671539980346,34.57534585456269,2026-02-11
SYN_0730,9.634499126292964,70.45143338836829,150,9.143465217209338,34.51078944540487,2026-02-11
SYN_0730,9.634499126292964,70.45143338836829,200,8.442835774774451,34.52317806022259,2026-02-11
SYN_0731,23.76863630825486,84.64596872640838,0,28.372872908898774,34.77726916635901,2026-05-14
SYN_0731,23.76863630825486,84.64596872640838,10,24.556883613124647,34.71244295949312,2026-05-14
SYN_0731,23.76863630825486,84.64596872640838,25,20.206778426027377,34.604323554627214,2026-05-14
SYN_0731,23.76863630825486,84.64596872640838,50,15.473720633354587,34.58779584691541,2026-05-14
SYN_0731,23.76863630825486,84.64596872640838,75,12.881657454903646,34.29818756178277,2026-05-14
SYN_0731,23.76863630825486,84.64596872640838,100,11.378747783125435,34.19961756083339,2026-05-14
SYN_0731,23.76863630825486,84.64596872640838,150,9.26962343898387,34.29532417131495,2026-05-14
SYN_0731,23.76863630825486,84.64596872640838,200,8.625181858424817,34.35821440740569,2026-05-14
SYN_0732,19.502788051916664,69.26408565521898,0,27.999054901563298,34.97379158308568,2026-04-01
SYN_0732,19.502788051916664,69.26408565521898,10,24.683745505398505,34.68348863698864,2026-04-01
SYN_0732,19.502788051916664,69.26408565521898,25,20.069901660215937,34.78075629305172,2026-04-01
SYN_0732,19.502788051916664,69.26408565521898,50,15.395858999767192,34.553384355369055,2026-04-01
SYN_0732,19.502788051916664,69.26408565521898,75,12.647602498462685,34.52624497490833,2026-04-01
SYN_0732,19.502788051916664,69.26408565521898,100,10.88269415099433,34.435131852825116,2026-04-01
SYN_0732,19.502788051916664,69.26408565521898,150,9.166084315299589,34.433071516709745,2026-04-01
SYN_0732,19.502788051916664,69.26408565521898,200,8.498102786718098,34.464544122881264,2026-04-01
SYN_0733,19.042051595717535,69.2066740457853,0,28.489925960162207,34.718452977671454,2026-03-26
SYN_0733,19.042051595717535,69.2066740457853,10,24.26835894802674,34.96630409837389,2026-03-26
SYN_0733,19.042051595717535,69.2066740457853,25,20.474299511274545,34.617746847686476,2026-03-26
SYN_0733,19.042051595717535,69.2066740457853,50,15.47380121056864,34.57028760181471,2026-03-26
SYN_0733,19.042051595717535,69.2066740457853,75,12.589980658983142,34.41271979626918,2026-03-26
SYN_0733,19.042051595717535,69.2066740457853,100,10.640788260903632,34.56135959746481,2026-03-26
SYN_0733,19.042051595717535,69.2066740457853,150,9.226805112056187,34.35817690440341,2026-03-26
SYN_0733,19.042051595717535,69.2066740457853,200,8.276112936855553,34.60951790322303,2026-03-26
SYN_0734,9.981933037611032,78.78363517886484,0,28.13499272147829,35.00383044698119,2026-05-19
SYN_0734,9.981933037611032,78.78363517886484,10,24.265711944143458,34.87370417772104,2026-05-19
SYN_0734,9.981933037611032,78.78363517886484,25,20.050386602426535,34.787418222928835,2026-05-19
SYN_0734,9.981933037611032,78.78363517886484,50,15.273920284223957,34.692594958877685,2026-05-19
SYN_0734,9.981933037611032,78.78363517886484,75,12.503662520230732,34.57822458092587,2026-05-19
SYN_0734,9.981933037611032,78.78363517886484,100,11.021299322548398,34.33814941757196,2026-05-19
SYN_0734,9.981933037611032,78.78363517886484,150,8.942666534853423,34.55578063489549,2026-05-19
SYN_0734,9.981933037611032,78.78363517886484,200,8.552935575459884,34.38341328766514,2026-05-19
SYN_0735,6.959381807901346,78.59513175364744,0,27.903417584577088,35.07357276027411,2026-02-12
SYN_0735,6.959381807901346,78.59513175364744,10,24.185224696110602,35.01429353126553,2026-02-12
SYN_0735,6.959381807901346,78.59513175364744,25,19.5466258353779,35.06929506134946,2026-02-12
SYN_0735,6.959381807901346,78.59513175364744,50,15.445146138768775,34.5205245593993,2026-02-12
SYN_0735,6.959381807901346,78.59513175364744,75,12.310262652775894,34.65529191701467,2026-02-12
SYN_0735,6.959381807901346,78.59513175364744,100,10.334288071248398,34.64603609996978,2026-02-12
SYN_0735,6.959381807901346,78.59513175364744,150,8.496469956468815,34.85617695583321,2026-02-12
SYN_0735,6.959381807901346,78.59513175364744,200,7.969688961236785,34.73357070482183,2026-02-12
SYN_0736,21.99969070998417,66.86957841853254,0,27.935476591860326,35.00759005087031,2026-01-29
SYN_0736,21.99969070998417,66.86957841853254,10,24.239816597261193,34.92674025552537,2026-01-29
SYN_0736,21.99969070998417,66.86957841853254,25,20.295582386335724,34.6260473444638,2026-01-29
SYN_0736,21.99969070998417,66.86957841853254,50,15.457639628867835,34.520062917613906,2026-01-29
SYN_0736,21.99969070998417,66.86957841853254,75,12.720733841059769,34.42830384034013,2026-01-29
SYN_0736,21.99969070998417,66.86957841853254,100,10.506780611451434,34.54423359769936,2026-01-29
SYN_0736,21.99969070998417,66.86957841853254,150,9.144599509278743,34.42021173722505,2026-01-29
SYN_0736,21.99969070998417,66.86957841853254,200,8.214671539631167,34.52875367335817,2026-01-29
SYN_0737,14.431349267294525,69.71123719621056,0,28.422070233167577,34.79132558762614,2026-03-31
SYN_0737,14.431349267294525,69.71123719621056,10,24.62064145399713,34.75381456952723,2026-03-31
SYN_0737,14.431349267294525,69.71123719621056,25,20.70984620288979,34.42006504943792,2026-03-31
SYN_0737,14.431349267294525,69.71123719621056,50,15.545619436371666,34.556703202550935,2026-03-31
SYN_0737,14.431349267294525,69.71123719621056,75,12.7649055737838,34.332808830753734,2026-03-31
SYN_0737,14.431349267294525,69.71123719621056,100,10.76037284428899,34.476377690729734,2026-03-31
SYN_0737,14.431349267294525,69.71123719621056,150,9.117060774358828,34.34384917943605,2026-03-31
SYN_0737,14.431349267294525,69.71123719621056,200,8.698146097993009,34.33773220606969,2026-03-31
SYN_0738,11.900659329301252,79.83553822587011,0,28.18344266356033,34.95731428582588,2026-04-29
SYN_0738,11.900659329301252,79.83553822587011,10,24.549735140820946,34.78114173103177,2026-04-29
SYN_0738,11.900659329301252,79.83553822587011,25,20.50062168700178,34.56226989717815,2026-04-29
SYN_0738,11.900659329301252,79.83553822587011,50,15.823002039732478,34.37823811321791,2026-04-29
SYN_0738,11.900659329301252,79.83553822587011,75,12.726771183412666,34.37956034426137,2026-04-29
SYN_0738,11.900659329301252,79.83553822587011,100,11.00654194018415,34.409528424536205,2026-04-29
SYN_0738,11.900659329301252,79.83553822587011,150,9.141169476808226,34.466107708213535,2026-04-29
SYN_0738,11.900659329301252,79.83553822587011,200,8.549212611883313,34.42185082522176,2026-04-29
SYN_0739,14.424495024165173,84.27924419744461,0,27.904873553668914,35.02442169699402,2026-03-14
SYN_0739,14.424495024165173,84.27924419744461,10,24.04536172610044,34.97337100491452,2026-03-14
SYN_0739,14.424495024165173,84.27924419744461,25,19.856436794317545,34.88031294590124,2026-03-14
SYN_0739,14.424495024165173,84.27924419744461,50,15.303573010339118,34.54361886125356,2026-03-14
SYN_0739,14.424495024165173,84.27924419744461,75,12.20699217683402,34.62727407873416,2026-03-14
SYN_0739,14.424495024165173,84.27924419744461,100,10.67109735087671,34.60290038636871,2026-03-14
SYN_0739,14.424495024165173,84.27924419744461,150,8.831040187475264,34.60800173866505,2026-03-14
SYN_0739,14.424495024165173,84.27924419744461,200,7.999777527338868,34.774932955531824,2026-03-14
SYN_0740,19.610003357832042,79.48356070280906,0,28.06419513848477,35.118468460934885,2026-01-03
SYN_0740,19.610003357832042,79.48356070280906,10,24.250304905281652,34.883442289421914,2026-01-03
SYN_0740,19.610003357832042,79.48356070280906,25,20.100410287304143,34.73636759586609,2026-01-03
SYN_0740,19.610003357832042,79.48356070280906,50,15.463294480664311,34.41872161317555,2026-01-03
SYN_0740,19.610003357832042,79.48356070280906,75,12.635215475707042,34.53691793071006,2026-01-03
SYN_0740,19.610003357832042,79.48356070280906,100,10.714160271725104,34.50965223746175,2026-01-03
SYN_0740,19.610003357832042,79.48356070280906,150,9.155536227407,34.31138456286737,2026-01-03
SYN_0740,19.610003357832042,79.48356070280906,200,8.408920163981337,34.41468074054668,2026-01-03
SYN_0741,8.272449857115642,70.67729534629706,0,27.972546527053353,34.990432844234334,2026-05-15
SYN_0741,8.272449857115642,70.67729534629706,10,24.319961952681894,34.94875528084232,2026-05-15
SYN_0741,8.272449857115642,70.67729534629706,25,20.049510895914313,34.712153085807316,2026-05-15
SYN_0741,8.272449857115642,70.67729534629706,50,15.251134559039528,34.60731861763892,2026-05-15
SYN_0741,8.272449857115642,70.67729534629706,75,12.481886437765201,34.524028436524624,2026-05-15
SYN_0741,8.272449857115642,70.67729534629706,100,10.354117530901727,34.64857750927491,2026-05-15
SYN_0741,8.272449857115642,70.67729534629706,150,8.714314392686273,34.633917835581,2026-05-15
SYN_0741,8.272449857115642,70.67729534629706,200,8.053727281752165,34.72456905719672,2026-05-15
SYN_0742,24.610543365945855,70.97838318568154,0,27.618321147945448,35.19404455427478,2026-03-07
SYN_0742,24.610543365945855,70.97838318568154,10,23.988219975529947,35.13700198718646,2026-03-07
SYN_0742,24.610543365945855,70.97838318568154,25,20.12563760037972,34.7832351524616,2026-03-07
SYN_0742,24.610543365945855,70.97838318568154,50,14.758669997894378,34.92355576373591,2026-03-07
SYN_0742,24.610543365945855,70.97838318568154,75,11.907709440837024,34.89328953885551,2026-03-07
SYN_0742,24.610543365945855,70.97838318568154,100,10.196281326098461,34.75232097282809,2026-03-07
SYN_0742,24.610543365945855,70.97838318568154,150,8.626975348724239,34.676671813306925,2026-03-07
SYN_0742,24.610543365945855,70.97838318568154,200,8.088003081255414,34.72275469837126,2026-03-07
SYN_0743,22.794712050078104,84.6704061544547,0,28.316754175279787,34.85464949308719,2026-05-05
SYN_0743,22.794712050078104,84.6704061544547,10,24.5902312818005,34.82804617005362,2026-05-05
SYN_0743,22.794712050078104,84.6704061544547,25,20.29687556500265,34.70142703844305,2026-05-05
SYN_0743,22.794712050078104,84.6704061544547,50,15.647472530486384,34.41532948119862,2026-05-05
SYN_0743,22.794712050078104,84.6704061544547,75,12.358405899659141,34.64237775915804,2026-05-05
SYN_0743,22.794712050078104,84.6704061544547,100,10.671467955906957,34.556386924163974,2026-05-05
SYN_0743,22.794712050078104,84.6704061544547,150,9.045771146745421,34.57676404042318,2026-05-05
SYN_0743,22.794712050078104,84.6704061544547,200,8.7617808111168,34.294845826268286,2026-05-05
SYN_0744,23.403593644772663,65.80008844447254,0,27.846594815925634,35.05444300642983,2026-05-25
SYN_0744,23.403593644772663,65.80008844447254,10,24.68902408409669,34.707060363210275,2026-05-25
SYN_0744,23.403593644772663,65.80008844447254,25,20.37449266611993,34.61497310606368,2026-05-25
SYN_0744,23.403593644772663,65.80008844447254,50,15.599952692809147,34.54764608414465,2026-05-25
SYN_0744,23.403593644772663,65.80008844447254,75,12.671296982599888,34.46313730118379,2026-05-25
SYN_0744,23.403593644772663,65.80008844447254,100,10.994371788007317,34.35476935379573,2026-05-25
SYN_0744,23.403593644772663,65.80008844447254,150,9.113374613158431,34.446733749153935,2026-05-25
SYN_0744,23.403593644772663,65.80008844447254,200,8.209608219970285,34.60983843485082,2026-05-25
SYN_0745,9.874733240556196,81.30443708424237,0,27.87515007795264,35.06480069276174,2026-01-24
SYN_0745,9.874733240556196,81.30443708424237,10,24.68189761036462,34.72964104125044,2026-01-24
SYN_0745,9.874733240556196,81.30443708424237,25,20.036516207101325,34.77970779512411,2026-01-24
SYN_0745,9.874733240556196,81.30443708424237,50,15.479888581259834,34.56063634615965,2026-01-24
SYN_0745,9.874733240556196,81.30443708424237,75,12.358423356342183,34.58513531521021,2026-01-24
SYN_0745,9.874733240556196,81.30443708424237,100,10.718741363262794,34.51264119383932,2026-01-24
SYN_0745,9.874733240556196,81.30443708424237,150,9.016701593298587,34.474367474805405,2026-01-24
SYN_0745,9.874733240556196,81.30443708424237,200,8.379575161661,34.50611803278853,2026-01-24
SYN_0746,9.596779915973908,65.16928843234619,0,28.11875128501416,34.8578358544703,2026-03-31
SYN_0746,9.596779915973908,65.16928843234619,10,24.140204371768515,35.003972272684805,2026-03-31
SYN_0746,9.596779915973908,65.16928843234619,25,20.01057179329043,34.81921346614693,2026-03-31
SYN_0746,9.596779915973908,65.16928843234619,50,15.120273091068734,34.65860418604972,2026-03-31
SYN_0746,9.596779915973908,65.16928843234619,75,12.487402905663282,34.47703577365112,2026-03-31
SYN_0746,9.596779915973908,65.16928843234619,100,10.695517417482288,34.52893205605073,2026-03-31
SYN_0746,9.596779915973908,65.16928843234619,150,9.184171140309692,34.422273135166336,2026-03-31
SYN_0746,9.596779915973908,65.16928843234619,200,8.637574633315309,34.31917108482193,2026-03-31
SYN_0747,8.95093760814114,65.83726405864299,0,28.095817323145102,34.858797051028525,2026-05-08
SYN_0747,8.95093760814114,65.83726405864299,10,24.866488094076637,34.6211636657399,2026-05-08
SYN_0747,8.95093760814114,65.83726405864299,25,19.978211069778947,34.75270217840106,2026-05-08
SYN_0747,8.95093760814114,65.83726405864299,50,15.234843547119164,34.619411381651325,2026-05-08
SYN_0747,8.95093760814114,65.83726405864299,75,12.592347511907711,34.4707171350505,2026-05-08
SYN_0747,8.95093760814114,65.83726405864299,100,10.77655417352236,34.421244268193064,2026-05-08
SYN_0747,8.95093760814114,65.83726405864299,150,9.086430520847646,34.45360414304245,2026-05-08
SYN_0747,8.95093760814114,65.83726405864299,200,8.640119962429639,34.30906409025584,2026-05-08
SYN_0748,24.496155345001547,77.12852981609882,0,27.53894932173506,35.301197775913295,2026-06-08
SYN_0748,24.496155345001547,77.12852981609882,10,23.871693673959854,35.10937673656159,2026-06-08
SYN_0748,24.496155345001547,77.12852981609882,25,19.867514745513073,34.781347763687016,2026-06-08
SYN_0748,24.496155345001547,77.12852981609882,50,14.868392787040362,34.83564903792736,2026-06-08
SYN_0748,24.496155345001547,77.12852981609882,75,11.894954446802048,34.84572411037508,2026-06-08
SYN_0748,24.496155345001547,77.12852981609882,100,10.097541547990115,34.815617089413884,2026-06-08
SYN_0748,24.496155345001547,77.12852981609882,150,8.276342495682384,34.8222240896645,2026-06-08
SYN_0748,24.496155345001547,77.12852981609882,200,7.882444558385908,34.796359669962726,2026-06-08
SYN_0749,15.065161665807107,77.15808633192665,0,28.417150966117003,34.8019583874811,2026-06-07
SYN_0749,15.065161665807107,77.15808633192665,10,24.90036104707684,34.564290488806186,2026-06-07
SYN_0749,15.065161665807107,77.15808633192665,25,20.65981680559019,34.414664707133966,2026-06-07
SYN_0749,15.065161665807107,77.15808633192665,50,16.223639171855574,34.170789115220565,2026-06-07
SYN_0749,15.065161665807107,77.15808633192665,75,12.945223629626788,34.3522481562847,2026-06-07
SYN_0749,15.065161665807107,77.15808633192665,100,11.251548729507224,34.189938946433344,2026-06-07
SYN_0749,15.065161665807107,77.15808633192665,150,9.525476758749859,34.16721158426591,2026-06-07
SYN_0749,15.065161665807107,77.15808633192665,200,8.693803662854553,34.2484228042939,2026-06-07
SYN_0750,18.965738532611834,77.61274577918488,0,28.209527642315944,34.89195832380623,2026-06-05
SYN_0750,18.965738532611834,77.61274577918488,10,24.542497476196967,34.69006160908414,2026-06-05
SYN_0750,18.965738532611834,77.61274577918488,25,20.516577670037865,34.47746958059531,2026-06-05
SYN_0750,18.965738532611834,77.61274577918488,50,15.466500029478244,34.490754780330995,2026-06-05
SYN_0750,18.965738532611834,77.61274577918488,75,12.584673158129185,34.48758563285738,2026-06-05
SYN_0750,18.965738532611834,77.61274577918488,100,10.429049579596125,34.690352716663995,2026-06-05
SYN_0750,18.965738532611834,77.61274577918488,150,9.03982905521984,34.51344313785312,2026-06-05
SYN_0750,18.965738532611834,77.61274577918488,200,8.3691430978107,34.511201743114974,2026-06-05
SYN_0751,13.39042378303999,66.32597960770391,0,27.813341736419375,35.06855494773535,2026-03-15
SYN_0751,13.39042378303999,66.32597960770391,10,24.38487087505967,34.7833432368137,2026-03-15
SYN_0751,13.39042378303999,66.32597960770391,25,20.059344742930115,34.83061307043731,2026-03-15
SYN_0751,13.39042378303999,66.32597960770391,50,15.256393576769367,34.702296259077094,2026-03-15
SYN_0751,13.39042378303999,66.32597960770391,75,12.74958335882505,34.445487813631814,2026-03-15
SYN_0751,13.39042378303999,66.32597960770391,100,10.41697473518579,34.63365660258715,2026-03-15
SYN_0751,13.39042378303999,66.32597960770391,150,8.770381912884892,34.662352080397376,2026-03-15
SYN_0751,13.39042378303999,66.32597960770391,200,8.413359028894645,34.493991878012636,2026-03-15
SYN_0752,8.323818392310237,83.01747185074353,0,28.066005274938767,34.992373875377865,2026-02-27
SYN_0752,8.323818392310237,83.01747185074353,10,24.373651982593184,34.895604535218084,2026-02-27
SYN_0752,8.323818392310237,83.01747185074353,25,20.012450238708976,34.87930277188667,2026-02-27
SYN_0752,8.323818392310237,83.01747185074353,50,15.32511520482687,34.59845534889497,2026-02-27
SYN_0752,8.323818392310237,83.01747185074353,75,12.40873398993888,34.61133262592795,2026-02-27
SYN_0752,8.323818392310237,83.01747185074353,100,11.051136256786185,34.257287152780854,2026-02-27
SYN_0752,8.323818392310237,83.01747185074353,150,8.820563575145812,34.607331512217854,2026-02-27
SYN_0752,8.323818392310237,83.01747185074353,200,8.490598551799954,34.37714330668581,2026-02-27
SYN_0753,7.927658102854627,78.49288740171605,0,27.88030844828616,35.054119815692346,2026-05-22
SYN_0753,7.927658102854627,78.49288740171605,10,24.16009837761657,34.988357295892925,2026-05-22
SYN_0753,7.927658102854627,78.49288740171605,25,20.232211425606742,34.63811575217272,2026-05-22
SYN_0753,7.927658102854627,78.49288740171605,50,15.098000423429369,34.69709715204829,2026-05-22
SYN_0753,7.927658102854627,78.49288740171605,75,12.168348524881775,34.69093201388415,2026-05-22
SYN_0753,7.927658102854627,78.49288740171605,100,10.472567617133759,34.650168252875574,2026-05-22
SYN_0753,7.927658102854627,78.49288740171605,150,8.757941243071185,34.577147117584516,2026-05-22
SYN_0753,7.927658102854627,78.49288740171605,200,7.9711534004231295,34.78092753149045,2026-05-22
SYN_0754,7.283675359759185,79.37957494353799,0,27.715815896763758,35.17697745734998,2026-01-28
SYN_0754,7.283675359759185,79.37957494353799,10,24.24033532797027,34.9623986550003,2026-01-28
SYN_0754,7.283675359759185,79.37957494353799,25,19.85640330168199,34.834410386920666,2026-01-28
SYN_0754,7.283675359759185,79.37957494353799,50,15.328297809628722,34.58398745344969,2026-01-28
SYN_0754,7.283675359759185,79.37957494353799,75,12.055522716131557,34.74687656673431,2026-01-28
SYN_0754,7.283675359759185,79.37957494353799,100,10.35325312065947,34.677226306650255,2026-01-28
SYN_0754,7.283675359759185,79.37957494353799,150,8.822938631733612,34.501741922212936,2026-01-28
SYN_0754,7.283675359759185,79.37957494353799,200,8.231217211324294,34.56753605591142,2026-01-28
SYN_0755,10.780681284469944,84.86868098739123,0,27.944079719303694,35.02667265516068,2026-01-16
SYN_0755,10.780681284469944,84.86868098739123,10,24.824329471839366,34.5898765137961,2026-01-16
SYN_0755,10.780681284469944,84.86868098739123,25,19.85219280442182,34.85578425272837,2026-01-16
SYN_0755,10.780681284469944,84.86868098739123,50,15.511880105868824,34.458646878411706,2026-01-16
SYN_0755,10.780681284469944,84.86868098739123,75,12.663882688568211,34.40874614602562,2026-01-16
SYN_0755,10.780681284469944,84.86868098739123,100,10.710688897269183,34.47647959929358,2026-01-16
SYN_0755,10.780681284469944,84.86868098739123,150,9.177735527200785,34.44622549802005,2026-01-16
SYN_0755,10.780681284469944,84.86868098739123,200,8.28662685801026,34.55630982102549,2026-01-16
SYN_0756,21.199757500341804,76.87888105613717,0,27.66873519784301,35.111152458561115,2026-01-16
SYN_0756,21.199757500341804,76.87888105613717,10,24.075578955709336,34.963198257404315,2026-01-16
SYN_0756,21.199757500341804,76.87888105613717,25,19.850524023382015,34.878417110757105,2026-01-16
SYN_0756,21.199757500341804,76.87888105613717,50,14.935897460423826,34.84542240528659,2026-01-16
SYN_0756,21.199757500341804,76.87888105613717,75,12.427514279242974,34.52465315184071,2026-01-16
SYN_0756,21.199757500341804,76.87888105613717,100,10.528223970406255,34.61173472697385,2026-01-16
SYN_0756,21.199757500341804,76.87888105613717,150,8.833722091699613,34.633223697949596,2026-01-16
SYN_0756,21.199757500341804,76.87888105613717,200,8.080904326596858,34.67527849077985,2026-01-16
SYN_0757,17.468293049645492,68.29303844689612,0,28.16000211421942,34.926061129481305,2026-01-12
SYN_0757,17.468293049645492,68.29303844689612,10,24.18158340752201,34.96713576509008,2026-01-12
SYN_0757,17.468293049645492,68.29303844689612,25,19.90569029916231,34.768075843582295,2026-01-12
SYN_0757,17.468293049645492,68.29303844689612,50,15.469033801914483,34.489182946671356,2026-01-12
SYN_0757,17.468293049645492,68.29303844689612,75,12.195188125948155,34.74361323301283,2026-01-12
SYN_0757,17.468293049645492,68.29303844689612,100,10.877113397690414,34.43088509538688,2026-01-12
SYN_0757,17.468293049645492,68.29303844689612,150,8.986564994412374,34.51101979548901,2026-01-12
SYN_0757,17.468293049645492,68.29303844689612,200,8.226236477949547,34.60049114600651,2026-01-12
SYN_0758,14.435610578252582,70.58557275796984,0,28.290890795168412,34.864319939408375,2026-04-27
SYN_0758,14.435610578252582,70.58557275796984,10,24.39732196047226,34.81236134192347,2026-04-27
SYN_0758,14.435610578252582,70.58557275796984,25,20.62013008592536,34.48000303636736,2026-04-27
SYN_0758,14.435610578252582,70.58557275796984,50,15.804633696294713,34.427288936186315,2026-04-27
SYN_0758,14.435610578252582,70.58557275796984,75,12.813533467185557,34.4232110263431,2026-04-27
SYN_0758,14.435610578252582,70.58557275796984,100,10.86260419849995,34.38915057017697,2026-04-27
SYN_0758,14.435610578252582,70.58557275796984,150,9.159542447524853,34.380814566517145,2026-04-27
SYN_0758,14.435610578252582,70.58557275796984,200,8.748722659869706,34.33860741244676,2026-04-27
SYN_0759,9.921174931502495,72.21907266622344,0,27.97984485325927,34.9865663067161,2026-05-01
SYN_0759,9.921174931502495,72.21907266622344,10,24.262731393372498,34.91541107536327,2026-05-01
SYN_0759,9.921174931502495,72.21907266622344,25,19.88787909816596,34.968713268657254,2026-05-01
SYN_0759,9.921174931502495,72.21907266622344,50,15.244978031601608,34.65380159246327,2026-05-01
SYN_0759,9.921174931502495,72.21907266622344,75,12.465707663972207,34.49856302932055,2026-05-01
SYN_0759,9.921174931502495,72.21907266622344,100,10.642507856919757,34.58585556349723,2026-05-01
SYN_0759,9.921174931502495,72.21907266622344,150,9.027446058951485,34.526189075034274,2026-05-01
SYN_0759,9.921174931502495,72.21907266622344,200,8.27134965168553,34.58267284244868,2026-05-01
SYN_0760,21.17063351544573,72.60185891491636,0,27.94348265030111,35.08139605343707,2026-04-25
SYN_0760,21.17063351544573,72.60185891491636,10,24.116577884398527,34.93760905288628,2026-04-25
SYN_0760,21.17063351544573,72.60185891491636,25,20.042849240443342,34.76275162606076,2026-04-25
SYN_0760,21.17063351544573,72.60185891491636,50,15.163651956373197,34.65562011426428,2026-04-25
SYN_0760,21.17063351544573,72.60185891491636,75,12.10349742128307,34.68064820297605,2026-04-25
SYN_0760,21.17063351544573,72.60185891491636,100,10.49180136717192,34.71333473228893,2026-04-25
SYN_0760,21.17063351544573,72.60185891491636,150,8.560811412258603,34.654618296029966,2026-04-25
SYN_0760,21.17063351544573,72.60185891491636,200,8.294611509167185,34.56854435292458,2026-04-25
SYN_0761,21.00624481510007,72.64285592071388,0,28.002961516980953,35.08419572797654,2026-05-08
SYN_0761,21.00624481510007,72.64285592071388,10,24.146275074563825,34.98660182841158,2026-05-08
SYN_0761,21.00624481510007,72.64285592071388,25,20.023814860833248,34.69619413718442,2026-05-08
SYN_0761,21.00624481510007,72.64285592071388,50,14.967911658547463,34.867207709707614,2026-05-08
SYN_0761,21.00624481510007,72.64285592071388,75,12.661622835718465,34.48168017926299,2026-05-08
SYN_0761,21.00624481510007,72.64285592071388,100,10.518156608288614,34.55979402311107,2026-05-08
SYN_0761,21.00624481510007,72.64285592071388,150,8.802660103048161,34.532946089879836,2026-05-08
SYN_0761,21.00624481510007,72.64285592071388,200,7.949436484378422,34.80012282486211,2026-05-08
SYN_0762,24.024474912792105,82.88937520950887,0,28.018549052237923,35.04522236329113,2026-05-08
SYN_0762,24.024474912792105,82.88937520950887,10,24.29291059586937,34.8684709879953,2026-05-08
SYN_0762,24.024474912792105,82.88937520950887,25,20.294857313917166,34.62261690377832,2026-05-08
SYN_0762,24.024474912792105,82.88937520950887,50,15.576986704408581,34.46780590153944,2026-05-08
SYN_0762,24.024474912792105,82.88937520950887,75,12.318456192574228,34.593478432611455,2026-05-08
SYN_0762,24.024474912792105,82.88937520950887,100,10.658123594203554,34.579677613026874,2026-05-08
SYN_0762,24.024474912792105,82.88937520950887,150,8.974133608268687,34.446191875680256,2026-05-08
SYN_0762,24.024474912792105,82.88937520950887,200,8.492157274155756,34.4151069178306,2026-05-08
SYN_0763,13.842614845407601,80.13698531003294,0,28.074054344739324,35.003847116663145,2026-04-17
SYN_0763,13.842614845407601,80.13698531003294,10,24.32326326609071,34.86586193801789,2026-04-17
SYN_0763,13.842614845407601,80.13698531003294,25,20.265148512855085,34.67870313453673,2026-04-17
SYN_0763,13.842614845407601,80.13698531003294,50,15.6810273384901,34.48815737690351,2026-04-17
SYN_0763,13.842614845407601,80.13698531003294,75,12.47617122885617,34.556779084364635,2026-04-17
SYN_0763,13.842614845407601,80.13698531003294,100,10.815420221135216,34.491500450082576,2026-04-17
SYN_0763,13.842614845407601,80.13698531003294,150,8.92895389342518,34.568441347669676,2026-04-17
SYN_0763,13.842614845407601,80.13698531003294,200,8.593309522949744,34.34314227407698,2026-04-17
SYN_0764,20.234969938577706,80.72381188130316,0,28.261835148854352,34.89854710657906,2026-03-20
SYN_0764,20.234969938577706,80.72381188130316,10,24.549868436809298,34.75394857816603,2026-03-20
SYN_0764,20.234969938577706,80.72381188130316,25,19.89535506644091,34.767786063536875,2026-03-20
SYN_0764,20.234969938577706,80.72381188130316,50,15.646983130156398,34.4174839133207,2026-03-20
SYN_0764,20.234969938577706,80.72381188130316,75,12.35708936210611,34.52763052557862,2026-03-20
SYN_0764,20.234969938577706,80.72381188130316,100,10.78738526824674,34.5016078855335,2026-03-20
SYN_0764,20.234969938577706,80.72381188130316,150,8.814557088727666,34.69712602184155,2026-03-20
SYN_0764,20.234969938577706,80.72381188130316,200,8.296196917717573,34.446101691907,2026-03-20
SYN_0765,5.239824880565105,67.44851822366519,0,27.83167938902079,35.14310964252134,2026-05-25
SYN_0765,5.239824880565105,67.44851822366519,10,24.362728352581033,34.85991016269497,2026-05-25
SYN_0765,5.239824880565105,67.44851822366519,25,19.898066375537258,34.888004208660824,2026-05-25
SYN_0765,5.239824880565105,67.44851822366519,50,15.246495976995558,34.71586196816372,2026-05-25
SYN_0765,5.239824880565105,67.44851822366519,75,12.194694756936325,34.627630296212395,2026-05-25
SYN_0765,5.239824880565105,67.44851822366519,100,10.398235856196068,34.74303921255309,2026-05-25
SYN_0765,5.239824880565105,67.44851822366519,150,9.221829749076251,34.35308043970265,2026-05-25
SYN_0765,5.239824880565105,67.44851822366519,200,8.568412965306438,34.38476758934991,2026-05-25
SYN_0766,6.228958320885178,69.37052001509527,0,27.63022867211166,35.23060542372031,2026-02-26
SYN_0766,6.228958320885178,69.37052001509527,10,24.28088410521045,34.84970179993607,2026-02-26
SYN_0766,6.228958320885178,69.37052001509527,25,19.908557240297583,34.73998098692237,2026-02-26
SYN_0766,6.228958320885178,69.37052001509527,50,15.02289904292186,34.722801880110175,2026-02-26
SYN_0766,6.228958320885178,69.37052001509527,75,12.40928036869113,34.5552771427929,2026-02-26
SYN_0766,6.228958320885178,69.37052001509527,100,10.373215129288006,34.630316204683055,2026-02-26
SYN_0766,6.228958320885178,69.37052001509527,150,8.507376493792975,34.814125736439145,2026-02-26
SYN_0766,6.228958320885178,69.37052001509527,200,8.436240194520131,34.42607035746571,2026-02-26
SYN_0767,17.08852836703204,69.88907944858522,0,28.104669817337463,34.890282771387994,2026-01-02
SYN_0767,17.08852836703204,69.88907944858522,10,24.19203607629306,34.95059923439625,2026-01-02
SYN_0767,17.08852836703204,69.88907944858522,25,20.032375198393122,34.799260578399796,2026-01-02
SYN_0767,17.08852836703204,69.88907944858522,50,15.294796196135316,34.65631450142311,2026-01-02
SYN_0767,17.08852836703204,69.88907944858522,75,12.595839645098174,34.48215763175089,2026-01-02
SYN_0767,17.08852836703204,69.88907944858522,100,10.840461486457508,34.45450588771488,2026-01-02
SYN_0767,17.08852836703204,69.88907944858522,150,9.30306777157644,34.31977846379538,2026-01-02
SYN_0767,17.08852836703204,69.88907944858522,200,8.654209446072622,34.34763980655615,2026-01-02
SYN_0768,20.630463021237123,79.45800200890639,0,27.92646282830219,35.01441708943361,2026-05-27
SYN_0768,20.630463021237123,79.45800200890639,10,24.289657564988875,34.87385312409532,2026-05-27
SYN_0768,20.630463021237123,79.45800200890639,25,20.144111028256262,34.63267698746721,2026-05-27
SYN_0768,20.630463021237123,79.45800200890639,50,15.127910710394906,34.74019801047159,2026-05-27
SYN_0768,20.630463021237123,79.45800200890639,75,12.500982743889152,34.519405171443665,2026-05-27
SYN_0768,20.630463021237123,79.45800200890639,100,10.501612869827492,34.68006675398562,2026-05-27
SYN_0768,20.630463021237123,79.45800200890639,150,8.86431971262839,34.62610664399886,2026-05-27
SYN_0768,20.630463021237123,79.45800200890639,200,8.243134951916565,34.55200076814641,2026-05-27
SYN_0769,16.68652868926773,71.59095770476364,0,28.181870390752486,34.85529634054386,2026-06-17
SYN_0769,16.68652868926773,71.59095770476364,10,24.406522534902948,34.848721443524305,2026-06-17
SYN_0769,16.68652868926773,71.59095770476364,25,20.610043273839505,34.43770977087356,2026-06-17
SYN_0769,16.68652868926773,71.59095770476364,50,16.001299469804145,34.17383635935355,2026-06-17
SYN_0769,16.68652868926773,71.59095770476364,75,12.772383127465327,34.54188998720247,2026-06-17
SYN_0769,16.68652868926773,71.59095770476364,100,10.958199348718077,34.32240235683453,2026-06-17
SYN_0769,16.68652868926773,71.59095770476364,150,9.031111202571335,34.52010987770137,2026-06-17
SYN_0769,16.68652868926773,71.59095770476364,200,8.556520152683069,34.26540208992505,2026-06-17
SYN_0770,23.852142796306524,79.1232064624772,0,27.488125101693182,35.41429695635407,2026-04-26
SYN_0770,23.852142796306524,79.1232064624772,10,24.340523085149236,34.87207869128914,2026-04-26
SYN_0770,23.852142796306524,79.1232064624772,25,19.971660509283232,34.80080509103729,2026-04-26
SYN_0770,23.852142796306524,79.1232064624772,50,15.039269293089156,34.773299241836995,2026-04-26
SYN_0770,23.852142796306524,79.1232064624772,75,12.035141595036933,34.705896518602906,2026-04-26
SYN_0770,23.852142796306524,79.1232064624772,100,10.74969397843827,34.451030222746446,2026-04-26
SYN_0770,23.852142796306524,79.1232064624772,150,8.707950786212155,34.674288073873065,2026-04-26
SYN_0770,23.852142796306524,79.1232064624772,200,7.7938008170011575,34.788339673336395,2026-04-26
SYN_0771,8.866279944904292,78.89048993571153,0,27.843503559736313,35.085819908139875,2026-01-31
SYN_0771,8.866279944904292,78.89048993571153,10,24.258355908992,34.80171213045218,2026-01-31
SYN_0771,8.866279944904292,78.89048993571153,25,20.077327129268614,34.65459375846802,2026-01-31
SYN_0771,8.866279944904292,78.89048993571153,50,15.05242835866223,34.734209738489795,2026-01-31
SYN_0771,8.866279944904292,78.89048993571153,75,12.300324674597404,34.66344713935956,2026-01-31
SYN_0771,8.866279944904292,78.89048993571153,100,10.55310359232496,34.52717942767009,2026-01-31
SYN_0771,8.866279944904292,78.89048993571153,150,8.86309498483342,34.51534064836141,2026-01-31
SYN_0771,8.866279944904292,78.89048993571153,200,8.1148974652106,34.600046336192996,2026-01-31
SYN_0772,7.49209139238896,80.94364056815785,0,28.153077306029644,34.84177813224916,2026-02-13
SYN_0772,7.49209139238896,80.94364056815785,10,24.413207750495207,34.7727940931874,2026-02-13
SYN_0772,7.49209139238896,80.94364056815785,25,19.883578367660686,34.89933230382961,2026-02-13
SYN_0772,7.49209139238896,80.94364056815785,50,15.024215026549808,34.767693691604215,2026-02-13
SYN_0772,7.49209139238896,80.94364056815785,75,12.308231242587707,34.64298551192577,2026-02-13
SYN_0772,7.49209139238896,80.94364056815785,100,10.450968327346073,34.718936299549036,2026-02-13
SYN_0772,7.49209139238896,80.94364056815785,150,8.82047604239247,34.508314019227804,2026-02-13
SYN_0772,7.49209139238896,80.94364056815785,200,8.435337782135724,34.45525059206833,2026-02-13
SYN_0773,11.778543867137355,66.79265356219858,0,27.760472462915796,35.12755969784465,2026-02-19
SYN_0773,11.778543867137355,66.79265356219858,10,24.416924275385934,34.77567471035147,2026-02-19
SYN_0773,11.778543867137355,66.79265356219858,25,20.24253242972015,34.60169467683796,2026-02-19
SYN_0773,11.778543867137355,66.79265356219858,50,15.111533299828283,34.75993464208794,2026-02-19
SYN_0773,11.778543867137355,66.79265356219858,75,12.28188172857436,34.60655828415143,2026-02-19
SYN_0773,11.778543867137355,66.79265356219858,100,10.692258182970566,34.58098420812664,2026-02-19
SYN_0773,11.778543867137355,66.79265356219858,150,8.69170643330205,34.592572983281634,2026-02-19
SYN_0773,11.778543867137355,66.79265356219858,200,8.097811862239427,34.690097500709285,2026-02-19
SYN_0774,9.015452967088502,81.15292255993144,0,28.193527436285382,34.907804765077145,2026-02-22
SYN_0774,9.015452967088502,81.15292255993144,10,24.543022805943167,34.71965799945941,2026-02-22
SYN_0774,9.015452967088502,81.15292255993144,25,20.203255580406037,34.663893150567255,2026-02-22
SYN_0774,9.015452967088502,81.15292255993144,50,15.351169829270649,34.5747250450568,2026-02-22
SYN_0774,9.015452967088502,81.15292255993144,75,12.286672137889994,34.650873620767484,2026-02-22
SYN_0774,9.015452967088502,81.15292255993144,100,10.35621668905067,34.71100008341846,2026-02-22
SYN_0774,9.015452967088502,81.15292255993144,150,8.774234223097547,34.53945129263538,2026-02-22
SYN_0774,9.015452967088502,81.15292255993144,200,8.219811026474755,34.626576800417475,2026-02-22
SYN_0775,10.537218630931296,74.42436697998646,0,28.465515058829922,34.74239623357644,2026-02-05
SYN_0775,10.537218630931296,74.42436697998646,10,24.595095241522237,34.75777768203955,2026-02-05
SYN_0775,10.537218630931296,74.42436697998646,25,20.190245782842847,34.717162547291316,2026-02-05
SYN_0775,10.537218630931296,74.42436697998646,50,15.339375559555718,34.63873831570068,2026-02-05
SYN_0775,10.537218630931296,74.42436697998646,75,12.525133508276138,34.5011264155583,2026-02-05
SYN_0775,10.537218630931296,74.42436697998646,100,10.82001977031627,34.48482130162809,2026-02-05
SYN_0775,10.537218630931296,74.42436697998646,150,8.909660735317035,34.445282883802506,2026-02-05
SYN_0775,10.537218630931296,74.42436697998646,200,8.480913157248631,34.47556998598595,2026-02-05
SYN_0776,24.60374979688741,66.33532421653517,0,28.05307154222332,34.99787194211528,2026-01-26
SYN_0776,24.60374979688741,66.33532421653517,10,24.60609881769379,34.74728698043865,2026-01-26
SYN_0776,24.60374979688741,66.33532421653517,25,20.022039743602775,34.73059926175654,2026-01-26
SYN_0776,24.60374979688741,66.33532421653517,50,15.386856862601388,34.64007225962173,2026-01-26
SYN_0776,24.60374979688741,66.33532421653517,75,12.881721268054461,34.40612506133727,2026-01-26
SYN_0776,24.60374979688741,66.33532421653517,100,10.720528854919767,34.52093298482024,2026-01-26
SYN_0776,24.60374979688741,66.33532421653517,150,9.139619557531129,34.379463513468714,2026-01-26
SYN_0776,24.60374979688741,66.33532421653517,200,8.526275180543092,34.370481511084314,2026-01-26
SYN_0777,24.736608686123493,70.70638722576075,0,27.468786257549027,35.21838911416382,2026-06-03
SYN_0777,24.736608686123493,70.70638722576075,10,23.811029533788723,35.176119828772734,2026-06-03
SYN_0777,24.736608686123493,70.70638722576075,25,19.809933237818107,34.91858844623397,2026-06-03
SYN_0777,24.736608686123493,70.70638722576075,50,14.803657364369224,34.866862195438046,2026-06-03
SYN_0777,24.736608686123493,70.70638722576075,75,12.323071090756567,34.651907542822,2026-06-03
SYN_0777,24.736608686123493,70.70638722576075,100,10.354923046169688,34.68278704463753,2026-06-03
SYN_0777,24.736608686123493,70.70638722576075,150,8.409103406721202,34.79683529824588,2026-06-03
SYN_0777,24.736608686123493,70.70638722576075,200,8.112999307246422,34.62990113579043,2026-06-03
SYN_0778,21.727007094558683,71.49916984849246,0,27.836906187323937,35.156421692133705,2026-01-01
SYN_0778,21.727007094558683,71.49916984849246,10,23.909474645155967,35.08506039193247,2026-01-01
SYN_0778,21.727007094558683,71.49916984849246,25,20.306852358798174,34.61219212887175,2026-01-01
SYN_0778,21.727007094558683,71.49916984849246,50,15.129102301341778,34.70651678221833,2026-01-01
SYN_0778,21.727007094558683,71.49916984849246,75,12.34613024516947,34.615275562818404,2026-01-01
SYN_0778,21.727007094558683,71.49916984849246,100,10.728481517219645,34.49239614891555,2026-01-01
SYN_0778,21.727007094558683,71.49916984849246,150,8.794381170729622,34.539982420304085,2026-01-01
SYN_0778,21.727007094558683,71.49916984849246,200,8.085600255123554,34.57845554318248,2026-01-01
SYN_0779,15.29706576922242,82.09738049566552,0,27.955464530635062,34.96630697220377,2026-03-28
SYN_0779,15.29706576922242,82.09738049566552,10,24.601885768338732,34.736383039186876,2026-03-28
SYN_0779,15.29706576922242,82.09738049566552,25,20.135501494833115,34.624468993877684,2026-03-28
SYN_0779,15.29706576922242,82.09738049566552,50,15.423451275738032,34.60922564178509,2026-03-28
SYN_0779,15.29706576922242,82.09738049566552,75,12.558625964335247,34.50902729862874,2026-03-28
SYN_0779,15.29706576922242,82.09738049566552,100,11.042204040171711,34.33265023485633,2026-03-28
SYN_0779,15.29706576922242,82.09738049566552,150,9.014710033918213,34.464069607887566,2026-03-28
SYN_0779,15.29706576922242,82.09738049566552,200,8.300523832483254,34.667850678720534,2026-03-28
SYN_0780,13.844005623544763,83.94071388292426,0,27.67786695093746,35.230271526075775,2026-06-27
SYN_0780,13.844005623544763,83.94071388292426,10,24.367177686191972,34.84666175297017,2026-06-27
SYN_0780,13.844005623544763,83.94071388292426,25,19.82993668688874,34.812674930057184,2026-06-27
SYN_0780,13.844005623544763,83.94071388292426,50,15.293474229848329,34.62781654351906,2026-06-27
SYN_0780,13.844005623544763,83.94071388292426,75,12.373108266705827,34.648651715477044,2026-06-27
SYN_0780,13.844005623544763,83.94071388292426,100,10.670044438533777,34.45317421725997,2026-06-27
SYN_0780,13.844005623544763,83.94071388292426,150,8.740275390897223,34.67825399380762,2026-06-27
SYN_0780,13.844005623544763,83.94071388292426,200,8.120108833920508,34.62665050686072,2026-06-27
SYN_0781,14.265748981328697,81.4406509368473,0,28.025951015634842,34.99033022077902,2026-06-26
SYN_0781,14.265748981328697,81.4406509368473,10,24.474531811852685,34.74806483787013,2026-06-26
SYN_0781,14.265748981328697,81.4406509368473,25,20.14474759167602,34.684712100080475,2026-06-26
SYN_0781,14.265748981328697,81.4406509368473,50,15.622894475161159,34.48850880645711,2026-06-26
SYN_0781,14.265748981328697,81.4406509368473,75,12.816170920507185,34.36597357425129,2026-06-26
SYN_0781,14.265748981328697,81.4406509368473,100,10.82175142197227,34.42629817819423,2026-06-26
SYN_0781,14.265748981328697,81.4406509368473,150,9.10316115251723,34.481358261692506,2026-06-26
SYN_0781,14.265748981328697,81.4406509368473,200,8.17013882352377,34.568345590490054,2026-06-26
SYN_0782,23.520020094120934,83.61940776997328,0,27.93627581227033,35.04251046087456,2026-01-29
SYN_0782,23.520020094120934,83.61940776997328,10,24.076904810012532,35.05692439801639,2026-01-29
SYN_0782,23.520020094120934,83.61940776997328,25,20.25435028429478,34.657121144044055,2026-01-29
SYN_0782,23.520020094120934,83.61940776997328,50,15.281814666004227,34.64270207384891,2026-01-29
SYN_0782,23.520020094120934,83.61940776997328,75,12.594951027437784,34.427165693553675,2026-01-29
SYN_0782,23.520020094120934,83.61940776997328,100,10.790635193552806,34.426740079993344,2026-01-29
SYN_0782,23.520020094120934,83.61940776997328,150,9.10399101101904,34.37701698038318,2026-01-29
SYN_0782,23.520020094120934,83.61940776997328,200,8.222443252238941,34.62914296691697,2026-01-29
SYN_0783,16.369984765832083,77.25605696519602,0,28.568411079539057,34.70276522253966,2026-06-25
SYN_0783,16.369984765832083,77.25605696519602,10,24.868527587717505,34.636735009240155,2026-06-25
SYN_0783,16.369984765832083,77.25605696519602,25,20.624634384282153,34.45182137193,2026-06-25
SYN_0783,16.369984765832083,77.25605696519602,50,15.840966268286794,34.36005919192786,2026-06-25
SYN_0783,16.369984765832083,77.25605696519602,75,12.925985566385123,34.334825688920155,2026-06-25
SYN_0783,16.369984765832083,77.25605696519602,100,10.973348689143075,34.36433677506095,2026-06-25
SYN_0783,16.369984765832083,77.25605696519602,150,9.0509876538211,34.51118912615735,2026-06-25
SYN_0783,16.369984765832083,77.25605696519602,200,9.0997595458238,34.17340034302303,2026-06-25
SYN_0784,19.655313621868267,79.53840677162047,0,27.99349759743505,34.98785399846622,2026-04-12
SYN_0784,19.655313621868267,79.53840677162047,10,24.514728108829395,34.79002141801817,2026-04-12
SYN_0784,19.655313621868267,79.53840677162047,25,20.056522978042473,34.735992142554515,2026-04-12
SYN_0784,19.655313621868267,79.53840677162047,50,15.447408492852725,34.51441829196231,2026-04-12
SYN_0784,19.655313621868267,79.53840677162047,75,12.59375886555354,34.544501488651434,2026-04-12
SYN_0784,19.655313621868267,79.53840677162047,100,10.512542935380404,34.59796489161878,2026-04-12
SYN_0784,19.655313621868267,79.53840677162047,150,9.022225135635159,34.46363593858431,2026-04-12
SYN_0784,19.655313621868267,79.53840677162047,200,8.389365727636866,34.47695583352071,2026-04-12
SYN_0785,8.718687889645341,68.79003950652763,0,27.95828671379256,34.960337905416985,2026-02-07
SYN_0785,8.718687889645341,68.79003950652763,10,24.27767206661856,34.8698663388617,2026-02-07
SYN_0785,8.718687889645341,68.79003950652763,25,20.202950688396008,34.71641688756607,2026-02-07
SYN_0785,8.718687889645341,68.79003950652763,50,15.439260779499069,34.605118242675736,2026-02-07
SYN_0785,8.718687889645341,68.79003950652763,75,12.46681840848819,34.478994167806654,2026-02-07
SYN_0785,8.718687889645341,68.79003950652763,100,10.539888975243546,34.57840579734553,2026-02-07
SYN_0785,8.718687889645341,68.79003950652763,150,8.914266843807491,34.520115354572866,2026-02-07
SYN_0785,8.718687889645341,68.79003950652763,200,8.399711834219401,34.52272418079963,2026-02-07
SYN_0786,8.00240791626643,71.97999784505176,0,27.80719247170121,35.146280693797706,2026-02-02
SYN_0786,8.00240791626643,71.97999784505176,10,23.90911691722529,35.0623945451775,2026-02-02
SYN_0786,8.00240791626643,71.97999784505176,25,19.607619673712318,34.977984250649676,2026-02-02
SYN_0786,8.00240791626643,71.97999784505176,50,15.40625758637881,34.607342885555504,2026-02-02
SYN_0786,8.00240791626643,71.97999784505176,75,11.974017514506073,34.73692314202813,2026-02-02
SYN_0786,8.00240791626643,71.97999784505176,100,10.718006301115055,34.57961956036187,2026-02-02
SYN_0786,8.00240791626643,71.97999784505176,150,8.695895340979993,34.63028876721491,2026-02-02
SYN_0786,8.00240791626643,71.97999784505176,200,8.128048555082724,34.62503260561873,2026-02-02
SYN_0787,20.423633922364562,67.23412244465943,0,27.823493203467965,35.05838203519366,2026-02-15
SYN_0787,20.423633922364562,67.23412244465943,10,24.359895884593833,34.86248750405737,2026-02-15
SYN_0787,20.423633922364562,67.23412244465943,25,20.042352577991398,34.717960872292025,2026-02-15
SYN_0787,20.423633922364562,67.23412244465943,50,15.443328589544976,34.49745691638407,2026-02-15
SYN_0787,20.423633922364562,67.23412244465943,75,12.223508576897629,34.804109298179775,2026-02-15
SYN_0787,20.423633922364562,67.23412244465943,100,10.93705486265067,34.445590918777484,2026-02-15
SYN_0787,20.423633922364562,67.23412244465943,150,8.867761934372652,34.62714185368534,2026-02-15
SYN_0787,20.423633922364562,67.23412244465943,200,8.346127713181994,34.509128570894724,2026-02-15
SYN_0788,24.029695350201397,82.03849389448824,0,28.00496034634175,34.98960832000358,2026-05-25
SYN_0788,24.029695350201397,82.03849389448824,10,23.938877602938923,35.034179473468704,2026-05-25
SYN_0788,24.029695350201397,82.03849389448824,25,19.993064130091593,34.828346662982796,2026-05-25
SYN_0788,24.029695350201397,82.03849389448824,50,15.476615046638681,34.50296772892461,2026-05-25
SYN_0788,24.029695350201397,82.03849389448824,75,12.501068627293732,34.579904843647206,2026-05-25
SYN_0788,24.029695350201397,82.03849389448824,100,10.980966557880226,34.444046730521805,2026-05-25
SYN_0788,24.029695350201397,82.03849389448824,150,8.968419636151676,34.49901994367809,2026-05-25
SYN_0788,24.029695350201397,82.03849389448824,200,8.444878295626483,34.451909551139096,2026-05-25
SYN_0789,5.464534269222354,70.0262983591751,0,27.807005429051,35.10373660995107,2026-06-23
SYN_0789,5.464534269222354,70.0262983591751,10,24.117816608040005,35.01534385961014,2026-06-23
SYN_0789,5.464534269222354,70.0262983591751,25,19.630528612919747,34.95646782759006,2026-06-23
SYN_0789,5.464534269222354,70.0262983591751,50,14.952164687402485,34.7773179968255,2026-06-23
SYN_0789,5.464534269222354,70.0262983591751,75,12.401489236344494,34.650932525740785,2026-06-23
SYN_0789,5.464534269222354,70.0262983591751,100,10.644566073131324,34.497328145401895,2026-06-23
SYN_0789,5.464534269222354,70.0262983591751,150,8.703073982172128,34.672560628780914,2026-06-23
SYN_0789,5.464534269222354,70.0262983591751,200,8.176826650993478,34.54497479702806,2026-06-23
SYN_0790,15.770807747526984,84.72073979978096,0,27.820071078261023,35.09152903505003,2026-04-15
SYN_0790,15.770807747526984,84.72073979978096,10,24.260787707318578,34.93095795235044,2026-04-15
SYN_0790,15.770807747526984,84.72073979978096,25,19.700192122865825,34.918718648349056,2026-04-15
SYN_0790,15.770807747526984,84.72073979978096,50,15.135561648595772,34.66477382346985,2026-04-15
SYN_0790,15.770807747526984,84.72073979978096,75,12.175614982093075,34.69061026535832,2026-04-15
SYN_0790,15.770807747526984,84.72073979978096,100,10.236416486778355,34.81224731948051,2026-04-15
SYN_0790,15.770807747526984,84.72073979978096,150,8.841131265157703,34.57596539762156,2026-04-15
SYN_0790,15.770807747526984,84.72073979978096,200,8.051608093679127,34.56410949068355,2026-04-15
SYN_0791,15.066200617618978,80.1564798806091,0,28.09562603903879,34.86449388888616,2026-01-13
SYN_0791,15.066200617618978,80.1564798806091,10,24.469572633723374,34.82837324132681,2026-01-13
SYN_0791,15.066200617618978,80.1564798806091,25,20.550012524558213,34.53331411165541,2026-01-13
SYN_0791,15.066200617618978,80.1564798806091,50,15.607511198191569,34.41972179114149,2026-01-13
SYN_0791,15.066200617618978,80.1564798806091,75,12.86427123571271,34.35624929098168,2026-01-13
SYN_0791,15.066200617618978,80.1564798806091,100,10.844294518684302,34.4383710116031,2026-01-13
SYN_0791,15.066200617618978,80.1564798806091,150,9.335769431380603,34.35569725802963,2026-01-13
SYN_0791,15.066200617618978,80.1564798806091,200,8.56114188625577,34.40671287603522,2026-01-13
SYN_0792,6.3092896972822565,79.044381639334,0,27.411810130730842,35.36495029494218,2026-03-06
SYN_0792,6.3092896972822565,79.044381639334,10,24.29972658639156,34.904275883878825,2026-03-06
SYN_0792,6.3092896972822565,79.044381639334,25,19.569822177259578,34.98234775627161,2026-03-06
SYN_0792,6.3092896972822565,79.044381639334,50,15.009987923791545,34.774413506594634,2026-03-06
SYN_0792,6.3092896972822565,79.044381639334,75,12.437670235785665,34.557230931405584,2026-03-06
SYN_0792,6.3092896972822565,79.044381639334,100,10.508946837532713,34.635848763658274,2026-03-06
SYN_0792,6.3092896972822565,79.044381639334,150,8.838852026228846,34.64227242393724,2026-03-06
SYN_0792,6.3092896972822565,79.044381639334,200,7.68299981472791,34.81515293595845,2026-03-06
SYN_0793,11.47839654333335,69.65539712477198,0,28.266420231470022,34.75880779598107,2026-04-04
SYN_0793,11.47839654333335,69.65539712477198,10,24.016356435437388,35.01861855535792,2026-04-04
SYN_0793,11.47839654333335,69.65539712477198,25,20.153382029055408,34.76623931777573,2026-04-04
SYN_0793,11.47839654333335,69.65539712477198,50,15.788064466677572,34.40590592039134,2026-04-04
SYN_0793,11.47839654333335,69.65539712477198,75,12.602870602577175,34.45745813306525,2026-04-04
SYN_0793,11.47839654333335,69.65539712477198,100,10.711198317712782,34.50613675979012,2026-04-04
SYN_0793,11.47839654333335,69.65539712477198,150,9.196884575048745,34.41780104488718,2026-04-04
SYN_0793,11.47839654333335,69.65539712477198,200,8.312802919432835,34.53860516012613,2026-04-04
SYN_0794,11.774975912788843,67.9986137908002,0,28.026964846035053,34.865094189397695,2026-04-11
SYN_0794,11.774975912788843,67.9986137908002,10,24.48403146878115,34.80094487851017,2026-04-11
SYN_0794,11.774975912788843,67.9986137908002,25,20.046939638263268,34.69805990506976,2026-04-11
SYN_0794,11.774975912788843,67.9986137908002,50,15.309786003878003,34.55372163074584,2026-04-11
SYN_0794,11.774975912788843,67.9986137908002,75,12.262578922570757,34.62324948042493,2026-04-11
SYN_0794,11.774975912788843,67.9986137908002,100,10.555749545180062,34.546622124083996,2026-04-11
SYN_0794,11.774975912788843,67.9986137908002,150,9.102408826477937,34.39027865082444,2026-04-11
SYN_0794,11.774975912788843,67.9986137908002,200,8.537149353011497,34.37548690382098,2026-04-11
SYN_0795,14.5280943747672,68.251514346205,0,27.989703654504986,34.888247736907935,2026-04-14
SYN_0795,14.5280943747672,68.251514346205,10,24.44481036157815,34.786545311479074,2026-04-14
SYN_0795,14.5280943747672,68.251514346205,25,20.291611227761297,34.589469591988646,2026-04-14
SYN_0795,14.5280943747672,68.251514346205,50,15.646839426820954,34.41373139016126,2026-04-14
SYN_0795,14.5280943747672,68.251514346205,75,12.151819735258906,34.622341958112735,2026-04-14
SYN_0795,14.5280943747672,68.251514346205,100,10.960881091167646,34.32264779935588,2026-04-14
SYN_0795,14.5280943747672,68.251514346205,150,9.021483326403633,34.538152396725984,2026-04-14
SYN_0795,14.5280943747672,68.251514346205,200,8.597108021908264,34.35255416048407,2026-04-14
SYN_0796,17.912794395259564,84.42483665760702,0,27.714997147460583,35.082613177153064,2026-05-09
SYN_0796,17.912794395259564,84.42483665760702,10,24.279933342934804,34.90913082577114,2026-05-09
SYN_0796,17.912794395259564,84.42483665760702,25,19.849395827343912,34.87739841833213,2026-05-09
SYN_0796,17.912794395259564,84.42483665760702,50,15.33493720412612,34.650361055245185,2026-05-09
SYN_0796,17.912794395259564,84.42483665760702,75,12.438622151218173,34.593798415675444,2026-05-09
SYN_0796,17.912794395259564,84.42483665760702,100,10.439175903350565,34.590083705334536,2026-05-09
SYN_0796,17.912794395259564,84.42483665760702,150,9.072536592853302,34.51395616594858,2026-05-09
SYN_0796,17.912794395259564,84.42483665760702,200,8.350863400185654,34.51945865963363,2026-05-09
SYN_0797,16.002134601383275,69.58681254502419,0,28.23077541621346,34.90040884228473,2026-04-15
SYN_0797,16.002134601383275,69.58681254502419,10,24.528421640103282,34.77864768013898,2026-04-15
SYN_0797,16.002134601383275,69.58681254502419,25,20.278217230771705,34.69064390638189,2026-04-15
SYN_0797,16.002134601383275,69.58681254502419,50,15.391248983728982,34.60736949856787,2026-04-15
SYN_0797,16.002134601383275,69.58681254502419,75,12.35673372773611,34.587711442355925,2026-04-15
SYN_0797,16.002134601383275,69.58681254502419,100,10.940860301834114,34.43182169772931,2026-04-15
SYN_0797,16.002134601383275,69.58681254502419,150,8.799319374904789,34.61447258887169,2026-04-15
SYN_0797,16.002134601383275,69.58681254502419,200,8.72982775751683,34.281330442139435,2026-04-15
SYN_0798,14.127531864958902,79.72934774900004,0,28.220112120713125,34.869341156905406,2026-01-10
SYN_0798,14.127531864958902,79.72934774900004,10,24.819199740194822,34.66386025741592,2026-01-10
SYN_0798,14.127531864958902,79.72934774900004,25,20.40590306968752,34.624540244959086,2026-01-10
SYN_0798,14.127531864958902,79.72934774900004,50,15.199105120251403,34.66006854441886,2026-01-10
SYN_0798,14.127531864958902,79.72934774900004,75,12.846027840699168,34.34599163956113,2026-01-10
SYN_0798,14.127531864958902,79.72934774900004,100,10.835134915092386,34.4666250972666,2026-01-10
SYN_0798,14.127531864958902,79.72934774900004,150,8.992023075758397,34.63091029270943,2026-01-10
SYN_0798,14.127531864958902,79.72934774900004,200,8.707480624418901,34.28863198821662,2026-01-10
SYN_0799,19.27684560099653,66.06454569751062,0,28.10069334766125,34.89647171349307,2026-06-14
SYN_0799,19.27684560099653,66.06454569751062,10,24.39316760325993,34.73795492951559,2026-06-14
SYN_0799,19.27684560099653,66.06454569751062,25,20.145874027375008,34.69886110124177,2026-06-14
SYN_0799,19.27684560099653,66.06454569751062,50,15.351050812134352,34.543040899968474,2026-06-14
SYN_0799,19.27684560099653,66.06454569751062,75,12.530446114989592,34.50559557034442,2026-06-14
SYN_0799,19.27684560099653,66.06454569751062,100,10.676187280494325,34.608732687335944,2026-06-14
SYN_0799,19.27684560099653,66.06454569751062,150,8.946731404859563,34.551382104187056,2026-06-14
SYN_0799,19.27684560099653,66.06454569751062,200,8.357458644964222,34.43830213189141,2026-06-14
SYN_0800,23.986509700207115,76.65370504141411,0,27.419706121729323,35.30662848054511,2026-06-22
SYN_0800,23.986509700207115,76.65370504141411,10,24.034513451493613,34.98576257943611,2026-06-22
SYN_0800,23.986509700207115,76.65370504141411,25,19.707498154263824,34.944782388686995,2026-06-22
SYN_0800,23.986509700207115,76.65370504141411,50,14.848921576206498,34.93938295814057,2026-06-22
SYN_0800,23.986509700207115,76.65370504141411,75,12.067130856714076,34.736484264902074,2026-06-22
SYN_0800,23.986509700207115,76.65370504141411,100,10.399145896474474,34.66577737624086,2026-06-22
SYN_0800,23.986509700207115,76.65370504141411,150,8.550175653910319,34.642009645463816,2026-06-22
SYN_0800,23.986509700207115,76.65370504141411,200,8.124125364346861,34.68524993114644,2026-06-22
SYN_0801,19.100149482415056,84.84930157555519,0,27.6434165170265,35.18119439698226,2026-01-05
SYN_0801,19.100149482415056,84.84930157555519,10,24.401466698336648,34.80783515207634,2026-01-05
SYN_0801,19.100149482415056,84.84930157555519,25,19.852881034002532,34.928392722992925,2026-01-05
SYN_0801,19.100149482415056,84.84930157555519,50,15.182828262212563,34.71303040225856,2026-01-05
SYN_0801,19.100149482415056,84.84930157555519,75,12.527465298972103,34.538583634500114,2026-01-05
SYN_0801,19.100149482415056,84.84930157555519,100,10.641659430933435,34.595583812999465,2026-01-05
SYN_0801,19.100149482415056,84.84930157555519,150,8.997964575103477,34.53256479794737,2026-01-05
SYN_0801,19.100149482415056,84.84930157555519,200,8.489687650107928,34.51055505343304,2026-01-05
SYN_0802,12.258226892467704,81.81835494803383,0,27.782073264589116,35.08280916787071,2026-05-19
SYN_0802,12.258226892467704,81.81835494803383,10,24.498670064098967,34.8647539790242,2026-05-19
SYN_0802,12.258226892467704,81.81835494803383,25,20.028707268095943,34.787165016447794,2026-05-19
SYN_0802,12.258226892467704,81.81835494803383,50,15.263209226046335,34.762755378839834,2026-05-19
SYN_0802,12.258226892467704,81.81835494803383,75,12.583863055308225,34.55950637781708,2026-05-19
SYN_0802,12.258226892467704,81.81835494803383,100,10.660899448374881,34.55703828511871,2026-05-19
SYN_0802,12.258226892467704,81.81835494803383,150,9.03554753621166,34.567150423938415,2026-05-19
SYN_0802,12.258226892467704,81.81835494803383,200,8.66153339808074,34.3527646768745,2026-05-19
SYN_0803,14.017673928552288,84.66643195274472,0,27.944301124194244,35.03094127520558,2026-04-15
SYN_0803,14.017673928552288,84.66643195274472,10,24.31962656010173,34.8901294578149,2026-04-15
SYN_0803,14.017673928552288,84.66643195274472,25,19.929905896629762,34.89361962192171,2026-04-15
SYN_0803,14.017673928552288,84.66643195274472,50,15.47431256536404,34.58033265492808,2026-04-15
SYN_0803,14.017673928552288,84.66643195274472,75,12.131221704149722,34.70047290605504,2026-04-15
SYN_0803,14.017673928552288,84.66643195274472,100,10.457683693495394,34.70539843183165,2026-04-15
SYN_0803,14.017673928552288,84.66643195274472,150,8.710420414380076,34.663677021591596,2026-04-15
SYN_0803,14.017673928552288,84.66643195274472,200,8.279668386076004,34.52038837539086,2026-04-15
SYN_0804,13.538490837870388,76.92975678496302,0,28.279612394006698,34.908275407594665,2026-06-21
SYN_0804,13.538490837870388,76.92975678496302,10,24.791516957054498,34.63039454283864,2026-06-21
SYN_0804,13.538490837870388,76.92975678496302,25,20.58086914162016,34.48793540603808,2026-06-21
SYN_0804,13.538490837870388,76.92975678496302,50,15.7396101365215,34.33569245145025,2026-06-21
SYN_0804,13.538490837870388,76.92975678496302,75,12.889564747617664,34.40297445891909,2026-06-21
SYN_0804,13.538490837870388,76.92975678496302,100,11.316403349243368,34.238954891793156,2026-06-21
SYN_0804,13.538490837870388,76.92975678496302,150,9.721470569453313,34.13428141394613,2026-06-21
SYN_0804,13.538490837870388,76.92975678496302,200,8.881152431342676,34.18877116843516,2026-06-21
SYN_0805,13.838255354289533,81.99759529214643,0,27.95864751828261,35.02528230496234,2026-03-07
SYN_0805,13.838255354289533,81.99759529214643,10,24.4924875872736,34.73137606758547,2026-03-07
SYN_0805,13.838255354289533,81.99759529214643,25,20.349782069026475,34.59598852056259,2026-03-07
SYN_0805,13.838255354289533,81.99759529214643,50,15.600887541815462,34.50731506533303,2026-03-07
SYN_0805,13.838255354289533,81.99759529214643,75,12.46177311102111,34.519687096754794,2026-03-07
SYN_0805,13.838255354289533,81.99759529214643,100,10.454919034148558,34.63465911890957,2026-03-07
SYN_0805,13.838255354289533,81.99759529214643,150,8.754577595956457,34.59477617952646,2026-03-07
SYN_0805,13.838255354289533,81.99759529214643,200,8.400808708709274,34.543548219340494,2026-03-07
SYN_0806,11.525509823024773,78.28603200519856,0,28.473992612722647,34.716998845028975,2026-02-04
SYN_0806,11.525509823024773,78.28603200519856,10,24.707551495759063,34.626522992581,2026-02-04
SYN_0806,11.525509823024773,78.28603200519856,25,20.364104038079557,34.68240390761522,2026-02-04
SYN_0806,11.525509823024773,78.28603200519856,50,15.368868103081716,34.61105963684672,2026-02-04
SYN_0806,11.525509823024773,78.28603200519856,75,12.671584822844952,34.400747243429514,2026-02-04
SYN_0806,11.525509823024773,78.28603200519856,100,10.768623478281796,34.427097489903154,2026-02-04
SYN_0806,11.525509823024773,78.28603200519856,150,9.348956868201528,34.2305470575155,2026-02-04
SYN_0806,11.525509823024773,78.28603200519856,200,8.527129866805984,34.44868771484891,2026-02-04
SYN_0807,22.660331588655726,73.96469266434134,0,27.79480995092415,35.13982580365558,2026-02-10
SYN_0807,22.660331588655726,73.96469266434134,10,23.95431494631184,35.03444111601918,2026-02-10
SYN_0807,22.660331588655726,73.96469266434134,25,19.81430695400004,34.78680907315842,2026-02-10
SYN_0807,22.660331588655726,73.96469266434134,50,15.130807041924584,34.69288922851228,2026-02-10
SYN_0807,22.660331588655726,73.96469266434134,75,12.279360117788759,34.67185314393979,2026-02-10
SYN_0807,22.660331588655726,73.96469266434134,100,10.384449033536615,34.75159707894528,2026-02-10
SYN_0807,22.660331588655726,73.96469266434134,150,8.617178514584406,34.72658460312685,2026-02-10
SYN_0807,22.660331588655726,73.96469266434134,200,7.894580071104708,34.69530111443939,2026-02-10
SYN_0808,10.9150339452706,75.16161072371347,0,28.13875562851436,34.97576801331352,2026-01-01
SYN_0808,10.9150339452706,75.16161072371347,10,24.52931127697481,34.784499111418114,2026-01-01
SYN_0808,10.9150339452706,75.16161072371347,25,20.18049974277423,34.73169883342952,2026-01-01
SYN_0808,10.9150339452706,75.16161072371347,50,15.708458480488856,34.414922876671426,2026-01-01
SYN_0808,10.9150339452706,75.16161072371347,75,12.473137900191265,34.55112652659708,2026-01-01
SYN_0808,10.9150339452706,75.16161072371347,100,10.791466237683379,34.4530423469858,2026-01-01
SYN_0808,10.9150339452706,75.16161072371347,150,9.110244561750406,34.37548821717578,2026-01-01
SYN_0808,10.9150339452706,75.16161072371347,200,8.582711279881252,34.36339310893852,2026-01-01
SYN_0809,15.036402317206008,78.97056714163479,0,28.240552177027052,34.94455899883419,2026-01-06
SYN_0809,15.036402317206008,78.97056714163479,10,24.768853023546537,34.60496252363494,2026-01-06
SYN_0809,15.036402317206008,78.97056714163479,25,20.581962429307914,34.61995836953837,2026-01-06
SYN_0809,15.036402317206008,78.97056714163479,50,15.875029639895264,34.38046693314204,2026-01-06
SYN_0809,15.036402317206008,78.97056714163479,75,12.570271260200537,34.52641238017561,2026-01-06
SYN_0809,15.036402317206008,78.97056714163479,100,11.003280776790382,34.36178157359394,2026-01-06
SYN_0809,15.036402317206008,78.97056714163479,150,9.37128468006332,34.38537491297037,2026-01-06
SYN_0809,15.036402317206008,78.97056714163479,200,8.806539373743389,34.34188073515985,2026-01-06
SYN_0810,5.289216915076218,66.5485830100061,0,28.345996830906433,34.814938928611014,2026-06-08
SYN_0810,5.289216915076218,66.5485830100061,10,24.38980136309526,34.8795065218813,2026-06-08
SYN_0810,5.289216915076218,66.5485830100061,25,19.944586491070744,34.82107027688908,2026-06-08
SYN_0810,5.289216915076218,66.5485830100061,50,15.314234303428544,34.64434078354363,2026-06-08
SYN_0810,5.289216915076218,66.5485830100061,75,12.280196754880054,34.66699947875927,2026-06-08
SYN_0810,5.289216915076218,66.5485830100061,100,11.029994308256684,34.31294537618768,2026-06-08
SYN_0810,5.289216915076218,66.5485830100061,150,9.255135447037583,34.32789088840341,2026-06-08
SYN_0810,5.289216915076218,66.5485830100061,200,8.645098777346787,34.37693233577267,2026-06-08
SYN_0811,6.33321526555738,72.78902356983848,0,27.385419552806507,35.33813324535075,2026-05-16
SYN_0811,6.33321526555738,72.78902356983848,10,23.758093481232365,35.14011960660556,2026-05-16
SYN_0811,6.33321526555738,72.78902356983848,25,19.71532060526441,34.88099574825169,2026-05-16
SYN_0811,6.33321526555738,72.78902356983848,50,14.953707403687476,34.828584417155696,2026-05-16
SYN_0811,6.33321526555738,72.78902356983848,75,12.104001437065225,34.7828928736365,2026-05-16
SYN_0811,6.33321526555738,72.78902356983848,100,10.170357469411153,34.77676925044507,2026-05-16
SYN_0811,6.33321526555738,72.78902356983848,150,8.84499484982259,34.57725890358507,2026-05-16
SYN_0811,6.33321526555738,72.78902356983848,200,7.991735754443841,34.72833001337813,2026-05-16
SYN_0812,19.892676145370913,65.39802870801213,0,28.16204071087269,34.89201640900229,2026-06-08
SYN_0812,19.892676145370913,65.39802870801213,10,24.220900226888244,34.93921790638263,2026-06-08
SYN_0812,19.892676145370913,65.39802870801213,25,19.93024995536902,34.82046381838022,2026-06-08
SYN_0812,19.892676145370913,65.39802870801213,50,15.449017787666241,34.56429308717068,2026-06-08
SYN_0812,19.892676145370913,65.39802870801213,75,12.552300948941513,34.51606382796984,2026-06-08
SYN_0812,19.892676145370913,65.39802870801213,100,10.756561451543208,34.4405157879687,2026-06-08
SYN_0812,19.892676145370913,65.39802870801213,150,9.05486771278257,34.46707502913373,2026-06-08
SYN_0812,19.892676145370913,65.39802870801213,200,8.432828002643097,34.45755025275563,2026-06-08
SYN_0813,9.572421160588902,82.74957769622567,0,27.940986344681903,35.09837084218617,2026-06-19
SYN_0813,9.572421160588902,82.74957769622567,10,24.56526061240842,34.833199658265656,2026-06-19
SYN_0813,9.572421160588902,82.74957769622567,25,20.18520108343336,34.77485038638915,2026-06-19
SYN_0813,9.572421160588902,82.74957769622567,50,15.334439621155632,34.54304447622813,2026-06-19
SYN_0813,9.572421160588902,82.74957769622567,75,12.334544085834048,34.61850063329885,2026-06-19
SYN_0813,9.572421160588902,82.74957769622567,100,10.618574890166837,34.54124980754333,2026-06-19
SYN_0813,9.572421160588902,82.74957769622567,150,8.772762597752376,34.61549215863204,2026-06-19
SYN_0813,9.572421160588902,82.74957769622567,200,8.3188843490094,34.50329245263133,2026-06-19
SYN_0814,11.902878387791047,77.72272507422053,0,28.212406832813905,34.84283805252795,2026-02-26
SYN_0814,11.902878387791047,77.72272507422053,10,24.29781106534029,34.794386508849286,2026-02-26
SYN_0814,11.902878387791047,77.72272507422053,25,20.28208877800567,34.64761177453698,2026-02-26
SYN_0814,11.902878387791047,77.72272507422053,50,15.632668231441908,34.506765630239826,2026-02-26
SYN_0814,11.902878387791047,77.72272507422053,75,12.680995046733356,34.443217640826454,2026-02-26
SYN_0814,11.902878387791047,77.72272507422053,100,11.196623980772069,34.25059400165864,2026-02-26
SYN_0814,11.902878387791047,77.72272507422053,150,9.321747351786147,34.42204522290556,2026-02-26
SYN_0814,11.902878387791047,77.72272507422053,200,8.523776623336637,34.37661961456948,2026-02-26
SYN_0815,21.274771212576734,84.60756938117486,0,27.89494010347402,35.035061390292604,2026-06-03
SYN_0815,21.274771212576734,84.60756938117486,10,24.45611842937389,34.943634678594975,2026-06-03
SYN_0815,21.274771212576734,84.60756938117486,25,20.19058090683806,34.79504432640183,2026-06-03
SYN_0815,21.274771212576734,84.60756938117486,50,15.224609910056307,34.65138632941743,2026-06-03
SYN_0815,21.274771212576734,84.60756938117486,75,12.712488087618322,34.423625332830945,2026-06-03
SYN_0815,21.274771212576734,84.60756938117486,100,10.935334399077343,34.41321771968681,2026-06-03
SYN_0815,21.274771212576734,84.60756938117486,150,9.029083783323681,34.51166624611324,2026-06-03
SYN_0815,21.274771212576734,84.60756938117486,200,8.372749167050396,34.47991505031132,2026-06-03
SYN_0816,20.74794079347441,69.0048607300246,0,27.90231211898038,35.002974681596065,2026-06-19
SYN_0816,20.74794079347441,69.0048607300246,10,24.457590367447093,34.797706268541404,2026-06-19
SYN_0816,20.74794079347441,69.0048607300246,25,20.021007434648528,34.73778987989553,2026-06-19
SYN_0816,20.74794079347441,69.0048607300246,50,15.58144158354436,34.385639022711345,2026-06-19
SYN_0816,20.74794079347441,69.0048607300246,75,12.502304619179304,34.51736915417407,2026-06-19
SYN_0816,20.74794079347441,69.0048607300246,100,10.62069593116008,34.57105933496153,2026-06-19
SYN_0816,20.74794079347441,69.0048607300246,150,8.866704292210818,34.59364736089359,2026-06-19
SYN_0816,20.74794079347441,69.0048607300246,200,8.343987572736753,34.41591073943087,2026-06-19
SYN_0817,22.15011146720796,82.29472473223798,0,27.882451760582153,35.01037820370772,2026-04-13
SYN_0817,22.15011146720796,82.29472473223798,10,24.229934063294262,34.96153658180009,2026-04-13
SYN_0817,22.15011146720796,82.29472473223798,25,19.97147601359658,34.810924857216165,2026-04-13
SYN_0817,22.15011146720796,82.29472473223798,50,15.59031380812684,34.45878954061786,2026-04-13
SYN_0817,22.15011146720796,82.29472473223798,75,12.433086490061234,34.46726213463608,2026-04-13
SYN_0817,22.15011146720796,82.29472473223798,100,10.598886371493462,34.55992061752273,2026-04-13
SYN_0817,22.15011146720796,82.29472473223798,150,9.16433913433157,34.365073475917555,2026-04-13
SYN_0817,22.15011146720796,82.29472473223798,200,8.527485759867501,34.44323551981803,2026-04-13
SYN_0818,11.247945677343898,65.51720767077194,0,28.069025192450326,34.88603052352645,2026-03-19
SYN_0818,11.247945677343898,65.51720767077194,10,24.20297342139198,34.95981404940039,2026-03-19
SYN_0818,11.247945677343898,65.51720767077194,25,20.116318044393935,34.71444337694592,2026-03-19
SYN_0818,11.247945677343898,65.51720767077194,50,15.317694202322578,34.61332248307451,2026-03-19
SYN_0818,11.247945677343898,65.51720767077194,75,12.266846668386798,34.60204196897485,2026-03-19
SYN_0818,11.247945677343898,65.51720767077194,100,10.375871694355382,34.68291953531951,2026-03-19
SYN_0818,11.247945677343898,65.51720767077194,150,8.763230569345724,34.618483699846436,2026-03-19
SYN_0818,11.247945677343898,65.51720767077194,200,8.38757514697791,34.4799991701895,2026-03-19
SYN_0819,15.008968929326329,79.60707142361443,0,28.159492716152464,34.89583942477324,2026-01-23
SYN_0819,15.008968929326329,79.60707142361443,10,24.82520943935294,34.60662424963122,2026-01-23
SYN_0819,15.008968929326329,79.60707142361443,25,20.17375035978795,34.66809666223428,2026-01-23
SYN_0819,15.008968929326329,79.60707142361443,50,15.877953245842956,34.27597766364161,2026-01-23
SYN_0819,15.008968929326329,79.60707142361443,75,12.509692199595301,34.52751879660884,2026-01-23
SYN_0819,15.008968929326329,79.60707142361443,100,10.766763461881007,34.46394118683914,2026-01-23
SYN_0819,15.008968929326329,79.60707142361443,150,9.342814084383027,34.408997697704756,2026-01-23
SYN_0819,15.008968929326329,79.60707142361443,200,8.567365203998435,34.364747714775625,2026-01-23
SYN_0820,12.320942504263563,71.20420141835135,0,28.292805235264158,34.805941861120075,2026-04-18
SYN_0820,12.320942504263563,71.20420141835135,10,24.509066676656552,34.697113448058076,2026-04-18
SYN_0820,12.320942504263563,71.20420141835135,25,20.298539008982207,34.71882442046158,2026-04-18
SYN_0820,12.320942504263563,71.20420141835135,50,15.67424413145151,34.48295773454235,2026-04-18
SYN_0820,12.320942504263563,71.20420141835135,75,12.823633240949189,34.406664463299386,2026-04-18
SYN_0820,12.320942504263563,71.20420141835135,100,10.816287541775777,34.44298544442123,2026-04-18
SYN_0820,12.320942504263563,71.20420141835135,150,9.38122821932602,34.37459663649501,2026-04-18
SYN_0820,12.320942504263563,71.20420141835135,200,8.55562548536011,34.303108145215376,2026-04-18
SYN_0821,22.898530302790082,82.59586470476944,0,28.028214517810532,35.040153979773116,2026-05-30
SYN_0821,22.898530302790082,82.59586470476944,10,24.58003381430472,34.7352081065443,2026-05-30
SYN_0821,22.898530302790082,82.59586470476944,25,20.456096786477953,34.56064340768791,2026-05-30
SYN_0821,22.898530302790082,82.59586470476944,50,15.380061149997575,34.566689162017944,2026-05-30
SYN_0821,22.898530302790082,82.59586470476944,75,12.758081247433706,34.37298726568094,2026-05-30
SYN_0821,22.898530302790082,82.59586470476944,100,10.826948069112458,34.47555946014941,2026-05-30
SYN_0821,22.898530302790082,82.59586470476944,150,8.977679295455752,34.50420486394904,2026-05-30
SYN_0821,22.898530302790082,82.59586470476944,200,8.459892196098682,34.44422340756506,2026-05-30
SYN_0822,15.531968603336264,76.32349083510957,0,28.32186455042742,34.86418045458022,2026-04-08
SYN_0822,15.531968603336264,76.32349083510957,10,24.833704429256134,34.65765179132554,2026-04-08
SYN_0822,15.531968603336264,76.32349083510957,25,20.7043817769093,34.48900074850121,2026-04-08
SYN_0822,15.531968603336264,76.32349083510957,50,15.922670082991337,34.371221873640835,2026-04-08
SYN_0822,15.531968603336264,76.32349083510957,75,13.093783123344455,34.26127504372575,2026-04-08
SYN_0822,15.531968603336264,76.32349083510957,100,11.010328795479131,34.37749333426944,2026-04-08
SYN_0822,15.531968603336264,76.32349083510957,150,9.164851305595885,34.359928308363834,2026-04-08
SYN_0822,15.531968603336264,76.32349083510957,200,8.746941499494781,34.363128482640576,2026-04-08
SYN_0823,5.856726958939216,80.8798883333967,0,27.711848930461095,35.13548428253562,2026-03-23
SYN_0823,5.856726958939216,80.8798883333967,10,24.257217369084817,34.944479685224756,2026-03-23
SYN_0823,5.856726958939216,80.8798883333967,25,20.102610767202666,34.73988300627698,2026-03-23
SYN_0823,5.856726958939216,80.8798883333967,50,14.95276643742326,34.881629487428036,2026-03-23
SYN_0823,5.856726958939216,80.8798883333967,75,12.41342060300161,34.54935081526576,2026-03-23
SYN_0823,5.856726958939216,80.8798883333967,100,10.601112585067275,34.622739951936836,2026-03-23
SYN_0823,5.856726958939216,80.8798883333967,150,8.734414046382236,34.81460013712785,2026-03-23
SYN_0823,5.856726958939216,80.8798883333967,200,8.412845213497242,34.45972188750228,2026-03-23
SYN_0824,11.366546077115853,66.88279521339378,0,28.231140774569507,34.87954557789218,2026-06-03
SYN_0824,11.366546077115853,66.88279521339378,10,24.531308603894004,34.83786099196965,2026-06-03
SYN_0824,11.366546077115853,66.88279521339378,25,20.093639994979014,34.7028622712936,2026-06-03
SYN_0824,11.366546077115853,66.88279521339378,50,15.291315617367161,34.590500495462315,2026-06-03
SYN_0824,11.366546077115853,66.88279521339378,75,12.452075029134056,34.541024292189135,2026-06-03
SYN_0824,11.366546077115853,66.88279521339378,100,10.839222100473654,34.477998985532444,2026-06-03
SYN_0824,11.366546077115853,66.88279521339378,150,8.959795799385159,34.528157336843705,2026-06-03
SYN_0824,11.366546077115853,66.88279521339378,200,8.519324670374205,34.545044961627454,2026-06-03
SYN_0825,22.60916466735408,69.71033237170178,0,27.736773369048628,35.027546329709104,2026-05-05
SYN_0825,22.60916466735408,69.71033237170178,10,24.10839600941063,34.96423169336623,2026-05-05
SYN_0825,22.60916466735408,69.71033237170178,25,19.845977176933424,34.85580529724925,2026-05-05
SYN_0825,22.60916466735408,69.71033237170178,50,15.329027328842281,34.615746133594655,2026-05-05
SYN_0825,22.60916466735408,69.71033237170178,75,12.592090129441003,34.42855819160436,2026-05-05
SYN_0825,22.60916466735408,69.71033237170178,100,10.844427945987583,34.39105288139487,2026-05-05
SYN_0825,22.60916466735408,69.71033237170178,150,8.870513145981647,34.52353559812194,2026-05-05
SYN_0825,22.60916466735408,69.71033237170178,200,8.447087652214824,34.55149651084444,2026-05-05
SYN_0826,9.358955934055487,76.74950620702546,0,27.89308041951747,35.08385380689725,2026-03-05
SYN_0826,9.358955934055487,76.74950620702546,10,24.585887709907865,34.81649803303844,2026-03-05
SYN_0826,9.358955934055487,76.74950620702546,25,20.08707362062109,34.762950610619825,2026-03-05
SYN_0826,9.358955934055487,76.74950620702546,50,15.250068811593037,34.669529396635525,2026-03-05
SYN_0826,9.358955934055487,76.74950620702546,75,12.433447032599474,34.52095408926642,2026-03-05
SYN_0826,9.358955934055487,76.74950620702546,100,10.789753369838426,34.525103876800664,2026-03-05
SYN_0826,9.358955934055487,76.74950620702546,150,8.645655764404395,34.715953380443324,2026-03-05
SYN_0826,9.358955934055487,76.74950620702546,200,8.625690068525307,34.39534101321016,2026-03-05
SYN_0827,19.34054592436162,69.70421448424166,0,28.299090128749764,34.847035790939415,2026-02-02
SYN_0827,19.34054592436162,69.70421448424166,10,24.465291595276828,34.89057091995622,2026-02-02
SYN_0827,19.34054592436162,69.70421448424166,25,20.30029759634165,34.58054525731106,2026-02-02
SYN_0827,19.34054592436162,69.70421448424166,50,15.445761843755855,34.587663006032706,2026-02-02
SYN_0827,19.34054592436162,69.70421448424166,75,12.515435073025143,34.52533726008209,2026-02-02
SYN_0827,19.34054592436162,69.70421448424166,100,10.896023636217715,34.41140656834895,2026-02-02
SYN_0827,19.34054592436162,69.70421448424166,150,9.238158106151438,34.34642978846541,2026-02-02
SYN_0827,19.34054592436162,69.70421448424166,200,8.300987560825385,34.462354194681566,2026-02-02
SYN_0828,15.178886159090144,84.58264258786683,0,27.788482623571625,35.07734840950378,2026-01-21
SYN_0828,15.178886159090144,84.58264258786683,10,24.4214749684546,34.874456378603654,2026-01-21
SYN_0828,15.178886159090144,84.58264258786683,25,19.90926632974575,34.75837790000223,2026-01-21
SYN_0828,15.178886159090144,84.58264258786683,50,15.187125156319595,34.69267982444222,2026-01-21
SYN_0828,15.178886159090144,84.58264258786683,75,12.114357987040135,34.660842598568735,2026-01-21
SYN_0828,15.178886159090144,84.58264258786683,100,10.67803180704279,34.559671941772756,2026-01-21
SYN_0828,15.178886159090144,84.58264258786683,150,8.957405767402918,34.48042888800787,2026-01-21
SYN_0828,15.178886159090144,84.58264258786683,200,8.011344563158707,34.65074444483834,2026-01-21
SYN_0829,12.177454636514524,65.71759363577698,0,27.797143769060966,35.17143711784793,2026-02-19
SYN_0829,12.177454636514524,65.71759363577698,10,24.304178700575406,34.86277358719163,2026-02-19
SYN_0829,12.177454636514524,65.71759363577698,25,20.007222484492058,34.7343637841818,2026-02-19
SYN_0829,12.177454636514524,65.71759363577698,50,15.365658197731628,34.59858576986281,2026-02-19
SYN_0829,12.177454636514524,65.71759363577698,75,12.254447125118647,34.56077595212901,2026-02-19
SYN_0829,12.177454636514524,65.71759363577698,100,10.568409607502044,34.61468305321698,2026-02-19
SYN_0829,12.177454636514524,65.71759363577698,150,9.001063161293128,34.4710001551112,2026-02-19
SYN_0829,12.177454636514524,65.71759363577698,200,8.42095583667243,34.349447367138225,2026-02-19
SYN_0830,5.2149633150316355,81.65846855226229,0,27.902944107098044,35.10578488613202,2026-01-31
SYN_0830,5.2149633150316355,81.65846855226229,10,24.104579544803958,34.93940833505367,2026-01-31
SYN_0830,5.2149633150316355,81.65846855226229,25,19.78778202620645,34.98862860597661,2026-01-31
SYN_0830,5.2149633150316355,81.65846855226229,50,15.333845013380511,34.60905805114916,2026-01-31
SYN_0830,5.2149633150316355,81.65846855226229,75,12.267974867705602,34.66111677612524,2026-01-31
SYN_0830,5.2149633150316355,81.65846855226229,100,10.34373066006731,34.75541645761183,2026-01-31
SYN_0830,5.2149633150316355,81.65846855226229,150,9.194772661544265,34.47300012277138,2026-01-31
SYN_0830,5.2149633150316355,81.65846855226229,200,8.529536095142614,34.35005785627692,2026-01-31
SYN_0831,12.619101914473116,71.72909888721331,0,28.10798227556612,34.937374995365474,2026-01-21
SYN_0831,12.619101914473116,71.72909888721331,10,24.555123244116444,34.72708868034279,2026-01-21
SYN_0831,12.619101914473116,71.72909888721331,25,20.26003743045913,34.66970074322334,2026-01-21
SYN_0831,12.619101914473116,71.72909888721331,50,15.355877494417399,34.53995936468325,2026-01-21
SYN_0831,12.619101914473116,71.72909888721331,75,12.749703453864283,34.36541212631127,2026-01-21
SYN_0831,12.619101914473116,71.72909888721331,100,11.23243546872844,34.21475648145309,2026-01-21
SYN_0831,12.619101914473116,71.72909888721331,150,9.369901941798503,34.338230601375656,2026-01-21
SYN_0831,12.619101914473116,71.72909888721331,200,8.775043932794805,34.28412629124931,2026-01-21
SYN_0832,17.699741797248812,67.88170322102926,0,28.19217786621251,34.8853232635182,2026-05-03
SYN_0832,17.699741797248812,67.88170322102926,10,24.23921731081951,34.95528362650489,2026-05-03
SYN_0832,17.699741797248812,67.88170322102926,25,20.180696912446205,34.67386717173115,2026-05-03
SYN_0832,17.699741797248812,67.88170322102926,50,15.256951631240353,34.71412930885554,2026-05-03
SYN_0832,17.699741797248812,67.88170322102926,75,12.678708901136355,34.41734781936213,2026-05-03
SYN_0832,17.699741797248812,67.88170322102926,100,10.423543116570869,34.68641217668954,2026-05-03
SYN_0832,17.699741797248812,67.88170322102926,150,8.871110820988205,34.59323463827576,2026-05-03
SYN_0832,17.699741797248812,67.88170322102926,200,8.434741890549397,34.489450893592505,2026-05-03
SYN_0833,5.599990255301535,80.72466390258003,0,27.94467509657789,35.02982166052189,2026-05-18
SYN_0833,5.599990255301535,80.72466390258003,10,24.227688389182738,34.91897790453628,2026-05-18
SYN_0833,5.599990255301535,80.72466390258003,25,20.114479953777238,34.721170179552054,2026-05-18
SYN_0833,5.599990255301535,80.72466390258003,50,15.172422286659508,34.75190976049301,2026-05-18
SYN_0833,5.599990255301535,80.72466390258003,75,12.478638221125852,34.474205897507545,2026-05-18
SYN_0833,5.599990255301535,80.72466390258003,100,10.684652018271223,34.58037965467782,2026-05-18
SYN_0833,5.599990255301535,80.72466390258003,150,8.543628145794546,34.7433177247545,2026-05-18
SYN_0833,5.599990255301535,80.72466390258003,200,8.174919013665871,34.583928346473485,2026-05-18
SYN_0834,15.077964088056932,72.68987162814639,0,28.38739644047363,34.81308194118262,2026-06-06
SYN_0834,15.077964088056932,72.68987162814639,10,24.920092523623484,34.638629100020914,2026-06-06
SYN_0834,15.077964088056932,72.68987162814639,25,20.35908296596276,34.58107534467964,2026-06-06
SYN_0834,15.077964088056932,72.68987162814639,50,15.58929567253807,34.476023254773914,2026-06-06
SYN_0834,15.077964088056932,72.68987162814639,75,12.90965512486326,34.38550204136435,2026-06-06
SYN_0834,15.077964088056932,72.68987162814639,100,11.051635174535924,34.41212234703784,2026-06-06
SYN_0834,15.077964088056932,72.68987162814639,150,9.312697238109873,34.341136832725915,2026-06-06
SYN_0834,15.077964088056932,72.68987162814639,200,8.932104758117658,34.21846275225275,2026-06-06
SYN_0835,15.445348645636368,80.62056083885894,0,28.110666266600873,34.97176203437704,2026-05-29
SYN_0835,15.445348645636368,80.62056083885894,10,24.605931795253824,34.72961120789645,2026-05-29
SYN_0835,15.445348645636368,80.62056083885894,25,20.564192062771934,34.4787037225329,2026-05-29
SYN_0835,15.445348645636368,80.62056083885894,50,15.53955412033539,34.48889902613014,2026-05-29
SYN_0835,15.445348645636368,80.62056083885894,75,12.432387612727466,34.581168110375955,2026-05-29
SYN_0835,15.445348645636368,80.62056083885894,100,10.913976598248418,34.49192755026385,2026-05-29
SYN_0835,15.445348645636368,80.62056083885894,150,9.395060836956732,34.29194281879407,2026-05-29
SYN_0835,15.445348645636368,80.62056083885894,200,8.400831264165907,34.486468912159275,2026-05-29
SYN_0836,24.299585920922222,75.14254557028843,0,27.408888325903906,35.31805128148961,2026-04-05
SYN_0836,24.299585920922222,75.14254557028843,10,23.97715883306447,35.10758904872197,2026-04-05
SYN_0836,24.299585920922222,75.14254557028843,25,19.945374365232716,34.86524978422038,2026-04-05
SYN_0836,24.299585920922222,75.14254557028843,50,14.93539449358358,34.85473131180172,2026-04-05
SYN_0836,24.299585920922222,75.14254557028843,75,12.076790442518401,34.753108398805914,2026-04-05
SYN_0836,24.299585920922222,75.14254557028843,100,10.264956734735904,34.8002961766935,2026-04-05
SYN_0836,24.299585920922222,75.14254557028843,150,8.529856598898142,34.69528209293641,2026-04-05
SYN_0836,24.299585920922222,75.14254557028843,200,7.851852674093121,34.756579678999486,2026-04-05
SYN_0837,7.174187996002857,75.37733839559542,0,27.27598681675001,35.322407548705065,2026-01-09
SYN_0837,7.174187996002857,75.37733839559542,10,24.19238274012633,34.96293128704698,2026-01-09
SYN_0837,7.174187996002857,75.37733839559542,25,19.661089180226906,34.892917122059885,2026-01-09
SYN_0837,7.174187996002857,75.37733839559542,50,15.206662396473309,34.603995148418136,2026-01-09
SYN_0837,7.174187996002857,75.37733839559542,75,12.212108519014002,34.71246356505031,2026-01-09
SYN_0837,7.174187996002857,75.37733839559542,100,10.430501036298356,34.63420446303543,2026-01-09
SYN_0837,7.174187996002857,75.37733839559542,150,8.931355627940045,34.540159877276125,2026-01-09
SYN_0837,7.174187996002857,75.37733839559542,200,7.992903751376505,34.63884462030421,2026-01-09
SYN_0838,20.136283460665823,72.99144517428455,0,28.214975030127682,34.863253192306196,2026-02-21
SYN_0838,20.136283460665823,72.99144517428455,10,24.453893281955143,34.76889068138734,2026-02-21
SYN_0838,20.136283460665823,72.99144517428455,25,20.295594794571045,34.54363366734187,2026-02-21
SYN_0838,20.136283460665823,72.99144517428455,50,15.376384710242716,34.602723837787124,2026-02-21
SYN_0838,20.136283460665823,72.99144517428455,75,12.31786992947805,34.67109756301165,2026-02-21
SYN_0838,20.136283460665823,72.99144517428455,100,10.830563325930651,34.42630246000767,2026-02-21
SYN_0838,20.136283460665823,72.99144517428455,150,9.120156475219648,34.45962469630117,2026-02-21
SYN_0838,20.136283460665823,72.99144517428455,200,8.222568480343693,34.65073752766904,2026-02-21
SYN_0839,5.783474141643811,83.17409048393586,0,28.083910557087354,34.98392469552715,2026-02-09
SYN_0839,5.783474141643811,83.17409048393586,10,24.23252963704956,34.955820253064395,2026-02-09
SYN_0839,5.783474141643811,83.17409048393586,25,20.30925251649032,34.656798277859814,2026-02-09
SYN_0839,5.783474141643811,83.17409048393586,50,15.437369398425515,34.568853457898435,2026-02-09
SYN_0839,5.783474141643811,83.17409048393586,75,12.752929561320062,34.54539576183876,2026-02-09
SYN_0839,5.783474141643811,83.17409048393586,100,10.430184712926755,34.62970819145693,2026-02-09
SYN_0839,5.783474141643811,83.17409048393586,150,9.13118173714839,34.51025474336539,2026-02-09
SYN_0839,5.783474141643811,83.17409048393586,200,8.327254887703543,34.55678152407439,2026-02-09
SYN_0840,22.211982070321287,83.90582342651727,0,28.153712247564208,34.986000291630944,2026-01-11
SYN_0840,22.211982070321287,83.90582342651727,10,24.376097742831988,34.830182829345176,2026-01-11
SYN_0840,22.211982070321287,83.90582342651727,25,20.392358791767435,34.5779517069558,2026-01-11
SYN_0840,22.211982070321287,83.90582342651727,50,15.478300453935859,34.58180791676159,2026-01-11
SYN_0840,22.211982070321287,83.90582342651727,75,12.598027562892874,34.524303815601286,2026-01-11
SYN_0840,22.211982070321287,83.90582342651727,100,10.921024365739548,34.38259977043129,2026-01-11
SYN_0840,22.211982070321287,83.90582342651727,150,9.043198654265197,34.52059722074908,2026-01-11
SYN_0840,22.211982070321287,83.90582342651727,200,8.412148387295193,34.54300395730118,2026-01-11
SYN_0841,14.498379744222804,73.07534180911621,0,28.442246742637913,34.85059789450329,2026-03-29
SYN_0841,14.498379744222804,73.07534180911621,10,24.927391226357123,34.59277548167002,2026-03-29
SYN_0841,14.498379744222804,73.07534180911621,25,20.660313711839343,34.53406110840515,2026-03-29
SYN_0841,14.498379744222804,73.07534180911621,50,15.757081265131502,34.425794825816965,2026-03-29
SYN_0841,14.498379744222804,73.07534180911621,75,12.832346876201214,34.34090197589096,2026-03-29
SYN_0841,14.498379744222804,73.07534180911621,100,11.15081435255084,34.23881706916095,2026-03-29
SYN_0841,14.498379744222804,73.07534180911621,150,9.435755393158141,34.26921088032216,2026-03-29
SYN_0841,14.498379744222804,73.07534180911621,200,8.690157794010151,34.416376168117374,2026-03-29
SYN_0842,17.659729404572108,77.13387926924858,0,28.27700161887972,34.863311901147455,2026-03-15
SYN_0842,17.659729404572108,77.13387926924858,10,24.704748036909464,34.701183649729636,2026-03-15
SYN_0842,17.659729404572108,77.13387926924858,25,20.31705684261859,34.61758543253993,2026-03-15
SYN_0842,17.659729404572108,77.13387926924858,50,15.632414065298438,34.531159477016864,2026-03-15
SYN_0842,17.659729404572108,77.13387926924858,75,12.601518412451025,34.40986895891801,2026-03-15
SYN_0842,17.659729404572108,77.13387926924858,100,11.010261464257985,34.28118311295409,2026-03-15
SYN_0842,17.659729404572108,77.13387926924858,150,9.251565764832433,34.38551428298636,2026-03-15
SYN_0842,17.659729404572108,77.13387926924858,200,8.551036088758075,34.45551434165281,2026-03-15
SYN_0843,8.661514480395116,81.19482580710363,0,27.8094517892776,35.147850868645655,2026-02-23
SYN_0843,8.661514480395116,81.19482580710363,10,24.442701631675586,34.84564673428843,2026-02-23
SYN_0843,8.661514480395116,81.19482580710363,25,19.973135706849167,34.84018195872573,2026-02-23
SYN_0843,8.661514480395116,81.19482580710363,50,15.526409895345283,34.58104357425597,2026-02-23
SYN_0843,8.661514480395116,81.19482580710363,75,12.259192196459892,34.6019168536236,2026-02-23
SYN_0843,8.661514480395116,81.19482580710363,100,10.915146767848565,34.38709795974276,2026-02-23
SYN_0843,8.661514480395116,81.19482580710363,150,9.065617454624041,34.30414761966199,2026-02-23
SYN_0843,8.661514480395116,81.19482580710363,200,8.51143938415631,34.48021813613214,2026-02-23
SYN_0844,10.939071362061451,79.53704819536597,0,28.183522248440227,34.925565533120846,2026-01-11
SYN_0844,10.939071362061451,79.53704819536597,10,24.162812646397537,35.02767117025195,2026-01-11
SYN_0844,10.939071362061451,79.53704819536597,25,20.186233966069008,34.746109873844816,2026-01-11
SYN_0844,10.939071362061451,79.53704819536597,50,15.527597714853918,34.49707903087108,2026-01-11
SYN_0844,10.939071362061451,79.53704819536597,75,12.63260890400359,34.38778692664093,2026-01-11
SYN_0844,10.939071362061451,79.53704819536597,100,10.909004038606941,34.3636435969513,2026-01-11
SYN_0844,10.939071362061451,79.53704819536597,150,8.943069667503442,34.5367229687625,2026-01-11
SYN_0844,10.939071362061451,79.53704819536597,200,8.26527886232398,34.53333048529822,2026-01-11
SYN_0845,17.272126760987376,69.72575416079043,0,27.895041899812828,35.07974782943252,2026-06-29
SYN_0845,17.272126760987376,69.72575416079043,10,24.515248162960862,34.79159118481807,2026-06-29
SYN_0845,17.272126760987376,69.72575416079043,25,20.397559833200823,34.57829483085202,2026-06-29
SYN_0845,17.272126760987376,69.72575416079043,50,15.405790863852562,34.60978076026313,2026-06-29
SYN_0845,17.272126760987376,69.72575416079043,75,12.461973772032527,34.50971015494254,2026-06-29
SYN_0845,17.272126760987376,69.72575416079043,100,10.97045091518374,34.35995038843504,2026-06-29
SYN_0845,17.272126760987376,69.72575416079043,150,9.0245280140575,34.480147747488616,2026-06-29
SYN_0845,17.272126760987376,69.72575416079043,200,8.70021408157796,34.35682779395252,2026-06-29
SYN_0846,9.67360568828953,68.75361268641954,0,28.0883552497791,35.02334915768826,2026-01-05
SYN_0846,9.67360568828953,68.75361268641954,10,24.30020762580264,34.853937795982134,2026-01-05
SYN_0846,9.67360568828953,68.75361268641954,25,19.984297616219592,34.81217908361118,2026-01-05
SYN_0846,9.67360568828953,68.75361268641954,50,15.207691492081517,34.64309271330607,2026-01-05
SYN_0846,9.67360568828953,68.75361268641954,75,12.443169052717439,34.69637363176665,2026-01-05
SYN_0846,9.67360568828953,68.75361268641954,100,10.580757321667258,34.5844537379398,2026-01-05
SYN_0846,9.67360568828953,68.75361268641954,150,8.696279919098362,34.69487160726116,2026-01-05
SYN_0846,9.67360568828953,68.75361268641954,200,8.39239737575,34.50361537741013,2026-01-05
SYN_0847,21.052928166142507,84.64228481615261,0,28.20592094265994,34.83974747168614,2026-06-06
SYN_0847,21.052928166142507,84.64228481615261,10,24.7330624432993,34.609564285461204,2026-06-06
SYN_0847,21.052928166142507,84.64228481615261,25,20.100139571374772,34.680520000805224,2026-06-06
SYN_0847,21.052928166142507,84.64228481615261,50,15.587303691277324,34.56640466768664,2026-06-06
SYN_0847,21.052928166142507,84.64228481615261,75,12.648539937201912,34.40212446651748,2026-06-06
SYN_0847,21.052928166142507,84.64228481615261,100,10.51548853464108,34.72003698510916,2026-06-06
SYN_0847,21.052928166142507,84.64228481615261,150,9.028629583638677,34.50116683041817,2026-06-06
SYN_0847,21.052928166142507,84.64228481615261,200,8.594727915823178,34.369365946860356,2026-06-06
SYN_0848,6.483398975683241,72.49443420384675,0,27.661942306036945,35.18673246424354,2026-04-24
SYN_0848,6.483398975683241,72.49443420384675,10,23.839368807551143,35.11336914041222,2026-04-24
SYN_0848,6.483398975683241,72.49443420384675,25,19.797053679488428,34.835774423233595,2026-04-24
SYN_0848,6.483398975683241,72.49443420384675,50,15.213006943989699,34.53368558715969,2026-04-24
SYN_0848,6.483398975683241,72.49443420384675,75,11.793568339935984,34.875573622221644,2026-04-24
SYN_0848,6.483398975683241,72.49443420384675,100,10.25498614594732,34.789999759442416,2026-04-24
SYN_0848,6.483398975683241,72.49443420384675,150,8.627986567968588,34.66149772567444,2026-04-24
SYN_0848,6.483398975683241,72.49443420384675,200,8.256545505192092,34.48896294367827,2026-04-24
SYN_0849,11.317654195448332,78.1659203042696,0,28.056454794509715,34.89876508964182,2026-02-16
SYN_0849,11.317654195448332,78.1659203042696,10,24.49064934542814,34.68971353698311,2026-02-16
SYN_0849,11.317654195448332,78.1659203042696,25,20.292085601776577,34.609945116978274,2026-02-16
SYN_0849,11.317654195448332,78.1659203042696,50,15.210836156102815,34.701658276089454,2026-02-16
SYN_0849,11.317654195448332,78.1659203042696,75,12.724196288857692,34.33195313713468,2026-02-16
SYN_0849,11.317654195448332,78.1659203042696,100,10.790773439227669,34.40549598732677,2026-02-16
SYN_0849,11.317654195448332,78.1659203042696,150,9.054799835039372,34.51987726306669,2026-02-16
SYN_0849,11.317654195448332,78.1659203042696,200,8.398096214671039,34.44853353276095,2026-02-16
SYN_0850,21.652851566702687,82.81408054771842,0,27.712095060161545,35.170164688456936,2026-06-22
SYN_0850,21.652851566702687,82.81408054771842,10,24.302759189438017,34.857971282044524,2026-06-22
SYN_0850,21.652851566702687,82.81408054771842,25,20.213343158421633,34.70847022787393,2026-06-22
SYN_0850,21.652851566702687,82.81408054771842,50,15.30757261089025,34.54171125353627,2026-06-22
SYN_0850,21.652851566702687,82.81408054771842,75,12.823588304915914,34.37551393230802,2026-06-22
SYN_0850,21.652851566702687,82.81408054771842,100,10.607039880851652,34.61517092886868,2026-06-22
SYN_0850,21.652851566702687,82.81408054771842,150,9.176916629557256,34.465800605681814,2026-06-22
SYN_0850,21.652851566702687,82.81408054771842,200,8.31483710748336,34.45427700097232,2026-06-22
SYN_0851,20.976591809807584,80.17895539182533,0,28.03155468843257,34.98028467854176,2026-03-18
SYN_0851,20.976591809807584,80.17895539182533,10,24.438675645992163,34.85671672671761,2026-03-18
SYN_0851,20.976591809807584,80.17895539182533,25,19.757953894912184,34.87459915365488,2026-03-18
SYN_0851,20.976591809807584,80.17895539182533,50,15.026758296576155,34.67811473935509,2026-03-18
SYN_0851,20.976591809807584,80.17895539182533,75,12.442220394203698,34.55179967476768,2026-03-18
SYN_0851,20.976591809807584,80.17895539182533,100,10.488043462424253,34.57747239533849,2026-03-18
SYN_0851,20.976591809807584,80.17895539182533,150,9.014214081092938,34.4403873457951,2026-03-18
SYN_0851,20.976591809807584,80.17895539182533,200,8.15319130830714,34.554371537040836,2026-03-18
SYN_0852,14.822834473038416,68.3220132026645,0,27.945439553321318,35.03339568288874,2026-04-08
SYN_0852,14.822834473038416,68.3220132026645,10,24.282894250589038,34.80273766461394,2026-04-08
SYN_0852,14.822834473038416,68.3220132026645,25,20.279067565500625,34.67675844304333,2026-04-08
SYN_0852,14.822834473038416,68.3220132026645,50,15.285014622579254,34.57523125291913,2026-04-08
SYN_0852,14.822834473038416,68.3220132026645,75,12.389142374825576,34.55228373754991,2026-04-08
SYN_0852,14.822834473038416,68.3220132026645,100,10.828617330656373,34.4146049941323,2026-04-08
SYN_0852,14.822834473038416,68.3220132026645,150,8.933503332294707,34.44672699231078,2026-04-08
SYN_0852,14.822834473038416,68.3220132026645,200,8.30450783288694,34.44488420858674,2026-04-08
SYN_0853,11.28291230301212,83.30663167137033,0,28.05354180004155,34.92968288890934,2026-03-04
SYN_0853,11.28291230301212,83.30663167137033,10,24.34001374528403,34.919330776455766,2026-03-04
SYN_0853,11.28291230301212,83.30663167137033,25,20.127111533764147,34.75847650405071,2026-03-04
SYN_0853,11.28291230301212,83.30663167137033,50,15.202297071646377,34.654057388287,2026-03-04
SYN_0853,11.28291230301212,83.30663167137033,75,12.618233274443423,34.51780552722531,2026-03-04
SYN_0853,11.28291230301212,83.30663167137033,100,10.467697532476864,34.633508959859505,2026-03-04
SYN_0853,11.28291230301212,83.30663167137033,150,9.237044791559818,34.2780910899191,2026-03-04
SYN_0853,11.28291230301212,83.30663167137033,200,8.366124121597258,34.539331082003855,2026-03-04
SYN_0854,10.43052248063317,75.0337732462702,0,27.884061974432356,35.00476234962855,2026-06-16
SYN_0854,10.43052248063317,75.0337732462702,10,24.66307647471351,34.79896035241444,2026-06-16
SYN_0854,10.43052248063317,75.0337732462702,25,20.609165488466605,34.44637120428849,2026-06-16
SYN_0854,10.43052248063317,75.0337732462702,50,15.62895005104056,34.505216046028885,2026-06-16
SYN_0854,10.43052248063317,75.0337732462702,75,12.299564320975264,34.62741448959975,2026-06-16
SYN_0854,10.43052248063317,75.0337732462702,100,10.76279935220723,34.4472770370349,2026-06-16
SYN_0854,10.43052248063317,75.0337732462702,150,8.960864158517216,34.377234278495706,2026-06-16
SYN_0854,10.43052248063317,75.0337732462702,200,8.332153015577873,34.45932991592211,2026-06-16
SYN_0855,8.489134834486102,66.35602887423023,0,28.215832758397653,34.82743993419095,2026-03-06
SYN_0855,8.489134834486102,66.35602887423023,10,24.733376575269236,34.65366735573508,2026-03-06
SYN_0855,8.489134834486102,66.35602887423023,25,20.15973008871547,34.679314660559136,2026-03-06
SYN_0855,8.489134834486102,66.35602887423023,50,15.384160063346838,34.65275266502822,2026-03-06
SYN_0855,8.489134834486102,66.35602887423023,75,12.326409444975422,34.53355205140412,2026-03-06
SYN_0855,8.489134834486102,66.35602887423023,100,10.879274669731888,34.45328141922208,2026-03-06
SYN_0855,8.489134834486102,66.35602887423023,150,9.158748191261763,34.49483204412738,2026-03-06
SYN_0855,8.489134834486102,66.35602887423023,200,8.4335507979225,34.396729993032245,2026-03-06
SYN_0856,8.068740584181207,67.05403382722743,0,28.0105185399821,34.993483907663176,2026-03-17
SYN_0856,8.068740584181207,67.05403382722743,10,24.369192047191305,34.84611100188333,2026-03-17
SYN_0856,8.068740584181207,67.05403382722743,25,20.373106041707388,34.622506829612675,2026-03-17
SYN_0856,8.068740584181207,67.05403382722743,50,15.233613795886438,34.63547380348225,2026-03-17
SYN_0856,8.068740584181207,67.05403382722743,75,12.352957388961586,34.50234302766664,2026-03-17
SYN_0856,8.068740584181207,67.05403382722743,100,11.042483141236087,34.35975670834502,2026-03-17
SYN_0856,8.068740584181207,67.05403382722743,150,9.108574989441461,34.43261724013115,2026-03-17
SYN_0856,8.068740584181207,67.05403382722743,200,8.168060609829405,34.609608140993664,2026-03-17
SYN_0857,6.698674435430265,75.54188685958835,0,27.693003566309127,35.15419990353953,2026-03-07
SYN_0857,6.698674435430265,75.54188685958835,10,24.21733080649268,34.96573010745052,2026-03-07
SYN_0857,6.698674435430265,75.54188685958835,25,19.908845883052724,34.75897831025289,2026-03-07
SYN_0857,6.698674435430265,75.54188685958835,50,14.94032441734768,34.820772429888734,2026-03-07
SYN_0857,6.698674435430265,75.54188685958835,75,12.218531542126328,34.69490824860851,2026-03-07
SYN_0857,6.698674435430265,75.54188685958835,100,10.323084686229185,34.773987428561455,2026-03-07
SYN_0857,6.698674435430265,75.54188685958835,150,8.52675095431366,34.64258551237272,2026-03-07
SYN_0857,6.698674435430265,75.54188685958835,200,7.916426575626055,34.87225970328355,2026-03-07
SYN_0858,17.043961593950968,65.64223581473131,0,28.09925923972316,34.961151576174466,2026-01-14
SYN_0858,17.043961593950968,65.64223581473131,10,24.16939713719225,34.98578450383031,2026-01-14
SYN_0858,17.043961593950968,65.64223581473131,25,19.765784822449994,34.8729834483794,2026-01-14
SYN_0858,17.043961593950968,65.64223581473131,50,15.144167345874557,34.609512569289734,2026-01-14
SYN_0858,17.043961593950968,65.64223581473131,75,12.02981609943841,34.74201638102033,2026-01-14
SYN_0858,17.043961593950968,65.64223581473131,100,10.293011478652339,34.75708295222537,2026-01-14
SYN_0858,17.043961593950968,65.64223581473131,150,9.157627933968799,34.411044600956664,2026-01-14
SYN_0858,17.043961593950968,65.64223581473131,200,8.314508495737511,34.53597471217901,2026-01-14
SYN_0859,15.447982207226438,83.06908299475545,0,28.138045742838763,34.96857783088371,2026-02-25
SYN_0859,15.447982207226438,83.06908299475545,10,24.364963968653342,34.91752337890498,2026-02-25
SYN_0859,15.447982207226438,83.06908299475545,25,20.00028250066489,34.80361117263969,2026-02-25
SYN_0859,15.447982207226438,83.06908299475545,50,15.440495001159185,34.528280079239806,2026-02-25
SYN_0859,15.447982207226438,83.06908299475545,75,12.53457717176152,34.49303425818297,2026-02-25
SYN_0859,15.447982207226438,83.06908299475545,100,10.572435041987898,34.64366959093087,2026-02-25
SYN_0859,15.447982207226438,83.06908299475545,150,9.163802887288695,34.488915417701236,2026-02-25
SYN_0859,15.447982207226438,83.06908299475545,200,8.514247597831636,34.40978045111764,2026-02-25
SYN_0860,7.013243299268912,77.72621631078513,0,27.716431964457485,35.07805850730601,2026-02-23
SYN_0860,7.013243299268912,77.72621631078513,10,23.884363761782378,35.09069625703847,2026-02-23
SYN_0860,7.013243299268912,77.72621631078513,25,19.781997221722097,34.85876342640415,2026-02-23
SYN_0860,7.013243299268912,77.72621631078513,50,15.232157603904689,34.673255771397145,2026-02-23
SYN_0860,7.013243299268912,77.72621631078513,75,12.31433888586346,34.59195122622564,2026-02-23
SYN_0860,7.013243299268912,77.72621631078513,100,10.327363984389114,34.76899691319383,2026-02-23
SYN_0860,7.013243299268912,77.72621631078513,150,8.66491333588519,34.730054042308524,2026-02-23
SYN_0860,7.013243299268912,77.72621631078513,200,8.25524784548907,34.600025514012366,2026-02-23
SYN_0861,23.362179400682837,80.71364163552062,0,27.78262770323075,35.11063861554195,2026-01-13
SYN_0861,23.362179400682837,80.71364163552062,10,23.91543526742799,35.10996370600901,2026-01-13
SYN_0861,23.362179400682837,80.71364163552062,25,19.516789713116818,35.004619737202425,2026-01-13
SYN_0861,23.362179400682837,80.71364163552062,50,15.16305850882967,34.715055736992156,2026-01-13
SYN_0861,23.362179400682837,80.71364163552062,75,12.429478670750012,34.62514019560062,2026-01-13
SYN_0861,23.362179400682837,80.71364163552062,100,10.67745429845543,34.47129645635626,2026-01-13
SYN_0861,23.362179400682837,80.71364163552062,150,8.855437254158241,34.58205469501454,2026-01-13
SYN_0861,23.362179400682837,80.71364163552062,200,8.321049346199814,34.472886675526055,2026-01-13
SYN_0862,24.47755950008163,71.85041628771822,0,27.800109002846796,35.074737754398924,2026-05-28
SYN_0862,24.47755950008163,71.85041628771822,10,23.850100343958136,35.10587996660727,2026-05-28
SYN_0862,24.47755950008163,71.85041628771822,25,19.4275365463793,35.07730388372342,2026-05-28
SYN_0862,24.47755950008163,71.85041628771822,50,14.94921371675853,34.83634834092045,2026-05-28
SYN_0862,24.47755950008163,71.85041628771822,75,12.109111428506125,34.74185210927567,2026-05-28
SYN_0862,24.47755950008163,71.85041628771822,100,10.4750990141181,34.66223557257061,2026-05-28
SYN_0862,24.47755950008163,71.85041628771822,150,8.41048848845986,34.86427909717211,2026-05-28
SYN_0862,24.47755950008163,71.85041628771822,200,7.933865902910403,34.68281517567181,2026-05-28
SYN_0863,24.44215455801559,65.87200730637433,0,28.156120605353347,34.9720349552649,2026-06-27
SYN_0863,24.44215455801559,65.87200730637433,10,24.658344999290765,34.69321827155981,2026-06-27
SYN_0863,24.44215455801559,65.87200730637433,25,20.334092445110517,34.6373472288337,2026-06-27
SYN_0863,24.44215455801559,65.87200730637433,50,15.45533094224584,34.55663828790508,2026-06-27
SYN_0863,24.44215455801559,65.87200730637433,75,12.615422579233154,34.365192536495,2026-06-27
SYN_0863,24.44215455801559,65.87200730637433,100,10.999619256838761,34.47699265979621,2026-06-27
SYN_0863,24.44215455801559,65.87200730637433,150,9.107637089217356,34.45613430181557,2026-06-27
SYN_0863,24.44215455801559,65.87200730637433,200,8.767408076572378,34.27967210547011,2026-06-27
SYN_0864,6.1394705121074145,72.57731528834807,0,27.835852538380976,35.16177323980561,2026-03-03
SYN_0864,6.1394705121074145,72.57731528834807,10,23.871138269117942,35.0965287599648,2026-03-03
SYN_0864,6.1394705121074145,72.57731528834807,25,19.742628152141712,34.91520576149838,2026-03-03
SYN_0864,6.1394705121074145,72.57731528834807,50,15.086929852669765,34.72423749133016,2026-03-03
SYN_0864,6.1394705121074145,72.57731528834807,75,12.169162435008554,34.67060716993006,2026-03-03
SYN_0864,6.1394705121074145,72.57731528834807,100,10.022525231769539,34.883281277144185,2026-03-03
SYN_0864,6.1394705121074145,72.57731528834807,150,8.560624861161632,34.79258236535457,2026-03-03
SYN_0864,6.1394705121074145,72.57731528834807,200,8.042160034439016,34.69619098109157,2026-03-03
SYN_0865,9.685748189793832,72.4101298680379,0,28.086719744130118,34.83927034561427,2026-01-21
SYN_0865,9.685748189793832,72.4101298680379,10,24.376205762995742,34.783408518986796,2026-01-21
SYN_0865,9.685748189793832,72.4101298680379,25,20.21767426256637,34.66257483253762,2026-01-21
SYN_0865,9.685748189793832,72.4101298680379,50,15.524937137496694,34.57788683299299,2026-01-21
SYN_0865,9.685748189793832,72.4101298680379,75,12.64818011616181,34.423276665937884,2026-01-21
SYN_0865,9.685748189793832,72.4101298680379,100,10.328316963996368,34.65377294375498,2026-01-21
SYN_0865,9.685748189793832,72.4101298680379,150,8.972222834692404,34.53500765847454,2026-01-21
SYN_0865,9.685748189793832,72.4101298680379,200,8.489259934682359,34.33814362493192,2026-01-21
SYN_0866,22.84614094684241,84.8769612571077,0,28.03575517270077,34.90825505763278,2026-06-24
SYN_0866,22.84614094684241,84.8769612571077,10,24.293806216680235,34.86595278718983,2026-06-24
SYN_0866,22.84614094684241,84.8769612571077,25,20.375633404060792,34.623400376576335,2026-06-24
SYN_0866,22.84614094684241,84.8769612571077,50,15.700657856875353,34.363983127843795,2026-06-24
SYN_0866,22.84614094684241,84.8769612571077,75,12.412932674542775,34.542035495494,2026-06-24
SYN_0866,22.84614094684241,84.8769612571077,100,10.793405652562408,34.556149693818824,2026-06-24
SYN_0866,22.84614094684241,84.8769612571077,150,9.286877366364743,34.34457455783899,2026-06-24
SYN_0866,22.84614094684241,84.8769612571077,200,8.49406801157654,34.44561597411688,2026-06-24
SYN_0867,16.74372671777364,76.95106571790588,0,28.53586566366397,34.775428811830366,2026-04-27
SYN_0867,16.74372671777364,76.95106571790588,10,24.75578992664148,34.66290136300396,2026-04-27
SYN_0867,16.74372671777364,76.95106571790588,25,20.41539648527447,34.492166423529085,2026-04-27
SYN_0867,16.74372671777364,76.95106571790588,50,15.705479810905862,34.477456029984744,2026-04-27
SYN_0867,16.74372671777364,76.95106571790588,75,12.48444672138088,34.61580909236628,2026-04-27
SYN_0867,16.74372671777364,76.95106571790588,100,11.03034393511108,34.27215626122987,2026-04-27
SYN_0867,16.74372671777364,76.95106571790588,150,9.43770019434055,34.368086828034436,2026-04-27
SYN_0867,16.74372671777364,76.95106571790588,200,8.731046252361871,34.229627885558536,2026-04-27
SYN_0868,21.136249578125017,71.61352437526364,0,27.858634456711282,35.057131225175944,2026-05-01
SYN_0868,21.136249578125017,71.61352437526364,10,24.229449799449,34.99596207922945,2026-05-01
SYN_0868,21.136249578125017,71.61352437526364,25,19.957530052429473,34.717636690233896,2026-05-01
SYN_0868,21.136249578125017,71.61352437526364,50,15.021295362539208,34.79117294501219,2026-05-01
SYN_0868,21.136249578125017,71.61352437526364,75,12.563534914595289,34.49824066085913,2026-05-01
SYN_0868,21.136249578125017,71.61352437526364,100,10.452938134364567,34.64946883631512,2026-05-01
SYN_0868,21.136249578125017,71.61352437526364,150,8.936534372476808,34.4121568654561,2026-05-01
SYN_0868,21.136249578125017,71.61352437526364,200,8.17825606311584,34.5798960504532,2026-05-01
SYN_0869,21.96754277345233,72.6804916395258,0,27.84980592841414,35.01447743595971,2026-02-22
SYN_0869,21.96754277345233,72.6804916395258,10,24.017002267201278,35.05968832319729,2026-02-22
SYN_0869,21.96754277345233,72.6804916395258,25,19.94572285944927,34.73432218177132,2026-02-22
SYN_0869,21.96754277345233,72.6804916395258,50,15.120824780132724,34.73794256984257,2026-02-22
SYN_0869,21.96754277345233,72.6804916395258,75,12.25054663949114,34.62141857612509,2026-02-22
SYN_0869,21.96754277345233,72.6804916395258,100,10.500831217302197,34.723045882306316,2026-02-22
SYN_0869,21.96754277345233,72.6804916395258,150,8.883566934271505,34.5065731857444,2026-02-22
SYN_0869,21.96754277345233,72.6804916395258,200,8.138148808184928,34.553048550139316,2026-02-22
SYN_0870,15.93842589248091,82.51870040700464,0,28.085283307907673,35.00007939875497,2026-04-21
SYN_0870,15.93842589248091,82.51870040700464,10,24.329668204354437,34.94189954530055,2026-04-21
SYN_0870,15.93842589248091,82.51870040700464,25,20.366997206394686,34.60007539875234,2026-04-21
SYN_0870,15.93842589248091,82.51870040700464,50,15.502236665092218,34.62474659740798,2026-04-21
SYN_0870,15.93842589248091,82.51870040700464,75,12.54619644530718,34.56257107885814,2026-04-21
SYN_0870,15.93842589248091,82.51870040700464,100,10.765599393847364,34.50730909505333,2026-04-21
SYN_0870,15.93842589248091,82.51870040700464,150,8.801235854349908,34.54827319823822,2026-04-21
SYN_0870,15.93842589248091,82.51870040700464,200,8.237647323287634,34.56678689671811,2026-04-21
SYN_0871,8.699191748046793,83.25926163836361,0,28.17135591980697,34.89941901706081,2026-05-20
SYN_0871,8.699191748046793,83.25926163836361,10,24.482825503293352,34.73173812530396,2026-05-20
SYN_0871,8.699191748046793,83.25926163836361,25,20.037085207545722,34.70475758372061,2026-05-20
SYN_0871,8.699191748046793,83.25926163836361,50,15.408971000610334,34.579746061242105,2026-05-20
SYN_0871,8.699191748046793,83.25926163836361,75,12.391288936010014,34.582578154715286,2026-05-20
SYN_0871,8.699191748046793,83.25926163836361,100,10.836247764699806,34.5521026066041,2026-05-20
SYN_0871,8.699191748046793,83.25926163836361,150,9.135700547868547,34.537729273465665,2026-05-20
SYN_0871,8.699191748046793,83.25926163836361,200,8.517590411451184,34.360011031556645,2026-05-20
SYN_0872,15.672972362353741,69.1653037706941,0,28.40384430528197,34.83882722009882,2026-06-06
SYN_0872,15.672972362353741,69.1653037706941,10,24.456964500324112,34.86471667383445,2026-06-06
SYN_0872,15.672972362353741,69.1653037706941,25,20.421763204979744,34.527585674973054,2026-06-06
SYN_0872,15.672972362353741,69.1653037706941,50,15.23774582281159,34.688747638227966,2026-06-06
SYN_0872,15.672972362353741,69.1653037706941,75,12.474892460219396,34.648690664780396,2026-06-06
SYN_0872,15.672972362353741,69.1653037706941,100,10.602827451719152,34.58047779507073,2026-06-06
SYN_0872,15.672972362353741,69.1653037706941,150,8.854090512577642,34.60641695878503,2026-06-06
SYN_0872,15.672972362353741,69.1653037706941,200,8.533985878001154,34.41371370625336,2026-06-06
SYN_0873,7.155910433594503,69.13609737109937,0,27.549225697919393,35.18664829284193,2026-05-04
SYN_0873,7.155910433594503,69.13609737109937,10,24.075768368073273,34.966554351753445,2026-05-04
SYN_0873,7.155910433594503,69.13609737109937,25,20.08942193940627,34.8443460636891,2026-05-04
SYN_0873,7.155910433594503,69.13609737109937,50,14.942142826689993,34.78504914141047,2026-05-04
SYN_0873,7.155910433594503,69.13609737109937,75,12.224349410657368,34.72115914520715,2026-05-04
SYN_0873,7.155910433594503,69.13609737109937,100,10.900959679083927,34.39778613420505,2026-05-04
SYN_0873,7.155910433594503,69.13609737109937,150,8.803654088068296,34.57949847939641,2026-05-04
SYN_0873,7.155910433594503,69.13609737109937,200,8.594293938934383,34.435878643474496,2026-05-04
SYN_0874,14.4486007756928,83.22284307115575,0,28.24488266361466,34.82886983674508,2026-01-01
SYN_0874,14.4486007756928,83.22284307115575,10,24.22482362081972,34.960948074890425,2026-01-01
SYN_0874,14.4486007756928,83.22284307115575,25,20.093912980860246,34.70803988313711,2026-01-01
SYN_0874,14.4486007756928,83.22284307115575,50,14.959185719438343,34.76626149142071,2026-01-01
SYN_0874,14.4486007756928,83.22284307115575,75,12.267627290947653,34.54949710123619,2026-01-01
SYN_0874,14.4486007756928,83.22284307115575,100,10.714705748541908,34.535673188877915,2026-01-01
SYN_0874,14.4486007756928,83.22284307115575,150,9.009448846754907,34.39455055620625,2026-01-01
SYN_0874,14.4486007756928,83.22284307115575,200,8.375405817950094,34.50465770605402,2026-01-01
SYN_0875,5.9901893772833485,72.97238827848159,0,27.45288405887568,35.25396028715323,2026-06-16
SYN_0875,5.9901893772833485,72.97238827848159,10,23.788173717067583,35.19513027502886,2026-06-16
SYN_0875,5.9901893772833485,72.97238827848159,25,19.5847511282025,35.02050578329042,2026-06-16
SYN_0875,5.9901893772833485,72.97238827848159,50,14.804121767480252,34.83552540888093,2026-06-16
SYN_0875,5.9901893772833485,72.97238827848159,75,12.183338260779731,34.65633655875864,2026-06-16
SYN_0875,5.9901893772833485,72.97238827848159,100,10.554369231567147,34.53106168543766,2026-06-16
SYN_0875,5.9901893772833485,72.97238827848159,150,8.66097356519366,34.665995383751415,2026-06-16
SYN_0875,5.9901893772833485,72.97238827848159,200,8.337346666833945,34.532287139790355,2026-06-16
SYN_0876,22.557380138210256,73.19308345104633,0,27.39313616330794,35.22715557528686,2026-05-22
SYN_0876,22.557380138210256,73.19308345104633,10,24.051248177437202,34.98852737099013,2026-05-22
SYN_0876,22.557380138210256,73.19308345104633,25,19.886887760756682,34.83453613612975,2026-05-22
SYN_0876,22.557380138210256,73.19308345104633,50,15.199009077519042,34.572660863395335,2026-05-22
SYN_0876,22.557380138210256,73.19308345104633,75,12.318498992748872,34.63011964162266,2026-05-22
SYN_0876,22.557380138210256,73.19308345104633,100,10.11528892190108,34.79654891999828,2026-05-22
SYN_0876,22.557380138210256,73.19308345104633,150,8.764595359534313,34.67547942618821,2026-05-22
SYN_0876,22.557380138210256,73.19308345104633,200,8.028152712732888,34.618088021639565,2026-05-22
SYN_0877,7.446827598426657,73.8369713902265,0,27.95235144981652,34.99845564759789,2026-03-12
SYN_0877,7.446827598426657,73.8369713902265,10,23.8955215042618,35.13710005648214,2026-03-12
SYN_0877,7.446827598426657,73.8369713902265,25,19.799180824048495,34.85495813104468,2026-03-12
SYN_0877,7.446827598426657,73.8369713902265,50,14.630244365774912,34.97848240239716,2026-03-12
SYN_0877,7.446827598426657,73.8369713902265,75,12.032444030892254,34.749646724278136,2026-03-12
SYN_0877,7.446827598426657,73.8369713902265,100,10.40056265525182,34.58157473714682,2026-03-12
SYN_0877,7.446827598426657,73.8369713902265,150,8.835369614562723,34.55665922612199,2026-03-12
SYN_0877,7.446827598426657,73.8369713902265,200,8.042401821054051,34.741011380561154,2026-03-12
SYN_0878,9.990757059420773,73.54823278414663,0,28.00521243085081,34.9243607162966,2026-01-09
SYN_0878,9.990757059420773,73.54823278414663,10,24.355714985557686,34.8264349892728,2026-01-09
SYN_0878,9.990757059420773,73.54823278414663,25,19.81404796545987,34.85147179979298,2026-01-09
SYN_0878,9.990757059420773,73.54823278414663,50,15.698686416334837,34.355605358215854,2026-01-09
SYN_0878,9.990757059420773,73.54823278414663,75,12.541721350073477,34.50465082214176,2026-01-09
SYN_0878,9.990757059420773,73.54823278414663,100,10.738449891231259,34.37988245404959,2026-01-09
SYN_0878,9.990757059420773,73.54823278414663,150,8.782277507630068,34.632883950411184,2026-01-09
SYN_0878,9.990757059420773,73.54823278414663,200,8.298087667751341,34.54307638479251,2026-01-09
SYN_0879,22.792289358579595,77.32759209231277,0,27.77477229005074,35.07609736732759,2026-03-14
SYN_0879,22.792289358579595,77.32759209231277,10,24.028551721807236,35.07002188635225,2026-03-14
SYN_0879,22.792289358579595,77.32759209231277,25,19.71412691947501,34.95425744315843,2026-03-14
SYN_0879,22.792289358579595,77.32759209231277,50,14.84620052927442,34.85668371871158,2026-03-14
SYN_0879,22.792289358579595,77.32759209231277,75,12.163483536233107,34.75829472451715,2026-03-14
SYN_0879,22.792289358579595,77.32759209231277,100,10.52144639480189,34.623621777608804,2026-03-14
SYN_0879,22.792289358579595,77.32759209231277,150,8.2895690192457,34.927221280756335,2026-03-14
SYN_0879,22.792289358579595,77.32759209231277,200,8.237588203614798,34.60204498858844,2026-03-14
SYN_0880,15.498806781504083,78.6954651201778,0,28.187656454993665,34.92670653819205,2026-03-14
SYN_0880,15.498806781504083,78.6954651201778,10,24.5628237086385,34.81928767957026,2026-03-14
SYN_0880,15.498806781504083,78.6954651201778,25,20.84060769752994,34.370841059994916,2026-03-14
SYN_0880,15.498806781504083,78.6954651201778,50,15.747000218272841,34.39220268702635,2026-03-14
SYN_0880,15.498806781504083,78.6954651201778,75,12.822065384814836,34.31472307294652,2026-03-14
SYN_0880,15.498806781504083,78.6954651201778,100,10.865673717307155,34.40251163999076,2026-03-14
SYN_0880,15.498806781504083,78.6954651201778,150,9.018567484901924,34.530405491544464,2026-03-14
SYN_0880,15.498806781504083,78.6954651201778,200,8.653531973627187,34.29238625447801,2026-03-14
SYN_0881,22.075260082497067,69.48134093830424,0,28.244038370383603,34.94839426854693,2026-04-25
SYN_0881,22.075260082497067,69.48134093830424,10,24.13278009867645,34.96504663598879,2026-04-25
SYN_0881,22.075260082497067,69.48134093830424,25,20.008046338554365,34.88683664297442,2026-04-25
SYN_0881,22.075260082497067,69.48134093830424,50,15.158969041480205,34.70864286070929,2026-04-25
SYN_0881,22.075260082497067,69.48134093830424,75,12.22451279132853,34.7093993088083,2026-04-25
SYN_0881,22.075260082497067,69.48134093830424,100,10.916371898239868,34.42638790221178,2026-04-25
SYN_0881,22.075260082497067,69.48134093830424,150,8.740669783568112,34.68098703637714,2026-04-25
SYN_0881,22.075260082497067,69.48134093830424,200,7.9944325983726685,34.66082718038342,2026-04-25
SYN_0882,12.388011423324759,82.07654415665513,0,28.002661559030503,35.07355566215097,2026-06-21
SYN_0882,12.388011423324759,82.07654415665513,10,24.4816103329591,34.7782958551662,2026-06-21
SYN_0882,12.388011423324759,82.07654415665513,25,20.116944599420286,34.751941623497274,2026-06-21
SYN_0882,12.388011423324759,82.07654415665513,50,15.660417003567417,34.44376742621192,2026-06-21
SYN_0882,12.388011423324759,82.07654415665513,75,12.382051862420225,34.615702087559946,2026-06-21
SYN_0882,12.388011423324759,82.07654415665513,100,10.338451578773949,34.65852484226875,2026-06-21
SYN_0882,12.388011423324759,82.07654415665513,150,8.954504773384977,34.53931638632191,2026-06-21
SYN_0882,12.388011423324759,82.07654415665513,200,8.488364434324419,34.32223679100383,2026-06-21
SYN_0883,5.397738329268728,66.20507745427999,0,27.91278453365532,35.03778056287435,2026-01-18
SYN_0883,5.397738329268728,66.20507745427999,10,24.392758369243612,34.811718312856904,2026-01-18
SYN_0883,5.397738329268728,66.20507745427999,25,20.392678755918553,34.60627326840626,2026-01-18
SYN_0883,5.397738329268728,66.20507745427999,50,15.570695164951218,34.49582482722277,2026-01-18
SYN_0883,5.397738329268728,66.20507745427999,75,12.703086029428526,34.31545829969704,2026-01-18
SYN_0883,5.397738329268728,66.20507745427999,100,10.890176467856199,34.51558312994364,2026-01-18
SYN_0883,5.397738329268728,66.20507745427999,150,8.885713895161931,34.44483444564083,2026-01-18
SYN_0883,5.397738329268728,66.20507745427999,200,8.580434084051936,34.35737400871275,2026-01-18
SYN_0884,15.267559665679627,66.30209385009826,0,27.97081209499638,35.05166214224162,2026-01-18
SYN_0884,15.267559665679627,66.30209385009826,10,24.271918149940507,34.911116767099614,2026-01-18
SYN_0884,15.267559665679627,66.30209385009826,25,19.89702208042823,34.93951343485737,2026-01-18
SYN_0884,15.267559665679627,66.30209385009826,50,15.532747903226756,34.52760981626334,2026-01-18
SYN_0884,15.267559665679627,66.30209385009826,75,12.465614768442036,34.595302195394005,2026-01-18
SYN_0884,15.267559665679627,66.30209385009826,100,10.453849240308331,34.66561120270208,2026-01-18
SYN_0884,15.267559665679627,66.30209385009826,150,8.86990170894873,34.592724284401434,2026-01-18
SYN_0884,15.267559665679627,66.30209385009826,200,8.14706197764505,34.620505054637476,2026-01-18
SYN_0885,18.77757848061873,67.8469794131034,0,27.766520230089284,35.08846383919134,2026-01-12
SYN_0885,18.77757848061873,67.8469794131034,10,24.616269087574395,34.880248151654314,2026-01-12
SYN_0885,18.77757848061873,67.8469794131034,25,20.158732633374044,34.70208896044154,2026-01-12
SYN_0885,18.77757848061873,67.8469794131034,50,15.313673371144391,34.554662052821946,2026-01-12
SYN_0885,18.77757848061873,67.8469794131034,75,12.04387626544911,34.743025460852884,2026-01-12
SYN_0885,18.77757848061873,67.8469794131034,100,10.684431629891625,34.49545936795483,2026-01-12
SYN_0885,18.77757848061873,67.8469794131034,150,9.121597318301879,34.425152647220386,2026-01-12
SYN_0885,18.77757848061873,67.8469794131034,200,8.473710485714594,34.49344710374943,2026-01-12
SYN_0886,9.627747887756861,72.80452395731578,0,27.79711912192114,35.0550158760053,2026-02-10
SYN_0886,9.627747887756861,72.80452395731578,10,24.51237585387171,34.84462617077885,2026-02-10
SYN_0886,9.627747887756861,72.80452395731578,25,19.748276810574968,34.928106205728994,2026-02-10
SYN_0886,9.627747887756861,72.80452395731578,50,15.156632214338757,34.736450925689226,2026-02-10
SYN_0886,9.627747887756861,72.80452395731578,75,12.614786430864434,34.47700415542579,2026-02-10
SYN_0886,9.627747887756861,72.80452395731578,100,10.542542113367698,34.60715134193292,2026-02-10
SYN_0886,9.627747887756861,72.80452395731578,150,9.082173025337944,34.51804184101827,2026-02-10
SYN_0886,9.627747887756861,72.80452395731578,200,8.381969604150443,34.57320470039264,2026-02-10
SYN_0887,11.395142438975267,68.95990123313632,0,27.91486207298446,35.06564626594558,2026-01-24
SYN_0887,11.395142438975267,68.95990123313632,10,24.37418206163142,34.92800562908723,2026-01-24
SYN_0887,11.395142438975267,68.95990123313632,25,20.458501412874295,34.540373792742194,2026-01-24
SYN_0887,11.395142438975267,68.95990123313632,50,15.701869682619819,34.3702272380405,2026-01-24
SYN_0887,11.395142438975267,68.95990123313632,75,12.52299640988487,34.483051578937136,2026-01-24
SYN_0887,11.395142438975267,68.95990123313632,100,10.688954565164455,34.560704967136374,2026-01-24
SYN_0887,11.395142438975267,68.95990123313632,150,9.285141437122116,34.29988040334085,2026-01-24
SYN_0887,11.395142438975267,68.95990123313632,200,8.58690071098699,34.330147397145666,2026-01-24
SYN_0888,15.145151016160597,82.62756653943072,0,28.09058609280106,35.00497750437359,2026-02-07
SYN_0888,15.145151016160597,82.62756653943072,10,24.51760899788715,34.77135296866264,2026-02-07
SYN_0888,15.145151016160597,82.62756653943072,25,20.318488061482103,34.62080895000082,2026-02-07
SYN_0888,15.145151016160597,82.62756653943072,50,15.084683639103838,34.64430751738265,2026-02-07
SYN_0888,15.145151016160597,82.62756653943072,75,12.549755541434832,34.45110918080205,2026-02-07
SYN_0888,15.145151016160597,82.62756653943072,100,10.651757404852965,34.47212676610489,2026-02-07
SYN_0888,15.145151016160597,82.62756653943072,150,8.91818054376758,34.566872709712015,2026-02-07
SYN_0888,15.145151016160597,82.62756653943072,200,8.51044164163635,34.41942016072015,2026-02-07
SYN_0889,20.372956712999674,79.27386094291357,0,27.803388151435232,35.12457402966515,2026-03-02
SYN_0889,20.372956712999674,79.27386094291357,10,24.26484438057533,34.91480866100231,2026-03-02
SYN_0889,20.372956712999674,79.27386094291357,25,19.867286126078533,34.90148116162934,2026-03-02
SYN_0889,20.372956712999674,79.27386094291357,50,15.291670428171088,34.64270153855842,2026-03-02
SYN_0889,20.372956712999674,79.27386094291357,75,12.142700672537629,34.70732855562888,2026-03-02
SYN_0889,20.372956712999674,79.27386094291357,100,10.54940816724389,34.58204692072066,2026-03-02
SYN_0889,20.372956712999674,79.27386094291357,150,9.120613671427721,34.47493191296185,2026-03-02
SYN_0889,20.372956712999674,79.27386094291357,200,8.60165104013535,34.434707876896326,2026-03-02
SYN_0890,17.85725128930272,77.2479837151703,0,28.28729711741579,34.87742554462805,2026-03-25
SYN_0890,17.85725128930272,77.2479837151703,10,24.638557776824655,34.69369178573129,2026-03-25
SYN_0890,17.85725128930272,77.2479837151703,25,20.26050698365411,34.63948802761912,2026-03-25
SYN_0890,17.85725128930272,77.2479837151703,50,15.959079895846761,34.35618302960281,2026-03-25
SYN_0890,17.85725128930272,77.2479837151703,75,12.993540163436158,34.390716990736536,2026-03-25
SYN_0890,17.85725128930272,77.2479837151703,100,10.820160764937214,34.52670627540623,2026-03-25
SYN_0890,17.85725128930272,77.2479837151703,150,9.03250392621804,34.38086098744727,2026-03-25
SYN_0890,17.85725128930272,77.2479837151703,200,8.23185798051373,34.61750626962326,2026-03-25
SYN_0891,21.734683651053217,66.46260479490921,0,28.023048760819204,35.05761149122483,2026-06-22
SYN_0891,21.734683651053217,66.46260479490921,10,24.423230573366606,34.89247103812696,2026-06-22
SYN_0891,21.734683651053217,66.46260479490921,25,20.279886608915916,34.615516558766814,2026-06-22
SYN_0891,21.734683651053217,66.46260479490921,50,15.337507803522136,34.66357908985758,2026-06-22
SYN_0891,21.734683651053217,66.46260479490921,75,12.349602264295864,34.726959434164954,2026-06-22
SYN_0891,21.734683651053217,66.46260479490921,100,10.800391111550937,34.46031211128238,2026-06-22
SYN_0891,21.734683651053217,66.46260479490921,150,9.25978153907734,34.39323539634025,2026-06-22
SYN_0891,21.734683651053217,66.46260479490921,200,8.470775136419363,34.48156577808134,2026-06-22
SYN_0892,6.97400011441077,66.0950121235508,0,28.2208757553999,34.926148046093154,2026-04-20
SYN_0892,6.97400011441077,66.0950121235508,10,24.343899677760795,34.810527398344426,2026-04-20
SYN_0892,6.97400011441077,66.0950121235508,25,20.0381422388187,34.76850600488198,2026-04-20
SYN_0892,6.97400011441077,66.0950121235508,50,15.4248353553786,34.534004321416894,2026-04-20
SYN_0892,6.97400011441077,66.0950121235508,75,12.627774532940863,34.420226940798045,2026-04-20
SYN_0892,6.97400011441077,66.0950121235508,100,10.876151075255105,34.4432973125485,2026-04-20
SYN_0892,6.97400011441077,66.0950121235508,150,9.068860501371278,34.478671150274096,2026-04-20
SYN_0892,6.97400011441077,66.0950121235508,200,8.695454591910739,34.38291036954785,2026-04-20
SYN_0893,10.210049029081302,76.65355749433655,0,28.023106637305865,34.92822566972077,2026-02-23
SYN_0893,10.210049029081302,76.65355749433655,10,24.373413564370356,34.942929341870695,2026-02-23
SYN_0893,10.210049029081302,76.65355749433655,25,20.345016608414902,34.61124319659433,2026-02-23
SYN_0893,10.210049029081302,76.65355749433655,50,15.385890345165881,34.54681821013945,2026-02-23
SYN_0893,10.210049029081302,76.65355749433655,75,12.466437312550863,34.57127446738756,2026-02-23
SYN_0893,10.210049029081302,76.65355749433655,100,10.792377131872776,34.423707687023416,2026-02-23
SYN_0893,10.210049029081302,76.65355749433655,150,9.149903626057394,34.43536544970168,2026-02-23
SYN_0893,10.210049029081302,76.65355749433655,200,8.388430509459772,34.52032968115692,2026-02-23
SYN_0894,5.319942940814821,65.95281886825475,0,28.02462947802237,35.044762144000565,2026-04-29
SYN_0894,5.319942940814821,65.95281886825475,10,24.59893526929978,34.69902640309345,2026-04-29
SYN_0894,5.319942940814821,65.95281886825475,25,20.605007193154567,34.53005049656842,2026-04-29
SYN_0894,5.319942940814821,65.95281886825475,50,15.614902109777955,34.542809488811294,2026-04-29
SYN_0894,5.319942940814821,65.95281886825475,75,12.512040005471373,34.48988801641872,2026-04-29
SYN_0894,5.319942940814821,65.95281886825475,100,10.93271853486417,34.44264612614214,2026-04-29
SYN_0894,5.319942940814821,65.95281886825475,150,9.391971327264233,34.30178730813859,2026-04-29
SYN_0894,5.319942940814821,65.95281886825475,200,8.738638804124765,34.37022951950038,2026-04-29
SYN_0895,22.49004184565355,78.29850501292819,0,27.483281382394125,35.32775871722124,2026-04-01
SYN_0895,22.49004184565355,78.29850501292819,10,23.940919695162176,35.10146498215661,2026-04-01
SYN_0895,22.49004184565355,78.29850501292819,25,20.037696504584954,34.852671490669664,2026-04-01
SYN_0895,22.49004184565355,78.29850501292819,50,14.847408023558945,34.963546234028335,2026-04-01
SYN_0895,22.49004184565355,78.29850501292819,75,12.439885649342365,34.55156764261593,2026-04-01
SYN_0895,22.49004184565355,78.29850501292819,100,10.355191772783384,34.69104832451088,2026-04-01
SYN_0895,22.49004184565355,78.29850501292819,150,8.880205138140735,34.55731102777943,2026-04-01
SYN_0895,22.49004184565355,78.29850501292819,200,8.197845864402167,34.54340860260163,2026-04-01
SYN_0896,16.43543150335303,70.40227613955871,0,28.26976178708753,34.858125588517595,2026-02-17
SYN_0896,16.43543150335303,70.40227613955871,10,24.794451475188737,34.69063964070658,2026-02-17
SYN_0896,16.43543150335303,70.40227613955871,25,20.640955585321468,34.50577719078627,2026-02-17
SYN_0896,16.43543150335303,70.40227613955871,50,15.378233951492097,34.563364547297326,2026-02-17
SYN_0896,16.43543150335303,70.40227613955871,75,12.831319159723622,34.424641405099536,2026-02-17
SYN_0896,16.43543150335303,70.40227613955871,100,10.982268871023715,34.321173260034165,2026-02-17
SYN_0896,16.43543150335303,70.40227613955871,150,9.045366558101742,34.49688699034201,2026-02-17
SYN_0896,16.43543150335303,70.40227613955871,200,8.412502370339427,34.43707772464894,2026-02-17
SYN_0897,5.359069419984781,71.93164507584709,0,27.708354308488502,35.0621718683752,2026-06-05
SYN_0897,5.359069419984781,71.93164507584709,10,23.78652612173786,35.06043666660626,2026-06-05
SYN_0897,5.359069419984781,71.93164507584709,25,19.772923974673596,34.86785117510146,2026-06-05
SYN_0897,5.359069419984781,71.93164507584709,50,14.715170897634014,34.92447257970565,2026-06-05
SYN_0897,5.359069419984781,71.93164507584709,75,11.937866874410888,34.82428554986368,2026-06-05
SYN_0897,5.359069419984781,71.93164507584709,100,10.140594973523955,34.77717983428985,2026-06-05
SYN_0897,5.359069419984781,71.93164507584709,150,8.771920511092246,34.58247022008572,2026-06-05
SYN_0897,5.359069419984781,71.93164507584709,200,7.842748623923449,34.80184258043505,2026-06-05
SYN_0898,13.919207511253322,67.53593196373468,0,27.92343332375447,35.03951541645466,2026-03-02
SYN_0898,13.919207511253322,67.53593196373468,10,24.307676680958863,34.87756104600957,2026-03-02
SYN_0898,13.919207511253322,67.53593196373468,25,20.134741304085637,34.81799468646659,2026-03-02
SYN_0898,13.919207511253322,67.53593196373468,50,15.396680711881995,34.57713930504324,2026-03-02
SYN_0898,13.919207511253322,67.53593196373468,75,12.51178905830584,34.52672020650426,2026-03-02
SYN_0898,13.919207511253322,67.53593196373468,100,10.645486676722419,34.51019847302311,2026-03-02
SYN_0898,13.919207511253322,67.53593196373468,150,8.807295108793431,34.56789930327559,2026-03-02
SYN_0898,13.919207511253322,67.53593196373468,200,8.411348983681819,34.52275143489388,2026-03-02
SYN_0899,14.308488274837545,80.74071684390553,0,28.368277526787715,34.77527355481929,2026-04-08
SYN_0899,14.308488274837545,80.74071684390553,10,24.231217401129598,34.92745060303314,2026-04-08
SYN_0899,14.308488274837545,80.74071684390553,25,20.30664879926215,34.649945985643846,2026-04-08
SYN_0899,14.308488274837545,80.74071684390553,50,15.56836712258666,34.44955521906332,2026-04-08
SYN_0899,14.308488274837545,80.74071684390553,75,13.026942144342792,34.31009915594463,2026-04-08
SYN_0899,14.308488274837545,80.74071684390553,100,10.859587323558664,34.561538350092654,2026-04-08
SYN_0899,14.308488274837545,80.74071684390553,150,8.996062719907203,34.45467731877384,2026-04-08
SYN_0899,14.308488274837545,80.74071684390553,200,8.48997507807243,34.39144883997033,2026-04-08
SYN_0900,6.356467439423774,69.7846243891986,0,27.793996837659027,35.13659409652925,2026-01-01
SYN_0900,6.356467439423774,69.7846243891986,10,24.23720168296476,34.920678378214625,2026-01-01
SYN_0900,6.356467439423774,69.7846243891986,25,20.006614649533724,34.759402747932114,2026-01-01
SYN_0900,6.356467439423774,69.7846243891986,50,15.299543115290232,34.68293022441873,2026-01-01
SYN_0900,6.356467439423774,69.7846243891986,75,12.306604378997804,34.616933105972514,2026-01-01
SYN_0900,6.356467439423774,69.7846243891986,100,10.532387506038797,34.582301136964006,2026-01-01
SYN_0900,6.356467439423774,69.7846243891986,150,8.619660421925646,34.73588299353795,2026-01-01
SYN_0900,6.356467439423774,69.7846243891986,200,8.317790188656064,34.462435835481344,2026-01-01
SYN_0901,6.236380860228383,66.6305218374411,0,28.17916265247833,34.96491211260692,2026-03-21
SYN_0901,6.236380860228383,66.6305218374411,10,24.420972250687672,34.8982137676478,2026-03-21
SYN_0901,6.236380860228383,66.6305218374411,25,20.453326160005698,34.56624662124538,2026-03-21
SYN_0901,6.236380860228383,66.6305218374411,50,15.56183583319467,34.48462954134339,2026-03-21
SYN_0901,6.236380860228383,66.6305218374411,75,12.54644744601474,34.541956434512095,2026-03-21
SYN_0901,6.236380860228383,66.6305218374411,100,10.749598749447546,34.405237748436065,2026-03-21
SYN_0901,6.236380860228383,66.6305218374411,150,9.238144527426227,34.39177809010562,2026-03-21
SYN_0901,6.236380860228383,66.6305218374411,200,8.647229194585824,34.38007955419121,2026-03-21
SYN_0902,13.840606775443403,84.00128009293371,0,27.77718931888077,35.108630910341255,2026-04-28
SYN_0902,13.840606775443403,84.00128009293371,10,24.3642248589628,34.79712294655809,2026-04-28
SYN_0902,13.840606775443403,84.00128009293371,25,19.936718573455124,34.835960322685374,2026-04-28
SYN_0902,13.840606775443403,84.00128009293371,50,15.279713665315684,34.660527407683986,2026-04-28
SYN_0902,13.840606775443403,84.00128009293371,75,12.313035141009772,34.58657772514345,2026-04-28
SYN_0902,13.840606775443403,84.00128009293371,100,10.547704776074251,34.669052648631656,2026-04-28
SYN_0902,13.840606775443403,84.00128009293371,150,8.76371237134149,34.626038039545186,2026-04-28
SYN_0902,13.840606775443403,84.00128009293371,200,7.940461456374151,34.62715413176701,2026-04-28
SYN_0903,18.561590203818625,80.35137124612379,0,27.924660564982187,35.02977616153196,2026-06-20
SYN_0903,18.561590203818625,80.35137124612379,10,24.299670360935664,34.918363313628525,2026-06-20
SYN_0903,18.561590203818625,80.35137124612379,25,20.294162850161662,34.58872061551726,2026-06-20
SYN_0903,18.561590203818625,80.35137124612379,50,15.466439715776602,34.546190280782895,2026-06-20
SYN_0903,18.561590203818625,80.35137124612379,75,12.657699206358128,34.51011091130925,2026-06-20
SYN_0903,18.561590203818625,80.35137124612379,100,10.982787477127513,34.36367584527522,2026-06-20
SYN_0903,18.561590203818625,80.35137124612379,150,9.324582156531761,34.39493845726956,2026-06-20
SYN_0903,18.561590203818625,80.35137124612379,200,8.100840399841573,34.661126556252256,2026-06-20
SYN_0904,24.804926667669513,75.0879565966094,0,27.469169831232513,35.23014389868362,2026-04-22
SYN_0904,24.804926667669513,75.0879565966094,10,23.819313099591014,35.14403663159718,2026-04-22
SYN_0904,24.804926667669513,75.0879565966094,25,19.50080573055787,35.04216644673836,2026-04-22
SYN_0904,24.804926667669513,75.0879565966094,50,15.020986279053982,34.741991279649575,2026-04-22
SYN_0904,24.804926667669513,75.0879565966094,75,12.066255285817347,34.65789491994175,2026-04-22
SYN_0904,24.804926667669513,75.0879565966094,100,9.94224143071236,34.85065056056287,2026-04-22
SYN_0904,24.804926667669513,75.0879565966094,150,8.72176803643624,34.58671113317431,2026-04-22
SYN_0904,24.804926667669513,75.0879565966094,200,7.9543194964405295,34.780835985228784,2026-04-22
SYN_0905,23.048799922748728,69.01222287150307,0,27.965566088084216,35.021255086825,2026-02-13
SYN_0905,23.048799922748728,69.01222287150307,10,24.10398059897595,35.005779443333196,2026-02-13
SYN_0905,23.048799922748728,69.01222287150307,25,19.436367296625328,35.047102403632856,2026-02-13
SYN_0905,23.048799922748728,69.01222287150307,50,15.39439960001549,34.633279358211595,2026-02-13
SYN_0905,23.048799922748728,69.01222287150307,75,12.567759014440886,34.46285805682342,2026-02-13
SYN_0905,23.048799922748728,69.01222287150307,100,10.43319948681223,34.574261719058846,2026-02-13
SYN_0905,23.048799922748728,69.01222287150307,150,8.803997575888861,34.5557062214647,2026-02-13
SYN_0905,23.048799922748728,69.01222287150307,200,8.216437930078902,34.647313961509276,2026-02-13
SYN_0906,15.928932027425223,76.91588279945877,0,28.398841275528785,34.826940086436366,2026-06-10
SYN_0906,15.928932027425223,76.91588279945877,10,24.86348442387965,34.601041375265524,2026-06-10
SYN_0906,15.928932027425223,76.91588279945877,25,20.59490201190531,34.478549946579406,2026-06-10
SYN_0906,15.928932027425223,76.91588279945877,50,16.01356037373767,34.236192762387844,2026-06-10
SYN_0906,15.928932027425223,76.91588279945877,75,12.77500402667745,34.387033544841785,2026-06-10
SYN_0906,15.928932027425223,76.91588279945877,100,11.020343245476296,34.327090903211186,2026-06-10
SYN_0906,15.928932027425223,76.91588279945877,150,9.30073235784501,34.37738382896093,2026-06-10
SYN_0906,15.928932027425223,76.91588279945877,200,8.762962579699328,34.375191339861914,2026-06-10
SYN_0907,9.676865111922591,69.53792679912445,0,27.866772543827206,34.99671373193691,2026-03-05
SYN_0907,9.676865111922591,69.53792679912445,10,24.259512683090836,34.858641356785775,2026-03-05
SYN_0907,9.676865111922591,69.53792679912445,25,19.823324496683682,34.89737716978625,2026-03-05
SYN_0907,9.676865111922591,69.53792679912445,50,15.187664841968827,34.61922489636917,2026-03-05
SYN_0907,9.676865111922591,69.53792679912445,75,12.33925121540287,34.65981462651732,2026-03-05
SYN_0907,9.676865111922591,69.53792679912445,100,10.617299684621386,34.509926592895525,2026-03-05
SYN_0907,9.676865111922591,69.53792679912445,150,8.828536631251058,34.557762166391385,2026-03-05
SYN_0907,9.676865111922591,69.53792679912445,200,8.609542031472575,34.37202434821966,2026-03-05
SYN_0908,12.054156606166902,80.69532422535946,0,28.18034941461274,35.00023649315109,2026-02-22
SYN_0908,12.054156606166902,80.69532422535946,10,24.50795389849641,34.8076823054193,2026-02-22
SYN_0908,12.054156606166902,80.69532422535946,25,20.381433668330644,34.6037409284077,2026-02-22
SYN_0908,12.054156606166902,80.69532422535946,50,15.62926536758673,34.48002226341785,2026-02-22
SYN_0908,12.054156606166902,80.69532422535946,75,12.464176459018846,34.512738191895835,2026-02-22
SYN_0908,12.054156606166902,80.69532422535946,100,10.997315498876947,34.27551056832586,2026-02-22
SYN_0908,12.054156606166902,80.69532422535946,150,9.079134560830571,34.417708653658856,2026-02-22
SYN_0908,12.054156606166902,80.69532422535946,200,8.603983993221943,34.46086950763561,2026-02-22
SYN_0909,20.279521692904822,66.3979211482174,0,27.954934525365786,35.03468319380122,2026-01-04
SYN_0909,20.279521692904822,66.3979211482174,10,24.27337623871564,34.907082367040715,2026-01-04
SYN_0909,20.279521692904822,66.3979211482174,25,20.10241287917761,34.73383424043766,2026-01-04
SYN_0909,20.279521692904822,66.3979211482174,50,15.272595466366104,34.636713379277666,2026-01-04
SYN_0909,20.279521692904822,66.3979211482174,75,12.178933659006159,34.70164457380029,2026-01-04
SYN_0909,20.279521692904822,66.3979211482174,100,10.712252278372386,34.5333858414604,2026-01-04
SYN_0909,20.279521692904822,66.3979211482174,150,9.235406523327626,34.3088034125675,2026-01-04
SYN_0909,20.279521692904822,66.3979211482174,200,8.321268760537139,34.4923336787744,2026-01-04
SYN_0910,17.952849955735175,84.83426147311124,0,27.804132504265837,35.089698945494185,2026-06-06
SYN_0910,17.952849955735175,84.83426147311124,10,24.14896261166967,35.066613661838545,2026-06-06
SYN_0910,17.952849955735175,84.83426147311124,25,19.78793869624244,34.85352532895487,2026-06-06
SYN_0910,17.952849955735175,84.83426147311124,50,15.136630021507209,34.75936272801286,2026-06-06
SYN_0910,17.952849955735175,84.83426147311124,75,12.155062978516519,34.70940567718873,2026-06-06
SYN_0910,17.952849955735175,84.83426147311124,100,10.719440949780456,34.48874393918441,2026-06-06
SYN_0910,17.952849955735175,84.83426147311124,150,8.821538399008364,34.59492066320168,2026-06-06
SYN_0910,17.952849955735175,84.83426147311124,200,8.152561562336421,34.51499304037571,2026-06-06
SYN_0911,21.372940712015907,69.96216171389604,0,27.85489867691409,35.03503292730548,2026-03-12
SYN_0911,21.372940712015907,69.96216171389604,10,24.52887748130115,34.74286676032798,2026-03-12
SYN_0911,21.372940712015907,69.96216171389604,25,19.84128344014855,34.867252690218216,2026-03-12
SYN_0911,21.372940712015907,69.96216171389604,50,15.261834735405264,34.61398757763493,2026-03-12
SYN_0911,21.372940712015907,69.96216171389604,75,12.309737266676722,34.606932466644054,2026-03-12
SYN_0911,21.372940712015907,69.96216171389604,100,10.611008407985281,34.50569363506739,2026-03-12
SYN_0911,21.372940712015907,69.96216171389604,150,9.175705144640649,34.41047403138889,2026-03-12
SYN_0911,21.372940712015907,69.96216171389604,200,8.157767430131221,34.58338990487893,2026-03-12
SYN_0912,18.945760358323508,71.42738942161077,0,27.809505226299233,35.10500866935858,2026-04-04
SYN_0912,18.945760358323508,71.42738942161077,10,24.55707658543463,34.79225046792322,2026-04-04
SYN_0912,18.945760358323508,71.42738942161077,25,20.371174293456715,34.54972544434992,2026-04-04
SYN_0912,18.945760358323508,71.42738942161077,50,15.416239829107047,34.52450438023572,2026-04-04
SYN_0912,18.945760358323508,71.42738942161077,75,12.399711769210624,34.546399669911395,2026-04-04
SYN_0912,18.945760358323508,71.42738942161077,100,10.75191537368748,34.58599264499789,2026-04-04
SYN_0912,18.945760358323508,71.42738942161077,150,9.59775391350403,34.20959741108582,2026-04-04
SYN_0912,18.945760358323508,71.42738942161077,200,8.574281183693866,34.43741556901615,2026-04-04
SYN_0913,10.851763244805637,72.10885174352393,0,28.318671893430263,34.87426344029169,2026-04-12
SYN_0913,10.851763244805637,72.10885174352393,10,24.53326324358081,34.833416787254464,2026-04-12
SYN_0913,10.851763244805637,72.10885174352393,25,20.227709202923563,34.62407169367317,2026-04-12
SYN_0913,10.851763244805637,72.10885174352393,50,15.405978990082211,34.598842499961734,2026-04-12
SYN_0913,10.851763244805637,72.10885174352393,75,12.60940887904077,34.425690383139376,2026-04-12
SYN_0913,10.851763244805637,72.10885174352393,100,10.890547635686179,34.39072617519736,2026-04-12
SYN_0913,10.851763244805637,72.10885174352393,150,9.152979006109252,34.41120262045471,2026-04-12
SYN_0913,10.851763244805637,72.10885174352393,200,8.530884061703643,34.473464501265454,2026-04-12
SYN_0914,14.411942338720163,79.37072657991551,0,28.21279311820938,34.80979487808567,2026-06-29
SYN_0914,14.411942338720163,79.37072657991551,10,24.673619838026134,34.739227147447934,2026-06-29
SYN_0914,14.411942338720163,79.37072657991551,25,20.435255704941273,34.59638803630954,2026-06-29
SYN_0914,14.411942338720163,79.37072657991551,50,15.717654171992287,34.457030835437834,2026-06-29
SYN_0914,14.411942338720163,79.37072657991551,75,13.144408024282198,34.22238526616834,2026-06-29
SYN_0914,14.411942338720163,79.37072657991551,100,10.953409833918748,34.39762470455015,2026-06-29
SYN_0914,14.411942338720163,79.37072657991551,150,9.160567521102205,34.47736993314493,2026-06-29
SYN_0914,14.411942338720163,79.37072657991551,200,8.949843188873755,34.19385987063692,2026-06-29
SYN_0915,5.6139714919710375,81.98097170186128,0,27.78701723102031,35.13510035367607,2026-05-15
SYN_0915,5.6139714919710375,81.98097170186128,10,24.356608343130024,34.88404579720655,2026-05-15
SYN_0915,5.6139714919710375,81.98097170186128,25,20.06223117249994,34.80944504422299,2026-05-15
SYN_0915,5.6139714919710375,81.98097170186128,50,15.4087464499502,34.573183479028394,2026-05-15
SYN_0915,5.6139714919710375,81.98097170186128,75,12.580622677309561,34.4506344092352,2026-05-15
SYN_0915,5.6139714919710375,81.98097170186128,100,10.570227934226525,34.60176852849816,2026-05-15
SYN_0915,5.6139714919710375,81.98097170186128,150,8.798433828405978,34.54783175113463,2026-05-15
SYN_0915,5.6139714919710375,81.98097170186128,200,8.262865332595574,34.54424259444509,2026-05-15
SYN_0916,16.973405150139275,77.83402941872129,0,28.56310235299658,34.74846470869451,2026-06-04
SYN_0916,16.973405150139275,77.83402941872129,10,24.933285312941152,34.58584604452235,2026-06-04
SYN_0916,16.973405150139275,77.83402941872129,25,20.49665232102575,34.5072327305339,2026-06-04
SYN_0916,16.973405150139275,77.83402941872129,50,15.788564219576537,34.4275584088201,2026-06-04
SYN_0916,16.973405150139275,77.83402941872129,75,12.93725985689655,34.29981913333385,2026-06-04
SYN_0916,16.973405150139275,77.83402941872129,100,11.273804012427936,34.32461993531609,2026-06-04
SYN_0916,16.973405150139275,77.83402941872129,150,9.075905645497366,34.47951331209434,2026-06-04
SYN_0916,16.973405150139275,77.83402941872129,200,8.668371228020394,34.33699808299097,2026-06-04
SYN_0917,24.964642637489934,76.86685667510326,0,27.57286523791377,35.342939442481985,2026-05-14
SYN_0917,24.964642637489934,76.86685667510326,10,24.025940261568845,35.09177184557394,2026-05-14
SYN_0917,24.964642637489934,76.86685667510326,25,19.613809708723657,35.05893424853143,2026-05-14
SYN_0917,24.964642637489934,76.86685667510326,50,14.762734668987308,34.95044898850069,2026-05-14
SYN_0917,24.964642637489934,76.86685667510326,75,12.273091066761289,34.56020833018169,2026-05-14
SYN_0917,24.964642637489934,76.86685667510326,100,10.160877891811403,34.81162084701088,2026-05-14
SYN_0917,24.964642637489934,76.86685667510326,150,8.464503220366025,34.840007868550096,2026-05-14
SYN_0917,24.964642637489934,76.86685667510326,200,7.897697151761635,34.649455739540706,2026-05-14
SYN_0918,9.23780311427471,66.01157370333475,0,28.25613650142243,34.8013971587274,2026-02-06
SYN_0918,9.23780311427471,66.01157370333475,10,24.865141749614438,34.61171112865288,2026-02-06
SYN_0918,9.23780311427471,66.01157370333475,25,20.08304139013121,34.72557198116416,2026-02-06
SYN_0918,9.23780311427471,66.01157370333475,50,15.247245618219972,34.68787154340052,2026-02-06
SYN_0918,9.23780311427471,66.01157370333475,75,12.410483516009611,34.58500270285894,2026-02-06
SYN_0918,9.23780311427471,66.01157370333475,100,10.630569848383056,34.554469044161635,2026-02-06
SYN_0918,9.23780311427471,66.01157370333475,150,8.96181777396258,34.47957741835541,2026-02-06
SYN_0918,9.23780311427471,66.01157370333475,200,8.4416881692628,34.48294624201082,2026-02-06
SYN_0919,21.025647169734835,76.68046502432703,0,27.86288551784357,34.999323771426425,2026-03-07
SYN_0919,21.025647169734835,76.68046502432703,10,24.171541567219066,34.99384717940522,2026-03-07
SYN_0919,21.025647169734835,76.68046502432703,25,20.013967154698154,34.8619002333363,2026-03-07
SYN_0919,21.025647169734835,76.68046502432703,50,15.131201297755815,34.72964779753383,2026-03-07
SYN_0919,21.025647169734835,76.68046502432703,75,12.000185425607405,34.765548770676965,2026-03-07
SYN_0919,21.025647169734835,76.68046502432703,100,10.391893958040551,34.721981522215,2026-03-07
SYN_0919,21.025647169734835,76.68046502432703,150,8.798132172844353,34.60632187418759,2026-03-07
SYN_0919,21.025647169734835,76.68046502432703,200,8.319901274807389,34.56346915769733,2026-03-07
SYN_0920,19.318760497680888,79.52902886936873,0,28.19022916687513,34.87601565664992,2026-02-20
SYN_0920,19.318760497680888,79.52902886936873,10,24.656130996864224,34.680994602923704,2026-02-20
SYN_0920,19.318760497680888,79.52902886936873,25,20.41932811588777,34.648296495124164,2026-02-20
SYN_0920,19.318760497680888,79.52902886936873,50,15.372374940016414,34.63269879009978,2026-02-20
SYN_0920,19.318760497680888,79.52902886936873,75,12.734791570600544,34.43687511938543,2026-02-20
SYN_0920,19.318760497680888,79.52902886936873,100,10.779496673280532,34.45673347894854,2026-02-20
SYN_0920,19.318760497680888,79.52902886936873,150,9.101542688136504,34.43762104831816,2026-02-20
SYN_0920,19.318760497680888,79.52902886936873,200,8.568629152156554,34.413356661536305,2026-02-20
SYN_0921,13.630662632375422,74.73444117810088,0,28.660782304657253,34.678688854627836,2026-01-25
SYN_0921,13.630662632375422,74.73444117810088,10,24.948233096412995,34.62001755851984,2026-01-25
SYN_0921,13.630662632375422,74.73444117810088,25,20.628660360932166,34.455941352534374,2026-01-25
SYN_0921,13.630662632375422,74.73444117810088,50,15.932512274013042,34.27940238056271,2026-01-25
SYN_0921,13.630662632375422,74.73444117810088,75,12.97760558931895,34.22754404260791,2026-01-25
SYN_0921,13.630662632375422,74.73444117810088,100,11.121578879712482,34.31852258444371,2026-01-25
SYN_0921,13.630662632375422,74.73444117810088,150,10.036888615215664,33.90112347900042,2026-01-25
SYN_0921,13.630662632375422,74.73444117810088,200,8.711774368843955,34.38029824705166,2026-01-25
SYN_0922,19.00307157473148,77.71821721933406,0,28.369981528941096,34.89572412843894,2026-03-25
SYN_0922,19.00307157473148,77.71821721933406,10,24.313380220594,34.85356605688141,2026-03-25
SYN_0922,19.00307157473148,77.71821721933406,25,20.234732384169714,34.56957578341519,2026-03-25
SYN_0922,19.00307157473148,77.71821721933406,50,15.455437942749766,34.48810831505464,2026-03-25
SYN_0922,19.00307157473148,77.71821721933406,75,12.399331000328607,34.60489313028707,2026-03-25
SYN_0922,19.00307157473148,77.71821721933406,100,10.994040323365518,34.420413712000105,2026-03-25
SYN_0922,19.00307157473148,77.71821721933406,150,8.974914526954324,34.47367405095293,2026-03-25
SYN_0922,19.00307157473148,77.71821721933406,200,8.506906428910067,34.43370852145403,2026-03-25
SYN_0923,12.645451900799516,69.92770255785193,0,28.13158279068291,34.93759973745775,2026-06-21
SYN_0923,12.645451900799516,69.92770255785193,10,24.490523941435868,34.814007041633374,2026-06-21
SYN_0923,12.645451900799516,69.92770255785193,25,20.3168233306239,34.62440132317308,2026-06-21
SYN_0923,12.645451900799516,69.92770255785193,50,15.760265412859312,34.43189336189057,2026-06-21
SYN_0923,12.645451900799516,69.92770255785193,75,12.666448920517501,34.42501081107441,2026-06-21
SYN_0923,12.645451900799516,69.92770255785193,100,10.911461283503039,34.44464456473722,2026-06-21
SYN_0923,12.645451900799516,69.92770255785193,150,9.043526977230425,34.53625276383218,2026-06-21
SYN_0923,12.645451900799516,69.92770255785193,200,8.475862770520731,34.463002466233625,2026-06-21
SYN_0924,20.4572854105435,74.63043361668011,0,27.84901565268669,35.082179420339386,2026-03-30
SYN_0924,20.4572854105435,74.63043361668011,10,24.08460837215697,35.042593347644655,2026-03-30
SYN_0924,20.4572854105435,74.63043361668011,25,20.083376532811304,34.76186209543176,2026-03-30
SYN_0924,20.4572854105435,74.63043361668011,50,15.155971547231987,34.62348634570964,2026-03-30
SYN_0924,20.4572854105435,74.63043361668011,75,12.427056728189948,34.596800542923255,2026-03-30
SYN_0924,20.4572854105435,74.63043361668011,100,10.336441749402526,34.7162159240836,2026-03-30
SYN_0924,20.4572854105435,74.63043361668011,150,8.85655501805889,34.64529923499963,2026-03-30
SYN_0924,20.4572854105435,74.63043361668011,200,8.47878868666041,34.488309292789566,2026-03-30
SYN_0925,11.147211625917997,70.26551651366472,0,27.85626470763936,35.032803535339845,2026-03-24
SYN_0925,11.147211625917997,70.26551651366472,10,24.362081631444426,34.91566312142544,2026-03-24
SYN_0925,11.147211625917997,70.26551651366472,25,20.10020043109032,34.69385213269924,2026-03-24
SYN_0925,11.147211625917997,70.26551651366472,50,15.764035143146836,34.52710433734217,2026-03-24
SYN_0925,11.147211625917997,70.26551651366472,75,12.649392065998624,34.53098054545649,2026-03-24
SYN_0925,11.147211625917997,70.26551651366472,100,10.599350890511236,34.5860475029795,2026-03-24
SYN_0925,11.147211625917997,70.26551651366472,150,8.881164008019326,34.598046627134174,2026-03-24
SYN_0925,11.147211625917997,70.26551651366472,200,8.637004732214924,34.3919565847639,2026-03-24
SYN_0926,15.510669547782761,84.31197381932819,0,27.766282966505038,35.14947626320092,2026-04-28
SYN_0926,15.510669547782761,84.31197381932819,10,24.071695561781674,34.98116392817911,2026-04-28
SYN_0926,15.510669547782761,84.31197381932819,25,20.081164961595636,34.74783797733777,2026-04-28
SYN_0926,15.510669547782761,84.31197381932819,50,15.097823517265596,34.698173453175684,2026-04-28
SYN_0926,15.510669547782761,84.31197381932819,75,12.481554193432666,34.540896841166266,2026-04-28
SYN_0926,15.510669547782761,84.31197381932819,100,10.450261335517924,34.731153883151556,2026-04-28
SYN_0926,15.510669547782761,84.31197381932819,150,8.945345057526378,34.565936646344646,2026-04-28
SYN_0926,15.510669547782761,84.31197381932819,200,8.363118841173769,34.428842620576184,2026-04-28
SYN_0927,5.241674910288577,79.22253843093888,0,27.58085637240681,35.21908524029025,2026-06-05
SYN_0927,5.241674910288577,79.22253843093888,10,24.105083909285135,34.97268782582342,2026-06-05
SYN_0927,5.241674910288577,79.22253843093888,25,19.78951723424951,34.91236840468898,2026-06-05
SYN_0927,5.241674910288577,79.22253843093888,50,15.072086574755705,34.71011869462242,2026-06-05
SYN_0927,5.241674910288577,79.22253843093888,75,12.0163046478205,34.800755565308954,2026-06-05
SYN_0927,5.241674910288577,79.22253843093888,100,10.277541389620088,34.703462045663905,2026-06-05
SYN_0927,5.241674910288577,79.22253843093888,150,8.738789087216938,34.57670695914165,2026-06-05
SYN_0927,5.241674910288577,79.22253843093888,200,7.956010299945445,34.784214740309686,2026-06-05
SYN_0928,7.811595188745219,79.83190093581965,0,27.86898423118492,35.00582252581686,2026-06-04
SYN_0928,7.811595188745219,79.83190093581965,10,24.082513375287917,34.877159197285856,2026-06-04
SYN_0928,7.811595188745219,79.83190093581965,25,19.73363248693807,34.89388552133659,2026-06-04
SYN_0928,7.811595188745219,79.83190093581965,50,15.16266268899799,34.62490656703405,2026-06-04
SYN_0928,7.811595188745219,79.83190093581965,75,12.171257557595684,34.67393621497206,2026-06-04
SYN_0928,7.811595188745219,79.83190093581965,100,10.30660648897594,34.72930529983429,2026-06-04
SYN_0928,7.811595188745219,79.83190093581965,150,8.921710561440953,34.49670670486986,2026-06-04
SYN_0928,7.811595188745219,79.83190093581965,200,8.116686036109378,34.60473467012866,2026-06-04
SYN_0929,16.892973328449898,69.77483086984685,0,28.152678727095633,34.87288008484273,2026-06-28
SYN_0929,16.892973328449898,69.77483086984685,10,24.48230305959302,34.85999054479511,2026-06-28
SYN_0929,16.892973328449898,69.77483086984685,25,20.353553583418186,34.57219684580071,2026-06-28
SYN_0929,16.892973328449898,69.77483086984685,50,15.660544805279349,34.502944750768386,2026-06-28
SYN_0929,16.892973328449898,69.77483086984685,75,12.637469868371841,34.40616578917892,2026-06-28
SYN_0929,16.892973328449898,69.77483086984685,100,10.75081909727836,34.50514549860328,2026-06-28
SYN_0929,16.892973328449898,69.77483086984685,150,9.172076410630643,34.47705027828278,2026-06-28
SYN_0929,16.892973328449898,69.77483086984685,200,8.411786404647694,34.50631775285351,2026-06-28
SYN_0930,13.233430490768887,75.70233037816801,0,28.310786247564483,34.81275053984462,2026-06-15
SYN_0930,13.233430490768887,75.70233037816801,10,24.62569290156787,34.70750734581827,2026-06-15
SYN_0930,13.233430490768887,75.70233037816801,25,20.740024150311644,34.41140752345654,2026-06-15
SYN_0930,13.233430490768887,75.70233037816801,50,16.102134389259167,34.24213667060066,2026-06-15
SYN_0930,13.233430490768887,75.70233037816801,75,12.539182083095987,34.532955959553654,2026-06-15
SYN_0930,13.233430490768887,75.70233037816801,100,11.142762240571766,34.288672220030236,2026-06-15
SYN_0930,13.233430490768887,75.70233037816801,150,9.29036264284665,34.39643555218905,2026-06-15
SYN_0930,13.233430490768887,75.70233037816801,200,8.669135580848232,34.2734379287265,2026-06-15
SYN_0931,9.303019052140098,83.81086863583769,0,27.8049267761915,35.090807808509744,2026-04-30
SYN_0931,9.303019052140098,83.81086863583769,10,24.076315775246613,34.97857484773346,2026-04-30
SYN_0931,9.303019052140098,83.81086863583769,25,20.378539904534716,34.59697037019631,2026-04-30
SYN_0931,9.303019052140098,83.81086863583769,50,15.537150300093296,34.56122479136277,2026-04-30
SYN_0931,9.303019052140098,83.81086863583769,75,12.602966701543801,34.42303832056258,2026-04-30
SYN_0931,9.303019052140098,83.81086863583769,100,10.790400118731439,34.44310478381512,2026-04-30
SYN_0931,9.303019052140098,83.81086863583769,150,8.80818709430658,34.61968715940604,2026-04-30
SYN_0931,9.303019052140098,83.81086863583769,200,8.196355967356476,34.653376530948364,2026-04-30
SYN_0932,20.69493292245501,69.79813303844253,0,27.855744339239635,35.035163833043796,2026-06-08
SYN_0932,20.69493292245501,69.79813303844253,10,24.462591306711285,34.85363977953138,2026-06-08
SYN_0932,20.69493292245501,69.79813303844253,25,20.227758517379794,34.63503272789581,2026-06-08
SYN_0932,20.69493292245501,69.79813303844253,50,15.053501914272253,34.66078631169491,2026-06-08
SYN_0932,20.69493292245501,69.79813303844253,75,12.23675050037061,34.628524078605416,2026-06-08
SYN_0932,20.69493292245501,69.79813303844253,100,10.710807152720085,34.56643296052469,2026-06-08
SYN_0932,20.69493292245501,69.79813303844253,150,8.832633578923588,34.755599166681385,2026-06-08
SYN_0932,20.69493292245501,69.79813303844253,200,8.064312513339715,34.60120847568762,2026-06-08
SYN_0933,15.088186565801108,65.6723080925732,0,27.595682272234214,35.19310132004633,2026-03-24
SYN_0933,15.088186565801108,65.6723080925732,10,24.307681395609364,34.87381494164425,2026-03-24
SYN_0933,15.088186565801108,65.6723080925732,25,19.89397283917826,34.871627453429156,2026-03-24
SYN_0933,15.088186565801108,65.6723080925732,50,15.208394411387584,34.67706609869349,2026-03-24
SYN_0933,15.088186565801108,65.6723080925732,75,12.28673656005577,34.71401456014541,2026-03-24
SYN_0933,15.088186565801108,65.6723080925732,100,10.297194245820595,34.632158677699024,2026-03-24
SYN_0933,15.088186565801108,65.6723080925732,150,8.816677806103684,34.620469139090474,2026-03-24
SYN_0933,15.088186565801108,65.6723080925732,200,7.9499544256740915,34.74608856568824,2026-03-24
SYN_0934,24.391505769627848,78.20352195545931,0,27.743899115464007,35.16943436264586,2026-05-15
SYN_0934,24.391505769627848,78.20352195545931,10,24.07605731983611,34.929629810049015,2026-05-15
SYN_0934,24.391505769627848,78.20352195545931,25,19.6261549535881,34.959013212608,2026-05-15
SYN_0934,24.391505769627848,78.20352195545931,50,14.91234539266007,34.733488491469494,2026-05-15
SYN_0934,24.391505769627848,78.20352195545931,75,12.006468490063433,34.84383087613529,2026-05-15
SYN_0934,24.391505769627848,78.20352195545931,100,10.323332551960021,34.679751033376206,2026-05-15
SYN_0934,24.391505769627848,78.20352195545931,150,8.620049876702863,34.63296594511308,2026-05-15
SYN_0934,24.391505769627848,78.20352195545931,200,7.829946102067787,34.8695493462425,2026-05-15
SYN_0935,5.96275350468102,80.73933976275586,0,27.937986340952023,34.999646850479905,2026-05-23
SYN_0935,5.96275350468102,80.73933976275586,10,24.193771101031068,35.01315105095968,2026-05-23
SYN_0935,5.96275350468102,80.73933976275586,25,19.827225447053582,34.8814259031442,2026-05-23
SYN_0935,5.96275350468102,80.73933976275586,50,15.433404510289906,34.631551327407564,2026-05-23
SYN_0935,5.96275350468102,80.73933976275586,75,12.332990640101547,34.61351735010877,2026-05-23
SYN_0935,5.96275350468102,80.73933976275586,100,10.285727495553147,34.73454297310566,2026-05-23
SYN_0935,5.96275350468102,80.73933976275586,150,8.45699532447595,34.71403577341235,2026-05-23
SYN_0935,5.96275350468102,80.73933976275586,200,8.204069165440698,34.5869190886516,2026-05-23
SYN_0936,11.25926157007564,78.0742229226759,0,28.130441224788704,34.97150347040454,2026-02-27
SYN_0936,11.25926157007564,78.0742229226759,10,24.52897938403544,34.79856997815281,2026-02-27
SYN_0936,11.25926157007564,78.0742229226759,25,20.428825593155683,34.59211944634745,2026-02-27
SYN_0936,11.25926157007564,78.0742229226759,50,15.747232651769743,34.43163274279481,2026-02-27
SYN_0936,11.25926157007564,78.0742229226759,75,12.591347653368514,34.52556568757564,2026-02-27
SYN_0936,11.25926157007564,78.0742229226759,100,10.583137135611704,34.583241241205116,2026-02-27
SYN_0936,11.25926157007564,78.0742229226759,150,9.348757204187578,34.3214963579127,2026-02-27
SYN_0936,11.25926157007564,78.0742229226759,200,8.600473061321276,34.370338704184185,2026-02-27
SYN_0937,13.476401097444537,84.21287358163094,0,28.055112682111275,35.02463248521373,2026-05-02
SYN_0937,13.476401097444537,84.21287358163094,10,24.02730768435685,34.98514589481385,2026-05-02
SYN_0937,13.476401097444537,84.21287358163094,25,19.921605859715154,34.98156052440675,2026-05-02
SYN_0937,13.476401097444537,84.21287358163094,50,15.28511478100637,34.64814540215699,2026-05-02
SYN_0937,13.476401097444537,84.21287358163094,75,12.116373564548669,34.726544988480235,2026-05-02
SYN_0937,13.476401097444537,84.21287358163094,100,10.525942363273497,34.70079196661571,2026-05-02
SYN_0937,13.476401097444537,84.21287358163094,150,8.760104919628352,34.65887265704536,2026-05-02
SYN_0937,13.476401097444537,84.21287358163094,200,8.070665496366809,34.6582107669643,2026-05-02
SYN_0938,11.478228991030724,77.07172418572145,0,28.140144085476138,35.017549157457736,2026-01-05
SYN_0938,11.478228991030724,77.07172418572145,10,24.42858173689658,34.90503900047007,2026-01-05
SYN_0938,11.478228991030724,77.07172418572145,25,19.853238077247486,34.89445600065801,2026-01-05
SYN_0938,11.478228991030724,77.07172418572145,50,15.54825507573665,34.43398187106527,2026-01-05
SYN_0938,11.478228991030724,77.07172418572145,75,12.621425899597705,34.43476670045277,2026-01-05
SYN_0938,11.478228991030724,77.07172418572145,100,10.85647124690166,34.458759428244235,2026-01-05
SYN_0938,11.478228991030724,77.07172418572145,150,9.182037499685064,34.47227682596042,2026-01-05
SYN_0938,11.478228991030724,77.07172418572145,200,8.661251379565904,34.37150875944667,2026-01-05
SYN_0939,10.333275659951084,82.42537045640844,0,27.994358347531946,34.96338959680008,2026-03-27
SYN_0939,10.333275659951084,82.42537045640844,10,24.56074779089315,34.79539852831508,2026-03-27
SYN_0939,10.333275659951084,82.42537045640844,25,19.965415857957556,34.836614466588635,2026-03-27
SYN_0939,10.333275659951084,82.42537045640844,50,15.108247417167988,34.645034189064404,2026-03-27
SYN_0939,10.333275659951084,82.42537045640844,75,12.652806507546348,34.376323718009836,2026-03-27
SYN_0939,10.333275659951084,82.42537045640844,100,10.885166892266895,34.393116472937436,2026-03-27
SYN_0939,10.333275659951084,82.42537045640844,150,8.988826062529057,34.5148317854714,2026-03-27
SYN_0939,10.333275659951084,82.42537045640844,200,8.212191880002836,34.56011151845915,2026-03-27
SYN_0940,9.71426168120843,73.49259691551777,0,28.04253966714608,34.97564656140961,2026-04-19
SYN_0940,9.71426168120843,73.49259691551777,10,24.244109813815548,34.910038797211854,2026-04-19
SYN_0940,9.71426168120843,73.49259691551777,25,20.367475346861184,34.66235193999979,2026-04-19
SYN_0940,9.71426168120843,73.49259691551777,50,15.310001481423447,34.58681829876734,2026-04-19
SYN_0940,9.71426168120843,73.49259691551777,75,12.303326908516155,34.67751354034488,2026-04-19
SYN_0940,9.71426168120843,73.49259691551777,100,10.781904071962506,34.42700815953637,2026-04-19
SYN_0940,9.71426168120843,73.49259691551777,150,9.22025650948078,34.4193300696193,2026-04-19
SYN_0940,9.71426168120843,73.49259691551777,200,8.154487850633222,34.638111676466764,2026-04-19
SYN_0941,13.988240585928931,69.95091131434287,0,28.030262952258276,34.92553879281653,2026-06-16
SYN_0941,13.988240585928931,69.95091131434287,10,24.597267080714985,34.77324874979712,2026-06-16
SYN_0941,13.988240585928931,69.95091131434287,25,20.547466097650638,34.5305700721023,2026-06-16
SYN_0941,13.988240585928931,69.95091131434287,50,15.607541689736692,34.464465527513795,2026-06-16
SYN_0941,13.988240585928931,69.95091131434287,75,12.74232472708993,34.41114608275736,2026-06-16
SYN_0941,13.988240585928931,69.95091131434287,100,11.189596465974732,34.31345843118493,2026-06-16
SYN_0941,13.988240585928931,69.95091131434287,150,9.219142228725216,34.38498750509543,2026-06-16
SYN_0941,13.988240585928931,69.95091131434287,200,8.692690223556264,34.28340121097934,2026-06-16
SYN_0942,15.831082811727121,78.18974273110702,0,28.50406941938817,34.721694088341955,2026-05-31
SYN_0942,15.831082811727121,78.18974273110702,10,24.518955883597,34.74420042632661,2026-05-31
SYN_0942,15.831082811727121,78.18974273110702,25,20.509492899244695,34.5904231030056,2026-05-31
SYN_0942,15.831082811727121,78.18974273110702,50,15.725510386207715,34.45724009827812,2026-05-31
SYN_0942,15.831082811727121,78.18974273110702,75,12.971601545549843,34.27419056155156,2026-05-31
SYN_0942,15.831082811727121,78.18974273110702,100,11.047174899412186,34.29200804950997,2026-05-31
SYN_0942,15.831082811727121,78.18974273110702,150,9.348724732535189,34.23330805592475,2026-05-31
SYN_0942,15.831082811727121,78.18974273110702,200,8.796209735309976,34.25067639630582,2026-05-31
SYN_0943,7.330656411842527,79.86440500805213,0,27.774502264878794,35.0788832411481,2026-05-28
SYN_0943,7.330656411842527,79.86440500805213,10,24.239860305317354,34.84966736649598,2026-05-28
SYN_0943,7.330656411842527,79.86440500805213,25,19.9882655631969,34.80067322293856,2026-05-28
SYN_0943,7.330656411842527,79.86440500805213,50,15.104963835049398,34.67137507569769,2026-05-28
SYN_0943,7.330656411842527,79.86440500805213,75,12.163756181774682,34.73897030921777,2026-05-28
SYN_0943,7.330656411842527,79.86440500805213,100,10.466237009498231,34.64078651945695,2026-05-28
SYN_0943,7.330656411842527,79.86440500805213,150,8.888399443337704,34.5918384326734,2026-05-28
SYN_0943,7.330656411842527,79.86440500805213,200,8.04453197350226,34.608083214649966,2026-05-28
SYN_0944,19.824276194098736,69.57410274300256,0,27.86443799826512,35.1423555141757,2026-05-22
SYN_0944,19.824276194098736,69.57410274300256,10,24.48271104743874,34.805424148597716,2026-05-22
SYN_0944,19.824276194098736,69.57410274300256,25,20.26668450386955,34.613683293046265,2026-05-22
SYN_0944,19.824276194098736,69.57410274300256,50,15.085244751710722,34.79787679194437,2026-05-22
SYN_0944,19.824276194098736,69.57410274300256,75,12.375930249103908,34.59394635290137,2026-05-22
SYN_0944,19.824276194098736,69.57410274300256,100,10.765245824934109,34.53125393520179,2026-05-22
SYN_0944,19.824276194098736,69.57410274300256,150,9.022578370129862,34.44991533040479,2026-05-22
SYN_0944,19.824276194098736,69.57410274300256,200,8.55007932852272,34.436203565781256,2026-05-22
SYN_0945,10.99389063371224,79.0732325120194,0,28.282328069849225,34.85857102860437,2026-01-30
SYN_0945,10.99389063371224,79.0732325120194,10,24.66297447574977,34.713670140040804,2026-01-30
SYN_0945,10.99389063371224,79.0732325120194,25,20.32121719873796,34.594079801596365,2026-01-30
SYN_0945,10.99389063371224,79.0732325120194,50,15.631000405100192,34.44491594055814,2026-01-30
SYN_0945,10.99389063371224,79.0732325120194,75,12.347622674406928,34.611824289824376,2026-01-30
SYN_0945,10.99389063371224,79.0732325120194,100,10.848128909129331,34.500505910480186,2026-01-30
SYN_0945,10.99389063371224,79.0732325120194,150,9.005771523091523,34.515768554266394,2026-01-30
SYN_0945,10.99389063371224,79.0732325120194,200,8.366339590607708,34.474794531349715,2026-01-30
SYN_0946,14.866479830213757,66.01030235940486,0,27.86270845293501,35.07820331101156,2026-04-07
SYN_0946,14.866479830213757,66.01030235940486,10,24.228252615194773,34.93407589613944,2026-04-07
SYN_0946,14.866479830213757,66.01030235940486,25,19.99638039336837,34.646870050950994,2026-04-07
SYN_0946,14.866479830213757,66.01030235940486,50,15.271056219526837,34.64112023754896,2026-04-07
SYN_0946,14.866479830213757,66.01030235940486,75,12.491961722455601,34.50830428836656,2026-04-07
SYN_0946,14.866479830213757,66.01030235940486,100,10.795556863016573,34.444146929082265,2026-04-07
SYN_0946,14.866479830213757,66.01030235940486,150,8.904318874746021,34.45366911376306,2026-04-07
SYN_0946,14.866479830213757,66.01030235940486,200,8.151911510135921,34.54042367138955,2026-04-07
SYN_0947,5.7160690342787035,73.45087809996815,0,27.686446723624012,35.23901572049881,2026-02-16
SYN_0947,5.7160690342787035,73.45087809996815,10,24.034978296987962,35.02774580788991,2026-02-16
SYN_0947,5.7160690342787035,73.45087809996815,25,19.51911853130639,34.96820003114361,2026-02-16
SYN_0947,5.7160690342787035,73.45087809996815,50,15.045233472239245,34.747286804547066,2026-02-16
SYN_0947,5.7160690342787035,73.45087809996815,75,12.017549654531617,34.81168015860041,2026-02-16
SYN_0947,5.7160690342787035,73.45087809996815,100,10.000707194369502,34.884518531228494,2026-02-16
SYN_0947,5.7160690342787035,73.45087809996815,150,8.414520914828325,34.8241944137491,2026-02-16
SYN_0947,5.7160690342787035,73.45087809996815,200,7.940978219891086,34.71377991470346,2026-02-16
SYN_0948,7.590663579849397,81.22085883655025,0,27.733550521217452,35.17288488779072,2026-04-10
SYN_0948,7.590663579849397,81.22085883655025,10,24.315565655382688,34.92185387980146,2026-04-10
SYN_0948,7.590663579849397,81.22085883655025,25,19.805826587547752,34.93563455059548,2026-04-10
SYN_0948,7.590663579849397,81.22085883655025,50,15.35174975913715,34.727490749834935,2026-04-10
SYN_0948,7.590663579849397,81.22085883655025,75,12.235809306571687,34.56612425223841,2026-04-10
SYN_0948,7.590663579849397,81.22085883655025,100,10.288563216390575,34.68741724432891,2026-04-10
SYN_0948,7.590663579849397,81.22085883655025,150,8.87444251676476,34.57776812283125,2026-04-10
SYN_0948,7.590663579849397,81.22085883655025,200,8.432862051434645,34.53827418647249,2026-04-10
SYN_0949,20.261507947944114,83.87068042955481,0,28.085783269275343,34.93426631950072,2026-02-03
SYN_0949,20.261507947944114,83.87068042955481,10,24.107493897322517,35.000962777326,2026-02-03
SYN_0949,20.261507947944114,83.87068042955481,25,20.075163239364638,34.71131437074732,2026-02-03
SYN_0949,20.261507947944114,83.87068042955481,50,14.968079786947683,34.820740867160815,2026-02-03
SYN_0949,20.261507947944114,83.87068042955481,75,12.25346743300489,34.54889445746853,2026-02-03
SYN_0949,20.261507947944114,83.87068042955481,100,10.573136200246836,34.66329126041615,2026-02-03
SYN_0949,20.261507947944114,83.87068042955481,150,8.932748715048616,34.5297946059718,2026-02-03
SYN_0949,20.261507947944114,83.87068042955481,200,8.10538896298028,34.616812042004106,2026-02-03
SYN_0950,5.979427685710419,66.73353146462107,0,27.93312880793646,35.03641455219828,2026-02-08
SYN_0950,5.979427685710419,66.73353146462107,10,24.56787157985037,34.71171515017578,2026-02-08
SYN_0950,5.979427685710419,66.73353146462107,25,20.162880735215964,34.7991398616099,2026-02-08
SYN_0950,5.979427685710419,66.73353146462107,50,15.512560869805984,34.56677543873714,2026-02-08
SYN_0950,5.979427685710419,66.73353146462107,75,12.230194296266506,34.64833551542877,2026-02-08
SYN_0950,5.979427685710419,66.73353146462107,100,10.863332238939908,34.35612457514546,2026-02-08
SYN_0950,5.979427685710419,66.73353146462107,150,9.029872795831592,34.50271482809686,2026-02-08
SYN_0950,5.979427685710419,66.73353146462107,200,8.6901637809086,34.33934170595175,2026-02-08
SYN_0951,8.741788523944825,75.95286026071696,0,27.73467745471157,35.16885949597298,2026-01-11
SYN_0951,8.741788523944825,75.95286026071696,10,24.035513003940476,35.04973925367996,2026-01-11
SYN_0951,8.741788523944825,75.95286026071696,25,19.88683194859801,34.866848896416236,2026-01-11
SYN_0951,8.741788523944825,75.95286026071696,50,14.95342872566071,34.819151059520834,2026-01-11
SYN_0951,8.741788523944825,75.95286026071696,75,12.359457597075128,34.5979693602391,2026-01-11
SYN_0951,8.741788523944825,75.95286026071696,100,10.399768791546636,34.6943746553207,2026-01-11
SYN_0951,8.741788523944825,75.95286026071696,150,8.896422277297551,34.47322297263067,2026-01-11
SYN_0951,8.741788523944825,75.95286026071696,200,8.403234046619684,34.48977148270463,2026-01-11
SYN_0952,20.852030164751064,78.95973607966125,0,27.79337357035006,35.11074960017319,2026-05-02
SYN_0952,20.852030164751064,78.95973607966125,10,24.12183975326933,34.924518740280874,2026-05-02
SYN_0952,20.852030164751064,78.95973607966125,25,19.873868046993408,34.89511047430925,2026-05-02
SYN_0952,20.852030164751064,78.95973607966125,50,15.420245527367388,34.580562971988,2026-05-02
SYN_0952,20.852030164751064,78.95973607966125,75,12.221220195044152,34.70311205498966,2026-05-02
SYN_0952,20.852030164751064,78.95973607966125,100,10.509405632238341,34.61467046593909,2026-05-02
SYN_0952,20.852030164751064,78.95973607966125,150,8.811441550834793,34.5326414516395,2026-05-02
SYN_0952,20.852030164751064,78.95973607966125,200,8.361705633335534,34.51919786040493,2026-05-02
SYN_0953,12.792950159363517,75.22663530631277,0,28.32090546555245,34.81501746612035,2026-04-09
SYN_0953,12.792950159363517,75.22663530631277,10,24.615104342566426,34.69693121475066,2026-04-09
SYN_0953,12.792950159363517,75.22663530631277,25,20.6353460176578,34.46987034015287,2026-04-09
SYN_0953,12.792950159363517,75.22663530631277,50,15.665902370360895,34.46522722622257,2026-04-09
SYN_0953,12.792950159363517,75.22663530631277,75,12.949398997147457,34.20654910774468,2026-04-09
SYN_0953,12.792950159363517,75.22663530631277,100,11.05222701894917,34.38492382867687,2026-04-09
SYN_0953,12.792950159363517,75.22663530631277,150,9.632696717109278,34.084178847852286,2026-04-09
SYN_0953,12.792950159363517,75.22663530631277,200,8.482689647108918,34.527852950247464,2026-04-09
SYN_0954,15.962004686546397,76.79603473671938,0,28.439315823387144,34.79547060505322,2026-03-06
SYN_0954,15.962004686546397,76.79603473671938,10,24.811656689220243,34.61382474269385,2026-03-06
SYN_0954,15.962004686546397,76.79603473671938,25,20.324158883414526,34.656450246606646,2026-03-06
SYN_0954,15.962004686546397,76.79603473671938,50,15.681229316644675,34.362331147589956,2026-03-06
SYN_0954,15.962004686546397,76.79603473671938,75,12.913634368854703,34.35992955907116,2026-03-06
SYN_0954,15.962004686546397,76.79603473671938,100,11.241509074873516,34.22028230013309,2026-03-06
SYN_0954,15.962004686546397,76.79603473671938,150,9.412928712032311,34.2331810888845,2026-03-06
SYN_0954,15.962004686546397,76.79603473671938,200,9.092001196481059,34.227286323325025,2026-03-06
SYN_0955,12.456269023555597,84.02977185098263,0,27.87924433852096,35.0302413633005,2026-06-08
SYN_0955,12.456269023555597,84.02977185098263,10,24.324049892702412,34.81453415339656,2026-06-08
SYN_0955,12.456269023555597,84.02977185098263,25,20.165793069082437,34.65620656086321,2026-06-08
SYN_0955,12.456269023555597,84.02977185098263,50,15.37797539384451,34.535297513214104,2026-06-08
SYN_0955,12.456269023555597,84.02977185098263,75,12.35949601244193,34.603707050245205,2026-06-08
SYN_0955,12.456269023555597,84.02977185098263,100,10.660075294482843,34.48722698900259,2026-06-08
SYN_0955,12.456269023555597,84.02977185098263,150,8.949876504222178,34.547932187545065,2026-06-08
SYN_0955,12.456269023555597,84.02977185098263,200,8.093078913743227,34.65133198472302,2026-06-08
SYN_0956,8.740644600116456,78.26920196259496,0,27.727180285296583,35.1451796277103,2026-02-18
SYN_0956,8.740644600116456,78.26920196259496,10,24.127009275061617,35.003689912577684,2026-02-18
SYN_0956,8.740644600116456,78.26920196259496,25,19.88797231558271,34.74616753431432,2026-02-18
SYN_0956,8.740644600116456,78.26920196259496,50,15.120033890138444,34.691760333418884,2026-02-18
SYN_0956,8.740644600116456,78.26920196259496,75,12.328331686930602,34.60644614786839,2026-02-18
SYN_0956,8.740644600116456,78.26920196259496,100,10.340247673349909,34.63342679037418,2026-02-18
SYN_0956,8.740644600116456,78.26920196259496,150,8.473072960378243,34.727061274539686,2026-02-18
SYN_0956,8.740644600116456,78.26920196259496,200,8.37946753842368,34.52752948144837,2026-02-18
SYN_0957,16.566237135735626,70.99907840387971,0,28.373119885986405,34.85068724366589,2026-01-20
SYN_0957,16.566237135735626,70.99907840387971,10,24.559306188307463,34.79301118711067,2026-01-20
SYN_0957,16.566237135735626,70.99907840387971,25,20.160422349204175,34.71712138844509,2026-01-20
SYN_0957,16.566237135735626,70.99907840387971,50,15.581590445892918,34.53120411015974,2026-01-20
SYN_0957,16.566237135735626,70.99907840387971,75,12.747172526904412,34.40322031896638,2026-01-20
SYN_0957,16.566237135735626,70.99907840387971,100,10.984759646322578,34.45161416368372,2026-01-20
SYN_0957,16.566237135735626,70.99907840387971,150,9.065339147452566,34.47080362693468,2026-01-20
SYN_0957,16.566237135735626,70.99907840387971,200,8.462229478995681,34.45189125021304,2026-01-20
SYN_0958,24.648461327077616,65.20821973225031,0,28.31789657501157,34.827927831120334,2026-03-02
SYN_0958,24.648461327077616,65.20821973225031,10,24.547585567802617,34.68158077185958,2026-03-02
SYN_0958,24.648461327077616,65.20821973225031,25,20.21476160126586,34.685567654146794,2026-03-02
SYN_0958,24.648461327077616,65.20821973225031,50,15.511269185581842,34.499150648200676,2026-03-02
SYN_0958,24.648461327077616,65.20821973225031,75,12.80206696863845,34.42401880842664,2026-03-02
SYN_0958,24.648461327077616,65.20821973225031,100,10.946441760223342,34.37689653273967,2026-03-02
SYN_0958,24.648461327077616,65.20821973225031,150,9.22716545892421,34.410306296486205,2026-03-02
SYN_0958,24.648461327077616,65.20821973225031,200,8.686011995372557,34.270635608879125,2026-03-02
SYN_0959,16.101264650275784,66.50693459716905,0,27.845890784941783,35.05992898712913,2026-06-29
SYN_0959,16.101264650275784,66.50693459716905,10,24.52592343594773,34.72215590364342,2026-06-29
SYN_0959,16.101264650275784,66.50693459716905,25,19.98514297515143,34.79529026863069,2026-06-29
SYN_0959,16.101264650275784,66.50693459716905,50,15.174722880564,34.70433319501875,2026-06-29
SYN_0959,16.101264650275784,66.50693459716905,75,12.348643857078923,34.551612862218605,2026-06-29
SYN_0959,16.101264650275784,66.50693459716905,100,10.66520978481852,34.544265037929385,2026-06-29
SYN_0959,16.101264650275784,66.50693459716905,150,8.724748446902069,34.635848797606144,2026-06-29
SYN_0959,16.101264650275784,66.50693459716905,200,7.969700490118865,34.67075228751335,2026-06-29
SYN_0960,22.831705898942886,81.9123353377915,0,28.032956737027693,34.992266018324294,2026-05-28
SYN_0960,22.831705898942886,81.9123353377915,10,23.968492080874864,35.024532418972,2026-05-28
SYN_0960,22.831705898942886,81.9123353377915,25,20.075102572813595,34.830389371501624,2026-05-28
SYN_0960,22.831705898942886,81.9123353377915,50,15.327747087264942,34.63454624542595,2026-05-28
SYN_0960,22.831705898942886,81.9123353377915,75,12.720282106177338,34.3873850211869,2026-05-28
SYN_0960,22.831705898942886,81.9123353377915,100,10.649850232490804,34.59757628035744,2026-05-28
SYN_0960,22.831705898942886,81.9123353377915,150,9.050049933009946,34.494448110543765,2026-05-28
SYN_0960,22.831705898942886,81.9123353377915,200,8.296550760972195,34.510048396482105,2026-05-28
SYN_0961,6.2156251489553105,71.18954026550165,0,27.64314837630742,35.08187273724459,2026-04-29
SYN_0961,6.2156251489553105,71.18954026550165,10,24.29545460401755,35.000942631858116,2026-04-29
SYN_0961,6.2156251489553105,71.18954026550165,25,19.732690647529374,34.98240129107271,2026-04-29
SYN_0961,6.2156251489553105,71.18954026550165,50,14.945552503897467,34.707155077507245,2026-04-29
SYN_0961,6.2156251489553105,71.18954026550165,75,12.033956360718816,34.71889882748869,2026-04-29
SYN_0961,6.2156251489553105,71.18954026550165,100,10.407187470293422,34.676009049010766,2026-04-29
SYN_0961,6.2156251489553105,71.18954026550165,150,8.919986546779693,34.53456339712521,2026-04-29
SYN_0961,6.2156251489553105,71.18954026550165,200,8.18905277554276,34.60682482515471,2026-04-29
SYN_0962,22.810831702611935,74.09157148374909,0,27.632836128842772,35.27647786371691,2026-06-14
SYN_0962,22.810831702611935,74.09157148374909,10,23.618733613028507,35.22509114891388,2026-06-14
SYN_0962,22.810831702611935,74.09157148374909,25,19.927122148515814,34.87335847313603,2026-06-14
SYN_0962,22.810831702611935,74.09157148374909,50,14.881455555512334,34.776290557273,2026-06-14
SYN_0962,22.810831702611935,74.09157148374909,75,12.043623230418484,34.78223356130069,2026-06-14
SYN_0962,22.810831702611935,74.09157148374909,100,10.051150786066232,34.86162273290652,2026-06-14
SYN_0962,22.810831702611935,74.09157148374909,150,8.275311181181705,34.89107087595668,2026-06-14
SYN_0962,22.810831702611935,74.09157148374909,200,7.6672236556022195,34.7859951651031,2026-06-14
SYN_0963,19.114557176727196,76.69236703287775,0,27.930238676796378,35.04118981946449,2026-03-09
SYN_0963,19.114557176727196,76.69236703287775,10,24.731561308771727,34.72121917053702,2026-03-09
SYN_0963,19.114557176727196,76.69236703287775,25,20.17831483473797,34.72692720553614,2026-03-09
SYN_0963,19.114557176727196,76.69236703287775,50,15.511835963694114,34.5460086077646,2026-03-09
SYN_0963,19.114557176727196,76.69236703287775,75,12.641720024377035,34.51713630795725,2026-03-09
SYN_0963,19.114557176727196,76.69236703287775,100,10.65077547058679,34.500463990600494,2026-03-09
SYN_0963,19.114557176727196,76.69236703287775,150,9.444498259435681,34.3117025651995,2026-03-09
SYN_0963,19.114557176727196,76.69236703287775,200,8.690983791581468,34.32838066067805,2026-03-09
SYN_0964,13.217135048851992,79.20590942930767,0,28.425241600392624,34.77051826268324,2026-03-22
SYN_0964,13.217135048851992,79.20590942930767,10,24.678535472345008,34.6872695591529,2026-03-22
SYN_0964,13.217135048851992,79.20590942930767,25,20.557132082335876,34.58031771614904,2026-03-22
SYN_0964,13.217135048851992,79.20590942930767,50,15.589991051801375,34.52097234066396,2026-03-22
SYN_0964,13.217135048851992,79.20590942930767,75,12.598446346421776,34.53687922588144,2026-03-22
SYN_0964,13.217135048851992,79.20590942930767,100,11.161680158130373,34.286270095455976,2026-03-22
SYN_0964,13.217135048851992,79.20590942930767,150,9.36204165276299,34.346402700970906,2026-03-22
SYN_0964,13.217135048851992,79.20590942930767,200,8.406214004069259,34.464155375413675,2026-03-22
SYN_0965,13.448597318845941,77.82635465087259,0,28.56805859832594,34.71701763811588,2026-06-07
SYN_0965,13.448597318845941,77.82635465087259,10,24.730410737171987,34.73335672033606,2026-06-07
SYN_0965,13.448597318845941,77.82635465087259,25,20.444639686011747,34.586083477464484,2026-06-07
SYN_0965,13.448597318845941,77.82635465087259,50,15.705822691895712,34.44739737837925,2026-06-07
SYN_0965,13.448597318845941,77.82635465087259,75,12.658692087619375,34.41921017526611,2026-06-07
SYN_0965,13.448597318845941,77.82635465087259,100,10.961815431427773,34.35124833308972,2026-06-07
SYN_0965,13.448597318845941,77.82635465087259,150,9.17635666438046,34.31950628485138,2026-06-07
SYN_0965,13.448597318845941,77.82635465087259,200,8.714591761057662,34.378668817143996,2026-06-07
SYN_0966,14.413799836035574,81.93257049504915,0,27.940976909521453,34.98067709363716,2026-04-18
SYN_0966,14.413799836035574,81.93257049504915,10,24.405472001175017,34.79818912217699,2026-04-18
SYN_0966,14.413799836035574,81.93257049504915,25,19.973662994436822,34.81798312038079,2026-04-18
SYN_0966,14.413799836035574,81.93257049504915,50,15.55776492676877,34.549045488157255,2026-04-18
SYN_0966,14.413799836035574,81.93257049504915,75,12.560353706698448,34.44452811920066,2026-04-18
SYN_0966,14.413799836035574,81.93257049504915,100,10.650393056550351,34.66991545992424,2026-04-18
SYN_0966,14.413799836035574,81.93257049504915,150,9.367935670855323,34.33490989530378,2026-04-18
SYN_0966,14.413799836035574,81.93257049504915,200,8.581031635609355,34.51041187979616,2026-04-18
SYN_0967,13.048125331464535,84.09841988106328,0,27.68571214403904,35.14556206817808,2026-05-27
SYN_0967,13.048125331464535,84.09841988106328,10,24.15158428569081,34.91651943940345,2026-05-27
SYN_0967,13.048125331464535,84.09841988106328,25,20.053564510263488,34.6056406002919,2026-05-27
SYN_0967,13.048125331464535,84.09841988106328,50,15.09757664373008,34.767216926080444,2026-05-27
SYN_0967,13.048125331464535,84.09841988106328,75,12.319870815264004,34.644554171638035,2026-05-27
SYN_0967,13.048125331464535,84.09841988106328,100,10.59105912274012,34.54295892360346,2026-05-27
SYN_0967,13.048125331464535,84.09841988106328,150,9.07410972722187,34.633640413178824,2026-05-27
SYN_0967,13.048125331464535,84.09841988106328,200,8.28116382169786,34.61842024755696,2026-05-27
SYN_0968,16.861712562502195,71.65823687543619,0,28.56217764327666,34.74654462671281,2026-04-10
SYN_0968,16.861712562502195,71.65823687543619,10,24.85744196583291,34.5688813642059,2026-04-10
SYN_0968,16.861712562502195,71.65823687543619,25,20.042490251147814,34.75051784122641,2026-04-10
SYN_0968,16.861712562502195,71.65823687543619,50,15.407541869676391,34.634159972020306,2026-04-10
SYN_0968,16.861712562502195,71.65823687543619,75,12.654239943535323,34.366077393468295,2026-04-10
SYN_0968,16.861712562502195,71.65823687543619,100,11.307287613516191,34.19737563417818,2026-04-10
SYN_0968,16.861712562502195,71.65823687543619,150,9.214473921318175,34.36378106846119,2026-04-10
SYN_0968,16.861712562502195,71.65823687543619,200,8.596558253871182,34.365585817769855,2026-04-10
SYN_0969,20.228981542935898,75.19983655592566,0,27.647567025664184,35.15005116608088,2026-05-06
SYN_0969,20.228981542935898,75.19983655592566,10,24.370991117114958,34.864565738765165,2026-05-06
SYN_0969,20.228981542935898,75.19983655592566,25,20.108443922051425,34.71244202933905,2026-05-06
SYN_0969,20.228981542935898,75.19983655592566,50,15.207149719118053,34.70285469018652,2026-05-06
SYN_0969,20.228981542935898,75.19983655592566,75,12.221391742294776,34.66900482333675,2026-05-06
SYN_0969,20.228981542935898,75.19983655592566,100,10.682202576221945,34.53490694268559,2026-05-06
SYN_0969,20.228981542935898,75.19983655592566,150,8.762364804651497,34.65771468806633,2026-05-06
SYN_0969,20.228981542935898,75.19983655592566,200,8.120137867802091,34.51875714570491,2026-05-06
SYN_0970,10.046890683834935,65.02336292848095,0,28.233582785785476,34.86798902730612,2026-01-30
SYN_0970,10.046890683834935,65.02336292848095,10,24.512966127826843,34.743059225454765,2026-01-30
SYN_0970,10.046890683834935,65.02336292848095,25,19.953726463358365,34.81078568040331,2026-01-30
SYN_0970,10.046890683834935,65.02336292848095,50,15.531734935442149,34.43697695211335,2026-01-30
SYN_0970,10.046890683834935,65.02336292848095,75,12.630055395289089,34.46889327725109,2026-01-30
SYN_0970,10.046890683834935,65.02336292848095,100,10.783622695852982,34.429418986634765,2026-01-30
SYN_0970,10.046890683834935,65.02336292848095,150,8.886344411816703,34.62021412206488,2026-01-30
SYN_0970,10.046890683834935,65.02336292848095,200,7.965722367996975,34.67850439542782,2026-01-30
SYN_0971,11.970326982295838,66.72258334029306,0,28.29334105234336,34.8572133600828,2026-04-25
SYN_0971,11.970326982295838,66.72258334029306,10,24.384431378108456,34.81956633018358,2026-04-25
SYN_0971,11.970326982295838,66.72258334029306,25,20.132600970520084,34.796817736051516,2026-04-25
SYN_0971,11.970326982295838,66.72258334029306,50,14.976902157375596,34.773135234855296,2026-04-25
SYN_0971,11.970326982295838,66.72258334029306,75,12.632416887787894,34.46813913739612,2026-04-25
SYN_0971,11.970326982295838,66.72258334029306,100,10.843683026509808,34.409960120552945,2026-04-25
SYN_0971,11.970326982295838,66.72258334029306,150,9.270167826017497,34.33855764672696,2026-04-25
SYN_0971,11.970326982295838,66.72258334029306,200,8.50551970459669,34.53056591073055,2026-04-25
SYN_0972,18.046523389989186,73.66029198654377,0,28.13639519767126,34.92492696394283,2026-04-18
SYN_0972,18.046523389989186,73.66029198654377,10,24.490041748703653,34.79897422608327,2026-04-18
SYN_0972,18.046523389989186,73.66029198654377,25,20.56584171565218,34.485630931377784,2026-04-18
SYN_0972,18.046523389989186,73.66029198654377,50,15.866940536178598,34.2654971859548,2026-04-18
SYN_0972,18.046523389989186,73.66029198654377,75,12.764121490736304,34.40590959621926,2026-04-18
SYN_0972,18.046523389989186,73.66029198654377,100,11.014334263291193,34.36886937868069,2026-04-18
SYN_0972,18.046523389989186,73.66029198654377,150,9.34853307215119,34.25348750286889,2026-04-18
SYN_0972,18.046523389989186,73.66029198654377,200,8.692981118102358,34.36022968967609,2026-04-18
SYN_0973,10.634957283970405,71.81991445511285,0,27.94031066878666,35.061120878919766,2026-04-17
SYN_0973,10.634957283970405,71.81991445511285,10,24.51859809294545,34.72487600841916,2026-04-17
SYN_0973,10.634957283970405,71.81991445511285,25,20.17036886468358,34.70785922470645,2026-04-17
SYN_0973,10.634957283970405,71.81991445511285,50,15.664895398752268,34.39380510604276,2026-04-17
SYN_0973,10.634957283970405,71.81991445511285,75,12.821012259453592,34.39444007473263,2026-04-17
SYN_0973,10.634957283970405,71.81991445511285,100,10.984766614550754,34.32013571087158,2026-04-17
SYN_0973,10.634957283970405,71.81991445511285,150,9.062008102384546,34.51855087845545,2026-04-17
SYN_0973,10.634957283970405,71.81991445511285,200,8.427445123694707,34.43279003333357,2026-04-17
SYN_0974,13.48035667631879,74.0858009815409,0,28.65727745208292,34.69024078523406,2026-06-09
SYN_0974,13.48035667631879,74.0858009815409,10,24.94293943270546,34.527736573350076,2026-06-09
SYN_0974,13.48035667631879,74.0858009815409,25,20.57277492381254,34.45491954125287,2026-06-09
SYN_0974,13.48035667631879,74.0858009815409,50,15.802612031989389,34.39258294698998,2026-06-09
SYN_0974,13.48035667631879,74.0858009815409,75,12.991756063008316,34.341301714215184,2026-06-09
SYN_0974,13.48035667631879,74.0858009815409,100,11.368329809719583,34.24360947173686,2026-06-09
SYN_0974,13.48035667631879,74.0858009815409,150,9.303563734335066,34.398443001149694,2026-06-09
SYN_0974,13.48035667631879,74.0858009815409,200,8.630435731551925,34.309361898710655,2026-06-09
SYN_0975,5.478059291969284,80.37210653589031,0,27.718200002556944,35.15910550424523,2026-04-07
SYN_0975,5.478059291969284,80.37210653589031,10,24.21518404587677,34.939955995526304,2026-04-07
SYN_0975,5.478059291969284,80.37210653589031,25,19.822968811803634,34.94321694043962,2026-04-07
SYN_0975,5.478059291969284,80.37210653589031,50,15.126968979393498,34.64695819404051,2026-04-07
SYN_0975,5.478059291969284,80.37210653589031,75,12.3915359107983,34.59621746844007,2026-04-07
SYN_0975,5.478059291969284,80.37210653589031,100,10.168870167567603,34.81474296347807,2026-04-07
SYN_0975,5.478059291969284,80.37210653589031,150,8.625743066790927,34.69210161370895,2026-04-07
SYN_0975,5.478059291969284,80.37210653589031,200,7.899675949436205,34.753291078787434,2026-04-07
SYN_0976,23.647077424326287,70.21268630056771,0,27.543832509908984,35.223242257697265,2026-03-12
SYN_0976,23.647077424326287,70.21268630056771,10,23.997306996631032,35.00273631897126,2026-03-12
SYN_0976,23.647077424326287,70.21268630056771,25,19.74094884107352,34.93926493466267,2026-03-12
SYN_0976,23.647077424326287,70.21268630056771,50,15.097008510448704,34.793868282039455,2026-03-12
SYN_0976,23.647077424326287,70.21268630056771,75,12.049736424453599,34.76958931468743,2026-03-12
SYN_0976,23.647077424326287,70.21268630056771,100,10.495145568043375,34.62237606390576,2026-03-12
SYN_0976,23.647077424326287,70.21268630056771,150,8.39417195652993,34.83203304919695,2026-03-12
SYN_0976,23.647077424326287,70.21268630056771,200,8.07922455586754,34.61657442377481,2026-03-12
SYN_0977,10.713503765173735,67.47345274909716,0,27.926759837620725,35.038507207637146,2026-04-30
SYN_0977,10.713503765173735,67.47345274909716,10,24.606918065165544,34.73393841169053,2026-04-30
SYN_0977,10.713503765173735,67.47345274909716,25,19.92321707432925,34.84977276421289,2026-04-30
SYN_0977,10.713503765173735,67.47345274909716,50,15.319998044083352,34.6533845703207,2026-04-30
SYN_0977,10.713503765173735,67.47345274909716,75,12.287314874849685,34.61393928011625,2026-04-30
SYN_0977,10.713503765173735,67.47345274909716,100,10.67433491706044,34.590484002124285,2026-04-30
SYN_0977,10.713503765173735,67.47345274909716,150,9.08098582156971,34.468818353158184,2026-04-30
SYN_0977,10.713503765173735,67.47345274909716,200,8.096292685711239,34.64297934611027,2026-04-30
SYN_0978,18.256428370768287,66.90285657515022,0,27.912457833174773,34.94747268611726,2026-05-06
SYN_0978,18.256428370768287,66.90285657515022,10,24.273840335895105,34.90561598527481,2026-05-06
SYN_0978,18.256428370768287,66.90285657515022,25,20.365099661095158,34.64289302962449,2026-05-06
SYN_0978,18.256428370768287,66.90285657515022,50,15.615021291048324,34.49533743271541,2026-05-06
SYN_0978,18.256428370768287,66.90285657515022,75,12.674437807845326,34.38874343932921,2026-05-06
SYN_0978,18.256428370768287,66.90285657515022,100,10.803820827214356,34.507106454791945,2026-05-06
SYN_0978,18.256428370768287,66.90285657515022,150,8.954694151494914,34.49354600006295,2026-05-06
SYN_0978,18.256428370768287,66.90285657515022,200,8.102771646067781,34.624318313522174,2026-05-06
SYN_0979,17.81341536471326,66.79495675376766,0,27.910938300433497,35.05882173150069,2026-01-17
SYN_0979,17.81341536471326,66.79495675376766,10,24.4328391705135,34.870975836369716,2026-01-17
SYN_0979,17.81341536471326,66.79495675376766,25,20.24378116844694,34.626756988978585,2026-01-17
SYN_0979,17.81341536471326,66.79495675376766,50,15.320474424436354,34.61737624220531,2026-01-17
SYN_0979,17.81341536471326,66.79495675376766,75,12.405978807704066,34.62237573163691,2026-01-17
SYN_0979,17.81341536471326,66.79495675376766,100,10.668484015125408,34.57521256767396,2026-01-17
SYN_0979,17.81341536471326,66.79495675376766,150,8.897545990848094,34.52882782322804,2026-01-17
SYN_0979,17.81341536471326,66.79495675376766,200,8.365723477054734,34.539567777958084,2026-01-17
SYN_0980,9.143089965825357,65.36817122696569,0,28.22445229915859,34.89921918921325,2026-04-03
SYN_0980,9.143089965825357,65.36817122696569,10,24.288542399067424,34.87921727760849,2026-04-03
SYN_0980,9.143089965825357,65.36817122696569,25,20.176247624257236,34.76017651554394,2026-04-03
SYN_0980,9.143089965825357,65.36817122696569,50,15.555863111124822,34.49348798575724,2026-04-03
SYN_0980,9.143089965825357,65.36817122696569,75,12.629033180484234,34.44590499015563,2026-04-03
SYN_0980,9.143089965825357,65.36817122696569,100,10.508908959883383,34.62746400181199,2026-04-03
SYN_0980,9.143089965825357,65.36817122696569,150,9.002642759786477,34.48958306877282,2026-04-03
SYN_0980,9.143089965825357,65.36817122696569,200,8.577819871013874,34.39197130484987,2026-04-03
SYN_0981,21.89265343508565,84.30136842860068,0,28.27401616066437,34.84351283293199,2026-01-05
SYN_0981,21.89265343508565,84.30136842860068,10,24.301209113250344,34.82891583626495,2026-01-05
SYN_0981,21.89265343508565,84.30136842860068,25,20.246903690986997,34.78865533142875,2026-01-05
SYN_0981,21.89265343508565,84.30136842860068,50,15.236890868846926,34.702069931938084,2026-01-05
SYN_0981,21.89265343508565,84.30136842860068,75,12.449808265469265,34.5433045267122,2026-01-05
SYN_0981,21.89265343508565,84.30136842860068,100,10.37376609427182,34.729960170290525,2026-01-05
SYN_0981,21.89265343508565,84.30136842860068,150,8.604488632483251,34.77186277086898,2026-01-05
SYN_0981,21.89265343508565,84.30136842860068,200,8.52145563652852,34.44581441859064,2026-01-05
SYN_0982,16.682110058876166,77.49343629027217,0,28.477078858714588,34.79403174653472,2026-01-26
SYN_0982,16.682110058876166,77.49343629027217,10,24.890732968730067,34.691286188629476,2026-01-26
SYN_0982,16.682110058876166,77.49343629027217,25,20.335768340909876,34.611054431762504,2026-01-26
SYN_0982,16.682110058876166,77.49343629027217,50,15.759610364325187,34.40058505962955,2026-01-26
SYN_0982,16.682110058876166,77.49343629027217,75,12.62594389315077,34.51460892752361,2026-01-26
SYN_0982,16.682110058876166,77.49343629027217,100,10.957631464112058,34.36370410370512,2026-01-26
SYN_0982,16.682110058876166,77.49343629027217,150,9.08005316933017,34.44615871333612,2026-01-26
SYN_0982,16.682110058876166,77.49343629027217,200,8.695197233075719,34.366326864300085,2026-01-26
SYN_0983,12.626949643603885,71.740735039281,0,28.325430248723944,34.79129109484937,2026-04-01
SYN_0983,12.626949643603885,71.740735039281,10,24.843852248575487,34.72470020965661,2026-04-01
SYN_0983,12.626949643603885,71.740735039281,25,20.41385205104571,34.51798906363082,2026-04-01
SYN_0983,12.626949643603885,71.740735039281,50,15.387562526959252,34.64513998997615,2026-04-01
SYN_0983,12.626949643603885,71.740735039281,75,12.789391536484187,34.31974572460582,2026-04-01
SYN_0983,12.626949643603885,71.740735039281,100,10.765348171089427,34.47279355838413,2026-04-01
SYN_0983,12.626949643603885,71.740735039281,150,9.183357445122061,34.40755709404394,2026-04-01
SYN_0983,12.626949643603885,71.740735039281,200,8.292181076111333,34.49909471466831,2026-04-01
SYN_0984,6.760174244370045,70.98539295060387,0,27.976165566466285,34.98940531335578,2026-01-02
SYN_0984,6.760174244370045,70.98539295060387,10,24.074015611153865,35.12791492588646,2026-01-02
SYN_0984,6.760174244370045,70.98539295060387,25,20.099454852886527,34.73108304514916,2026-01-02
SYN_0984,6.760174244370045,70.98539295060387,50,15.209846732651746,34.64967335699869,2026-01-02
SYN_0984,6.760174244370045,70.98539295060387,75,12.187399695993472,34.62521753082621,2026-01-02
SYN_0984,6.760174244370045,70.98539295060387,100,10.43447409167266,34.624647192178024,2026-01-02
SYN_0984,6.760174244370045,70.98539295060387,150,8.663023097987379,34.690872450383544,2026-01-02
SYN_0984,6.760174244370045,70.98539295060387,200,8.175390842939944,34.5539866054585,2026-01-02
SYN_0985,5.899371424492057,69.21677085672701,0,27.965753358094485,35.05085689773314,2026-05-02
SYN_0985,5.899371424492057,69.21677085672701,10,24.487467289193834,34.74367755003228,2026-05-02
SYN_0985,5.899371424492057,69.21677085672701,25,19.89929868132064,34.84115265839122,2026-05-02
SYN_0985,5.899371424492057,69.21677085672701,50,15.237705505566614,34.68810442027162,2026-05-02
SYN_0985,5.899371424492057,69.21677085672701,75,12.397530409828493,34.596809893899255,2026-05-02
SYN_0985,5.899371424492057,69.21677085672701,100,10.678405722126683,34.50379347285114,2026-05-02
SYN_0985,5.899371424492057,69.21677085672701,150,8.70605563747065,34.65737361839461,2026-05-02
SYN_0985,5.899371424492057,69.21677085672701,200,8.34140368350967,34.578456319981754,2026-05-02
SYN_0986,7.121876754077105,83.01132470636908,0,27.888949993416052,34.93486083473587,2026-05-02
SYN_0986,7.121876754077105,83.01132470636908,10,24.30622224375946,34.94929357820576,2026-05-02
SYN_0986,7.121876754077105,83.01132470636908,25,20.004169858429776,34.76886401035165,2026-05-02
SYN_0986,7.121876754077105,83.01132470636908,50,15.359708982288085,34.64742707147935,2026-05-02
SYN_0986,7.121876754077105,83.01132470636908,75,12.311128625413966,34.58396085248421,2026-05-02
SYN_0986,7.121876754077105,83.01132470636908,100,10.547805580454275,34.51450612619743,2026-05-02
SYN_0986,7.121876754077105,83.01132470636908,150,8.653756444921367,34.609002333133645,2026-05-02
SYN_0986,7.121876754077105,83.01132470636908,200,8.180482413867038,34.648407400445095,2026-05-02
SYN_0987,19.680214702782568,76.14408900372635,0,28.100198608479957,34.92313815932946,2026-05-02
SYN_0987,19.680214702782568,76.14408900372635,10,24.72166103122423,34.73850120706879,2026-05-02
SYN_0987,19.680214702782568,76.14408900372635,25,20.234975945916027,34.62960219101555,2026-05-02
SYN_0987,19.680214702782568,76.14408900372635,50,15.389959112296223,34.58350301772969,2026-05-02
SYN_0987,19.680214702782568,76.14408900372635,75,12.344737768670917,34.62977732431693,2026-05-02
SYN_0987,19.680214702782568,76.14408900372635,100,11.002601880599753,34.43237040444838,2026-05-02
SYN_0987,19.680214702782568,76.14408900372635,150,9.14075624450281,34.51127569285663,2026-05-02
SYN_0987,19.680214702782568,76.14408900372635,200,8.48596617334385,34.32454799291869,2026-05-02
SYN_0988,21.793679409440664,67.97363523644921,0,28.113254336836306,34.95433548560227,2026-04-29
SYN_0988,21.793679409440664,67.97363523644921,10,24.32971933996633,34.771448967440435,2026-04-29
SYN_0988,21.793679409440664,67.97363523644921,25,19.90791396296869,34.82017988560267,2026-04-29
SYN_0988,21.793679409440664,67.97363523644921,50,15.364117632142566,34.50414712012049,2026-04-29
SYN_0988,21.793679409440664,67.97363523644921,75,12.556386260610305,34.43586263802872,2026-04-29
SYN_0988,21.793679409440664,67.97363523644921,100,10.38456272066291,34.70661456417074,2026-04-29
SYN_0988,21.793679409440664,67.97363523644921,150,8.929985610317683,34.519337919124254,2026-04-29
SYN_0988,21.793679409440664,67.97363523644921,200,8.304239093758836,34.598038606817916,2026-04-29
SYN_0989,17.658061530015942,68.40164736036164,0,28.16527027475825,34.87184497843991,2026-06-17
SYN_0989,17.658061530015942,68.40164736036164,10,24.556627216567033,34.7837404895031,2026-06-17
SYN_0989,17.658061530015942,68.40164736036164,25,20.186575868494877,34.705706525627726,2026-06-17
SYN_0989,17.658061530015942,68.40164736036164,50,15.543249998699277,34.44620747604905,2026-06-17
SYN_0989,17.658061530015942,68.40164736036164,75,12.694245525561708,34.43479454312679,2026-06-17
SYN_0989,17.658061530015942,68.40164736036164,100,10.505835980328477,34.56290809612729,2026-06-17
SYN_0989,17.658061530015942,68.40164736036164,150,9.026679583591582,34.45787372868337,2026-06-17
SYN_0989,17.658061530015942,68.40164736036164,200,8.125522189614717,34.60792428399462,2026-06-17
SYN_0990,24.558766250919163,84.56057945906339,0,28.595929670562285,34.73364240014074,2026-02-22
SYN_0990,24.558766250919163,84.56057945906339,10,24.852406036644386,34.554036706195696,2026-02-22
SYN_0990,24.558766250919163,84.56057945906339,25,20.08530608814093,34.745429473057676,2026-02-22
SYN_0990,24.558766250919163,84.56057945906339,50,15.616615306328617,34.55681174073391,2026-02-22
SYN_0990,24.558766250919163,84.56057945906339,75,12.651654574388306,34.40221297950421,2026-02-22
SYN_0990,24.558766250919163,84.56057945906339,100,10.749944585840087,34.59147538912851,2026-02-22
SYN_0990,24.558766250919163,84.56057945906339,150,9.08786882214249,34.507502980276485,2026-02-22
SYN_0990,24.558766250919163,84.56057945906339,200,8.625688957974702,34.3054981573638,2026-02-22
SYN_0991,24.23371990444512,77.74233149529226,0,27.466953552555115,35.274111914575045,2026-03-08
SYN_0991,24.23371990444512,77.74233149529226,10,24.16081444794825,34.94651016382797,2026-03-08
SYN_0991,24.23371990444512,77.74233149529226,25,19.90003561735232,34.890766056354806,2026-03-08
SYN_0991,24.23371990444512,77.74233149529226,50,14.564025763367763,34.99085924623426,2026-03-08
SYN_0991,24.23371990444512,77.74233149529226,75,12.09551143225154,34.69398489824202,2026-03-08
SYN_0991,24.23371990444512,77.74233149529226,100,9.974714227180996,34.81564346397379,2026-03-08
SYN_0991,24.23371990444512,77.74233149529226,150,8.620619771595978,34.77585816787274,2026-03-08
SYN_0991,24.23371990444512,77.74233149529226,200,7.919036120220862,34.749106315912684,2026-03-08
SYN_0992,17.411108550232647,75.95415352794397,0,28.67717308225431,34.60296723378175,2026-01-28
SYN_0992,17.411108550232647,75.95415352794397,10,25.13900500340838,34.49740542647775,2026-01-28
SYN_0992,17.411108550232647,75.95415352794397,25,20.483065348801446,34.60149482702772,2026-01-28
SYN_0992,17.411108550232647,75.95415352794397,50,15.737014191530545,34.39988128100846,2026-01-28
SYN_0992,17.411108550232647,75.95415352794397,75,12.956935463443118,34.35499604095722,2026-01-28
SYN_0992,17.411108550232647,75.95415352794397,100,11.126407717406835,34.43395260989851,2026-01-28
SYN_0992,17.411108550232647,75.95415352794397,150,9.21796573344647,34.465724005120755,2026-01-28
SYN_0992,17.411108550232647,75.95415352794397,200,8.516241305197997,34.40986890460714,2026-01-28
SYN_0993,6.758888496108519,78.26022006988049,0,27.628232115783746,35.22039996941551,2026-03-01
SYN_0993,6.758888496108519,78.26022006988049,10,23.62059394150615,35.24967751394211,2026-03-01
SYN_0993,6.758888496108519,78.26022006988049,25,20.157233979572514,34.71380286398671,2026-03-01
SYN_0993,6.758888496108519,78.26022006988049,50,15.19297158639239,34.67831670820704,2026-03-01
SYN_0993,6.758888496108519,78.26022006988049,75,12.070182964577635,34.72251973340941,2026-03-01
SYN_0993,6.758888496108519,78.26022006988049,100,10.594295127947522,34.56311229969117,2026-03-01
SYN_0993,6.758888496108519,78.26022006988049,150,8.65061625715803,34.665075869730515,2026-03-01
SYN_0993,6.758888496108519,78.26022006988049,200,8.110136135874894,34.63556160675529,2026-03-01
SYN_0994,14.600541792561543,79.6436485104467,0,28.10064356843786,35.01159953191661,2026-03-25
SYN_0994,14.600541792561543,79.6436485104467,10,24.40882806209488,34.8178526291976,2026-03-25
SYN_0994,14.600541792561543,79.6436485104467,25,20.595711932073982,34.50543182006343,2026-03-25
SYN_0994,14.600541792561543,79.6436485104467,50,15.481225837072047,34.58612881767926,2026-03-25
SYN_0994,14.600541792561543,79.6436485104467,75,12.503128723395854,34.53116301761394,2026-03-25
SYN_0994,14.600541792561543,79.6436485104467,100,11.05481806741754,34.36800603055114,2026-03-25
SYN_0994,14.600541792561543,79.6436485104467,150,9.187312786977504,34.460574681523624,2026-03-25
SYN_0994,14.600541792561543,79.6436485104467,200,8.683531233766878,34.328197184924704,2026-03-25
SYN_0995,8.267636155327656,71.31514621347907,0,27.986745012653028,34.983798490949056,2026-06-14
SYN_0995,8.267636155327656,71.31514621347907,10,24.157911391190932,34.87035989983993,2026-06-14
SYN_0995,8.267636155327656,71.31514621347907,25,20.290265622847137,34.59626950658578,2026-06-14
SYN_0995,8.267636155327656,71.31514621347907,50,15.270922810256385,34.716130573718495,2026-06-14
SYN_0995,8.267636155327656,71.31514621347907,75,11.987409672319954,34.72429514930655,2026-06-14
SYN_0995,8.267636155327656,71.31514621347907,100,10.145869801664006,34.77448364375154,2026-06-14
SYN_0995,8.267636155327656,71.31514621347907,150,8.621570630993677,34.638430086769056,2026-06-14
SYN_0995,8.267636155327656,71.31514621347907,200,8.231881589619356,34.523310777578324,2026-06-14
SYN_0996,19.13161609434208,83.8236083981781,0,28.050607971779925,35.0563279367116,2026-04-23
SYN_0996,19.13161609434208,83.8236083981781,10,24.432964554946068,34.841973452888496,2026-04-23
SYN_0996,19.13161609434208,83.8236083981781,25,20.090842306524767,34.62754285268797,2026-04-23
SYN_0996,19.13161609434208,83.8236083981781,50,15.54353661840077,34.49283902601241,2026-04-23
SYN_0996,19.13161609434208,83.8236083981781,75,12.52983450046594,34.528648749293694,2026-04-23
SYN_0996,19.13161609434208,83.8236083981781,100,10.522726073896873,34.58905511495249,2026-04-23
SYN_0996,19.13161609434208,83.8236083981781,150,9.009111094487269,34.483054236693626,2026-04-23
SYN_0996,19.13161609434208,83.8236083981781,200,8.301953529367715,34.525252700519935,2026-04-23
SYN_0997,7.464232384732714,71.9457987083833,0,27.715211177240995,35.09751855090701,2026-05-14
SYN_0997,7.464232384732714,71.9457987083833,10,24.2696153827968,34.92549313868376,2026-05-14
SYN_0997,7.464232384732714,71.9457987083833,25,19.82614882938513,34.83766841195718,2026-05-14
SYN_0997,7.464232384732714,71.9457987083833,50,14.93442509218226,34.77810462124028,2026-05-14
SYN_0997,7.464232384732714,71.9457987083833,75,12.271568808313509,34.70028818148626,2026-05-14
SYN_0997,7.464232384732714,71.9457987083833,100,10.455818126982354,34.686510794868006,2026-05-14
SYN_0997,7.464232384732714,71.9457987083833,150,8.627988518528703,34.797485649249694,2026-05-14
SYN_0997,7.464232384732714,71.9457987083833,200,7.957268252418136,34.72372392550733,2026-05-14
SYN_0998,13.760310444992852,68.73347964391482,0,27.88452995510737,35.04578441188697,2026-06-27
SYN_0998,13.760310444992852,68.73347964391482,10,24.57585344972975,34.664655702394974,2026-06-27
SYN_0998,13.760310444992852,68.73347964391482,25,20.2497770603399,34.648466627335,2026-06-27
SYN_0998,13.760310444992852,68.73347964391482,50,15.54208337358805,34.511030470589745,2026-06-27
SYN_0998,13.760310444992852,68.73347964391482,75,12.738946130667811,34.42009495750469,2026-06-27
SYN_0998,13.760310444992852,68.73347964391482,100,10.712452583418422,34.51556334077747,2026-06-27
SYN_0998,13.760310444992852,68.73347964391482,150,9.178377016150833,34.372876632019015,2026-06-27
SYN_0998,13.760310444992852,68.73347964391482,200,8.494937700593313,34.37503066692616,2026-06-27
SYN_0999,10.673759192334177,84.86575951454513,0,28.140683448587485,34.975227758262,2026-06-16
SYN_0999,10.673759192334177,84.86575951454513,10,24.587651790844564,34.80002700800785,2026-06-16
SYN_0999,10.673759192334177,84.86575951454513,25,20.08622311739105,34.78636943277558,2026-06-16
SYN_0999,10.673759192334177,84.86575951454513,50,15.234387259623123,34.734989740416985,2026-06-16
SYN_0999,10.673759192334177,84.86575951454513,75,12.25280843969311,34.68911928228077,2026-06-16
SYN_0999,10.673759192334177,84.86575951454513,100,10.590146421884505,34.619800722380226,2026-06-16
SYN_0999,10.673759192334177,84.86575951454513,150,8.909130300956058,34.56322185374033,2026-06-16
SYN_0999,10.673759192334177,84.86575951454513,200,8.442836171957161,34.39151179604237,2026-06-16
