latitude,longitude,depth
5.0,65.0,-32.79916761170276
5.0,65.20202020202021,-32.18784459942268
5.0,65.4040404040404,-30.299351441900797
5.0,65.60606060606061,-32.73416828809925
5.0,65.8080808080808,-29.44018511039672
5.0,66.01010101010101,-31.44880334097754
5.0,66.21212121212122,-31.162877231191633
5.0,66.41414141414141,-31.528170458721306
5.0,66.61616161616162,-29.638978281750877
5.0,66.81818181818181,-29.153075984336166
5.0,67.02020202020202,-29.06136955926828
5.0,67.22222222222223,-27.629891115876383
5.0,67.42424242424242,-28.077402695023046
5.0,67.62626262626263,-25.734909292035894
5.0,67.82828282828282,-26.08346877730129
5.0,68.03030303030303,-24.061240645244826
5.0,68.23232323232324,-23.081741809429737
5.0,68.43434343434343,-21.786154450433564
5.0,68.63636363636364,-20.883709571080292
5.0,68.83838383838383,-17.320442530253242
5.0,69.04040404040404,-14.412301342041708
5.0,69.24242424242425,-13.535751650334815
5.0,69.44444444444444,-17.178357878952426
5.0,69.64646464646465,-11.239391580544883
5.0,69.84848484848484,-13.31738573096204
5.0,70.05050505050505,-10.514124747694034
5.0,70.25252525252526,-12.712158619941569
5.0,70.45454545454545,-10.091276270978351
5.0,70.65656565656566,-8.943831576131428
5.0,70.85858585858585,-11.752121398779423
5.0,71.06060606060606,-7.07907425800911
5.0,71.26262626262626,-5.0
5.0,71.46464646464646,-7.523450345057903
5.0,71.66666666666667,-5.0
5.0,71.86868686868686,-6.408442335807304
5.0,72.07070707070707,-5.0
5.0,72.27272727272727,-10.098089238453703
5.0,72.47474747474747,-5.0
5.0,72.67676767676768,-5.0
5.0,72.87878787878788,-6.230205452763422
5.0,73.08080808080808,-9.605132603531848
5.0,73.28282828282828,-5.084897993676685
5.0,73.48484848484848,-8.548805839589422
5.0,73.68686868686869,-5.0
5.0,73.88888888888889,-5.0
5.0,74.0909090909091,-7.543761120169054
5.0,74.29292929292929,-5.0
5.0,74.4949494949495,-5.0
5.0,74.6969696969697,-5.0
5.0,74.8989898989899,-5.6432393771964975
5.0,75.1010101010101,-8.492002918379265
5.0,75.3030303030303,-5.0
5.0,75.5050505050505,-6.201697582842791
5.0,75.70707070707071,-8.440515070957584
5.0,75.9090909090909,-5.0
5.0,76.11111111111111,-5.0
5.0,76.31313131313131,-5.743451042531534
5.0,76.51515151515152,-5.0
5.0,76.71717171717171,-5.478325327350449
5.0,76.91919191919192,-6.421866592905851
5.0,77.12121212121212,-6.921871692944105
5.0,77.32323232323232,-5.0
5.0,77.52525252525253,-7.221242547348694
5.0,77.72727272727272,-5.0
5.0,77.92929292929293,-6.779282454691566
5.0,78.13131313131314,-6.581568309721876
5.0,78.33333333333333,-5.0
5.0,78.53535353535354,-6.421028477151857
5.0,78.73737373737373,-6.470545543413737
5.0,78.93939393939394,-5.0
5.0,79.14141414141415,-5.0
5.0,79.34343434343434,-5.0
5.0,79.54545454545455,-6.970494335821048
5.0,79.74747474747474,-6.682171783168309
5.0,79.94949494949495,-5.501124257093075
5.0,80.15151515151516,-5.0190946607218345
5.0,80.35353535353535,-7.636686604852693
5.0,80.55555555555556,-5.0
5.0,80.75757575757575,-5.489928125293952
5.0,80.95959595959596,-9.092371421849409
5.0,81.16161616161617,-7.518807749494611
5.0,81.36363636363636,-6.669212131876478
5.0,81.56565656565657,-5.80667016225526
5.0,81.76767676767676,-5.0
5.0,81.96969696969697,-5.184612172293893
5.0,82.17171717171718,-7.3424985643704
5.0,82.37373737373737,-5.219693175958823
5.0,82.57575757575758,-6.365130279480912
5.0,82.77777777777777,-5.011438305506067
5.0,82.97979797979798,-5.0
5.0,83.18181818181819,-5.0
5.0,83.38383838383838,-5.709527775913202
5.0,83.58585858585859,-5.0
5.0,83.78787878787878,-5.0
5.0,83.98989898989899,-7.075833874197525
5.0,84.1919191919192,-5.0
5.0,84.39393939393939,-5.006965758032955
5.0,84.5959595959596,-7.33120379251762
5.0,84.79797979797979,-5.0
5.0,85.0,-5.0
5.202020202020202,65.0,-31.573356528272804
5.202020202020202,65.20202020202021,-32.42247209514482
5.202020202020202,65.4040404040404,-32.06757783526875
5.202020202020202,65.60606060606061,-31.04198821930622
5.202020202020202,65.8080808080808,-30.257941137800053
5.202020202020202,66.01010101010101,-31.62012700676814
5.202020202020202,66.21212121212122,-32.50013964857832
5.202020202020202,66.41414141414141,-29.792162675163468
5.202020202020202,66.61616161616162,-32.70443790275494
5.202020202020202,66.81818181818181,-29.928513445546923
5.202020202020202,67.02020202020202,-31.475609277966907
5.202020202020202,67.22222222222223,-29.447435851442744
5.202020202020202,67.42424242424242,-29.38667565892063
5.202020202020202,67.62626262626263,-28.09031260683485
5.202020202020202,67.82828282828282,-27.502829078514033
5.202020202020202,68.03030303030303,-22.779908669778845
5.202020202020202,68.23232323232324,-25.33861431659227
5.202020202020202,68.43434343434343,-24.029422262890705
5.202020202020202,68.63636363636364,-17.037048061733294
5.202020202020202,68.83838383838383,-18.14008187498164
5.202020202020202,69.04040404040404,-23.23430747023674
5.202020202020202,69.24242424242425,-18.59095934544854
5.202020202020202,69.44444444444444,-19.948828049112144
5.202020202020202,69.64646464646465,-17.018777291270727
5.202020202020202,69.84848484848484,-20.644695529347885
5.202020202020202,70.05050505050505,-13.617438681596072
5.202020202020202,70.25252525252526,-14.94915726688449
5.202020202020202,70.45454545454545,-11.728981916905397
5.202020202020202,70.65656565656566,-14.431677060866729
5.202020202020202,70.85858585858585,-10.118422050232562
5.202020202020202,71.06060606060606,-10.719376149357776
5.202020202020202,71.26262626262626,-6.347023345876135
5.202020202020202,71.46464646464646,-5.957010354515162
5.202020202020202,71.66666666666667,-6.638802003519321
5.202020202020202,71.86868686868686,-8.291632837516175
5.202020202020202,72.07070707070707,-5.0
5.202020202020202,72.27272727272727,-9.77642252114458
5.202020202020202,72.47474747474747,-9.307191950509027
5.202020202020202,72.67676767676768,-6.302846118735474
5.202020202020202,72.87878787878788,-5.0
5.202020202020202,73.08080808080808,-6.207532182569737
5.202020202020202,73.28282828282828,-6.0274452066437565
5.202020202020202,73.48484848484848,-8.544775457683976
5.202020202020202,73.68686868686869,-5.0
5.202020202020202,73.88888888888889,-5.0
5.202020202020202,74.0909090909091,-5.0
5.202020202020202,74.29292929292929,-6.919396129395043
5.202020202020202,74.4949494949495,-7.074368320973655
5.202020202020202,74.6969696969697,-8.247199285230291
5.202020202020202,74.8989898989899,-5.493209781013454
5.202020202020202,75.1010101010101,-7.8217694431105365
5.202020202020202,75.3030303030303,-8.015787795064554
5.202020202020202,75.5050505050505,-6.508336218392465
5.202020202020202,75.70707070707071,-6.63926713494087
5.202020202020202,75.9090909090909,-6.736911842216817
5.202020202020202,76.11111111111111,-5.0
5.202020202020202,76.31313131313131,-5.502859180272571
5.202020202020202,76.51515151515152,-6.237266845595377
5.202020202020202,76.71717171717171,-5.294928927950184
5.202020202020202,76.91919191919192,-7.644008866782413
5.202020202020202,77.12121212121212,-5.450397536753794
5.202020202020202,77.32323232323232,-5.3597497988838825
5.202020202020202,77.52525252525253,-8.667048503288111
5.202020202020202,77.72727272727272,-5.0
5.202020202020202,77.92929292929293,-7.423822195027141
5.202020202020202,78.13131313131314,-5.48033518616028
5.202020202020202,78.33333333333333,-5.0
5.202020202020202,78.53535353535354,-5.0
5.202020202020202,78.73737373737373,-5.592288007435479
5.202020202020202,78.93939393939394,-6.385952790337287
5.202020202020202,79.14141414141415,-5.0
5.202020202020202,79.34343434343434,-5.0
5.202020202020202,79.54545454545455,-6.897684824661409
5.202020202020202,79.74747474747474,-7.250742078576531
5.202020202020202,79.94949494949495,-9.805665147965147
5.202020202020202,80.15151515151516,-5.352891101205975
5.202020202020202,80.35353535353535,-5.826350274609947
5.202020202020202,80.55555555555556,-5.0
5.202020202020202,80.75757575757575,-5.0
5.202020202020202,80.95959595959596,-5.0
5.202020202020202,81.16161616161617,-7.055683240405491
5.202020202020202,81.36363636363636,-5.0
5.202020202020202,81.56565656565657,-6.71878754278246
5.202020202020202,81.76767676767676,-5.0
5.202020202020202,81.96969696969697,-8.578471569634537
5.202020202020202,82.17171717171718,-5.190684185840773
5.202020202020202,82.37373737373737,-9.63033066746497
5.202020202020202,82.57575757575758,-6.195229756456659
5.202020202020202,82.77777777777777,-5.0
5.202020202020202,82.97979797979798,-6.702891887035341
5.202020202020202,83.18181818181819,-7.7618300420850845
5.202020202020202,83.38383838383838,-5.0
5.202020202020202,83.58585858585859,-5.8678803642669966
5.202020202020202,83.78787878787878,-6.640096078634493
5.202020202020202,83.98989898989899,-5.5771629422645965
5.202020202020202,84.1919191919192,-5.0
5.202020202020202,84.39393939393939,-5.0
5.202020202020202,84.5959595959596,-5.0
5.202020202020202,84.79797979797979,-5.0
5.202020202020202,85.0,-5.327984239418855
5.404040404040404,65.0,-35.900861949657006
5.404040404040404,65.20202020202021,-33.786119519437044
5.404040404040404,65.4040404040404,-33.55203070318215
5.404040404040404,65.60606060606061,-35.90725281504752
5.404040404040404,65.8080808080808,-34.95423916972332
5.404040404040404,66.01010101010101,-36.65031002336799
5.404040404040404,66.21212121212122,-33.69988919780556
5.404040404040404,66.41414141414141,-32.214617553972474
5.404040404040404,66.61616161616162,-31.639946714720896
5.404040404040404,66.81818181818181,-31.958833702542602
5.404040404040404,67.02020202020202,-34.08579362339356
5.404040404040404,67.22222222222223,-35.10102836241743
5.404040404040404,67.42424242424242,-33.940627877148444
5.404040404040404,67.62626262626263,-31.97642875509496
5.404040404040404,67.82828282828282,-29.73383681935263
5.404040404040404,68.03030303030303,-27.26962041742381
5.404040404040404,68.23232323232324,-27.5674679299193
5.404040404040404,68.43434343434343,-23.487730821186428
5.404040404040404,68.63636363636364,-23.233926120279783
5.404040404040404,68.83838383838383,-21.527079031505554
5.404040404040404,69.04040404040404,-17.977423033593134
5.404040404040404,69.24242424242425,-21.568534556102584
5.404040404040404,69.44444444444444,-17.18698596954914
5.404040404040404,69.64646464646465,-17.083965601343856
5.404040404040404,69.84848484848484,-16.782701056123628
5.404040404040404,70.05050505050505,-13.098533976119725
5.404040404040404,70.25252525252526,-12.514126125238045
5.404040404040404,70.45454545454545,-15.5413530553267
5.404040404040404,70.65656565656566,-13.153678813281092
5.404040404040404,70.85858585858585,-11.338341132124723
5.404040404040404,71.06060606060606,-12.036490066284165
5.404040404040404,71.26262626262626,-10.023679025238216
5.404040404040404,71.46464646464646,-10.047235869280739
5.404040404040404,71.66666666666667,-6.409584150630572
5.404040404040404,71.86868686868686,-12.561746463706836
5.404040404040404,72.07070707070707,-9.360221711577115
5.404040404040404,72.27272727272727,-10.34340268759301
5.404040404040404,72.47474747474747,-6.996052800273169
5.404040404040404,72.67676767676768,-11.163846721897881
5.404040404040404,72.87878787878788,-6.848892809358721
5.404040404040404,73.08080808080808,-8.368620441544053
5.404040404040404,73.28282828282828,-8.007660874323975
5.404040404040404,73.48484848484848,-9.576968265796088
5.404040404040404,73.68686868686869,-7.19226680588608
5.404040404040404,73.88888888888889,-5.0
5.404040404040404,74.0909090909091,-5.969526141238143
5.404040404040404,74.29292929292929,-5.0
5.404040404040404,74.4949494949495,-5.0
5.404040404040404,74.6969696969697,-5.133443614832889
5.404040404040404,74.8989898989899,-6.778553928651151
5.404040404040404,75.1010101010101,-5.0
5.404040404040404,75.3030303030303,-6.749547077195694
5.404040404040404,75.5050505050505,-6.669800151165402
5.404040404040404,75.70707070707071,-8.700740383810187
5.404040404040404,75.9090909090909,-5.0
5.404040404040404,76.11111111111111,-6.432959935871952
5.404040404040404,76.31313131313131,-5.296758292941405
5.404040404040404,76.51515151515152,-7.732878641786419
5.404040404040404,76.71717171717171,-5.0
5.404040404040404,76.91919191919192,-7.184837260843317
5.404040404040404,77.12121212121212,-5.944372227976798
5.404040404040404,77.32323232323232,-5.0
5.404040404040404,77.52525252525253,-5.0
5.404040404040404,77.72727272727272,-5.705014929607031
5.404040404040404,77.92929292929293,-9.197216849986587
5.404040404040404,78.13131313131314,-5.0
5.404040404040404,78.33333333333333,-5.0
5.404040404040404,78.53535353535354,-5.0
5.404040404040404,78.73737373737373,-7.167362347755091
5.404040404040404,78.93939393939394,-5.8881391079770795
5.404040404040404,79.14141414141415,-6.7477956441261835
5.404040404040404,79.34343434343434,-5.0
5.404040404040404,79.54545454545455,-5.1359490028694825
5.404040404040404,79.74747474747474,-7.229282501292816
5.404040404040404,79.94949494949495,-6.602464982822713
5.404040404040404,80.15151515151516,-5.0
5.404040404040404,80.35353535353535,-5.0
5.404040404040404,80.55555555555556,-5.0
5.404040404040404,80.75757575757575,-5.0
5.404040404040404,80.95959595959596,-6.166204522178424
5.404040404040404,81.16161616161617,-12.14398243523139
5.404040404040404,81.36363636363636,-5.066634736956707
5.404040404040404,81.56565656565657,-5.664612302261351
5.404040404040404,81.76767676767676,-5.380990591930442
5.404040404040404,81.96969696969697,-5.553160090506737
5.404040404040404,82.17171717171718,-8.313479108471464
5.404040404040404,82.37373737373737,-5.0
5.404040404040404,82.57575757575758,-5.0
5.404040404040404,82.77777777777777,-5.0
5.404040404040404,82.97979797979798,-5.0
5.404040404040404,83.18181818181819,-5.0
5.404040404040404,83.38383838383838,-6.481013607650971
5.404040404040404,83.58585858585859,-5.80262848040533
5.404040404040404,83.78787878787878,-5.478705050066396
5.404040404040404,83.98989898989899,-5.445555886359913
5.404040404040404,84.1919191919192,-5.0
5.404040404040404,84.39393939393939,-5.0
5.404040404040404,84.5959595959596,-5.0
5.404040404040404,84.79797979797979,-5.0
5.404040404040404,85.0,-5.5016556193453
5.606060606060606,65.0,-38.968478178408446
5.606060606060606,65.20202020202021,-31.985100994178914
5.606060606060606,65.4040404040404,-34.65130043143102
5.606060606060606,65.60606060606061,-35.32188055082285
5.606060606060606,65.8080808080808,-34.869252865761084
5.606060606060606,66.01010101010101,-35.45743427250567
5.606060606060606,66.21212121212122,-33.960450008030655
5.606060606060606,66.41414141414141,-37.41020554294982
5.606060606060606,66.61616161616162,-36.43006367045991
5.606060606060606,66.81818181818181,-33.755923879702834
5.606060606060606,67.02020202020202,-32.64619894941733
5.606060606060606,67.22222222222223,-31.791502196511114
5.606060606060606,67.42424242424242,-33.41514475457566
5.606060606060606,67.62626262626263,-32.88045057424472
5.606060606060606,67.82828282828282,-30.694095663681317
5.606060606060606,68.03030303030303,-28.15079764256924
5.606060606060606,68.23232323232324,-24.245435857488456
5.606060606060606,68.43434343434343,-29.750220584137335
5.606060606060606,68.63636363636364,-24.90291239314217
5.606060606060606,68.83838383838383,-25.877766054798965
5.606060606060606,69.04040404040404,-25.1733001039633
5.606060606060606,69.24242424242425,-18.860884659139295
5.606060606060606,69.44444444444444,-18.221535302465917
5.606060606060606,69.64646464646465,-17.864312308563733
5.606060606060606,69.84848484848484,-15.685188987590879
5.606060606060606,70.05050505050505,-17.81853344456178
5.606060606060606,70.25252525252526,-17.043153641835765
5.606060606060606,70.45454545454545,-10.845892100938258
5.606060606060606,70.65656565656566,-15.055405459040957
5.606060606060606,70.85858585858585,-12.367873635728511
5.606060606060606,71.06060606060606,-13.30179378817957
5.606060606060606,71.26262626262626,-16.711614731705144
5.606060606060606,71.46464646464646,-16.486479866729
5.606060606060606,71.66666666666667,-13.121340742395088
5.606060606060606,71.86868686868686,-9.460345775136952
5.606060606060606,72.07070707070707,-9.243521663940342
5.606060606060606,72.27272727272727,-8.798794177678866
5.606060606060606,72.47474747474747,-12.097044455340784
5.606060606060606,72.67676767676768,-6.464883137581749
5.606060606060606,72.87878787878788,-11.155184100783611
5.606060606060606,73.08080808080808,-8.396849509838548
5.606060606060606,73.28282828282828,-8.606799633543138
5.606060606060606,73.48484848484848,-8.309216545175206
5.606060606060606,73.68686868686869,-5.2697977837283085
5.606060606060606,73.88888888888889,-9.14610358884003
5.606060606060606,74.0909090909091,-10.023525042033341
5.606060606060606,74.29292929292929,-7.2152995157400746
5.606060606060606,74.4949494949495,-7.87181958495332
5.606060606060606,74.6969696969697,-5.0
5.606060606060606,74.8989898989899,-5.483790217835467
5.606060606060606,75.1010101010101,-7.764660438166546
5.606060606060606,75.3030303030303,-8.889819389883002
5.606060606060606,75.5050505050505,-10.34172847879776
5.606060606060606,75.70707070707071,-8.69298610973528
5.606060606060606,75.9090909090909,-6.6092849129132345
5.606060606060606,76.11111111111111,-5.0
5.606060606060606,76.31313131313131,-5.0
5.606060606060606,76.51515151515152,-6.052310356298241
5.606060606060606,76.71717171717171,-7.3069684408702615
5.606060606060606,76.91919191919192,-6.115891889272136
5.606060606060606,77.12121212121212,-7.564655442045266
5.606060606060606,77.32323232323232,-5.0
5.606060606060606,77.52525252525253,-6.728047180287816
5.606060606060606,77.72727272727272,-6.732206265859854
5.606060606060606,77.92929292929293,-10.821109810134857
5.606060606060606,78.13131313131314,-6.72282835395954
5.606060606060606,78.33333333333333,-5.0
5.606060606060606,78.53535353535354,-8.582537322676899
5.606060606060606,78.73737373737373,-7.872764584651807
5.606060606060606,78.93939393939394,-5.0
5.606060606060606,79.14141414141415,-9.482111588194215
5.606060606060606,79.34343434343434,-5.0
5.606060606060606,79.54545454545455,-7.437755496683961
5.606060606060606,79.74747474747474,-7.082201318888482
5.606060606060606,79.94949494949495,-8.732041928951402
5.606060606060606,80.15151515151516,-5.447598467987397
5.606060606060606,80.35353535353535,-5.0
5.606060606060606,80.55555555555556,-5.061630346140409
5.606060606060606,80.75757575757575,-7.953884282192487
5.606060606060606,80.95959595959596,-5.0
5.606060606060606,81.16161616161617,-7.231436406419931
5.606060606060606,81.36363636363636,-5.0
5.606060606060606,81.56565656565657,-5.0
5.606060606060606,81.76767676767676,-12.233497846749826
5.606060606060606,81.96969696969697,-8.412875367704405
5.606060606060606,82.17171717171718,-5.0
5.606060606060606,82.37373737373737,-6.057573334997667
5.606060606060606,82.57575757575758,-8.19255618441152
5.606060606060606,82.77777777777777,-7.698135980062309
5.606060606060606,82.97979797979798,-10.469432351750484
5.606060606060606,83.18181818181819,-6.5839418791922695
5.606060606060606,83.38383838383838,-5.0
5.606060606060606,83.58585858585859,-5.0
5.606060606060606,83.78787878787878,-5.0
5.606060606060606,83.98989898989899,-5.0
5.606060606060606,84.1919191919192,-5.0
5.606060606060606,84.39393939393939,-5.0
5.606060606060606,84.5959595959596,-5.6932536149352915
5.606060606060606,84.79797979797979,-6.7570197199572535
5.606060606060606,85.0,-5.0
5.808080808080808,65.0,-32.56120643435088
5.808080808080808,65.20202020202021,-35.30595890945679
5.808080808080808,65.4040404040404,-35.842661328406734
5.808080808080808,65.60606060606061,-34.88484354236246
5.808080808080808,65.8080808080808,-34.302862401088476
5.808080808080808,66.01010101010101,-34.62291381438709
5.808080808080808,66.21212121212122,-38.15613317370321
5.808080808080808,66.41414141414141,-33.05516166624463
5.808080808080808,66.61616161616162,-37.02111137869749
5.808080808080808,66.81818181818181,-36.15573247752612
5.808080808080808,67.02020202020202,-36.68257620935825
5.808080808080808,67.22222222222223,-29.396537248829393
5.808080808080808,67.42424242424242,-32.93280833709401
5.808080808080808,67.62626262626263,-34.03188840495634
5.808080808080808,67.82828282828282,-29.572329180419896
5.808080808080808,68.03030303030303,-28.404967305622467
5.808080808080808,68.23232323232324,-29.018663195130713
5.808080808080808,68.43434343434343,-25.72101823310009
5.808080808080808,68.63636363636364,-27.678060479024673
5.808080808080808,68.83838383838383,-25.893494780736482
5.808080808080808,69.04040404040404,-27.618312633549294
5.808080808080808,69.24242424242425,-24.917624586572543
5.808080808080808,69.44444444444444,-17.70563677632916
5.808080808080808,69.64646464646465,-16.983410006027608
5.808080808080808,69.84848484848484,-19.344946139494052
5.808080808080808,70.05050505050505,-15.156593526242283
5.808080808080808,70.25252525252526,-18.028215002656633
5.808080808080808,70.45454545454545,-17.571005913118217
5.808080808080808,70.65656565656566,-16.4819134324281
5.808080808080808,70.85858585858585,-16.134319320807244
5.808080808080808,71.06060606060606,-15.89587309700286
5.808080808080808,71.26262626262626,-12.71241435203882
5.808080808080808,71.46464646464646,-14.111912351741363
5.808080808080808,71.66666666666667,-12.83609279972972
5.808080808080808,71.86868686868686,-11.627347401355241
5.808080808080808,72.07070707070707,-12.49513946357068
5.808080808080808,72.27272727272727,-14.700008895988933
5.808080808080808,72.47474747474747,-14.967063612836288
5.808080808080808,72.67676767676768,-11.646107664635439
5.808080808080808,72.87878787878788,-11.53535516281912
5.808080808080808,73.08080808080808,-10.232096270139287
5.808080808080808,73.28282828282828,-10.163985968951813
5.808080808080808,73.48484848484848,-5.0
5.808080808080808,73.68686868686869,-12.225700053494108
5.808080808080808,73.88888888888889,-13.272395804618265
5.808080808080808,74.0909090909091,-8.502974711074584
5.808080808080808,74.29292929292929,-9.494670969752697
5.808080808080808,74.4949494949495,-8.01197135106242
5.808080808080808,74.6969696969697,-7.4792720103116554
5.808080808080808,74.8989898989899,-5.601750797771265
5.808080808080808,75.1010101010101,-11.397110150533221
5.808080808080808,75.3030303030303,-9.223693530107814
5.808080808080808,75.5050505050505,-7.314646760194388
5.808080808080808,75.70707070707071,-6.329728660657623
5.808080808080808,75.9090909090909,-5.0
5.808080808080808,76.11111111111111,-6.016393696886118
5.808080808080808,76.31313131313131,-8.084641076626301
5.808080808080808,76.51515151515152,-9.734731977466433
5.808080808080808,76.71717171717171,-9.209322005925408
5.808080808080808,76.91919191919192,-9.076018121805385
5.808080808080808,77.12121212121212,-6.756940460844267
5.808080808080808,77.32323232323232,-7.235222141894271
5.808080808080808,77.52525252525253,-10.397038849175374
5.808080808080808,77.72727272727272,-8.732542785273226
5.808080808080808,77.92929292929293,-6.045653905821355
5.808080808080808,78.13131313131314,-6.987374778245085
5.808080808080808,78.33333333333333,-6.531947376042478
5.808080808080808,78.53535353535354,-7.093268192476481
5.808080808080808,78.73737373737373,-5.0
5.808080808080808,78.93939393939394,-7.5608888690039855
5.808080808080808,79.14141414141415,-8.592519508983237
5.808080808080808,79.34343434343434,-9.688867429999354
5.808080808080808,79.54545454545455,-7.210964526621452
5.808080808080808,79.74747474747474,-12.768713575590734
5.808080808080808,79.94949494949495,-8.021866282763218
5.808080808080808,80.15151515151516,-8.275031650215972
5.808080808080808,80.35353535353535,-10.532629795315025
5.808080808080808,80.55555555555556,-9.564448989123491
5.808080808080808,80.75757575757575,-6.182107804363131
5.808080808080808,80.95959595959596,-7.4341736826720695
5.808080808080808,81.16161616161617,-7.555117478024112
5.808080808080808,81.36363636363636,-7.047698496200361
5.808080808080808,81.56565656565657,-7.732407744470766
5.808080808080808,81.76767676767676,-5.4239286073496356
5.808080808080808,81.96969696969697,-7.5077110356794785
5.808080808080808,82.17171717171718,-10.559512040544817
5.808080808080808,82.37373737373737,-5.0
5.808080808080808,82.57575757575758,-7.104302459152997
5.808080808080808,82.77777777777777,-8.97739440668355
5.808080808080808,82.97979797979798,-10.388716948199903
5.808080808080808,83.18181818181819,-6.899529632643241
5.808080808080808,83.38383838383838,-7.871534971486961
5.808080808080808,83.58585858585859,-5.0
5.808080808080808,83.78787878787878,-8.334088128841854
5.808080808080808,83.98989898989899,-9.458075727496286
5.808080808080808,84.1919191919192,-6.039642049661383
5.808080808080808,84.39393939393939,-5.936168438843454
5.808080808080808,84.5959595959596,-7.2480334005666265
5.808080808080808,84.79797979797979,-6.4257286229628585
5.808080808080808,85.0,-7.809716565718909
6.01010101010101,65.0,-35.28495684857379
6.01010101010101,65.20202020202021,-34.13306079358547
6.01010101010101,65.4040404040404,-35.04251370494968
6.01010101010101,65.60606060606061,-36.56444521453745
6.01010101010101,65.8080808080808,-34.658550785025476
6.01010101010101,66.01010101010101,-40.728688971462574
6.01010101010101,66.21212121212122,-33.7439541170675
6.01010101010101,66.41414141414141,-40.10799927152177
6.01010101010101,66.61616161616162,-38.205001819855305
6.01010101010101,66.81818181818181,-37.01346609340894
6.01010101010101,67.02020202020202,-36.574544866570406
6.01010101010101,67.22222222222223,-33.92019624346133
6.01010101010101,67.42424242424242,-36.93748395341334
6.01010101010101,67.62626262626263,-33.49335539550935
6.01010101010101,67.82828282828282,-34.00086866405906
6.01010101010101,68.03030303030303,-30.961869743441152
6.01010101010101,68.23232323232324,-30.371140977287173
6.01010101010101,68.43434343434343,-28.998908707787034
6.01010101010101,68.63636363636364,-28.898745376461203
6.01010101010101,68.83838383838383,-27.5748315852251
6.01010101010101,69.04040404040404,-24.74170046074481
6.01010101010101,69.24242424242425,-22.337793511970858
6.01010101010101,69.44444444444444,-24.256334315746525
6.01010101010101,69.64646464646465,-23.98034616448143
6.01010101010101,69.84848484848484,-20.01953853568438
6.01010101010101,70.05050505050505,-20.364940574774643
6.01010101010101,70.25252525252526,-17.923020178761554
6.01010101010101,70.45454545454545,-20.837211696593638
6.01010101010101,70.65656565656566,-22.106603326959398
6.01010101010101,70.85858585858585,-19.168146846451652
6.01010101010101,71.06060606060606,-19.286582369811068
6.01010101010101,71.26262626262626,-17.66647064766377
6.01010101010101,71.46464646464646,-18.488945098729754
6.01010101010101,71.66666666666667,-15.371197850422964
6.01010101010101,71.86868686868686,-17.256379965735473
6.01010101010101,72.07070707070707,-15.756544264242152
6.01010101010101,72.27272727272727,-15.049573944091923
6.01010101010101,72.47474747474747,-14.234355238711371
6.01010101010101,72.67676767676768,-14.265450224950571
6.01010101010101,72.87878787878788,-12.315311674527663
6.01010101010101,73.08080808080808,-14.331712371827823
6.01010101010101,73.28282828282828,-9.319875051167076
6.01010101010101,73.48484848484848,-12.287641104931646
6.01010101010101,73.68686868686869,-13.554332343903871
6.01010101010101,73.88888888888889,-10.338241860703176
6.01010101010101,74.0909090909091,-12.04661358834872
6.01010101010101,74.29292929292929,-9.049440653716093
6.01010101010101,74.4949494949495,-5.754007850455054
6.01010101010101,74.6969696969697,-11.421873943047526
6.01010101010101,74.8989898989899,-9.058002696958182
6.01010101010101,75.1010101010101,-13.108493627171802
6.01010101010101,75.3030303030303,-8.481826291769192
6.01010101010101,75.5050505050505,-11.341007542329201
6.01010101010101,75.70707070707071,-10.93866411052878
6.01010101010101,75.9090909090909,-11.733000981951337
6.01010101010101,76.11111111111111,-7.894524727748091
6.01010101010101,76.31313131313131,-7.448993488708717
6.01010101010101,76.51515151515152,-9.08243522893603
6.01010101010101,76.71717171717171,-10.737115365612611
6.01010101010101,76.91919191919192,-5.95236794498615
6.01010101010101,77.12121212121212,-10.79771984545282
6.01010101010101,77.32323232323232,-13.586652302173619
6.01010101010101,77.52525252525253,-8.329277002202826
6.01010101010101,77.72727272727272,-11.423202540025333
6.01010101010101,77.92929292929293,-7.18975329136461
6.01010101010101,78.13131313131314,-10.00667082595413
6.01010101010101,78.33333333333333,-8.045761534100818
6.01010101010101,78.53535353535354,-6.421472124603007
6.01010101010101,78.73737373737373,-11.610488248454315
6.01010101010101,78.93939393939394,-10.359167785175325
6.01010101010101,79.14141414141415,-9.352074788862959
6.01010101010101,79.34343434343434,-5.977661527204246
6.01010101010101,79.54545454545455,-10.54604387079632
6.01010101010101,79.74747474747474,-10.256029255157243
6.01010101010101,79.94949494949495,-8.143354538766681
6.01010101010101,80.15151515151516,-10.422596157133416
6.01010101010101,80.35353535353535,-8.712968838337071
6.01010101010101,80.55555555555556,-12.247595355725215
6.01010101010101,80.75757575757575,-5.0
6.01010101010101,80.95959595959596,-11.894533150495189
6.01010101010101,81.16161616161617,-9.629086311968297
6.01010101010101,81.36363636363636,-9.252311276758729
6.01010101010101,81.56565656565657,-5.487749984425441
6.01010101010101,81.76767676767676,-11.885891922885364
6.01010101010101,81.96969696969697,-5.2497557236888674
6.01010101010101,82.17171717171718,-7.738152245602504
6.01010101010101,82.37373737373737,-8.401922791856828
6.01010101010101,82.57575757575758,-11.170526816710849
6.01010101010101,82.77777777777777,-8.07483333873708
6.01010101010101,82.97979797979798,-10.694651932990428
6.01010101010101,83.18181818181819,-6.679040878616281
6.01010101010101,83.38383838383838,-11.106063767364912
6.01010101010101,83.58585858585859,-9.37642005290004
6.01010101010101,83.78787878787878,-10.219885607175026
6.01010101010101,83.98989898989899,-11.03978215878084
6.01010101010101,84.1919191919192,-7.718093793035003
6.01010101010101,84.39393939393939,-8.071643652751323
6.01010101010101,84.5959595959596,-6.714776636451761
6.01010101010101,84.79797979797979,-12.605754924896916
6.01010101010101,85.0,-7.051582123310597
6.212121212121212,65.0,-33.069210610626826
6.212121212121212,65.20202020202021,-37.319780777920165
6.212121212121212,65.4040404040404,-34.304465432496215
6.212121212121212,65.60606060606061,-37.661453858863254
6.212121212121212,65.8080808080808,-39.76180048653018
6.212121212121212,66.01010101010101,-38.41142693519911
6.212121212121212,66.21212121212122,-36.88403538875685
6.212121212121212,66.41414141414141,-40.00633978779713
6.212121212121212,66.61616161616162,-39.332994157339435
6.212121212121212,66.81818181818181,-37.367637653638624
6.212121212121212,67.02020202020202,-37.979801477774686
6.212121212121212,67.22222222222223,-36.06502143211696
6.212121212121212,67.42424242424242,-35.958082678487905
6.212121212121212,67.62626262626263,-34.53869337338913
6.212121212121212,67.82828282828282,-35.25827216398946
6.212121212121212,68.03030303030303,-32.67911031976221
6.212121212121212,68.23232323232324,-33.791573952961244
6.212121212121212,68.43434343434343,-28.257248124380514
6.212121212121212,68.63636363636364,-30.79555786544712
6.212121212121212,68.83838383838383,-26.24492535814813
6.212121212121212,69.04040404040404,-27.695363185733836
6.212121212121212,69.24242424242425,-25.715727793269416
6.212121212121212,69.44444444444444,-25.946696800860906
6.212121212121212,69.64646464646465,-26.156784254494177
6.212121212121212,69.84848484848484,-26.92469005065414
6.212121212121212,70.05050505050505,-24.572922603175137
6.212121212121212,70.25252525252526,-22.60526214676246
6.212121212121212,70.45454545454545,-20.82812143404838
6.212121212121212,70.65656565656566,-18.900744430820502
6.212121212121212,70.85858585858585,-21.565920995861916
6.212121212121212,71.06060606060606,-22.43299768614652
6.212121212121212,71.26262626262626,-23.422502280436312
6.212121212121212,71.46464646464646,-19.372855382978823
6.212121212121212,71.66666666666667,-17.460288627028344
6.212121212121212,71.86868686868686,-17.258584873802228
6.212121212121212,72.07070707070707,-17.862183063702368
6.212121212121212,72.27272727272727,-17.3587722274474
6.212121212121212,72.47474747474747,-14.373870099527736
6.212121212121212,72.67676767676768,-16.22291205972386
6.212121212121212,72.87878787878788,-14.833849386501953
6.212121212121212,73.08080808080808,-15.632845387746283
6.212121212121212,73.28282828282828,-16.71560209777961
6.212121212121212,73.48484848484848,-14.789713132279456
6.212121212121212,73.68686868686869,-12.945216267941147
6.212121212121212,73.88888888888889,-12.358875643030899
6.212121212121212,74.0909090909091,-8.255434978457519
6.212121212121212,74.29292929292929,-11.671202261166377
6.212121212121212,74.4949494949495,-9.079755912296354
6.212121212121212,74.6969696969697,-12.068523209732799
6.212121212121212,74.8989898989899,-11.815312859860933
6.212121212121212,75.1010101010101,-13.742269223522822
6.212121212121212,75.3030303030303,-12.527010446051612
6.212121212121212,75.5050505050505,-9.904061780137472
6.212121212121212,75.70707070707071,-10.844854253474178
6.212121212121212,75.9090909090909,-8.950465807177599
6.212121212121212,76.11111111111111,-10.305336229299408
6.212121212121212,76.31313131313131,-11.567386590871443
6.212121212121212,76.51515151515152,-6.446785614700483
6.212121212121212,76.71717171717171,-10.869810295448715
6.212121212121212,76.91919191919192,-8.185137176148992
6.212121212121212,77.12121212121212,-11.369563067012692
6.212121212121212,77.32323232323232,-9.333738206668606
6.212121212121212,77.52525252525253,-8.751978661646014
6.212121212121212,77.72727272727272,-9.975205880559683
6.212121212121212,77.92929292929293,-15.306830711263853
6.212121212121212,78.13131313131314,-10.761372581925311
6.212121212121212,78.33333333333333,-8.087004633152363
6.212121212121212,78.53535353535354,-9.578519784897965
6.212121212121212,78.73737373737373,-9.697779841091153
6.212121212121212,78.93939393939394,-13.95841842534718
6.212121212121212,79.14141414141415,-11.84914034032562
6.212121212121212,79.34343434343434,-9.660957593715693
6.212121212121212,79.54545454545455,-9.78153714987885
6.212121212121212,79.74747474747474,-8.212900907576893
6.212121212121212,79.94949494949495,-10.636994444884957
6.212121212121212,80.15151515151516,-9.791420425878734
6.212121212121212,80.35353535353535,-10.575007326358293
6.212121212121212,80.55555555555556,-12.528063650539627
6.212121212121212,80.75757575757575,-15.191473996197656
6.212121212121212,80.95959595959596,-9.875611019001296
6.212121212121212,81.16161616161617,-10.383908073732217
6.212121212121212,81.36363636363636,-11.936029636647332
6.212121212121212,81.56565656565657,-13.790270936642392
6.212121212121212,81.76767676767676,-9.362168224948665
6.212121212121212,81.96969696969697,-11.323021199040816
6.212121212121212,82.17171717171718,-9.12432268900198
6.212121212121212,82.37373737373737,-6.97007221452415
6.212121212121212,82.57575757575758,-14.980113589916773
6.212121212121212,82.77777777777777,-11.856031202556338
6.212121212121212,82.97979797979798,-11.044375163105158
6.212121212121212,83.18181818181819,-7.537074210076403
6.212121212121212,83.38383838383838,-13.775666933301313
6.212121212121212,83.58585858585859,-6.499482644819603
6.212121212121212,83.78787878787878,-10.46941913129782
6.212121212121212,83.98989898989899,-10.74197375787089
6.212121212121212,84.1919191919192,-10.982898139267034
6.212121212121212,84.39393939393939,-11.690277390541437
6.212121212121212,84.5959595959596,-8.533801980431566
6.212121212121212,84.79797979797979,-12.675759479197161
6.212121212121212,85.0,-9.822781206630168
6.414141414141414,65.0,-38.06322811343894
6.414141414141414,65.20202020202021,-38.80628874052244
6.414141414141414,65.4040404040404,-34.34004164362767
6.414141414141414,65.60606060606061,-37.782836107251704
6.414141414141414,65.8080808080808,-37.759502512754835
6.414141414141414,66.01010101010101,-37.27767913376837
6.414141414141414,66.21212121212122,-41.708781878617266
6.414141414141414,66.41414141414141,-36.88077931848094
6.414141414141414,66.61616161616162,-43.990628596878054
6.414141414141414,66.81818181818181,-40.806539237486135
6.414141414141414,67.02020202020202,-40.02745474424166
6.414141414141414,67.22222222222223,-37.59216156495947
6.414141414141414,67.42424242424242,-37.53821307302362
6.414141414141414,67.62626262626263,-37.37154713640959
6.414141414141414,67.82828282828282,-35.89551188451447
6.414141414141414,68.03030303030303,-36.77719592908996
6.414141414141414,68.23232323232324,-36.603571044081896
6.414141414141414,68.43434343434343,-31.13246665567405
6.414141414141414,68.63636363636364,-30.020250735180305
6.414141414141414,68.83838383838383,-27.070314748184217
6.414141414141414,69.04040404040404,-30.519809665297448
6.414141414141414,69.24242424242425,-26.558506154723705
6.414141414141414,69.44444444444444,-27.622756118824757
6.414141414141414,69.64646464646465,-23.67318916406029
6.414141414141414,69.84848484848484,-23.177890722183015
6.414141414141414,70.05050505050505,-23.879590495973122
6.414141414141414,70.25252525252526,-24.62378919692436
6.414141414141414,70.45454545454545,-21.62906982344489
6.414141414141414,70.65656565656566,-22.281174630768483
6.414141414141414,70.85858585858585,-24.80114556612128
6.414141414141414,71.06060606060606,-26.616820774400765
6.414141414141414,71.26262626262626,-24.496338148414814
6.414141414141414,71.46464646464646,-21.14178005241328
6.414141414141414,71.66666666666667,-21.80713150946353
6.414141414141414,71.86868686868686,-25.91608245843049
6.414141414141414,72.07070707070707,-25.81170782048909
6.414141414141414,72.27272727272727,-20.183255000403467
6.414141414141414,72.47474747474747,-23.874560596150225
6.414141414141414,72.67676767676768,-19.112954926264987
6.414141414141414,72.87878787878788,-20.220728933913435
6.414141414141414,73.08080808080808,-14.296864970454974
6.414141414141414,73.28282828282828,-17.88887581504821
6.414141414141414,73.48484848484848,-13.125972527387956
6.414141414141414,73.68686868686869,-14.38768810335824
6.414141414141414,73.88888888888889,-13.64992322512244
6.414141414141414,74.0909090909091,-17.605111066212526
6.414141414141414,74.29292929292929,-17.595571135075335
6.414141414141414,74.4949494949495,-13.748072934731772
6.414141414141414,74.6969696969697,-12.278022669360785
6.414141414141414,74.8989898989899,-15.122276900391771
6.414141414141414,75.1010101010101,-14.998224174972856
6.414141414141414,75.3030303030303,-11.389247508744207
6.414141414141414,75.5050505050505,-11.13305453691341
6.414141414141414,75.70707070707071,-12.282686055515295
6.414141414141414,75.9090909090909,-10.641386207143768
6.414141414141414,76.11111111111111,-14.48876095222588
6.414141414141414,76.31313131313131,-12.734717832286659
6.414141414141414,76.51515151515152,-8.569211151680047
6.414141414141414,76.71717171717171,-12.057857963820389
6.414141414141414,76.91919191919192,-12.043813346043576
6.414141414141414,77.12121212121212,-7.698431176882833
6.414141414141414,77.32323232323232,-14.953008886405952
6.414141414141414,77.52525252525253,-10.712169001632466
6.414141414141414,77.72727272727272,-8.781885345424655
6.414141414141414,77.92929292929293,-12.61439389099566
6.414141414141414,78.13131313131314,-10.26509343466075
6.414141414141414,78.33333333333333,-13.724348130334445
6.414141414141414,78.53535353535354,-13.400669961265502
6.414141414141414,78.73737373737373,-11.241194357975854
6.414141414141414,78.93939393939394,-10.221265889677444
6.414141414141414,79.14141414141415,-9.664092824973807
6.414141414141414,79.34343434343434,-8.71627800210405
6.414141414141414,79.54545454545455,-12.246038418519815
6.414141414141414,79.74747474747474,-9.55216766994926
6.414141414141414,79.94949494949495,-12.460291563303358
6.414141414141414,80.15151515151516,-10.202089606256287
6.414141414141414,80.35353535353535,-11.522444975545106
6.414141414141414,80.55555555555556,-10.997724985641707
6.414141414141414,80.75757575757575,-11.39503979938021
6.414141414141414,80.95959595959596,-15.22680779016004
6.414141414141414,81.16161616161617,-14.402182019807409
6.414141414141414,81.36363636363636,-11.739188098702554
6.414141414141414,81.56565656565657,-15.262945376588839
6.414141414141414,81.76767676767676,-10.313155120238847
6.414141414141414,81.96969696969697,-10.253249816753453
6.414141414141414,82.17171717171718,-11.409464826449035
6.414141414141414,82.37373737373737,-14.102311133843688
6.414141414141414,82.57575757575758,-9.297180662612712
6.414141414141414,82.77777777777777,-7.781968149908768
6.414141414141414,82.97979797979798,-11.659531819185299
6.414141414141414,83.18181818181819,-11.118474360145713
6.414141414141414,83.38383838383838,-11.546433539369534
6.414141414141414,83.58585858585859,-11.047831692882337
6.414141414141414,83.78787878787878,-12.200170809066107
6.414141414141414,83.98989898989899,-11.994571591780087
6.414141414141414,84.1919191919192,-10.319548440423224
6.414141414141414,84.39393939393939,-7.482190768164908
6.414141414141414,84.5959595959596,-14.696265678593454
6.414141414141414,84.79797979797979,-12.208680532252902
6.414141414141414,85.0,-14.426031969592557
6.616161616161616,65.0,-36.330463484059834
6.616161616161616,65.20202020202021,-39.421573522052874
6.616161616161616,65.4040404040404,-41.11952595739397
6.616161616161616,65.60606060606061,-38.33436894234706
6.616161616161616,65.8080808080808,-37.25379122158359
6.616161616161616,66.01010101010101,-39.27274921304552
6.616161616161616,66.21212121212122,-40.43789779149378
6.616161616161616,66.41414141414141,-40.235583531742634
6.616161616161616,66.61616161616162,-38.69003997914825
6.616161616161616,66.81818181818181,-42.524411157734484
6.616161616161616,67.02020202020202,-40.84386467612037
6.616161616161616,67.22222222222223,-40.89514683413027
6.616161616161616,67.42424242424242,-41.568177252466015
6.616161616161616,67.62626262626263,-39.38174731002036
6.616161616161616,67.82828282828282,-35.48768671218562
6.616161616161616,68.03030303030303,-35.5288482115484
6.616161616161616,68.23232323232324,-34.208751452881785
6.616161616161616,68.43434343434343,-34.10403124733728
6.616161616161616,68.63636363636364,-32.167688535719485
6.616161616161616,68.83838383838383,-33.67552718225991
6.616161616161616,69.04040404040404,-31.478321381947868
6.616161616161616,69.24242424242425,-29.283257121772728
6.616161616161616,69.44444444444444,-28.288920852792486
6.616161616161616,69.64646464646465,-27.386452548462323
6.616161616161616,69.84848484848484,-27.47126304956188
6.616161616161616,70.05050505050505,-27.504494337861086
6.616161616161616,70.25252525252526,-19.909184201100643
6.616161616161616,70.45454545454545,-24.301158083021665
6.616161616161616,70.65656565656566,-25.492425254948248
6.616161616161616,70.85858585858585,-27.092089616491194
6.616161616161616,71.06060606060606,-28.33949246065886
6.616161616161616,71.26262626262626,-28.223185931444082
6.616161616161616,71.46464646464646,-28.005004321021683
6.616161616161616,71.66666666666667,-32.71476366610323
6.616161616161616,71.86868686868686,-31.771361398566775
6.616161616161616,72.07070707070707,-29.481311656424754
6.616161616161616,72.27272727272727,-26.93751414410037
6.616161616161616,72.47474747474747,-26.247345019672906
6.616161616161616,72.67676767676768,-21.471664371995846
6.616161616161616,72.87878787878788,-25.45130051302356
6.616161616161616,73.08080808080808,-22.27885991763528
6.616161616161616,73.28282828282828,-16.130983217587914
6.616161616161616,73.48484848484848,-17.575025511042735
6.616161616161616,73.68686868686869,-14.863408864043008
6.616161616161616,73.88888888888889,-11.959159876749066
6.616161616161616,74.0909090909091,-16.78812730101712
6.616161616161616,74.29292929292929,-14.979171711189515
6.616161616161616,74.4949494949495,-15.162484281018152
6.616161616161616,74.6969696969697,-18.041785372247613
6.616161616161616,74.8989898989899,-14.792348043610838
6.616161616161616,75.1010101010101,-12.150481111616578
6.616161616161616,75.3030303030303,-12.586859267409253
6.616161616161616,75.5050505050505,-12.703084081681947
6.616161616161616,75.70707070707071,-14.39181742613002
6.616161616161616,75.9090909090909,-15.003894162043819
6.616161616161616,76.11111111111111,-10.964475484261637
6.616161616161616,76.31313131313131,-14.492429819600739
6.616161616161616,76.51515151515152,-12.986078800184725
6.616161616161616,76.71717171717171,-13.17812802296178
6.616161616161616,76.91919191919192,-10.474846550244491
6.616161616161616,77.12121212121212,-11.781887809045422
6.616161616161616,77.32323232323232,-15.973833793789241
6.616161616161616,77.52525252525253,-15.835141014527837
6.616161616161616,77.72727272727272,-12.260468496576097
6.616161616161616,77.92929292929293,-13.593756996283071
6.616161616161616,78.13131313131314,-14.47473252114585
6.616161616161616,78.33333333333333,-11.425502434668513
6.616161616161616,78.53535353535354,-12.987364370027604
6.616161616161616,78.73737373737373,-13.243531216698784
6.616161616161616,78.93939393939394,-11.837308895563297
6.616161616161616,79.14141414141415,-14.306168398353915
6.616161616161616,79.34343434343434,-10.475420150760009
6.616161616161616,79.54545454545455,-15.023711037289791
6.616161616161616,79.74747474747474,-12.102200293525781
6.616161616161616,79.94949494949495,-10.49055414158936
6.616161616161616,80.15151515151516,-15.935240520761866
6.616161616161616,80.35353535353535,-14.008303406065174
6.616161616161616,80.55555555555556,-11.021598918850021
6.616161616161616,80.75757575757575,-10.926525131672975
6.616161616161616,80.95959595959596,-13.739991590090977
6.616161616161616,81.16161616161617,-15.043251321300845
6.616161616161616,81.36363636363636,-11.4292076862259
6.616161616161616,81.56565656565657,-10.859997381271619
6.616161616161616,81.76767676767676,-15.65680150108367
6.616161616161616,81.96969696969697,-15.650101879073878
6.616161616161616,82.17171717171718,-13.23588975361165
6.616161616161616,82.37373737373737,-12.180711337885604
6.616161616161616,82.57575757575758,-13.886242459625144
6.616161616161616,82.77777777777777,-11.85594017291639
6.616161616161616,82.97979797979798,-14.73169522180763
6.616161616161616,83.18181818181819,-17.56396071602999
6.616161616161616,83.38383838383838,-14.16634578106007
6.616161616161616,83.58585858585859,-13.46713000882339
6.616161616161616,83.78787878787878,-13.967807981000771
6.616161616161616,83.98989898989899,-15.72185727227939
6.616161616161616,84.1919191919192,-17.191728570297716
6.616161616161616,84.39393939393939,-14.365096818142554
6.616161616161616,84.5959595959596,-11.623528204287727
6.616161616161616,84.79797979797979,-10.898667772624691
6.616161616161616,85.0,-10.8764599620812
6.818181818181818,65.0,-40.706298763656456
6.818181818181818,65.20202020202021,-41.488435849249214
6.818181818181818,65.4040404040404,-39.25439769788091
6.818181818181818,65.60606060606061,-39.45518174286612
6.818181818181818,65.8080808080808,-40.34027328498069
6.818181818181818,66.01010101010101,-44.645641532283136
6.818181818181818,66.21212121212122,-43.19681945179152
6.818181818181818,66.41414141414141,-42.235364129336226
6.818181818181818,66.61616161616162,-41.5305108858702
6.818181818181818,66.81818181818181,-40.97823969431298
6.818181818181818,67.02020202020202,-41.72537142718756
6.818181818181818,67.22222222222223,-41.20749140836478
6.818181818181818,67.42424242424242,-41.02090573968513
6.818181818181818,67.62626262626263,-39.208750894148835
6.818181818181818,67.82828282828282,-38.90192742327002
6.818181818181818,68.03030303030303,-38.21736738545856
6.818181818181818,68.23232323232324,-37.85460440765619
6.818181818181818,68.43434343434343,-35.98231582750071
6.818181818181818,68.63636363636364,-33.970580192968264
6.818181818181818,68.83838383838383,-33.5935324674308
6.818181818181818,69.04040404040404,-32.395598622772305
6.818181818181818,69.24242424242425,-29.270282421190913
6.818181818181818,69.44444444444444,-30.226797739475305
6.818181818181818,69.64646464646465,-31.23937827381482
6.818181818181818,69.84848484848484,-27.608776394635132
6.818181818181818,70.05050505050505,-31.650957428502547
6.818181818181818,70.25252525252526,-31.02071078224275
6.818181818181818,70.45454545454545,-28.44153293063582
6.818181818181818,70.65656565656566,-28.512400639082923
6.818181818181818,70.85858585858585,-32.93295235675894
6.818181818181818,71.06060606060606,-32.13032474937365
6.818181818181818,71.26262626262626,-33.8349688127033
6.818181818181818,71.46464646464646,-34.599770910878405
6.818181818181818,71.66666666666667,-32.62511126224139
6.818181818181818,71.86868686868686,-33.14374360949274
6.818181818181818,72.07070707070707,-34.066024242089284
6.818181818181818,72.27272727272727,-33.91510814294868
6.818181818181818,72.47474747474747,-33.815654181479154
6.818181818181818,72.67676767676768,-25.92232396938163
6.818181818181818,72.87878787878788,-25.265604962795265
6.818181818181818,73.08080808080808,-25.626963907190458
6.818181818181818,73.28282828282828,-20.63039026593647
6.818181818181818,73.48484848484848,-20.313849322772356
6.818181818181818,73.68686868686869,-19.328124451270927
6.818181818181818,73.88888888888889,-16.726949608719824
6.818181818181818,74.0909090909091,-18.35651677915755
6.818181818181818,74.29292929292929,-17.101865500331236
6.818181818181818,74.4949494949495,-15.759287858893634
6.818181818181818,74.6969696969697,-16.787949077653057
6.818181818181818,74.8989898989899,-14.214435226548545
6.818181818181818,75.1010101010101,-11.452790200868122
6.818181818181818,75.3030303030303,-16.84056830987504
6.818181818181818,75.5050505050505,-18.344991868516395
6.818181818181818,75.70707070707071,-19.167408223787223
6.818181818181818,75.9090909090909,-15.460644563208245
6.818181818181818,76.11111111111111,-16.359945918049785
6.818181818181818,76.31313131313131,-14.576846260344386
6.818181818181818,76.51515151515152,-14.805710325927688
6.818181818181818,76.71717171717171,-18.260464288585787
6.818181818181818,76.91919191919192,-18.60063999428431
6.818181818181818,77.12121212121212,-14.077186988774969
6.818181818181818,77.32323232323232,-14.387212557192631
6.818181818181818,77.52525252525253,-15.739331386025592
6.818181818181818,77.72727272727272,-18.16719369765487
6.818181818181818,77.92929292929293,-14.013881221409203
6.818181818181818,78.13131313131314,-12.284332860810164
6.818181818181818,78.33333333333333,-14.313111638006259
6.818181818181818,78.53535353535354,-16.64684811402967
6.818181818181818,78.73737373737373,-14.70289689133174
6.818181818181818,78.93939393939394,-17.5386998990582
6.818181818181818,79.14141414141415,-12.737957554975914
6.818181818181818,79.34343434343434,-14.547064519402731
6.818181818181818,79.54545454545455,-18.281652638306003
6.818181818181818,79.74747474747474,-15.570579795435158
6.818181818181818,79.94949494949495,-13.87446915198214
6.818181818181818,80.15151515151516,-15.501354620624728
6.818181818181818,80.35353535353535,-15.301862903941018
6.818181818181818,80.55555555555556,-16.985281352678488
6.818181818181818,80.75757575757575,-13.791558856771195
6.818181818181818,80.95959595959596,-16.00714173743356
6.818181818181818,81.16161616161617,-19.28240594415095
6.818181818181818,81.36363636363636,-15.453999499818938
6.818181818181818,81.56565656565657,-12.865814623311465
6.818181818181818,81.76767676767676,-15.593428468541314
6.818181818181818,81.96969696969697,-11.404478637121509
6.818181818181818,82.17171717171718,-13.991639322298612
6.818181818181818,82.37373737373737,-14.114735911711103
6.818181818181818,82.57575757575758,-15.054122100125806
6.818181818181818,82.77777777777777,-15.136860929432492
6.818181818181818,82.97979797979798,-15.360359943354402
6.818181818181818,83.18181818181819,-15.172876133148899
6.818181818181818,83.38383838383838,-13.713833276985207
6.818181818181818,83.58585858585859,-16.715432159898313
6.818181818181818,83.78787878787878,-16.821885447747444
6.818181818181818,83.98989898989899,-16.988772181247363
6.818181818181818,84.1919191919192,-10.686530901930535
6.818181818181818,84.39393939393939,-13.815657893689602
6.818181818181818,84.5959595959596,-14.171723321774756
6.818181818181818,84.79797979797979,-16.946705735498558
6.818181818181818,85.0,-13.516529121110096
7.020202020202021,65.0,-40.63921692481832
7.020202020202021,65.20202020202021,-40.411197123122136
7.020202020202021,65.4040404040404,-42.354529492980106
7.020202020202021,65.60606060606061,-41.29055106646007
7.020202020202021,65.8080808080808,-42.620361036539514
7.020202020202021,66.01010101010101,-43.71179115044617
7.020202020202021,66.21212121212122,-41.838904635892845
7.020202020202021,66.41414141414141,-45.903044581448526
7.020202020202021,66.61616161616162,-42.79198726949091
7.020202020202021,66.81818181818181,-42.65838284229404
7.020202020202021,67.02020202020202,-45.16334973549641
7.020202020202021,67.22222222222223,-44.85217896771728
7.020202020202021,67.42424242424242,-43.03137201924093
7.020202020202021,67.62626262626263,-41.59268291238277
7.020202020202021,67.82828282828282,-41.289681511524066
7.020202020202021,68.03030303030303,-39.412443327680926
7.020202020202021,68.23232323232324,-35.70330839455074
7.020202020202021,68.43434343434343,-39.058853087729
7.020202020202021,68.63636363636364,-40.41922677616164
7.020202020202021,68.83838383838383,-34.179082283508706
7.020202020202021,69.04040404040404,-31.56570060118418
7.020202020202021,69.24242424242425,-33.13011681310127
7.020202020202021,69.44444444444444,-35.33811904784123
7.020202020202021,69.64646464646465,-32.50809648797694
7.020202020202021,69.84848484848484,-33.905186887291386
7.020202020202021,70.05050505050505,-30.155051566388206
7.020202020202021,70.25252525252526,-34.415015594642995
7.020202020202021,70.45454545454545,-32.74742313275548
7.020202020202021,70.65656565656566,-35.00753050624583
7.020202020202021,70.85858585858585,-34.04172786209363
7.020202020202021,71.06060606060606,-36.67092599402641
7.020202020202021,71.26262626262626,-37.497424801895235
7.020202020202021,71.46464646464646,-39.393272921197735
7.020202020202021,71.66666666666667,-42.416927325255216
7.020202020202021,71.86868686868686,-39.70519411329764
7.020202020202021,72.07070707070707,-40.81221284470949
7.020202020202021,72.27272727272727,-40.8936262882181
7.020202020202021,72.47474747474747,-32.2702523410227
7.020202020202021,72.67676767676768,-33.009999209681425
7.020202020202021,72.87878787878788,-31.38234520664811
7.020202020202021,73.08080808080808,-24.77585313895548
7.020202020202021,73.28282828282828,-21.419121445634804
7.020202020202021,73.48484848484848,-23.152206994890832
7.020202020202021,73.68686868686869,-20.355652342924547
7.020202020202021,73.88888888888889,-21.4550698368323
7.020202020202021,74.0909090909091,-18.96307187561532
7.020202020202021,74.29292929292929,-18.547345347514078
7.020202020202021,74.4949494949495,-17.152743683055945
7.020202020202021,74.6969696969697,-16.407040296867052
7.020202020202021,74.8989898989899,-15.973195164899725
7.020202020202021,75.1010101010101,-16.44516488517202
7.020202020202021,75.3030303030303,-19.078946244901122
7.020202020202021,75.5050505050505,-18.34845921915574
7.020202020202021,75.70707070707071,-17.61329335328754
7.020202020202021,75.9090909090909,-17.15671198800001
7.020202020202021,76.11111111111111,-14.315736096355392
7.020202020202021,76.31313131313131,-18.604249293336697
7.020202020202021,76.51515151515152,-17.044098487106766
7.020202020202021,76.71717171717171,-14.407934901875143
7.020202020202021,76.91919191919192,-16.943866059575846
7.020202020202021,77.12121212121212,-15.389926920152742
7.020202020202021,77.32323232323232,-16.658916209820312
7.020202020202021,77.52525252525253,-15.723564554880804
7.020202020202021,77.72727272727272,-16.780510407891683
7.020202020202021,77.92929292929293,-15.099075609383304
7.020202020202021,78.13131313131314,-19.409641042099004
7.020202020202021,78.33333333333333,-16.900015442640733
7.020202020202021,78.53535353535354,-15.616819728652791
7.020202020202021,78.73737373737373,-15.159910317817591
7.020202020202021,78.93939393939394,-13.157928237362238
7.020202020202021,79.14141414141415,-16.885552409588477
7.020202020202021,79.34343434343434,-13.269046247406056
7.020202020202021,79.54545454545455,-17.404609811410978
7.020202020202021,79.74747474747474,-13.134440594372782
7.020202020202021,79.94949494949495,-14.611423071767033
7.020202020202021,80.15151515151516,-17.91094789357163
7.020202020202021,80.35353535353535,-15.565089794683372
7.020202020202021,80.55555555555556,-16.183295429782124
7.020202020202021,80.75757575757575,-15.061014129864837
7.020202020202021,80.95959595959596,-16.77652006258269
7.020202020202021,81.16161616161617,-16.925160323823924
7.020202020202021,81.36363636363636,-13.545378708040353
7.020202020202021,81.56565656565657,-16.346502911477504
7.020202020202021,81.76767676767676,-14.557815667470624
7.020202020202021,81.96969696969697,-16.73256043020941
7.020202020202021,82.17171717171718,-12.988850594913657
7.020202020202021,82.37373737373737,-17.458677797316323
7.020202020202021,82.57575757575758,-17.397746097486053
7.020202020202021,82.77777777777777,-13.145781496522405
7.020202020202021,82.97979797979798,-16.99050737875017
7.020202020202021,83.18181818181819,-12.947888749971838
7.020202020202021,83.38383838383838,-14.305899035722334
7.020202020202021,83.58585858585859,-16.529159576233287
7.020202020202021,83.78787878787878,-19.839949126428316
7.020202020202021,83.98989898989899,-16.28016444323404
7.020202020202021,84.1919191919192,-15.994414391455233
7.020202020202021,84.39393939393939,-13.71300303549765
7.020202020202021,84.5959595959596,-13.027695956311165
7.020202020202021,84.79797979797979,-17.296003362614034
7.020202020202021,85.0,-14.597522271444817
7.222222222222222,65.0,-40.48246414310521
7.222222222222222,65.20202020202021,-40.327662018514744
7.222222222222222,65.4040404040404,-41.416241091597556
7.222222222222222,65.60606060606061,-45.448961325670425
7.222222222222222,65.8080808080808,-43.45569075359624
7.222222222222222,66.01010101010101,-45.50458442884325
7.222222222222222,66.21212121212122,-44.63071994427122
7.222222222222222,66.41414141414141,-43.15136956144181
7.222222222222222,66.61616161616162,-44.638092635596806
7.222222222222222,66.81818181818181,-43.217592872102536
7.222222222222222,67.02020202020202,-44.45989669602258
7.222222222222222,67.22222222222223,-47.09078677601862
7.222222222222222,67.42424242424242,-48.98780760374248
7.222222222222222,67.62626262626263,-43.557381786882004
7.222222222222222,67.82828282828282,-43.406488999100844
7.222222222222222,68.03030303030303,-43.536970329963445
7.222222222222222,68.23232323232324,-44.27645058592612
7.222222222222222,68.43434343434343,-41.475077746624294
7.222222222222222,68.63636363636364,-39.49539883248376
7.222222222222222,68.83838383838383,-36.66394161201536
7.222222222222222,69.04040404040404,-36.58029839710761
7.222222222222222,69.24242424242425,-33.07127959980327
7.222222222222222,69.44444444444444,-37.18054278328771
7.222222222222222,69.64646464646465,-32.81313720864263
7.222222222222222,69.84848484848484,-33.82246676518538
7.222222222222222,70.05050505050505,-32.60831325490385
7.222222222222222,70.25252525252526,-35.31031861087616
7.222222222222222,70.45454545454545,-32.87939679367213
7.222222222222222,70.65656565656566,-36.07776234645073
7.222222222222222,70.85858585858585,-39.79801967981663
7.222222222222222,71.06060606060606,-40.82740666565841
7.222222222222222,71.26262626262626,-43.80615562225826
7.222222222222222,71.46464646464646,-44.516508266741376
7.222222222222222,71.66666666666667,-49.436618954647386
7.222222222222222,71.86868686868686,-47.8356703186783
7.222222222222222,72.07070707070707,-46.36645243097048
7.222222222222222,72.27272727272727,-45.270514643292266
7.222222222222222,72.47474747474747,-40.07194717722106
7.222222222222222,72.67676767676768,-37.762959630006115
7.222222222222222,72.87878787878788,-35.46905390792305
7.222222222222222,73.08080808080808,-31.073314463873725
7.222222222222222,73.28282828282828,-27.92669569874652
7.222222222222222,73.48484848484848,-24.845471329161033
7.222222222222222,73.68686868686869,-27.155999268471295
7.222222222222222,73.88888888888889,-22.03796281649794
7.222222222222222,74.0909090909091,-23.571653026980464
7.222222222222222,74.29292929292929,-17.230163994488212
7.222222222222222,74.4949494949495,-19.34800061876927
7.222222222222222,74.6969696969697,-19.170450192467495
7.222222222222222,74.8989898989899,-16.444992705779033
7.222222222222222,75.1010101010101,-17.12218093126018
7.222222222222222,75.3030303030303,-20.61236913889782
7.222222222222222,75.5050505050505,-18.255369310446298
7.222222222222222,75.70707070707071,-18.6263146719922
7.222222222222222,75.9090909090909,-21.412910672069458
7.222222222222222,76.11111111111111,-19.077506064466245
7.222222222222222,76.31313131313131,-17.98589912210252
7.222222222222222,76.51515151515152,-17.841194060832112
7.222222222222222,76.71717171717171,-20.71618615993883
7.222222222222222,76.91919191919192,-15.332645124602013
7.222222222222222,77.12121212121212,-17.786573115840643
7.222222222222222,77.32323232323232,-17.629390048867666
7.222222222222222,77.52525252525253,-16.859147947388504
7.222222222222222,77.72727272727272,-19.255133333006306
7.222222222222222,77.92929292929293,-16.893965348452046
7.222222222222222,78.13131313131314,-18.527246281443734
7.222222222222222,78.33333333333333,-19.521289119754705
7.222222222222222,78.53535353535354,-16.427858006868988
7.222222222222222,78.73737373737373,-14.784244800922556
7.222222222222222,78.93939393939394,-16.0870338301646
7.222222222222222,79.14141414141415,-15.82731168308444
7.222222222222222,79.34343434343434,-18.710481178959682
7.222222222222222,79.54545454545455,-20.724968944276497
7.222222222222222,79.74747474747474,-14.660334742625597
7.222222222222222,79.94949494949495,-13.630131995096457
7.222222222222222,80.15151515151516,-14.68994693195165
7.222222222222222,80.35353535353535,-18.29103180470748
7.222222222222222,80.55555555555556,-19.834138047785196
7.222222222222222,80.75757575757575,-19.677498107766947
7.222222222222222,80.95959595959596,-21.089196305766922
7.222222222222222,81.16161616161617,-17.78497401884814
7.222222222222222,81.36363636363636,-14.275085673030201
7.222222222222222,81.56565656565657,-17.65137151441867
7.222222222222222,81.76767676767676,-16.725558477351374
7.222222222222222,81.96969696969697,-14.775205906280666
7.222222222222222,82.17171717171718,-18.409381781822802
7.222222222222222,82.37373737373737,-13.53403527554173
7.222222222222222,82.57575757575758,-13.688793688500398
7.222222222222222,82.77777777777777,-18.03945503070606
7.222222222222222,82.97979797979798,-18.6337114411048
7.222222222222222,83.18181818181819,-16.29665505639824
7.222222222222222,83.38383838383838,-18.254175479749843
7.222222222222222,83.58585858585859,-20.046258737211744
7.222222222222222,83.78787878787878,-14.939238111711987
7.222222222222222,83.98989898989899,-15.11486774667674
7.222222222222222,84.1919191919192,-17.20657489149408
7.222222222222222,84.39393939393939,-19.88871252622429
7.222222222222222,84.5959595959596,-19.894165641542394
7.222222222222222,84.79797979797979,-17.22836828244956
7.222222222222222,85.0,-18.61890802886634
7.424242424242424,65.0,-43.149719165812904
7.424242424242424,65.20202020202021,-41.251483146136145
7.424242424242424,65.4040404040404,-42.138997856789764
7.424242424242424,65.60606060606061,-41.87822658959159
7.424242424242424,65.8080808080808,-45.88147546778991
7.424242424242424,66.01010101010101,-45.53795910291851
7.424242424242424,66.21212121212122,-44.47178820329552
7.424242424242424,66.41414141414141,-45.412350749936685
7.424242424242424,66.61616161616162,-44.05919174312321
7.424242424242424,66.81818181818181,-46.16096280439837
7.424242424242424,67.02020202020202,-43.488182123616355
7.424242424242424,67.22222222222223,-45.287796911572755
7.424242424242424,67.42424242424242,-44.08593571678252
7.424242424242424,67.62626262626263,-46.02381837067926
7.424242424242424,67.82828282828282,-44.717048988355735
7.424242424242424,68.03030303030303,-41.940285970986686
7.424242424242424,68.23232323232324,-39.856235439946765
7.424242424242424,68.43434343434343,-40.5916607301193
7.424242424242424,68.63636363636364,-40.885118311179156
7.424242424242424,68.83838383838383,-37.12475816728803
7.424242424242424,69.04040404040404,-43.199573101688024
7.424242424242424,69.24242424242425,-40.96235938333557
7.424242424242424,69.44444444444444,-35.96212565347515
7.424242424242424,69.64646464646465,-36.809105943470584
7.424242424242424,69.84848484848484,-35.23214953038952
7.424242424242424,70.05050505050505,-36.530898365702534
7.424242424242424,70.25252525252526,-35.90850125794352
7.424242424242424,70.45454545454545,-39.73357729071269
7.424242424242424,70.65656565656566,-38.87413373455973
7.424242424242424,70.85858585858585,-40.4572620260764
7.424242424242424,71.06060606060606,-42.85525535551322
7.424242424242424,71.26262626262626,-44.3386539756431
7.424242424242424,71.46464646464646,-50.75592095738469
7.424242424242424,71.66666666666667,-52.76141931342628
7.424242424242424,71.86868686868686,-57.231147827229265
7.424242424242424,72.07070707070707,-54.743961162344284
7.424242424242424,72.27272727272727,-52.145710276006305
7.424242424242424,72.47474747474747,-46.502454624699205
7.424242424242424,72.67676767676768,-45.44196210081828
7.424242424242424,72.87878787878788,-38.46720915420663
7.424242424242424,73.08080808080808,-35.57208748148526
7.424242424242424,73.28282828282828,-31.84190453921422
7.424242424242424,73.48484848484848,-27.623584387904312
7.424242424242424,73.68686868686869,-26.458182415376253
7.424242424242424,73.88888888888889,-24.51403006451942
7.424242424242424,74.0909090909091,-25.71309849638448
7.424242424242424,74.29292929292929,-21.69636282637026
7.424242424242424,74.4949494949495,-21.76474741274159
7.424242424242424,74.6969696969697,-21.226694262139056
7.424242424242424,74.8989898989899,-19.190399974551863
7.424242424242424,75.1010101010101,-18.282479018768687
7.424242424242424,75.3030303030303,-19.0062542491179
7.424242424242424,75.5050505050505,-17.431918533933935
7.424242424242424,75.70707070707071,-18.181441245504555
7.424242424242424,75.9090909090909,-19.8680894332508
7.424242424242424,76.11111111111111,-20.46554930516878
7.424242424242424,76.31313131313131,-18.44028396646296
7.424242424242424,76.51515151515152,-17.801423883083338
7.424242424242424,76.71717171717171,-16.463430259459336
7.424242424242424,76.91919191919192,-16.7175503497414
7.424242424242424,77.12121212121212,-20.11796216358316
7.424242424242424,77.32323232323232,-19.12036171073507
7.424242424242424,77.52525252525253,-17.704173342569156
7.424242424242424,77.72727272727272,-17.04785860300277
7.424242424242424,77.92929292929293,-17.177046140245455
7.424242424242424,78.13131313131314,-19.05436533346189
7.424242424242424,78.33333333333333,-21.581070304009565
7.424242424242424,78.53535353535354,-21.145476393941728
7.424242424242424,78.73737373737373,-18.552764061001437
7.424242424242424,78.93939393939394,-18.336209337466205
7.424242424242424,79.14141414141415,-21.334203423480172
7.424242424242424,79.34343434343434,-18.770234693258846
7.424242424242424,79.54545454545455,-17.68249631854437
7.424242424242424,79.74747474747474,-21.258270282123718
7.424242424242424,79.94949494949495,-16.722982381077603
7.424242424242424,80.15151515151516,-19.762295406369475
7.424242424242424,80.35353535353535,-16.38771379071579
7.424242424242424,80.55555555555556,-20.03497347305715
7.424242424242424,80.75757575757575,-21.250281538085822
7.424242424242424,80.95959595959596,-19.7846989878394
7.424242424242424,81.16161616161617,-19.142525624893143
7.424242424242424,81.36363636363636,-19.726337541191857
7.424242424242424,81.56565656565657,-19.470691591274228
7.424242424242424,81.76767676767676,-18.323654657456725
7.424242424242424,81.96969696969697,-19.22243013489602
7.424242424242424,82.17171717171718,-19.24726832355106
7.424242424242424,82.37373737373737,-22.28894033894189
7.424242424242424,82.57575757575758,-18.314879341685284
7.424242424242424,82.77777777777777,-19.141358100730926
7.424242424242424,82.97979797979798,-15.844661763196704
7.424242424242424,83.18181818181819,-21.031144323851198
7.424242424242424,83.38383838383838,-22.591973545035195
7.424242424242424,83.58585858585859,-17.943734200607402
7.424242424242424,83.78787878787878,-18.272062906602507
7.424242424242424,83.98989898989899,-20.86970641817239
7.424242424242424,84.1919191919192,-21.894480356541116
7.424242424242424,84.39393939393939,-15.85117861693299
7.424242424242424,84.5959595959596,-16.07427356673929
7.424242424242424,84.79797979797979,-23.830939055105578
7.424242424242424,85.0,-19.805668202566473
7.626262626262626,65.0,-41.34130894087254
7.626262626262626,65.20202020202021,-44.60046607547477
7.626262626262626,65.4040404040404,-45.16401312569242
7.626262626262626,65.60606060606061,-45.23432603472511
7.626262626262626,65.8080808080808,-47.133442068636796
7.626262626262626,66.01010101010101,-48.65640553985318
7.626262626262626,66.21212121212122,-45.15180388987251
7.626262626262626,66.41414141414141,-50.45540383326506
7.626262626262626,66.61616161616162,-47.44024013881351
7.626262626262626,66.81818181818181,-46.675666981141724
7.626262626262626,67.02020202020202,-50.755579708757914
7.626262626262626,67.22222222222223,-49.551231412767834
7.626262626262626,67.42424242424242,-44.90410696581741
7.626262626262626,67.62626262626263,-45.84851193584386
7.626262626262626,67.82828282828282,-47.73231973865966
7.626262626262626,68.03030303030303,-43.3888904430906
7.626262626262626,68.23232323232324,-42.26357492151996
7.626262626262626,68.43434343434343,-43.46855932757931
7.626262626262626,68.63636363636364,-44.68718142003057
7.626262626262626,68.83838383838383,-42.72558778189526
7.626262626262626,69.04040404040404,-40.44906303291805
7.626262626262626,69.24242424242425,-40.620481674103786
7.626262626262626,69.44444444444444,-37.693250742430294
7.626262626262626,69.64646464646465,-42.261193431147625
7.626262626262626,69.84848484848484,-41.854792373380384
7.626262626262626,70.05050505050505,-38.69833704923723
7.626262626262626,70.25252525252526,-40.70745899538363
7.626262626262626,70.45454545454545,-42.2617477191283
7.626262626262626,70.65656565656566,-46.88076265123724
7.626262626262626,70.85858585858585,-45.885580092206716
7.626262626262626,71.06060606060606,-49.93340645994837
7.626262626262626,71.26262626262626,-51.9574714958849
7.626262626262626,71.46464646464646,-56.233759632024146
7.626262626262626,71.66666666666667,-59.06314362564922
7.626262626262626,71.86868686868686,-57.30292632887334
7.626262626262626,72.07070707070707,-62.18195676832725
7.626262626262626,72.27272727272727,-56.07810829817467
7.626262626262626,72.47474747474747,-56.975061616038424
7.626262626262626,72.67676767676768,-50.76415728606402
7.626262626262626,72.87878787878788,-46.43903009955771
7.626262626262626,73.08080808080808,-37.506381584866595
7.626262626262626,73.28282828282828,-34.8164075640409
7.626262626262626,73.48484848484848,-30.697848454447808
7.626262626262626,73.68686868686869,-29.931556835923924
7.626262626262626,73.88888888888889,-26.225701202745654
7.626262626262626,74.0909090909091,-25.462072458548647
7.626262626262626,74.29292929292929,-22.062764455585793
7.626262626262626,74.4949494949495,-24.234078642956252
7.626262626262626,74.6969696969697,-19.053810485999684
7.626262626262626,74.8989898989899,-24.703220014591842
7.626262626262626,75.1010101010101,-22.749972541405565
7.626262626262626,75.3030303030303,-17.620088909774534
7.626262626262626,75.5050505050505,-21.613771451785134
7.626262626262626,75.70707070707071,-23.533169443416323
7.626262626262626,75.9090909090909,-20.142063273731676
7.626262626262626,76.11111111111111,-21.686274737617833
7.626262626262626,76.31313131313131,-22.24048076320297
7.626262626262626,76.51515151515152,-22.81423344285246
7.626262626262626,76.71717171717171,-14.886466677659351
7.626262626262626,76.91919191919192,-21.116237354155235
7.626262626262626,77.12121212121212,-24.200578167006555
7.626262626262626,77.32323232323232,-17.25524808852121
7.626262626262626,77.52525252525253,-19.205112113553685
7.626262626262626,77.72727272727272,-21.995749298880458
7.626262626262626,77.92929292929293,-22.243906630107777
7.626262626262626,78.13131313131314,-18.953929191755602
7.626262626262626,78.33333333333333,-21.009016077244443
7.626262626262626,78.53535353535354,-24.207741846169732
7.626262626262626,78.73737373737373,-16.876393822670767
7.626262626262626,78.93939393939394,-21.413950571107716
7.626262626262626,79.14141414141415,-17.409349161291193
7.626262626262626,79.34343434343434,-17.6791463986946
7.626262626262626,79.54545454545455,-22.358592755503924
7.626262626262626,79.74747474747474,-18.26138934256319
7.626262626262626,79.94949494949495,-21.808536414979322
7.626262626262626,80.15151515151516,-24.215210293138032
7.626262626262626,80.35353535353535,-21.25625439127286
7.626262626262626,80.55555555555556,-19.61578498795136
7.626262626262626,80.75757575757575,-21.429643801272903
7.626262626262626,80.95959595959596,-21.128394972139578
7.626262626262626,81.16161616161617,-18.001687068903042
7.626262626262626,81.36363636363636,-20.17309824799293
7.626262626262626,81.56565656565657,-22.16165147108067
7.626262626262626,81.76767676767676,-18.919362808815094
7.626262626262626,81.96969696969697,-20.00941261696326
7.626262626262626,82.17171717171718,-25.459049086184365
7.626262626262626,82.37373737373737,-19.550142288812104
7.626262626262626,82.57575757575758,-19.66434448663388
7.626262626262626,82.77777777777777,-20.324255629957147
7.626262626262626,82.97979797979798,-18.67477628212641
7.626262626262626,83.18181818181819,-21.467156007439637
7.626262626262626,83.38383838383838,-19.473042490187265
7.626262626262626,83.58585858585859,-23.681974939222066
7.626262626262626,83.78787878787878,-19.2698910303329
7.626262626262626,83.98989898989899,-16.537649700090874
7.626262626262626,84.1919191919192,-22.2108284538678
7.626262626262626,84.39393939393939,-21.87527861724719
7.626262626262626,84.5959595959596,-21.8594059659995
7.626262626262626,84.79797979797979,-20.23734782901784
7.626262626262626,85.0,-22.533473510375075
7.828282828282829,65.0,-44.16474686569484
7.828282828282829,65.20202020202021,-43.517617294489995
7.828282828282829,65.4040404040404,-44.50083747921597
7.828282828282829,65.60606060606061,-48.46410511211638
7.828282828282829,65.8080808080808,-45.07009163395193
7.828282828282829,66.01010101010101,-45.98164505898919
7.828282828282829,66.21212121212122,-46.826844433505386
7.828282828282829,66.41414141414141,-47.94605116525571
7.828282828282829,66.61616161616162,-48.744339565455164
7.828282828282829,66.81818181818181,-47.893948714159855
7.828282828282829,67.02020202020202,-46.26052322766469
7.828282828282829,67.22222222222223,-51.268214087931405
7.828282828282829,67.42424242424242,-47.120145411543554
7.828282828282829,67.62626262626263,-48.817293982081345
7.828282828282829,67.82828282828282,-48.62738159327508
7.828282828282829,68.03030303030303,-50.33220828166911
7.828282828282829,68.23232323232324,-47.324522728631166
7.828282828282829,68.43434343434343,-47.80720678021364
7.828282828282829,68.63636363636364,-45.949308088562205
7.828282828282829,68.83838383838383,-46.081470738151076
7.828282828282829,69.04040404040404,-43.97612232665781
7.828282828282829,69.24242424242425,-43.31465969227799
7.828282828282829,69.44444444444444,-41.433886774043025
7.828282828282829,69.64646464646465,-44.70343164071192
7.828282828282829,69.84848484848484,-44.12406180659558
7.828282828282829,70.05050505050505,-40.60408678398598
7.828282828282829,70.25252525252526,-43.708245266675014
7.828282828282829,70.45454545454545,-41.75652177175644
7.828282828282829,70.65656565656566,-45.46323512833275
7.828282828282829,70.85858585858585,-48.09180204622813
7.828282828282829,71.06060606060606,-50.19620685303061
7.828282828282829,71.26262626262626,-57.384124258217106
7.828282828282829,71.46464646464646,-61.47635121445612
7.828282828282829,71.66666666666667,-61.31928336318186
7.828282828282829,71.86868686868686,-63.04266299824003
7.828282828282829,72.07070707070707,-63.82065810272485
7.828282828282829,72.27272727272727,-58.73383644625323
7.828282828282829,72.47474747474747,-57.78030865594601
7.828282828282829,72.67676767676768,-52.449134370979046
7.828282828282829,72.87878787878788,-47.026999271107556
7.828282828282829,73.08080808080808,-43.67300177737748
7.828282828282829,73.28282828282828,-36.86014662550518
7.828282828282829,73.48484848484848,-29.94889178183318
7.828282828282829,73.68686868686869,-29.059820448771553
7.828282828282829,73.88888888888889,-27.3352278680649
7.828282828282829,74.0909090909091,-25.96134759581308
7.828282828282829,74.29292929292929,-23.75615841355478
7.828282828282829,74.4949494949495,-22.313131751212964
7.828282828282829,74.6969696969697,-21.959746105643262
7.828282828282829,74.8989898989899,-23.276177762461103
7.828282828282829,75.1010101010101,-21.9015793889063
7.828282828282829,75.3030303030303,-21.592652548317343
7.828282828282829,75.5050505050505,-24.2988953060777
7.828282828282829,75.70707070707071,-21.777633871326557
7.828282828282829,75.9090909090909,-26.590363275528702
7.828282828282829,76.11111111111111,-21.083190151184684
7.828282828282829,76.31313131313131,-20.49614738754449
7.828282828282829,76.51515151515152,-20.36839912290004
7.828282828282829,76.71717171717171,-22.611501898742297
7.828282828282829,76.91919191919192,-21.236928288147507
7.828282828282829,77.12121212121212,-19.03565210186671
7.828282828282829,77.32323232323232,-19.233569497164996
7.828282828282829,77.52525252525253,-21.731881437364983
7.828282828282829,77.72727272727272,-21.695937382913016
7.828282828282829,77.92929292929293,-19.642399936820404
7.828282828282829,78.13131313131314,-24.97869113317593
7.828282828282829,78.33333333333333,-22.536192716696117
7.828282828282829,78.53535353535354,-19.164604614116065
7.828282828282829,78.73737373737373,-19.83975528452927
7.828282828282829,78.93939393939394,-21.1211909324538
7.828282828282829,79.14141414141415,-24.57168347426956
7.828282828282829,79.34343434343434,-21.86955275210821
7.828282828282829,79.54545454545455,-23.1135018792158
7.828282828282829,79.74747474747474,-21.02764819338739
7.828282828282829,79.94949494949495,-23.498648050146397
7.828282828282829,80.15151515151516,-23.688966627149203
7.828282828282829,80.35353535353535,-25.725327211008114
7.828282828282829,80.55555555555556,-19.31366616582822
7.828282828282829,80.75757575757575,-22.54540067916111
7.828282828282829,80.95959595959596,-21.476142208094853
7.828282828282829,81.16161616161617,-21.769783690152963
7.828282828282829,81.36363636363636,-23.767117659075783
7.828282828282829,81.56565656565657,-24.314235668575225
7.828282828282829,81.76767676767676,-23.7100021974694
7.828282828282829,81.96969696969697,-23.212288269416348
7.828282828282829,82.17171717171718,-20.955110535960998
7.828282828282829,82.37373737373737,-23.352042576062086
7.828282828282829,82.57575757575758,-18.40063678389304
7.828282828282829,82.77777777777777,-19.865862044886796
7.828282828282829,82.97979797979798,-20.114756208693354
7.828282828282829,83.18181818181819,-22.012264746973745
7.828282828282829,83.38383838383838,-18.88081607383579
7.828282828282829,83.58585858585859,-22.266436903084966
7.828282828282829,83.78787878787878,-21.919319656383212
7.828282828282829,83.98989898989899,-21.469864691650294
7.828282828282829,84.1919191919192,-20.547828288745666
7.828282828282829,84.39393939393939,-20.36608704391967
7.828282828282829,84.5959595959596,-22.833314633416226
7.828282828282829,84.79797979797979,-22.93297530785641
7.828282828282829,85.0,-20.296644694030753
8.030303030303031,65.0,-44.69699614103934
8.030303030303031,65.20202020202021,-46.469620390915516
8.030303030303031,65.4040404040404,-48.47875843480909
8.030303030303031,65.60606060606061,-47.32041856112899
8.030303030303031,65.8080808080808,-46.78149135233635
8.030303030303031,66.01010101010101,-45.81726635277213
8.030303030303031,66.21212121212122,-51.07743070584843
8.030303030303031,66.41414141414141,-50.607151081765615
8.030303030303031,66.61616161616162,-51.157416078933345
8.030303030303031,66.81818181818181,-48.575898482673814
8.030303030303031,67.02020202020202,-51.41402886092012
8.030303030303031,67.22222222222223,-52.76581569515572
8.030303030303031,67.42424242424242,-49.82723569056376
8.030303030303031,67.62626262626263,-51.31114988473191
8.030303030303031,67.82828282828282,-52.216463154069146
8.030303030303031,68.03030303030303,-51.03890813734405
8.030303030303031,68.23232323232324,-45.14018878937156
8.030303030303031,68.43434343434343,-47.35705535427267
8.030303030303031,68.63636363636364,-46.96545176724003
8.030303030303031,68.83838383838383,-46.729075274246604
8.030303030303031,69.04040404040404,-44.864757153286064
8.030303030303031,69.24242424242425,-43.866089283753034
8.030303030303031,69.44444444444444,-43.255830269406225
8.030303030303031,69.64646464646465,-43.32224575939973
8.030303030303031,69.84848484848484,-41.43603239882493
8.030303030303031,70.05050505050505,-43.56386293517673
8.030303030303031,70.25252525252526,-46.441986341246995
8.030303030303031,70.45454545454545,-47.45750307903349
8.030303030303031,70.65656565656566,-52.29738056650629
8.030303030303031,70.85858585858585,-47.62527700806888
8.030303030303031,71.06060606060606,-53.78239152653935
8.030303030303031,71.26262626262626,-60.907924253991126
8.030303030303031,71.46464646464646,-63.44243962012669
8.030303030303031,71.66666666666667,-66.98913719546819
8.030303030303031,71.86868686868686,-63.64047009107554
8.030303030303031,72.07070707070707,-69.16593199917507
8.030303030303031,72.27272727272727,-63.428954311139826
8.030303030303031,72.47474747474747,-60.243317333119364
8.030303030303031,72.67676767676768,-53.206556736130715
8.030303030303031,72.87878787878788,-49.37168048449556
8.030303030303031,73.08080808080808,-47.15981628659557
8.030303030303031,73.28282828282828,-39.60310201409177
8.030303030303031,73.48484848484848,-36.58411481150752
8.030303030303031,73.68686868686869,-31.160358529336758
8.030303030303031,73.88888888888889,-25.952013764531575
8.030303030303031,74.0909090909091,-30.829113067978135
8.030303030303031,74.29292929292929,-27.593203301310837
8.030303030303031,74.4949494949495,-26.504336083691584
8.030303030303031,74.6969696969697,-25.659378302112618
8.030303030303031,74.8989898989899,-22.85689901543161
8.030303030303031,75.1010101010101,-24.41214737309242
8.030303030303031,75.3030303030303,-22.93723395529627
8.030303030303031,75.5050505050505,-25.16918797529228
8.030303030303031,75.70707070707071,-23.248619114727614
8.030303030303031,75.9090909090909,-21.92870236277757
8.030303030303031,76.11111111111111,-24.89287470502308
8.030303030303031,76.31313131313131,-22.030024163113232
8.030303030303031,76.51515151515152,-23.15574934217804
8.030303030303031,76.71717171717171,-21.26424488460644
8.030303030303031,76.91919191919192,-23.640753806177504
8.030303030303031,77.12121212121212,-22.42244128777795
8.030303030303031,77.32323232323232,-23.36725056930378
8.030303030303031,77.52525252525253,-23.621493033720785
8.030303030303031,77.72727272727272,-22.55750480245684
8.030303030303031,77.92929292929293,-22.21770511472988
8.030303030303031,78.13131313131314,-25.573863013466237
8.030303030303031,78.33333333333333,-20.470578111295907
8.030303030303031,78.53535353535354,-26.864524477462368
8.030303030303031,78.73737373737373,-24.4242277559649
8.030303030303031,78.93939393939394,-23.483744933239674
8.030303030303031,79.14141414141415,-22.548320301722576
8.030303030303031,79.34343434343434,-20.085510697139465
8.030303030303031,79.54545454545455,-27.05257958683033
8.030303030303031,79.74747474747474,-24.130132949496367
8.030303030303031,79.94949494949495,-27.483411609425456
8.030303030303031,80.15151515151516,-23.094360423297402
8.030303030303031,80.35353535353535,-22.61869405692585
8.030303030303031,80.55555555555556,-19.876089179897754
8.030303030303031,80.75757575757575,-22.984979155991926
8.030303030303031,80.95959595959596,-21.111097629395186
8.030303030303031,81.16161616161617,-21.869648806434924
8.030303030303031,81.36363636363636,-24.055517392933417
8.030303030303031,81.56565656565657,-26.051689107937058
8.030303030303031,81.76767676767676,-22.589076008672226
8.030303030303031,81.96969696969697,-26.13136799822629
8.030303030303031,82.17171717171718,-20.534473805840356
8.030303030303031,82.37373737373737,-23.562631301208476
8.030303030303031,82.57575757575758,-20.910224929914847
8.030303030303031,82.77777777777777,-23.90461802229884
8.030303030303031,82.97979797979798,-22.68607381597227
8.030303030303031,83.18181818181819,-22.621162533626894
8.030303030303031,83.38383838383838,-22.862840040140746
8.030303030303031,83.58585858585859,-24.099657270563338
8.030303030303031,83.78787878787878,-22.37222246091388
8.030303030303031,83.98989898989899,-25.01164343661157
8.030303030303031,84.1919191919192,-25.66753948094068
8.030303030303031,84.39393939393939,-20.78144183808319
8.030303030303031,84.5959595959596,-21.660927560629286
8.030303030303031,84.79797979797979,-23.34565227233638
8.030303030303031,85.0,-19.973991841493252
8.232323232323232,65.0,-47.04696520567868
8.232323232323232,65.20202020202021,-45.11727511264497
8.232323232323232,65.4040404040404,-47.127319668783386
8.232323232323232,65.60606060606061,-49.45789950532249
8.232323232323232,65.8080808080808,-46.00551158511245
8.232323232323232,66.01010101010101,-48.232202925851574
8.232323232323232,66.21212121212122,-50.71896038536689
8.232323232323232,66.41414141414141,-50.35488022578742
8.232323232323232,66.61616161616162,-52.69432948017999
8.232323232323232,66.81818181818181,-50.89762308008366
8.232323232323232,67.02020202020202,-56.94462976223697
8.232323232323232,67.22222222222223,-54.57450696301888
8.232323232323232,67.42424242424242,-50.86923095448719
8.232323232323232,67.62626262626263,-52.54514285270158
8.232323232323232,67.82828282828282,-51.390834357500246
8.232323232323232,68.03030303030303,-53.5356592963437
8.232323232323232,68.23232323232324,-47.1764532917709
8.232323232323232,68.43434343434343,-47.42934189102744
8.232323232323232,68.63636363636364,-49.321288461340565
8.232323232323232,68.83838383838383,-49.01567289551794
8.232323232323232,69.04040404040404,-45.33637073094428
8.232323232323232,69.24242424242425,-42.715205040653245
8.232323232323232,69.44444444444444,-44.299286080870914
8.232323232323232,69.64646464646465,-41.245046100181504
8.232323232323232,69.84848484848484,-47.33460683739514
8.232323232323232,70.05050505050505,-47.32623009926387
8.232323232323232,70.25252525252526,-48.9289207368593
8.232323232323232,70.45454545454545,-46.97703862252985
8.232323232323232,70.65656565656566,-50.00562544618585
8.232323232323232,70.85858585858585,-53.52095610499259
8.232323232323232,71.06060606060606,-55.22460882392883
8.232323232323232,71.26262626262626,-58.14132623352161
8.232323232323232,71.46464646464646,-67.00475717378555
8.232323232323232,71.66666666666667,-67.60618578723874
8.232323232323232,71.86868686868686,-65.70335638778595
8.232323232323232,72.07070707070707,-67.72710264884283
8.232323232323232,72.27272727272727,-65.99488656080655
8.232323232323232,72.47474747474747,-58.65018520627911
8.232323232323232,72.67676767676768,-57.99956257626777
8.232323232323232,72.87878787878788,-50.93586531552365
8.232323232323232,73.08080808080808,-43.8966276065881
8.232323232323232,73.28282828282828,-41.07347216116018
8.232323232323232,73.48484848484848,-34.46530327546681
8.232323232323232,73.68686868686869,-33.87798947783481
8.232323232323232,73.88888888888889,-27.715594605422645
8.232323232323232,74.0909090909091,-28.680858415413912
8.232323232323232,74.29292929292929,-26.177443756564738
8.232323232323232,74.4949494949495,-25.265693071015708
8.232323232323232,74.6969696969697,-27.548435275595764
8.232323232323232,74.8989898989899,-29.63570189831565
8.232323232323232,75.1010101010101,-24.88148272724206
8.232323232323232,75.3030303030303,-25.114872477370557
8.232323232323232,75.5050505050505,-23.940294031921102
8.232323232323232,75.70707070707071,-25.460997125172305
8.232323232323232,75.9090909090909,-25.90858534246353
8.232323232323232,76.11111111111111,-20.792658007016982
8.232323232323232,76.31313131313131,-27.652662117938586
8.232323232323232,76.51515151515152,-23.234282821536894
8.232323232323232,76.71717171717171,-25.813951840819204
8.232323232323232,76.91919191919192,-25.44992824475994
8.232323232323232,77.12121212121212,-25.22011629691383
8.232323232323232,77.32323232323232,-26.292119710865162
8.232323232323232,77.52525252525253,-23.42800851066018
8.232323232323232,77.72727272727272,-21.87478224378716
8.232323232323232,77.92929292929293,-23.675683792352828
8.232323232323232,78.13131313131314,-24.33659871879099
8.232323232323232,78.33333333333333,-26.699587499486338
8.232323232323232,78.53535353535354,-23.557680466166524
8.232323232323232,78.73737373737373,-20.0957724548635
8.232323232323232,78.93939393939394,-25.267147846881347
8.232323232323232,79.14141414141415,-25.576207399207544
8.232323232323232,79.34343434343434,-25.625954824590682
8.232323232323232,79.54545454545455,-25.595104003089315
8.232323232323232,79.74747474747474,-30.14293024136156
8.232323232323232,79.94949494949495,-23.766928865272643
8.232323232323232,80.15151515151516,-26.29155459490354
8.232323232323232,80.35353535353535,-27.743322633462085
8.232323232323232,80.55555555555556,-23.1954047015924
8.232323232323232,80.75757575757575,-26.79435393866368
8.232323232323232,80.95959595959596,-25.45009853392565
8.232323232323232,81.16161616161617,-21.60129759702555
8.232323232323232,81.36363636363636,-27.41617663680022
8.232323232323232,81.56565656565657,-27.654007618286602
8.232323232323232,81.76767676767676,-24.213304731399756
8.232323232323232,81.96969696969697,-22.226151230068965
8.232323232323232,82.17171717171718,-27.911729223534255
8.232323232323232,82.37373737373737,-23.92011340821888
8.232323232323232,82.57575757575758,-23.45113303509597
8.232323232323232,82.77777777777777,-28.877803268702472
8.232323232323232,82.97979797979798,-22.767157693487857
8.232323232323232,83.18181818181819,-22.682878946323942
8.232323232323232,83.38383838383838,-25.200894350168184
8.232323232323232,83.58585858585859,-22.03173805596892
8.232323232323232,83.78787878787878,-22.452181296050355
8.232323232323232,83.98989898989899,-24.277047916042665
8.232323232323232,84.1919191919192,-25.269943164443323
8.232323232323232,84.39393939393939,-26.47645687576993
8.232323232323232,84.5959595959596,-24.611792170272317
8.232323232323232,84.79797979797979,-23.474620875729993
8.232323232323232,85.0,-25.290810472609564
8.434343434343434,65.0,-50.879868400302534
8.434343434343434,65.20202020202021,-46.16589152056499
8.434343434343434,65.4040404040404,-48.06372891295067
8.434343434343434,65.60606060606061,-49.64280710886633
8.434343434343434,65.8080808080808,-48.4989768960991
8.434343434343434,66.01010101010101,-48.586655361586196
8.434343434343434,66.21212121212122,-56.23770204172598
8.434343434343434,66.41414141414141,-51.76936465494773
8.434343434343434,66.61616161616162,-55.72335219292695
8.434343434343434,66.81818181818181,-52.95086145900611
8.434343434343434,67.02020202020202,-53.77288573519744
8.434343434343434,67.22222222222223,-53.17759679122187
8.434343434343434,67.42424242424242,-54.9940701626303
8.434343434343434,67.62626262626263,-57.402570985132584
8.434343434343434,67.82828282828282,-54.141824321440495
8.434343434343434,68.03030303030303,-52.35566438403568
8.434343434343434,68.23232323232324,-50.41758220571948
8.434343434343434,68.43434343434343,-54.083241678929646
8.434343434343434,68.63636363636364,-48.68403762503029
8.434343434343434,68.83838383838383,-51.48066773536615
8.434343434343434,69.04040404040404,-48.942164629535874
8.434343434343434,69.24242424242425,-49.780166717741814
8.434343434343434,69.44444444444444,-47.99791915125375
8.434343434343434,69.64646464646465,-45.92838813658377
8.434343434343434,69.84848484848484,-49.84018616874868
8.434343434343434,70.05050505050505,-49.05349732531541
8.434343434343434,70.25252525252526,-47.884955209567984
8.434343434343434,70.45454545454545,-44.84967063688817
8.434343434343434,70.65656565656566,-53.23675698819092
8.434343434343434,70.85858585858585,-50.167636306401626
8.434343434343434,71.06060606060606,-53.34341012638753
8.434343434343434,71.26262626262626,-60.8348569459368
8.434343434343434,71.46464646464646,-64.30101967539466
8.434343434343434,71.66666666666667,-67.06192454071709
8.434343434343434,71.86868686868686,-66.7685549135904
8.434343434343434,72.07070707070707,-68.57577768208036
8.434343434343434,72.27272727272727,-63.87081068280141
8.434343434343434,72.47474747474747,-56.894073691034755
8.434343434343434,72.67676767676768,-56.365177918692446
8.434343434343434,72.87878787878788,-50.68065448452393
8.434343434343434,73.08080808080808,-48.819020103823526
8.434343434343434,73.28282828282828,-40.00399592381858
8.434343434343434,73.48484848484848,-36.570004432625325
8.434343434343434,73.68686868686869,-33.77150739510896
8.434343434343434,73.88888888888889,-32.12903567695866
8.434343434343434,74.0909090909091,-30.481094438808064
8.434343434343434,74.29292929292929,-27.946383487400567
8.434343434343434,74.4949494949495,-28.22296159631259
8.434343434343434,74.6969696969697,-26.92212766471407
8.434343434343434,74.8989898989899,-26.931792444887886
8.434343434343434,75.1010101010101,-24.86803783007316
8.434343434343434,75.3030303030303,-25.326128152461248
8.434343434343434,75.5050505050505,-26.199054793148033
8.434343434343434,75.70707070707071,-23.474395637050538
8.434343434343434,75.9090909090909,-25.431105855686617
8.434343434343434,76.11111111111111,-23.718941660131076
8.434343434343434,76.31313131313131,-24.774811502932334
8.434343434343434,76.51515151515152,-29.889293232517495
8.434343434343434,76.71717171717171,-23.57394527536221
8.434343434343434,76.91919191919192,-25.755851382363534
8.434343434343434,77.12121212121212,-26.00656046213321
8.434343434343434,77.32323232323232,-25.440927374037663
8.434343434343434,77.52525252525253,-26.60033067483087
8.434343434343434,77.72727272727272,-25.572774784313715
8.434343434343434,77.92929292929293,-27.00484241573628
8.434343434343434,78.13131313131314,-23.541657617751596
8.434343434343434,78.33333333333333,-26.09656495276541
8.434343434343434,78.53535353535354,-26.64291908837113
8.434343434343434,78.73737373737373,-27.892205204041232
8.434343434343434,78.93939393939394,-25.352969049345752
8.434343434343434,79.14141414141415,-25.58419844391103
8.434343434343434,79.34343434343434,-25.192235112443324
8.434343434343434,79.54545454545455,-28.123206187907815
8.434343434343434,79.74747474747474,-29.247078462148203
8.434343434343434,79.94949494949495,-24.710323802460785
8.434343434343434,80.15151515151516,-22.86951023140106
8.434343434343434,80.35353535353535,-27.977465174560177
8.434343434343434,80.55555555555556,-22.90256782363676
8.434343434343434,80.75757575757575,-25.340918029423502
8.434343434343434,80.95959595959596,-26.038204726086068
8.434343434343434,81.16161616161617,-26.634534083350818
8.434343434343434,81.36363636363636,-28.678433769408873
8.434343434343434,81.56565656565657,-24.00906265412222
8.434343434343434,81.76767676767676,-27.512788547817337
8.434343434343434,81.96969696969697,-27.351677927591467
8.434343434343434,82.17171717171718,-24.106782502693303
8.434343434343434,82.37373737373737,-29.807179343462764
8.434343434343434,82.57575757575758,-29.07023338671198
8.434343434343434,82.77777777777777,-25.899199867055106
8.434343434343434,82.97979797979798,-25.292373521724983
8.434343434343434,83.18181818181819,-25.00835014655152
8.434343434343434,83.38383838383838,-26.31648979931121
8.434343434343434,83.58585858585859,-20.917588689273046
8.434343434343434,83.78787878787878,-26.27379662651699
8.434343434343434,83.98989898989899,-26.380404695708062
8.434343434343434,84.1919191919192,-27.430081486888614
8.434343434343434,84.39393939393939,-25.710311788465674
8.434343434343434,84.5959595959596,-24.678072998010755
8.434343434343434,84.79797979797979,-23.406144211032665
8.434343434343434,85.0,-28.721658500769998
8.636363636363637,65.0,-49.02353941622583
8.636363636363637,65.20202020202021,-48.31840757163801
8.636363636363637,65.4040404040404,-48.72132321992602
8.636363636363637,65.60606060606061,-50.097874063621305
8.636363636363637,65.8080808080808,-50.25722948173477
8.636363636363637,66.01010101010101,-53.31435904580757
8.636363636363637,66.21212121212122,-50.3726451482427
8.636363636363637,66.41414141414141,-52.174746783210274
8.636363636363637,66.61616161616162,-57.1369049554937
8.636363636363637,66.81818181818181,-57.140360055786886
8.636363636363637,67.02020202020202,-57.476802712597646
8.636363636363637,67.22222222222223,-54.457587076318156
8.636363636363637,67.42424242424242,-58.452374486479414
8.636363636363637,67.62626262626263,-56.19692889806191
8.636363636363637,67.82828282828282,-54.05918513447912
8.636363636363637,68.03030303030303,-55.11849517437446
8.636363636363637,68.23232323232324,-53.76223321704028
8.636363636363637,68.43434343434343,-55.89153919271568
8.636363636363637,68.63636363636364,-51.6476683862814
8.636363636363637,68.83838383838383,-53.43233303380467
8.636363636363637,69.04040404040404,-52.17406623132061
8.636363636363637,69.24242424242425,-50.37251901735857
8.636363636363637,69.44444444444444,-50.04331512545673
8.636363636363637,69.64646464646465,-49.69272821340365
8.636363636363637,69.84848484848484,-51.008708162326194
8.636363636363637,70.05050505050505,-49.77879175341031
8.636363636363637,70.25252525252526,-49.77139361178475
8.636363636363637,70.45454545454545,-53.72436089402605
8.636363636363637,70.65656565656566,-53.36804104737394
8.636363636363637,70.85858585858585,-53.74094059170328
8.636363636363637,71.06060606060606,-59.619514320468205
8.636363636363637,71.26262626262626,-57.35374353761424
8.636363636363637,71.46464646464646,-59.60907779379728
8.636363636363637,71.66666666666667,-66.18571194521462
8.636363636363637,71.86868686868686,-61.62687643256073
8.636363636363637,72.07070707070707,-63.79939807157424
8.636363636363637,72.27272727272727,-60.68650386391921
8.636363636363637,72.47474747474747,-59.0661021820196
8.636363636363637,72.67676767676768,-52.25539431110667
8.636363636363637,72.87878787878788,-48.620054071076524
8.636363636363637,73.08080808080808,-46.65692367675752
8.636363636363637,73.28282828282828,-43.36599400999088
8.636363636363637,73.48484848484848,-40.277684099090735
8.636363636363637,73.68686868686869,-34.574376871848614
8.636363636363637,73.88888888888889,-31.723306950368485
8.636363636363637,74.0909090909091,-30.005918912868896
8.636363636363637,74.29292929292929,-30.703188556855327
8.636363636363637,74.4949494949495,-31.963433136199058
8.636363636363637,74.6969696969697,-30.26916008540519
8.636363636363637,74.8989898989899,-26.309974034196195
8.636363636363637,75.1010101010101,-29.209215663472577
8.636363636363637,75.3030303030303,-27.760039407640683
8.636363636363637,75.5050505050505,-30.16438608663348
8.636363636363637,75.70707070707071,-27.346657007683056
8.636363636363637,75.9090909090909,-28.660921911286806
8.636363636363637,76.11111111111111,-25.73319812879239
8.636363636363637,76.31313131313131,-26.27036430997993
8.636363636363637,76.51515151515152,-28.512684722330004
8.636363636363637,76.71717171717171,-27.655649203200845
8.636363636363637,76.91919191919192,-28.556843182100607
8.636363636363637,77.12121212121212,-30.37667002726364
8.636363636363637,77.32323232323232,-29.10625035158109
8.636363636363637,77.52525252525253,-26.899987094497245
8.636363636363637,77.72727272727272,-26.785674420069476
8.636363636363637,77.92929292929293,-27.04141471922143
8.636363636363637,78.13131313131314,-28.03332790192951
8.636363636363637,78.33333333333333,-25.688505759696135
8.636363636363637,78.53535353535354,-27.29699397809583
8.636363636363637,78.73737373737373,-26.15726182036406
8.636363636363637,78.93939393939394,-30.960263380497384
8.636363636363637,79.14141414141415,-35.43090650047266
8.636363636363637,79.34343434343434,-26.762805788232985
8.636363636363637,79.54545454545455,-30.267346142540525
8.636363636363637,79.74747474747474,-27.915316384581924
8.636363636363637,79.94949494949495,-27.85591235024463
8.636363636363637,80.15151515151516,-24.100061387276913
8.636363636363637,80.35353535353535,-26.62660915267313
8.636363636363637,80.55555555555556,-26.99648522208832
8.636363636363637,80.75757575757575,-25.770352516447847
8.636363636363637,80.95959595959596,-26.437196786701374
8.636363636363637,81.16161616161617,-28.319659730957394
8.636363636363637,81.36363636363636,-25.085221477260884
8.636363636363637,81.56565656565657,-29.547788927845357
8.636363636363637,81.76767676767676,-26.63468573063268
8.636363636363637,81.96969696969697,-30.468546531397138
8.636363636363637,82.17171717171718,-26.842251750934402
8.636363636363637,82.37373737373737,-26.93553684567958
8.636363636363637,82.57575757575758,-23.926721967991153
8.636363636363637,82.77777777777777,-30.564022279922536
8.636363636363637,82.97979797979798,-28.795818060029205
8.636363636363637,83.18181818181819,-25.976839197171067
8.636363636363637,83.38383838383838,-26.887187096836524
8.636363636363637,83.58585858585859,-26.80540185582682
8.636363636363637,83.78787878787878,-29.070602423472724
8.636363636363637,83.98989898989899,-28.64084390328492
8.636363636363637,84.1919191919192,-24.85968953563681
8.636363636363637,84.39393939393939,-27.217934785616908
8.636363636363637,84.5959595959596,-26.7811154184519
8.636363636363637,84.79797979797979,-27.584087659065048
8.636363636363637,85.0,-29.84383300810004
8.838383838383837,65.0,-48.38330986375365
8.838383838383837,65.20202020202021,-49.2035491250946
8.838383838383837,65.4040404040404,-47.21010900736036
8.838383838383837,65.60606060606061,-52.63770445555576
8.838383838383837,65.8080808080808,-50.82345895312908
8.838383838383837,66.01010101010101,-55.21016187441513
8.838383838383837,66.21212121212122,-53.84711621904841
8.838383838383837,66.41414141414141,-53.31871140987316
8.838383838383837,66.61616161616162,-59.54189657730462
8.838383838383837,66.81818181818181,-57.076965256343186
8.838383838383837,67.02020202020202,-58.22912387538577
8.838383838383837,67.22222222222223,-58.6940725094208
8.838383838383837,67.42424242424242,-56.56163402460791
8.838383838383837,67.62626262626263,-55.25939222443326
8.838383838383837,67.82828282828282,-57.36793226308831
8.838383838383837,68.03030303030303,-56.20071140217652
8.838383838383837,68.23232323232324,-56.14572312685993
8.838383838383837,68.43434343434343,-55.50276111306563
8.838383838383837,68.63636363636364,-56.81707804098402
8.838383838383837,68.83838383838383,-52.13586458586814
8.838383838383837,69.04040404040404,-52.9990934654549
8.838383838383837,69.24242424242425,-51.99591824957869
8.838383838383837,69.44444444444444,-53.70998236562598
8.838383838383837,69.64646464646465,-52.490499270458514
8.838383838383837,69.84848484848484,-51.580350304694306
8.838383838383837,70.05050505050505,-54.35450878699158
8.838383838383837,70.25252525252526,-54.73047400606409
8.838383838383837,70.45454545454545,-53.08334211924269
8.838383838383837,70.65656565656566,-52.174922585312395
8.838383838383837,70.85858585858585,-55.81219986699107
8.838383838383837,71.06060606060606,-58.39560431862926
8.838383838383837,71.26262626262626,-60.09386806356691
8.838383838383837,71.46464646464646,-61.03626487770769
8.838383838383837,71.66666666666667,-61.9103797892693
8.838383838383837,71.86868686868686,-57.088029770501734
8.838383838383837,72.07070707070707,-58.25883257105278
8.838383838383837,72.27272727272727,-56.60818054199366
8.838383838383837,72.47474747474747,-53.347635209175756
8.838383838383837,72.67676767676768,-54.11454520040046
8.838383838383837,72.87878787878788,-50.600954576027014
8.838383838383837,73.08080808080808,-46.657755992945994
8.838383838383837,73.28282828282828,-38.291510003073945
8.838383838383837,73.48484848484848,-39.089090364120004
8.838383838383837,73.68686868686869,-38.03408772229893
8.838383838383837,73.88888888888889,-34.7829092253553
8.838383838383837,74.0909090909091,-33.07110346721972
8.838383838383837,74.29292929292929,-30.975308690193366
8.838383838383837,74.4949494949495,-30.474909616952203
8.838383838383837,74.6969696969697,-32.008605530716515
8.838383838383837,74.8989898989899,-28.762514862788656
8.838383838383837,75.1010101010101,-31.10314634075198
8.838383838383837,75.3030303030303,-30.02053409716241
8.838383838383837,75.5050505050505,-28.07086437844936
8.838383838383837,75.70707070707071,-30.629632272057705
8.838383838383837,75.9090909090909,-30.24399688077168
8.838383838383837,76.11111111111111,-28.038464669672475
8.838383838383837,76.31313131313131,-30.717097566484195
8.838383838383837,76.51515151515152,-29.686942858429518
8.838383838383837,76.71717171717171,-27.73844132651096
8.838383838383837,76.91919191919192,-24.937576364700995
8.838383838383837,77.12121212121212,-27.767477026096255
8.838383838383837,77.32323232323232,-28.00132469094716
8.838383838383837,77.52525252525253,-27.853526292030253
8.838383838383837,77.72727272727272,-30.95456644268669
8.838383838383837,77.92929292929293,-28.584880120872214
8.838383838383837,78.13131313131314,-28.88304766074916
8.838383838383837,78.33333333333333,-28.094337325381435
8.838383838383837,78.53535353535354,-28.380339887317593
8.838383838383837,78.73737373737373,-28.036271469462715
8.838383838383837,78.93939393939394,-29.529763080170575
8.838383838383837,79.14141414141415,-28.552905566479225
8.838383838383837,79.34343434343434,-31.05455069371959
8.838383838383837,79.54545454545455,-29.54631459839489
8.838383838383837,79.74747474747474,-25.852070200141696
8.838383838383837,79.94949494949495,-27.839453247870196
8.838383838383837,80.15151515151516,-28.98543197946798
8.838383838383837,80.35353535353535,-24.777371262819727
8.838383838383837,80.55555555555556,-31.48859499015659
8.838383838383837,80.75757575757575,-30.91488802678108
8.838383838383837,80.95959595959596,-25.47198526333219
8.838383838383837,81.16161616161617,-28.660595906518235
8.838383838383837,81.36363636363636,-29.281077280866214
8.838383838383837,81.56565656565657,-31.158284837196675
8.838383838383837,81.76767676767676,-27.72018350180767
8.838383838383837,81.96969696969697,-27.646292564175425
8.838383838383837,82.17171717171718,-30.820552502148097
8.838383838383837,82.37373737373737,-28.98661074982903
8.838383838383837,82.57575757575758,-29.436737578233558
8.838383838383837,82.77777777777777,-28.362004698544794
8.838383838383837,82.97979797979798,-30.990634186914775
8.838383838383837,83.18181818181819,-26.091235365049563
8.838383838383837,83.38383838383838,-26.73054883696984
8.838383838383837,83.58585858585859,-29.334763103117638
8.838383838383837,83.78787878787878,-29.127087152064963
8.838383838383837,83.98989898989899,-29.151770870151164
8.838383838383837,84.1919191919192,-30.344962466053246
8.838383838383837,84.39393939393939,-29.743729794518263
8.838383838383837,84.5959595959596,-29.394184289319547
8.838383838383837,84.79797979797979,-25.628489886577665
8.838383838383837,85.0,-26.71139833643926
9.040404040404042,65.0,-49.47301324617796
9.040404040404042,65.20202020202021,-50.4638895281481
9.040404040404042,65.4040404040404,-53.18549411782044
9.040404040404042,65.60606060606061,-52.32025912606975
9.040404040404042,65.8080808080808,-51.88952523573556
9.040404040404042,66.01010101010101,-56.28061469536762
9.040404040404042,66.21212121212122,-54.37036552109747
9.040404040404042,66.41414141414141,-52.724904244101786
9.040404040404042,66.61616161616162,-55.48278777504836
9.040404040404042,66.81818181818181,-55.4367544693008
9.040404040404042,67.02020202020202,-58.19459552285461
9.040404040404042,67.22222222222223,-57.06752547774964
9.040404040404042,67.42424242424242,-60.16359406934062
9.040404040404042,67.62626262626263,-57.447489100711444
9.040404040404042,67.82828282828282,-57.46212076124031
9.040404040404042,68.03030303030303,-57.75085075494165
9.040404040404042,68.23232323232324,-55.26719300013016
9.040404040404042,68.43434343434343,-58.36543150470055
9.040404040404042,68.63636363636364,-57.069616129518856
9.040404040404042,68.83838383838383,-55.92452314838884
9.040404040404042,69.04040404040404,-57.43880367864762
9.040404040404042,69.24242424242425,-54.32340244768215
9.040404040404042,69.44444444444444,-57.56859414443605
9.040404040404042,69.64646464646465,-51.627188726134385
9.040404040404042,69.84848484848484,-52.958908477110654
9.040404040404042,70.05050505050505,-53.868895894546036
9.040404040404042,70.25252525252526,-54.15914174586904
9.040404040404042,70.45454545454545,-53.27427249427135
9.040404040404042,70.65656565656566,-52.04442494398297
9.040404040404042,70.85858585858585,-53.256857434810584
9.040404040404042,71.06060606060606,-56.97423984401948
9.040404040404042,71.26262626262626,-58.296389440659006
9.040404040404042,71.46464646464646,-56.74186128500995
9.040404040404042,71.66666666666667,-60.07840405870484
9.040404040404042,71.86868686868686,-58.35095210926388
9.040404040404042,72.07070707070707,-57.34779553113855
9.040404040404042,72.27272727272727,-55.187452051006474
9.040404040404042,72.47474747474747,-51.65923390332616
9.040404040404042,72.67676767676768,-52.68634559130279
9.040404040404042,72.87878787878788,-50.63508919700581
9.040404040404042,73.08080808080808,-44.97845270726346
9.040404040404042,73.28282828282828,-37.34306706548282
9.040404040404042,73.48484848484848,-34.201367150698445
9.040404040404042,73.68686868686869,-32.857966221782874
9.040404040404042,73.88888888888889,-35.307444865225435
9.040404040404042,74.0909090909091,-37.3090408261005
9.040404040404042,74.29292929292929,-37.6228743942659
9.040404040404042,74.4949494949495,-33.4919087587389
9.040404040404042,74.6969696969697,-32.25209197736226
9.040404040404042,74.8989898989899,-28.892521406142816
9.040404040404042,75.1010101010101,-29.611823298132908
9.040404040404042,75.3030303030303,-30.60722284121198
9.040404040404042,75.5050505050505,-32.448715878644734
9.040404040404042,75.70707070707071,-32.60616935143323
9.040404040404042,75.9090909090909,-29.964561637006586
9.040404040404042,76.11111111111111,-29.042500580217055
9.040404040404042,76.31313131313131,-29.561171861724603
9.040404040404042,76.51515151515152,-32.505658487526894
9.040404040404042,76.71717171717171,-29.06317453986522
9.040404040404042,76.91919191919192,-29.523951677800543
9.040404040404042,77.12121212121212,-32.26210562098708
9.040404040404042,77.32323232323232,-32.08476053125702
9.040404040404042,77.52525252525253,-28.736262025284322
9.040404040404042,77.72727272727272,-30.79617762852174
9.040404040404042,77.92929292929293,-27.12447988395076
9.040404040404042,78.13131313131314,-29.226402645874888
9.040404040404042,78.33333333333333,-31.248336630300738
9.040404040404042,78.53535353535354,-30.116177976589363
9.040404040404042,78.73737373737373,-30.068971087137
9.040404040404042,78.93939393939394,-31.405565921267375
9.040404040404042,79.14141414141415,-31.911369879850014
9.040404040404042,79.34343434343434,-28.7398422908641
9.040404040404042,79.54545454545455,-28.706072168791206
9.040404040404042,79.74747474747474,-28.90736201140184
9.040404040404042,79.94949494949495,-27.16891507618608
9.040404040404042,80.15151515151516,-31.245414713756535
9.040404040404042,80.35353535353535,-26.970663053474173
9.040404040404042,80.55555555555556,-32.162325888390924
9.040404040404042,80.75757575757575,-32.29666753107487
9.040404040404042,80.95959595959596,-33.79826460795373
9.040404040404042,81.16161616161617,-31.09531989434315
9.040404040404042,81.36363636363636,-31.53478321014003
9.040404040404042,81.56565656565657,-29.27292224287417
9.040404040404042,81.76767676767676,-29.885431868339946
9.040404040404042,81.96969696969697,-32.7191002928795
9.040404040404042,82.17171717171718,-30.999185407979642
9.040404040404042,82.37373737373737,-30.949150245741517
9.040404040404042,82.57575757575758,-33.65607204453317
9.040404040404042,82.77777777777777,-32.123993360548816
9.040404040404042,82.97979797979798,-31.576670875867258
9.040404040404042,83.18181818181819,-27.279863196256006
9.040404040404042,83.38383838383838,-29.8349739153358
9.040404040404042,83.58585858585859,-28.758352229761396
9.040404040404042,83.78787878787878,-33.21498249501604
9.040404040404042,83.98989898989899,-27.809824225248203
9.040404040404042,84.1919191919192,-27.557705914509953
9.040404040404042,84.39393939393939,-34.40605744468654
9.040404040404042,84.5959595959596,-31.470914976116955
9.040404040404042,84.79797979797979,-29.238212849981934
9.040404040404042,85.0,-28.83419370307323
9.242424242424242,65.0,-52.75678663496125
9.242424242424242,65.20202020202021,-52.37819515312687
9.242424242424242,65.4040404040404,-53.53734778047936
9.242424242424242,65.60606060606061,-53.3165920764815
9.242424242424242,65.8080808080808,-52.53931179667991
9.242424242424242,66.01010101010101,-56.72141802748539
9.242424242424242,66.21212121212122,-54.90980574625625
9.242424242424242,66.41414141414141,-58.81083050135768
9.242424242424242,66.61616161616162,-60.14081769444909
9.242424242424242,66.81818181818181,-57.957628286948704
9.242424242424242,67.02020202020202,-58.09489178364312
9.242424242424242,67.22222222222223,-58.67041369063121
9.242424242424242,67.42424242424242,-63.008208389588106
9.242424242424242,67.62626262626263,-61.32070061182813
9.242424242424242,67.82828282828282,-58.67760634075282
9.242424242424242,68.03030303030303,-59.702922865313155
9.242424242424242,68.23232323232324,-61.70642640164618
9.242424242424242,68.43434343434343,-58.1708223111554
9.242424242424242,68.63636363636364,-60.033329075972034
9.242424242424242,68.83838383838383,-54.3906337841291
9.242424242424242,69.04040404040404,-54.20895122154659
9.242424242424242,69.24242424242425,-55.590790989480446
9.242424242424242,69.44444444444444,-53.10298021506989
9.242424242424242,69.64646464646465,-55.12050394840582
9.242424242424242,69.84848484848484,-53.00124441405672
9.242424242424242,70.05050505050505,-51.05404522971573
9.242424242424242,70.25252525252526,-53.58445633135053
9.242424242424242,70.45454545454545,-54.47247534872586
9.242424242424242,70.65656565656566,-57.38149551122583
9.242424242424242,70.85858585858585,-54.54638723218071
9.242424242424242,71.06060606060606,-53.363822740355204
9.242424242424242,71.26262626262626,-53.67793897624444
9.242424242424242,71.46464646464646,-54.93247663293455
9.242424242424242,71.66666666666667,-57.3466279934414
9.242424242424242,71.86868686868686,-59.63747555623362
9.242424242424242,72.07070707070707,-55.79721764233363
9.242424242424242,72.27272727272727,-53.83998004091975
9.242424242424242,72.47474747474747,-51.94901662037902
9.242424242424242,72.67676767676768,-47.24460449489017
9.242424242424242,72.87878787878788,-42.08059054012853
9.242424242424242,73.08080808080808,-42.968884869260975
9.242424242424242,73.28282828282828,-41.35460716942819
9.242424242424242,73.48484848484848,-39.23951591122178
9.242424242424242,73.68686868686869,-36.97302132521151
9.242424242424242,73.88888888888889,-37.74243784559371
9.242424242424242,74.0909090909091,-34.85605131382019
9.242424242424242,74.29292929292929,-33.524168575562875
9.242424242424242,74.4949494949495,-33.09710341733986
9.242424242424242,74.6969696969697,-32.50003524127653
9.242424242424242,74.8989898989899,-31.999666710420595
9.242424242424242,75.1010101010101,-36.31223711033349
9.242424242424242,75.3030303030303,-31.173636088292042
9.242424242424242,75.5050505050505,-33.63612833352607
9.242424242424242,75.70707070707071,-34.2317501158608
9.242424242424242,75.9090909090909,-34.378944516130815
9.242424242424242,76.11111111111111,-30.89760840674358
9.242424242424242,76.31313131313131,-32.25878246494386
9.242424242424242,76.51515151515152,-35.35555419818827
9.242424242424242,76.71717171717171,-30.90043154952485
9.242424242424242,76.91919191919192,-34.535000408327164
9.242424242424242,77.12121212121212,-31.19315450526344
9.242424242424242,77.32323232323232,-31.31545853842162
9.242424242424242,77.52525252525253,-29.94205218035543
9.242424242424242,77.72727272727272,-28.00564475962168
9.242424242424242,77.92929292929293,-34.43802998390836
9.242424242424242,78.13131313131314,-31.65101245131884
9.242424242424242,78.33333333333333,-32.16319344722083
9.242424242424242,78.53535353535354,-30.91360344065555
9.242424242424242,78.73737373737373,-31.022914298623405
9.242424242424242,78.93939393939394,-32.260207722170115
9.242424242424242,79.14141414141415,-32.46087346900788
9.242424242424242,79.34343434343434,-33.910089488331835
9.242424242424242,79.54545454545455,-29.724910550378624
9.242424242424242,79.74747474747474,-30.64218763858481
9.242424242424242,79.94949494949495,-29.85032398016982
9.242424242424242,80.15151515151516,-32.11665519820708
9.242424242424242,80.35353535353535,-32.962483881346024
9.242424242424242,80.55555555555556,-33.45036928758686
9.242424242424242,80.75757575757575,-30.851596230363526
9.242424242424242,80.95959595959596,-33.65997186464919
9.242424242424242,81.16161616161617,-27.975674212848507
9.242424242424242,81.36363636363636,-34.31589503002729
9.242424242424242,81.56565656565657,-30.98021574524783
9.242424242424242,81.76767676767676,-28.40342866203718
9.242424242424242,81.96969696969697,-30.6184930782741
9.242424242424242,82.17171717171718,-31.27223308845892
9.242424242424242,82.37373737373737,-33.57218900140008
9.242424242424242,82.57575757575758,-34.11323491489753
9.242424242424242,82.77777777777777,-30.143678473630853
9.242424242424242,82.97979797979798,-28.462659433965847
9.242424242424242,83.18181818181819,-32.39138797442778
9.242424242424242,83.38383838383838,-33.85633616942903
9.242424242424242,83.58585858585859,-36.490132573886115
9.242424242424242,83.78787878787878,-33.4768790478657
9.242424242424242,83.98989898989899,-31.85063920380653
9.242424242424242,84.1919191919192,-28.310623778786738
9.242424242424242,84.39393939393939,-30.37297120784059
9.242424242424242,84.5959595959596,-31.00882870520878
9.242424242424242,84.79797979797979,-32.29238981734709
9.242424242424242,85.0,-32.71177808841549
9.444444444444445,65.0,-50.76593120202104
9.444444444444445,65.20202020202021,-52.706740599103725
9.444444444444445,65.4040404040404,-56.674952779701215
9.444444444444445,65.60606060606061,-55.40514701411965
9.444444444444445,65.8080808080808,-56.70251083377765
9.444444444444445,66.01010101010101,-57.48073325541863
9.444444444444445,66.21212121212122,-56.73390202318501
9.444444444444445,66.41414141414141,-59.08430233091846
9.444444444444445,66.61616161616162,-60.051062992143585
9.444444444444445,66.81818181818181,-58.54220317424398
9.444444444444445,67.02020202020202,-62.66723331337114
9.444444444444445,67.22222222222223,-58.55404569783937
9.444444444444445,67.42424242424242,-63.096576300083925
9.444444444444445,67.62626262626263,-61.92926811442915
9.444444444444445,67.82828282828282,-62.420024289815316
9.444444444444445,68.03030303030303,-61.37188168863921
9.444444444444445,68.23232323232324,-60.22746064032358
9.444444444444445,68.43434343434343,-59.848220876446064
9.444444444444445,68.63636363636364,-61.63376148221437
9.444444444444445,68.83838383838383,-61.79024020883483
9.444444444444445,69.04040404040404,-54.014455652081644
9.444444444444445,69.24242424242425,-59.3284826995585
9.444444444444445,69.44444444444444,-56.13484468064873
9.444444444444445,69.64646464646465,-59.93628454814983
9.444444444444445,69.84848484848484,-56.899838167827724
9.444444444444445,70.05050505050505,-56.06758097781574
9.444444444444445,70.25252525252526,-54.10672066579224
9.444444444444445,70.45454545454545,-60.24856714630942
9.444444444444445,70.65656565656566,-54.24649793537235
9.444444444444445,70.85858585858585,-57.01022107626184
9.444444444444445,71.06060606060606,-54.158307689424234
9.444444444444445,71.26262626262626,-56.89252675163
9.444444444444445,71.46464646464646,-56.418158012449325
9.444444444444445,71.66666666666667,-54.97701134618692
9.444444444444445,71.86868686868686,-55.71493097452679
9.444444444444445,72.07070707070707,-53.44579687699362
9.444444444444445,72.27272727272727,-53.76435119644744
9.444444444444445,72.47474747474747,-52.982925017071445
9.444444444444445,72.67676767676768,-45.08484572761112
9.444444444444445,72.87878787878788,-47.90727274831278
9.444444444444445,73.08080808080808,-43.29498829603143
9.444444444444445,73.28282828282828,-39.64796853556438
9.444444444444445,73.48484848484848,-40.88806819648207
9.444444444444445,73.68686868686869,-39.97538147439338
9.444444444444445,73.88888888888889,-36.59281644557663
9.444444444444445,74.0909090909091,-34.10622688374443
9.444444444444445,74.29292929292929,-37.978491538914746
9.444444444444445,74.4949494949495,-35.41552122020858
9.444444444444445,74.6969696969697,-38.06064815564048
9.444444444444445,74.8989898989899,-35.066505260246835
9.444444444444445,75.1010101010101,-34.098870852614425
9.444444444444445,75.3030303030303,-35.83508741332837
9.444444444444445,75.5050505050505,-34.57427353505818
9.444444444444445,75.70707070707071,-36.43592365795096
9.444444444444445,75.9090909090909,-33.4000230218989
9.444444444444445,76.11111111111111,-31.164340716665507
9.444444444444445,76.31313131313131,-35.44721925259453
9.444444444444445,76.51515151515152,-34.3744871556186
9.444444444444445,76.71717171717171,-32.01969448331343
9.444444444444445,76.91919191919192,-30.71854486811327
9.444444444444445,77.12121212121212,-36.37290052235917
9.444444444444445,77.32323232323232,-33.41108904729917
9.444444444444445,77.52525252525253,-32.45165281006917
9.444444444444445,77.72727272727272,-33.236790891913785
9.444444444444445,77.92929292929293,-37.928392394263014
9.444444444444445,78.13131313131314,-32.010556713236106
9.444444444444445,78.33333333333333,-30.063995306507955
9.444444444444445,78.53535353535354,-32.35646208375969
9.444444444444445,78.73737373737373,-34.92698958024898
9.444444444444445,78.93939393939394,-33.91479580180658
9.444444444444445,79.14141414141415,-29.381185365564427
9.444444444444445,79.34343434343434,-31.108308458708684
9.444444444444445,79.54545454545455,-31.62773916407997
9.444444444444445,79.74747474747474,-32.01600301016862
9.444444444444445,79.94949494949495,-34.473039842366155
9.444444444444445,80.15151515151516,-33.50030412562025
9.444444444444445,80.35353535353535,-33.049451433921384
9.444444444444445,80.55555555555556,-31.951072254620215
9.444444444444445,80.75757575757575,-30.13053087821847
9.444444444444445,80.95959595959596,-30.87056208456464
9.444444444444445,81.16161616161617,-35.839056095081354
9.444444444444445,81.36363636363636,-32.615007116861015
9.444444444444445,81.56565656565657,-31.671577556878766
9.444444444444445,81.76767676767676,-31.765937859507744
9.444444444444445,81.96969696969697,-34.25703499289064
9.444444444444445,82.17171717171718,-27.087543305015576
9.444444444444445,82.37373737373737,-35.720944314038796
9.444444444444445,82.57575757575758,-35.102083705596975
9.444444444444445,82.77777777777777,-32.43758235852386
9.444444444444445,82.97979797979798,-28.738278933165297
9.444444444444445,83.18181818181819,-34.530231196221614
9.444444444444445,83.38383838383838,-33.50935620552412
9.444444444444445,83.58585858585859,-30.932290004541038
9.444444444444445,83.78787878787878,-32.84505938330596
9.444444444444445,83.98989898989899,-33.73148683274228
9.444444444444445,84.1919191919192,-31.695710445217923
9.444444444444445,84.39393939393939,-32.41138206138331
9.444444444444445,84.5959595959596,-31.101375044277848
9.444444444444445,84.79797979797979,-30.482604167113593
9.444444444444445,85.0,-32.429368800277885
9.646464646464647,65.0,-53.21325011121443
9.646464646464647,65.20202020202021,-53.63190353983333
9.646464646464647,65.4040404040404,-53.84896920164045
9.646464646464647,65.60606060606061,-55.29513178888601
9.646464646464647,65.8080808080808,-56.43427484376848
9.646464646464647,66.01010101010101,-55.973725244010566
9.646464646464647,66.21212121212122,-56.456117842783286
9.646464646464647,66.41414141414141,-62.55606327819916
9.646464646464647,66.61616161616162,-61.13654604591885
9.646464646464647,66.81818181818181,-63.02459590518969
9.646464646464647,67.02020202020202,-63.111321820330176
9.646464646464647,67.22222222222223,-62.251663443113635
9.646464646464647,67.42424242424242,-62.05281653443767
9.646464646464647,67.62626262626263,-63.671320951126106
9.646464646464647,67.82828282828282,-66.9846051635156
9.646464646464647,68.03030303030303,-64.74363197665639
9.646464646464647,68.23232323232324,-61.00062354827993
9.646464646464647,68.43434343434343,-67.61560908927672
9.646464646464647,68.63636363636364,-59.610418821965105
9.646464646464647,68.83838383838383,-60.13058617128941
9.646464646464647,69.04040404040404,-57.94192204058157
9.646464646464647,69.24242424242425,-60.35163399756493
9.646464646464647,69.44444444444444,-63.25422406709139
9.646464646464647,69.64646464646465,-57.54730880989683
9.646464646464647,69.84848484848484,-55.17800640791477
9.646464646464647,70.05050505050505,-55.2485572671579
9.646464646464647,70.25252525252526,-57.59860891160597
9.646464646464647,70.45454545454545,-55.81371839076047
9.646464646464647,70.65656565656566,-56.45804263369951
9.646464646464647,70.85858585858585,-56.4908537913713
9.646464646464647,71.06060606060606,-52.54429848102355
9.646464646464647,71.26262626262626,-56.768167903434204
9.646464646464647,71.46464646464646,-55.68629688421796
9.646464646464647,71.66666666666667,-55.59453609206856
9.646464646464647,71.86868686868686,-55.21723498804181
9.646464646464647,72.07070707070707,-50.99925872368901
9.646464646464647,72.27272727272727,-47.83172481886728
9.646464646464647,72.47474747474747,-48.84338932989789
9.646464646464647,72.67676767676768,-49.900744995024525
9.646464646464647,72.87878787878788,-43.23418941642525
9.646464646464647,73.08080808080808,-39.89504548557534
9.646464646464647,73.28282828282828,-42.98210771675851
9.646464646464647,73.48484848484848,-41.34837132186693
9.646464646464647,73.68686868686869,-38.18556004049424
9.646464646464647,73.88888888888889,-35.119610703029544
9.646464646464647,74.0909090909091,-38.56195643725617
9.646464646464647,74.29292929292929,-39.67188840097275
9.646464646464647,74.4949494949495,-35.26919594127997
9.646464646464647,74.6969696969697,-34.517942849799155
9.646464646464647,74.8989898989899,-35.71914213126159
9.646464646464647,75.1010101010101,-36.121647780904894
9.646464646464647,75.3030303030303,-33.16611302985834
9.646464646464647,75.5050505050505,-33.955730903574874
9.646464646464647,75.70707070707071,-36.58087163408585
9.646464646464647,75.9090909090909,-34.62990367777408
9.646464646464647,76.11111111111111,-37.42655944441032
9.646464646464647,76.31313131313131,-33.17411646597612
9.646464646464647,76.51515151515152,-34.978069750184495
9.646464646464647,76.71717171717171,-35.287171606448354
9.646464646464647,76.91919191919192,-34.49487605848333
9.646464646464647,77.12121212121212,-34.41698886090002
9.646464646464647,77.32323232323232,-32.51015464959136
9.646464646464647,77.52525252525253,-33.302820068775105
9.646464646464647,77.72727272727272,-34.780091522876766
9.646464646464647,77.92929292929293,-32.93792726190777
9.646464646464647,78.13131313131314,-33.55529369275871
9.646464646464647,78.33333333333333,-35.188708155708184
9.646464646464647,78.53535353535354,-34.68356433185211
9.646464646464647,78.73737373737373,-34.7384212589901
9.646464646464647,78.93939393939394,-33.56308852133913
9.646464646464647,79.14141414141415,-35.203721707184485
9.646464646464647,79.34343434343434,-35.217639072683866
9.646464646464647,79.54545454545455,-30.385420447397497
9.646464646464647,79.74747474747474,-32.41761177379286
9.646464646464647,79.94949494949495,-35.7223656358819
9.646464646464647,80.15151515151516,-33.321659659862625
9.646464646464647,80.35353535353535,-34.18710071971763
9.646464646464647,80.55555555555556,-33.5062154109108
9.646464646464647,80.75757575757575,-34.10259680931128
9.646464646464647,80.95959595959596,-31.901805569175153
9.646464646464647,81.16161616161617,-33.89814674946581
9.646464646464647,81.36363636363636,-34.5113355988051
9.646464646464647,81.56565656565657,-32.28646829906672
9.646464646464647,81.76767676767676,-33.80089962101258
9.646464646464647,81.96969696969697,-34.02962606867079
9.646464646464647,82.17171717171718,-33.6985930994908
9.646464646464647,82.37373737373737,-34.57283425865139
9.646464646464647,82.57575757575758,-34.5056743715174
9.646464646464647,82.77777777777777,-35.61691499608726
9.646464646464647,82.97979797979798,-35.83774333171347
9.646464646464647,83.18181818181819,-36.33529237212846
9.646464646464647,83.38383838383838,-36.92850556774733
9.646464646464647,83.58585858585859,-36.101748339141935
9.646464646464647,83.78787878787878,-34.60310890235655
9.646464646464647,83.98989898989899,-34.16438636276285
9.646464646464647,84.1919191919192,-34.91151969050481
9.646464646464647,84.39393939393939,-39.22494220911054
9.646464646464647,84.5959595959596,-31.326298224600954
9.646464646464647,84.79797979797979,-31.964548867971963
9.646464646464647,85.0,-33.27322324024319
9.848484848484848,65.0,-52.05154140204596
9.848484848484848,65.20202020202021,-56.505447578388946
9.848484848484848,65.4040404040404,-52.94784688984751
9.848484848484848,65.60606060606061,-57.85662694152884
9.848484848484848,65.8080808080808,-57.22951509222653
9.848484848484848,66.01010101010101,-60.841867241753
9.848484848484848,66.21212121212122,-59.80176649999924
9.848484848484848,66.41414141414141,-60.50555596765155
9.848484848484848,66.61616161616162,-62.78564548206271
9.848484848484848,66.81818181818181,-62.007675992814114
9.848484848484848,67.02020202020202,-63.93574419041373
9.848484848484848,67.22222222222223,-65.56001017075971
9.848484848484848,67.42424242424242,-65.69742491994975
9.848484848484848,67.62626262626263,-63.37906844159724
9.848484848484848,67.82828282828282,-66.18056428689708
9.848484848484848,68.03030303030303,-62.81675996040174
9.848484848484848,68.23232323232324,-61.784372150274876
9.848484848484848,68.43434343434343,-66.9853656299924
9.848484848484848,68.63636363636364,-61.16376166554795
9.848484848484848,68.83838383838383,-58.49478599501252
9.848484848484848,69.04040404040404,-61.6518156527253
9.848484848484848,69.24242424242425,-60.08944723802255
9.848484848484848,69.44444444444444,-58.59245414773425
9.848484848484848,69.64646464646465,-60.54797530918416
9.848484848484848,69.84848484848484,-58.818956463562195
9.848484848484848,70.05050505050505,-61.327619806960605
9.848484848484848,70.25252525252526,-57.452507478633166
9.848484848484848,70.45454545454545,-56.20980643528215
9.848484848484848,70.65656565656566,-55.43000447568731
9.848484848484848,70.85858585858585,-53.611907832262375
9.848484848484848,71.06060606060606,-56.57201250753851
9.848484848484848,71.26262626262626,-55.43229361166924
9.848484848484848,71.46464646464646,-49.92270516807602
9.848484848484848,71.66666666666667,-53.18033313560588
9.848484848484848,71.86868686868686,-51.434920012073206
9.848484848484848,72.07070707070707,-50.85585248725662
9.848484848484848,72.27272727272727,-50.95786575472706
9.848484848484848,72.47474747474747,-44.71692507338102
9.848484848484848,72.67676767676768,-47.621046298598934
9.848484848484848,72.87878787878788,-47.37776478712448
9.848484848484848,73.08080808080808,-44.5079652428374
9.848484848484848,73.28282828282828,-46.31257204242296
9.848484848484848,73.48484848484848,-42.53254938728646
9.848484848484848,73.68686868686869,-42.250910647514395
9.848484848484848,73.88888888888889,-38.225769689359055
9.848484848484848,74.0909090909091,-40.22201263839192
9.848484848484848,74.29292929292929,-36.600826020313704
9.848484848484848,74.4949494949495,-35.26334427525264
9.848484848484848,74.6969696969697,-36.16516118526142
9.848484848484848,74.8989898989899,-37.63861397135412
9.848484848484848,75.1010101010101,-36.5429822429195
9.848484848484848,75.3030303030303,-39.63447642299463
9.848484848484848,75.5050505050505,-36.91106628175615
9.848484848484848,75.70707070707071,-38.12084067926771
9.848484848484848,75.9090909090909,-34.91260082676802
9.848484848484848,76.11111111111111,-31.0308756786146
9.848484848484848,76.31313131313131,-35.17391223485262
9.848484848484848,76.51515151515152,-39.88171846308116
9.848484848484848,76.71717171717171,-36.82050581325151
9.848484848484848,76.91919191919192,-35.67265667712597
9.848484848484848,77.12121212121212,-35.841598140643015
9.848484848484848,77.32323232323232,-37.16273715110606
9.848484848484848,77.52525252525253,-35.13537731536967
9.848484848484848,77.72727272727272,-38.35626625578991
9.848484848484848,77.92929292929293,-37.717579688551936
9.848484848484848,78.13131313131314,-34.50098430742049
9.848484848484848,78.33333333333333,-37.75233829170524
9.848484848484848,78.53535353535354,-34.58199354704794
9.848484848484848,78.73737373737373,-38.720396292996966
9.848484848484848,78.93939393939394,-32.423022586748985
9.848484848484848,79.14141414141415,-37.18749979983618
9.848484848484848,79.34343434343434,-36.356665206748765
9.848484848484848,79.54545454545455,-34.7574721738249
9.848484848484848,79.74747474747474,-36.88036371697676
9.848484848484848,79.94949494949495,-35.46417915027253
9.848484848484848,80.15151515151516,-34.61574191385847
9.848484848484848,80.35353535353535,-34.11021292875854
9.848484848484848,80.55555555555556,-34.13132372210504
9.848484848484848,80.75757575757575,-35.913124490570326
9.848484848484848,80.95959595959596,-35.94154890428445
9.848484848484848,81.16161616161617,-31.00845599307703
9.848484848484848,81.36363636363636,-33.87154587784933
9.848484848484848,81.56565656565657,-37.60719046490177
9.848484848484848,81.76767676767676,-35.656739609920095
9.848484848484848,81.96969696969697,-36.337000474789235
9.848484848484848,82.17171717171718,-35.89348848183542
9.848484848484848,82.37373737373737,-38.16189568552459
9.848484848484848,82.57575757575758,-36.54384769967338
9.848484848484848,82.77777777777777,-32.21909891094711
9.848484848484848,82.97979797979798,-34.507563869630395
9.848484848484848,83.18181818181819,-40.825937125384506
9.848484848484848,83.38383838383838,-33.23715930357541
9.848484848484848,83.58585858585859,-33.64395423891196
9.848484848484848,83.78787878787878,-36.49580750254092
9.848484848484848,83.98989898989899,-34.418583788668265
9.848484848484848,84.1919191919192,-37.610885314313705
9.848484848484848,84.39393939393939,-36.436402734560886
9.848484848484848,84.5959595959596,-32.66044112153266
9.848484848484848,84.79797979797979,-36.23887152953306
9.848484848484848,85.0,-39.499686846363566
10.05050505050505,65.0,-55.62735570883124
10.05050505050505,65.20202020202021,-56.22739203145232
10.05050505050505,65.4040404040404,-54.85659859607735
10.05050505050505,65.60606060606061,-57.35995152417911
10.05050505050505,65.8080808080808,-59.331931952234626
10.05050505050505,66.01010101010101,-58.28720256825585
10.05050505050505,66.21212121212122,-61.06969486130614
10.05050505050505,66.41414141414141,-63.5465667920533
10.05050505050505,66.61616161616162,-61.50240756057666
10.05050505050505,66.81818181818181,-64.18306202556063
10.05050505050505,67.02020202020202,-65.18512785018466
10.05050505050505,67.22222222222223,-65.47586224396912
10.05050505050505,67.42424242424242,-68.05056609272297
10.05050505050505,67.62626262626263,-67.24701187947566
10.05050505050505,67.82828282828282,-66.25748778711382
10.05050505050505,68.03030303030303,-66.38775369339942
10.05050505050505,68.23232323232324,-63.15519516362257
10.05050505050505,68.43434343434343,-64.61731633550599
10.05050505050505,68.63636363636364,-62.952109568081305
10.05050505050505,68.83838383838383,-64.18821254372803
10.05050505050505,69.04040404040404,-61.37585670345023
10.05050505050505,69.24242424242425,-62.06678317158616
10.05050505050505,69.44444444444444,-62.170059285564
10.05050505050505,69.64646464646465,-61.558975607800896
10.05050505050505,69.84848484848484,-62.223070406611825
10.05050505050505,70.05050505050505,-58.58463454448887
10.05050505050505,70.25252525252526,-59.21168223427554
10.05050505050505,70.45454545454545,-59.09538570540201
10.05050505050505,70.65656565656566,-54.911040526332044
10.05050505050505,70.85858585858585,-59.20522401720674
10.05050505050505,71.06060606060606,-56.473952902892904
10.05050505050505,71.26262626262626,-52.80466691310705
10.05050505050505,71.46464646464646,-53.165518837020606
10.05050505050505,71.66666666666667,-53.02283042188879
10.05050505050505,71.86868686868686,-51.33489826689234
10.05050505050505,72.07070707070707,-50.286460424771136
10.05050505050505,72.27272727272727,-52.50326864178663
10.05050505050505,72.47474747474747,-49.00819466136068
10.05050505050505,72.67676767676768,-43.921993365936466
10.05050505050505,72.87878787878788,-47.0979979113298
10.05050505050505,73.08080808080808,-45.22079469020543
10.05050505050505,73.28282828282828,-44.45971828934537
10.05050505050505,73.48484848484848,-42.541209034224266
10.05050505050505,73.68686868686869,-42.750924877765605
10.05050505050505,73.88888888888889,-39.81740175719386
10.05050505050505,74.0909090909091,-39.72812804543998
10.05050505050505,74.29292929292929,-38.40689834021174
10.05050505050505,74.4949494949495,-41.40833389822295
10.05050505050505,74.6969696969697,-39.71366405571193
10.05050505050505,74.8989898989899,-38.919094205288005
10.05050505050505,75.1010101010101,-37.6814885665668
10.05050505050505,75.3030303030303,-39.66212440879059
10.05050505050505,75.5050505050505,-35.93419545526278
10.05050505050505,75.70707070707071,-35.42992523892804
10.05050505050505,75.9090909090909,-39.584524045653836
10.05050505050505,76.11111111111111,-38.68712937628993
10.05050505050505,76.31313131313131,-38.48646302291905
10.05050505050505,76.51515151515152,-32.164772408297374
10.05050505050505,76.71717171717171,-38.34088712609045
10.05050505050505,76.91919191919192,-33.98633780013741
10.05050505050505,77.12121212121212,-39.86992151057978
10.05050505050505,77.32323232323232,-39.43520759670373
10.05050505050505,77.52525252525253,-38.78429854420473
10.05050505050505,77.72727272727272,-38.864247565987654
10.05050505050505,77.92929292929293,-37.87097748793029
10.05050505050505,78.13131313131314,-38.644206129169014
10.05050505050505,78.33333333333333,-38.63333901585996
10.05050505050505,78.53535353535354,-34.768411356579406
10.05050505050505,78.73737373737373,-34.63190944619298
10.05050505050505,78.93939393939394,-35.384789940559465
10.05050505050505,79.14141414141415,-36.122513217834815
10.05050505050505,79.34343434343434,-36.998523444440046
10.05050505050505,79.54545454545455,-38.32771138206539
10.05050505050505,79.74747474747474,-38.913330021729465
10.05050505050505,79.94949494949495,-36.613961325458106
10.05050505050505,80.15151515151516,-39.89982451740212
10.05050505050505,80.35353535353535,-39.13465321015008
10.05050505050505,80.55555555555556,-34.75064477065693
10.05050505050505,80.75757575757575,-33.309350242273055
10.05050505050505,80.95959595959596,-36.36302459521179
10.05050505050505,81.16161616161617,-34.96876845130835
10.05050505050505,81.36363636363636,-37.590399178647125
10.05050505050505,81.56565656565657,-39.74868749262817
10.05050505050505,81.76767676767676,-35.86118266549465
10.05050505050505,81.96969696969697,-35.884417585888535
10.05050505050505,82.17171717171718,-37.10545764751364
10.05050505050505,82.37373737373737,-37.8248001098562
10.05050505050505,82.57575757575758,-35.324269662122475
10.05050505050505,82.77777777777777,-39.124014321858915
10.05050505050505,82.97979797979798,-38.68872642280661
10.05050505050505,83.18181818181819,-39.23828330359792
10.05050505050505,83.38383838383838,-37.08248285204348
10.05050505050505,83.58585858585859,-39.47996199396208
10.05050505050505,83.78787878787878,-38.67285963862082
10.05050505050505,83.98989898989899,-38.66339624380165
10.05050505050505,84.1919191919192,-37.61499469722316
10.05050505050505,84.39393939393939,-39.9854593244673
10.05050505050505,84.5959595959596,-37.019488754211984
10.05050505050505,84.79797979797979,-34.77105956873081
10.05050505050505,85.0,-36.79250201020035
10.252525252525253,65.0,-54.61179155879268
10.252525252525253,65.20202020202021,-54.98930804027811
10.252525252525253,65.4040404040404,-56.51191418223084
10.252525252525253,65.60606060606061,-58.33415634588313
10.252525252525253,65.8080808080808,-59.5991769807846
10.252525252525253,66.01010101010101,-59.57739737811517
10.252525252525253,66.21212121212122,-62.74898500718379
10.252525252525253,66.41414141414141,-66.59705285707733
10.252525252525253,66.61616161616162,-63.94835077033274
10.252525252525253,66.81818181818181,-67.59920915428916
10.252525252525253,67.02020202020202,-68.06289589219047
10.252525252525253,67.22222222222223,-67.10597871578435
10.252525252525253,67.42424242424242,-67.50204473108386
10.252525252525253,67.62626262626263,-70.27092871296294
10.252525252525253,67.82828282828282,-67.04196132760258
10.252525252525253,68.03030303030303,-65.35305685132448
10.252525252525253,68.23232323232324,-68.98548707161012
10.252525252525253,68.43434343434343,-64.07593606774729
10.252525252525253,68.63636363636364,-69.29981555787973
10.252525252525253,68.83838383838383,-61.339886853264616
10.252525252525253,69.04040404040404,-65.9361987844638
10.252525252525253,69.24242424242425,-63.95360040650834
10.252525252525253,69.44444444444444,-67.09263403749412
10.252525252525253,69.64646464646465,-62.83288920377349
10.252525252525253,69.84848484848484,-61.412813494894586
10.252525252525253,70.05050505050505,-61.12565007203592
10.252525252525253,70.25252525252526,-61.25887743891372
10.252525252525253,70.45454545454545,-61.16777365647234
10.252525252525253,70.65656565656566,-55.99465514389274
10.252525252525253,70.85858585858585,-57.492995947750224
10.252525252525253,71.06060606060606,-53.12341249204295
10.252525252525253,71.26262626262626,-56.63248753199413
10.252525252525253,71.46464646464646,-55.26820164482789
10.252525252525253,71.66666666666667,-51.86929816133768
10.252525252525253,71.86868686868686,-55.5340308658497
10.252525252525253,72.07070707070707,-53.5392190457127
10.252525252525253,72.27272727272727,-47.65967350382907
10.252525252525253,72.47474747474747,-51.1993221566188
10.252525252525253,72.67676767676768,-51.28871331948865
10.252525252525253,72.87878787878788,-42.9326335876665
10.252525252525253,73.08080808080808,-48.34195881281936
10.252525252525253,73.28282828282828,-44.209687266856925
10.252525252525253,73.48484848484848,-43.27550052356791
10.252525252525253,73.68686868686869,-48.35159286380168
10.252525252525253,73.88888888888889,-42.55027400189384
10.252525252525253,74.0909090909091,-40.63027022969517
10.252525252525253,74.29292929292929,-40.38553819024522
10.252525252525253,74.4949494949495,-38.82484420477411
10.252525252525253,74.6969696969697,-41.02538752352782
10.252525252525253,74.8989898989899,-38.59441360201752
10.252525252525253,75.1010101010101,-41.17747823366394
10.252525252525253,75.3030303030303,-42.28065433051089
10.252525252525253,75.5050505050505,-42.1462573610569
10.252525252525253,75.70707070707071,-42.05417855881068
10.252525252525253,75.9090909090909,-36.9997557521353
10.252525252525253,76.11111111111111,-42.09729607197746
10.252525252525253,76.31313131313131,-38.27079698644241
10.252525252525253,76.51515151515152,-39.3575166224484
10.252525252525253,76.71717171717171,-39.07861067204888
10.252525252525253,76.91919191919192,-36.08938820893335
10.252525252525253,77.12121212121212,-39.64964354191838
10.252525252525253,77.32323232323232,-37.322299408212245
10.252525252525253,77.52525252525253,-38.65647553054644
10.252525252525253,77.72727272727272,-38.96281864682541
10.252525252525253,77.92929292929293,-33.90719114994435
10.252525252525253,78.13131313131314,-41.69594026027581
10.252525252525253,78.33333333333333,-36.03966391883439
10.252525252525253,78.53535353535354,-37.35668944872076
10.252525252525253,78.73737373737373,-39.684385751743015
10.252525252525253,78.93939393939394,-35.1704403496538
10.252525252525253,79.14141414141415,-42.478074701845614
10.252525252525253,79.34343434343434,-39.78657745959479
10.252525252525253,79.54545454545455,-40.98840437140413
10.252525252525253,79.74747474747474,-37.7188192804387
10.252525252525253,79.94949494949495,-40.74374347818171
10.252525252525253,80.15151515151516,-37.52565011266421
10.252525252525253,80.35353535353535,-38.880810768246086
10.252525252525253,80.55555555555556,-39.49823852982883
10.252525252525253,80.75757575757575,-37.843589241874206
10.252525252525253,80.95959595959596,-39.07099298102646
10.252525252525253,81.16161616161617,-40.66156046465683
10.252525252525253,81.36363636363636,-33.13218946350382
10.252525252525253,81.56565656565657,-39.82263217965071
10.252525252525253,81.76767676767676,-43.00314875495212
10.252525252525253,81.96969696969697,-40.397782826964715
10.252525252525253,82.17171717171718,-41.13605351088559
10.252525252525253,82.37373737373737,-36.91379931589448
10.252525252525253,82.57575757575758,-38.11575793855303
10.252525252525253,82.77777777777777,-37.720587455712156
10.252525252525253,82.97979797979798,-39.46167840075769
10.252525252525253,83.18181818181819,-39.16452268863575
10.252525252525253,83.38383838383838,-39.23715177676115
10.252525252525253,83.58585858585859,-38.786009742575914
10.252525252525253,83.78787878787878,-36.69222744627928
10.252525252525253,83.98989898989899,-37.937633629973945
10.252525252525253,84.1919191919192,-37.606336074510764
10.252525252525253,84.39393939393939,-37.488718029638754
10.252525252525253,84.5959595959596,-36.844638625004535
10.252525252525253,84.79797979797979,-37.92558340657025
10.252525252525253,85.0,-37.733137164968575
10.454545454545453,65.0,-56.03930092611205
10.454545454545453,65.20202020202021,-58.90384892006198
10.454545454545453,65.4040404040404,-59.710883634769424
10.454545454545453,65.60606060606061,-61.21861976665953
10.454545454545453,65.8080808080808,-60.279490376221354
10.454545454545453,66.01010101010101,-64.91400532770727
10.454545454545453,66.21212121212122,-62.450384473310265
10.454545454545453,66.41414141414141,-64.86974987517931
10.454545454545453,66.61616161616162,-63.97445434874445
10.454545454545453,66.81818181818181,-67.79095334056902
10.454545454545453,67.02020202020202,-67.86581172900095
10.454545454545453,67.22222222222223,-66.24678481886372
10.454545454545453,67.42424242424242,-66.0334993483374
10.454545454545453,67.62626262626263,-69.90455515930049
10.454545454545453,67.82828282828282,-68.19311727980491
10.454545454545453,68.03030303030303,-67.72942456469347
10.454545454545453,68.23232323232324,-67.15211615081792
10.454545454545453,68.43434343434343,-68.39304279122875
10.454545454545453,68.63636363636364,-64.76242497685244
10.454545454545453,68.83838383838383,-70.38334842609468
10.454545454545453,69.04040404040404,-66.60429870113454
10.454545454545453,69.24242424242425,-64.59596399226302
10.454545454545453,69.44444444444444,-63.73709976094223
10.454545454545453,69.64646464646465,-61.35888660972312
10.454545454545453,69.84848484848484,-60.639519205412
10.454545454545453,70.05050505050505,-62.93781078405953
10.454545454545453,70.25252525252526,-58.79798185203656
10.454545454545453,70.45454545454545,-61.77368486901033
10.454545454545453,70.65656565656566,-57.40340347356548
10.454545454545453,70.85858585858585,-54.79861207730735
10.454545454545453,71.06060606060606,-55.00945263342671
10.454545454545453,71.26262626262626,-55.89317969119715
10.454545454545453,71.46464646464646,-55.76424065810687
10.454545454545453,71.66666666666667,-57.146671425148796
10.454545454545453,71.86868686868686,-52.406821652805064
10.454545454545453,72.07070707070707,-54.266316288295045
10.454545454545453,72.27272727272727,-52.49501024562843
10.454545454545453,72.47474747474747,-52.195481184513135
10.454545454545453,72.67676767676768,-49.43104273174879
10.454545454545453,72.87878787878788,-47.54160927475174
10.454545454545453,73.08080808080808,-46.15594481807652
10.454545454545453,73.28282828282828,-46.70206503349425
10.454545454545453,73.48484848484848,-42.84727028405032
10.454545454545453,73.68686868686869,-44.416575809094404
10.454545454545453,73.88888888888889,-44.987552577190044
10.454545454545453,74.0909090909091,-42.545691178092966
10.454545454545453,74.29292929292929,-38.62458316685555
10.454545454545453,74.4949494949495,-41.238466706177064
10.454545454545453,74.6969696969697,-42.32163681268519
10.454545454545453,74.8989898989899,-44.30351163703235
10.454545454545453,75.1010101010101,-41.5349785461307
10.454545454545453,75.3030303030303,-40.63714968972811
10.454545454545453,75.5050505050505,-41.439317565289535
10.454545454545453,75.70707070707071,-43.85181051622326
10.454545454545453,75.9090909090909,-42.17736805491707
10.454545454545453,76.11111111111111,-37.62560267370156
10.454545454545453,76.31313131313131,-37.205653921545256
10.454545454545453,76.51515151515152,-42.07644048206881
10.454545454545453,76.71717171717171,-38.69212771461556
10.454545454545453,76.91919191919192,-42.452650928579814
10.454545454545453,77.12121212121212,-37.24191390216339
10.454545454545453,77.32323232323232,-39.64755314802448
10.454545454545453,77.52525252525253,-38.294450217563686
10.454545454545453,77.72727272727272,-43.3645156644631
10.454545454545453,77.92929292929293,-38.68037382303246
10.454545454545453,78.13131313131314,-39.996591128208266
10.454545454545453,78.33333333333333,-38.0429174883734
10.454545454545453,78.53535353535354,-38.1789475527142
10.454545454545453,78.73737373737373,-39.777915274883235
10.454545454545453,78.93939393939394,-41.23583532317614
10.454545454545453,79.14141414141415,-38.35202372078722
10.454545454545453,79.34343434343434,-40.294758766254
10.454545454545453,79.54545454545455,-41.65738993400096
10.454545454545453,79.74747474747474,-41.751179171348724
10.454545454545453,79.94949494949495,-42.94740489901951
10.454545454545453,80.15151515151516,-41.10652651964518
10.454545454545453,80.35353535353535,-37.68600653571163
10.454545454545453,80.55555555555556,-39.67015310858027
10.454545454545453,80.75757575757575,-40.9159044191061
10.454545454545453,80.95959595959596,-38.515354605480425
10.454545454545453,81.16161616161617,-41.40932370672254
10.454545454545453,81.36363636363636,-39.51260443116899
10.454545454545453,81.56565656565657,-40.20638534407858
10.454545454545453,81.76767676767676,-38.358797780693685
10.454545454545453,81.96969696969697,-43.21793446361675
10.454545454545453,82.17171717171718,-41.89759558838294
10.454545454545453,82.37373737373737,-43.229205807064275
10.454545454545453,82.57575757575758,-40.50293089120386
10.454545454545453,82.77777777777777,-37.58710251512818
10.454545454545453,82.97979797979798,-40.89178445738806
10.454545454545453,83.18181818181819,-41.002452950428015
10.454545454545453,83.38383838383838,-38.27401529727813
10.454545454545453,83.58585858585859,-37.8282246569835
10.454545454545453,83.78787878787878,-40.04226970593515
10.454545454545453,83.98989898989899,-38.48674689003899
10.454545454545453,84.1919191919192,-42.12214457272909
10.454545454545453,84.39393939393939,-37.222511265316214
10.454545454545453,84.5959595959596,-35.52600471422774
10.454545454545453,84.79797979797979,-38.79418868940486
10.454545454545453,85.0,-44.18579193037859
10.656565656565657,65.0,-59.23423785646342
10.656565656565657,65.20202020202021,-58.01649263235025
10.656565656565657,65.4040404040404,-60.191046614773306
10.656565656565657,65.60606060606061,-58.46137867636451
10.656565656565657,65.8080808080808,-60.74742134812767
10.656565656565657,66.01010101010101,-64.06544779615439
10.656565656565657,66.21212121212122,-64.15530083671956
10.656565656565657,66.41414141414141,-67.12290611319492
10.656565656565657,66.61616161616162,-67.10263408964985
10.656565656565657,66.81818181818181,-68.74590346682612
10.656565656565657,67.02020202020202,-66.59404655626997
10.656565656565657,67.22222222222223,-65.44308286643624
10.656565656565657,67.42424242424242,-72.3084707045066
10.656565656565657,67.62626262626263,-73.48470116530196
10.656565656565657,67.82828282828282,-70.11442024830376
10.656565656565657,68.03030303030303,-72.56788743836395
10.656565656565657,68.23232323232324,-69.11870176024199
10.656565656565657,68.43434343434343,-67.18293652239102
10.656565656565657,68.63636363636364,-65.17188989081384
10.656565656565657,68.83838383838383,-67.24293551743486
10.656565656565657,69.04040404040404,-67.51328946693437
10.656565656565657,69.24242424242425,-70.45424475284068
10.656565656565657,69.44444444444444,-65.59512822791409
10.656565656565657,69.64646464646465,-64.94749643305907
10.656565656565657,69.84848484848484,-62.89364427560064
10.656565656565657,70.05050505050505,-64.89514786698345
10.656565656565657,70.25252525252526,-63.310064742261865
10.656565656565657,70.45454545454545,-64.35684579837114
10.656565656565657,70.65656565656566,-64.99442868506486
10.656565656565657,70.85858585858585,-61.48618788008493
10.656565656565657,71.06060606060606,-61.40381671777938
10.656565656565657,71.26262626262626,-56.57113979769152
10.656565656565657,71.46464646464646,-57.24393819804705
10.656565656565657,71.66666666666667,-56.09512303334459
10.656565656565657,71.86868686868686,-55.97573265739135
10.656565656565657,72.07070707070707,-59.31725436386112
10.656565656565657,72.27272727272727,-48.705406152405466
10.656565656565657,72.47474747474747,-52.69660512273341
10.656565656565657,72.67676767676768,-50.30444402046242
10.656565656565657,72.87878787878788,-51.538772366474134
10.656565656565657,73.08080808080808,-45.728141563284886
10.656565656565657,73.28282828282828,-46.56679004281514
10.656565656565657,73.48484848484848,-47.76264184089304
10.656565656565657,73.68686868686869,-46.40757180509031
10.656565656565657,73.88888888888889,-41.421581061656575
10.656565656565657,74.0909090909091,-44.43307487850467
10.656565656565657,74.29292929292929,-44.22467750421663
10.656565656565657,74.4949494949495,-45.34535845002262
10.656565656565657,74.6969696969697,-46.95560891977061
10.656565656565657,74.8989898989899,-43.17861020967586
10.656565656565657,75.1010101010101,-41.87977078693298
10.656565656565657,75.3030303030303,-40.18084070076283
10.656565656565657,75.5050505050505,-46.59542729128429
10.656565656565657,75.70707070707071,-44.121290534794966
10.656565656565657,75.9090909090909,-42.950415126721566
10.656565656565657,76.11111111111111,-41.69491517627439
10.656565656565657,76.31313131313131,-42.036296959074186
10.656565656565657,76.51515151515152,-41.72916412503786
10.656565656565657,76.71717171717171,-40.6160378507645
10.656565656565657,76.91919191919192,-43.21012468434255
10.656565656565657,77.12121212121212,-39.596461487341024
10.656565656565657,77.32323232323232,-40.55876852201141
10.656565656565657,77.52525252525253,-42.06201254330104
10.656565656565657,77.72727272727272,-38.175573214052676
10.656565656565657,77.92929292929293,-38.19385967193969
10.656565656565657,78.13131313131314,-39.501565823159766
10.656565656565657,78.33333333333333,-47.40234864323266
10.656565656565657,78.53535353535354,-38.415314736006124
10.656565656565657,78.73737373737373,-39.90439843048908
10.656565656565657,78.93939393939394,-37.395357606261896
10.656565656565657,79.14141414141415,-38.58579221717147
10.656565656565657,79.34343434343434,-38.22613277063845
10.656565656565657,79.54545454545455,-39.69363935103957
10.656565656565657,79.74747474747474,-38.82925873533521
10.656565656565657,79.94949494949495,-37.45712387876155
10.656565656565657,80.15151515151516,-40.84306781805431
10.656565656565657,80.35353535353535,-44.460999738049416
10.656565656565657,80.55555555555556,-41.75996275865291
10.656565656565657,80.75757575757575,-40.7294304434188
10.656565656565657,80.95959595959596,-41.099613605940775
10.656565656565657,81.16161616161617,-43.8205327911513
10.656565656565657,81.36363636363636,-44.40686364212958
10.656565656565657,81.56565656565657,-42.94227281842342
10.656565656565657,81.76767676767676,-39.83345445607344
10.656565656565657,81.96969696969697,-38.21947287513909
10.656565656565657,82.17171717171718,-39.62097273110989
10.656565656565657,82.37373737373737,-39.47611632661508
10.656565656565657,82.57575757575758,-41.61595324966871
10.656565656565657,82.77777777777777,-44.84410459266871
10.656565656565657,82.97979797979798,-42.19567098110395
10.656565656565657,83.18181818181819,-41.714717354030476
10.656565656565657,83.38383838383838,-42.350968442756816
10.656565656565657,83.58585858585859,-41.169141371299915
10.656565656565657,83.78787878787878,-40.36307542808328
10.656565656565657,83.98989898989899,-39.626100638769856
10.656565656565657,84.1919191919192,-41.931469760655276
10.656565656565657,84.39393939393939,-45.157208956881874
10.656565656565657,84.5959595959596,-42.50507558579793
10.656565656565657,84.79797979797979,-41.401916975625355
10.656565656565657,85.0,-38.93979817804685
10.858585858585858,65.0,-60.30600536945805
10.858585858585858,65.20202020202021,-59.210756771790024
10.858585858585858,65.4040404040404,-60.13629473922211
10.858585858585858,65.60606060606061,-61.44973082120077
10.858585858585858,65.8080808080808,-61.24416494136816
10.858585858585858,66.01010101010101,-65.02970178934619
10.858585858585858,66.21212121212122,-66.29036475394466
10.858585858585858,66.41414141414141,-66.84109924170734
10.858585858585858,66.61616161616162,-69.0438721594841
10.858585858585858,66.81818181818181,-68.11223442309533
10.858585858585858,67.02020202020202,-71.11588725518206
10.858585858585858,67.22222222222223,-70.02161418225484
10.858585858585858,67.42424242424242,-70.95457275752179
10.858585858585858,67.62626262626263,-70.46076404294907
10.858585858585858,67.82828282828282,-71.64469584525956
10.858585858585858,68.03030303030303,-71.27618253901507
10.858585858585858,68.23232323232324,-70.1775017919017
10.858585858585858,68.43434343434343,-69.32800270125028
10.858585858585858,68.63636363636364,-69.46791966476314
10.858585858585858,68.83838383838383,-65.47559196609157
10.858585858585858,69.04040404040404,-69.98342012693858
10.858585858585858,69.24242424242425,-67.5437076685792
10.858585858585858,69.44444444444444,-69.83620175730972
10.858585858585858,69.64646464646465,-65.0863391234999
10.858585858585858,69.84848484848484,-67.29735101657951
10.858585858585858,70.05050505050505,-64.51556547874574
10.858585858585858,70.25252525252526,-64.00801249271188
10.858585858585858,70.45454545454545,-61.77430293754695
10.858585858585858,70.65656565656566,-62.272703688237904
10.858585858585858,70.85858585858585,-61.20515154851188
10.858585858585858,71.06060606060606,-56.173569471496656
10.858585858585858,71.26262626262626,-57.574556273947394
10.858585858585858,71.46464646464646,-58.09993105149423
10.858585858585858,71.66666666666667,-56.28823368195964
10.858585858585858,71.86868686868686,-51.64112432314327
10.858585858585858,72.07070707070707,-54.156859646564364
10.858585858585858,72.27272727272727,-53.95225987297863
10.858585858585858,72.47474747474747,-52.94448317704426
10.858585858585858,72.67676767676768,-51.65621791823418
10.858585858585858,72.87878787878788,-50.69526487716458
10.858585858585858,73.08080808080808,-51.300863093901135
10.858585858585858,73.28282828282828,-50.26130519637873
10.858585858585858,73.48484848484848,-49.058604664350916
10.858585858585858,73.68686868686869,-45.42065444725763
10.858585858585858,73.88888888888889,-46.963141743831244
10.858585858585858,74.0909090909091,-45.94043892571967
10.858585858585858,74.29292929292929,-42.53388056421537
10.858585858585858,74.4949494949495,-42.34394859005231
10.858585858585858,74.6969696969697,-45.020998189002825
10.858585858585858,74.8989898989899,-45.43851295190355
10.858585858585858,75.1010101010101,-45.63592023169226
10.858585858585858,75.3030303030303,-42.280970655059626
10.858585858585858,75.5050505050505,-44.12988518386134
10.858585858585858,75.70707070707071,-44.049632244099094
10.858585858585858,75.9090909090909,-44.91395341884948
10.858585858585858,76.11111111111111,-44.52042134315774
10.858585858585858,76.31313131313131,-42.612275675353175
10.858585858585858,76.51515151515152,-45.71021658608619
10.858585858585858,76.71717171717171,-41.12300743090024
10.858585858585858,76.91919191919192,-44.1112606051601
10.858585858585858,77.12121212121212,-42.998683875445394
10.858585858585858,77.32323232323232,-45.57287194049206
10.858585858585858,77.52525252525253,-42.89091360214118
10.858585858585858,77.72727272727272,-43.57849108768599
10.858585858585858,77.92929292929293,-42.958120436325736
10.858585858585858,78.13131313131314,-39.93566816468906
10.858585858585858,78.33333333333333,-42.37255839361548
10.858585858585858,78.53535353535354,-44.32656109168115
10.858585858585858,78.73737373737373,-44.19082852896082
10.858585858585858,78.93939393939394,-41.734728554246566
10.858585858585858,79.14141414141415,-40.18241688060284
10.858585858585858,79.34343434343434,-42.2747043347632
10.858585858585858,79.54545454545455,-41.241513330464436
10.858585858585858,79.74747474747474,-41.731589196095136
10.858585858585858,79.94949494949495,-39.682634621075984
10.858585858585858,80.15151515151516,-46.676767126845284
10.858585858585858,80.35353535353535,-41.67724787036845
10.858585858585858,80.55555555555556,-40.99121373474702
10.858585858585858,80.75757575757575,-45.52924921046847
10.858585858585858,80.95959595959596,-44.44274695189328
10.858585858585858,81.16161616161617,-44.5951249965567
10.858585858585858,81.36363636363636,-44.250785670541006
10.858585858585858,81.56565656565657,-43.66244022237707
10.858585858585858,81.76767676767676,-42.36801785026881
10.858585858585858,81.96969696969697,-40.92016226299801
10.858585858585858,82.17171717171718,-40.5731911590436
10.858585858585858,82.37373737373737,-44.33776492959521
10.858585858585858,82.57575757575758,-44.58440064504134
10.858585858585858,82.77777777777777,-40.09022409538372
10.858585858585858,82.97979797979798,-41.36521134290173
10.858585858585858,83.18181818181819,-42.3919797263228
10.858585858585858,83.38383838383838,-41.86903703095208
10.858585858585858,83.58585858585859,-42.82409860861396
10.858585858585858,83.78787878787878,-41.70355690864454
10.858585858585858,83.98989898989899,-43.18846031174912
10.858585858585858,84.1919191919192,-42.260992197146656
10.858585858585858,84.39393939393939,-45.74988195360196
10.858585858585858,84.5959595959596,-44.270998743479225
10.858585858585858,84.79797979797979,-44.08509757300324
10.858585858585858,85.0,-43.48120570317536
11.06060606060606,65.0,-61.862171920696746
11.06060606060606,65.20202020202021,-61.51717241703548
11.06060606060606,65.4040404040404,-63.699506051417465
11.06060606060606,65.60606060606061,-61.605179531409185
11.06060606060606,65.8080808080808,-63.79628216667723
11.06060606060606,66.01010101010101,-67.65753060525223
11.06060606060606,66.21212121212122,-67.76400409719511
11.06060606060606,66.41414141414141,-67.21511174962627
11.06060606060606,66.61616161616162,-69.85841731846529
11.06060606060606,66.81818181818181,-71.10294130237007
11.06060606060606,67.02020202020202,-71.06784798132979
11.06060606060606,67.22222222222223,-70.89341522879933
11.06060606060606,67.42424242424242,-74.53098369714283
11.06060606060606,67.62626262626263,-70.72901071855716
11.06060606060606,67.82828282828282,-73.42792751702919
11.06060606060606,68.03030303030303,-71.5292486346459
11.06060606060606,68.23232323232324,-71.24623161902176
11.06060606060606,68.43434343434343,-71.97829275245049
11.06060606060606,68.63636363636364,-72.47312079700689
11.06060606060606,68.83838383838383,-70.37919090429408
11.06060606060606,69.04040404040404,-65.71753386466817
11.06060606060606,69.24242424242425,-70.9091821912792
11.06060606060606,69.44444444444444,-64.22165427209934
11.06060606060606,69.64646464646465,-67.00943799887101
11.06060606060606,69.84848484848484,-65.85470680778627
11.06060606060606,70.05050505050505,-67.34485013631392
11.06060606060606,70.25252525252526,-65.42979399956234
11.06060606060606,70.45454545454545,-64.29092570782929
11.06060606060606,70.65656565656566,-64.22017911196487
11.06060606060606,70.85858585858585,-61.4960451483622
11.06060606060606,71.06060606060606,-60.95820300522655
11.06060606060606,71.26262626262626,-55.223569247027164
11.06060606060606,71.46464646464646,-60.23995956398471
11.06060606060606,71.66666666666667,-56.78716872024923
11.06060606060606,71.86868686868686,-55.330096904304924
11.06060606060606,72.07070707070707,-56.978943967705845
11.06060606060606,72.27272727272727,-52.30518616921844
11.06060606060606,72.47474747474747,-53.7187501934703
11.06060606060606,72.67676767676768,-56.518910539889006
11.06060606060606,72.87878787878788,-49.63293289210995
11.06060606060606,73.08080808080808,-52.4069482462814
11.06060606060606,73.28282828282828,-51.5360752163674
11.06060606060606,73.48484848484848,-47.25848608692101
11.06060606060606,73.68686868686869,-48.662198225037336
11.06060606060606,73.88888888888889,-45.7098524494867
11.06060606060606,74.0909090909091,-44.7280125744671
11.06060606060606,74.29292929292929,-47.90676270888797
11.06060606060606,74.4949494949495,-44.609737359602555
11.06060606060606,74.6969696969697,-47.44034598725806
11.06060606060606,74.8989898989899,-41.176744932015836
11.06060606060606,75.1010101010101,-46.67005901671435
11.06060606060606,75.3030303030303,-43.27876256500359
11.06060606060606,75.5050505050505,-43.306511433770446
11.06060606060606,75.70707070707071,-43.999424958837245
11.06060606060606,75.9090909090909,-45.94689978380405
11.06060606060606,76.11111111111111,-44.999510234408305
11.06060606060606,76.31313131313131,-48.86402359562386
11.06060606060606,76.51515151515152,-44.13247814543979
11.06060606060606,76.71717171717171,-43.63098691371829
11.06060606060606,76.91919191919192,-44.108897037852294
11.06060606060606,77.12121212121212,-50.302583813855136
11.06060606060606,77.32323232323232,-47.0215580987267
11.06060606060606,77.52525252525253,-45.801757883198334
11.06060606060606,77.72727272727272,-43.55690807215845
11.06060606060606,77.92929292929293,-43.88654794360198
11.06060606060606,78.13131313131314,-44.41212141947306
11.06060606060606,78.33333333333333,-43.15539584353939
11.06060606060606,78.53535353535354,-46.11145975874342
11.06060606060606,78.73737373737373,-42.93283283912963
11.06060606060606,78.93939393939394,-43.00887059659067
11.06060606060606,79.14141414141415,-43.20524789676919
11.06060606060606,79.34343434343434,-44.64328421706903
11.06060606060606,79.54545454545455,-40.455526713694034
11.06060606060606,79.74747474747474,-43.249704653400876
11.06060606060606,79.94949494949495,-46.201222901049746
11.06060606060606,80.15151515151516,-43.73666302730667
11.06060606060606,80.35353535353535,-42.571297661025
11.06060606060606,80.55555555555556,-45.21752484489444
11.06060606060606,80.75757575757575,-42.05183568980424
11.06060606060606,80.95959595959596,-43.33244562693846
11.06060606060606,81.16161616161617,-48.76517701798235
11.06060606060606,81.36363636363636,-43.582374243946035
11.06060606060606,81.56565656565657,-45.09988586091625
11.06060606060606,81.76767676767676,-43.26975110699596
11.06060606060606,81.96969696969697,-42.384689041244854
11.06060606060606,82.17171717171718,-43.708023778878584
11.06060606060606,82.37373737373737,-40.987166831565496
11.06060606060606,82.57575757575758,-44.50793596399494
11.06060606060606,82.77777777777777,-42.83344094244896
11.06060606060606,82.97979797979798,-42.76093386810475
11.06060606060606,83.18181818181819,-44.55691539258389
11.06060606060606,83.38383838383838,-42.626284866209474
11.06060606060606,83.58585858585859,-45.21982951503547
11.06060606060606,83.78787878787878,-45.12645557657156
11.06060606060606,83.98989898989899,-46.777858175068786
11.06060606060606,84.1919191919192,-43.72237907664061
11.06060606060606,84.39393939393939,-43.48570413136513
11.06060606060606,84.5959595959596,-41.78104239131541
11.06060606060606,84.79797979797979,-42.547135869247626
11.06060606060606,85.0,-44.68512139249682
11.262626262626263,65.0,-62.9659676914989
11.262626262626263,65.20202020202021,-61.16081925649088
11.262626262626263,65.4040404040404,-60.86385256273154
11.262626262626263,65.60606060606061,-62.27147611395769
11.262626262626263,65.8080808080808,-63.06474247023467
11.262626262626263,66.01010101010101,-66.23443404641938
11.262626262626263,66.21212121212122,-68.06945333925401
11.262626262626263,66.41414141414141,-70.02717992896187
11.262626262626263,66.61616161616162,-70.1609643844986
11.262626262626263,66.81818181818181,-71.37232552799698
11.262626262626263,67.02020202020202,-71.81406018403388
11.262626262626263,67.22222222222223,-72.81007654881101
11.262626262626263,67.42424242424242,-73.2177926777239
11.262626262626263,67.62626262626263,-74.71843150217747
11.262626262626263,67.82828282828282,-71.08344785853782
11.262626262626263,68.03030303030303,-72.53266774030978
11.262626262626263,68.23232323232324,-72.50762412507581
11.262626262626263,68.43434343434343,-73.22402503687138
11.262626262626263,68.63636363636364,-73.75180506263293
11.262626262626263,68.83838383838383,-67.83027716678517
11.262626262626263,69.04040404040404,-68.74737608150619
11.262626262626263,69.24242424242425,-72.38281728126401
11.262626262626263,69.44444444444444,-66.77335706285047
11.262626262626263,69.64646464646465,-65.7990673274852
11.262626262626263,69.84848484848484,-66.06946410264224
11.262626262626263,70.05050505050505,-62.724698294822424
11.262626262626263,70.25252525252526,-64.34163598523169
11.262626262626263,70.45454545454545,-66.61117693128809
11.262626262626263,70.65656565656566,-62.22912648417598
11.262626262626263,70.85858585858585,-61.43522104877591
11.262626262626263,71.06060606060606,-62.21070050088807
11.262626262626263,71.26262626262626,-58.968862376932364
11.262626262626263,71.46464646464646,-62.30627393573885
11.262626262626263,71.66666666666667,-55.8554493799404
11.262626262626263,71.86868686868686,-58.47245946339563
11.262626262626263,72.07070707070707,-57.61682530789148
11.262626262626263,72.27272727272727,-54.942448975562755
11.262626262626263,72.47474747474747,-53.17581530399459
11.262626262626263,72.67676767676768,-52.45157043432971
11.262626262626263,72.87878787878788,-53.40175440139403
11.262626262626263,73.08080808080808,-52.25652059721815
11.262626262626263,73.28282828282828,-52.66964574857515
11.262626262626263,73.48484848484848,-50.4101526061031
11.262626262626263,73.68686868686869,-47.16370455370479
11.262626262626263,73.88888888888889,-48.85149427454246
11.262626262626263,74.0909090909091,-46.49429363449006
11.262626262626263,74.29292929292929,-45.00973660001117
11.262626262626263,74.4949494949495,-48.86321045634198
11.262626262626263,74.6969696969697,-47.76420430010512
11.262626262626263,74.8989898989899,-42.788221266996196
11.262626262626263,75.1010101010101,-43.937967427135035
11.262626262626263,75.3030303030303,-49.87644244649752
11.262626262626263,75.5050505050505,-45.72205698789185
11.262626262626263,75.70707070707071,-46.41012157931023
11.262626262626263,75.9090909090909,-44.64496870753389
11.262626262626263,76.11111111111111,-47.51865153170908
11.262626262626263,76.31313131313131,-47.64312040537969
11.262626262626263,76.51515151515152,-47.201837187904395
11.262626262626263,76.71717171717171,-47.0452298801668
11.262626262626263,76.91919191919192,-44.228196783364034
11.262626262626263,77.12121212121212,-48.03719203368381
11.262626262626263,77.32323232323232,-46.977746988461554
11.262626262626263,77.52525252525253,-49.19765919236151
11.262626262626263,77.72727272727272,-43.84860728599082
11.262626262626263,77.92929292929293,-43.121628367961364
11.262626262626263,78.13131313131314,-46.3516493082001
11.262626262626263,78.33333333333333,-46.38141594106231
11.262626262626263,78.53535353535354,-44.904887675322264
11.262626262626263,78.73737373737373,-42.55760362373526
11.262626262626263,78.93939393939394,-44.566366466338216
11.262626262626263,79.14141414141415,-46.92453928675931
11.262626262626263,79.34343434343434,-48.846288036060606
11.262626262626263,79.54545454545455,-47.759779259220274
11.262626262626263,79.74747474747474,-45.259151448521806
11.262626262626263,79.94949494949495,-47.05633973172473
11.262626262626263,80.15151515151516,-45.089065700799296
11.262626262626263,80.35353535353535,-46.648160167447685
11.262626262626263,80.55555555555556,-47.96157378730369
11.262626262626263,80.75757575757575,-48.01700231318412
11.262626262626263,80.95959595959596,-42.3508179330802
11.262626262626263,81.16161616161617,-43.84586040011319
11.262626262626263,81.36363636363636,-42.0478445424339
11.262626262626263,81.56565656565657,-44.56826233338915
11.262626262626263,81.76767676767676,-46.71551278828395
11.262626262626263,81.96969696969697,-42.934203381418136
11.262626262626263,82.17171717171718,-45.76175303820084
11.262626262626263,82.37373737373737,-45.19929892033297
11.262626262626263,82.57575757575758,-45.61003395477452
11.262626262626263,82.77777777777777,-51.68250540192768
11.262626262626263,82.97979797979798,-42.19111149914698
11.262626262626263,83.18181818181819,-44.78378607653654
11.262626262626263,83.38383838383838,-45.01671778511685
11.262626262626263,83.58585858585859,-45.520492378432664
11.262626262626263,83.78787878787878,-45.32957888355039
11.262626262626263,83.98989898989899,-46.771408120426415
11.262626262626263,84.1919191919192,-44.03095082240537
11.262626262626263,84.39393939393939,-48.05536948554011
11.262626262626263,84.5959595959596,-45.21350507087591
11.262626262626263,84.79797979797979,-44.474151167925186
11.262626262626263,85.0,-46.24639631561962
11.464646464646464,65.0,-61.83407635363443
11.464646464646464,65.20202020202021,-64.0838278855311
11.464646464646464,65.4040404040404,-64.84765554536449
11.464646464646464,65.60606060606061,-63.92279999658793
11.464646464646464,65.8080808080808,-64.58441087968866
11.464646464646464,66.01010101010101,-70.04737726492839
11.464646464646464,66.21212121212122,-67.72095753376058
11.464646464646464,66.41414141414141,-70.58238765390188
11.464646464646464,66.61616161616162,-71.29527308555961
11.464646464646464,66.81818181818181,-74.4731168542058
11.464646464646464,67.02020202020202,-74.48249156855658
11.464646464646464,67.22222222222223,-71.8544513585304
11.464646464646464,67.42424242424242,-73.7721873846664
11.464646464646464,67.62626262626263,-74.6761774318786
11.464646464646464,67.82828282828282,-74.21911868328016
11.464646464646464,68.03030303030303,-72.51659751653521
11.464646464646464,68.23232323232324,-72.17931369538873
11.464646464646464,68.43434343434343,-72.79102559924907
11.464646464646464,68.63636363636364,-70.08753780784862
11.464646464646464,68.83838383838383,-69.5185073422035
11.464646464646464,69.04040404040404,-69.57433457669455
11.464646464646464,69.24242424242425,-69.69373271028947
11.464646464646464,69.44444444444444,-67.88776271016025
11.464646464646464,69.64646464646465,-67.39867763882123
11.464646464646464,69.84848484848484,-65.21941205323856
11.464646464646464,70.05050505050505,-64.82130243224142
11.464646464646464,70.25252525252526,-67.37945587023961
11.464646464646464,70.45454545454545,-66.91454102976176
11.464646464646464,70.65656565656566,-65.15475059471525
11.464646464646464,70.85858585858585,-60.78492106106499
11.464646464646464,71.06060606060606,-64.72893686001063
11.464646464646464,71.26262626262626,-60.12224805833544
11.464646464646464,71.46464646464646,-59.128233932372794
11.464646464646464,71.66666666666667,-56.330246174600845
11.464646464646464,71.86868686868686,-57.27538678867338
11.464646464646464,72.07070707070707,-59.40810373547594
11.464646464646464,72.27272727272727,-57.8416534682001
11.464646464646464,72.47474747474747,-57.190318834111636
11.464646464646464,72.67676767676768,-54.923848861651074
11.464646464646464,72.87878787878788,-53.516986852755096
11.464646464646464,73.08080808080808,-54.725309340403456
11.464646464646464,73.28282828282828,-49.00042569488698
11.464646464646464,73.48484848484848,-54.05955959660305
11.464646464646464,73.68686868686869,-48.0038672164882
11.464646464646464,73.88888888888889,-47.8604358143837
11.464646464646464,74.0909090909091,-47.94386366715629
11.464646464646464,74.29292929292929,-50.81914659850786
11.464646464646464,74.4949494949495,-48.40632638081238
11.464646464646464,74.6969696969697,-51.271914876930325
11.464646464646464,74.8989898989899,-46.68476375305382
11.464646464646464,75.1010101010101,-48.697854339996795
11.464646464646464,75.3030303030303,-49.03791476661637
11.464646464646464,75.5050505050505,-50.57015049348301
11.464646464646464,75.70707070707071,-52.92001201450845
11.464646464646464,75.9090909090909,-49.648533837335485
11.464646464646464,76.11111111111111,-45.40096650698933
11.464646464646464,76.31313131313131,-48.33154966729183
11.464646464646464,76.51515151515152,-47.82934976278209
11.464646464646464,76.71717171717171,-45.77270451379255
11.464646464646464,76.91919191919192,-43.79836658164291
11.464646464646464,77.12121212121212,-44.8194331428653
11.464646464646464,77.32323232323232,-48.91742361070266
11.464646464646464,77.52525252525253,-50.85891868866497
11.464646464646464,77.72727272727272,-42.442263095203145
11.464646464646464,77.92929292929293,-42.708075147184275
11.464646464646464,78.13131313131314,-46.693281999422446
11.464646464646464,78.33333333333333,-49.501375206371264
11.464646464646464,78.53535353535354,-45.23122856522483
11.464646464646464,78.73737373737373,-47.060861970751105
11.464646464646464,78.93939393939394,-47.21082816860511
11.464646464646464,79.14141414141415,-45.260474512687495
11.464646464646464,79.34343434343434,-46.53874177639104
11.464646464646464,79.54545454545455,-49.45757382198113
11.464646464646464,79.74747474747474,-47.734225303392236
11.464646464646464,79.94949494949495,-45.73111904650579
11.464646464646464,80.15151515151516,-46.04207340892206
11.464646464646464,80.35353535353535,-46.45155476278031
11.464646464646464,80.55555555555556,-45.328188290497195
11.464646464646464,80.75757575757575,-47.89856670608942
11.464646464646464,80.95959595959596,-46.63980495828782
11.464646464646464,81.16161616161617,-53.79810849306463
11.464646464646464,81.36363636363636,-47.88601380886321
11.464646464646464,81.56565656565657,-45.38866374345923
11.464646464646464,81.76767676767676,-47.89106170497542
11.464646464646464,81.96969696969697,-47.93646965859123
11.464646464646464,82.17171717171718,-49.11343756102134
11.464646464646464,82.37373737373737,-45.04665187344804
11.464646464646464,82.57575757575758,-45.96702085797886
11.464646464646464,82.77777777777777,-45.519981391113994
11.464646464646464,82.97979797979798,-50.33561402587863
11.464646464646464,83.18181818181819,-47.30396701147483
11.464646464646464,83.38383838383838,-47.54139640303622
11.464646464646464,83.58585858585859,-47.625520842447656
11.464646464646464,83.78787878787878,-48.22965108829264
11.464646464646464,83.98989898989899,-47.59085978773375
11.464646464646464,84.1919191919192,-45.19673212332729
11.464646464646464,84.39393939393939,-50.807601379884964
11.464646464646464,84.5959595959596,-43.38666379267081
11.464646464646464,84.79797979797979,-45.913065707276694
11.464646464646464,85.0,-47.14211117764863
11.666666666666668,65.0,-61.92357231584128
11.666666666666668,65.20202020202021,-65.73210862019639
11.666666666666668,65.4040404040404,-65.2855479144731
11.666666666666668,65.60606060606061,-65.50707949378963
11.666666666666668,65.8080808080808,-64.65856904588689
11.666666666666668,66.01010101010101,-68.0833501350317
11.666666666666668,66.21212121212122,-68.72776034655905
11.666666666666668,66.41414141414141,-71.72688946490102
11.666666666666668,66.61616161616162,-71.25948790481516
11.666666666666668,66.81818181818181,-70.16104805065358
11.666666666666668,67.02020202020202,-72.18678717645322
11.666666666666668,67.22222222222223,-74.64922857884298
11.666666666666668,67.42424242424242,-73.74391250002499
11.666666666666668,67.62626262626263,-73.93865003084224
11.666666666666668,67.82828282828282,-73.74495627160807
11.666666666666668,68.03030303030303,-72.43982316693537
11.666666666666668,68.23232323232324,-71.79795358583819
11.666666666666668,68.43434343434343,-73.69105913210407
11.666666666666668,68.63636363636364,-71.47909818307781
11.666666666666668,68.83838383838383,-72.85059665666499
11.666666666666668,69.04040404040404,-73.23719485524525
11.666666666666668,69.24242424242425,-70.97853960737702
11.666666666666668,69.44444444444444,-70.04250370236643
11.666666666666668,69.64646464646465,-72.31711801967097
11.666666666666668,69.84848484848484,-66.46530568931811
11.666666666666668,70.05050505050505,-72.69173188731644
11.666666666666668,70.25252525252526,-61.05588298324393
11.666666666666668,70.45454545454545,-62.35522083165084
11.666666666666668,70.65656565656566,-64.82074506931102
11.666666666666668,70.85858585858585,-63.4278415970954
11.666666666666668,71.06060606060606,-61.93962382994013
11.666666666666668,71.26262626262626,-62.7496832207791
11.666666666666668,71.46464646464646,-60.1790634776711
11.666666666666668,71.66666666666667,-59.88084915086829
11.666666666666668,71.86868686868686,-58.673406019644595
11.666666666666668,72.07070707070707,-57.37911060207645
11.666666666666668,72.27272727272727,-59.1357111239531
11.666666666666668,72.47474747474747,-55.921203171516694
11.666666666666668,72.67676767676768,-54.78827488515277
11.666666666666668,72.87878787878788,-54.254798278422435
11.666666666666668,73.08080808080808,-54.1189004706151
11.666666666666668,73.28282828282828,-50.76700300962776
11.666666666666668,73.48484848484848,-53.202278360809146
11.666666666666668,73.68686868686869,-51.69144682127503
11.666666666666668,73.88888888888889,-48.948075013461064
11.666666666666668,74.0909090909091,-51.46024557550135
11.666666666666668,74.29292929292929,-50.66002707659369
11.666666666666668,74.4949494949495,-50.81213604323637
11.666666666666668,74.6969696969697,-47.92591181421927
11.666666666666668,74.8989898989899,-50.89978724431917
11.666666666666668,75.1010101010101,-47.48480852898843
11.666666666666668,75.3030303030303,-49.94144320416413
11.666666666666668,75.5050505050505,-51.386923442154774
11.666666666666668,75.70707070707071,-48.1914701431968
11.666666666666668,75.9090909090909,-50.065620204275994
11.666666666666668,76.11111111111111,-47.913453613213505
11.666666666666668,76.31313131313131,-54.366875818780585
11.666666666666668,76.51515151515152,-49.046840039631135
11.666666666666668,76.71717171717171,-49.669587286171705
11.666666666666668,76.91919191919192,-51.09113921433292
11.666666666666668,77.12121212121212,-49.692985145154154
11.666666666666668,77.32323232323232,-49.84786091397581
11.666666666666668,77.52525252525253,-48.98254889546716
11.666666666666668,77.72727272727272,-51.36338478274583
11.666666666666668,77.92929292929293,-47.72287099419951
11.666666666666668,78.13131313131314,-45.815773926420746
11.666666666666668,78.33333333333333,-47.80653573567094
11.666666666666668,78.53535353535354,-46.84455104760128
11.666666666666668,78.73737373737373,-46.30693098615294
11.666666666666668,78.93939393939394,-46.0262396620681
11.666666666666668,79.14141414141415,-44.594411799994276
11.666666666666668,79.34343434343434,-49.44433539813927
11.666666666666668,79.54545454545455,-49.89223958396831
11.666666666666668,79.74747474747474,-46.924022026697166
11.666666666666668,79.94949494949495,-47.00935710222229
11.666666666666668,80.15151515151516,-47.03286421087338
11.666666666666668,80.35353535353535,-44.65874129457726
11.666666666666668,80.55555555555556,-48.502784369562434
11.666666666666668,80.75757575757575,-47.72830624218643
11.666666666666668,80.95959595959596,-50.28622336252083
11.666666666666668,81.16161616161617,-44.3413662097729
11.666666666666668,81.36363636363636,-49.049200629177
11.666666666666668,81.56565656565657,-49.18130697984585
11.666666666666668,81.76767676767676,-49.33913351472498
11.666666666666668,81.96969696969697,-49.70984237653892
11.666666666666668,82.17171717171718,-49.76487061823781
11.666666666666668,82.37373737373737,-49.33369144733838
11.666666666666668,82.57575757575758,-51.05758850096536
11.666666666666668,82.77777777777777,-50.093710084450244
11.666666666666668,82.97979797979798,-44.42981048893507
11.666666666666668,83.18181818181819,-47.01115145774441
11.666666666666668,83.38383838383838,-46.446849488077035
11.666666666666668,83.58585858585859,-45.94021392399024
11.666666666666668,83.78787878787878,-44.85365302715527
11.666666666666668,83.98989898989899,-51.73359864432762
11.666666666666668,84.1919191919192,-50.905924750577306
11.666666666666668,84.39393939393939,-50.11196107466933
11.666666666666668,84.5959595959596,-49.220293470616646
11.666666666666668,84.79797979797979,-48.803344985466204
11.666666666666668,85.0,-49.20113992284636
11.868686868686869,65.0,-64.0997855680724
11.868686868686869,65.20202020202021,-64.57925087358669
11.868686868686869,65.4040404040404,-66.31446865034576
11.868686868686869,65.60606060606061,-69.54229698431335
11.868686868686869,65.8080808080808,-69.12990790107277
11.868686868686869,66.01010101010101,-69.67429656659306
11.868686868686869,66.21212121212122,-70.78090453599407
11.868686868686869,66.41414141414141,-73.75403011580694
11.868686868686869,66.61616161616162,-73.86171626378155
11.868686868686869,66.81818181818181,-76.13436929285162
11.868686868686869,67.02020202020202,-75.25585422437608
11.868686868686869,67.22222222222223,-77.39452787710873
11.868686868686869,67.42424242424242,-77.42061755361631
11.868686868686869,67.62626262626263,-78.41384433620823
11.868686868686869,67.82828282828282,-75.93305307296318
11.868686868686869,68.03030303030303,-76.99933202787993
11.868686868686869,68.23232323232324,-73.22497607577789
11.868686868686869,68.43434343434343,-73.57693484065233
11.868686868686869,68.63636363636364,-73.83569403396058
11.868686868686869,68.83838383838383,-74.45057953594362
11.868686868686869,69.04040404040404,-71.2306052097662
11.868686868686869,69.24242424242425,-69.9091709816401
11.868686868686869,69.44444444444444,-70.2754578797167
11.868686868686869,69.64646464646465,-66.20477062412147
11.868686868686869,69.84848484848484,-67.93256373917801
11.868686868686869,70.05050505050505,-66.10833589779936
11.868686868686869,70.25252525252526,-66.59395713761022
11.868686868686869,70.45454545454545,-64.6470612026927
11.868686868686869,70.65656565656566,-66.79606894033456
11.868686868686869,70.85858585858585,-64.95539425411067
11.868686868686869,71.06060606060606,-62.6036149169651
11.868686868686869,71.26262626262626,-61.480161881122726
11.868686868686869,71.46464646464646,-60.21668422642747
11.868686868686869,71.66666666666667,-58.1419888303086
11.868686868686869,71.86868686868686,-62.53044825127566
11.868686868686869,72.07070707070707,-60.66271334616484
11.868686868686869,72.27272727272727,-57.41735552013112
11.868686868686869,72.47474747474747,-58.426624634030404
11.868686868686869,72.67676767676768,-49.330943008841764
11.868686868686869,72.87878787878788,-54.66835741297594
11.868686868686869,73.08080808080808,-54.92698923533833
11.868686868686869,73.28282828282828,-55.44344065666305
11.868686868686869,73.48484848484848,-55.03098671678545
11.868686868686869,73.68686868686869,-53.5144544397378
11.868686868686869,73.88888888888889,-52.7935557396352
11.868686868686869,74.0909090909091,-53.62056439928581
11.868686868686869,74.29292929292929,-52.868244813850154
11.868686868686869,74.4949494949495,-49.532534834657575
11.868686868686869,74.6969696969697,-49.06803679356521
11.868686868686869,74.8989898989899,-51.00563734022428
11.868686868686869,75.1010101010101,-54.210590133444924
11.868686868686869,75.3030303030303,-50.32762918018814
11.868686868686869,75.5050505050505,-47.92670494189573
11.868686868686869,75.70707070707071,-48.2307816816228
11.868686868686869,75.9090909090909,-49.781694234633854
11.868686868686869,76.11111111111111,-47.871420754554485
11.868686868686869,76.31313131313131,-50.636840585523395
11.868686868686869,76.51515151515152,-49.26428446968498
11.868686868686869,76.71717171717171,-51.78555166695047
11.868686868686869,76.91919191919192,-49.9275883349133
11.868686868686869,77.12121212121212,-47.48960214845689
11.868686868686869,77.32323232323232,-51.17014969542309
11.868686868686869,77.52525252525253,-51.83373473250623
11.868686868686869,77.72727272727272,-49.87631523073448
11.868686868686869,77.92929292929293,-50.29351527872502
11.868686868686869,78.13131313131314,-48.37834205947742
11.868686868686869,78.33333333333333,-50.74375467683799
11.868686868686869,78.53535353535354,-46.56408786174223
11.868686868686869,78.73737373737373,-52.59448593722324
11.868686868686869,78.93939393939394,-47.28896804754636
11.868686868686869,79.14141414141415,-51.38262077466243
11.868686868686869,79.34343434343434,-53.552266253963886
11.868686868686869,79.54545454545455,-49.455356303162674
11.868686868686869,79.74747474747474,-50.3532604623772
11.868686868686869,79.94949494949495,-52.033250593244965
11.868686868686869,80.15151515151516,-53.356529086715746
11.868686868686869,80.35353535353535,-49.834450840596816
11.868686868686869,80.55555555555556,-47.84743888012314
11.868686868686869,80.75757575757575,-48.5885612470352
11.868686868686869,80.95959595959596,-49.69398425878937
11.868686868686869,81.16161616161617,-48.84329832231133
11.868686868686869,81.36363636363636,-49.99001702799029
11.868686868686869,81.56565656565657,-52.83841415557434
11.868686868686869,81.76767676767676,-52.38849516777641
11.868686868686869,81.96969696969697,-50.19331811724583
11.868686868686869,82.17171717171718,-50.141834609735426
11.868686868686869,82.37373737373737,-48.084607196127656
11.868686868686869,82.57575757575758,-48.31007346550847
11.868686868686869,82.77777777777777,-48.52315836063453
11.868686868686869,82.97979797979798,-50.28562872527676
11.868686868686869,83.18181818181819,-52.676494076933864
11.868686868686869,83.38383838383838,-49.046496039732425
11.868686868686869,83.58585858585859,-48.7573270627159
11.868686868686869,83.78787878787878,-54.55676607213257
11.868686868686869,83.98989898989899,-51.56194604157368
11.868686868686869,84.1919191919192,-51.10395607449111
11.868686868686869,84.39393939393939,-49.71363904904265
11.868686868686869,84.5959595959596,-51.29963066784495
11.868686868686869,84.79797979797979,-50.09852995518673
11.868686868686869,85.0,-49.95228408063069
12.070707070707071,65.0,-51.02853220626878
12.070707070707071,65.20202020202021,-51.932352836349
12.070707070707071,65.4040404040404,-52.637687066148274
12.070707070707071,65.60606060606061,-54.336686281689744
12.070707070707071,65.8080808080808,-53.435688290456255
12.070707070707071,66.01010101010101,-54.71666213456993
12.070707070707071,66.21212121212122,-58.56299853894815
12.070707070707071,66.41414141414141,-56.866289248530755
12.070707070707071,66.61616161616162,-61.446523143987754
12.070707070707071,66.81818181818181,-59.99168025690587
12.070707070707071,67.02020202020202,-65.33682614576328
12.070707070707071,67.22222222222223,-69.20675703978921
12.070707070707071,67.42424242424242,-65.87834948305
12.070707070707071,67.62626262626263,-67.2349429111491
12.070707070707071,67.82828282828282,-68.21456986252059
12.070707070707071,68.03030303030303,-70.06466685061903
12.070707070707071,68.23232323232324,-69.22192647985884
12.070707070707071,68.43434343434343,-70.50751640109104
12.070707070707071,68.63636363636364,-70.00813809640552
12.070707070707071,68.83838383838383,-67.87301999141037
12.070707070707071,69.04040404040404,-69.20803166679006
12.070707070707071,69.24242424242425,-67.81454870259988
12.070707070707071,69.44444444444444,-69.06332400549658
12.070707070707071,69.64646464646465,-68.99207313777676
12.070707070707071,69.84848484848484,-70.09675340547234
12.070707070707071,70.05050505050505,-67.91614645304605
12.070707070707071,70.25252525252526,-73.31589354686638
12.070707070707071,70.45454545454545,-67.29952941096346
12.070707070707071,70.65656565656566,-65.33440281978599
12.070707070707071,70.85858585858585,-63.23251726914696
12.070707070707071,71.06060606060606,-64.106009386788
12.070707070707071,71.26262626262626,-61.983170972016296
12.070707070707071,71.46464646464646,-66.3125253725127
12.070707070707071,71.66666666666667,-61.33765334260538
12.070707070707071,71.86868686868686,-63.65769128968806
12.070707070707071,72.07070707070707,-61.86156442145331
12.070707070707071,72.27272727272727,-59.23029829599887
12.070707070707071,72.47474747474747,-55.5709279633737
12.070707070707071,72.67676767676768,-56.67454306340285
12.070707070707071,72.87878787878788,-56.36184616090236
12.070707070707071,73.08080808080808,-56.513812830106986
12.070707070707071,73.28282828282828,-57.04605586674343
12.070707070707071,73.48484848484848,-56.384576315585576
12.070707070707071,73.68686868686869,-54.24911646567006
12.070707070707071,73.88888888888889,-57.50665805310726
12.070707070707071,74.0909090909091,-53.37566406348083
12.070707070707071,74.29292929292929,-54.92147097380366
12.070707070707071,74.4949494949495,-52.183325788093896
12.070707070707071,74.6969696969697,-51.774487852076454
12.070707070707071,74.8989898989899,-56.93491360016384
12.070707070707071,75.1010101010101,-54.60612995363455
12.070707070707071,75.3030303030303,-54.84642327513087
12.070707070707071,75.5050505050505,-56.516203689805394
12.070707070707071,75.70707070707071,-54.639003244743826
12.070707070707071,75.9090909090909,-47.85988045304065
12.070707070707071,76.11111111111111,-51.25822637834779
12.070707070707071,76.31313131313131,-48.49436705010834
12.070707070707071,76.51515151515152,-50.56404355319717
12.070707070707071,76.71717171717171,-53.55720174088055
12.070707070707071,76.91919191919192,-52.459670123624015
12.070707070707071,77.12121212121212,-50.66130280834899
12.070707070707071,77.32323232323232,-50.60050604768374
12.070707070707071,77.52525252525253,-52.825833272977945
12.070707070707071,77.72727272727272,-54.63081110149741
12.070707070707071,77.92929292929293,-44.719390574009836
12.070707070707071,78.13131313131314,-51.50888009368391
12.070707070707071,78.33333333333333,-52.127293492279726
12.070707070707071,78.53535353535354,-51.2606552387698
12.070707070707071,78.73737373737373,-51.8055620402184
12.070707070707071,78.93939393939394,-50.97235171318899
12.070707070707071,79.14141414141415,-48.680060318457045
12.070707070707071,79.34343434343434,-51.704905774737796
12.070707070707071,79.54545454545455,-53.59568759974375
12.070707070707071,79.74747474747474,-51.626039894104345
12.070707070707071,79.94949494949495,-52.102808156386175
12.070707070707071,80.15151515151516,-48.37880490874985
12.070707070707071,80.35353535353535,-49.01340692443857
12.070707070707071,80.55555555555556,-51.05122726399064
12.070707070707071,80.75757575757575,-53.67172545115441
12.070707070707071,80.95959595959596,-53.79865820352172
12.070707070707071,81.16161616161617,-51.433941568683935
12.070707070707071,81.36363636363636,-50.408727454200694
12.070707070707071,81.56565656565657,-51.98550280561432
12.070707070707071,81.76767676767676,-52.18220975504264
12.070707070707071,81.96969696969697,-52.31775294755994
12.070707070707071,82.17171717171718,-51.417089867140824
12.070707070707071,82.37373737373737,-56.13030536094608
12.070707070707071,82.57575757575758,-53.63244601909335
12.070707070707071,82.77777777777777,-52.49519524610663
12.070707070707071,82.97979797979798,-48.728542245495916
12.070707070707071,83.18181818181819,-52.880089767892215
12.070707070707071,83.38383838383838,-50.70196435707069
12.070707070707071,83.58585858585859,-50.572598839765725
12.070707070707071,83.78787878787878,-48.52710536416961
12.070707070707071,83.98989898989899,-48.64361960203873
12.070707070707071,84.1919191919192,-51.21013667067852
12.070707070707071,84.39393939393939,-52.062757820109205
12.070707070707071,84.5959595959596,-52.65038763177077
12.070707070707071,84.79797979797979,-51.43673476922353
12.070707070707071,85.0,-51.93393866494264
12.272727272727273,65.0,-50.92873138319586
12.272727272727273,65.20202020202021,-51.33488658609353
12.272727272727273,65.4040404040404,-51.84456119175184
12.272727272727273,65.60606060606061,-51.83204163382662
12.272727272727273,65.8080808080808,-52.26375318029304
12.272727272727273,66.01010101010101,-56.423370113366104
12.272727272727273,66.21212121212122,-56.4989973939079
12.272727272727273,66.41414141414141,-60.71316230539845
12.272727272727273,66.61616161616162,-60.00429108506795
12.272727272727273,66.81818181818181,-61.80858772822443
12.272727272727273,67.02020202020202,-63.31890143968296
12.272727272727273,67.22222222222223,-66.43695604975434
12.272727272727273,67.42424242424242,-68.90845567561398
12.272727272727273,67.62626262626263,-71.02087555762216
12.272727272727273,67.82828282828282,-69.52215986739255
12.272727272727273,68.03030303030303,-66.71832841121257
12.272727272727273,68.23232323232324,-70.595916337836
12.272727272727273,68.43434343434343,-68.67412021437906
12.272727272727273,68.63636363636364,-68.62963268992928
12.272727272727273,68.83838383838383,-70.77152500119746
12.272727272727273,69.04040404040404,-67.35941777989042
12.272727272727273,69.24242424242425,-75.55906729210047
12.272727272727273,69.44444444444444,-71.876912155398
12.272727272727273,69.64646464646465,-70.71345367679848
12.272727272727273,69.84848484848484,-69.76811191166102
12.272727272727273,70.05050505050505,-67.23510658064403
12.272727272727273,70.25252525252526,-66.49148444745903
12.272727272727273,70.45454545454545,-65.80578325484977
12.272727272727273,70.65656565656566,-64.57557465261543
12.272727272727273,70.85858585858585,-66.86727096131825
12.272727272727273,71.06060606060606,-66.59778037703377
12.272727272727273,71.26262626262626,-62.77639720971212
12.272727272727273,71.46464646464646,-64.0432854090962
12.272727272727273,71.66666666666667,-65.14917204056006
12.272727272727273,71.86868686868686,-59.21942987679052
12.272727272727273,72.07070707070707,-57.57255971504545
12.272727272727273,72.27272727272727,-56.56992669954753
12.272727272727273,72.47474747474747,-58.63466112139124
12.272727272727273,72.67676767676768,-57.281022304953254
12.272727272727273,72.87878787878788,-55.25531212824005
12.272727272727273,73.08080808080808,-58.83482363137851
12.272727272727273,73.28282828282828,-54.707575503111656
12.272727272727273,73.48484848484848,-56.11289446119435
12.272727272727273,73.68686868686869,-54.55244229708662
12.272727272727273,73.88888888888889,-55.720396816746536
12.272727272727273,74.0909090909091,-53.31240365915104
12.272727272727273,74.29292929292929,-55.25551279796941
12.272727272727273,74.4949494949495,-58.573191978664916
12.272727272727273,74.6969696969697,-52.47603018848113
12.272727272727273,74.8989898989899,-57.24767394767077
12.272727272727273,75.1010101010101,-52.47069871037219
12.272727272727273,75.3030303030303,-55.126780335745735
12.272727272727273,75.5050505050505,-52.36423071088058
12.272727272727273,75.70707070707071,-52.38885636441586
12.272727272727273,75.9090909090909,-53.45436572951075
12.272727272727273,76.11111111111111,-53.160207773514095
12.272727272727273,76.31313131313131,-53.06840620079073
12.272727272727273,76.51515151515152,-57.715672944420916
12.272727272727273,76.71717171717171,-53.470323502304886
12.272727272727273,76.91919191919192,-55.65126875026776
12.272727272727273,77.12121212121212,-52.95281362259731
12.272727272727273,77.32323232323232,-55.577797913814166
12.272727272727273,77.52525252525253,-55.39829484933844
12.272727272727273,77.72727272727272,-50.00973287862867
12.272727272727273,77.92929292929293,-50.711405558536484
12.272727272727273,78.13131313131314,-52.84053355436859
12.272727272727273,78.33333333333333,-52.5770812725142
12.272727272727273,78.53535353535354,-53.27708121053899
12.272727272727273,78.73737373737373,-51.60627178442442
12.272727272727273,78.93939393939394,-54.20880711677452
12.272727272727273,79.14141414141415,-50.62973039578413
12.272727272727273,79.34343434343434,-53.206776561418394
12.272727272727273,79.54545454545455,-53.555616980261135
12.272727272727273,79.74747474747474,-52.80263554280453
12.272727272727273,79.94949494949495,-53.99274294897907
12.272727272727273,80.15151515151516,-52.10341236591016
12.272727272727273,80.35353535353535,-53.57356159426866
12.272727272727273,80.55555555555556,-51.74381016442279
12.272727272727273,80.75757575757575,-50.32288277698674
12.272727272727273,80.95959595959596,-54.28874197195425
12.272727272727273,81.16161616161617,-53.14000551107064
12.272727272727273,81.36363636363636,-51.64041040232218
12.272727272727273,81.56565656565657,-53.85586800892766
12.272727272727273,81.76767676767676,-51.75231804233026
12.272727272727273,81.96969696969697,-51.54239957183695
12.272727272727273,82.17171717171718,-50.634650509428326
12.272727272727273,82.37373737373737,-53.907061590783826
12.272727272727273,82.57575757575758,-54.57805185025512
12.272727272727273,82.77777777777777,-53.36004536264624
12.272727272727273,82.97979797979798,-54.510785110320064
12.272727272727273,83.18181818181819,-51.49363529440819
12.272727272727273,83.38383838383838,-54.78309044419227
12.272727272727273,83.58585858585859,-48.02098430416717
12.272727272727273,83.78787878787878,-49.98943232061697
12.272727272727273,83.98989898989899,-52.68929189108838
12.272727272727273,84.1919191919192,-51.0041691363247
12.272727272727273,84.39393939393939,-55.69425470747025
12.272727272727273,84.5959595959596,-47.71904397921491
12.272727272727273,84.79797979797979,-53.680837105320265
12.272727272727273,85.0,-52.919378493367034
12.474747474747474,65.0,-55.16693758965336
12.474747474747474,65.20202020202021,-52.14095465982291
12.474747474747474,65.4040404040404,-55.091158868976855
12.474747474747474,65.60606060606061,-54.49585169339439
12.474747474747474,65.8080808080808,-56.7417473413394
12.474747474747474,66.01010101010101,-59.145597591023495
12.474747474747474,66.21212121212122,-60.53986639867588
12.474747474747474,66.41414141414141,-60.696194533253184
12.474747474747474,66.61616161616162,-65.21304813048177
12.474747474747474,66.81818181818181,-65.95533760343558
12.474747474747474,67.02020202020202,-64.86406676766369
12.474747474747474,67.22222222222223,-62.78284711231621
12.474747474747474,67.42424242424242,-67.83131194599876
12.474747474747474,67.62626262626263,-71.12788022172005
12.474747474747474,67.82828282828282,-70.8831409853062
12.474747474747474,68.03030303030303,-70.45009639812946
12.474747474747474,68.23232323232324,-71.65068530183794
12.474747474747474,68.43434343434343,-69.35775149077364
12.474747474747474,68.63636363636364,-70.75939987380293
12.474747474747474,68.83838383838383,-69.1995124800146
12.474747474747474,69.04040404040404,-71.24877294145598
12.474747474747474,69.24242424242425,-67.60983678410594
12.474747474747474,69.44444444444444,-70.22705378988998
12.474747474747474,69.64646464646465,-71.73198506186064
12.474747474747474,69.84848484848484,-64.69422647183526
12.474747474747474,70.05050505050505,-72.02124996181254
12.474747474747474,70.25252525252526,-69.46159265997053
12.474747474747474,70.45454545454545,-68.32801752600515
12.474747474747474,70.65656565656566,-61.481218311350254
12.474747474747474,70.85858585858585,-61.91400391931759
12.474747474747474,71.06060606060606,-62.01684369633275
12.474747474747474,71.26262626262626,-64.75710329367693
12.474747474747474,71.46464646464646,-58.49668161383418
12.474747474747474,71.66666666666667,-62.049736579889625
12.474747474747474,71.86868686868686,-59.9793697691491
12.474747474747474,72.07070707070707,-61.174446372215414
12.474747474747474,72.27272727272727,-60.94555088332272
12.474747474747474,72.47474747474747,-60.60815346646774
12.474747474747474,72.67676767676768,-59.72936421977537
12.474747474747474,72.87878787878788,-58.042203656471884
12.474747474747474,73.08080808080808,-58.40471016513161
12.474747474747474,73.28282828282828,-58.70096903377828
12.474747474747474,73.48484848484848,-54.98826364658274
12.474747474747474,73.68686868686869,-64.11872181935101
12.474747474747474,73.88888888888889,-56.94409648067174
12.474747474747474,74.0909090909091,-56.14268555372164
12.474747474747474,74.29292929292929,-55.281003365716515
12.474747474747474,74.4949494949495,-57.508657297753345
12.474747474747474,74.6969696969697,-56.958539598591834
12.474747474747474,74.8989898989899,-55.28385250888161
12.474747474747474,75.1010101010101,-53.99116539682636
12.474747474747474,75.3030303030303,-57.162273709692606
12.474747474747474,75.5050505050505,-56.34145294441004
12.474747474747474,75.70707070707071,-53.03673901996401
12.474747474747474,75.9090909090909,-60.22186236828838
12.474747474747474,76.11111111111111,-57.296841840610185
12.474747474747474,76.31313131313131,-52.90782389812629
12.474747474747474,76.51515151515152,-53.26394543343138
12.474747474747474,76.71717171717171,-54.101876732628554
12.474747474747474,76.91919191919192,-56.05968830475012
12.474747474747474,77.12121212121212,-56.53351842929385
12.474747474747474,77.32323232323232,-55.965327218871536
12.474747474747474,77.52525252525253,-51.22572326988643
12.474747474747474,77.72727272727272,-55.742084803543044
12.474747474747474,77.92929292929293,-54.30960334900207
12.474747474747474,78.13131313131314,-55.76958332691606
12.474747474747474,78.33333333333333,-52.6690570382389
12.474747474747474,78.53535353535354,-55.12364636460648
12.474747474747474,78.73737373737373,-54.502987909264874
12.474747474747474,78.93939393939394,-57.49484467123874
12.474747474747474,79.14141414141415,-57.45256623422349
12.474747474747474,79.34343434343434,-54.29416854199321
12.474747474747474,79.54545454545455,-56.804138137656956
12.474747474747474,79.74747474747474,-49.98214207377176
12.474747474747474,79.94949494949495,-58.431638001754536
12.474747474747474,80.15151515151516,-55.80866472523319
12.474747474747474,80.35353535353535,-54.306073006085526
12.474747474747474,80.55555555555556,-55.04352897917455
12.474747474747474,80.75757575757575,-56.34387919444376
12.474747474747474,80.95959595959596,-56.24099637595363
12.474747474747474,81.16161616161617,-56.02246778986676
12.474747474747474,81.36363636363636,-54.6917702221697
12.474747474747474,81.56565656565657,-50.22428747731066
12.474747474747474,81.76767676767676,-54.060792480131816
12.474747474747474,81.96969696969697,-51.830799745016144
12.474747474747474,82.17171717171718,-53.134490000812455
12.474747474747474,82.37373737373737,-52.2478331924379
12.474747474747474,82.57575757575758,-59.58633518753372
12.474747474747474,82.77777777777777,-54.767775555590006
12.474747474747474,82.97979797979798,-51.67891512225338
12.474747474747474,83.18181818181819,-55.33641360439933
12.474747474747474,83.38383838383838,-50.481601561676406
12.474747474747474,83.58585858585859,-50.97133737234667
12.474747474747474,83.78787878787878,-54.9299779340813
12.474747474747474,83.98989898989899,-54.98322269277041
12.474747474747474,84.1919191919192,-56.220721890782876
12.474747474747474,84.39393939393939,-55.470773986868195
12.474747474747474,84.5959595959596,-56.58334088850771
12.474747474747474,84.79797979797979,-53.165451425090986
12.474747474747474,85.0,-56.77886653305722
12.676767676767676,65.0,-52.74883303010643
12.676767676767676,65.20202020202021,-52.910230909052785
12.676767676767676,65.4040404040404,-56.78159366591249
12.676767676767676,65.60606060606061,-53.48193247161265
12.676767676767676,65.8080808080808,-56.193525577477295
12.676767676767676,66.01010101010101,-57.50742267603575
12.676767676767676,66.21212121212122,-61.43281399042592
12.676767676767676,66.41414141414141,-61.11849687080224
12.676767676767676,66.61616161616162,-61.84872452743517
12.676767676767676,66.81818181818181,-65.88411409407281
12.676767676767676,67.02020202020202,-63.54454278324033
12.676767676767676,67.22222222222223,-68.48544203651542
12.676767676767676,67.42424242424242,-67.33619525335371
12.676767676767676,67.62626262626263,-69.83446640269294
12.676767676767676,67.82828282828282,-69.96321616464616
12.676767676767676,68.03030303030303,-74.83128877255446
12.676767676767676,68.23232323232324,-71.005915654407
12.676767676767676,68.43434343434343,-73.39363487851757
12.676767676767676,68.63636363636364,-73.50980198637579
12.676767676767676,68.83838383838383,-68.26738665944994
12.676767676767676,69.04040404040404,-71.80554741879486
12.676767676767676,69.24242424242425,-73.00681471063314
12.676767676767676,69.44444444444444,-71.32801715409715
12.676767676767676,69.64646464646465,-72.71326358943531
12.676767676767676,69.84848484848484,-66.81904292396368
12.676767676767676,70.05050505050505,-70.52283781129431
12.676767676767676,70.25252525252526,-67.35802655173686
12.676767676767676,70.45454545454545,-65.13552655489084
12.676767676767676,70.65656565656566,-67.95050824069236
12.676767676767676,70.85858585858585,-65.21514811674325
12.676767676767676,71.06060606060606,-67.76048250897017
12.676767676767676,71.26262626262626,-60.12949355763919
12.676767676767676,71.46464646464646,-62.21855253856952
12.676767676767676,71.66666666666667,-63.92481692283794
12.676767676767676,71.86868686868686,-64.71907634797542
12.676767676767676,72.07070707070707,-62.64145854698332
12.676767676767676,72.27272727272727,-62.652345609920566
12.676767676767676,72.47474747474747,-57.52294455837662
12.676767676767676,72.67676767676768,-63.34246199589968
12.676767676767676,72.87878787878788,-60.30144831158888
12.676767676767676,73.08080808080808,-60.278323236826914
12.676767676767676,73.28282828282828,-60.15672190017459
12.676767676767676,73.48484848484848,-59.874714018715046
12.676767676767676,73.68686868686869,-59.98962630343781
12.676767676767676,73.88888888888889,-58.12705658395262
12.676767676767676,74.0909090909091,-58.31240154639886
12.676767676767676,74.29292929292929,-58.46617311548285
12.676767676767676,74.4949494949495,-65.29999485725774
12.676767676767676,74.6969696969697,-58.531148880086036
12.676767676767676,74.8989898989899,-62.16713464410309
12.676767676767676,75.1010101010101,-57.702126166698754
12.676767676767676,75.3030303030303,-55.94854832029719
12.676767676767676,75.5050505050505,-60.579908751616244
12.676767676767676,75.70707070707071,-59.03368806948993
12.676767676767676,75.9090909090909,-59.2458903499951
12.676767676767676,76.11111111111111,-55.22235671296313
12.676767676767676,76.31313131313131,-57.38344003950824
12.676767676767676,76.51515151515152,-53.97562584242866
12.676767676767676,76.71717171717171,-55.94840519580672
12.676767676767676,76.91919191919192,-56.39267890299001
12.676767676767676,77.12121212121212,-56.327554505063404
12.676767676767676,77.32323232323232,-54.700003145647585
12.676767676767676,77.52525252525253,-59.51991147480979
12.676767676767676,77.72727272727272,-55.890392979358346
12.676767676767676,77.92929292929293,-56.182156959294296
12.676767676767676,78.13131313131314,-54.436278030423395
12.676767676767676,78.33333333333333,-56.270034351009485
12.676767676767676,78.53535353535354,-57.87180215461251
12.676767676767676,78.73737373737373,-55.72428474758622
12.676767676767676,78.93939393939394,-57.769760074571295
12.676767676767676,79.14141414141415,-59.47270890250016
12.676767676767676,79.34343434343434,-53.993139847240855
12.676767676767676,79.54545454545455,-54.109186111796824
12.676767676767676,79.74747474747474,-54.79060965257016
12.676767676767676,79.94949494949495,-52.89577447880807
12.676767676767676,80.15151515151516,-56.96099411860683
12.676767676767676,80.35353535353535,-58.46851439125147
12.676767676767676,80.55555555555556,-55.74443622139472
12.676767676767676,80.75757575757575,-56.25145863508281
12.676767676767676,80.95959595959596,-57.41267071597263
12.676767676767676,81.16161616161617,-55.73960759637628
12.676767676767676,81.36363636363636,-57.01988214791289
12.676767676767676,81.56565656565657,-59.306810953736054
12.676767676767676,81.76767676767676,-56.53222976316134
12.676767676767676,81.96969696969697,-57.458831279708974
12.676767676767676,82.17171717171718,-55.1020584394979
12.676767676767676,82.37373737373737,-56.88068926488159
12.676767676767676,82.57575757575758,-53.142305878768745
12.676767676767676,82.77777777777777,-52.31358298187173
12.676767676767676,82.97979797979798,-54.258814776937605
12.676767676767676,83.18181818181819,-58.73218998023969
12.676767676767676,83.38383838383838,-52.38457661725539
12.676767676767676,83.58585858585859,-52.32808862985775
12.676767676767676,83.78787878787878,-55.427893709199765
12.676767676767676,83.98989898989899,-52.79280736950114
12.676767676767676,84.1919191919192,-56.602161178987025
12.676767676767676,84.39393939393939,-59.17373399083727
12.676767676767676,84.5959595959596,-57.04897922072453
12.676767676767676,84.79797979797979,-52.055808483571845
12.676767676767676,85.0,-58.44012769912092
12.878787878787879,65.0,-54.40329748813533
12.878787878787879,65.20202020202021,-54.769382375775926
12.878787878787879,65.4040404040404,-56.230248734452985
12.878787878787879,65.60606060606061,-57.184180056439686
12.878787878787879,65.8080808080808,-57.78706656308349
12.878787878787879,66.01010101010101,-60.54722117788098
12.878787878787879,66.21212121212122,-63.56808570829599
12.878787878787879,66.41414141414141,-62.83839957837049
12.878787878787879,66.61616161616162,-63.083100491472756
12.878787878787879,66.81818181818181,-65.17246012721634
12.878787878787879,67.02020202020202,-69.78692166404069
12.878787878787879,67.22222222222223,-72.00795284759674
12.878787878787879,67.42424242424242,-71.18496685621415
12.878787878787879,67.62626262626263,-68.36910461908428
12.878787878787879,67.82828282828282,-70.58223830539481
12.878787878787879,68.03030303030303,-70.72627507606673
12.878787878787879,68.23232323232324,-70.8498782920525
12.878787878787879,68.43434343434343,-71.91005341120491
12.878787878787879,68.63636363636364,-72.30316508973249
12.878787878787879,68.83838383838383,-71.02675770988121
12.878787878787879,69.04040404040404,-73.52684023814943
12.878787878787879,69.24242424242425,-74.46457341409905
12.878787878787879,69.44444444444444,-69.7957208907843
12.878787878787879,69.64646464646465,-68.40364439434329
12.878787878787879,69.84848484848484,-72.43938028409299
12.878787878787879,70.05050505050505,-67.96396570430893
12.878787878787879,70.25252525252526,-65.85170682812918
12.878787878787879,70.45454545454545,-68.54337136630795
12.878787878787879,70.65656565656566,-69.41007808728982
12.878787878787879,70.85858585858585,-66.82107304383442
12.878787878787879,71.06060606060606,-67.47522824679929
12.878787878787879,71.26262626262626,-67.06379148226033
12.878787878787879,71.46464646464646,-64.25825060159953
12.878787878787879,71.66666666666667,-67.73656061911592
12.878787878787879,71.86868686868686,-67.07612065665975
12.878787878787879,72.07070707070707,-63.32813124575686
12.878787878787879,72.27272727272727,-62.934310382406
12.878787878787879,72.47474747474747,-61.728776844806355
12.878787878787879,72.67676767676768,-58.48696080419777
12.878787878787879,72.87878787878788,-61.744902639299276
12.878787878787879,73.08080808080808,-60.532102590651654
12.878787878787879,73.28282828282828,-63.33528533253724
12.878787878787879,73.48484848484848,-59.66646946420459
12.878787878787879,73.68686868686869,-62.33958251087846
12.878787878787879,73.88888888888889,-61.04822364744764
12.878787878787879,74.0909090909091,-61.66087628200827
12.878787878787879,74.29292929292929,-59.11967633307307
12.878787878787879,74.4949494949495,-63.60820979363354
12.878787878787879,74.6969696969697,-65.9544988497344
12.878787878787879,74.8989898989899,-61.43096848187688
12.878787878787879,75.1010101010101,-59.94861923905014
12.878787878787879,75.3030303030303,-60.471839238617704
12.878787878787879,75.5050505050505,-58.073353587211365
12.878787878787879,75.70707070707071,-59.561328490554324
12.878787878787879,75.9090909090909,-61.11711270738714
12.878787878787879,76.11111111111111,-64.45855705236362
12.878787878787879,76.31313131313131,-59.92215295929727
12.878787878787879,76.51515151515152,-57.014340807464016
12.878787878787879,76.71717171717171,-59.951339452750275
12.878787878787879,76.91919191919192,-58.257253031880154
12.878787878787879,77.12121212121212,-57.266228049990865
12.878787878787879,77.32323232323232,-59.86947122983935
12.878787878787879,77.52525252525253,-56.47261139265909
12.878787878787879,77.72727272727272,-54.26415128896218
12.878787878787879,77.92929292929293,-57.69419115278027
12.878787878787879,78.13131313131314,-59.77792171269081
12.878787878787879,78.33333333333333,-57.26399004376607
12.878787878787879,78.53535353535354,-61.50442310398149
12.878787878787879,78.73737373737373,-56.67919086568487
12.878787878787879,78.93939393939394,-56.37088747758088
12.878787878787879,79.14141414141415,-53.94508611861363
12.878787878787879,79.34343434343434,-57.579291907207214
12.878787878787879,79.54545454545455,-56.17097289477992
12.878787878787879,79.74747474747474,-58.718482463563994
12.878787878787879,79.94949494949495,-57.893233380747375
12.878787878787879,80.15151515151516,-60.49343731103424
12.878787878787879,80.35353535353535,-57.39657323481386
12.878787878787879,80.55555555555556,-57.56531954177545
12.878787878787879,80.75757575757575,-56.359458985576396
12.878787878787879,80.95959595959596,-58.33331684976945
12.878787878787879,81.16161616161617,-56.90309992757096
12.878787878787879,81.36363636363636,-57.56854598989691
12.878787878787879,81.56565656565657,-57.77465521363564
12.878787878787879,81.76767676767676,-57.02969545837556
12.878787878787879,81.96969696969697,-56.8712671000256
12.878787878787879,82.17171717171718,-55.3795845306245
12.878787878787879,82.37373737373737,-57.195585473004556
12.878787878787879,82.57575757575758,-57.67414411102162
12.878787878787879,82.77777777777777,-57.55540147698355
12.878787878787879,82.97979797979798,-58.36761981252536
12.878787878787879,83.18181818181819,-57.68201396232766
12.878787878787879,83.38383838383838,-52.84060826777926
12.878787878787879,83.58585858585859,-58.705135536588095
12.878787878787879,83.78787878787878,-57.50418363156263
12.878787878787879,83.98989898989899,-57.52087022056001
12.878787878787879,84.1919191919192,-57.419043101173614
12.878787878787879,84.39393939393939,-57.68488318982672
12.878787878787879,84.5959595959596,-56.1875664752541
12.878787878787879,84.79797979797979,-60.10336068019706
12.878787878787879,85.0,-55.025938049131106
13.080808080808081,65.0,-54.47454028206359
13.080808080808081,65.20202020202021,-57.39374931108148
13.080808080808081,65.4040404040404,-59.48992714392327
13.080808080808081,65.60606060606061,-58.93935783510014
13.080808080808081,65.8080808080808,-59.33887370667926
13.080808080808081,66.01010101010101,-56.56183357050174
13.080808080808081,66.21212121212122,-61.536026979640766
13.080808080808081,66.41414141414141,-67.05265193879522
13.080808080808081,66.61616161616162,-66.89210335034167
13.080808080808081,66.81818181818181,-67.93478336999773
13.080808080808081,67.02020202020202,-68.54415146618041
13.080808080808081,67.22222222222223,-72.91976922598548
13.080808080808081,67.42424242424242,-71.6678859131315
13.080808080808081,67.62626262626263,-73.66122579125538
13.080808080808081,67.82828282828282,-75.20780540857484
13.080808080808081,68.03030303030303,-72.80114011478719
13.080808080808081,68.23232323232324,-72.10650631854402
13.080808080808081,68.43434343434343,-72.001895389094
13.080808080808081,68.63636363636364,-72.58350416621037
13.080808080808081,68.83838383838383,-74.06992775253609
13.080808080808081,69.04040404040404,-71.57892592500345
13.080808080808081,69.24242424242425,-71.99624520503204
13.080808080808081,69.44444444444444,-71.69521544231617
13.080808080808081,69.64646464646465,-72.57235177822798
13.080808080808081,69.84848484848484,-72.14802192055639
13.080808080808081,70.05050505050505,-70.15379478372463
13.080808080808081,70.25252525252526,-64.92252228907611
13.080808080808081,70.45454545454545,-68.66803859009954
13.080808080808081,70.65656565656566,-69.69572845839876
13.080808080808081,70.85858585858585,-69.83263113453057
13.080808080808081,71.06060606060606,-68.17608158453339
13.080808080808081,71.26262626262626,-62.485910449085154
13.080808080808081,71.46464646464646,-66.64775026832243
13.080808080808081,71.66666666666667,-63.566327530272645
13.080808080808081,71.86868686868686,-65.87919165715972
13.080808080808081,72.07070707070707,-64.05816327484945
13.080808080808081,72.27272727272727,-62.42116964534459
13.080808080808081,72.47474747474747,-64.76384511130574
13.080808080808081,72.67676767676768,-64.56768135811353
13.080808080808081,72.87878787878788,-59.881449826454926
13.080808080808081,73.08080808080808,-61.07343466689179
13.080808080808081,73.28282828282828,-61.53539621148372
13.080808080808081,73.48484848484848,-61.40850299388902
13.080808080808081,73.68686868686869,-62.08002475030217
13.080808080808081,73.88888888888889,-59.40483262201722
13.080808080808081,74.0909090909091,-63.267325837579996
13.080808080808081,74.29292929292929,-62.107633066823105
13.080808080808081,74.4949494949495,-66.37596600775603
13.080808080808081,74.6969696969697,-65.09119109603748
13.080808080808081,74.8989898989899,-65.88349144320127
13.080808080808081,75.1010101010101,-60.60332519395239
13.080808080808081,75.3030303030303,-68.31311938970869
13.080808080808081,75.5050505050505,-63.493130245312834
13.080808080808081,75.70707070707071,-68.70586423416975
13.080808080808081,75.9090909090909,-63.72621478960532
13.080808080808081,76.11111111111111,-62.80230805538624
13.080808080808081,76.31313131313131,-58.6622415267002
13.080808080808081,76.51515151515152,-60.140474813542035
13.080808080808081,76.71717171717171,-62.113212456521325
13.080808080808081,76.91919191919192,-58.062150329622675
13.080808080808081,77.12121212121212,-59.86891397725857
13.080808080808081,77.32323232323232,-59.462914993744555
13.080808080808081,77.52525252525253,-61.88928854414724
13.080808080808081,77.72727272727272,-61.19131100540439
13.080808080808081,77.92929292929293,-60.74251836400146
13.080808080808081,78.13131313131314,-58.665741369258555
13.080808080808081,78.33333333333333,-58.55767724953054
13.080808080808081,78.53535353535354,-55.57012310647173
13.080808080808081,78.73737373737373,-57.75004008356012
13.080808080808081,78.93939393939394,-64.07276573349739
13.080808080808081,79.14141414141415,-58.258473120738664
13.080808080808081,79.34343434343434,-61.659996656564196
13.080808080808081,79.54545454545455,-60.77011671019792
13.080808080808081,79.74747474747474,-60.01215612801293
13.080808080808081,79.94949494949495,-59.73881540553766
13.080808080808081,80.15151515151516,-61.24664226669844
13.080808080808081,80.35353535353535,-58.27139742354897
13.080808080808081,80.55555555555556,-61.3158822334815
13.080808080808081,80.75757575757575,-57.69472365436924
13.080808080808081,80.95959595959596,-54.1098901469502
13.080808080808081,81.16161616161617,-61.158851929123834
13.080808080808081,81.36363636363636,-59.21846971925725
13.080808080808081,81.56565656565657,-63.56600042016797
13.080808080808081,81.76767676767676,-59.19152122355423
13.080808080808081,81.96969696969697,-57.12559994387702
13.080808080808081,82.17171717171718,-57.03977380156621
13.080808080808081,82.37373737373737,-58.387511838917526
13.080808080808081,82.57575757575758,-56.5771792557427
13.080808080808081,82.77777777777777,-53.15209839424265
13.080808080808081,82.97979797979798,-54.94092312183803
13.080808080808081,83.18181818181819,-59.390159553334385
13.080808080808081,83.38383838383838,-61.25710514005127
13.080808080808081,83.58585858585859,-59.04346800797684
13.080808080808081,83.78787878787878,-60.31118439155867
13.080808080808081,83.98989898989899,-57.454671010465795
13.080808080808081,84.1919191919192,-60.729938303579175
13.080808080808081,84.39393939393939,-58.447577329154626
13.080808080808081,84.5959595959596,-56.604778561945324
13.080808080808081,84.79797979797979,-58.2839887065992
13.080808080808081,85.0,-60.131529104027834
13.282828282828282,65.0,-54.81812141438117
13.282828282828282,65.20202020202021,-59.21646716408195
13.282828282828282,65.4040404040404,-57.75577252045301
13.282828282828282,65.60606060606061,-58.51444009226191
13.282828282828282,65.8080808080808,-59.841357424124055
13.282828282828282,66.01010101010101,-61.38319348215638
13.282828282828282,66.21212121212122,-62.39376176163854
13.282828282828282,66.41414141414141,-65.06730847239814
13.282828282828282,66.61616161616162,-67.65150460569497
13.282828282828282,66.81818181818181,-69.47590198201314
13.282828282828282,67.02020202020202,-71.26640050539038
13.282828282828282,67.22222222222223,-69.94992746474611
13.282828282828282,67.42424242424242,-73.86845216412334
13.282828282828282,67.62626262626263,-71.60808190143308
13.282828282828282,67.82828282828282,-73.86630524626426
13.282828282828282,68.03030303030303,-75.38774141650934
13.282828282828282,68.23232323232324,-73.34940878370726
13.282828282828282,68.43434343434343,-76.09144650851664
13.282828282828282,68.63636363636364,-72.87156958092129
13.282828282828282,68.83838383838383,-73.75501961550465
13.282828282828282,69.04040404040404,-74.65086994989748
13.282828282828282,69.24242424242425,-72.13219166156293
13.282828282828282,69.44444444444444,-71.89699457242254
13.282828282828282,69.64646464646465,-70.04370839992139
13.282828282828282,69.84848484848484,-69.80911259277958
13.282828282828282,70.05050505050505,-70.22777254745617
13.282828282828282,70.25252525252526,-72.96659263732109
13.282828282828282,70.45454545454545,-65.12814331172353
13.282828282828282,70.65656565656566,-72.12830206012285
13.282828282828282,70.85858585858585,-66.71646023820476
13.282828282828282,71.06060606060606,-67.15465195436487
13.282828282828282,71.26262626262626,-69.92003689917189
13.282828282828282,71.46464646464646,-67.33305458659363
13.282828282828282,71.66666666666667,-66.5726197326233
13.282828282828282,71.86868686868686,-63.20147721809802
13.282828282828282,72.07070707070707,-66.90456864420378
13.282828282828282,72.27272727272727,-65.58395381843279
13.282828282828282,72.47474747474747,-69.75423752761297
13.282828282828282,72.67676767676768,-61.327630611542155
13.282828282828282,72.87878787878788,-66.55592608666205
13.282828282828282,73.08080808080808,-63.908056050368174
13.282828282828282,73.28282828282828,-64.78679763005047
13.282828282828282,73.48484848484848,-64.80966221104636
13.282828282828282,73.68686868686869,-63.205942648163095
13.282828282828282,73.88888888888889,-61.78540098513225
13.282828282828282,74.0909090909091,-64.67500840023534
13.282828282828282,74.29292929292929,-64.27165217113995
13.282828282828282,74.4949494949495,-64.9517290710059
13.282828282828282,74.6969696969697,-63.61468991647118
13.282828282828282,74.8989898989899,-66.56717686570114
13.282828282828282,75.1010101010101,-63.281251195957616
13.282828282828282,75.3030303030303,-63.17988792445356
13.282828282828282,75.5050505050505,-62.97979331438326
13.282828282828282,75.70707070707071,-66.05440804921078
13.282828282828282,75.9090909090909,-64.85751340410224
13.282828282828282,76.11111111111111,-63.29830743046233
13.282828282828282,76.31313131313131,-66.30604646257112
13.282828282828282,76.51515151515152,-59.738920146039646
13.282828282828282,76.71717171717171,-62.49366503814662
13.282828282828282,76.91919191919192,-61.27475054829644
13.282828282828282,77.12121212121212,-62.590693170550765
13.282828282828282,77.32323232323232,-63.925199366522
13.282828282828282,77.52525252525253,-62.277818692335394
13.282828282828282,77.72727272727272,-60.20547247944139
13.282828282828282,77.92929292929293,-59.1877350372279
13.282828282828282,78.13131313131314,-60.195352197048884
13.282828282828282,78.33333333333333,-59.4291553434208
13.282828282828282,78.53535353535354,-60.93769771156109
13.282828282828282,78.73737373737373,-59.17849264029374
13.282828282828282,78.93939393939394,-57.05700859225382
13.282828282828282,79.14141414141415,-58.57028295398995
13.282828282828282,79.34343434343434,-58.43610357599742
13.282828282828282,79.54545454545455,-59.53558807544959
13.282828282828282,79.74747474747474,-63.16899380329251
13.282828282828282,79.94949494949495,-62.221388677452694
13.282828282828282,80.15151515151516,-59.209315423680025
13.282828282828282,80.35353535353535,-60.0867044732624
13.282828282828282,80.55555555555556,-59.08325736963184
13.282828282828282,80.75757575757575,-56.69384496663916
13.282828282828282,80.95959595959596,-58.71638879786905
13.282828282828282,81.16161616161617,-57.397003055708495
13.282828282828282,81.36363636363636,-59.78510671539303
13.282828282828282,81.56565656565657,-61.53503557182717
13.282828282828282,81.76767676767676,-60.08656104000225
13.282828282828282,81.96969696969697,-61.25680000407867
13.282828282828282,82.17171717171718,-56.707805296068145
13.282828282828282,82.37373737373737,-58.30607042520526
13.282828282828282,82.57575757575758,-58.74027297942588
13.282828282828282,82.77777777777777,-57.33931570662241
13.282828282828282,82.97979797979798,-63.96103372835479
13.282828282828282,83.18181818181819,-58.66212960138099
13.282828282828282,83.38383838383838,-62.43477823765151
13.282828282828282,83.58585858585859,-59.70525130125579
13.282828282828282,83.78787878787878,-60.234596102530276
13.282828282828282,83.98989898989899,-58.285438754691654
13.282828282828282,84.1919191919192,-59.22294460412224
13.282828282828282,84.39393939393939,-56.782046338402154
13.282828282828282,84.5959595959596,-60.95553497283261
13.282828282828282,84.79797979797979,-58.08502727028864
13.282828282828282,85.0,-59.35574043656032
13.484848484848484,65.0,-59.64089190541351
13.484848484848484,65.20202020202021,-58.84869599282699
13.484848484848484,65.4040404040404,-58.53258620556994
13.484848484848484,65.60606060606061,-57.89846941202147
13.484848484848484,65.8080808080808,-60.04565135032128
13.484848484848484,66.01010101010101,-64.20175742714376
13.484848484848484,66.21212121212122,-64.55678889440603
13.484848484848484,66.41414141414141,-62.94854536319641
13.484848484848484,66.61616161616162,-67.74390741712627
13.484848484848484,66.81818181818181,-70.33178361175334
13.484848484848484,67.02020202020202,-70.54890251941139
13.484848484848484,67.22222222222223,-71.23385470240473
13.484848484848484,67.42424242424242,-74.32830929037996
13.484848484848484,67.62626262626263,-73.29993045320126
13.484848484848484,67.82828282828282,-75.32047449385003
13.484848484848484,68.03030303030303,-73.85505306622761
13.484848484848484,68.23232323232324,-75.3001992236247
13.484848484848484,68.43434343434343,-74.22822484024059
13.484848484848484,68.63636363636364,-76.7267675803016
13.484848484848484,68.83838383838383,-76.67547384863751
13.484848484848484,69.04040404040404,-72.64873446822223
13.484848484848484,69.24242424242425,-74.30400600379676
13.484848484848484,69.44444444444444,-73.24217050735783
13.484848484848484,69.64646464646465,-73.93508968456062
13.484848484848484,69.84848484848484,-70.90160296350895
13.484848484848484,70.05050505050505,-72.83586631701381
13.484848484848484,70.25252525252526,-71.40584869386014
13.484848484848484,70.45454545454545,-69.32072251387996
13.484848484848484,70.65656565656566,-67.95467531343371
13.484848484848484,70.85858585858585,-70.83674832928874
13.484848484848484,71.06060606060606,-65.21346302396408
13.484848484848484,71.26262626262626,-67.85946681138516
13.484848484848484,71.46464646464646,-69.85007002709038
13.484848484848484,71.66666666666667,-66.82975776065858
13.484848484848484,71.86868686868686,-67.76172964866115
13.484848484848484,72.07070707070707,-65.93483318907158
13.484848484848484,72.27272727272727,-66.60796929602704
13.484848484848484,72.47474747474747,-66.16853915976094
13.484848484848484,72.67676767676768,-68.1618486533676
13.484848484848484,72.87878787878788,-64.24344034455004
13.484848484848484,73.08080808080808,-68.77458704324287
13.484848484848484,73.28282828282828,-68.64623526836856
13.484848484848484,73.48484848484848,-66.07956242142194
13.484848484848484,73.68686868686869,-63.67734054447176
13.484848484848484,73.88888888888889,-67.89057570689528
13.484848484848484,74.0909090909091,-65.98997289375859
13.484848484848484,74.29292929292929,-65.59478426546895
13.484848484848484,74.4949494949495,-66.31059478014475
13.484848484848484,74.6969696969697,-68.61529573522454
13.484848484848484,74.8989898989899,-70.17336875037076
13.484848484848484,75.1010101010101,-72.07962131682933
13.484848484848484,75.3030303030303,-68.21770431950242
13.484848484848484,75.5050505050505,-64.97334736811098
13.484848484848484,75.70707070707071,-69.21893476068695
13.484848484848484,75.9090909090909,-65.14153761353997
13.484848484848484,76.11111111111111,-67.82125068778466
13.484848484848484,76.31313131313131,-65.05533098905389
13.484848484848484,76.51515151515152,-63.54641763338819
13.484848484848484,76.71717171717171,-65.70517250402973
13.484848484848484,76.91919191919192,-63.50129782605627
13.484848484848484,77.12121212121212,-64.24950223610644
13.484848484848484,77.32323232323232,-61.464726807803316
13.484848484848484,77.52525252525253,-62.24607946323111
13.484848484848484,77.72727272727272,-62.28577945265533
13.484848484848484,77.92929292929293,-59.029010187504255
13.484848484848484,78.13131313131314,-60.526098673499625
13.484848484848484,78.33333333333333,-63.19661372841624
13.484848484848484,78.53535353535354,-62.18258958521579
13.484848484848484,78.73737373737373,-61.79844479346179
13.484848484848484,78.93939393939394,-61.47981943992797
13.484848484848484,79.14141414141415,-56.60679976930197
13.484848484848484,79.34343434343434,-60.75914068111719
13.484848484848484,79.54545454545455,-65.52711008456761
13.484848484848484,79.74747474747474,-62.84587477799928
13.484848484848484,79.94949494949495,-65.4442436810537
13.484848484848484,80.15151515151516,-62.35768122955245
13.484848484848484,80.35353535353535,-65.46893828226803
13.484848484848484,80.55555555555556,-63.04843429251188
13.484848484848484,80.75757575757575,-64.42060258852177
13.484848484848484,80.95959595959596,-60.839753204278274
13.484848484848484,81.16161616161617,-61.56758619412339
13.484848484848484,81.36363636363636,-60.58756023507133
13.484848484848484,81.56565656565657,-61.551887673409325
13.484848484848484,81.76767676767676,-64.27031701337437
13.484848484848484,81.96969696969697,-60.41641567310178
13.484848484848484,82.17171717171718,-57.6323886840864
13.484848484848484,82.37373737373737,-60.440834349327126
13.484848484848484,82.57575757575758,-62.072902227317435
13.484848484848484,82.77777777777777,-64.3220522547912
13.484848484848484,82.97979797979798,-63.05933767909132
13.484848484848484,83.18181818181819,-60.28354792465757
13.484848484848484,83.38383838383838,-59.26256626004115
13.484848484848484,83.58585858585859,-60.68319555853209
13.484848484848484,83.78787878787878,-59.52576399773798
13.484848484848484,83.98989898989899,-59.80579452287391
13.484848484848484,84.1919191919192,-60.140131383119375
13.484848484848484,84.39393939393939,-62.46440938943852
13.484848484848484,84.5959595959596,-60.868035708169856
13.484848484848484,84.79797979797979,-62.662569001864185
13.484848484848484,85.0,-60.948182072883704
13.686868686868687,65.0,-57.861766320527956
13.686868686868687,65.20202020202021,-56.18315572293081
13.686868686868687,65.4040404040404,-61.15391649573136
13.686868686868687,65.60606060606061,-59.58966024701423
13.686868686868687,65.8080808080808,-59.63729000430108
13.686868686868687,66.01010101010101,-62.225744960086566
13.686868686868687,66.21212121212122,-64.02061701231476
13.686868686868687,66.41414141414141,-66.36433719701738
13.686868686868687,66.61616161616162,-66.84710823311343
13.686868686868687,66.81818181818181,-72.5697097766336
13.686868686868687,67.02020202020202,-75.09414807771945
13.686868686868687,67.22222222222223,-73.66237005462405
13.686868686868687,67.42424242424242,-78.55967261085698
13.686868686868687,67.62626262626263,-72.95702252387987
13.686868686868687,67.82828282828282,-73.58748469550218
13.686868686868687,68.03030303030303,-77.30452973185811
13.686868686868687,68.23232323232324,-77.28068912080653
13.686868686868687,68.43434343434343,-76.58929428287232
13.686868686868687,68.63636363636364,-76.32497480054015
13.686868686868687,68.83838383838383,-75.47521252747401
13.686868686868687,69.04040404040404,-74.3993690556795
13.686868686868687,69.24242424242425,-75.39050660144865
13.686868686868687,69.44444444444444,-72.79626278065
13.686868686868687,69.64646464646465,-73.16897500689264
13.686868686868687,69.84848484848484,-74.80577429811075
13.686868686868687,70.05050505050505,-70.2037471023788
13.686868686868687,70.25252525252526,-75.0480739621311
13.686868686868687,70.45454545454545,-71.6810210973425
13.686868686868687,70.65656565656566,-69.2707985498852
13.686868686868687,70.85858585858585,-71.93415987386545
13.686868686868687,71.06060606060606,-69.41559997591285
13.686868686868687,71.26262626262626,-68.27522989955554
13.686868686868687,71.46464646464646,-70.5825639970817
13.686868686868687,71.66666666666667,-68.66353639855873
13.686868686868687,71.86868686868686,-68.48655836494575
13.686868686868687,72.07070707070707,-68.9688394322621
13.686868686868687,72.27272727272727,-63.14345614648603
13.686868686868687,72.47474747474747,-69.18133708743109
13.686868686868687,72.67676767676768,-65.54821471721326
13.686868686868687,72.87878787878788,-68.54959070020912
13.686868686868687,73.08080808080808,-69.82318224566453
13.686868686868687,73.28282828282828,-67.80835621433552
13.686868686868687,73.48484848484848,-67.22853406926963
13.686868686868687,73.68686868686869,-67.02933388942365
13.686868686868687,73.88888888888889,-66.0162942509945
13.686868686868687,74.0909090909091,-63.606478860239896
13.686868686868687,74.29292929292929,-69.20935802323493
13.686868686868687,74.4949494949495,-71.39038783860363
13.686868686868687,74.6969696969697,-69.33469946638111
13.686868686868687,74.8989898989899,-70.93934470794618
13.686868686868687,75.1010101010101,-68.33285791094848
13.686868686868687,75.3030303030303,-72.3548203488861
13.686868686868687,75.5050505050505,-64.76885156324437
13.686868686868687,75.70707070707071,-67.48655499853706
13.686868686868687,75.9090909090909,-72.30896723646308
13.686868686868687,76.11111111111111,-69.48806436660857
13.686868686868687,76.31313131313131,-66.04282482435373
13.686868686868687,76.51515151515152,-64.77871112181988
13.686868686868687,76.71717171717171,-68.85360957504697
13.686868686868687,76.91919191919192,-64.35773152010373
13.686868686868687,77.12121212121212,-69.14495610219471
13.686868686868687,77.32323232323232,-64.89873926664212
13.686868686868687,77.52525252525253,-62.034851772277655
13.686868686868687,77.72727272727272,-65.26677186408303
13.686868686868687,77.92929292929293,-66.87812728406577
13.686868686868687,78.13131313131314,-63.311224004125684
13.686868686868687,78.33333333333333,-64.52190696926692
13.686868686868687,78.53535353535354,-61.91678509884255
13.686868686868687,78.73737373737373,-64.7229731397406
13.686868686868687,78.93939393939394,-64.38730907696272
13.686868686868687,79.14141414141415,-67.14755852053757
13.686868686868687,79.34343434343434,-62.69635247100522
13.686868686868687,79.54545454545455,-63.41249559748935
13.686868686868687,79.74747474747474,-65.51716426682624
13.686868686868687,79.94949494949495,-62.49433818266437
13.686868686868687,80.15151515151516,-61.05783054539337
13.686868686868687,80.35353535353535,-63.463363726224586
13.686868686868687,80.55555555555556,-62.533135274782964
13.686868686868687,80.75757575757575,-62.40226699159855
13.686868686868687,80.95959595959596,-65.28401598734969
13.686868686868687,81.16161616161617,-58.78138329736838
13.686868686868687,81.36363636363636,-63.998157146998565
13.686868686868687,81.56565656565657,-61.49690636498191
13.686868686868687,81.76767676767676,-61.281391552786715
13.686868686868687,81.96969696969697,-63.32531541601849
13.686868686868687,82.17171717171718,-61.6102140999414
13.686868686868687,82.37373737373737,-62.1720868810035
13.686868686868687,82.57575757575758,-65.80970101332731
13.686868686868687,82.77777777777777,-63.395749487825526
13.686868686868687,82.97979797979798,-63.97795703952037
13.686868686868687,83.18181818181819,-63.593612818222894
13.686868686868687,83.38383838383838,-65.39321737526909
13.686868686868687,83.58585858585859,-60.57536812766493
13.686868686868687,83.78787878787878,-59.283098926399084
13.686868686868687,83.98989898989899,-61.0258244801533
13.686868686868687,84.1919191919192,-60.16926504695781
13.686868686868687,84.39393939393939,-63.16460924988649
13.686868686868687,84.5959595959596,-63.85619096970644
13.686868686868687,84.79797979797979,-64.03592635417769
13.686868686868687,85.0,-61.27591140975008
13.88888888888889,65.0,-58.73554311353189
13.88888888888889,65.20202020202021,-59.56982734043734
13.88888888888889,65.4040404040404,-58.30951089251972
13.88888888888889,65.60606060606061,-60.72899640038904
13.88888888888889,65.8080808080808,-64.13746345324815
13.88888888888889,66.01010101010101,-65.52356238287142
13.88888888888889,66.21212121212122,-65.4283249042819
13.88888888888889,66.41414141414141,-66.40370039099153
13.88888888888889,66.61616161616162,-69.41303551446882
13.88888888888889,66.81818181818181,-68.66284810917183
13.88888888888889,67.02020202020202,-70.62429361472671
13.88888888888889,67.22222222222223,-73.93961023371459
13.88888888888889,67.42424242424242,-77.18524619522934
13.88888888888889,67.62626262626263,-78.96056894927042
13.88888888888889,67.82828282828282,-77.77227850510877
13.88888888888889,68.03030303030303,-75.98989813523626
13.88888888888889,68.23232323232324,-73.66547965159269
13.88888888888889,68.43434343434343,-76.46409683830696
13.88888888888889,68.63636363636364,-74.981839119804
13.88888888888889,68.83838383838383,-77.15599450540029
13.88888888888889,69.04040404040404,-75.1088376116099
13.88888888888889,69.24242424242425,-74.28116835859988
13.88888888888889,69.44444444444444,-79.26860472872352
13.88888888888889,69.64646464646465,-75.75402237827245
13.88888888888889,69.84848484848484,-72.47344456735577
13.88888888888889,70.05050505050505,-73.21304131233057
13.88888888888889,70.25252525252526,-75.66735939544631
13.88888888888889,70.45454545454545,-77.40910591345406
13.88888888888889,70.65656565656566,-72.79284886457492
13.88888888888889,70.85858585858585,-71.62743656481483
13.88888888888889,71.06060606060606,-72.8308288457127
13.88888888888889,71.26262626262626,-70.02177975273956
13.88888888888889,71.46464646464646,-68.80490705893193
13.88888888888889,71.66666666666667,-68.23249393392463
13.88888888888889,71.86868686868686,-74.11738322526298
13.88888888888889,72.07070707070707,-71.43615916269896
13.88888888888889,72.27272727272727,-69.700815497704
13.88888888888889,72.47474747474747,-67.6158275632055
13.88888888888889,72.67676767676768,-67.89142311237613
13.88888888888889,72.87878787878788,-68.25680486220139
13.88888888888889,73.08080808080808,-70.2995386392544
13.88888888888889,73.28282828282828,-70.40835610433999
13.88888888888889,73.48484848484848,-71.55156564323582
13.88888888888889,73.68686868686869,-68.95754621677293
13.88888888888889,73.88888888888889,-72.94229226573438
13.88888888888889,74.0909090909091,-69.78015070090605
13.88888888888889,74.29292929292929,-71.6250905084378
13.88888888888889,74.4949494949495,-72.51500175043914
13.88888888888889,74.6969696969697,-73.63520670582623
13.88888888888889,74.8989898989899,-75.34354746522595
13.88888888888889,75.1010101010101,-73.99325667093605
13.88888888888889,75.3030303030303,-72.98042026469616
13.88888888888889,75.5050505050505,-76.63491809979034
13.88888888888889,75.70707070707071,-71.9534750095421
13.88888888888889,75.9090909090909,-68.96240312509573
13.88888888888889,76.11111111111111,-69.11011556481928
13.88888888888889,76.31313131313131,-70.72234230145666
13.88888888888889,76.51515151515152,-68.94198927174561
13.88888888888889,76.71717171717171,-69.15582341310999
13.88888888888889,76.91919191919192,-67.05414812580572
13.88888888888889,77.12121212121212,-63.90703447461367
13.88888888888889,77.32323232323232,-64.51940746965859
13.88888888888889,77.52525252525253,-64.97881955256211
13.88888888888889,77.72727272727272,-66.73720964814171
13.88888888888889,77.92929292929293,-63.79805144356083
13.88888888888889,78.13131313131314,-68.3419033203987
13.88888888888889,78.33333333333333,-65.5576527164719
13.88888888888889,78.53535353535354,-64.00180677489894
13.88888888888889,78.73737373737373,-63.37405020952248
13.88888888888889,78.93939393939394,-63.3097958088535
13.88888888888889,79.14141414141415,-64.01407383789801
13.88888888888889,79.34343434343434,-65.10840292862365
13.88888888888889,79.54545454545455,-63.48034818679166
13.88888888888889,79.74747474747474,-66.29195104601072
13.88888888888889,79.94949494949495,-66.15263820059698
13.88888888888889,80.15151515151516,-64.417723426962
13.88888888888889,80.35353535353535,-64.2363107850748
13.88888888888889,80.55555555555556,-68.288861146263
13.88888888888889,80.75757575757575,-63.56929141720661
13.88888888888889,80.95959595959596,-62.89584999459886
13.88888888888889,81.16161616161617,-64.36206174499144
13.88888888888889,81.36363636363636,-59.94937353348598
13.88888888888889,81.56565656565657,-65.82034189425733
13.88888888888889,81.76767676767676,-65.05002012982355
13.88888888888889,81.96969696969697,-64.85001157912342
13.88888888888889,82.17171717171718,-64.51004668454716
13.88888888888889,82.37373737373737,-64.7964634074852
13.88888888888889,82.57575757575758,-67.08016919342116
13.88888888888889,82.77777777777777,-65.41071237301675
13.88888888888889,82.97979797979798,-64.22538185148794
13.88888888888889,83.18181818181819,-61.72727408738695
13.88888888888889,83.38383838383838,-59.986688044731
13.88888888888889,83.58585858585859,-61.25174265958448
13.88888888888889,83.78787878787878,-65.78187526377698
13.88888888888889,83.98989898989899,-65.53189820693119
13.88888888888889,84.1919191919192,-64.36935552003067
13.88888888888889,84.39393939393939,-60.352074540895394
13.88888888888889,84.5959595959596,-63.99982010464161
13.88888888888889,84.79797979797979,-66.44710338620122
13.88888888888889,85.0,-64.68062923899751
14.09090909090909,65.0,-59.133110656444444
14.09090909090909,65.20202020202021,-59.47025637882879
14.09090909090909,65.4040404040404,-61.36785545835986
14.09090909090909,65.60606060606061,-61.232761725994806
14.09090909090909,65.8080808080808,-67.28917138117204
14.09090909090909,66.01010101010101,-65.50043949412472
14.09090909090909,66.21212121212122,-65.998578898245
14.09090909090909,66.41414141414141,-70.89655722381845
14.09090909090909,66.61616161616162,-72.87859789614514
14.09090909090909,66.81818181818181,-76.31417386793686
14.09090909090909,67.02020202020202,-71.72374101379506
14.09090909090909,67.22222222222223,-76.86544245202239
14.09090909090909,67.42424242424242,-76.43422635696403
14.09090909090909,67.62626262626263,-76.45338297972687
14.09090909090909,67.82828282828282,-75.19978666753336
14.09090909090909,68.03030303030303,-78.59078722607487
14.09090909090909,68.23232323232324,-79.76111921984032
14.09090909090909,68.43434343434343,-78.23547562230243
14.09090909090909,68.63636363636364,-75.54212611968627
14.09090909090909,68.83838383838383,-78.26560228740193
14.09090909090909,69.04040404040404,-79.4046580506639
14.09090909090909,69.24242424242425,-79.94621398229212
14.09090909090909,69.44444444444444,-78.74897877527735
14.09090909090909,69.64646464646465,-74.22484049580387
14.09090909090909,69.84848484848484,-75.94224520912378
14.09090909090909,70.05050505050505,-75.99819066221497
14.09090909090909,70.25252525252526,-75.8526233037929
14.09090909090909,70.45454545454545,-73.55108621946448
14.09090909090909,70.65656565656566,-73.42833161206299
14.09090909090909,70.85858585858585,-73.09822919510547
14.09090909090909,71.06060606060606,-69.19236128574336
14.09090909090909,71.26262626262626,-68.23108286205691
14.09090909090909,71.46464646464646,-74.42038048469863
14.09090909090909,71.66666666666667,-70.18654447267801
14.09090909090909,71.86868686868686,-72.26016924143387
14.09090909090909,72.07070707070707,-70.65028105789789
14.09090909090909,72.27272727272727,-69.74715996346913
14.09090909090909,72.47474747474747,-70.75225696580145
14.09090909090909,72.67676767676768,-70.18400128755765
14.09090909090909,72.87878787878788,-69.39275246073328
14.09090909090909,73.08080808080808,-70.4703770208212
14.09090909090909,73.28282828282828,-72.5403103083693
14.09090909090909,73.48484848484848,-73.29914638770784
14.09090909090909,73.68686868686869,-75.33891280564872
14.09090909090909,73.88888888888889,-74.80701168928775
14.09090909090909,74.0909090909091,-69.8763061126948
14.09090909090909,74.29292929292929,-75.68157731580659
14.09090909090909,74.4949494949495,-76.87847292596729
14.09090909090909,74.6969696969697,-74.10823855834067
14.09090909090909,74.8989898989899,-75.0256564588074
14.09090909090909,75.1010101010101,-75.0846226555031
14.09090909090909,75.3030303030303,-71.66043032117462
14.09090909090909,75.5050505050505,-73.24304505906446
14.09090909090909,75.70707070707071,-74.51782968481636
14.09090909090909,75.9090909090909,-73.73488364938187
14.09090909090909,76.11111111111111,-73.50467785862126
14.09090909090909,76.31313131313131,-69.78351093945805
14.09090909090909,76.51515151515152,-71.50623855810358
14.09090909090909,76.71717171717171,-73.58113115516416
14.09090909090909,76.91919191919192,-69.27992917225622
14.09090909090909,77.12121212121212,-71.8706432983501
14.09090909090909,77.32323232323232,-63.55771838588047
14.09090909090909,77.52525252525253,-69.58849132720164
14.09090909090909,77.72727272727272,-67.43576802676527
14.09090909090909,77.92929292929293,-66.54162204687961
14.09090909090909,78.13131313131314,-67.19669406102899
14.09090909090909,78.33333333333333,-67.06368795001362
14.09090909090909,78.53535353535354,-65.60620127778333
14.09090909090909,78.73737373737373,-63.40893152166507
14.09090909090909,78.93939393939394,-64.6629020557473
14.09090909090909,79.14141414141415,-63.112118791880334
14.09090909090909,79.34343434343434,-67.99047042616887
14.09090909090909,79.54545454545455,-65.45474577533638
14.09090909090909,79.74747474747474,-65.9303343115216
14.09090909090909,79.94949494949495,-65.54105530504589
14.09090909090909,80.15151515151516,-63.293727396601724
14.09090909090909,80.35353535353535,-66.42404577462916
14.09090909090909,80.55555555555556,-66.99665977571112
14.09090909090909,80.75757575757575,-65.0137672486687
14.09090909090909,80.95959595959596,-69.60371343571042
14.09090909090909,81.16161616161617,-66.50181972040653
14.09090909090909,81.36363636363636,-66.28685671796829
14.09090909090909,81.56565656565657,-67.77191242948649
14.09090909090909,81.76767676767676,-63.836572413014196
14.09090909090909,81.96969696969697,-67.80012662511395
14.09090909090909,82.17171717171718,-66.12521647304871
14.09090909090909,82.37373737373737,-65.14789866258421
14.09090909090909,82.57575757575758,-63.175571123577164
14.09090909090909,82.77777777777777,-65.66617706414131
14.09090909090909,82.97979797979798,-63.794203032290305
14.09090909090909,83.18181818181819,-64.30956438504002
14.09090909090909,83.38383838383838,-65.18106614495964
14.09090909090909,83.58585858585859,-67.57080723334634
14.09090909090909,83.78787878787878,-68.38473107269289
14.09090909090909,83.98989898989899,-65.12964677496554
14.09090909090909,84.1919191919192,-66.47982620806678
14.09090909090909,84.39393939393939,-63.372920547420364
14.09090909090909,84.5959595959596,-63.879682243769395
14.09090909090909,84.79797979797979,-65.64828408069877
14.09090909090909,85.0,-67.56964213087413
14.292929292929292,65.0,-60.47799395036541
14.292929292929292,65.20202020202021,-62.962178571460186
14.292929292929292,65.4040404040404,-63.22696529352153
14.292929292929292,65.60606060606061,-64.70110172230376
14.292929292929292,65.8080808080808,-65.01115232477328
14.292929292929292,66.01010101010101,-64.82014530127783
14.292929292929292,66.21212121212122,-68.56485820429093
14.292929292929292,66.41414141414141,-71.20000142646853
14.292929292929292,66.61616161616162,-74.8322566939878
14.292929292929292,66.81818181818181,-73.2346437930303
14.292929292929292,67.02020202020202,-76.83949466006207
14.292929292929292,67.22222222222223,-76.74662258816532
14.292929292929292,67.42424242424242,-78.62067643112444
14.292929292929292,67.62626262626263,-77.09971354858891
14.292929292929292,67.82828282828282,-79.54439643857394
14.292929292929292,68.03030303030303,-79.75270832844669
14.292929292929292,68.23232323232324,-78.80323106042616
14.292929292929292,68.43434343434343,-75.25499637113927
14.292929292929292,68.63636363636364,-77.54884035670206
14.292929292929292,68.83838383838383,-79.06210783972138
14.292929292929292,69.04040404040404,-78.36400847408376
14.292929292929292,69.24242424242425,-79.15732980545567
14.292929292929292,69.44444444444444,-79.36645939079801
14.292929292929292,69.64646464646465,-77.90201958803735
14.292929292929292,69.84848484848484,-77.82126345520912
14.292929292929292,70.05050505050505,-74.59491287636095
14.292929292929292,70.25252525252526,-77.37531316948908
14.292929292929292,70.45454545454545,-71.88296251039628
14.292929292929292,70.65656565656566,-72.5338482397191
14.292929292929292,70.85858585858585,-73.71501113382214
14.292929292929292,71.06060606060606,-73.15212543599192
14.292929292929292,71.26262626262626,-73.8596276918032
14.292929292929292,71.46464646464646,-71.82155761029695
14.292929292929292,71.66666666666667,-69.64895992871729
14.292929292929292,71.86868686868686,-73.34045084299855
14.292929292929292,72.07070707070707,-74.85034811769016
14.292929292929292,72.27272727272727,-70.11455118788824
14.292929292929292,72.47474747474747,-71.15127811555293
14.292929292929292,72.67676767676768,-74.16780721872361
14.292929292929292,72.87878787878788,-73.682929042419
14.292929292929292,73.08080808080808,-74.20510492638893
14.292929292929292,73.28282828282828,-74.7234060406559
14.292929292929292,73.48484848484848,-74.3962175774456
14.292929292929292,73.68686868686869,-74.88070975785841
14.292929292929292,73.88888888888889,-76.31726101631398
14.292929292929292,74.0909090909091,-77.11988854540309
14.292929292929292,74.29292929292929,-76.42860134382259
14.292929292929292,74.4949494949495,-76.4781324558913
14.292929292929292,74.6969696969697,-77.60344706678673
14.292929292929292,74.8989898989899,-74.56322137085849
14.292929292929292,75.1010101010101,-75.97137778877904
14.292929292929292,75.3030303030303,-80.15454514584006
14.292929292929292,75.5050505050505,-75.17418003573898
14.292929292929292,75.70707070707071,-74.47033958082876
14.292929292929292,75.9090909090909,-76.15849850049256
14.292929292929292,76.11111111111111,-77.3480186159236
14.292929292929292,76.31313131313131,-73.66953764003462
14.292929292929292,76.51515151515152,-72.64264451016567
14.292929292929292,76.71717171717171,-74.19223746045428
14.292929292929292,76.91919191919192,-73.79521021434425
14.292929292929292,77.12121212121212,-70.31053833124788
14.292929292929292,77.32323232323232,-70.28984671860856
14.292929292929292,77.52525252525253,-70.18743814434163
14.292929292929292,77.72727272727272,-69.05615781016199
14.292929292929292,77.92929292929293,-70.79782111031312
14.292929292929292,78.13131313131314,-69.2880536398495
14.292929292929292,78.33333333333333,-66.92048956317916
14.292929292929292,78.53535353535354,-68.62262644944043
14.292929292929292,78.73737373737373,-71.04843006210899
14.292929292929292,78.93939393939394,-68.65086782261477
14.292929292929292,79.14141414141415,-69.59723015568485
14.292929292929292,79.34343434343434,-67.19505672679276
14.292929292929292,79.54545454545455,-66.97341304096085
14.292929292929292,79.74747474747474,-71.00564909501156
14.292929292929292,79.94949494949495,-66.32114062671312
14.292929292929292,80.15151515151516,-69.90439267624205
14.292929292929292,80.35353535353535,-64.3868636768218
14.292929292929292,80.55555555555556,-67.61580678959875
14.292929292929292,80.75757575757575,-70.16220437633413
14.292929292929292,80.95959595959596,-69.88552297720906
14.292929292929292,81.16161616161617,-66.86794370803895
14.292929292929292,81.36363636363636,-68.24713599057104
14.292929292929292,81.56565656565657,-67.64407017177919
14.292929292929292,81.76767676767676,-64.22345613139599
14.292929292929292,81.96969696969697,-68.60637456529165
14.292929292929292,82.17171717171718,-67.1421963933292
14.292929292929292,82.37373737373737,-64.51643290056566
14.292929292929292,82.57575757575758,-66.77440605104447
14.292929292929292,82.77777777777777,-70.33121138814376
14.292929292929292,82.97979797979798,-66.06866826316313
14.292929292929292,83.18181818181819,-69.32836881014981
14.292929292929292,83.38383838383838,-64.00733260615867
14.292929292929292,83.58585858585859,-68.687495322055
14.292929292929292,83.78787878787878,-60.93432391810673
14.292929292929292,83.98989898989899,-64.04598230330913
14.292929292929292,84.1919191919192,-68.52339372097381
14.292929292929292,84.39393939393939,-66.81236081994454
14.292929292929292,84.5959595959596,-65.33233594830457
14.292929292929292,84.79797979797979,-65.26100749108701
14.292929292929292,85.0,-65.91029546861701
14.494949494949495,65.0,-60.44170891179695
14.494949494949495,65.20202020202021,-62.651056749533666
14.494949494949495,65.4040404040404,-63.59900638666794
14.494949494949495,65.60606060606061,-64.7092355760518
14.494949494949495,65.8080808080808,-64.53080592005617
14.494949494949495,66.01010101010101,-66.92098912175896
14.494949494949495,66.21212121212122,-69.1382850418412
14.494949494949495,66.41414141414141,-70.31951759026805
14.494949494949495,66.61616161616162,-76.83663814609132
14.494949494949495,66.81818181818181,-74.77567607436461
14.494949494949495,67.02020202020202,-76.48704211415041
14.494949494949495,67.22222222222223,-75.1149145489752
14.494949494949495,67.42424242424242,-81.97452321673325
14.494949494949495,67.62626262626263,-76.83158244683648
14.494949494949495,67.82828282828282,-80.28327166341751
14.494949494949495,68.03030303030303,-79.89343480149074
14.494949494949495,68.23232323232324,-77.49805058346989
14.494949494949495,68.43434343434343,-79.65211424881376
14.494949494949495,68.63636363636364,-79.80995754482619
14.494949494949495,68.83838383838383,-79.5842002891663
14.494949494949495,69.04040404040404,-80.65265761305824
14.494949494949495,69.24242424242425,-79.13134034409838
14.494949494949495,69.44444444444444,-79.90172283280887
14.494949494949495,69.64646464646465,-78.16457668386232
14.494949494949495,69.84848484848484,-82.02184061063645
14.494949494949495,70.05050505050505,-76.05263538204704
14.494949494949495,70.25252525252526,-76.55960553234648
14.494949494949495,70.45454545454545,-76.37489892930887
14.494949494949495,70.65656565656566,-74.94070666392717
14.494949494949495,70.85858585858585,-77.59528227529657
14.494949494949495,71.06060606060606,-70.29848965095098
14.494949494949495,71.26262626262626,-74.14193630434546
14.494949494949495,71.46464646464646,-73.73031800338813
14.494949494949495,71.66666666666667,-75.13120791080281
14.494949494949495,71.86868686868686,-72.83894015045666
14.494949494949495,72.07070707070707,-70.0878297805208
14.494949494949495,72.27272727272727,-70.9722850673949
14.494949494949495,72.47474747474747,-71.20817218964984
14.494949494949495,72.67676767676768,-72.10908350259466
14.494949494949495,72.87878787878788,-74.11117169099602
14.494949494949495,73.08080808080808,-77.01445225083002
14.494949494949495,73.28282828282828,-74.80973251195584
14.494949494949495,73.48484848484848,-76.06145490522067
14.494949494949495,73.68686868686869,-74.02947313814903
14.494949494949495,73.88888888888889,-76.21070739226334
14.494949494949495,74.0909090909091,-74.2961798128899
14.494949494949495,74.29292929292929,-75.96796886304682
14.494949494949495,74.4949494949495,-79.42356168775254
14.494949494949495,74.6969696969697,-82.27782906204865
14.494949494949495,74.8989898989899,-76.15816893104581
14.494949494949495,75.1010101010101,-76.3047115501478
14.494949494949495,75.3030303030303,-81.32709919036836
14.494949494949495,75.5050505050505,-75.40906220351778
14.494949494949495,75.70707070707071,-77.10876940752765
14.494949494949495,75.9090909090909,-76.6452013175973
14.494949494949495,76.11111111111111,-72.90204190170098
14.494949494949495,76.31313131313131,-72.65169436576171
14.494949494949495,76.51515151515152,-73.1482708047486
14.494949494949495,76.71717171717171,-72.61973324268298
14.494949494949495,76.91919191919192,-71.63714515048139
14.494949494949495,77.12121212121212,-72.89618703578222
14.494949494949495,77.32323232323232,-71.75622923759146
14.494949494949495,77.52525252525253,-72.68284204409102
14.494949494949495,77.72727272727272,-71.2278062689982
14.494949494949495,77.92929292929293,-70.83250527151267
14.494949494949495,78.13131313131314,-71.17356709197684
14.494949494949495,78.33333333333333,-69.36455501923427
14.494949494949495,78.53535353535354,-70.04910944370012
14.494949494949495,78.73737373737373,-68.2400626289057
14.494949494949495,78.93939393939394,-72.5567332347641
14.494949494949495,79.14141414141415,-69.53188203068171
14.494949494949495,79.34343434343434,-68.9621949529272
14.494949494949495,79.54545454545455,-69.75409258810622
14.494949494949495,79.74747474747474,-69.62696461186532
14.494949494949495,79.94949494949495,-72.3513329793197
14.494949494949495,80.15151515151516,-68.49436927845298
14.494949494949495,80.35353535353535,-67.94705236398619
14.494949494949495,80.55555555555556,-68.02637830428708
14.494949494949495,80.75757575757575,-66.84776872766365
14.494949494949495,80.95959595959596,-68.67391149292519
14.494949494949495,81.16161616161617,-67.94946486858204
14.494949494949495,81.36363636363636,-68.7093739371891
14.494949494949495,81.56565656565657,-67.75684299878063
14.494949494949495,81.76767676767676,-72.18908825279827
14.494949494949495,81.96969696969697,-70.715640086945
14.494949494949495,82.17171717171718,-65.90225510656411
14.494949494949495,82.37373737373737,-73.60468964470383
14.494949494949495,82.57575757575758,-69.27881047732595
14.494949494949495,82.77777777777777,-66.28245512394484
14.494949494949495,82.97979797979798,-68.76334251159518
14.494949494949495,83.18181818181819,-69.39471697440327
14.494949494949495,83.38383838383838,-68.12078438302082
14.494949494949495,83.58585858585859,-69.21286056269153
14.494949494949495,83.78787878787878,-68.49150003396832
14.494949494949495,83.98989898989899,-69.89320830801239
14.494949494949495,84.1919191919192,-66.1486751739259
14.494949494949495,84.39393939393939,-65.33292379093328
14.494949494949495,84.5959595959596,-68.31728774852775
14.494949494949495,84.79797979797979,-70.7478318190191
14.494949494949495,85.0,-69.17969982774282
14.696969696969697,65.0,-63.31646240038199
14.696969696969697,65.20202020202021,-62.5243355389496
14.696969696969697,65.4040404040404,-65.48313400593888
14.696969696969697,65.60606060606061,-66.3225192123673
14.696969696969697,65.8080808080808,-66.05131852437897
14.696969696969697,66.01010101010101,-67.06565279125319
14.696969696969697,66.21212121212122,-71.64538610324679
14.696969696969697,66.41414141414141,-74.63208069808499
14.696969696969697,66.61616161616162,-68.72297755289918
14.696969696969697,66.81818181818181,-74.92367412419875
14.696969696969697,67.02020202020202,-78.5682356524942
14.696969696969697,67.22222222222223,-77.72149734632714
14.696969696969697,67.42424242424242,-80.53841103316896
14.696969696969697,67.62626262626263,-79.44437303845224
14.696969696969697,67.82828282828282,-81.22154266825375
14.696969696969697,68.03030303030303,-81.86688196433879
14.696969696969697,68.23232323232324,-82.26898055620909
14.696969696969697,68.43434343434343,-84.79248514849412
14.696969696969697,68.63636363636364,-77.81571391056328
14.696969696969697,68.83838383838383,-83.07391519940322
14.696969696969697,69.04040404040404,-83.28464382086462
14.696969696969697,69.24242424242425,-80.67727427497101
14.696969696969697,69.44444444444444,-81.53129270100025
14.696969696969697,69.64646464646465,-79.54492857871699
14.696969696969697,69.84848484848484,-77.10457521007699
14.696969696969697,70.05050505050505,-75.93768786798923
14.696969696969697,70.25252525252526,-75.81458140412825
14.696969696969697,70.45454545454545,-77.48916380448614
14.696969696969697,70.65656565656566,-76.2358095114055
14.696969696969697,70.85858585858585,-74.92728437245853
14.696969696969697,71.06060606060606,-78.60678212424381
14.696969696969697,71.26262626262626,-73.89924887725195
14.696969696969697,71.46464646464646,-77.32889268775472
14.696969696969697,71.66666666666667,-70.21060516847834
14.696969696969697,71.86868686868686,-75.04899635512035
14.696969696969697,72.07070707070707,-74.32189904002053
14.696969696969697,72.27272727272727,-75.81087202477666
14.696969696969697,72.47474747474747,-75.60246245295237
14.696969696969697,72.67676767676768,-70.25087857897161
14.696969696969697,72.87878787878788,-73.4282157812048
14.696969696969697,73.08080808080808,-78.81244144686481
14.696969696969697,73.28282828282828,-73.37216653207619
14.696969696969697,73.48484848484848,-74.54902213897616
14.696969696969697,73.68686868686869,-78.27869398098771
14.696969696969697,73.88888888888889,-77.70232445383964
14.696969696969697,74.0909090909091,-79.2363993186294
14.696969696969697,74.29292929292929,-75.81541246084022
14.696969696969697,74.4949494949495,-81.82532755561286
14.696969696969697,74.6969696969697,-80.50378922109547
14.696969696969697,74.8989898989899,-81.87736329048502
14.696969696969697,75.1010101010101,-83.55485174546483
14.696969696969697,75.3030303030303,-76.12290251406199
14.696969696969697,75.5050505050505,-82.4500543939627
14.696969696969697,75.70707070707071,-79.23600642593745
14.696969696969697,75.9090909090909,-82.22457962970617
14.696969696969697,76.11111111111111,-78.7653318335283
14.696969696969697,76.31313131313131,-76.19074903201466
14.696969696969697,76.51515151515152,-78.01022172024612
14.696969696969697,76.71717171717171,-74.17587886435987
14.696969696969697,76.91919191919192,-75.00015680630793
14.696969696969697,77.12121212121212,-71.60536437435356
14.696969696969697,77.32323232323232,-70.38007452591916
14.696969696969697,77.52525252525253,-73.77264922728553
14.696969696969697,77.72727272727272,-71.97685567600972
14.696969696969697,77.92929292929293,-71.18154635059938
14.696969696969697,78.13131313131314,-70.36591668586695
14.696969696969697,78.33333333333333,-71.40731854304707
14.696969696969697,78.53535353535354,-70.63081281284767
14.696969696969697,78.73737373737373,-71.2990025099
14.696969696969697,78.93939393939394,-70.65447492873957
14.696969696969697,79.14141414141415,-68.4691103966246
14.696969696969697,79.34343434343434,-69.36157379506776
14.696969696969697,79.54545454545455,-69.49287499042154
14.696969696969697,79.74747474747474,-69.56086069123164
14.696969696969697,79.94949494949495,-71.27256180787423
14.696969696969697,80.15151515151516,-70.0417844177406
14.696969696969697,80.35353535353535,-72.9108811558004
14.696969696969697,80.55555555555556,-68.24053147480586
14.696969696969697,80.75757575757575,-76.30948423454669
14.696969696969697,80.95959595959596,-70.83042779790571
14.696969696969697,81.16161616161617,-68.37477915471091
14.696969696969697,81.36363636363636,-73.28699619549437
14.696969696969697,81.56565656565657,-69.9056345150462
14.696969696969697,81.76767676767676,-71.84727990273802
14.696969696969697,81.96969696969697,-71.25762652517321
14.696969696969697,82.17171717171718,-68.3488036469433
14.696969696969697,82.37373737373737,-69.9526567367062
14.696969696969697,82.57575757575758,-74.06508300465632
14.696969696969697,82.77777777777777,-72.12666776029955
14.696969696969697,82.97979797979798,-68.20773045225253
14.696969696969697,83.18181818181819,-69.19576229530253
14.696969696969697,83.38383838383838,-66.59276429413629
14.696969696969697,83.58585858585859,-66.90500087091921
14.696969696969697,83.78787878787878,-70.47015643984219
14.696969696969697,83.98989898989899,-64.6503160370055
14.696969696969697,84.1919191919192,-69.92300506507696
14.696969696969697,84.39393939393939,-71.74317328734281
14.696969696969697,84.5959595959596,-70.96524264143456
14.696969696969697,84.79797979797979,-73.97815313613378
14.696969696969697,85.0,-66.37288108822783
14.8989898989899,65.0,-61.77105066505011
14.8989898989899,65.20202020202021,-65.85967917214933
14.8989898989899,65.4040404040404,-65.46872345583442
14.8989898989899,65.60606060606061,-66.05384238601408
14.8989898989899,65.8080808080808,-69.28197330257782
14.8989898989899,66.01010101010101,-72.40098514146572
14.8989898989899,66.21212121212122,-72.01313934995656
14.8989898989899,66.41414141414141,-74.3157018334468
14.8989898989899,66.61616161616162,-76.26361437073872
14.8989898989899,66.81818181818181,-77.02520258559197
14.8989898989899,67.02020202020202,-76.58739822489824
14.8989898989899,67.22222222222223,-81.08748364970855
14.8989898989899,67.42424242424242,-81.24350618152279
14.8989898989899,67.62626262626263,-80.96134498253664
14.8989898989899,67.82828282828282,-81.75391171223474
14.8989898989899,68.03030303030303,-84.26646051963648
14.8989898989899,68.23232323232324,-83.16381253616557
14.8989898989899,68.43434343434343,-82.04871671179693
14.8989898989899,68.63636363636364,-85.1723151006362
14.8989898989899,68.83838383838383,-80.02753342340642
14.8989898989899,69.04040404040404,-79.13222048521025
14.8989898989899,69.24242424242425,-82.92127514456465
14.8989898989899,69.44444444444444,-80.54578041789176
14.8989898989899,69.64646464646465,-79.06957462868986
14.8989898989899,69.84848484848484,-80.96328378337819
14.8989898989899,70.05050505050505,-78.01288864322733
14.8989898989899,70.25252525252526,-78.21258150947477
14.8989898989899,70.45454545454545,-80.97386033113885
14.8989898989899,70.65656565656566,-76.36742777237266
14.8989898989899,70.85858585858585,-78.97494539690136
14.8989898989899,71.06060606060606,-74.7933244115792
14.8989898989899,71.26262626262626,-77.6600430372947
14.8989898989899,71.46464646464646,-76.04988834477655
14.8989898989899,71.66666666666667,-72.9045066044002
14.8989898989899,71.86868686868686,-74.40103576628054
14.8989898989899,72.07070707070707,-77.58920897053231
14.8989898989899,72.27272727272727,-77.4749360323502
14.8989898989899,72.47474747474747,-76.91262072526125
14.8989898989899,72.67676767676768,-75.19308744282583
14.8989898989899,72.87878787878788,-75.77012104421424
14.8989898989899,73.08080808080808,-78.70741894493247
14.8989898989899,73.28282828282828,-80.20683850997884
14.8989898989899,73.48484848484848,-77.87543964597073
14.8989898989899,73.68686868686869,-79.75983518076505
14.8989898989899,73.88888888888889,-75.88385593001703
14.8989898989899,74.0909090909091,-80.74862670353599
14.8989898989899,74.29292929292929,-77.69382081098469
14.8989898989899,74.4949494949495,-84.21900290452533
14.8989898989899,74.6969696969697,-85.53653097496264
14.8989898989899,74.8989898989899,-84.9152347607187
14.8989898989899,75.1010101010101,-80.06711894710465
14.8989898989899,75.3030303030303,-78.83576294424195
14.8989898989899,75.5050505050505,-83.41679263124699
14.8989898989899,75.70707070707071,-82.04471198374453
14.8989898989899,75.9090909090909,-82.64465381763736
14.8989898989899,76.11111111111111,-83.41418539796726
14.8989898989899,76.31313131313131,-77.21129028047721
14.8989898989899,76.51515151515152,-77.33107933750583
14.8989898989899,76.71717171717171,-76.83556005783456
14.8989898989899,76.91919191919192,-78.77735878773396
14.8989898989899,77.12121212121212,-72.16149067797434
14.8989898989899,77.32323232323232,-75.78853631071784
14.8989898989899,77.52525252525253,-72.88239494202567
14.8989898989899,77.72727272727272,-76.56872153591179
14.8989898989899,77.92929292929293,-73.52506746776392
14.8989898989899,78.13131313131314,-72.57175707239237
14.8989898989899,78.33333333333333,-72.10413082474685
14.8989898989899,78.53535353535354,-72.25457601327201
14.8989898989899,78.73737373737373,-71.48629315137488
14.8989898989899,78.93939393939394,-74.6931001878751
14.8989898989899,79.14141414141415,-72.08959408697741
14.8989898989899,79.34343434343434,-72.14970169389744
14.8989898989899,79.54545454545455,-72.07889916353581
14.8989898989899,79.74747474747474,-72.31744629714045
14.8989898989899,79.94949494949495,-74.82086449316955
14.8989898989899,80.15151515151516,-75.0372074637977
14.8989898989899,80.35353535353535,-76.67614266197835
14.8989898989899,80.55555555555556,-70.71604808075752
14.8989898989899,80.75757575757575,-70.86617031193462
14.8989898989899,80.95959595959596,-70.69081208163846
14.8989898989899,81.16161616161617,-71.45625868283679
14.8989898989899,81.36363636363636,-76.42509123051157
14.8989898989899,81.56565656565657,-74.01414635627255
14.8989898989899,81.76767676767676,-71.78894741485045
14.8989898989899,81.96969696969697,-71.66307505425051
14.8989898989899,82.17171717171718,-72.28636524628646
14.8989898989899,82.37373737373737,-71.09333337253169
14.8989898989899,82.57575757575758,-71.76173726965631
14.8989898989899,82.77777777777777,-71.56236848125754
14.8989898989899,82.97979797979798,-72.92981590418886
14.8989898989899,83.18181818181819,-69.68332205366902
14.8989898989899,83.38383838383838,-72.27804792669154
14.8989898989899,83.58585858585859,-73.86740207551024
14.8989898989899,83.78787878787878,-72.95037284811016
14.8989898989899,83.98989898989899,-71.9048458190776
14.8989898989899,84.1919191919192,-69.23758599904772
14.8989898989899,84.39393939393939,-71.35609724695156
14.8989898989899,84.5959595959596,-71.80920501263166
14.8989898989899,84.79797979797979,-73.66231640207677
14.8989898989899,85.0,-69.50888064791107
15.1010101010101,65.0,-66.01020458970886
15.1010101010101,65.20202020202021,-65.50892865729952
15.1010101010101,65.4040404040404,-63.87535793865813
15.1010101010101,65.60606060606061,-66.44209090454832
15.1010101010101,65.8080808080808,-71.47699925505123
15.1010101010101,66.01010101010101,-73.39945068519017
15.1010101010101,66.21212121212122,-72.83307657977242
15.1010101010101,66.41414141414141,-76.76318563856965
15.1010101010101,66.61616161616162,-75.61879501148076
15.1010101010101,66.81818181818181,-78.64980550210413
15.1010101010101,67.02020202020202,-79.94064875644037
15.1010101010101,67.22222222222223,-82.92397489817928
15.1010101010101,67.42424242424242,-79.65525231830335
15.1010101010101,67.62626262626263,-78.22602939400088
15.1010101010101,67.82828282828282,-84.74035705249405
15.1010101010101,68.03030303030303,-83.72971209273423
15.1010101010101,68.23232323232324,-84.3607404924934
15.1010101010101,68.43434343434343,-85.05263512155203
15.1010101010101,68.63636363636364,-85.61106171717286
15.1010101010101,68.83838383838383,-85.73245353910912
15.1010101010101,69.04040404040404,-85.67001029085672
15.1010101010101,69.24242424242425,-81.7751596207248
15.1010101010101,69.44444444444444,-83.18181598428103
15.1010101010101,69.64646464646465,-86.6990232293776
15.1010101010101,69.84848484848484,-80.05842812498261
15.1010101010101,70.05050505050505,-80.5575331048554
15.1010101010101,70.25252525252526,-77.24622872878888
15.1010101010101,70.45454545454545,-78.59746956254902
15.1010101010101,70.65656565656566,-81.61939182172333
15.1010101010101,70.85858585858585,-82.96362094509014
15.1010101010101,71.06060606060606,-78.90816804348248
15.1010101010101,71.26262626262626,-78.73614490398579
15.1010101010101,71.46464646464646,-75.36980491721161
15.1010101010101,71.66666666666667,-77.1867240910372
15.1010101010101,71.86868686868686,-74.42262208404362
15.1010101010101,72.07070707070707,-79.46599170930226
15.1010101010101,72.27272727272727,-74.92379381401844
15.1010101010101,72.47474747474747,-75.65018822198844
15.1010101010101,72.67676767676768,-81.27285434791344
15.1010101010101,72.87878787878788,-75.22393177350816
15.1010101010101,73.08080808080808,-78.30100706213157
15.1010101010101,73.28282828282828,-78.27720475103479
15.1010101010101,73.48484848484848,-81.43795808924666
15.1010101010101,73.68686868686869,-78.20430500593625
15.1010101010101,73.88888888888889,-83.78690019321613
15.1010101010101,74.0909090909091,-80.32246368865552
15.1010101010101,74.29292929292929,-81.23665328814936
15.1010101010101,74.4949494949495,-85.17143073138097
15.1010101010101,74.6969696969697,-79.85601197352514
15.1010101010101,74.8989898989899,-83.5395218690595
15.1010101010101,75.1010101010101,-82.5738409551505
15.1010101010101,75.3030303030303,-86.93850623024822
15.1010101010101,75.5050505050505,-79.05578051497646
15.1010101010101,75.70707070707071,-85.18947007372613
15.1010101010101,75.9090909090909,-79.90148831554589
15.1010101010101,76.11111111111111,-83.3284708342144
15.1010101010101,76.31313131313131,-81.26476248173984
15.1010101010101,76.51515151515152,-77.61126384517542
15.1010101010101,76.71717171717171,-76.16160584318902
15.1010101010101,76.91919191919192,-80.14993581980526
15.1010101010101,77.12121212121212,-74.62887422010193
15.1010101010101,77.32323232323232,-73.9784713880583
15.1010101010101,77.52525252525253,-77.6171505411077
15.1010101010101,77.72727272727272,-71.59304574416217
15.1010101010101,77.92929292929293,-77.70161342125385
15.1010101010101,78.13131313131314,-75.91275557716635
15.1010101010101,78.33333333333333,-73.26717255177054
15.1010101010101,78.53535353535354,-75.93535890630744
15.1010101010101,78.73737373737373,-73.63061923035285
15.1010101010101,78.93939393939394,-73.56772651695636
15.1010101010101,79.14141414141415,-74.62405959007356
15.1010101010101,79.34343434343434,-72.2831928653276
15.1010101010101,79.54545454545455,-74.71392433024285
15.1010101010101,79.74747474747474,-73.40312864811581
15.1010101010101,79.94949494949495,-71.5823904849776
15.1010101010101,80.15151515151516,-72.28549651486455
15.1010101010101,80.35353535353535,-72.45246275261194
15.1010101010101,80.55555555555556,-76.32767120721388
15.1010101010101,80.75757575757575,-72.98072318621537
15.1010101010101,80.95959595959596,-75.66733700576532
15.1010101010101,81.16161616161617,-76.4304788830233
15.1010101010101,81.36363636363636,-73.93978330146132
15.1010101010101,81.56565656565657,-75.51682749141143
15.1010101010101,81.76767676767676,-71.95354605833307
15.1010101010101,81.96969696969697,-71.73990980246342
15.1010101010101,82.17171717171718,-77.12049919966796
15.1010101010101,82.37373737373737,-75.00509802731285
15.1010101010101,82.57575757575758,-76.21282873683697
15.1010101010101,82.77777777777777,-74.22474336324046
15.1010101010101,82.97979797979798,-72.23256346670146
15.1010101010101,83.18181818181819,-73.56729009732011
15.1010101010101,83.38383838383838,-74.09460945194132
15.1010101010101,83.58585858585859,-70.16074832472289
15.1010101010101,83.78787878787878,-77.70365534678712
15.1010101010101,83.98989898989899,-70.10558475854303
15.1010101010101,84.1919191919192,-73.73455957110448
15.1010101010101,84.39393939393939,-72.89239737421416
15.1010101010101,84.5959595959596,-73.66766902459415
15.1010101010101,84.79797979797979,-69.31025385128669
15.1010101010101,85.0,-74.9186573651906
15.303030303030303,65.0,-65.9166780736446
15.303030303030303,65.20202020202021,-65.61491555792098
15.303030303030303,65.4040404040404,-69.38315591772563
15.303030303030303,65.60606060606061,-69.7139151869367
15.303030303030303,65.8080808080808,-70.24976306000234
15.303030303030303,66.01010101010101,-73.28876212424404
15.303030303030303,66.21212121212122,-75.26449275580603
15.303030303030303,66.41414141414141,-76.48945639786041
15.303030303030303,66.61616161616162,-77.02123203891995
15.303030303030303,66.81818181818181,-80.4171395432298
15.303030303030303,67.02020202020202,-79.52465913409948
15.303030303030303,67.22222222222223,-84.91010123113773
15.303030303030303,67.42424242424242,-86.4125843874147
15.303030303030303,67.62626262626263,-81.28232320617946
15.303030303030303,67.82828282828282,-86.95383259046407
15.303030303030303,68.03030303030303,-88.2713292926401
15.303030303030303,68.23232323232324,-89.13893636728946
15.303030303030303,68.43434343434343,-83.62960908736159
15.303030303030303,68.63636363636364,-86.05403315395938
15.303030303030303,68.83838383838383,-85.47018315700083
15.303030303030303,69.04040404040404,-85.0022414781137
15.303030303030303,69.24242424242425,-82.04611702731519
15.303030303030303,69.44444444444444,-83.91196350666262
15.303030303030303,69.64646464646465,-77.9782860722779
15.303030303030303,69.84848484848484,-81.90096037661408
15.303030303030303,70.05050505050505,-79.51430426877577
15.303030303030303,70.25252525252526,-79.55700081855773
15.303030303030303,70.45454545454545,-80.54694871773289
15.303030303030303,70.65656565656566,-81.131935444235
15.303030303030303,70.85858585858585,-78.58447707491601
15.303030303030303,71.06060606060606,-77.89645131645976
15.303030303030303,71.26262626262626,-79.91012166509685
15.303030303030303,71.46464646464646,-77.9758583451513
15.303030303030303,71.66666666666667,-75.82319803568329
15.303030303030303,71.86868686868686,-73.88617982652023
15.303030303030303,72.07070707070707,-76.46310689752552
15.303030303030303,72.27272727272727,-74.56941351677429
15.303030303030303,72.47474747474747,-79.46952350165006
15.303030303030303,72.67676767676768,-77.18318862551924
15.303030303030303,72.87878787878788,-76.36219538720941
15.303030303030303,73.08080808080808,-81.41621902439817
15.303030303030303,73.28282828282828,-81.37088816809123
15.303030303030303,73.48484848484848,-77.44309135864508
15.303030303030303,73.68686868686869,-83.89952961511469
15.303030303030303,73.88888888888889,-85.21313752917051
15.303030303030303,74.0909090909091,-80.57053671400229
15.303030303030303,74.29292929292929,-81.65313550928602
15.303030303030303,74.4949494949495,-83.74608984490277
15.303030303030303,74.6969696969697,-85.0040765352115
15.303030303030303,74.8989898989899,-86.0980872381558
15.303030303030303,75.1010101010101,-84.58262613144001
15.303030303030303,75.3030303030303,-81.68843743100645
15.303030303030303,75.5050505050505,-83.93629178121422
15.303030303030303,75.70707070707071,-79.76088583884639
15.303030303030303,75.9090909090909,-85.0995384446385
15.303030303030303,76.11111111111111,-82.50187618316824
15.303030303030303,76.31313131313131,-82.18314968147125
15.303030303030303,76.51515151515152,-82.85200571172788
15.303030303030303,76.71717171717171,-80.10834443062383
15.303030303030303,76.91919191919192,-77.95198632052524
15.303030303030303,77.12121212121212,-77.1572578025999
15.303030303030303,77.32323232323232,-73.34642391332751
15.303030303030303,77.52525252525253,-76.31393754232694
15.303030303030303,77.72727272727272,-74.51964750614195
15.303030303030303,77.92929292929293,-76.17217316927652
15.303030303030303,78.13131313131314,-72.92997423894643
15.303030303030303,78.33333333333333,-71.07938818110962
15.303030303030303,78.53535353535354,-74.64153106351009
15.303030303030303,78.73737373737373,-77.8409919048643
15.303030303030303,78.93939393939394,-76.68278264351684
15.303030303030303,79.14141414141415,-75.14362365509312
15.303030303030303,79.34343434343434,-74.8106264175225
15.303030303030303,79.54545454545455,-74.3525107135195
15.303030303030303,79.74747474747474,-74.84871819830472
15.303030303030303,79.94949494949495,-75.46682141099082
15.303030303030303,80.15151515151516,-76.80237682638638
15.303030303030303,80.35353535353535,-74.93019228413853
15.303030303030303,80.55555555555556,-71.77753520732058
15.303030303030303,80.75757575757575,-73.45932349984398
15.303030303030303,80.95959595959596,-74.45904130624712
15.303030303030303,81.16161616161617,-73.49667069481114
15.303030303030303,81.36363636363636,-76.27734556340985
15.303030303030303,81.56565656565657,-76.42463766667555
15.303030303030303,81.76767676767676,-76.59643761493352
15.303030303030303,81.96969696969697,-75.414969234922
15.303030303030303,82.17171717171718,-75.82461953682659
15.303030303030303,82.37373737373737,-72.3016101992053
15.303030303030303,82.57575757575758,-76.02221924857788
15.303030303030303,82.77777777777777,-76.36485593750712
15.303030303030303,82.97979797979798,-70.83604572329921
15.303030303030303,83.18181818181819,-75.5649702473005
15.303030303030303,83.38383838383838,-74.04484275763804
15.303030303030303,83.58585858585859,-73.58223077306917
15.303030303030303,83.78787878787878,-76.63364068297606
15.303030303030303,83.98989898989899,-71.86297782086042
15.303030303030303,84.1919191919192,-72.88853912579404
15.303030303030303,84.39393939393939,-71.08354806524308
15.303030303030303,84.5959595959596,-75.52074813020609
15.303030303030303,84.79797979797979,-73.91002780329433
15.303030303030303,85.0,-73.9437667449687
15.505050505050505,65.0,-66.59112330596884
15.505050505050505,65.20202020202021,-69.27898753229546
15.505050505050505,65.4040404040404,-67.87675381109817
15.505050505050505,65.60606060606061,-71.32525142536143
15.505050505050505,65.8080808080808,-70.38333890621351
15.505050505050505,66.01010101010101,-76.11425585172843
15.505050505050505,66.21212121212122,-77.80945451158517
15.505050505050505,66.41414141414141,-75.71048888873442
15.505050505050505,66.61616161616162,-80.13948911851678
15.505050505050505,66.81818181818181,-82.88131415199761
15.505050505050505,67.02020202020202,-80.68299842152301
15.505050505050505,67.22222222222223,-83.87412495897887
15.505050505050505,67.42424242424242,-83.94282948362192
15.505050505050505,67.62626262626263,-86.82249006544949
15.505050505050505,67.82828282828282,-81.89228918862484
15.505050505050505,68.03030303030303,-88.3767984947084
15.505050505050505,68.23232323232324,-83.937714683043
15.505050505050505,68.43434343434343,-87.4702611262762
15.505050505050505,68.63636363636364,-90.25345381789622
15.505050505050505,68.83838383838383,-85.5752622103106
15.505050505050505,69.04040404040404,-85.1259847814577
15.505050505050505,69.24242424242425,-87.49108688826094
15.505050505050505,69.44444444444444,-86.6093178073334
15.505050505050505,69.64646464646465,-84.11429420135316
15.505050505050505,69.84848484848484,-83.02855633555777
15.505050505050505,70.05050505050505,-87.77495098015471
15.505050505050505,70.25252525252526,-80.14578607171974
15.505050505050505,70.45454545454545,-82.66037693468911
15.505050505050505,70.65656565656566,-83.88214698170067
15.505050505050505,70.85858585858585,-78.80635706457191
15.505050505050505,71.06060606060606,-80.27821451611857
15.505050505050505,71.26262626262626,-77.69939217945918
15.505050505050505,71.46464646464646,-78.79528747855886
15.505050505050505,71.66666666666667,-79.5439023005983
15.505050505050505,71.86868686868686,-79.60694629475968
15.505050505050505,72.07070707070707,-78.44729846183968
15.505050505050505,72.27272727272727,-80.0650164029049
15.505050505050505,72.47474747474747,-81.18729686983913
15.505050505050505,72.67676767676768,-78.65980559022883
15.505050505050505,72.87878787878788,-80.66027510337932
15.505050505050505,73.08080808080808,-80.98734975867576
15.505050505050505,73.28282828282828,-79.29439716868508
15.505050505050505,73.48484848484848,-82.45273968440135
15.505050505050505,73.68686868686869,-82.83777137374874
15.505050505050505,73.88888888888889,-84.82667087277504
15.505050505050505,74.0909090909091,-83.54858469168711
15.505050505050505,74.29292929292929,-84.37363452912989
15.505050505050505,74.4949494949495,-83.75609914309581
15.505050505050505,74.6969696969697,-87.07015688133058
15.505050505050505,74.8989898989899,-87.03718529879505
15.505050505050505,75.1010101010101,-84.54715118902908
15.505050505050505,75.3030303030303,-85.34264221616075
15.505050505050505,75.5050505050505,-87.47800713820615
15.505050505050505,75.70707070707071,-82.47576600335488
15.505050505050505,75.9090909090909,-87.93038206884982
15.505050505050505,76.11111111111111,-82.2028750852414
15.505050505050505,76.31313131313131,-85.43491056761934
15.505050505050505,76.51515151515152,-78.20488849115421
15.505050505050505,76.71717171717171,-84.07015947410167
15.505050505050505,76.91919191919192,-78.13159756832631
15.505050505050505,77.12121212121212,-79.8484546314327
15.505050505050505,77.32323232323232,-79.82449928580229
15.505050505050505,77.52525252525253,-78.33478799456111
15.505050505050505,77.72727272727272,-77.03459112633362
15.505050505050505,77.92929292929293,-79.68656993841233
15.505050505050505,78.13131313131314,-79.37455531858795
15.505050505050505,78.33333333333333,-76.26455026689858
15.505050505050505,78.53535353535354,-80.76401028816585
15.505050505050505,78.73737373737373,-78.38317666283378
15.505050505050505,78.93939393939394,-71.31341165569651
15.505050505050505,79.14141414141415,-79.32578448904397
15.505050505050505,79.34343434343434,-75.05090923035482
15.505050505050505,79.54545454545455,-78.47832550785598
15.505050505050505,79.74747474747474,-76.4322162782503
15.505050505050505,79.94949494949495,-76.10659193838035
15.505050505050505,80.15151515151516,-75.10920025464692
15.505050505050505,80.35353535353535,-77.68825649972246
15.505050505050505,80.55555555555556,-73.22572395262435
15.505050505050505,80.75757575757575,-78.39877354281892
15.505050505050505,80.95959595959596,-76.68439984947078
15.505050505050505,81.16161616161617,-76.34395309583674
15.505050505050505,81.36363636363636,-79.26427789351291
15.505050505050505,81.56565656565657,-77.3776370250374
15.505050505050505,81.76767676767676,-76.46611330493421
15.505050505050505,81.96969696969697,-77.58389485598039
15.505050505050505,82.17171717171718,-71.6548074187386
15.505050505050505,82.37373737373737,-78.26581124977974
15.505050505050505,82.57575757575758,-74.38867525586392
15.505050505050505,82.77777777777777,-74.72245051610187
15.505050505050505,82.97979797979798,-76.27408298256712
15.505050505050505,83.18181818181819,-77.73680437194609
15.505050505050505,83.38383838383838,-77.45268644896937
15.505050505050505,83.58585858585859,-76.79111563468601
15.505050505050505,83.78787878787878,-79.41271365092538
15.505050505050505,83.98989898989899,-77.86298705184754
15.505050505050505,84.1919191919192,-78.41615278368195
15.505050505050505,84.39393939393939,-73.13309583131543
15.505050505050505,84.5959595959596,-74.2541910433798
15.505050505050505,84.79797979797979,-73.81548963233735
15.505050505050505,85.0,-74.28892140660818
15.707070707070708,65.0,-67.77113734040341
15.707070707070708,65.20202020202021,-66.14855975694903
15.707070707070708,65.4040404040404,-69.90233297832755
15.707070707070708,65.60606060606061,-70.23705220137042
15.707070707070708,65.8080808080808,-70.8790487702341
15.707070707070708,66.01010101010101,-75.92519855882335
15.707070707070708,66.21212121212122,-71.21459387447463
15.707070707070708,66.41414141414141,-78.1679016246999
15.707070707070708,66.61616161616162,-80.2003142640606
15.707070707070708,66.81818181818181,-80.24724339904485
15.707070707070708,67.02020202020202,-82.60273880390427
15.707070707070708,67.22222222222223,-85.77504330136816
15.707070707070708,67.42424242424242,-86.80556561994516
15.707070707070708,67.62626262626263,-90.96764279298614
15.707070707070708,67.82828282828282,-89.73168602048425
15.707070707070708,68.03030303030303,-88.06798206617184
15.707070707070708,68.23232323232324,-88.04615398110701
15.707070707070708,68.43434343434343,-86.50299164865461
15.707070707070708,68.63636363636364,-88.75845578746431
15.707070707070708,68.83838383838383,-90.8786343835404
15.707070707070708,69.04040404040404,-85.23131295049754
15.707070707070708,69.24242424242425,-83.93123568411905
15.707070707070708,69.44444444444444,-84.49009203802055
15.707070707070708,69.64646464646465,-85.71180652777451
15.707070707070708,69.84848484848484,-82.87928060627527
15.707070707070708,70.05050505050505,-77.42063381572636
15.707070707070708,70.25252525252526,-83.25496566646842
15.707070707070708,70.45454545454545,-85.5958558460759
15.707070707070708,70.65656565656566,-83.85636765400344
15.707070707070708,70.85858585858585,-80.66216726162364
15.707070707070708,71.06060606060606,-84.75939167363337
15.707070707070708,71.26262626262626,-80.9988110266697
15.707070707070708,71.46464646464646,-80.0702023389326
15.707070707070708,71.66666666666667,-77.563397237905
15.707070707070708,71.86868686868686,-77.86007638681404
15.707070707070708,72.07070707070707,-78.72811462240414
15.707070707070708,72.27272727272727,-84.71205908265422
15.707070707070708,72.47474747474747,-79.01820042674464
15.707070707070708,72.67676767676768,-79.75810518474667
15.707070707070708,72.87878787878788,-80.97754184723534
15.707070707070708,73.08080808080808,-85.38568857028002
15.707070707070708,73.28282828282828,-84.12461900877076
15.707070707070708,73.48484848484848,-85.48424543787203
15.707070707070708,73.68686868686869,-88.00158638068096
15.707070707070708,73.88888888888889,-84.67421129424096
15.707070707070708,74.0909090909091,-87.09058264010405
15.707070707070708,74.29292929292929,-80.74677312344312
15.707070707070708,74.4949494949495,-86.89897260093556
15.707070707070708,74.6969696969697,-84.26556967475697
15.707070707070708,74.8989898989899,-90.08777942002752
15.707070707070708,75.1010101010101,-88.38134640594267
15.707070707070708,75.3030303030303,-86.74261239129152
15.707070707070708,75.5050505050505,-88.418681841144
15.707070707070708,75.70707070707071,-86.95796687462646
15.707070707070708,75.9090909090909,-85.75918908739988
15.707070707070708,76.11111111111111,-85.12581581675173
15.707070707070708,76.31313131313131,-80.57172045460399
15.707070707070708,76.51515151515152,-82.36162908582115
15.707070707070708,76.71717171717171,-81.74444202032171
15.707070707070708,76.91919191919192,-80.59178223557795
15.707070707070708,77.12121212121212,-80.03770597176985
15.707070707070708,77.32323232323232,-80.67989808744963
15.707070707070708,77.52525252525253,-80.91271867574392
15.707070707070708,77.72727272727272,-79.33468551081823
15.707070707070708,77.92929292929293,-77.13979571067415
15.707070707070708,78.13131313131314,-76.95139632731419
15.707070707070708,78.33333333333333,-79.65543599225158
15.707070707070708,78.53535353535354,-77.42747724761679
15.707070707070708,78.73737373737373,-79.19979088120631
15.707070707070708,78.93939393939394,-78.97985098924264
15.707070707070708,79.14141414141415,-80.15024517545706
15.707070707070708,79.34343434343434,-79.3522749324711
15.707070707070708,79.54545454545455,-76.2263204989325
15.707070707070708,79.74747474747474,-78.91426795542735
15.707070707070708,79.94949494949495,-78.92361444911064
15.707070707070708,80.15151515151516,-81.60539907124021
15.707070707070708,80.35353535353535,-79.43344540543717
15.707070707070708,80.55555555555556,-79.62151842366936
15.707070707070708,80.75757575757575,-80.51430554703383
15.707070707070708,80.95959595959596,-78.61816015762327
15.707070707070708,81.16161616161617,-79.52707311950468
15.707070707070708,81.36363636363636,-78.47271613736272
15.707070707070708,81.56565656565657,-78.4412294693687
15.707070707070708,81.76767676767676,-80.24118842738356
15.707070707070708,81.96969696969697,-79.08840466476403
15.707070707070708,82.17171717171718,-77.98501719845106
15.707070707070708,82.37373737373737,-75.92628502782719
15.707070707070708,82.57575757575758,-77.4131100286425
15.707070707070708,82.77777777777777,-79.16352661354411
15.707070707070708,82.97979797979798,-77.14026238320625
15.707070707070708,83.18181818181819,-74.23572371155069
15.707070707070708,83.38383838383838,-75.601746985083
15.707070707070708,83.58585858585859,-76.36649264693725
15.707070707070708,83.78787878787878,-75.88746396159945
15.707070707070708,83.98989898989899,-74.24675251322832
15.707070707070708,84.1919191919192,-74.96327952715319
15.707070707070708,84.39393939393939,-75.85233637659046
15.707070707070708,84.5959595959596,-74.85300088909409
15.707070707070708,84.79797979797979,-79.04789862158032
15.707070707070708,85.0,-79.99486111217723
15.909090909090908,65.0,-68.79739740638206
15.909090909090908,65.20202020202021,-69.07613391099524
15.909090909090908,65.4040404040404,-70.6780940287991
15.909090909090908,65.60606060606061,-70.20259385415004
15.909090909090908,65.8080808080808,-75.87058636091305
15.909090909090908,66.01010101010101,-75.85458113148752
15.909090909090908,66.21212121212122,-78.1243754196976
15.909090909090908,66.41414141414141,-82.13566255699993
15.909090909090908,66.61616161616162,-79.12583564863574
15.909090909090908,66.81818181818181,-86.33370941522395
15.909090909090908,67.02020202020202,-86.87391856394062
15.909090909090908,67.22222222222223,-85.61606296486023
15.909090909090908,67.42424242424242,-87.55451389223121
15.909090909090908,67.62626262626263,-92.01670807345432
15.909090909090908,67.82828282828282,-89.10834839049896
15.909090909090908,68.03030303030303,-90.45542799545622
15.909090909090908,68.23232323232324,-86.46734650134286
15.909090909090908,68.43434343434343,-90.10267672614272
15.909090909090908,68.63636363636364,-90.59020862253098
15.909090909090908,68.83838383838383,-91.55798092509114
15.909090909090908,69.04040404040404,-90.56108395678727
15.909090909090908,69.24242424242425,-90.0217574968025
15.909090909090908,69.44444444444444,-85.15593437127623
15.909090909090908,69.64646464646465,-86.96794740547953
15.909090909090908,69.84848484848484,-85.02464233261988
15.909090909090908,70.05050505050505,-82.5997206659668
15.909090909090908,70.25252525252526,-89.47508204065296
15.909090909090908,70.45454545454545,-81.740296876781
15.909090909090908,70.65656565656566,-83.8356691239286
15.909090909090908,70.85858585858585,-82.55999447740916
15.909090909090908,71.06060606060606,-84.56165283821746
15.909090909090908,71.26262626262626,-84.13857472249845
15.909090909090908,71.46464646464646,-81.1860582992803
15.909090909090908,71.66666666666667,-77.1445168586161
15.909090909090908,71.86868686868686,-79.95515005037966
15.909090909090908,72.07070707070707,-79.13014584024788
15.909090909090908,72.27272727272727,-82.05776782357097
15.909090909090908,72.47474747474747,-83.25958574619254
15.909090909090908,72.67676767676768,-83.78802728486166
15.909090909090908,72.87878787878788,-83.76980300644055
15.909090909090908,73.08080808080808,-87.16968362807188
15.909090909090908,73.28282828282828,-85.1595672273315
15.909090909090908,73.48484848484848,-85.40527189273774
15.909090909090908,73.68686868686869,-85.30795821819619
15.909090909090908,73.88888888888889,-85.33789015405581
15.909090909090908,74.0909090909091,-85.47139189684687
15.909090909090908,74.29292929292929,-86.78761425900903
15.909090909090908,74.4949494949495,-88.41497034033543
15.909090909090908,74.6969696969697,-91.50814454001221
15.909090909090908,74.8989898989899,-88.87698311036493
15.909090909090908,75.1010101010101,-89.50390705174429
15.909090909090908,75.3030303030303,-86.6039715338162
15.909090909090908,75.5050505050505,-85.30421078166621
15.909090909090908,75.70707070707071,-85.08189470910749
15.909090909090908,75.9090909090909,-84.76842082690604
15.909090909090908,76.11111111111111,-85.94708159261342
15.909090909090908,76.31313131313131,-86.0563354041858
15.909090909090908,76.51515151515152,-85.8629294797442
15.909090909090908,76.71717171717171,-86.8541706481635
15.909090909090908,76.91919191919192,-81.21775886784347
15.909090909090908,77.12121212121212,-82.72600617472297
15.909090909090908,77.32323232323232,-84.37746849858503
15.909090909090908,77.52525252525253,-83.0742614307278
15.909090909090908,77.72727272727272,-83.0384488153046
15.909090909090908,77.92929292929293,-80.809662912237
15.909090909090908,78.13131313131314,-78.6515948093329
15.909090909090908,78.33333333333333,-81.41253126187793
15.909090909090908,78.53535353535354,-85.32079941008033
15.909090909090908,78.73737373737373,-81.00003513858489
15.909090909090908,78.93939393939394,-80.79304228526237
15.909090909090908,79.14141414141415,-80.93625542917925
15.909090909090908,79.34343434343434,-81.8996857906184
15.909090909090908,79.54545454545455,-80.21694576452748
15.909090909090908,79.74747474747474,-80.39361325989519
15.909090909090908,79.94949494949495,-80.89760490319871
15.909090909090908,80.15151515151516,-79.80894996933901
15.909090909090908,80.35353535353535,-81.60238535086421
15.909090909090908,80.55555555555556,-81.53797642387941
15.909090909090908,80.75757575757575,-77.63755591455723
15.909090909090908,80.95959595959596,-79.14144218771628
15.909090909090908,81.16161616161617,-78.94519905734197
15.909090909090908,81.36363636363636,-77.8156988788292
15.909090909090908,81.56565656565657,-79.24932762221613
15.909090909090908,81.76767676767676,-78.28021961159288
15.909090909090908,81.96969696969697,-83.13924026684944
15.909090909090908,82.17171717171718,-79.3825183879103
15.909090909090908,82.37373737373737,-80.03462669461479
15.909090909090908,82.57575757575758,-76.27444056606373
15.909090909090908,82.77777777777777,-77.6477479786149
15.909090909090908,82.97979797979798,-80.51021496883695
15.909090909090908,83.18181818181819,-78.40260878024777
15.909090909090908,83.38383838383838,-78.72301995018124
15.909090909090908,83.58585858585859,-78.19160926465533
15.909090909090908,83.78787878787878,-80.96153069116612
15.909090909090908,83.98989898989899,-78.04161239572203
15.909090909090908,84.1919191919192,-79.0024945173218
15.909090909090908,84.39393939393939,-78.07014544933901
15.909090909090908,84.5959595959596,-80.06900967659202
15.909090909090908,84.79797979797979,-79.52900211079724
15.909090909090908,85.0,-75.97111253299661
16.11111111111111,65.0,-71.49319735952027
16.11111111111111,65.20202020202021,-71.66721185012842
16.11111111111111,65.4040404040404,-71.06880962327219
16.11111111111111,65.60606060606061,-73.35222120353869
16.11111111111111,65.8080808080808,-75.42757851732534
16.11111111111111,66.01010101010101,-76.05488885907569
16.11111111111111,66.21212121212122,-80.70734162336784
16.11111111111111,66.41414141414141,-82.65703826634382
16.11111111111111,66.61616161616162,-79.54008978719385
16.11111111111111,66.81818181818181,-84.68963725810565
16.11111111111111,67.02020202020202,-89.04144076165527
16.11111111111111,67.22222222222223,-88.63914105339579
16.11111111111111,67.42424242424242,-90.03655222382466
16.11111111111111,67.62626262626263,-90.26371863495781
16.11111111111111,67.82828282828282,-92.85843482021646
16.11111111111111,68.03030303030303,-91.35974643632042
16.11111111111111,68.23232323232324,-97.39865346428309
16.11111111111111,68.43434343434343,-95.17140547432668
16.11111111111111,68.63636363636364,-92.24613738551605
16.11111111111111,68.83838383838383,-90.78117107576384
16.11111111111111,69.04040404040404,-92.71796365669923
16.11111111111111,69.24242424242425,-89.53142491140584
16.11111111111111,69.44444444444444,-90.49213593492189
16.11111111111111,69.64646464646465,-88.95429027122597
16.11111111111111,69.84848484848484,-85.67652981455818
16.11111111111111,70.05050505050505,-85.09515868905142
16.11111111111111,70.25252525252526,-88.37193069165981
16.11111111111111,70.45454545454545,-87.8586726222344
16.11111111111111,70.65656565656566,-85.90647075066202
16.11111111111111,70.85858585858585,-84.54787732155768
16.11111111111111,71.06060606060606,-85.74587140197703
16.11111111111111,71.26262626262626,-81.98846099069448
16.11111111111111,71.46464646464646,-83.17376310366217
16.11111111111111,71.66666666666667,-82.82667883838465
16.11111111111111,71.86868686868686,-85.64182708192851
16.11111111111111,72.07070707070707,-80.7345349901862
16.11111111111111,72.27272727272727,-88.57211754198148
16.11111111111111,72.47474747474747,-81.34823452084507
16.11111111111111,72.67676767676768,-81.6425423841727
16.11111111111111,72.87878787878788,-84.46666597020776
16.11111111111111,73.08080808080808,-81.5158358467447
16.11111111111111,73.28282828282828,-84.38863638472874
16.11111111111111,73.48484848484848,-84.81844919177709
16.11111111111111,73.68686868686869,-84.94681041301016
16.11111111111111,73.88888888888889,-79.93874097078688
16.11111111111111,74.0909090909091,-84.25199007539122
16.11111111111111,74.29292929292929,-86.12337240367351
16.11111111111111,74.4949494949495,-89.6056143798498
16.11111111111111,74.6969696969697,-87.9269842043686
16.11111111111111,74.8989898989899,-89.78915711869593
16.11111111111111,75.1010101010101,-86.55497551800012
16.11111111111111,75.3030303030303,-87.93877276278505
16.11111111111111,75.5050505050505,-89.9622337116544
16.11111111111111,75.70707070707071,-87.1783616431721
16.11111111111111,75.9090909090909,-88.92328854896073
16.11111111111111,76.11111111111111,-86.17029940146529
16.11111111111111,76.31313131313131,-87.72638361514468
16.11111111111111,76.51515151515152,-85.24396445770914
16.11111111111111,76.71717171717171,-83.2116635874418
16.11111111111111,76.91919191919192,-84.45486172088614
16.11111111111111,77.12121212121212,-84.59471087225836
16.11111111111111,77.32323232323232,-82.80232482047496
16.11111111111111,77.52525252525253,-81.3434462903852
16.11111111111111,77.72727272727272,-85.03471558599679
16.11111111111111,77.92929292929293,-82.09360891517687
16.11111111111111,78.13131313131314,-79.73536269557594
16.11111111111111,78.33333333333333,-81.27932363245986
16.11111111111111,78.53535353535354,-82.00561340189114
16.11111111111111,78.73737373737373,-81.22913069732218
16.11111111111111,78.93939393939394,-81.33414074995592
16.11111111111111,79.14141414141415,-80.7616806638488
16.11111111111111,79.34343434343434,-86.62034296211402
16.11111111111111,79.54545454545455,-85.51996488219064
16.11111111111111,79.74747474747474,-80.2433072399216
16.11111111111111,79.94949494949495,-85.43693800631229
16.11111111111111,80.15151515151516,-81.43792480044665
16.11111111111111,80.35353535353535,-82.99326198743071
16.11111111111111,80.55555555555556,-84.14389296427751
16.11111111111111,80.75757575757575,-81.33630693770361
16.11111111111111,80.95959595959596,-81.7426403894338
16.11111111111111,81.16161616161617,-77.85606904514331
16.11111111111111,81.36363636363636,-83.27638621607475
16.11111111111111,81.56565656565657,-79.01294349158243
16.11111111111111,81.76767676767676,-81.22025880675942
16.11111111111111,81.96969696969697,-83.09274086395503
16.11111111111111,82.17171717171718,-79.98286620001976
16.11111111111111,82.37373737373737,-80.44018565694378
16.11111111111111,82.57575757575758,-80.9923243398156
16.11111111111111,82.77777777777777,-80.60322166899167
16.11111111111111,82.97979797979798,-82.1590482369326
16.11111111111111,83.18181818181819,-82.21030278941856
16.11111111111111,83.38383838383838,-78.92956034746057
16.11111111111111,83.58585858585859,-80.95263952377191
16.11111111111111,83.78787878787878,-80.7445120486951
16.11111111111111,83.98989898989899,-79.6433220525809
16.11111111111111,84.1919191919192,-79.50929408495789
16.11111111111111,84.39393939393939,-83.13596157899403
16.11111111111111,84.5959595959596,-77.00690869312774
16.11111111111111,84.79797979797979,-79.53077629928497
16.11111111111111,85.0,-80.20254399435343
16.313131313131315,65.0,-70.24064835212981
16.313131313131315,65.20202020202021,-70.93502868127091
16.313131313131315,65.4040404040404,-70.89968891822522
16.313131313131315,65.60606060606061,-72.57325578680147
16.313131313131315,65.8080808080808,-74.12035506126963
16.313131313131315,66.01010101010101,-75.40606695266911
16.313131313131315,66.21212121212122,-78.28867505142567
16.313131313131315,66.41414141414141,-82.43471397558105
16.313131313131315,66.61616161616162,-86.5997687608768
16.313131313131315,66.81818181818181,-84.31186437914863
16.313131313131315,67.02020202020202,-89.85831012926975
16.313131313131315,67.22222222222223,-92.50249410014868
16.313131313131315,67.42424242424242,-96.65139073274788
16.313131313131315,67.62626262626263,-94.00150154529808
16.313131313131315,67.82828282828282,-95.4406872145217
16.313131313131315,68.03030303030303,-99.28111270509503
16.313131313131315,68.23232323232324,-95.2648711083969
16.313131313131315,68.43434343434343,-96.77179934891178
16.313131313131315,68.63636363636364,-89.81876478042716
16.313131313131315,68.83838383838383,-95.0236031239324
16.313131313131315,69.04040404040404,-93.98108965112186
16.313131313131315,69.24242424242425,-93.70307382833734
16.313131313131315,69.44444444444444,-88.12605227508452
16.313131313131315,69.64646464646465,-90.63443640364756
16.313131313131315,69.84848484848484,-90.70153699088642
16.313131313131315,70.05050505050505,-87.0803344880432
16.313131313131315,70.25252525252526,-90.4004588309623
16.313131313131315,70.45454545454545,-85.91903099715454
16.313131313131315,70.65656565656566,-83.12917581499174
16.313131313131315,70.85858585858585,-84.89122013516855
16.313131313131315,71.06060606060606,-84.26894086080014
16.313131313131315,71.26262626262626,-83.40478192307953
16.313131313131315,71.46464646464646,-81.43678435356757
16.313131313131315,71.66666666666667,-82.36883401969403
16.313131313131315,71.86868686868686,-83.6075603644318
16.313131313131315,72.07070707070707,-82.58806012359882
16.313131313131315,72.27272727272727,-86.19678608550727
16.313131313131315,72.47474747474747,-82.64633852865454
16.313131313131315,72.67676767676768,-86.42612043022726
16.313131313131315,72.87878787878788,-85.56564644397913
16.313131313131315,73.08080808080808,-91.2498744724007
16.313131313131315,73.28282828282828,-84.90762271598886
16.313131313131315,73.48484848484848,-87.19842214285354
16.313131313131315,73.68686868686869,-84.21638345692415
16.313131313131315,73.88888888888889,-86.42774348454614
16.313131313131315,74.0909090909091,-85.25500148450823
16.313131313131315,74.29292929292929,-90.33854320786303
16.313131313131315,74.4949494949495,-86.42087607470012
16.313131313131315,74.6969696969697,-84.45649244195906
16.313131313131315,74.8989898989899,-87.398017411029
16.313131313131315,75.1010101010101,-87.21159340539849
16.313131313131315,75.3030303030303,-88.33380658284653
16.313131313131315,75.5050505050505,-89.76157830161365
16.313131313131315,75.70707070707071,-86.64196945154673
16.313131313131315,75.9090909090909,-90.75626682165036
16.313131313131315,76.11111111111111,-88.23659479327961
16.313131313131315,76.31313131313131,-90.47255537035045
16.313131313131315,76.51515151515152,-87.5696756267458
16.313131313131315,76.71717171717171,-84.45090240698076
16.313131313131315,76.91919191919192,-84.41638337965679
16.313131313131315,77.12121212121212,-84.86724120995633
16.313131313131315,77.32323232323232,-84.22546787146169
16.313131313131315,77.52525252525253,-88.40085941158269
16.313131313131315,77.72727272727272,-85.05643643935574
16.313131313131315,77.92929292929293,-85.40056510670348
16.313131313131315,78.13131313131314,-85.33116156294888
16.313131313131315,78.33333333333333,-82.81145051648015
16.313131313131315,78.53535353535354,-85.70882927109389
16.313131313131315,78.73737373737373,-85.25900432613106
16.313131313131315,78.93939393939394,-88.38102571116931
16.313131313131315,79.14141414141415,-84.48433711335058
16.313131313131315,79.34343434343434,-86.20926583423312
16.313131313131315,79.54545454545455,-84.1831332277115
16.313131313131315,79.74747474747474,-85.91687406037886
16.313131313131315,79.94949494949495,-83.78793583947204
16.313131313131315,80.15151515151516,-84.35093749276767
16.313131313131315,80.35353535353535,-80.9265491387442
16.313131313131315,80.55555555555556,-83.02665503928557
16.313131313131315,80.75757575757575,-87.80183514027155
16.313131313131315,80.95959595959596,-86.27400320238422
16.313131313131315,81.16161616161617,-83.65162386122846
16.313131313131315,81.36363636363636,-85.4577127358304
16.313131313131315,81.56565656565657,-89.63175615507797
16.313131313131315,81.76767676767676,-80.74163936241177
16.313131313131315,81.96969696969697,-81.93658315866269
16.313131313131315,82.17171717171718,-82.24950172991358
16.313131313131315,82.37373737373737,-84.03397429657154
16.313131313131315,82.57575757575758,-82.08248891779287
16.313131313131315,82.77777777777777,-84.0289437991805
16.313131313131315,82.97979797979798,-82.06556270188169
16.313131313131315,83.18181818181819,-84.28012888412853
16.313131313131315,83.38383838383838,-79.26227604917021
16.313131313131315,83.58585858585859,-85.2158280224804
16.313131313131315,83.78787878787878,-79.61985162413983
16.313131313131315,83.98989898989899,-81.70579174076022
16.313131313131315,84.1919191919192,-82.89930850997419
16.313131313131315,84.39393939393939,-81.25560645356934
16.313131313131315,84.5959595959596,-80.11715816132099
16.313131313131315,84.79797979797979,-78.5698647693132
16.313131313131315,85.0,-80.74757830745344
16.515151515151516,65.0,-73.1417822507856
16.515151515151516,65.20202020202021,-72.322018686079
16.515151515151516,65.4040404040404,-70.56317227043102
16.515151515151516,65.60606060606061,-72.47245667461793
16.515151515151516,65.8080808080808,-74.79405622007278
16.515151515151516,66.01010101010101,-77.37931924323179
16.515151515151516,66.21212121212122,-79.92817340801727
16.515151515151516,66.41414141414141,-81.82971879441293
16.515151515151516,66.61616161616162,-87.29174113379045
16.515151515151516,66.81818181818181,-91.44768693139902
16.515151515151516,67.02020202020202,-91.72244927709248
16.515151515151516,67.22222222222223,-95.70806537529664
16.515151515151516,67.42424242424242,-98.41730105014278
16.515151515151516,67.62626262626263,-99.29100911534498
16.515151515151516,67.82828282828282,-94.21568707513651
16.515151515151516,68.03030303030303,-99.33785163215762
16.515151515151516,68.23232323232324,-98.88620973047604
16.515151515151516,68.43434343434343,-101.29091771570587
16.515151515151516,68.63636363636364,-101.48766122882444
16.515151515151516,68.83838383838383,-98.54311922690924
16.515151515151516,69.04040404040404,-92.53754839527168
16.515151515151516,69.24242424242425,-93.28887811176583
16.515151515151516,69.44444444444444,-91.58553427213647
16.515151515151516,69.64646464646465,-90.37780141124173
16.515151515151516,69.84848484848484,-91.68465661584447
16.515151515151516,70.05050505050505,-87.23195672210007
16.515151515151516,70.25252525252526,-90.3059915210893
16.515151515151516,70.45454545454545,-85.64875189655233
16.515151515151516,70.65656565656566,-87.24611451609097
16.515151515151516,70.85858585858585,-90.74416651381668
16.515151515151516,71.06060606060606,-88.58624032349464
16.515151515151516,71.26262626262626,-90.2001366902322
16.515151515151516,71.46464646464646,-83.90302682327487
16.515151515151516,71.66666666666667,-86.0200181610249
16.515151515151516,71.86868686868686,-90.14388806025829
16.515151515151516,72.07070707070707,-84.79375295421046
16.515151515151516,72.27272727272727,-86.68432290255743
16.515151515151516,72.47474747474747,-88.52274448586023
16.515151515151516,72.67676767676768,-82.21260779130623
16.515151515151516,72.87878787878788,-85.85522968349115
16.515151515151516,73.08080808080808,-86.74949683911484
16.515151515151516,73.28282828282828,-87.15998745875412
16.515151515151516,73.48484848484848,-89.83190184899874
16.515151515151516,73.68686868686869,-89.70368084363842
16.515151515151516,73.88888888888889,-85.2205252965067
16.515151515151516,74.0909090909091,-89.05455114863679
16.515151515151516,74.29292929292929,-88.52479760486958
16.515151515151516,74.4949494949495,-92.86896348318969
16.515151515151516,74.6969696969697,-91.84999402117018
16.515151515151516,74.8989898989899,-88.23221699563376
16.515151515151516,75.1010101010101,-88.73397476093668
16.515151515151516,75.3030303030303,-85.8434410126544
16.515151515151516,75.5050505050505,-86.46983048992911
16.515151515151516,75.70707070707071,-89.15979496649838
16.515151515151516,75.9090909090909,-87.52365574200743
16.515151515151516,76.11111111111111,-88.90642408365821
16.515151515151516,76.31313131313131,-83.58504356235068
16.515151515151516,76.51515151515152,-84.96452443084624
16.515151515151516,76.71717171717171,-86.53472333551498
16.515151515151516,76.91919191919192,-86.32846702309669
16.515151515151516,77.12121212121212,-83.44220331028266
16.515151515151516,77.32323232323232,-84.95800588609445
16.515151515151516,77.52525252525253,-82.63667344974381
16.515151515151516,77.72727272727272,-90.16094273572618
16.515151515151516,77.92929292929293,-84.73620202150353
16.515151515151516,78.13131313131314,-86.78482038729128
16.515151515151516,78.33333333333333,-81.97438706025407
16.515151515151516,78.53535353535354,-82.34117262722513
16.515151515151516,78.73737373737373,-85.50860549503913
16.515151515151516,78.93939393939394,-82.58029559582224
16.515151515151516,79.14141414141415,-82.16135122522267
16.515151515151516,79.34343434343434,-85.62767927057664
16.515151515151516,79.54545454545455,-80.73178219242382
16.515151515151516,79.74747474747474,-85.66121417606638
16.515151515151516,79.94949494949495,-86.33996428896077
16.515151515151516,80.15151515151516,-84.0668461267523
16.515151515151516,80.35353535353535,-86.53815734125482
16.515151515151516,80.55555555555556,-85.58931335783387
16.515151515151516,80.75757575757575,-82.89941179073776
16.515151515151516,80.95959595959596,-85.34456016487543
16.515151515151516,81.16161616161617,-88.74767981895872
16.515151515151516,81.36363636363636,-84.73430298246699
16.515151515151516,81.56565656565657,-86.59825260617457
16.515151515151516,81.76767676767676,-83.3247510968333
16.515151515151516,81.96969696969697,-83.26424422946995
16.515151515151516,82.17171717171718,-81.91808490789093
16.515151515151516,82.37373737373737,-82.95670724277065
16.515151515151516,82.57575757575758,-82.34732400287645
16.515151515151516,82.77777777777777,-85.65002645156856
16.515151515151516,82.97979797979798,-82.60519762487962
16.515151515151516,83.18181818181819,-80.13820310212682
16.515151515151516,83.38383838383838,-85.06739724983936
16.515151515151516,83.58585858585859,-80.25730465153794
16.515151515151516,83.78787878787878,-84.49986187403186
16.515151515151516,83.98989898989899,-85.18471914710828
16.515151515151516,84.1919191919192,-82.39217788206601
16.515151515151516,84.39393939393939,-81.46265965656423
16.515151515151516,84.5959595959596,-81.120903445679
16.515151515151516,84.79797979797979,-84.86521055470881
16.515151515151516,85.0,-81.92624993341461
16.717171717171716,65.0,-73.820329449253
16.717171717171716,65.20202020202021,-75.18596923252909
16.717171717171716,65.4040404040404,-75.53590264976393
16.717171717171716,65.60606060606061,-76.51691075475848
16.717171717171716,65.8080808080808,-76.63065536175617
16.717171717171716,66.01010101010101,-78.1388506564089
16.717171717171716,66.21212121212122,-84.77532018425552
16.717171717171716,66.41414141414141,-84.64754303434269
16.717171717171716,66.61616161616162,-90.15194639514024
16.717171717171716,66.81818181818181,-90.49856644240856
16.717171717171716,67.02020202020202,-95.4730692358147
16.717171717171716,67.22222222222223,-99.30974558336487
16.717171717171716,67.42424242424242,-98.44306681671901
16.717171717171716,67.62626262626263,-102.7579368956983
16.717171717171716,67.82828282828282,-103.7091690441513
16.717171717171716,68.03030303030303,-107.73371001361718
16.717171717171716,68.23232323232324,-101.76242905532014
16.717171717171716,68.43434343434343,-101.1169081092082
16.717171717171716,68.63636363636364,-101.49251845875332
16.717171717171716,68.83838383838383,-102.87490714894163
16.717171717171716,69.04040404040404,-95.78043632320534
16.717171717171716,69.24242424242425,-97.86386350568148
16.717171717171716,69.44444444444444,-95.9304665128635
16.717171717171716,69.64646464646465,-88.82647097327842
16.717171717171716,69.84848484848484,-93.87266193156847
16.717171717171716,70.05050505050505,-90.04687865380838
16.717171717171716,70.25252525252526,-89.38817585848278
16.717171717171716,70.45454545454545,-89.07819788488861
16.717171717171716,70.65656565656566,-88.80700368399252
16.717171717171716,70.85858585858585,-88.08327824462039
16.717171717171716,71.06060606060606,-87.69605531640262
16.717171717171716,71.26262626262626,-88.14476596791563
16.717171717171716,71.46464646464646,-84.54429375650143
16.717171717171716,71.66666666666667,-89.90032698204854
16.717171717171716,71.86868686868686,-85.05764167718614
16.717171717171716,72.07070707070707,-85.13693671264426
16.717171717171716,72.27272727272727,-85.28738978983272
16.717171717171716,72.47474747474747,-84.65603813399315
16.717171717171716,72.67676767676768,-87.0798635987702
16.717171717171716,72.87878787878788,-90.67676684194741
16.717171717171716,73.08080808080808,-87.31966218863128
16.717171717171716,73.28282828282828,-89.49326630340455
16.717171717171716,73.48484848484848,-89.44123618262631
16.717171717171716,73.68686868686869,-90.72442502031691
16.717171717171716,73.88888888888889,-89.45539032285158
16.717171717171716,74.0909090909091,-89.994363813993
16.717171717171716,74.29292929292929,-93.95482901569255
16.717171717171716,74.4949494949495,-87.93951951528413
16.717171717171716,74.6969696969697,-85.20572691753912
16.717171717171716,74.8989898989899,-88.58323342917912
16.717171717171716,75.1010101010101,-90.34002418487061
16.717171717171716,75.3030303030303,-90.03718851498658
16.717171717171716,75.5050505050505,-90.63286451787833
16.717171717171716,75.70707070707071,-89.52817337662972
16.717171717171716,75.9090909090909,-89.29461835576659
16.717171717171716,76.11111111111111,-90.80493653005018
16.717171717171716,76.31313131313131,-85.52408315224748
16.717171717171716,76.51515151515152,-91.44841029859616
16.717171717171716,76.71717171717171,-86.72808152312345
16.717171717171716,76.91919191919192,-88.00918759058067
16.717171717171716,77.12121212121212,-83.759791232178
16.717171717171716,77.32323232323232,-86.73899826046836
16.717171717171716,77.52525252525253,-87.94552465765415
16.717171717171716,77.72727272727272,-87.63240899248896
16.717171717171716,77.92929292929293,-86.98567601246465
16.717171717171716,78.13131313131314,-89.3836995924838
16.717171717171716,78.33333333333333,-88.60043611281114
16.717171717171716,78.53535353535354,-90.95490516167025
16.717171717171716,78.73737373737373,-89.29559166376839
16.717171717171716,78.93939393939394,-87.26607090299028
16.717171717171716,79.14141414141415,-86.97313607124474
16.717171717171716,79.34343434343434,-91.48074863797355
16.717171717171716,79.54545454545455,-87.59024952752681
16.717171717171716,79.74747474747474,-86.33474841086652
16.717171717171716,79.94949494949495,-87.8678073586198
16.717171717171716,80.15151515151516,-88.81432742199262
16.717171717171716,80.35353535353535,-88.26525879917202
16.717171717171716,80.55555555555556,-88.48715719583973
16.717171717171716,80.75757575757575,-88.65385783742876
16.717171717171716,80.95959595959596,-86.83819032242543
16.717171717171716,81.16161616161617,-82.70686464098513
16.717171717171716,81.36363636363636,-88.61255154103065
16.717171717171716,81.56565656565657,-87.56539454493044
16.717171717171716,81.76767676767676,-86.97944701491207
16.717171717171716,81.96969696969697,-87.97774541178946
16.717171717171716,82.17171717171718,-84.27429484479616
16.717171717171716,82.37373737373737,-91.03539872126555
16.717171717171716,82.57575757575758,-87.09922017671289
16.717171717171716,82.77777777777777,-84.29129324302001
16.717171717171716,82.97979797979798,-86.12293355667134
16.717171717171716,83.18181818181819,-87.1159973514858
16.717171717171716,83.38383838383838,-84.67550390938683
16.717171717171716,83.58585858585859,-83.34750845653785
16.717171717171716,83.78787878787878,-84.58723531432005
16.717171717171716,83.98989898989899,-86.44966578247815
16.717171717171716,84.1919191919192,-83.63144132463677
16.717171717171716,84.39393939393939,-85.1849993360034
16.717171717171716,84.5959595959596,-82.74992285938094
16.717171717171716,84.79797979797979,-81.35570594936536
16.717171717171716,85.0,-89.55809135231684
16.919191919191917,65.0,-73.6665155696974
16.919191919191917,65.20202020202021,-76.72713183163654
16.919191919191917,65.4040404040404,-71.66307872757073
16.919191919191917,65.60606060606061,-77.41973651203615
16.919191919191917,65.8080808080808,-77.53416568460645
16.919191919191917,66.01010101010101,-81.06159027807057
16.919191919191917,66.21212121212122,-85.0963206372877
16.919191919191917,66.41414141414141,-88.43443783274185
16.919191919191917,66.61616161616162,-87.44896703835013
16.919191919191917,66.81818181818181,-92.02783826744239
16.919191919191917,67.02020202020202,-93.62114966333813
16.919191919191917,67.22222222222223,-100.67747763197693
16.919191919191917,67.42424242424242,-102.8744161820208
16.919191919191917,67.62626262626263,-106.62872625765017
16.919191919191917,67.82828282828282,-108.26959598078952
16.919191919191917,68.03030303030303,-110.64116851903088
16.919191919191917,68.23232323232324,-108.19353259055077
16.919191919191917,68.43434343434343,-108.9080595341571
16.919191919191917,68.63636363636364,-104.72229910308258
16.919191919191917,68.83838383838383,-102.96159548395387
16.919191919191917,69.04040404040404,-100.77341514684272
16.919191919191917,69.24242424242425,-95.66846806958027
16.919191919191917,69.44444444444444,-97.38116974609221
16.919191919191917,69.64646464646465,-94.14874697760892
16.919191919191917,69.84848484848484,-89.83886530974692
16.919191919191917,70.05050505050505,-90.44339687263962
16.919191919191917,70.25252525252526,-89.75413669373508
16.919191919191917,70.45454545454545,-92.08323019061467
16.919191919191917,70.65656565656566,-90.13456626161565
16.919191919191917,70.85858585858585,-92.75690158347982
16.919191919191917,71.06060606060606,-88.86931413336077
16.919191919191917,71.26262626262626,-88.71860287106226
16.919191919191917,71.46464646464646,-88.99835287423996
16.919191919191917,71.66666666666667,-86.41556530036839
16.919191919191917,71.86868686868686,-90.9167116768988
16.919191919191917,72.07070707070707,-84.8013672831367
16.919191919191917,72.27272727272727,-86.06719050993144
16.919191919191917,72.47474747474747,-88.07837298647691
16.919191919191917,72.67676767676768,-88.40634998577528
16.919191919191917,72.87878787878788,-87.06438604322281
16.919191919191917,73.08080808080808,-85.0705233818731
16.919191919191917,73.28282828282828,-88.28276485126146
16.919191919191917,73.48484848484848,-88.5351193644424
16.919191919191917,73.68686868686869,-88.74584658297674
16.919191919191917,73.88888888888889,-85.78199331403479
16.919191919191917,74.0909090909091,-90.34525872057188
16.919191919191917,74.29292929292929,-89.75077948189303
16.919191919191917,74.4949494949495,-87.23457545974547
16.919191919191917,74.6969696969697,-89.88270141053826
16.919191919191917,74.8989898989899,-88.06190556676742
16.919191919191917,75.1010101010101,-92.27374360595836
16.919191919191917,75.3030303030303,-90.84777612297361
16.919191919191917,75.5050505050505,-87.36513558347603
16.919191919191917,75.70707070707071,-91.3604678472599
16.919191919191917,75.9090909090909,-90.26448189252376
16.919191919191917,76.11111111111111,-89.4984638577434
16.919191919191917,76.31313131313131,-91.74695446576358
16.919191919191917,76.51515151515152,-90.25929364754376
16.919191919191917,76.71717171717171,-88.96586591139803
16.919191919191917,76.91919191919192,-89.08614575542566
16.919191919191917,77.12121212121212,-86.39609693991775
16.919191919191917,77.32323232323232,-85.63002048099892
16.919191919191917,77.52525252525253,-90.21541480487119
16.919191919191917,77.72727272727272,-88.49920303239944
16.919191919191917,77.92929292929293,-87.42288591082814
16.919191919191917,78.13131313131314,-85.71510983923339
16.919191919191917,78.33333333333333,-87.26861546900165
16.919191919191917,78.53535353535354,-88.33297148105505
16.919191919191917,78.73737373737373,-87.78464515127709
16.919191919191917,78.93939393939394,-87.66745175146701
16.919191919191917,79.14141414141415,-91.14584737885876
16.919191919191917,79.34343434343434,-89.07540511353969
16.919191919191917,79.54545454545455,-86.49728591720586
16.919191919191917,79.74747474747474,-89.62839210094596
16.919191919191917,79.94949494949495,-89.0624283199271
16.919191919191917,80.15151515151516,-89.81837836537018
16.919191919191917,80.35353535353535,-93.93106548677062
16.919191919191917,80.55555555555556,-89.15365411128667
16.919191919191917,80.75757575757575,-88.56500784728364
16.919191919191917,80.95959595959596,-89.86318754117704
16.919191919191917,81.16161616161617,-91.14086905401419
16.919191919191917,81.36363636363636,-90.60495887888726
16.919191919191917,81.56565656565657,-87.00294203032105
16.919191919191917,81.76767676767676,-84.58403051477963
16.919191919191917,81.96969696969697,-85.30182750537921
16.919191919191917,82.17171717171718,-90.76200922333882
16.919191919191917,82.37373737373737,-86.095896480425
16.919191919191917,82.57575757575758,-88.85168327741326
16.919191919191917,82.77777777777777,-88.76572967286046
16.919191919191917,82.97979797979798,-88.39201404093996
16.919191919191917,83.18181818181819,-85.85927359962389
16.919191919191917,83.38383838383838,-84.93769022494672
16.919191919191917,83.58585858585859,-87.04778887782794
16.919191919191917,83.78787878787878,-86.91923919270626
16.919191919191917,83.98989898989899,-85.61409953940857
16.919191919191917,84.1919191919192,-85.04656883578309
16.919191919191917,84.39393939393939,-83.62709212289073
16.919191919191917,84.5959595959596,-88.61159666579286
16.919191919191917,84.79797979797979,-85.74553486270585
16.919191919191917,85.0,-87.77996868767708
17.12121212121212,65.0,-74.93594787905008
17.12121212121212,65.20202020202021,-75.55809487744652
17.12121212121212,65.4040404040404,-76.11674127357989
17.12121212121212,65.60606060606061,-78.69150748358807
17.12121212121212,65.8080808080808,-81.94382243703471
17.12121212121212,66.01010101010101,-85.67411285190329
17.12121212121212,66.21212121212122,-85.39127537614206
17.12121212121212,66.41414141414141,-89.37950372120899
17.12121212121212,66.61616161616162,-93.40694253998251
17.12121212121212,66.81818181818181,-93.96646826691888
17.12121212121212,67.02020202020202,-101.63891483557967
17.12121212121212,67.22222222222223,-101.633640823857
17.12121212121212,67.42424242424242,-104.733424899851
17.12121212121212,67.62626262626263,-114.66612512992776
17.12121212121212,67.82828282828282,-112.3633189931943
17.12121212121212,68.03030303030303,-114.31570283952074
17.12121212121212,68.23232323232324,-118.85365927441548
17.12121212121212,68.43434343434343,-114.87980465436108
17.12121212121212,68.63636363636364,-108.12548948218576
17.12121212121212,68.83838383838383,-103.09474100086231
17.12121212121212,69.04040404040404,-102.71464869120089
17.12121212121212,69.24242424242425,-101.07617519875203
17.12121212121212,69.44444444444444,-99.50964798329692
17.12121212121212,69.64646464646465,-94.13132706905931
17.12121212121212,69.84848484848484,-91.64505211139821
17.12121212121212,70.05050505050505,-95.85880891023339
17.12121212121212,70.25252525252526,-97.65797410246222
17.12121212121212,70.45454545454545,-97.28651260329096
17.12121212121212,70.65656565656566,-89.45514644905121
17.12121212121212,70.85858585858585,-91.68825627646045
17.12121212121212,71.06060606060606,-90.68871790292818
17.12121212121212,71.26262626262626,-94.09391857852057
17.12121212121212,71.46464646464646,-91.89327862218711
17.12121212121212,71.66666666666667,-90.44779304996223
17.12121212121212,71.86868686868686,-89.42334362551392
17.12121212121212,72.07070707070707,-90.11487084688478
17.12121212121212,72.27272727272727,-91.33987291183185
17.12121212121212,72.47474747474747,-90.5540413101383
17.12121212121212,72.67676767676768,-86.85652680676013
17.12121212121212,72.87878787878788,-88.80505911387851
17.12121212121212,73.08080808080808,-88.19298777130003
17.12121212121212,73.28282828282828,-91.30589418473615
17.12121212121212,73.48484848484848,-95.46191794782092
17.12121212121212,73.68686868686869,-90.86550973126053
17.12121212121212,73.88888888888889,-91.86453516184308
17.12121212121212,74.0909090909091,-89.82822223881521
17.12121212121212,74.29292929292929,-84.14238260816455
17.12121212121212,74.4949494949495,-89.33130223629398
17.12121212121212,74.6969696969697,-85.42366423058651
17.12121212121212,74.8989898989899,-89.94357399311342
17.12121212121212,75.1010101010101,-92.45795706608087
17.12121212121212,75.3030303030303,-90.58769570296856
17.12121212121212,75.5050505050505,-87.60293823051607
17.12121212121212,75.70707070707071,-87.49526766791766
17.12121212121212,75.9090909090909,-92.12968141096127
17.12121212121212,76.11111111111111,-90.11037492102616
17.12121212121212,76.31313131313131,-93.65758575712141
17.12121212121212,76.51515151515152,-88.75980463162982
17.12121212121212,76.71717171717171,-87.32397040101769
17.12121212121212,76.91919191919192,-90.12127882273948
17.12121212121212,77.12121212121212,-91.55351024447987
17.12121212121212,77.32323232323232,-89.60974990336216
17.12121212121212,77.52525252525253,-89.34657361109487
17.12121212121212,77.72727272727272,-90.29699793946807
17.12121212121212,77.92929292929293,-89.92557213226226
17.12121212121212,78.13131313131314,-90.876982703272
17.12121212121212,78.33333333333333,-88.403573140307
17.12121212121212,78.53535353535354,-89.03799110879045
17.12121212121212,78.73737373737373,-92.47034713991425
17.12121212121212,78.93939393939394,-92.75494551911979
17.12121212121212,79.14141414141415,-91.3485937502675
17.12121212121212,79.34343434343434,-89.62261030007421
17.12121212121212,79.54545454545455,-90.63241351653673
17.12121212121212,79.74747474747474,-92.14275686271239
17.12121212121212,79.94949494949495,-90.54282691769949
17.12121212121212,80.15151515151516,-91.70644581397251
17.12121212121212,80.35353535353535,-89.0764140100499
17.12121212121212,80.55555555555556,-90.07733132839144
17.12121212121212,80.75757575757575,-91.28888099198262
17.12121212121212,80.95959595959596,-90.3307262682255
17.12121212121212,81.16161616161617,-87.96443873698173
17.12121212121212,81.36363636363636,-91.60614199139282
17.12121212121212,81.56565656565657,-89.73257733415937
17.12121212121212,81.76767676767676,-90.3403705668639
17.12121212121212,81.96969696969697,-88.98590611228494
17.12121212121212,82.17171717171718,-91.15657159264916
17.12121212121212,82.37373737373737,-89.41851753206389
17.12121212121212,82.57575757575758,-87.27665645513768
17.12121212121212,82.77777777777777,-91.16798458253218
17.12121212121212,82.97979797979798,-91.53457511913462
17.12121212121212,83.18181818181819,-91.47948664932498
17.12121212121212,83.38383838383838,-90.88504094086237
17.12121212121212,83.58585858585859,-87.16201465306365
17.12121212121212,83.78787878787878,-90.84876562501042
17.12121212121212,83.98989898989899,-88.68522578576489
17.12121212121212,84.1919191919192,-86.34494372776327
17.12121212121212,84.39393939393939,-86.94652858963647
17.12121212121212,84.5959595959596,-88.36733863230195
17.12121212121212,84.79797979797979,-86.93950147021013
17.12121212121212,85.0,-87.0226922013813
17.323232323232325,65.0,-76.13347363625299
17.323232323232325,65.20202020202021,-76.5297058403009
17.323232323232325,65.4040404040404,-74.03252750747696
17.323232323232325,65.60606060606061,-77.62420010036571
17.323232323232325,65.8080808080808,-77.2233444658785
17.323232323232325,66.01010101010101,-84.2386539322622
17.323232323232325,66.21212121212122,-86.91302634073085
17.323232323232325,66.41414141414141,-92.63897642701725
17.323232323232325,66.61616161616162,-95.83669065743355
17.323232323232325,66.81818181818181,-95.45594866015585
17.323232323232325,67.02020202020202,-104.23981439646214
17.323232323232325,67.22222222222223,-104.33212065213652
17.323232323232325,67.42424242424242,-114.21799606760428
17.323232323232325,67.62626262626263,-117.35551502919517
17.323232323232325,67.82828282828282,-118.25010079744023
17.323232323232325,68.03030303030303,-118.68281791580291
17.323232323232325,68.23232323232324,-116.24487268493567
17.323232323232325,68.43434343434343,-115.7283611035314
17.323232323232325,68.63636363636364,-114.74265917717497
17.323232323232325,68.83838383838383,-111.17802088771494
17.323232323232325,69.04040404040404,-108.32216621534626
17.323232323232325,69.24242424242425,-106.1129054787093
17.323232323232325,69.44444444444444,-103.52552635744159
17.323232323232325,69.64646464646465,-97.58035470838362
17.323232323232325,69.84848484848484,-101.18843724937241
17.323232323232325,70.05050505050505,-93.11278983951365
17.323232323232325,70.25252525252526,-95.68355749464408
17.323232323232325,70.45454545454545,-95.65429833645342
17.323232323232325,70.65656565656566,-92.26192306629919
17.323232323232325,70.85858585858585,-89.90511280221322
17.323232323232325,71.06060606060606,-90.16597881199296
17.323232323232325,71.26262626262626,-90.92338584764033
17.323232323232325,71.46464646464646,-89.2355648958902
17.323232323232325,71.66666666666667,-94.79805879261838
17.323232323232325,71.86868686868686,-91.85319352869885
17.323232323232325,72.07070707070707,-92.54016305016653
17.323232323232325,72.27272727272727,-88.02218138182675
17.323232323232325,72.47474747474747,-91.36951414532341
17.323232323232325,72.67676767676768,-88.6024984718864
17.323232323232325,72.87878787878788,-89.15314437301993
17.323232323232325,73.08080808080808,-92.21713782015004
17.323232323232325,73.28282828282828,-91.84149936068016
17.323232323232325,73.48484848484848,-88.05600144408052
17.323232323232325,73.68686868686869,-92.21274157954342
17.323232323232325,73.88888888888889,-90.89676210171703
17.323232323232325,74.0909090909091,-92.78471543437018
17.323232323232325,74.29292929292929,-92.16944775789923
17.323232323232325,74.4949494949495,-91.64533167767691
17.323232323232325,74.6969696969697,-93.1160303109428
17.323232323232325,74.8989898989899,-93.63072407232572
17.323232323232325,75.1010101010101,-91.28185819039226
17.323232323232325,75.3030303030303,-93.69497473025933
17.323232323232325,75.5050505050505,-93.50335256283823
17.323232323232325,75.70707070707071,-93.79706764910085
17.323232323232325,75.9090909090909,-91.9257596039335
17.323232323232325,76.11111111111111,-89.84814600202193
17.323232323232325,76.31313131313131,-88.58164198286438
17.323232323232325,76.51515151515152,-93.18021939077032
17.323232323232325,76.71717171717171,-87.22444416697213
17.323232323232325,76.91919191919192,-93.46984187125842
17.323232323232325,77.12121212121212,-89.41964476797003
17.323232323232325,77.32323232323232,-92.91334873699515
17.323232323232325,77.52525252525253,-93.28346401912223
17.323232323232325,77.72727272727272,-93.32283864839057
17.323232323232325,77.92929292929293,-92.02033307715553
17.323232323232325,78.13131313131314,-90.7639723048261
17.323232323232325,78.33333333333333,-90.80697331758103
17.323232323232325,78.53535353535354,-94.34561364579615
17.323232323232325,78.73737373737373,-94.48116307753769
17.323232323232325,78.93939393939394,-94.34931537352425
17.323232323232325,79.14141414141415,-92.79726009369541
17.323232323232325,79.34343434343434,-93.09637784905883
17.323232323232325,79.54545454545455,-94.53249636106699
17.323232323232325,79.74747474747474,-92.25486297422957
17.323232323232325,79.94949494949495,-88.43990766177994
17.323232323232325,80.15151515151516,-93.8876521299327
17.323232323232325,80.35353535353535,-93.63756941180206
17.323232323232325,80.55555555555556,-91.69476069427884
17.323232323232325,80.75757575757575,-93.74428930370973
17.323232323232325,80.95959595959596,-91.16051549562535
17.323232323232325,81.16161616161617,-93.8873805414695
17.323232323232325,81.36363636363636,-88.58443411231526
17.323232323232325,81.56565656565657,-91.29087583378764
17.323232323232325,81.76767676767676,-93.0284391211035
17.323232323232325,81.96969696969697,-92.7254851782657
17.323232323232325,82.17171717171718,-92.61168131910357
17.323232323232325,82.37373737373737,-88.49709803070337
17.323232323232325,82.57575757575758,-93.62505397313117
17.323232323232325,82.77777777777777,-92.10035262284744
17.323232323232325,82.97979797979798,-91.75501094886862
17.323232323232325,83.18181818181819,-90.28209069242719
17.323232323232325,83.38383838383838,-90.5121713416385
17.323232323232325,83.58585858585859,-92.872919515927
17.323232323232325,83.78787878787878,-90.64979950372187
17.323232323232325,83.98989898989899,-89.63763116357548
17.323232323232325,84.1919191919192,-90.65417375688082
17.323232323232325,84.39393939393939,-87.73126724345221
17.323232323232325,84.5959595959596,-87.06911744226935
17.323232323232325,84.79797979797979,-88.87233881561009
17.323232323232325,85.0,-88.11794161171535
17.525252525252526,65.0,-79.890657070367
17.525252525252526,65.20202020202021,-77.80801700192904
17.525252525252526,65.4040404040404,-76.72956310983689
17.525252525252526,65.60606060606061,-80.37552216305052
17.525252525252526,65.8080808080808,-83.04700490224016
17.525252525252526,66.01010101010101,-81.42801445352843
17.525252525252526,66.21212121212122,-85.14607718815832
17.525252525252526,66.41414141414141,-91.26675185114856
17.525252525252526,66.61616161616162,-94.5710131939815
17.525252525252526,66.81818181818181,-104.97955025891335
17.525252525252526,67.02020202020202,-107.43933913563706
17.525252525252526,67.22222222222223,-111.96371214266388
17.525252525252526,67.42424242424242,-116.30129509327898
17.525252525252526,67.62626262626263,-120.4915639937284
17.525252525252526,67.82828282828282,-127.03549915178165
17.525252525252526,68.03030303030303,-122.39975056088778
17.525252525252526,68.23232323232324,-121.58265336311233
17.525252525252526,68.43434343434343,-117.7628043926242
17.525252525252526,68.63636363636364,-119.66811544858753
17.525252525252526,68.83838383838383,-116.28106387987465
17.525252525252526,69.04040404040404,-115.98196914834334
17.525252525252526,69.24242424242425,-107.80277929275731
17.525252525252526,69.44444444444444,-102.2403398563487
17.525252525252526,69.64646464646465,-102.88397959228973
17.525252525252526,69.84848484848484,-95.23284998242494
17.525252525252526,70.05050505050505,-98.39319865671592
17.525252525252526,70.25252525252526,-96.3661141491997
17.525252525252526,70.45454545454545,-98.345107256445
17.525252525252526,70.65656565656566,-94.56369228174682
17.525252525252526,70.85858585858585,-98.50067320653982
17.525252525252526,71.06060606060606,-92.31344320319042
17.525252525252526,71.26262626262626,-91.78897933903907
17.525252525252526,71.46464646464646,-90.32083398538738
17.525252525252526,71.66666666666667,-94.56273786089042
17.525252525252526,71.86868686868686,-91.9767464443396
17.525252525252526,72.07070707070707,-90.91241485892431
17.525252525252526,72.27272727272727,-90.98180005673464
17.525252525252526,72.47474747474747,-93.47733712150735
17.525252525252526,72.67676767676768,-96.49328210083615
17.525252525252526,72.87878787878788,-90.89011955767822
17.525252525252526,73.08080808080808,-91.7466140681388
17.525252525252526,73.28282828282828,-92.76898913417209
17.525252525252526,73.48484848484848,-90.34237956510808
17.525252525252526,73.68686868686869,-91.80928732025903
17.525252525252526,73.88888888888889,-94.58511099254804
17.525252525252526,74.0909090909091,-95.96830938225513
17.525252525252526,74.29292929292929,-94.49645972448432
17.525252525252526,74.4949494949495,-87.31642615525654
17.525252525252526,74.6969696969697,-91.09551427913736
17.525252525252526,74.8989898989899,-92.17739725253992
17.525252525252526,75.1010101010101,-93.0182252140664
17.525252525252526,75.3030303030303,-93.20035143905584
17.525252525252526,75.5050505050505,-90.3975111386016
17.525252525252526,75.70707070707071,-93.82059879845114
17.525252525252526,75.9090909090909,-91.6816250312128
17.525252525252526,76.11111111111111,-93.51243477287343
17.525252525252526,76.31313131313131,-89.17353679545934
17.525252525252526,76.51515151515152,-91.43169796097482
17.525252525252526,76.71717171717171,-90.776595010267
17.525252525252526,76.91919191919192,-94.07514635509087
17.525252525252526,77.12121212121212,-90.80189009035008
17.525252525252526,77.32323232323232,-93.74431337305661
17.525252525252526,77.52525252525253,-93.10646870628639
17.525252525252526,77.72727272727272,-90.27837565791977
17.525252525252526,77.92929292929293,-95.68264369136666
17.525252525252526,78.13131313131314,-93.05983275270057
17.525252525252526,78.33333333333333,-92.70561842787785
17.525252525252526,78.53535353535354,-93.02155498934002
17.525252525252526,78.73737373737373,-95.05709955692265
17.525252525252526,78.93939393939394,-89.98182920786562
17.525252525252526,79.14141414141415,-96.88068359422658
17.525252525252526,79.34343434343434,-91.57708338935001
17.525252525252526,79.54545454545455,-92.06607079524208
17.525252525252526,79.74747474747474,-90.65421452443029
17.525252525252526,79.94949494949495,-97.79389523285919
17.525252525252526,80.15151515151516,-96.3255194088163
17.525252525252526,80.35353535353535,-91.69381275459025
17.525252525252526,80.55555555555556,-97.9027934146198
17.525252525252526,80.75757575757575,-97.55372218439717
17.525252525252526,80.95959595959596,-95.31579765815306
17.525252525252526,81.16161616161617,-93.70636477548203
17.525252525252526,81.36363636363636,-90.74293088165682
17.525252525252526,81.56565656565657,-93.96872628636378
17.525252525252526,81.76767676767676,-94.7164370330538
17.525252525252526,81.96969696969697,-92.79980222132664
17.525252525252526,82.17171717171718,-92.2803604282104
17.525252525252526,82.37373737373737,-91.88514191732999
17.525252525252526,82.57575757575758,-93.0005627213735
17.525252525252526,82.77777777777777,-96.1917451272497
17.525252525252526,82.97979797979798,-93.99335548609092
17.525252525252526,83.18181818181819,-89.0604013673863
17.525252525252526,83.38383838383838,-90.99608765024512
17.525252525252526,83.58585858585859,-92.10794932866715
17.525252525252526,83.78787878787878,-88.98123323867185
17.525252525252526,83.98989898989899,-93.36086797635438
17.525252525252526,84.1919191919192,-91.22552168354798
17.525252525252526,84.39393939393939,-90.38389082088305
17.525252525252526,84.5959595959596,-91.36311142458915
17.525252525252526,84.79797979797979,-90.14412767662417
17.525252525252526,85.0,-90.4330816924796
17.727272727272727,65.0,-79.61452595147821
17.727272727272727,65.20202020202021,-77.87751530438915
17.727272727272727,65.4040404040404,-81.20101474048117
17.727272727272727,65.60606060606061,-80.45724568835487
17.727272727272727,65.8080808080808,-80.9640277155672
17.727272727272727,66.01010101010101,-86.53756833624743
17.727272727272727,66.21212121212122,-91.30841367026485
17.727272727272727,66.41414141414141,-93.83371682022013
17.727272727272727,66.61616161616162,-99.44316918805997
17.727272727272727,66.81818181818181,-102.22650335164809
17.727272727272727,67.02020202020202,-108.86609917004719
17.727272727272727,67.22222222222223,-111.17415166876135
17.727272727272727,67.42424242424242,-116.61736692884787
17.727272727272727,67.62626262626263,-123.54268350078907
17.727272727272727,67.82828282828282,-124.33505511596363
17.727272727272727,68.03030303030303,-127.81099642841363
17.727272727272727,68.23232323232324,-126.4908533725325
17.727272727272727,68.43434343434343,-125.14889297802443
17.727272727272727,68.63636363636364,-119.63727401681795
17.727272727272727,68.83838383838383,-114.40735179346692
17.727272727272727,69.04040404040404,-111.67212057997143
17.727272727272727,69.24242424242425,-107.38295091685801
17.727272727272727,69.44444444444444,-104.2158941120328
17.727272727272727,69.64646464646465,-102.0476481168814
17.727272727272727,69.84848484848484,-103.27323689807218
17.727272727272727,70.05050505050505,-95.93369114345185
17.727272727272727,70.25252525252526,-94.51181179488748
17.727272727272727,70.45454545454545,-97.73162009084413
17.727272727272727,70.65656565656566,-97.07203313369315
17.727272727272727,70.85858585858585,-94.42539756844327
17.727272727272727,71.06060606060606,-94.03685254621674
17.727272727272727,71.26262626262626,-95.12620865793349
17.727272727272727,71.46464646464646,-96.72588986628405
17.727272727272727,71.66666666666667,-93.52068121122377
17.727272727272727,71.86868686868686,-92.54855745736519
17.727272727272727,72.07070707070707,-91.81550629592782
17.727272727272727,72.27272727272727,-92.73989189897614
17.727272727272727,72.47474747474747,-93.61112206399409
17.727272727272727,72.67676767676768,-90.85190615339893
17.727272727272727,72.87878787878788,-92.68024964971724
17.727272727272727,73.08080808080808,-93.76347331347053
17.727272727272727,73.28282828282828,-93.20857571684705
17.727272727272727,73.48484848484848,-96.36410287101994
17.727272727272727,73.68686868686869,-93.20137336070408
17.727272727272727,73.88888888888889,-91.74905390581156
17.727272727272727,74.0909090909091,-92.37748680566655
17.727272727272727,74.29292929292929,-90.26650352086756
17.727272727272727,74.4949494949495,-93.94543983904511
17.727272727272727,74.6969696969697,-92.59590631099408
17.727272727272727,74.8989898989899,-91.88028738057788
17.727272727272727,75.1010101010101,-89.02494574452447
17.727272727272727,75.3030303030303,-93.55178981749351
17.727272727272727,75.5050505050505,-95.95539379325821
17.727272727272727,75.70707070707071,-92.10809084480877
17.727272727272727,75.9090909090909,-90.12347977917905
17.727272727272727,76.11111111111111,-94.72612139725098
17.727272727272727,76.31313131313131,-92.54043506982333
17.727272727272727,76.51515151515152,-91.5345917411818
17.727272727272727,76.71717171717171,-92.29982015911735
17.727272727272727,76.91919191919192,-94.39411106575686
17.727272727272727,77.12121212121212,-96.05326137968497
17.727272727272727,77.32323232323232,-94.9038351852399
17.727272727272727,77.52525252525253,-93.89227086858118
17.727272727272727,77.72727272727272,-93.16166861353302
17.727272727272727,77.92929292929293,-94.48515732700623
17.727272727272727,78.13131313131314,-95.94708754533336
17.727272727272727,78.33333333333333,-94.43194399094001
17.727272727272727,78.53535353535354,-93.91195278810817
17.727272727272727,78.73737373737373,-95.04924425751804
17.727272727272727,78.93939393939394,-97.79195581633836
17.727272727272727,79.14141414141415,-96.58421741746439
17.727272727272727,79.34343434343434,-94.40997601522245
17.727272727272727,79.54545454545455,-98.92396874473592
17.727272727272727,79.74747474747474,-100.50987097621534
17.727272727272727,79.94949494949495,-93.28977182679702
17.727272727272727,80.15151515151516,-95.0401882410289
17.727272727272727,80.35353535353535,-95.06017248838661
17.727272727272727,80.55555555555556,-98.19888595653329
17.727272727272727,80.75757575757575,-94.62225823978193
17.727272727272727,80.95959595959596,-95.51951445870435
17.727272727272727,81.16161616161617,-98.96958586518365
17.727272727272727,81.36363636363636,-92.78216926936872
17.727272727272727,81.56565656565657,-95.03540513119052
17.727272727272727,81.76767676767676,-95.87258385987623
17.727272727272727,81.96969696969697,-95.71083164176933
17.727272727272727,82.17171717171718,-98.91206837310827
17.727272727272727,82.37373737373737,-93.32080999305852
17.727272727272727,82.57575757575758,-93.72808422646118
17.727272727272727,82.77777777777777,-94.42800164850586
17.727272727272727,82.97979797979798,-91.2338833442773
17.727272727272727,83.18181818181819,-96.41416293882098
17.727272727272727,83.38383838383838,-94.35902825856616
17.727272727272727,83.58585858585859,-94.54385739521545
17.727272727272727,83.78787878787878,-93.22960256346958
17.727272727272727,83.98989898989899,-92.20306527933805
17.727272727272727,84.1919191919192,-91.21985812338315
17.727272727272727,84.39393939393939,-92.89658135322254
17.727272727272727,84.5959595959596,-93.61564839729685
17.727272727272727,84.79797979797979,-88.41696165852872
17.727272727272727,85.0,-86.5937020241238
17.929292929292927,65.0,-78.53562617542144
17.929292929292927,65.20202020202021,-80.17240434751285
17.929292929292927,65.4040404040404,-78.02041265034488
17.929292929292927,65.60606060606061,-83.95895381821184
17.929292929292927,65.8080808080808,-84.7827576669841
17.929292929292927,66.01010101010101,-88.22607898146661
17.929292929292927,66.21212121212122,-92.58452071955708
17.929292929292927,66.41414141414141,-95.40454916323073
17.929292929292927,66.61616161616162,-101.30242773464292
17.929292929292927,66.81818181818181,-104.73216678821161
17.929292929292927,67.02020202020202,-110.33689393158535
17.929292929292927,67.22222222222223,-117.15526002740367
17.929292929292927,67.42424242424242,-121.81213055412498
17.929292929292927,67.62626262626263,-126.02925218573056
17.929292929292927,67.82828282828282,-126.7535746634139
17.929292929292927,68.03030303030303,-129.9533421347773
17.929292929292927,68.23232323232324,-127.41564933488263
17.929292929292927,68.43434343434343,-125.86020698972382
17.929292929292927,68.63636363636364,-122.41198507997727
17.929292929292927,68.83838383838383,-116.70136951641393
17.929292929292927,69.04040404040404,-117.61816515309471
17.929292929292927,69.24242424242425,-112.22730688816509
17.929292929292927,69.44444444444444,-104.29906980852512
17.929292929292927,69.64646464646465,-105.32132502599315
17.929292929292927,69.84848484848484,-108.23706244709899
17.929292929292927,70.05050505050505,-101.23512043737729
17.929292929292927,70.25252525252526,-99.30824789851522
17.929292929292927,70.45454545454545,-103.70527574084406
17.929292929292927,70.65656565656566,-95.08653349026197
17.929292929292927,70.85858585858585,-98.62497146598562
17.929292929292927,71.06060606060606,-95.83359854277157
17.929292929292927,71.26262626262626,-96.44217380032616
17.929292929292927,71.46464646464646,-98.36225379864042
17.929292929292927,71.66666666666667,-97.72591458617897
17.929292929292927,71.86868686868686,-96.98787557484877
17.929292929292927,72.07070707070707,-92.4907921007233
17.929292929292927,72.27272727272727,-95.0063842383552
17.929292929292927,72.47474747474747,-95.23109040728795
17.929292929292927,72.67676767676768,-96.09259952138274
17.929292929292927,72.87878787878788,-91.98277625328221
17.929292929292927,73.08080808080808,-91.05812441696843
17.929292929292927,73.28282828282828,-91.7041573094308
17.929292929292927,73.48484848484848,-93.0794667410493
17.929292929292927,73.68686868686869,-93.7093754399157
17.929292929292927,73.88888888888889,-96.50949958429058
17.929292929292927,74.0909090909091,-94.54879394409029
17.929292929292927,74.29292929292929,-95.88998040489238
17.929292929292927,74.4949494949495,-97.96141370116835
17.929292929292927,74.6969696969697,-92.6262154787141
17.929292929292927,74.8989898989899,-95.97548204013752
17.929292929292927,75.1010101010101,-92.26502285386482
17.929292929292927,75.3030303030303,-93.1294111542374
17.929292929292927,75.5050505050505,-93.88216477273178
17.929292929292927,75.70707070707071,-93.81526429247589
17.929292929292927,75.9090909090909,-96.63561670250776
17.929292929292927,76.11111111111111,-91.55226339123382
17.929292929292927,76.31313131313131,-95.24191511034276
17.929292929292927,76.51515151515152,-94.81136633266851
17.929292929292927,76.71717171717171,-96.93271940305134
17.929292929292927,76.91919191919192,-97.56453481280425
17.929292929292927,77.12121212121212,-95.05058571060614
17.929292929292927,77.32323232323232,-95.72544420855755
17.929292929292927,77.52525252525253,-97.93780308832204
17.929292929292927,77.72727272727272,-99.47991672333123
17.929292929292927,77.92929292929293,-99.357964708183
17.929292929292927,78.13131313131314,-94.50392758286613
17.929292929292927,78.33333333333333,-98.32474036137617
17.929292929292927,78.53535353535354,-97.99351129796045
17.929292929292927,78.73737373737373,-94.53588433740933
17.929292929292927,78.93939393939394,-99.78526322692082
17.929292929292927,79.14141414141415,-99.1410786963746
17.929292929292927,79.34343434343434,-99.28218806728395
17.929292929292927,79.54545454545455,-94.78939094429525
17.929292929292927,79.74747474747474,-94.11055531879764
17.929292929292927,79.94949494949495,-96.5434728958437
17.929292929292927,80.15151515151516,-96.29175994034556
17.929292929292927,80.35353535353535,-99.24467402198222
17.929292929292927,80.55555555555556,-94.11675665860855
17.929292929292927,80.75757575757575,-97.2907851260837
17.929292929292927,80.95959595959596,-95.95194665559478
17.929292929292927,81.16161616161617,-97.8051562121117
17.929292929292927,81.36363636363636,-97.90143239226641
17.929292929292927,81.56565656565657,-93.90955258956862
17.929292929292927,81.76767676767676,-95.70468529376043
17.929292929292927,81.96969696969697,-93.9126018510054
17.929292929292927,82.17171717171718,-95.92153316442548
17.929292929292927,82.37373737373737,-98.11088297260021
17.929292929292927,82.57575757575758,-97.14084185143584
17.929292929292927,82.77777777777777,-95.4104525576141
17.929292929292927,82.97979797979798,-96.56059507039402
17.929292929292927,83.18181818181819,-97.25346518784804
17.929292929292927,83.38383838383838,-92.28335332976779
17.929292929292927,83.58585858585859,-95.79641850540094
17.929292929292927,83.78787878787878,-93.94469585800942
17.929292929292927,83.98989898989899,-93.25267637137186
17.929292929292927,84.1919191919192,-94.90284844705705
17.929292929292927,84.39393939393939,-90.83375929911745
17.929292929292927,84.5959595959596,-95.47558640648019
17.929292929292927,84.79797979797979,-92.66654243966711
17.929292929292927,85.0,-92.63106006281359
18.13131313131313,65.0,-79.78962805992283
18.13131313131313,65.20202020202021,-81.94141812544922
18.13131313131313,65.4040404040404,-80.03600927734449
18.13131313131313,65.60606060606061,-81.74270468660553
18.13131313131313,65.8080808080808,-86.3792694783036
18.13131313131313,66.01010101010101,-87.1478490731173
18.13131313131313,66.21212121212122,-91.4655860197158
18.13131313131313,66.41414141414141,-98.12448110628826
18.13131313131313,66.61616161616162,-102.2481730386562
18.13131313131313,66.81818181818181,-103.9645354453884
18.13131313131313,67.02020202020202,-111.13666713259319
18.13131313131313,67.22222222222223,-118.23378148035036
18.13131313131313,67.42424242424242,-123.90981912382782
18.13131313131313,67.62626262626263,-127.66739272521492
18.13131313131313,67.82828282828282,-130.28923096289702
18.13131313131313,68.03030303030303,-132.41915510756687
18.13131313131313,68.23232323232324,-133.39876496191155
18.13131313131313,68.43434343434343,-125.51897319263102
18.13131313131313,68.63636363636364,-123.0121177830598
18.13131313131313,68.83838383838383,-123.34584243864519
18.13131313131313,69.04040404040404,-116.24647230838289
18.13131313131313,69.24242424242425,-114.33107579291122
18.13131313131313,69.44444444444444,-109.7973885317596
18.13131313131313,69.64646464646465,-106.98711770854385
18.13131313131313,69.84848484848484,-104.94845310063927
18.13131313131313,70.05050505050505,-98.11745773342209
18.13131313131313,70.25252525252526,-101.6448102421038
18.13131313131313,70.45454545454545,-101.61454488234565
18.13131313131313,70.65656565656566,-100.65223478489162
18.13131313131313,70.85858585858585,-96.32511216163448
18.13131313131313,71.06060606060606,-101.19662251978637
18.13131313131313,71.26262626262626,-99.1242511081469
18.13131313131313,71.46464646464646,-94.27455208444498
18.13131313131313,71.66666666666667,-96.43597843030888
18.13131313131313,71.86868686868686,-96.12975928717825
18.13131313131313,72.07070707070707,-91.83749332509024
18.13131313131313,72.27272727272727,-95.15900806523767
18.13131313131313,72.47474747474747,-97.08510571380347
18.13131313131313,72.67676767676768,-95.9739264954294
18.13131313131313,72.87878787878788,-97.78676120400658
18.13131313131313,73.08080808080808,-92.63296490002764
18.13131313131313,73.28282828282828,-94.29917875813328
18.13131313131313,73.48484848484848,-92.73885467440545
18.13131313131313,73.68686868686869,-92.8372665951359
18.13131313131313,73.88888888888889,-96.05253455848066
18.13131313131313,74.0909090909091,-97.08488679356482
18.13131313131313,74.29292929292929,-95.76804411378612
18.13131313131313,74.4949494949495,-97.27224254009471
18.13131313131313,74.6969696969697,-95.22203673688462
18.13131313131313,74.8989898989899,-93.72672265376733
18.13131313131313,75.1010101010101,-96.07871634601923
18.13131313131313,75.3030303030303,-95.5383331806601
18.13131313131313,75.5050505050505,-96.34181258042885
18.13131313131313,75.70707070707071,-94.46136539755608
18.13131313131313,75.9090909090909,-97.64319865546773
18.13131313131313,76.11111111111111,-100.70925170318019
18.13131313131313,76.31313131313131,-95.6358028278035
18.13131313131313,76.51515151515152,-94.73967768787121
18.13131313131313,76.71717171717171,-96.1546923011595
18.13131313131313,76.91919191919192,-98.46697009995293
18.13131313131313,77.12121212121212,-99.80893699266157
18.13131313131313,77.32323232323232,-96.68856896187994
18.13131313131313,77.52525252525253,-97.51698831130093
18.13131313131313,77.72727272727272,-98.21386308965845
18.13131313131313,77.92929292929293,-94.74609686668187
18.13131313131313,78.13131313131314,-100.12827235214719
18.13131313131313,78.33333333333333,-95.07892645531709
18.13131313131313,78.53535353535354,-98.87962070824328
18.13131313131313,78.73737373737373,-102.78977456942792
18.13131313131313,78.93939393939394,-99.55438249789364
18.13131313131313,79.14141414141415,-97.67344530216782
18.13131313131313,79.34343434343434,-100.38768033766449
18.13131313131313,79.54545454545455,-102.56369903844791
18.13131313131313,79.74747474747474,-99.9731066890393
18.13131313131313,79.94949494949495,-101.46073757008008
18.13131313131313,80.15151515151516,-98.74286073512945
18.13131313131313,80.35353535353535,-98.14413535324186
18.13131313131313,80.55555555555556,-101.8266943175659
18.13131313131313,80.75757575757575,-101.12036549059155
18.13131313131313,80.95959595959596,-97.9145881267081
18.13131313131313,81.16161616161617,-100.68939991816671
18.13131313131313,81.36363636363636,-101.07237691134556
18.13131313131313,81.56565656565657,-101.19506434703155
18.13131313131313,81.76767676767676,-97.6978892206724
18.13131313131313,81.96969696969697,-97.89628348150796
18.13131313131313,82.17171717171718,-99.46295586916592
18.13131313131313,82.37373737373737,-97.85271341292334
18.13131313131313,82.57575757575758,-94.53633064452468
18.13131313131313,82.77777777777777,-99.31536435840643
18.13131313131313,82.97979797979798,-100.97870000799976
18.13131313131313,83.18181818181819,-95.83630921794962
18.13131313131313,83.38383838383838,-96.66333209347306
18.13131313131313,83.58585858585859,-97.32761984162961
18.13131313131313,83.78787878787878,-94.31718418244559
18.13131313131313,83.98989898989899,-93.80012238848575
18.13131313131313,84.1919191919192,-99.75076303485682
18.13131313131313,84.39393939393939,-96.39578236318034
18.13131313131313,84.5959595959596,-90.2884630779028
18.13131313131313,84.79797979797979,-93.40863998617289
18.13131313131313,85.0,-93.12753396065104
18.333333333333336,65.0,-79.07491336330607
18.333333333333336,65.20202020202021,-81.28814540868562
18.333333333333336,65.4040404040404,-81.17746862555956
18.333333333333336,65.60606060606061,-82.91040090664991
18.333333333333336,65.8080808080808,-85.45388652478253
18.333333333333336,66.01010101010101,-89.65360341802035
18.333333333333336,66.21212121212122,-92.54941335035925
18.333333333333336,66.41414141414141,-97.90156129742267
18.333333333333336,66.61616161616162,-101.7320651115473
18.333333333333336,66.81818181818181,-108.72129175599764
18.333333333333336,67.02020202020202,-113.51631026550035
18.333333333333336,67.22222222222223,-117.93097428168882
18.333333333333336,67.42424242424242,-124.19629730954375
18.333333333333336,67.62626262626263,-127.62487277850498
18.333333333333336,67.82828282828282,-129.59371739139584
18.333333333333336,68.03030303030303,-129.78119784685344
18.333333333333336,68.23232323232324,-127.98825167298656
18.333333333333336,68.43434343434343,-129.0792217031126
18.333333333333336,68.63636363636364,-122.2648322915643
18.333333333333336,68.83838383838383,-119.42050611064629
18.333333333333336,69.04040404040404,-116.40660936596889
18.333333333333336,69.24242424242425,-112.95219221700134
18.333333333333336,69.44444444444444,-109.56867151927
18.333333333333336,69.64646464646465,-104.87332360573066
18.333333333333336,69.84848484848484,-102.6990688281027
18.333333333333336,70.05050505050505,-100.74665518933055
18.333333333333336,70.25252525252526,-102.10001653701859
18.333333333333336,70.45454545454545,-100.36672545128287
18.333333333333336,70.65656565656566,-97.81666426294252
18.333333333333336,70.85858585858585,-101.1996968551599
18.333333333333336,71.06060606060606,-99.85431085138717
18.333333333333336,71.26262626262626,-98.6142896721784
18.333333333333336,71.46464646464646,-96.72201792508686
18.333333333333336,71.66666666666667,-96.2516081012771
18.333333333333336,71.86868686868686,-98.29344028144696
18.333333333333336,72.07070707070707,-100.57929241988528
18.333333333333336,72.27272727272727,-96.81102053359949
18.333333333333336,72.47474747474747,-99.08115245182
18.333333333333336,72.67676767676768,-99.98682264056828
18.333333333333336,72.87878787878788,-99.11162396780723
18.333333333333336,73.08080808080808,-96.19432952773126
18.333333333333336,73.28282828282828,-93.87153281381717
18.333333333333336,73.48484848484848,-96.33003109693826
18.333333333333336,73.68686868686869,-95.9524994400089
18.333333333333336,73.88888888888889,-94.18470550447105
18.333333333333336,74.0909090909091,-99.70065018590525
18.333333333333336,74.29292929292929,-95.59294397861835
18.333333333333336,74.4949494949495,-96.70915538555967
18.333333333333336,74.6969696969697,-95.6017072498537
18.333333333333336,74.8989898989899,-97.75512598620674
18.333333333333336,75.1010101010101,-98.70164001319209
18.333333333333336,75.3030303030303,-96.98093823081422
18.333333333333336,75.5050505050505,-94.15366236223723
18.333333333333336,75.70707070707071,-95.80773479062084
18.333333333333336,75.9090909090909,-98.55763153426139
18.333333333333336,76.11111111111111,-100.70708695122899
18.333333333333336,76.31313131313131,-101.43809301993798
18.333333333333336,76.51515151515152,-95.74800388610457
18.333333333333336,76.71717171717171,-100.43329647328245
18.333333333333336,76.91919191919192,-99.4233184087404
18.333333333333336,77.12121212121212,-96.20522983126239
18.333333333333336,77.32323232323232,-102.43506755339914
18.333333333333336,77.52525252525253,-96.2994472042206
18.333333333333336,77.72727272727272,-100.14705641553913
18.333333333333336,77.92929292929293,-102.18033017722803
18.333333333333336,78.13131313131314,-100.70118556534803
18.333333333333336,78.33333333333333,-101.62879888912254
18.333333333333336,78.53535353535354,-99.78221704204726
18.333333333333336,78.73737373737373,-102.24934575636428
18.333333333333336,78.93939393939394,-104.65220601412265
18.333333333333336,79.14141414141415,-101.49217765639938
18.333333333333336,79.34343434343434,-103.91007344656656
18.333333333333336,79.54545454545455,-100.96978901687618
18.333333333333336,79.74747474747474,-103.94963697245497
18.333333333333336,79.94949494949495,-102.54868958947202
18.333333333333336,80.15151515151516,-101.06182350009934
18.333333333333336,80.35353535353535,-101.69616863347773
18.333333333333336,80.55555555555556,-100.91879478002399
18.333333333333336,80.75757575757575,-99.80013772439112
18.333333333333336,80.95959595959596,-103.34186014643032
18.333333333333336,81.16161616161617,-101.15808391853768
18.333333333333336,81.36363636363636,-107.5177955232188
18.333333333333336,81.56565656565657,-99.89850795313525
18.333333333333336,81.76767676767676,-100.7847385906368
18.333333333333336,81.96969696969697,-102.02133533708356
18.333333333333336,82.17171717171718,-98.88017625943571
18.333333333333336,82.37373737373737,-97.10530657701474
18.333333333333336,82.57575757575758,-99.92922990123122
18.333333333333336,82.77777777777777,-100.51765674651276
18.333333333333336,82.97979797979798,-98.29711432928342
18.333333333333336,83.18181818181819,-101.03986575713574
18.333333333333336,83.38383838383838,-99.02916141578065
18.333333333333336,83.58585858585859,-94.96235064404965
18.333333333333336,83.78787878787878,-97.0978593986617
18.333333333333336,83.98989898989899,-100.97786976708709
18.333333333333336,84.1919191919192,-100.4614693332508
18.333333333333336,84.39393939393939,-96.16075816359402
18.333333333333336,84.5959595959596,-94.47723474677663
18.333333333333336,84.79797979797979,-99.32311894051543
18.333333333333336,85.0,-95.12966369683183
18.535353535353536,65.0,-79.95452920936427
18.535353535353536,65.20202020202021,-79.36806356388786
18.535353535353536,65.4040404040404,-82.74155464793978
18.535353535353536,65.60606060606061,-84.24896556071133
18.535353535353536,65.8080808080808,-90.35457257548015
18.535353535353536,66.01010101010101,-86.98592324844242
18.535353535353536,66.21212121212122,-94.47070352553988
18.535353535353536,66.41414141414141,-99.20701960093209
18.535353535353536,66.61616161616162,-102.71759171155742
18.535353535353536,66.81818181818181,-104.36969254066531
18.535353535353536,67.02020202020202,-107.87427948954345
18.535353535353536,67.22222222222223,-116.88760349048752
18.535353535353536,67.42424242424242,-119.63453019622371
18.535353535353536,67.62626262626263,-125.32548241140358
18.535353535353536,67.82828282828282,-129.91345861116912
18.535353535353536,68.03030303030303,-126.30977219030106
18.535353535353536,68.23232323232324,-130.06979778242618
18.535353535353536,68.43434343434343,-124.04098038697656
18.535353535353536,68.63636363636364,-121.76123826663468
18.535353535353536,68.83838383838383,-119.7154006345421
18.535353535353536,69.04040404040404,-113.51374469023266
18.535353535353536,69.24242424242425,-109.47230308267565
18.535353535353536,69.44444444444444,-111.02424956371979
18.535353535353536,69.64646464646465,-109.69840158772588
18.535353535353536,69.84848484848484,-109.96923619633746
18.535353535353536,70.05050505050505,-100.33597018513117
18.535353535353536,70.25252525252526,-104.4361773105038
18.535353535353536,70.45454545454545,-100.25931084168248
18.535353535353536,70.65656565656566,-103.38378198874835
18.535353535353536,70.85858585858585,-98.1187056029609
18.535353535353536,71.06060606060606,-102.10080586256451
18.535353535353536,71.26262626262626,-102.72766402236951
18.535353535353536,71.46464646464646,-100.25501219671291
18.535353535353536,71.66666666666667,-100.4906560322982
18.535353535353536,71.86868686868686,-98.08944509196056
18.535353535353536,72.07070707070707,-99.03154028389324
18.535353535353536,72.27272727272727,-97.19732273463255
18.535353535353536,72.47474747474747,-99.0931070449441
18.535353535353536,72.67676767676768,-99.6634396919469
18.535353535353536,72.87878787878788,-99.17690147952777
18.535353535353536,73.08080808080808,-93.79946111983675
18.535353535353536,73.28282828282828,-97.45095124549323
18.535353535353536,73.48484848484848,-101.66703015533292
18.535353535353536,73.68686868686869,-98.80434618041997
18.535353535353536,73.88888888888889,-97.45509321018038
18.535353535353536,74.0909090909091,-94.21800078052551
18.535353535353536,74.29292929292929,-95.84259613114837
18.535353535353536,74.4949494949495,-99.69461477971853
18.535353535353536,74.6969696969697,-93.29412553527736
18.535353535353536,74.8989898989899,-98.37965510301724
18.535353535353536,75.1010101010101,-95.68199814005754
18.535353535353536,75.3030303030303,-100.84151747579406
18.535353535353536,75.5050505050505,-103.48470035855141
18.535353535353536,75.70707070707071,-101.72722586222311
18.535353535353536,75.9090909090909,-105.55648550551723
18.535353535353536,76.11111111111111,-94.89399713376761
18.535353535353536,76.31313131313131,-98.98557889249315
18.535353535353536,76.51515151515152,-101.44579130933245
18.535353535353536,76.71717171717171,-99.20318112948091
18.535353535353536,76.91919191919192,-99.89664598536426
18.535353535353536,77.12121212121212,-98.92475273888618
18.535353535353536,77.32323232323232,-98.17959027768846
18.535353535353536,77.52525252525253,-101.44763202664636
18.535353535353536,77.72727272727272,-103.0971862387016
18.535353535353536,77.92929292929293,-100.02939012649436
18.535353535353536,78.13131313131314,-100.23378779932223
18.535353535353536,78.33333333333333,-102.10284847443575
18.535353535353536,78.53535353535354,-97.86136859352833
18.535353535353536,78.73737373737373,-103.51364976045362
18.535353535353536,78.93939393939394,-104.55882502938304
18.535353535353536,79.14141414141415,-102.05335256932423
18.535353535353536,79.34343434343434,-104.24564325382454
18.535353535353536,79.54545454545455,-102.01083627734495
18.535353535353536,79.74747474747474,-104.79810582264261
18.535353535353536,79.94949494949495,-104.13488683017778
18.535353535353536,80.15151515151516,-99.28203918194787
18.535353535353536,80.35353535353535,-103.90292563695634
18.535353535353536,80.55555555555556,-104.58545963914003
18.535353535353536,80.75757575757575,-100.45826249647074
18.535353535353536,80.95959595959596,-104.70799038683388
18.535353535353536,81.16161616161617,-103.93735840511829
18.535353535353536,81.36363636363636,-101.2986469157372
18.535353535353536,81.56565656565657,-100.34303578222223
18.535353535353536,81.76767676767676,-99.24900463619173
18.535353535353536,81.96969696969697,-103.08441250156608
18.535353535353536,82.17171717171718,-100.12078734638318
18.535353535353536,82.37373737373737,-101.89438766309593
18.535353535353536,82.57575757575758,-101.92560552662742
18.535353535353536,82.77777777777777,-97.97158890312116
18.535353535353536,82.97979797979798,-101.11359602653687
18.535353535353536,83.18181818181819,-99.06379298135192
18.535353535353536,83.38383838383838,-99.06687844574176
18.535353535353536,83.58585858585859,-101.16084631050609
18.535353535353536,83.78787878787878,-96.96564023794308
18.535353535353536,83.98989898989899,-97.57623862103519
18.535353535353536,84.1919191919192,-102.41969349622174
18.535353535353536,84.39393939393939,-97.46721422562968
18.535353535353536,84.5959595959596,-99.29868606629186
18.535353535353536,84.79797979797979,-95.31866800677072
18.535353535353536,85.0,-100.3622820886854
18.737373737373737,65.0,-83.19185046899673
18.737373737373737,65.20202020202021,-82.6016162071569
18.737373737373737,65.4040404040404,-84.07488113096404
18.737373737373737,65.60606060606061,-84.57507780078255
18.737373737373737,65.8080808080808,-90.33329811671163
18.737373737373737,66.01010101010101,-88.44745463754914
18.737373737373737,66.21212121212122,-93.59650739291891
18.737373737373737,66.41414141414141,-96.00288892792996
18.737373737373737,66.61616161616162,-101.00496862068292
18.737373737373737,66.81818181818181,-106.97238693382455
18.737373737373737,67.02020202020202,-113.6947964421603
18.737373737373737,67.22222222222223,-117.03309933626454
18.737373737373737,67.42424242424242,-117.18497827903232
18.737373737373737,67.62626262626263,-120.87803082771143
18.737373737373737,67.82828282828282,-127.1104940451327
18.737373737373737,68.03030303030303,-132.63625350272483
18.737373737373737,68.23232323232324,-127.23269678616542
18.737373737373737,68.43434343434343,-125.6071274710856
18.737373737373737,68.63636363636364,-123.18042413866522
18.737373737373737,68.83838383838383,-118.82096037804953
18.737373737373737,69.04040404040404,-115.10670565501768
18.737373737373737,69.24242424242425,-111.86482883629766
18.737373737373737,69.44444444444444,-110.51807717518572
18.737373737373737,69.64646464646465,-112.61988526945112
18.737373737373737,69.84848484848484,-108.00130012038434
18.737373737373737,70.05050505050505,-101.47025714199142
18.737373737373737,70.25252525252526,-104.16870108693672
18.737373737373737,70.45454545454545,-103.1756034267014
18.737373737373737,70.65656565656566,-102.51037937449448
18.737373737373737,70.85858585858585,-101.95001843836711
18.737373737373737,71.06060606060606,-106.93762454901807
18.737373737373737,71.26262626262626,-102.09991596772981
18.737373737373737,71.46464646464646,-101.2966091464072
18.737373737373737,71.66666666666667,-98.29671258066976
18.737373737373737,71.86868686868686,-100.64484522327852
18.737373737373737,72.07070707070707,-103.5132360613007
18.737373737373737,72.27272727272727,-99.05341148070524
18.737373737373737,72.47474747474747,-101.35347979366243
18.737373737373737,72.67676767676768,-101.99085633687072
18.737373737373737,72.87878787878788,-101.02032764962536
18.737373737373737,73.08080808080808,-98.31849160759705
18.737373737373737,73.28282828282828,-96.82310199695682
18.737373737373737,73.48484848484848,-98.26600407631248
18.737373737373737,73.68686868686869,-97.83762886868928
18.737373737373737,73.88888888888889,-98.45151091936954
18.737373737373737,74.0909090909091,-98.96010048297417
18.737373737373737,74.29292929292929,-97.79400947036078
18.737373737373737,74.4949494949495,-103.99917732914949
18.737373737373737,74.6969696969697,-99.18764900359726
18.737373737373737,74.8989898989899,-101.4684797612624
18.737373737373737,75.1010101010101,-97.20495032148172
18.737373737373737,75.3030303030303,-100.03887651217863
18.737373737373737,75.5050505050505,-99.67920443043036
18.737373737373737,75.70707070707071,-103.26724855000073
18.737373737373737,75.9090909090909,-98.44567887132452
18.737373737373737,76.11111111111111,-99.49385380867308
18.737373737373737,76.31313131313131,-99.75940838216538
18.737373737373737,76.51515151515152,-102.56083651828303
18.737373737373737,76.71717171717171,-103.12437317484375
18.737373737373737,76.91919191919192,-101.13938034950132
18.737373737373737,77.12121212121212,-103.35360702528351
18.737373737373737,77.32323232323232,-101.32856770297309
18.737373737373737,77.52525252525253,-106.68085202894592
18.737373737373737,77.72727272727272,-103.80465364118987
18.737373737373737,77.92929292929293,-99.426152973714
18.737373737373737,78.13131313131314,-102.37187045015884
18.737373737373737,78.33333333333333,-103.27019991197385
18.737373737373737,78.53535353535354,-100.01481592507899
18.737373737373737,78.73737373737373,-108.86596948868579
18.737373737373737,78.93939393939394,-105.89646422842982
18.737373737373737,79.14141414141415,-105.11680811235416
18.737373737373737,79.34343434343434,-102.68683585757624
18.737373737373737,79.54545454545455,-102.93321818555924
18.737373737373737,79.74747474747474,-106.65012306764518
18.737373737373737,79.94949494949495,-102.81064492580708
18.737373737373737,80.15151515151516,-105.52601787299237
18.737373737373737,80.35353535353535,-101.9986011110417
18.737373737373737,80.55555555555556,-106.72827493244189
18.737373737373737,80.75757575757575,-105.01479484967277
18.737373737373737,80.95959595959596,-105.24523246609726
18.737373737373737,81.16161616161617,-101.85280181189725
18.737373737373737,81.36363636363636,-104.92273778626645
18.737373737373737,81.56565656565657,-103.69085662597566
18.737373737373737,81.76767676767676,-102.29005716373794
18.737373737373737,81.96969696969697,-101.91616960119592
18.737373737373737,82.17171717171718,-101.17333890137475
18.737373737373737,82.37373737373737,-102.24865334504352
18.737373737373737,82.57575757575758,-103.02613484717
18.737373737373737,82.77777777777777,-102.67010353157593
18.737373737373737,82.97979797979798,-101.5867816412615
18.737373737373737,83.18181818181819,-100.86101651323074
18.737373737373737,83.38383838383838,-101.38114744325419
18.737373737373737,83.58585858585859,-100.65667033283651
18.737373737373737,83.78787878787878,-103.40937667764604
18.737373737373737,83.98989898989899,-98.77140719379004
18.737373737373737,84.1919191919192,-99.59331638575337
18.737373737373737,84.39393939393939,-97.43813270528776
18.737373737373737,84.5959595959596,-99.20633982569547
18.737373737373737,84.79797979797979,-102.61544130032135
18.737373737373737,85.0,-99.57454600623767
18.939393939393938,65.0,-83.94158367087131
18.939393939393938,65.20202020202021,-83.05370465273336
18.939393939393938,65.4040404040404,-87.99466543361585
18.939393939393938,65.60606060606061,-86.67906019013931
18.939393939393938,65.8080808080808,-88.31967248868986
18.939393939393938,66.01010101010101,-92.90508323141638
18.939393939393938,66.21212121212122,-94.97700408370457
18.939393939393938,66.41414141414141,-99.73927103942505
18.939393939393938,66.61616161616162,-103.93945548051298
18.939393939393938,66.81818181818181,-107.42555889582499
18.939393939393938,67.02020202020202,-112.10520710502436
18.939393939393938,67.22222222222223,-113.9638014826538
18.939393939393938,67.42424242424242,-120.04112190633217
18.939393939393938,67.62626262626263,-123.06474209412085
18.939393939393938,67.82828282828282,-120.31348450990008
18.939393939393938,68.03030303030303,-122.76989459820565
18.939393939393938,68.23232323232324,-128.1237274902452
18.939393939393938,68.43434343434343,-124.41210948186718
18.939393939393938,68.63636363636364,-120.77685306155901
18.939393939393938,68.83838383838383,-118.35943541966621
18.939393939393938,69.04040404040404,-119.29744481617685
18.939393939393938,69.24242424242425,-111.46088693660752
18.939393939393938,69.44444444444444,-110.09914475291
18.939393939393938,69.64646464646465,-108.82518912966077
18.939393939393938,69.84848484848484,-105.55147336978038
18.939393939393938,70.05050505050505,-106.2788664537942
18.939393939393938,70.25252525252526,-105.35424876150444
18.939393939393938,70.45454545454545,-101.7786503965374
18.939393939393938,70.65656565656566,-102.35382054631523
18.939393939393938,70.85858585858585,-105.69586215716399
18.939393939393938,71.06060606060606,-102.28511135759031
18.939393939393938,71.26262626262626,-104.33438988241161
18.939393939393938,71.46464646464646,-101.7376320177673
18.939393939393938,71.66666666666667,-101.23244080182228
18.939393939393938,71.86868686868686,-104.66738180056655
18.939393939393938,72.07070707070707,-101.89195515805355
18.939393939393938,72.27272727272727,-100.8857408858167
18.939393939393938,72.47474747474747,-102.10558083332587
18.939393939393938,72.67676767676768,-100.26567097477064
18.939393939393938,72.87878787878788,-99.22182171182097
18.939393939393938,73.08080808080808,-100.74912328151778
18.939393939393938,73.28282828282828,-99.98214319686251
18.939393939393938,73.48484848484848,-97.74224856846702
18.939393939393938,73.68686868686869,-99.55711717553186
18.939393939393938,73.88888888888889,-100.16938398681226
18.939393939393938,74.0909090909091,-102.36970493425991
18.939393939393938,74.29292929292929,-99.28596827770751
18.939393939393938,74.4949494949495,-99.90640259145282
18.939393939393938,74.6969696969697,-98.13355689289224
18.939393939393938,74.8989898989899,-100.78000151172706
18.939393939393938,75.1010101010101,-104.47023178597922
18.939393939393938,75.3030303030303,-104.59234934869764
18.939393939393938,75.5050505050505,-99.92602456362232
18.939393939393938,75.70707070707071,-102.62233736589022
18.939393939393938,75.9090909090909,-101.02174994705135
18.939393939393938,76.11111111111111,-101.66872393692967
18.939393939393938,76.31313131313131,-102.6512703267539
18.939393939393938,76.51515151515152,-102.68405697717282
18.939393939393938,76.71717171717171,-104.429903486132
18.939393939393938,76.91919191919192,-103.12959451713536
18.939393939393938,77.12121212121212,-104.45759234081503
18.939393939393938,77.32323232323232,-104.53220306656046
18.939393939393938,77.52525252525253,-104.75744350404788
18.939393939393938,77.72727272727272,-104.87341301764285
18.939393939393938,77.92929292929293,-102.84370472701535
18.939393939393938,78.13131313131314,-105.28567563965407
18.939393939393938,78.33333333333333,-103.21987211681076
18.939393939393938,78.53535353535354,-102.45031045395602
18.939393939393938,78.73737373737373,-104.13531699304188
18.939393939393938,78.93939393939394,-104.89746101715876
18.939393939393938,79.14141414141415,-105.5202552279107
18.939393939393938,79.34343434343434,-104.55770227474426
18.939393939393938,79.54545454545455,-106.22633526323531
18.939393939393938,79.74747474747474,-104.55555501854433
18.939393939393938,79.94949494949495,-105.01191886672562
18.939393939393938,80.15151515151516,-107.12284545547892
18.939393939393938,80.35353535353535,-104.70248613194273
18.939393939393938,80.55555555555556,-105.90418437091219
18.939393939393938,80.75757575757575,-106.32896716087049
18.939393939393938,80.95959595959596,-106.69895902439005
18.939393939393938,81.16161616161617,-105.30898572224504
18.939393939393938,81.36363636363636,-103.44643343223998
18.939393939393938,81.56565656565657,-103.22298375462105
18.939393939393938,81.76767676767676,-104.3460745756213
18.939393939393938,81.96969696969697,-103.55355219996366
18.939393939393938,82.17171717171718,-101.87113517535141
18.939393939393938,82.37373737373737,-104.6102223678051
18.939393939393938,82.57575757575758,-105.9794103975478
18.939393939393938,82.77777777777777,-100.79156326481461
18.939393939393938,82.97979797979798,-104.24232336785475
18.939393939393938,83.18181818181819,-104.28767401934473
18.939393939393938,83.38383838383838,-105.92633760876579
18.939393939393938,83.58585858585859,-101.08285758396049
18.939393939393938,83.78787878787878,-105.1119699345536
18.939393939393938,83.98989898989899,-102.91352819697842
18.939393939393938,84.1919191919192,-100.21545565727449
18.939393939393938,84.39393939393939,-99.559892879543
18.939393939393938,84.5959595959596,-101.96333492913398
18.939393939393938,84.79797979797979,-100.76138085395206
18.939393939393938,85.0,-101.9471990883618
19.141414141414142,65.0,-85.36662494094159
19.141414141414142,65.20202020202021,-84.69363676514956
19.141414141414142,65.4040404040404,-86.84186878345312
19.141414141414142,65.60606060606061,-88.11404277983706
19.141414141414142,65.8080808080808,-92.14016482009474
19.141414141414142,66.01010101010101,-90.85857111700008
19.141414141414142,66.21212121212122,-95.02035937894104
19.141414141414142,66.41414141414141,-98.00103515152854
19.141414141414142,66.61616161616162,-100.96511616568698
19.141414141414142,66.81818181818181,-108.29736087010374
19.141414141414142,67.02020202020202,-111.08436244777286
19.141414141414142,67.22222222222223,-117.37407283272786
19.141414141414142,67.42424242424242,-111.26575363578164
19.141414141414142,67.62626262626263,-120.09701453118893
19.141414141414142,67.82828282828282,-119.50676674956053
19.141414141414142,68.03030303030303,-124.55719763384
19.141414141414142,68.23232323232324,-120.26223930446866
19.141414141414142,68.43434343434343,-117.71952726200072
19.141414141414142,68.63636363636364,-119.89488197661728
19.141414141414142,68.83838383838383,-119.73739201122893
19.141414141414142,69.04040404040404,-116.10604416846887
19.141414141414142,69.24242424242425,-118.49887209351719
19.141414141414142,69.44444444444444,-112.14243347400748
19.141414141414142,69.64646464646465,-108.91330584318753
19.141414141414142,69.84848484848484,-109.34148080024327
19.141414141414142,70.05050505050505,-108.79934495091555
19.141414141414142,70.25252525252526,-106.3635948891989
19.141414141414142,70.45454545454545,-105.27809733417004
19.141414141414142,70.65656565656566,-109.16774417437223
19.141414141414142,70.85858585858585,-105.05185471112173
19.141414141414142,71.06060606060606,-99.95790894080817
19.141414141414142,71.26262626262626,-107.26888027736068
19.141414141414142,71.46464646464646,-104.35584150436635
19.141414141414142,71.66666666666667,-99.78044031502769
19.141414141414142,71.86868686868686,-101.35288495604627
19.141414141414142,72.07070707070707,-104.26075703169492
19.141414141414142,72.27272727272727,-102.35343094478425
19.141414141414142,72.47474747474747,-102.59796014393311
19.141414141414142,72.67676767676768,-103.57105100924686
19.141414141414142,72.87878787878788,-102.30735228011235
19.141414141414142,73.08080808080808,-102.63459787577563
19.141414141414142,73.28282828282828,-101.75171268859935
19.141414141414142,73.48484848484848,-103.23543096410462
19.141414141414142,73.68686868686869,-104.3506847329671
19.141414141414142,73.88888888888889,-101.7616651689356
19.141414141414142,74.0909090909091,-98.44790739626514
19.141414141414142,74.29292929292929,-101.66978356966
19.141414141414142,74.4949494949495,-102.54021915868297
19.141414141414142,74.6969696969697,-100.6913961989569
19.141414141414142,74.8989898989899,-102.37051595652956
19.141414141414142,75.1010101010101,-98.59809556147898
19.141414141414142,75.3030303030303,-102.49781241586908
19.141414141414142,75.5050505050505,-101.09682231370687
19.141414141414142,75.70707070707071,-104.35862929303957
19.141414141414142,75.9090909090909,-102.00386283869366
19.141414141414142,76.11111111111111,-102.84389418660227
19.141414141414142,76.31313131313131,-103.73898999069698
19.141414141414142,76.51515151515152,-104.79693901687278
19.141414141414142,76.71717171717171,-105.53467581040873
19.141414141414142,76.91919191919192,-104.17394415329572
19.141414141414142,77.12121212121212,-103.49063524161504
19.141414141414142,77.32323232323232,-105.5287339117114
19.141414141414142,77.52525252525253,-105.01055579278297
19.141414141414142,77.72727272727272,-105.89199032975371
19.141414141414142,77.92929292929293,-106.05178816601877
19.141414141414142,78.13131313131314,-107.07804082564881
19.141414141414142,78.33333333333333,-106.88096080730631
19.141414141414142,78.53535353535354,-101.71161163327437
19.141414141414142,78.73737373737373,-106.77090028293004
19.141414141414142,78.93939393939394,-106.1785612103785
19.141414141414142,79.14141414141415,-106.74698183413321
19.141414141414142,79.34343434343434,-108.23336444660836
19.141414141414142,79.54545454545455,-105.46116580873604
19.141414141414142,79.74747474747474,-108.42077965781341
19.141414141414142,79.94949494949495,-105.85536656717078
19.141414141414142,80.15151515151516,-108.613417583505
19.141414141414142,80.35353535353535,-110.02958326627017
19.141414141414142,80.55555555555556,-107.41100032954526
19.141414141414142,80.75757575757575,-110.06303397067327
19.141414141414142,80.95959595959596,-106.57979611755147
19.141414141414142,81.16161616161617,-109.86858487828717
19.141414141414142,81.36363636363636,-107.76409055317386
19.141414141414142,81.56565656565657,-109.78339519547848
19.141414141414142,81.76767676767676,-100.98008487109729
19.141414141414142,81.96969696969697,-109.69427314897989
19.141414141414142,82.17171717171718,-106.0663131719769
19.141414141414142,82.37373737373737,-103.31990316305844
19.141414141414142,82.57575757575758,-103.63171116221585
19.141414141414142,82.77777777777777,-103.43754100053998
19.141414141414142,82.97979797979798,-105.32329257852653
19.141414141414142,83.18181818181819,-101.6528469259873
19.141414141414142,83.38383838383838,-101.84186403528032
19.141414141414142,83.58585858585859,-103.13865618898416
19.141414141414142,83.78787878787878,-102.82868427967833
19.141414141414142,83.98989898989899,-103.64613373869136
19.141414141414142,84.1919191919192,-104.59867090215343
19.141414141414142,84.39393939393939,-99.9541986509342
19.141414141414142,84.5959595959596,-99.46039649000099
19.141414141414142,84.79797979797979,-103.84802820576725
19.141414141414142,85.0,-102.12897561622538
19.343434343434343,65.0,-85.82193866541292
19.343434343434343,65.20202020202021,-86.1121826182267
19.343434343434343,65.4040404040404,-87.04551088194987
19.343434343434343,65.60606060606061,-87.5286543783154
19.343434343434343,65.8080808080808,-91.98455010257561
19.343434343434343,66.01010101010101,-95.04947018751827
19.343434343434343,66.21212121212122,-94.71587984765473
19.343434343434343,66.41414141414141,-100.61013751541839
19.343434343434343,66.61616161616162,-105.52492803116192
19.343434343434343,66.81818181818181,-107.51745229455011
19.343434343434343,67.02020202020202,-110.85341301315069
19.343434343434343,67.22222222222223,-110.30260451316994
19.343434343434343,67.42424242424242,-114.3802484179001
19.343434343434343,67.62626262626263,-116.19139267644317
19.343434343434343,67.82828282828282,-118.10746437386022
19.343434343434343,68.03030303030303,-118.47902163072692
19.343434343434343,68.23232323232324,-121.71954624551734
19.343434343434343,68.43434343434343,-120.25535611112228
19.343434343434343,68.63636363636364,-120.80318860237469
19.343434343434343,68.83838383838383,-117.84413384547922
19.343434343434343,69.04040404040404,-114.52732196270833
19.343434343434343,69.24242424242425,-113.82602963086794
19.343434343434343,69.44444444444444,-110.2102319115069
19.343434343434343,69.64646464646465,-113.84191046652218
19.343434343434343,69.84848484848484,-109.35022500560247
19.343434343434343,70.05050505050505,-111.9585711021412
19.343434343434343,70.25252525252526,-108.3170302827529
19.343434343434343,70.45454545454545,-106.50051514940314
19.343434343434343,70.65656565656566,-107.8312727189641
19.343434343434343,70.85858585858585,-105.88901975207685
19.343434343434343,71.06060606060606,-108.43036704951109
19.343434343434343,71.26262626262626,-109.26528571588135
19.343434343434343,71.46464646464646,-104.44863202558463
19.343434343434343,71.66666666666667,-101.48864119761079
19.343434343434343,71.86868686868686,-106.66823764263478
19.343434343434343,72.07070707070707,-101.88997323462785
19.343434343434343,72.27272727272727,-104.26224432427082
19.343434343434343,72.47474747474747,-106.78844418106802
19.343434343434343,72.67676767676768,-106.15496634028898
19.343434343434343,72.87878787878788,-103.53739312185111
19.343434343434343,73.08080808080808,-104.10197793633554
19.343434343434343,73.28282828282828,-105.89665042809911
19.343434343434343,73.48484848484848,-106.56706382112803
19.343434343434343,73.68686868686869,-104.87996377045648
19.343434343434343,73.88888888888889,-102.85437991227012
19.343434343434343,74.0909090909091,-103.24540977138267
19.343434343434343,74.29292929292929,-104.33102137806054
19.343434343434343,74.4949494949495,-103.03549733278899
19.343434343434343,74.6969696969697,-101.52278272341857
19.343434343434343,74.8989898989899,-102.74436924073387
19.343434343434343,75.1010101010101,-104.03318428974362
19.343434343434343,75.3030303030303,-101.98589977492716
19.343434343434343,75.5050505050505,-106.07583118561816
19.343434343434343,75.70707070707071,-104.80718066863201
19.343434343434343,75.9090909090909,-104.99791959901036
19.343434343434343,76.11111111111111,-107.13009668549185
19.343434343434343,76.31313131313131,-105.95941751302712
19.343434343434343,76.51515151515152,-109.72689262876258
19.343434343434343,76.71717171717171,-101.82881109803014
19.343434343434343,76.91919191919192,-107.6917081655531
19.343434343434343,77.12121212121212,-103.24712929274014
19.343434343434343,77.32323232323232,-106.52257257436501
19.343434343434343,77.52525252525253,-105.99685372288391
19.343434343434343,77.72727272727272,-108.43777829107496
19.343434343434343,77.92929292929293,-107.3846794805786
19.343434343434343,78.13131313131314,-106.9345512281642
19.343434343434343,78.33333333333333,-106.98918724520365
19.343434343434343,78.53535353535354,-106.90424400458762
19.343434343434343,78.73737373737373,-109.67886708942429
19.343434343434343,78.93939393939394,-109.81839124442334
19.343434343434343,79.14141414141415,-112.35929280776737
19.343434343434343,79.34343434343434,-108.31609455933066
19.343434343434343,79.54545454545455,-107.35870624903106
19.343434343434343,79.74747474747474,-106.23997771351173
19.343434343434343,79.94949494949495,-108.94784069930736
19.343434343434343,80.15151515151516,-110.98678041259822
19.343434343434343,80.35353535353535,-112.74879712066353
19.343434343434343,80.55555555555556,-107.33025572778415
19.343434343434343,80.75757575757575,-112.88237279961592
19.343434343434343,80.95959595959596,-109.80902175806547
19.343434343434343,81.16161616161617,-109.48198837383039
19.343434343434343,81.36363636363636,-108.690152394278
19.343434343434343,81.56565656565657,-108.50110232426572
19.343434343434343,81.76767676767676,-107.90670793541545
19.343434343434343,81.96969696969697,-112.85399369187284
19.343434343434343,82.17171717171718,-107.83392037960766
19.343434343434343,82.37373737373737,-111.96431132083742
19.343434343434343,82.57575757575758,-105.6415761685805
19.343434343434343,82.77777777777777,-107.69146286447128
19.343434343434343,82.97979797979798,-110.48351524308273
19.343434343434343,83.18181818181819,-107.22952188377265
19.343434343434343,83.38383838383838,-106.73541369597174
19.343434343434343,83.58585858585859,-102.87086815295517
19.343434343434343,83.78787878787878,-104.27697145732475
19.343434343434343,83.98989898989899,-103.82272418133243
19.343434343434343,84.1919191919192,-101.92148656587176
19.343434343434343,84.39393939393939,-104.10542878723301
19.343434343434343,84.5959595959596,-102.12649583637949
19.343434343434343,84.79797979797979,-102.0272555254168
19.343434343434343,85.0,-105.75365793515171
19.545454545454547,65.0,-84.38671878961732
19.545454545454547,65.20202020202021,-88.87750032939576
19.545454545454547,65.4040404040404,-86.59147157990489
19.545454545454547,65.60606060606061,-91.86421705517577
19.545454545454547,65.8080808080808,-91.05538130277147
19.545454545454547,66.01010101010101,-91.81522200929936
19.545454545454547,66.21212121212122,-97.78844929989792
19.545454545454547,66.41414141414141,-101.07195458363897
19.545454545454547,66.61616161616162,-102.74675506134828
19.545454545454547,66.81818181818181,-107.68704375363136
19.545454545454547,67.02020202020202,-106.90345603156732
19.545454545454547,67.22222222222223,-112.6562658463582
19.545454545454547,67.42424242424242,-115.82289317799996
19.545454545454547,67.62626262626263,-118.32825453045746
19.545454545454547,67.82828282828282,-120.15215577983032
19.545454545454547,68.03030303030303,-120.45713942110326
19.545454545454547,68.23232323232324,-119.98774562598628
19.545454545454547,68.43434343434343,-119.89615622574325
19.545454545454547,68.63636363636364,-119.19187206976626
19.545454545454547,68.83838383838383,-112.80455708864466
19.545454545454547,69.04040404040404,-117.83516985893016
19.545454545454547,69.24242424242425,-114.27261555576364
19.545454545454547,69.44444444444444,-112.15784903228796
19.545454545454547,69.64646464646465,-111.21122401230421
19.545454545454547,69.84848484848484,-111.50819211868854
19.545454545454547,70.05050505050505,-111.02221943460648
19.545454545454547,70.25252525252526,-108.86833045339569
19.545454545454547,70.45454545454545,-108.56166470465044
19.545454545454547,70.65656565656566,-109.4503946204201
19.545454545454547,70.85858585858585,-111.263714337639
19.545454545454547,71.06060606060606,-108.77817306870939
19.545454545454547,71.26262626262626,-109.38750299343769
19.545454545454547,71.46464646464646,-108.327134349569
19.545454545454547,71.66666666666667,-106.31026978040265
19.545454545454547,71.86868686868686,-105.45294030792603
19.545454545454547,72.07070707070707,-102.40310927442155
19.545454545454547,72.27272727272727,-106.75720231884102
19.545454545454547,72.47474747474747,-103.76983735248545
19.545454545454547,72.67676767676768,-104.41988634606187
19.545454545454547,72.87878787878788,-102.49821502155216
19.545454545454547,73.08080808080808,-103.47627703448426
19.545454545454547,73.28282828282828,-106.72144010256353
19.545454545454547,73.48484848484848,-108.3082448000613
19.545454545454547,73.68686868686869,-103.9289362760613
19.545454545454547,73.88888888888889,-105.75182950495271
19.545454545454547,74.0909090909091,-106.8234157663191
19.545454545454547,74.29292929292929,-107.08874636900771
19.545454545454547,74.4949494949495,-104.56019617643486
19.545454545454547,74.6969696969697,-101.84626917045995
19.545454545454547,74.8989898989899,-105.83146091494667
19.545454545454547,75.1010101010101,-104.15700141981614
19.545454545454547,75.3030303030303,-105.61217968836118
19.545454545454547,75.5050505050505,-108.04506542468098
19.545454545454547,75.70707070707071,-104.1950240209868
19.545454545454547,75.9090909090909,-108.03263267898102
19.545454545454547,76.11111111111111,-106.08351796415624
19.545454545454547,76.31313131313131,-107.36172252470844
19.545454545454547,76.51515151515152,-105.01505233464962
19.545454545454547,76.71717171717171,-109.15450981104667
19.545454545454547,76.91919191919192,-106.80712926574343
19.545454545454547,77.12121212121212,-109.59511051184076
19.545454545454547,77.32323232323232,-109.29774862063022
19.545454545454547,77.52525252525253,-115.5796806763383
19.545454545454547,77.72727272727272,-104.61574116151144
19.545454545454547,77.92929292929293,-108.07519866368987
19.545454545454547,78.13131313131314,-111.01505472667608
19.545454545454547,78.33333333333333,-112.17685358355607
19.545454545454547,78.53535353535354,-111.3388651782773
19.545454545454547,78.73737373737373,-108.96887951131805
19.545454545454547,78.93939393939394,-114.35535292016169
19.545454545454547,79.14141414141415,-110.98600692137153
19.545454545454547,79.34343434343434,-107.27092967438037
19.545454545454547,79.54545454545455,-113.410337422194
19.545454545454547,79.74747474747474,-110.71829899034513
19.545454545454547,79.94949494949495,-106.61182009928493
19.545454545454547,80.15151515151516,-109.93118086510529
19.545454545454547,80.35353535353535,-110.82745460302966
19.545454545454547,80.55555555555556,-110.17785237387776
19.545454545454547,80.75757575757575,-111.6131460782356
19.545454545454547,80.95959595959596,-108.21691963965912
19.545454545454547,81.16161616161617,-111.59800730017506
19.545454545454547,81.36363636363636,-114.27743546020889
19.545454545454547,81.56565656565657,-110.94161523405774
19.545454545454547,81.76767676767676,-111.82406500137573
19.545454545454547,81.96969696969697,-110.2522454702976
19.545454545454547,82.17171717171718,-109.84165972580293
19.545454545454547,82.37373737373737,-106.24354409749331
19.545454545454547,82.57575757575758,-107.29257309051063
19.545454545454547,82.77777777777777,-107.8401605204942
19.545454545454547,82.97979797979798,-107.97396167519959
19.545454545454547,83.18181818181819,-109.517506447442
19.545454545454547,83.38383838383838,-111.2481847439479
19.545454545454547,83.58585858585859,-106.39059439101369
19.545454545454547,83.78787878787878,-104.54074648141696
19.545454545454547,83.98989898989899,-106.10373003468925
19.545454545454547,84.1919191919192,-106.69249805152009
19.545454545454547,84.39393939393939,-104.41040486507136
19.545454545454547,84.5959595959596,-105.18975798132502
19.545454545454547,84.79797979797979,-101.26202297153576
19.545454545454547,85.0,-101.9392538671987
19.747474747474747,65.0,-86.21205761643157
19.747474747474747,65.20202020202021,-86.88172768542272
19.747474747474747,65.4040404040404,-90.77986521908153
19.747474747474747,65.60606060606061,-89.58728651167206
19.747474747474747,65.8080808080808,-92.42962972803308
19.747474747474747,66.01010101010101,-94.58261703746885
19.747474747474747,66.21212121212122,-97.70383464651864
19.747474747474747,66.41414141414141,-100.73014613318213
19.747474747474747,66.61616161616162,-100.14994523212006
19.747474747474747,66.81818181818181,-107.77002368747182
19.747474747474747,67.02020202020202,-108.80532255903633
19.747474747474747,67.22222222222223,-113.89663871894886
19.747474747474747,67.42424242424242,-113.39997244077216
19.747474747474747,67.62626262626263,-115.0056212891864
19.747474747474747,67.82828282828282,-117.05199259014267
19.747474747474747,68.03030303030303,-115.38280902817637
19.747474747474747,68.23232323232324,-120.447755591552
19.747474747474747,68.43434343434343,-119.65840132443866
19.747474747474747,68.63636363636364,-117.53433411015949
19.747474747474747,68.83838383838383,-115.21965654426889
19.747474747474747,69.04040404040404,-115.84485229045319
19.747474747474747,69.24242424242425,-112.7243523233692
19.747474747474747,69.44444444444444,-115.5684495849964
19.747474747474747,69.64646464646465,-115.82035925161108
19.747474747474747,69.84848484848484,-111.97520660317001
19.747474747474747,70.05050505050505,-112.0150571755783
19.747474747474747,70.25252525252526,-110.09489584349508
19.747474747474747,70.45454545454545,-110.77102449350096
19.747474747474747,70.65656565656566,-110.76364442587081
19.747474747474747,70.85858585858585,-109.82409260668952
19.747474747474747,71.06060606060606,-109.06327031707919
19.747474747474747,71.26262626262626,-109.22468747003055
19.747474747474747,71.46464646464646,-108.5832366042996
19.747474747474747,71.66666666666667,-108.67762314972668
19.747474747474747,71.86868686868686,-105.8830882170313
19.747474747474747,72.07070707070707,-106.95176332020246
19.747474747474747,72.27272727272727,-102.57328594748006
19.747474747474747,72.47474747474747,-106.70238567914761
19.747474747474747,72.67676767676768,-107.53688752289338
19.747474747474747,72.87878787878788,-101.04702765686
19.747474747474747,73.08080808080808,-105.43742312309682
19.747474747474747,73.28282828282828,-104.07589146614731
19.747474747474747,73.48484848484848,-104.86290235488656
19.747474747474747,73.68686868686869,-104.88886915957873
19.747474747474747,73.88888888888889,-104.71788002050961
19.747474747474747,74.0909090909091,-108.07860591047398
19.747474747474747,74.29292929292929,-105.46587097922469
19.747474747474747,74.4949494949495,-108.90116824168739
19.747474747474747,74.6969696969697,-106.45309839226712
19.747474747474747,74.8989898989899,-108.03427813399067
19.747474747474747,75.1010101010101,-106.04389469571281
19.747474747474747,75.3030303030303,-105.87911928302486
19.747474747474747,75.5050505050505,-105.90651756481432
19.747474747474747,75.70707070707071,-106.53847897673508
19.747474747474747,75.9090909090909,-108.55946284694076
19.747474747474747,76.11111111111111,-108.3426701055088
19.747474747474747,76.31313131313131,-106.11001708315175
19.747474747474747,76.51515151515152,-106.08179101217
19.747474747474747,76.71717171717171,-110.93786239743261
19.747474747474747,76.91919191919192,-112.05016027516696
19.747474747474747,77.12121212121212,-110.87344366214793
19.747474747474747,77.32323232323232,-107.51316944747201
19.747474747474747,77.52525252525253,-107.4162762615547
19.747474747474747,77.72727272727272,-112.10945947581983
19.747474747474747,77.92929292929293,-110.1671451577467
19.747474747474747,78.13131313131314,-107.22070851972771
19.747474747474747,78.33333333333333,-110.44798202341971
19.747474747474747,78.53535353535354,-108.64428813283364
19.747474747474747,78.73737373737373,-109.80199000416563
19.747474747474747,78.93939393939394,-113.9058361965334
19.747474747474747,79.14141414141415,-112.33935128330462
19.747474747474747,79.34343434343434,-112.12701670775718
19.747474747474747,79.54545454545455,-112.19883407259049
19.747474747474747,79.74747474747474,-110.6798143873255
19.747474747474747,79.94949494949495,-111.80100034568562
19.747474747474747,80.15151515151516,-118.37983194813998
19.747474747474747,80.35353535353535,-115.02932762408567
19.747474747474747,80.55555555555556,-116.84441782444999
19.747474747474747,80.75757575757575,-112.3444192350771
19.747474747474747,80.95959595959596,-112.03008381680742
19.747474747474747,81.16161616161617,-111.84520117118946
19.747474747474747,81.36363636363636,-114.07884713140265
19.747474747474747,81.56565656565657,-110.75292255226836
19.747474747474747,81.76767676767676,-110.22701057735728
19.747474747474747,81.96969696969697,-114.07488572968593
19.747474747474747,82.17171717171718,-114.11927051777143
19.747474747474747,82.37373737373737,-110.73961681371256
19.747474747474747,82.57575757575758,-106.52640277904598
19.747474747474747,82.77777777777777,-106.39721618737512
19.747474747474747,82.97979797979798,-108.41763386226802
19.747474747474747,83.18181818181819,-110.4191262596439
19.747474747474747,83.38383838383838,-106.76987309688982
19.747474747474747,83.58585858585859,-109.01640677687669
19.747474747474747,83.78787878787878,-109.19942637774982
19.747474747474747,83.98989898989899,-111.68394458310183
19.747474747474747,84.1919191919192,-106.82368846482237
19.747474747474747,84.39393939393939,-107.98145031062141
19.747474747474747,84.5959595959596,-106.38120452733259
19.747474747474747,84.79797979797979,-110.69098479193894
19.747474747474747,85.0,-105.67514988362664
19.949494949494948,65.0,-91.802076287161
19.949494949494948,65.20202020202021,-87.32479202679222
19.949494949494948,65.4040404040404,-89.14480911419182
19.949494949494948,65.60606060606061,-92.01760773416565
19.949494949494948,65.8080808080808,-93.05568680964618
19.949494949494948,66.01010101010101,-97.92291707356135
19.949494949494948,66.21212121212122,-99.32455305253583
19.949494949494948,66.41414141414141,-101.19498422724521
19.949494949494948,66.61616161616162,-110.74752834566162
19.949494949494948,66.81818181818181,-108.97430329402589
19.949494949494948,67.02020202020202,-111.08535536155209
19.949494949494948,67.22222222222223,-113.78961942977003
19.949494949494948,67.42424242424242,-112.67314582199037
19.949494949494948,67.62626262626263,-118.94810381234605
19.949494949494948,67.82828282828282,-119.10121807467877
19.949494949494948,68.03030303030303,-122.35367277122441
19.949494949494948,68.23232323232324,-115.75331350378549
19.949494949494948,68.43434343434343,-119.41039113127744
19.949494949494948,68.63636363636364,-119.13342836704275
19.949494949494948,68.83838383838383,-117.59465874127372
19.949494949494948,69.04040404040404,-115.48109176004739
19.949494949494948,69.24242424242425,-115.44800965152793
19.949494949494948,69.44444444444444,-110.08108089664434
19.949494949494948,69.64646464646465,-113.83734328475472
19.949494949494948,69.84848484848484,-114.87754135798399
19.949494949494948,70.05050505050505,-114.29612665248958
19.949494949494948,70.25252525252526,-113.23750537712823
19.949494949494948,70.45454545454545,-115.00015644094304
19.949494949494948,70.65656565656566,-111.32566629577754
19.949494949494948,70.85858585858585,-109.1753526163183
19.949494949494948,71.06060606060606,-111.50305880606791
19.949494949494948,71.26262626262626,-111.59362656578634
19.949494949494948,71.46464646464646,-106.81712720012531
19.949494949494948,71.66666666666667,-112.26595502587291
19.949494949494948,71.86868686868686,-113.279986227131
19.949494949494948,72.07070707070707,-111.11142159798769
19.949494949494948,72.27272727272727,-111.33826507384184
19.949494949494948,72.47474747474747,-107.56076874932566
19.949494949494948,72.67676767676768,-108.62643354876224
19.949494949494948,72.87878787878788,-108.09082453468737
19.949494949494948,73.08080808080808,-105.49212393524373
19.949494949494948,73.28282828282828,-108.74230740443019
19.949494949494948,73.48484848484848,-105.92193776960457
19.949494949494948,73.68686868686869,-104.51599086164366
19.949494949494948,73.88888888888889,-108.42664769545783
19.949494949494948,74.0909090909091,-105.85892570538194
19.949494949494948,74.29292929292929,-108.00707187848437
19.949494949494948,74.4949494949495,-105.67757397410064
19.949494949494948,74.6969696969697,-110.89914197504865
19.949494949494948,74.8989898989899,-110.92293353717804
19.949494949494948,75.1010101010101,-108.66042889166883
19.949494949494948,75.3030303030303,-109.89385568754247
19.949494949494948,75.5050505050505,-109.47926622963102
19.949494949494948,75.70707070707071,-108.97733995930524
19.949494949494948,75.9090909090909,-107.37747271561946
19.949494949494948,76.11111111111111,-109.92643939232725
19.949494949494948,76.31313131313131,-110.90619518610131
19.949494949494948,76.51515151515152,-110.25547922645485
19.949494949494948,76.71717171717171,-111.5379841612802
19.949494949494948,76.91919191919192,-111.95645898678616
19.949494949494948,77.12121212121212,-114.05260422351412
19.949494949494948,77.32323232323232,-110.91591662443624
19.949494949494948,77.52525252525253,-112.33509636502919
19.949494949494948,77.72727272727272,-109.6771524200344
19.949494949494948,77.92929292929293,-114.72343416816621
19.949494949494948,78.13131313131314,-113.34064418098382
19.949494949494948,78.33333333333333,-109.07437549453567
19.949494949494948,78.53535353535354,-114.81526527828353
19.949494949494948,78.73737373737373,-113.60813507434474
19.949494949494948,78.93939393939394,-116.04305412703287
19.949494949494948,79.14141414141415,-116.2367739589025
19.949494949494948,79.34343434343434,-110.57896326684026
19.949494949494948,79.54545454545455,-113.43924222119884
19.949494949494948,79.74747474747474,-113.60522029088156
19.949494949494948,79.94949494949495,-117.54766413012247
19.949494949494948,80.15151515151516,-113.32943333749625
19.949494949494948,80.35353535353535,-111.74938691824876
19.949494949494948,80.55555555555556,-111.81284321864432
19.949494949494948,80.75757575757575,-112.69553126825086
19.949494949494948,80.95959595959596,-116.36032032541391
19.949494949494948,81.16161616161617,-113.60788942378305
19.949494949494948,81.36363636363636,-112.60683004435295
19.949494949494948,81.56565656565657,-117.39273846407042
19.949494949494948,81.76767676767676,-115.95131041748779
19.949494949494948,81.96969696969697,-111.68399302410374
19.949494949494948,82.17171717171718,-111.40515143254599
19.949494949494948,82.37373737373737,-115.70140705829284
19.949494949494948,82.57575757575758,-110.57498003853176
19.949494949494948,82.77777777777777,-111.22884289143634
19.949494949494948,82.97979797979798,-109.49024618867955
19.949494949494948,83.18181818181819,-111.77410932988802
19.949494949494948,83.38383838383838,-108.82655045911325
19.949494949494948,83.58585858585859,-107.86154879283838
19.949494949494948,83.78787878787878,-109.95884404922762
19.949494949494948,83.98989898989899,-108.872458710113
19.949494949494948,84.1919191919192,-109.81937623929369
19.949494949494948,84.39393939393939,-104.78555153137798
19.949494949494948,84.5959595959596,-108.22417262199514
19.949494949494948,84.79797979797979,-109.3855435069038
19.949494949494948,85.0,-108.7374711946903
20.15151515151515,65.0,-89.21423166068037
20.15151515151515,65.20202020202021,-88.7171952377446
20.15151515151515,65.4040404040404,-92.88308541149188
20.15151515151515,65.60606060606061,-89.99765732737741
20.15151515151515,65.8080808080808,-94.26542983324815
20.15151515151515,66.01010101010101,-96.81662065831647
20.15151515151515,66.21212121212122,-100.41596807965061
20.15151515151515,66.41414141414141,-103.45536561272465
20.15151515151515,66.61616161616162,-106.68563431974309
20.15151515151515,66.81818181818181,-107.33687635708004
20.15151515151515,67.02020202020202,-111.81813631935555
20.15151515151515,67.22222222222223,-112.72178698019253
20.15151515151515,67.42424242424242,-116.90341551510929
20.15151515151515,67.62626262626263,-116.93544967721876
20.15151515151515,67.82828282828282,-119.84211188762704
20.15151515151515,68.03030303030303,-116.73343905852661
20.15151515151515,68.23232323232324,-121.05688259949045
20.15151515151515,68.43434343434343,-120.02235490818664
20.15151515151515,68.63636363636364,-119.35121260418303
20.15151515151515,68.83838383838383,-118.93762102167543
20.15151515151515,69.04040404040404,-116.49287260165549
20.15151515151515,69.24242424242425,-117.81455800997344
20.15151515151515,69.44444444444444,-113.8562638529273
20.15151515151515,69.64646464646465,-117.51359529616069
20.15151515151515,69.84848484848484,-114.96426305393543
20.15151515151515,70.05050505050505,-116.05640323275493
20.15151515151515,70.25252525252526,-113.07408167470123
20.15151515151515,70.45454545454545,-113.42190138549421
20.15151515151515,70.65656565656566,-112.99465369315037
20.15151515151515,70.85858585858585,-110.20041930451968
20.15151515151515,71.06060606060606,-113.322362268961
20.15151515151515,71.26262626262626,-110.25464269327367
20.15151515151515,71.46464646464646,-112.76846910919038
20.15151515151515,71.66666666666667,-110.27112219929195
20.15151515151515,71.86868686868686,-112.76453051259337
20.15151515151515,72.07070707070707,-111.30849232501038
20.15151515151515,72.27272727272727,-109.98803979665193
20.15151515151515,72.47474747474747,-105.81452080166824
20.15151515151515,72.67676767676768,-109.29288217333512
20.15151515151515,72.87878787878788,-105.97974764342698
20.15151515151515,73.08080808080808,-108.42386073324688
20.15151515151515,73.28282828282828,-109.70579335948882
20.15151515151515,73.48484848484848,-105.57422437179623
20.15151515151515,73.68686868686869,-107.75999987034446
20.15151515151515,73.88888888888889,-110.14029558124322
20.15151515151515,74.0909090909091,-107.98520400751734
20.15151515151515,74.29292929292929,-109.46984820456709
20.15151515151515,74.4949494949495,-113.01013685687204
20.15151515151515,74.6969696969697,-107.00371807489262
20.15151515151515,74.8989898989899,-106.99737579119255
20.15151515151515,75.1010101010101,-105.66619979300094
20.15151515151515,75.3030303030303,-108.50860535577424
20.15151515151515,75.5050505050505,-110.08145868326841
20.15151515151515,75.70707070707071,-108.21631025607934
20.15151515151515,75.9090909090909,-108.47772208107334
20.15151515151515,76.11111111111111,-107.44001017211437
20.15151515151515,76.31313131313131,-110.82719978392709
20.15151515151515,76.51515151515152,-111.3226292411736
20.15151515151515,76.71717171717171,-112.84978667636456
20.15151515151515,76.91919191919192,-110.67574130576426
20.15151515151515,77.12121212121212,-114.9490290605018
20.15151515151515,77.32323232323232,-110.84754904941944
20.15151515151515,77.52525252525253,-111.53954505818619
20.15151515151515,77.72727272727272,-111.89741334911903
20.15151515151515,77.92929292929293,-113.16525545283409
20.15151515151515,78.13131313131314,-110.50794287224794
20.15151515151515,78.33333333333333,-112.3595726587886
20.15151515151515,78.53535353535354,-115.64634002477946
20.15151515151515,78.73737373737373,-115.6908367424202
20.15151515151515,78.93939393939394,-116.73088921856292
20.15151515151515,79.14141414141415,-114.01903951962963
20.15151515151515,79.34343434343434,-117.03227568555876
20.15151515151515,79.54545454545455,-112.86689061431997
20.15151515151515,79.74747474747474,-113.02088079130773
20.15151515151515,79.94949494949495,-117.24675097169006
20.15151515151515,80.15151515151516,-116.00088422292855
20.15151515151515,80.35353535353535,-115.68140071277959
20.15151515151515,80.55555555555556,-114.03323239803518
20.15151515151515,80.75757575757575,-112.48755735936831
20.15151515151515,80.95959595959596,-119.42977169197086
20.15151515151515,81.16161616161617,-116.60185959858723
20.15151515151515,81.36363636363636,-116.51052222174665
20.15151515151515,81.56565656565657,-118.89483200317038
20.15151515151515,81.76767676767676,-116.87348581561055
20.15151515151515,81.96969696969697,-114.75272383340408
20.15151515151515,82.17171717171718,-115.99182590840951
20.15151515151515,82.37373737373737,-117.97762009396615
20.15151515151515,82.57575757575758,-108.60740119656924
20.15151515151515,82.77777777777777,-113.10285785137933
20.15151515151515,82.97979797979798,-112.47122233889579
20.15151515151515,83.18181818181819,-114.55308580416698
20.15151515151515,83.38383838383838,-111.04148359055479
20.15151515151515,83.58585858585859,-111.3697802426616
20.15151515151515,83.78787878787878,-114.59418131714264
20.15151515151515,83.98989898989899,-112.40212962203208
20.15151515151515,84.1919191919192,-108.4247135651063
20.15151515151515,84.39393939393939,-105.67417104759737
20.15151515151515,84.5959595959596,-108.67908923189697
20.15151515151515,84.79797979797979,-106.90023533314833
20.15151515151515,85.0,-109.18429406923838
20.353535353535353,65.0,-90.67099099173181
20.353535353535353,65.20202020202021,-89.26048410353536
20.353535353535353,65.4040404040404,-89.68004487670322
20.353535353535353,65.60606060606061,-91.71668283342186
20.353535353535353,65.8080808080808,-97.56702975565074
20.353535353535353,66.01010101010101,-98.72405386198028
20.353535353535353,66.21212121212122,-101.12059934987396
20.353535353535353,66.41414141414141,-105.10050684626985
20.353535353535353,66.61616161616162,-106.69637894527781
20.353535353535353,66.81818181818181,-108.85587920487174
20.353535353535353,67.02020202020202,-110.84889125209423
20.353535353535353,67.22222222222223,-111.8409146940153
20.353535353535353,67.42424242424242,-117.330324957279
20.353535353535353,67.62626262626263,-120.77749580878661
20.353535353535353,67.82828282828282,-118.38594633433713
20.353535353535353,68.03030303030303,-116.29719112715743
20.353535353535353,68.23232323232324,-121.02263938284838
20.353535353535353,68.43434343434343,-118.69872868045134
20.353535353535353,68.63636363636364,-118.40742909797595
20.353535353535353,68.83838383838383,-119.11697367009845
20.353535353535353,69.04040404040404,-118.9278049002196
20.353535353535353,69.24242424242425,-120.14084478597282
20.353535353535353,69.44444444444444,-122.12173428295675
20.353535353535353,69.64646464646465,-119.44560440804544
20.353535353535353,69.84848484848484,-117.50532807698082
20.353535353535353,70.05050505050505,-113.76406451281939
20.353535353535353,70.25252525252526,-115.73036714937498
20.353535353535353,70.45454545454545,-115.82336528196115
20.353535353535353,70.65656565656566,-115.96159673441353
20.353535353535353,70.85858585858585,-112.42265703527552
20.353535353535353,71.06060606060606,-110.60700360184715
20.353535353535353,71.26262626262626,-111.05752327941818
20.353535353535353,71.46464646464646,-111.34362964043434
20.353535353535353,71.66666666666667,-115.02073307483224
20.353535353535353,71.86868686868686,-112.46326046561931
20.353535353535353,72.07070707070707,-107.57424531272868
20.353535353535353,72.27272727272727,-108.7698651491251
20.353535353535353,72.47474747474747,-113.8906314474882
20.353535353535353,72.67676767676768,-110.73172927051976
20.353535353535353,72.87878787878788,-109.95639421717965
20.353535353535353,73.08080808080808,-111.92669715432255
20.353535353535353,73.28282828282828,-114.93161787959778
20.353535353535353,73.48484848484848,-109.86455876535211
20.353535353535353,73.68686868686869,-111.76987703504146
20.353535353535353,73.88888888888889,-111.88715916784386
20.353535353535353,74.0909090909091,-110.54676437743309
20.353535353535353,74.29292929292929,-110.59976614881997
20.353535353535353,74.4949494949495,-110.07189534961326
20.353535353535353,74.6969696969697,-112.07225773493546
20.353535353535353,74.8989898989899,-111.03190284619293
20.353535353535353,75.1010101010101,-114.21845514614392
20.353535353535353,75.3030303030303,-110.27069755248982
20.353535353535353,75.5050505050505,-116.62068495988265
20.353535353535353,75.70707070707071,-111.90752558450791
20.353535353535353,75.9090909090909,-109.82281356369607
20.353535353535353,76.11111111111111,-113.6972160128369
20.353535353535353,76.31313131313131,-110.71088040674479
20.353535353535353,76.51515151515152,-110.28690510131865
20.353535353535353,76.71717171717171,-119.42466581592028
20.353535353535353,76.91919191919192,-113.28937235517681
20.353535353535353,77.12121212121212,-119.17489655226674
20.353535353535353,77.32323232323232,-114.08104053146275
20.353535353535353,77.52525252525253,-113.90817342731452
20.353535353535353,77.72727272727272,-119.46105094438872
20.353535353535353,77.92929292929293,-111.04131846362426
20.353535353535353,78.13131313131314,-114.43756940251068
20.353535353535353,78.33333333333333,-117.03788697040878
20.353535353535353,78.53535353535354,-112.78729544088159
20.353535353535353,78.73737373737373,-119.56158343106334
20.353535353535353,78.93939393939394,-118.5381725019524
20.353535353535353,79.14141414141415,-121.0989036228566
20.353535353535353,79.34343434343434,-113.04859451169756
20.353535353535353,79.54545454545455,-115.86348164658936
20.353535353535353,79.74747474747474,-115.52631144841833
20.353535353535353,79.94949494949495,-116.2301162919502
20.353535353535353,80.15151515151516,-116.14271940846402
20.353535353535353,80.35353535353535,-117.27646785642993
20.353535353535353,80.55555555555556,-116.8834661051883
20.353535353535353,80.75757575757575,-117.5144441629203
20.353535353535353,80.95959595959596,-119.2421361130751
20.353535353535353,81.16161616161617,-118.21028396703838
20.353535353535353,81.36363636363636,-117.93662660369162
20.353535353535353,81.56565656565657,-118.07069139182525
20.353535353535353,81.76767676767676,-121.39499098994743
20.353535353535353,81.96969696969697,-120.73116444466065
20.353535353535353,82.17171717171718,-115.9120945915897
20.353535353535353,82.37373737373737,-117.82273493482992
20.353535353535353,82.57575757575758,-115.42888997391634
20.353535353535353,82.77777777777777,-118.00841271678654
20.353535353535353,82.97979797979798,-117.94021188043902
20.353535353535353,83.18181818181819,-115.9787686690913
20.353535353535353,83.38383838383838,-113.84160294228619
20.353535353535353,83.58585858585859,-113.95251381170723
20.353535353535353,83.78787878787878,-109.85694261602781
20.353535353535353,83.98989898989899,-111.52577859790918
20.353535353535353,84.1919191919192,-107.76297275158667
20.353535353535353,84.39393939393939,-110.05339447595823
20.353535353535353,84.5959595959596,-115.55303330949295
20.353535353535353,84.79797979797979,-108.06414602558498
20.353535353535353,85.0,-113.29466319432046
20.555555555555557,65.0,-91.03105349540385
20.555555555555557,65.20202020202021,-92.7156018924062
20.555555555555557,65.4040404040404,-89.7900185855562
20.555555555555557,65.60606060606061,-92.46450513914323
20.555555555555557,65.8080808080808,-98.14482946814947
20.555555555555557,66.01010101010101,-99.72498073809462
20.555555555555557,66.21212121212122,-102.36990725356829
20.555555555555557,66.41414141414141,-104.16054453340848
20.555555555555557,66.61616161616162,-108.45553478699983
20.555555555555557,66.81818181818181,-112.98530655720123
20.555555555555557,67.02020202020202,-114.98766898279115
20.555555555555557,67.22222222222223,-116.02148927117128
20.555555555555557,67.42424242424242,-115.52813126794186
20.555555555555557,67.62626262626263,-118.46278013642699
20.555555555555557,67.82828282828282,-121.80295893958483
20.555555555555557,68.03030303030303,-119.47722724885492
20.555555555555557,68.23232323232324,-121.74374800314739
20.555555555555557,68.43434343434343,-119.41204065644035
20.555555555555557,68.63636363636364,-115.81823275147455
20.555555555555557,68.83838383838383,-121.53012269833273
20.555555555555557,69.04040404040404,-118.86539703816139
20.555555555555557,69.24242424242425,-121.25227964236102
20.555555555555557,69.44444444444444,-119.50592107718671
20.555555555555557,69.64646464646465,-118.33037309723947
20.555555555555557,69.84848484848484,-118.25230046683858
20.555555555555557,70.05050505050505,-112.4267333587578
20.555555555555557,70.25252525252526,-117.11104548018152
20.555555555555557,70.45454545454545,-115.1470688807221
20.555555555555557,70.65656565656566,-119.62830014942162
20.555555555555557,70.85858585858585,-114.39026208691303
20.555555555555557,71.06060606060606,-112.39802070137245
20.555555555555557,71.26262626262626,-115.43387519979801
20.555555555555557,71.46464646464646,-118.83787056792056
20.555555555555557,71.66666666666667,-113.71546890429326
20.555555555555557,71.86868686868686,-113.11911211414166
20.555555555555557,72.07070707070707,-111.44030384235423
20.555555555555557,72.27272727272727,-108.41744575988294
20.555555555555557,72.47474747474747,-112.99516004158633
20.555555555555557,72.67676767676768,-114.04945362065097
20.555555555555557,72.87878787878788,-114.10558349735001
20.555555555555557,73.08080808080808,-111.31052208386758
20.555555555555557,73.28282828282828,-110.66862236297592
20.555555555555557,73.48484848484848,-112.51142084071493
20.555555555555557,73.68686868686869,-110.0655716706382
20.555555555555557,73.88888888888889,-110.56019021195956
20.555555555555557,74.0909090909091,-111.35003973568944
20.555555555555557,74.29292929292929,-113.44956989807407
20.555555555555557,74.4949494949495,-112.36839978678883
20.555555555555557,74.6969696969697,-116.46647517485934
20.555555555555557,74.8989898989899,-111.53820439051452
20.555555555555557,75.1010101010101,-112.14423322403917
20.555555555555557,75.3030303030303,-111.96147879555637
20.555555555555557,75.5050505050505,-111.40265238828248
20.555555555555557,75.70707070707071,-111.61787627383944
20.555555555555557,75.9090909090909,-113.22163393761514
20.555555555555557,76.11111111111111,-113.14596679549608
20.555555555555557,76.31313131313131,-116.15220833476783
20.555555555555557,76.51515151515152,-114.82487528165849
20.555555555555557,76.71717171717171,-114.02951918950922
20.555555555555557,76.91919191919192,-115.91780391289515
20.555555555555557,77.12121212121212,-113.21562995513436
20.555555555555557,77.32323232323232,-116.55691374501527
20.555555555555557,77.52525252525253,-115.02198850390374
20.555555555555557,77.72727272727272,-115.41845330915015
20.555555555555557,77.92929292929293,-114.55361801592338
20.555555555555557,78.13131313131314,-114.75776184960337
20.555555555555557,78.33333333333333,-115.50856359641554
20.555555555555557,78.53535353535354,-121.03054520872595
20.555555555555557,78.73737373737373,-114.85626728941824
20.555555555555557,78.93939393939394,-114.30150301793414
20.555555555555557,79.14141414141415,-118.74632008531248
20.555555555555557,79.34343434343434,-117.0789278273125
20.555555555555557,79.54545454545455,-119.80853699152722
20.555555555555557,79.74747474747474,-121.85658142703036
20.555555555555557,79.94949494949495,-119.76151318136094
20.555555555555557,80.15151515151516,-119.61295401123347
20.555555555555557,80.35353535353535,-119.50387911748709
20.555555555555557,80.55555555555556,-121.26749219348545
20.555555555555557,80.75757575757575,-120.99751719146293
20.555555555555557,80.95959595959596,-119.96926283319733
20.555555555555557,81.16161616161617,-122.1254392043035
20.555555555555557,81.36363636363636,-120.00257068117286
20.555555555555557,81.56565656565657,-120.13006940242971
20.555555555555557,81.76767676767676,-116.66392511501655
20.555555555555557,81.96969696969697,-118.97082231831943
20.555555555555557,82.17171717171718,-120.51828653242097
20.555555555555557,82.37373737373737,-121.53131904440575
20.555555555555557,82.57575757575758,-118.65865021553573
20.555555555555557,82.77777777777777,-117.57418338733366
20.555555555555557,82.97979797979798,-118.18581237715699
20.555555555555557,83.18181818181819,-114.59010974060263
20.555555555555557,83.38383838383838,-118.14841033023043
20.555555555555557,83.58585858585859,-115.24822351090836
20.555555555555557,83.78787878787878,-112.59622168428623
20.555555555555557,83.98989898989899,-113.76064390672924
20.555555555555557,84.1919191919192,-113.24626144889854
20.555555555555557,84.39393939393939,-112.77424459163619
20.555555555555557,84.5959595959596,-113.5477764058205
20.555555555555557,84.79797979797979,-109.52563246063828
20.555555555555557,85.0,-113.60133345752412
20.757575757575758,65.0,-92.03132334921237
20.757575757575758,65.20202020202021,-92.26977652794211
20.757575757575758,65.4040404040404,-95.2791274557046
20.757575757575758,65.60606060606061,-95.615013188345
20.757575757575758,65.8080808080808,-99.38739232083857
20.757575757575758,66.01010101010101,-98.62915210991294
20.757575757575758,66.21212121212122,-105.35551114767489
20.757575757575758,66.41414141414141,-107.85996236828184
20.757575757575758,66.61616161616162,-111.9263387529213
20.757575757575758,66.81818181818181,-114.74322121617658
20.757575757575758,67.02020202020202,-112.015152456744
20.757575757575758,67.22222222222223,-116.38205171602328
20.757575757575758,67.42424242424242,-118.74178526653056
20.757575757575758,67.62626262626263,-121.72416010198364
20.757575757575758,67.82828282828282,-119.65061516327285
20.757575757575758,68.03030303030303,-123.5614577217347
20.757575757575758,68.23232323232324,-120.70852529142525
20.757575757575758,68.43434343434343,-124.00003165359955
20.757575757575758,68.63636363636364,-123.58595739385089
20.757575757575758,68.83838383838383,-120.2278899227542
20.757575757575758,69.04040404040404,-120.0275947365235
20.757575757575758,69.24242424242425,-119.67678202266792
20.757575757575758,69.44444444444444,-122.60664042879296
20.757575757575758,69.64646464646465,-120.85750054456186
20.757575757575758,69.84848484848484,-118.83651883707438
20.757575757575758,70.05050505050505,-120.23478227874422
20.757575757575758,70.25252525252526,-115.32441856069745
20.757575757575758,70.45454545454545,-122.3947901816413
20.757575757575758,70.65656565656566,-118.5559292759795
20.757575757575758,70.85858585858585,-117.70825898848643
20.757575757575758,71.06060606060606,-121.75301930626627
20.757575757575758,71.26262626262626,-118.36311310927863
20.757575757575758,71.46464646464646,-113.93814438512285
20.757575757575758,71.66666666666667,-114.90689184774297
20.757575757575758,71.86868686868686,-111.38603315448422
20.757575757575758,72.07070707070707,-110.93492549389701
20.757575757575758,72.27272727272727,-113.0100831428444
20.757575757575758,72.47474747474747,-113.25658197407952
20.757575757575758,72.67676767676768,-113.33197387202287
20.757575757575758,72.87878787878788,-118.7365512798238
20.757575757575758,73.08080808080808,-115.97850166853763
20.757575757575758,73.28282828282828,-112.63088403077762
20.757575757575758,73.48484848484848,-111.61266911719454
20.757575757575758,73.68686868686869,-112.31856193610324
20.757575757575758,73.88888888888889,-114.56126361823081
20.757575757575758,74.0909090909091,-111.10041333414539
20.757575757575758,74.29292929292929,-109.92354358472079
20.757575757575758,74.4949494949495,-111.049984610879
20.757575757575758,74.6969696969697,-111.18620312088933
20.757575757575758,74.8989898989899,-114.10499029248342
20.757575757575758,75.1010101010101,-111.24983308850395
20.757575757575758,75.3030303030303,-113.31503896587695
20.757575757575758,75.5050505050505,-112.70162883624792
20.757575757575758,75.70707070707071,-113.14384153334497
20.757575757575758,75.9090909090909,-114.74930172452547
20.757575757575758,76.11111111111111,-116.20791738104062
20.757575757575758,76.31313131313131,-114.98126824298546
20.757575757575758,76.51515151515152,-113.04321863041699
20.757575757575758,76.71717171717171,-116.42705012615173
20.757575757575758,76.91919191919192,-114.00034874279001
20.757575757575758,77.12121212121212,-114.5314182649433
20.757575757575758,77.32323232323232,-116.8995880448108
20.757575757575758,77.52525252525253,-113.83353040104788
20.757575757575758,77.72727272727272,-117.69013590889399
20.757575757575758,77.92929292929293,-114.40773671592453
20.757575757575758,78.13131313131314,-116.76217005053964
20.757575757575758,78.33333333333333,-118.08277421386991
20.757575757575758,78.53535353535354,-119.9928717157177
20.757575757575758,78.73737373737373,-118.8006624404543
20.757575757575758,78.93939393939394,-119.04870607963866
20.757575757575758,79.14141414141415,-121.48950752598839
20.757575757575758,79.34343434343434,-119.58921225828253
20.757575757575758,79.54545454545455,-120.9959899422186
20.757575757575758,79.74747474747474,-118.2797290397831
20.757575757575758,79.94949494949495,-117.08257200408747
20.757575757575758,80.15151515151516,-122.51099200233371
20.757575757575758,80.35353535353535,-116.96037665923048
20.757575757575758,80.55555555555556,-121.12376891698678
20.757575757575758,80.75757575757575,-123.48734967890712
20.757575757575758,80.95959595959596,-120.88074006075162
20.757575757575758,81.16161616161617,-124.07676629633622
20.757575757575758,81.36363636363636,-124.62363868311844
20.757575757575758,81.56565656565657,-125.2677400606535
20.757575757575758,81.76767676767676,-126.61224177940841
20.757575757575758,81.96969696969697,-123.39393416631974
20.757575757575758,82.17171717171718,-125.22525308678726
20.757575757575758,82.37373737373737,-126.37001547008046
20.757575757575758,82.57575757575758,-121.39437090812694
20.757575757575758,82.77777777777777,-123.57559168172305
20.757575757575758,82.97979797979798,-121.96156446495863
20.757575757575758,83.18181818181819,-116.0098717513966
20.757575757575758,83.38383838383838,-119.75085162543937
20.757575757575758,83.58585858585859,-120.76007572037057
20.757575757575758,83.78787878787878,-114.20951329301406
20.757575757575758,83.98989898989899,-115.3377096902224
20.757575757575758,84.1919191919192,-114.66760413465738
20.757575757575758,84.39393939393939,-114.47462302797558
20.757575757575758,84.5959595959596,-112.92749086049733
20.757575757575758,84.79797979797979,-114.93834553131947
20.757575757575758,85.0,-109.9953754545954
20.95959595959596,65.0,-95.4078322992799
20.95959595959596,65.20202020202021,-93.13065354601214
20.95959595959596,65.4040404040404,-93.90921486405664
20.95959595959596,65.60606060606061,-97.90682864252987
20.95959595959596,65.8080808080808,-100.44175019963274
20.95959595959596,66.01010101010101,-100.21559915000586
20.95959595959596,66.21212121212122,-106.39234024930302
20.95959595959596,66.41414141414141,-108.76112757402021
20.95959595959596,66.61616161616162,-109.05452086569797
20.95959595959596,66.81818181818181,-113.57486892507734
20.95959595959596,67.02020202020202,-119.36883260973437
20.95959595959596,67.22222222222223,-115.14927450054367
20.95959595959596,67.42424242424242,-121.15624168149058
20.95959595959596,67.62626262626263,-122.23678810300008
20.95959595959596,67.82828282828282,-122.05497697750157
20.95959595959596,68.03030303030303,-122.07310031305111
20.95959595959596,68.23232323232324,-119.67199760371935
20.95959595959596,68.43434343434343,-127.04985517075518
20.95959595959596,68.63636363636364,-121.83162826035885
20.95959595959596,68.83838383838383,-121.90951446661768
20.95959595959596,69.04040404040404,-123.19947945925884
20.95959595959596,69.24242424242425,-120.8023723852745
20.95959595959596,69.44444444444444,-120.27680073675201
20.95959595959596,69.64646464646465,-123.98400232020596
20.95959595959596,69.84848484848484,-117.24351732991163
20.95959595959596,70.05050505050505,-123.21640751692847
20.95959595959596,70.25252525252526,-121.95936359922861
20.95959595959596,70.45454545454545,-119.4578425336089
20.95959595959596,70.65656565656566,-114.34804256057421
20.95959595959596,70.85858585858585,-118.62527569502555
20.95959595959596,71.06060606060606,-117.3415203769909
20.95959595959596,71.26262626262626,-114.30245937200809
20.95959595959596,71.46464646464646,-117.2269605804472
20.95959595959596,71.66666666666667,-118.49748417752744
20.95959595959596,71.86868686868686,-116.80783939573776
20.95959595959596,72.07070707070707,-112.82311233408947
20.95959595959596,72.27272727272727,-115.0326805278188
20.95959595959596,72.47474747474747,-111.08052356197521
20.95959595959596,72.67676767676768,-113.44735714641727
20.95959595959596,72.87878787878788,-115.99559608404523
20.95959595959596,73.08080808080808,-114.60206009304822
20.95959595959596,73.28282828282828,-116.2958083340083
20.95959595959596,73.48484848484848,-115.73608468678074
20.95959595959596,73.68686868686869,-105.51893242480517
20.95959595959596,73.88888888888889,-112.1906671429973
20.95959595959596,74.0909090909091,-112.59573446583845
20.95959595959596,74.29292929292929,-115.52084061948486
20.95959595959596,74.4949494949495,-111.1673489511953
20.95959595959596,74.6969696969697,-112.18502851653403
20.95959595959596,74.8989898989899,-111.14745287530904
20.95959595959596,75.1010101010101,-111.09533477889414
20.95959595959596,75.3030303030303,-117.71508597500562
20.95959595959596,75.5050505050505,-117.33213190688514
20.95959595959596,75.70707070707071,-117.55487556427488
20.95959595959596,75.9090909090909,-117.66077574069294
20.95959595959596,76.11111111111111,-115.13562834804793
20.95959595959596,76.31313131313131,-117.41662084275742
20.95959595959596,76.51515151515152,-112.17887229547115
20.95959595959596,76.71717171717171,-112.86264720948479
20.95959595959596,76.91919191919192,-117.10743156762742
20.95959595959596,77.12121212121212,-113.46344636500903
20.95959595959596,77.32323232323232,-114.54494362668316
20.95959595959596,77.52525252525253,-118.7190321964339
20.95959595959596,77.72727272727272,-122.32510193591428
20.95959595959596,77.92929292929293,-119.28953491839178
20.95959595959596,78.13131313131314,-120.2938535532355
20.95959595959596,78.33333333333333,-118.85669754625314
20.95959595959596,78.53535353535354,-119.1999817096846
20.95959595959596,78.73737373737373,-119.39664625031261
20.95959595959596,78.93939393939394,-119.00806993152699
20.95959595959596,79.14141414141415,-122.61705835541095
20.95959595959596,79.34343434343434,-119.58915531695295
20.95959595959596,79.54545454545455,-121.40408351331449
20.95959595959596,79.74747474747474,-120.39047429550422
20.95959595959596,79.94949494949495,-119.22602773535542
20.95959595959596,80.15151515151516,-123.8678615451529
20.95959595959596,80.35353535353535,-122.63034633493093
20.95959595959596,80.55555555555556,-123.17931282707173
20.95959595959596,80.75757575757575,-124.88916723939447
20.95959595959596,80.95959595959596,-123.11644431412593
20.95959595959596,81.16161616161617,-127.76231184120181
20.95959595959596,81.36363636363636,-128.55531438628458
20.95959595959596,81.56565656565657,-129.6410183456887
20.95959595959596,81.76767676767676,-126.6201989657999
20.95959595959596,81.96969696969697,-129.83660527963747
20.95959595959596,82.17171717171718,-127.47608739283736
20.95959595959596,82.37373737373737,-123.51098853480032
20.95959595959596,82.57575757575758,-126.16962942883684
20.95959595959596,82.77777777777777,-122.15581854107693
20.95959595959596,82.97979797979798,-119.30171150255728
20.95959595959596,83.18181818181819,-118.85031913204114
20.95959595959596,83.38383838383838,-119.34376821742923
20.95959595959596,83.58585858585859,-116.84168358938939
20.95959595959596,83.78787878787878,-119.70450464379408
20.95959595959596,83.98989898989899,-117.86988247656535
20.95959595959596,84.1919191919192,-116.82907172468714
20.95959595959596,84.39393939393939,-110.83998492978387
20.95959595959596,84.5959595959596,-116.45514017153837
20.95959595959596,84.79797979797979,-116.40577075025583
20.95959595959596,85.0,-116.5105126176034
21.161616161616163,65.0,-93.61941552208945
21.161616161616163,65.20202020202021,-94.60322891450988
21.161616161616163,65.4040404040404,-94.37897643952701
21.161616161616163,65.60606060606061,-96.82069409834068
21.161616161616163,65.8080808080808,-102.02853012019393
21.161616161616163,66.01010101010101,-104.14506032787868
21.161616161616163,66.21212121212122,-103.59190337498767
21.161616161616163,66.41414141414141,-109.31969703716388
21.161616161616163,66.61616161616162,-109.95036768648654
21.161616161616163,66.81818181818181,-115.18309243919427
21.161616161616163,67.02020202020202,-119.23088338674104
21.161616161616163,67.22222222222223,-120.2864419771786
21.161616161616163,67.42424242424242,-123.33937546647377
21.161616161616163,67.62626262626263,-124.1171961584058
21.161616161616163,67.82828282828282,-123.5764073539832
21.161616161616163,68.03030303030303,-123.41223424805986
21.161616161616163,68.23232323232324,-127.93135616062258
21.161616161616163,68.43434343434343,-125.20290624007148
21.161616161616163,68.63636363636364,-125.88976362803193
21.161616161616163,68.83838383838383,-125.90880680227748
21.161616161616163,69.04040404040404,-124.1713937217277
21.161616161616163,69.24242424242425,-125.05398728973069
21.161616161616163,69.44444444444444,-120.49700405612748
21.161616161616163,69.64646464646465,-120.44886774427462
21.161616161616163,69.84848484848484,-119.86706276804867
21.161616161616163,70.05050505050505,-122.68533695278825
21.161616161616163,70.25252525252526,-122.72211104570792
21.161616161616163,70.45454545454545,-120.06101060233792
21.161616161616163,70.65656565656566,-120.16595612240272
21.161616161616163,70.85858585858585,-120.67496442032021
21.161616161616163,71.06060606060606,-121.22238594152313
21.161616161616163,71.26262626262626,-118.49914357995237
21.161616161616163,71.46464646464646,-118.77980483498352
21.161616161616163,71.66666666666667,-116.17490629893774
21.161616161616163,71.86868686868686,-115.99603611828431
21.161616161616163,72.07070707070707,-114.87684955668936
21.161616161616163,72.27272727272727,-119.22933327158214
21.161616161616163,72.47474747474747,-115.62969429620902
21.161616161616163,72.67676767676768,-117.67886202230777
21.161616161616163,72.87878787878788,-118.59765681871147
21.161616161616163,73.08080808080808,-116.76983063943216
21.161616161616163,73.28282828282828,-113.65839415507818
21.161616161616163,73.48484848484848,-116.49188354031418
21.161616161616163,73.68686868686869,-112.5339321135021
21.161616161616163,73.88888888888889,-114.48972478255524
21.161616161616163,74.0909090909091,-116.47614759500041
21.161616161616163,74.29292929292929,-113.38757777762862
21.161616161616163,74.4949494949495,-114.80316971915765
21.161616161616163,74.6969696969697,-117.70128415085962
21.161616161616163,74.8989898989899,-112.35294637187762
21.161616161616163,75.1010101010101,-115.71997941797663
21.161616161616163,75.3030303030303,-116.13502329425117
21.161616161616163,75.5050505050505,-117.97475024810277
21.161616161616163,75.70707070707071,-114.40761526322356
21.161616161616163,75.9090909090909,-115.5602261297322
21.161616161616163,76.11111111111111,-115.81524596715425
21.161616161616163,76.31313131313131,-118.57697695914904
21.161616161616163,76.51515151515152,-116.25798331752773
21.161616161616163,76.71717171717171,-116.18683250911378
21.161616161616163,76.91919191919192,-119.73084822072366
21.161616161616163,77.12121212121212,-121.59157837846288
21.161616161616163,77.32323232323232,-117.96348900580368
21.161616161616163,77.52525252525253,-122.47418693527004
21.161616161616163,77.72727272727272,-119.40313205449637
21.161616161616163,77.92929292929293,-120.97015757633748
21.161616161616163,78.13131313131314,-117.76155756821287
21.161616161616163,78.33333333333333,-121.38990082196688
21.161616161616163,78.53535353535354,-118.6499110330345
21.161616161616163,78.73737373737373,-121.8941245423454
21.161616161616163,78.93939393939394,-119.13589327368621
21.161616161616163,79.14141414141415,-117.270916548904
21.161616161616163,79.34343434343434,-123.62694334824909
21.161616161616163,79.54545454545455,-121.29785701040147
21.161616161616163,79.74747474747474,-116.66160977859148
21.161616161616163,79.94949494949495,-122.25424664899545
21.161616161616163,80.15151515151516,-122.86166214928986
21.161616161616163,80.35353535353535,-122.26968911516862
21.161616161616163,80.55555555555556,-124.95533908386385
21.161616161616163,80.75757575757575,-129.56565545354692
21.161616161616163,80.95959595959596,-125.38255904812343
21.161616161616163,81.16161616161617,-133.48866763817927
21.161616161616163,81.36363636363636,-131.62069768152713
21.161616161616163,81.56565656565657,-129.50601407949185
21.161616161616163,81.76767676767676,-133.60798862286467
21.161616161616163,81.96969696969697,-134.5281803094255
21.161616161616163,82.17171717171718,-130.78961839422266
21.161616161616163,82.37373737373737,-133.11659869726296
21.161616161616163,82.57575757575758,-132.0406323461049
21.161616161616163,82.77777777777777,-127.02214546093195
21.161616161616163,82.97979797979798,-125.80672445066361
21.161616161616163,83.18181818181819,-125.53987922521709
21.161616161616163,83.38383838383838,-120.05972348795288
21.161616161616163,83.58585858585859,-119.08916863415737
21.161616161616163,83.78787878787878,-119.41877758663658
21.161616161616163,83.98989898989899,-118.4346337918629
21.161616161616163,84.1919191919192,-116.2734093839571
21.161616161616163,84.39393939393939,-114.24516351450723
21.161616161616163,84.5959595959596,-116.72004865719634
21.161616161616163,84.79797979797979,-114.95786594499494
21.161616161616163,85.0,-114.60324940743084
21.363636363636363,65.0,-94.13511537039447
21.363636363636363,65.20202020202021,-95.7511575094264
21.363636363636363,65.4040404040404,-98.17926410115554
21.363636363636363,65.60606060606061,-99.3540730611969
21.363636363636363,65.8080808080808,-100.56070009833506
21.363636363636363,66.01010101010101,-101.08169476471555
21.363636363636363,66.21212121212122,-107.78851149380824
21.363636363636363,66.41414141414141,-108.57091856103399
21.363636363636363,66.61616161616162,-113.74152635507379
21.363636363636363,66.81818181818181,-116.08028321185814
21.363636363636363,67.02020202020202,-116.12083784384846
21.363636363636363,67.22222222222223,-119.58976032136894
21.363636363636363,67.42424242424242,-125.0309026438136
21.363636363636363,67.62626262626263,-125.17558117834467
21.363636363636363,67.82828282828282,-122.754471263309
21.363636363636363,68.03030303030303,-125.6653974861888
21.363636363636363,68.23232323232324,-128.51325387610612
21.363636363636363,68.43434343434343,-128.04089340830973
21.363636363636363,68.63636363636364,-124.89035085107535
21.363636363636363,68.83838383838383,-124.00601265755095
21.363636363636363,69.04040404040404,-125.7509175343052
21.363636363636363,69.24242424242425,-120.33708870537573
21.363636363636363,69.44444444444444,-123.04069922312468
21.363636363636363,69.64646464646465,-124.60890486375244
21.363636363636363,69.84848484848484,-125.03216491215362
21.363636363636363,70.05050505050505,-124.70483268889286
21.363636363636363,70.25252525252526,-121.72165245386093
21.363636363636363,70.45454545454545,-122.85175449581205
21.363636363636363,70.65656565656566,-117.80860241746721
21.363636363636363,70.85858585858585,-117.88511702235928
21.363636363636363,71.06060606060606,-118.99989076986459
21.363636363636363,71.26262626262626,-122.09245185519823
21.363636363636363,71.46464646464646,-120.71314296818068
21.363636363636363,71.66666666666667,-116.47548631381784
21.363636363636363,71.86868686868686,-119.81525867356861
21.363636363636363,72.07070707070707,-116.35385539552539
21.363636363636363,72.27272727272727,-117.06127890226186
21.363636363636363,72.47474747474747,-117.74786096924333
21.363636363636363,72.67676767676768,-119.1687573293534
21.363636363636363,72.87878787878788,-117.69350783739611
21.363636363636363,73.08080808080808,-117.01277469431723
21.363636363636363,73.28282828282828,-115.18314037987068
21.363636363636363,73.48484848484848,-118.88365947753776
21.363636363636363,73.68686868686869,-117.48744722253241
21.363636363636363,73.88888888888889,-116.9304091562613
21.363636363636363,74.0909090909091,-115.61710733207767
21.363636363636363,74.29292929292929,-118.8915709955074
21.363636363636363,74.4949494949495,-119.71900009692659
21.363636363636363,74.6969696969697,-115.98222729306595
21.363636363636363,74.8989898989899,-119.97118901537016
21.363636363636363,75.1010101010101,-114.87412339331968
21.363636363636363,75.3030303030303,-117.7756430727892
21.363636363636363,75.5050505050505,-120.72569765607557
21.363636363636363,75.70707070707071,-118.84226295789351
21.363636363636363,75.9090909090909,-117.56042269387522
21.363636363636363,76.11111111111111,-119.616321804193
21.363636363636363,76.31313131313131,-118.81385290106324
21.363636363636363,76.51515151515152,-117.62281813988042
21.363636363636363,76.71717171717171,-119.62863075082072
21.363636363636363,76.91919191919192,-121.44931323271138
21.363636363636363,77.12121212121212,-120.53451873872471
21.363636363636363,77.32323232323232,-117.25123411029321
21.363636363636363,77.52525252525253,-117.19173047989274
21.363636363636363,77.72727272727272,-124.71736635546107
21.363636363636363,77.92929292929293,-119.02643807375094
21.363636363636363,78.13131313131314,-120.8705788442035
21.363636363636363,78.33333333333333,-119.79103177564052
21.363636363636363,78.53535353535354,-122.90979772955697
21.363636363636363,78.73737373737373,-125.52372079939819
21.363636363636363,78.93939393939394,-121.30966431079607
21.363636363636363,79.14141414141415,-124.37974083456248
21.363636363636363,79.34343434343434,-125.58251785610672
21.363636363636363,79.54545454545455,-125.68066987844134
21.363636363636363,79.74747474747474,-122.29763508376826
21.363636363636363,79.94949494949495,-123.65023973319674
21.363636363636363,80.15151515151516,-123.03639660023002
21.363636363636363,80.35353535353535,-124.2131877857804
21.363636363636363,80.55555555555556,-127.47778662675347
21.363636363636363,80.75757575757575,-128.3490427506605
21.363636363636363,80.95959595959596,-131.04348262732242
21.363636363636363,81.16161616161617,-132.6269950614901
21.363636363636363,81.36363636363636,-136.14387366656194
21.363636363636363,81.56565656565657,-135.03248367639802
21.363636363636363,81.76767676767676,-135.10967553098033
21.363636363636363,81.96969696969697,-138.70940705885442
21.363636363636363,82.17171717171718,-134.2473650687563
21.363636363636363,82.37373737373737,-134.72272874115333
21.363636363636363,82.57575757575758,-132.51430753444794
21.363636363636363,82.77777777777777,-134.2635487167305
21.363636363636363,82.97979797979798,-131.83438708873524
21.363636363636363,83.18181818181819,-125.38350569336481
21.363636363636363,83.38383838383838,-122.09838201947633
21.363636363636363,83.58585858585859,-123.18122945685212
21.363636363636363,83.78787878787878,-117.11916769771672
21.363636363636363,83.98989898989899,-117.82870476901292
21.363636363636363,84.1919191919192,-120.37448551266617
21.363636363636363,84.39393939393939,-117.99699960787008
21.363636363636363,84.5959595959596,-112.74353607687904
21.363636363636363,84.79797979797979,-119.79193290209271
21.363636363636363,85.0,-116.04356370527333
21.565656565656564,65.0,-96.65144425863468
21.565656565656564,65.20202020202021,-95.74213866036376
21.565656565656564,65.4040404040404,-96.00661080741189
21.565656565656564,65.60606060606061,-100.34305686343463
21.565656565656564,65.8080808080808,-100.69599682004997
21.565656565656564,66.01010101010101,-101.5514332736963
21.565656565656564,66.21212121212122,-107.93247969259367
21.565656565656564,66.41414141414141,-110.03672244811753
21.565656565656564,66.61616161616162,-115.28829083740305
21.565656565656564,66.81818181818181,-117.3451741727198
21.565656565656564,67.02020202020202,-120.21309625970534
21.565656565656564,67.22222222222223,-120.7995617844475
21.565656565656564,67.42424242424242,-122.04979003101198
21.565656565656564,67.62626262626263,-125.58925979019534
21.565656565656564,67.82828282828282,-123.67190861590535
21.565656565656564,68.03030303030303,-124.35581971706364
21.565656565656564,68.23232323232324,-126.09034443044672
21.565656565656564,68.43434343434343,-128.8469462093394
21.565656565656564,68.63636363636364,-128.77076937524993
21.565656565656564,68.83838383838383,-128.99422854494466
21.565656565656564,69.04040404040404,-125.0283636210765
21.565656565656564,69.24242424242425,-128.92116491723857
21.565656565656564,69.44444444444444,-124.48455895229098
21.565656565656564,69.64646464646465,-127.66000661134946
21.565656565656564,69.84848484848484,-123.21834648733171
21.565656565656564,70.05050505050505,-124.36880085229775
21.565656565656564,70.25252525252526,-120.9481148878731
21.565656565656564,70.45454545454545,-120.94831997656513
21.565656565656564,70.65656565656566,-119.71595181151797
21.565656565656564,70.85858585858585,-119.4659929452826
21.565656565656564,71.06060606060606,-121.46890900652619
21.565656565656564,71.26262626262626,-123.47324630957448
21.565656565656564,71.46464646464646,-122.86058706053991
21.565656565656564,71.66666666666667,-124.36382205495833
21.565656565656564,71.86868686868686,-122.0641183391624
21.565656565656564,72.07070707070707,-119.73791907258479
21.565656565656564,72.27272727272727,-120.71661574883757
21.565656565656564,72.47474747474747,-119.75149019843735
21.565656565656564,72.67676767676768,-117.94505690536903
21.565656565656564,72.87878787878788,-119.55470193139199
21.565656565656564,73.08080808080808,-120.95795829280266
21.565656565656564,73.28282828282828,-118.70467547386771
21.565656565656564,73.48484848484848,-120.35719653622554
21.565656565656564,73.68686868686869,-118.92760632266105
21.565656565656564,73.88888888888889,-115.59513468866227
21.565656565656564,74.0909090909091,-118.91498033809971
21.565656565656564,74.29292929292929,-115.22106604590905
21.565656565656564,74.4949494949495,-115.40524559225865
21.565656565656564,74.6969696969697,-119.64686148168916
21.565656565656564,74.8989898989899,-120.8508419566593
21.565656565656564,75.1010101010101,-118.843241263435
21.565656565656564,75.3030303030303,-116.42899741570038
21.565656565656564,75.5050505050505,-120.35058487301723
21.565656565656564,75.70707070707071,-117.67750853400285
21.565656565656564,75.9090909090909,-117.07354770290577
21.565656565656564,76.11111111111111,-121.36428903979674
21.565656565656564,76.31313131313131,-121.13053018138368
21.565656565656564,76.51515151515152,-118.49738357384385
21.565656565656564,76.71717171717171,-120.19923725991906
21.565656565656564,76.91919191919192,-122.21662014002192
21.565656565656564,77.12121212121212,-121.91224657209558
21.565656565656564,77.32323232323232,-121.77926595062287
21.565656565656564,77.52525252525253,-124.86830196473343
21.565656565656564,77.72727272727272,-120.48455354682103
21.565656565656564,77.92929292929293,-123.39377019048355
21.565656565656564,78.13131313131314,-128.09619338875368
21.565656565656564,78.33333333333333,-122.96703308003075
21.565656565656564,78.53535353535354,-124.59102447767508
21.565656565656564,78.73737373737373,-120.10666348811228
21.565656565656564,78.93939393939394,-124.61635953798016
21.565656565656564,79.14141414141415,-125.90504319053476
21.565656565656564,79.34343434343434,-122.76866006089884
21.565656565656564,79.54545454545455,-125.55134319260874
21.565656565656564,79.74747474747474,-126.23125939930958
21.565656565656564,79.94949494949495,-124.17584898291683
21.565656565656564,80.15151515151516,-127.90594717897737
21.565656565656564,80.35353535353535,-129.88723654964357
21.565656565656564,80.55555555555556,-125.21451886368415
21.565656565656564,80.75757575757575,-129.23784754626607
21.565656565656564,80.95959595959596,-132.96609224226472
21.565656565656564,81.16161616161617,-134.81634941009253
21.565656565656564,81.36363636363636,-136.08248259028056
21.565656565656564,81.56565656565657,-137.21297433186479
21.565656565656564,81.76767676767676,-141.94221828572708
21.565656565656564,81.96969696969697,-139.88587017466958
21.565656565656564,82.17171717171718,-141.11402768443043
21.565656565656564,82.37373737373737,-138.99642072517887
21.565656565656564,82.57575757575758,-135.95821662238797
21.565656565656564,82.77777777777777,-133.51584789438814
21.565656565656564,82.97979797979798,-129.36677115687007
21.565656565656564,83.18181818181819,-126.83634495218816
21.565656565656564,83.38383838383838,-128.750800304662
21.565656565656564,83.58585858585859,-126.15104220143228
21.565656565656564,83.78787878787878,-122.75087448016183
21.565656565656564,83.98989898989899,-117.00560074009368
21.565656565656564,84.1919191919192,-121.6026680756295
21.565656565656564,84.39393939393939,-119.79781955643598
21.565656565656564,84.5959595959596,-120.03456845499387
21.565656565656564,84.79797979797979,-119.78738875757436
21.565656565656564,85.0,-117.99497793352323
21.767676767676768,65.0,-95.27136536004679
21.767676767676768,65.20202020202021,-97.15895626115375
21.767676767676768,65.4040404040404,-99.89677833304837
21.767676767676768,65.60606060606061,-96.79309152853274
21.767676767676768,65.8080808080808,-102.8433562992153
21.767676767676768,66.01010101010101,-106.89468461654029
21.767676767676768,66.21212121212122,-107.06866686970818
21.767676767676768,66.41414141414141,-113.1526032426057
21.767676767676768,66.61616161616162,-112.61924948427414
21.767676767676768,66.81818181818181,-119.75927385983483
21.767676767676768,67.02020202020202,-118.58664654082334
21.767676767676768,67.22222222222223,-123.2879996788124
21.767676767676768,67.42424242424242,-122.92429024387808
21.767676767676768,67.62626262626263,-123.31422708055247
21.767676767676768,67.82828282828282,-129.87001276330287
21.767676767676768,68.03030303030303,-125.99686967943364
21.767676767676768,68.23232323232324,-131.84484212029707
21.767676767676768,68.43434343434343,-131.44485811142954
21.767676767676768,68.63636363636364,-130.6000034737202
21.767676767676768,68.83838383838383,-127.74780415742786
21.767676767676768,69.04040404040404,-128.13241894385433
21.767676767676768,69.24242424242425,-128.3480497397354
21.767676767676768,69.44444444444444,-127.25102000316315
21.767676767676768,69.64646464646465,-125.50884603688016
21.767676767676768,69.84848484848484,-124.84033175914703
21.767676767676768,70.05050505050505,-123.28613046200583
21.767676767676768,70.25252525252526,-121.30336170511684
21.767676767676768,70.45454545454545,-124.78881473401215
21.767676767676768,70.65656565656566,-124.95858020920832
21.767676767676768,70.85858585858585,-122.33004836021871
21.767676767676768,71.06060606060606,-125.3821121944749
21.767676767676768,71.26262626262626,-123.88066479682125
21.767676767676768,71.46464646464646,-120.0868518820551
21.767676767676768,71.66666666666667,-122.22758406877269
21.767676767676768,71.86868686868686,-123.73370220210532
21.767676767676768,72.07070707070707,-124.14688943267986
21.767676767676768,72.27272727272727,-121.01863479569307
21.767676767676768,72.47474747474747,-118.31954497337487
21.767676767676768,72.67676767676768,-118.29816972662444
21.767676767676768,72.87878787878788,-120.19344949266744
21.767676767676768,73.08080808080808,-116.15009118166508
21.767676767676768,73.28282828282828,-120.32253117486304
21.767676767676768,73.48484848484848,-120.28290152750027
21.767676767676768,73.68686868686869,-124.93776463200363
21.767676767676768,73.88888888888889,-120.52871782406292
21.767676767676768,74.0909090909091,-118.05078333892968
21.767676767676768,74.29292929292929,-116.67262637353481
21.767676767676768,74.4949494949495,-121.52820149295233
21.767676767676768,74.6969696969697,-118.82536401554644
21.767676767676768,74.8989898989899,-118.06084946655118
21.767676767676768,75.1010101010101,-120.020420708255
21.767676767676768,75.3030303030303,-124.79098709274248
21.767676767676768,75.5050505050505,-119.92602978452163
21.767676767676768,75.70707070707071,-118.98278167861848
21.767676767676768,75.9090909090909,-122.59680290312014
21.767676767676768,76.11111111111111,-121.53258419801034
21.767676767676768,76.31313131313131,-123.57109881183936
21.767676767676768,76.51515151515152,-126.82243832029887
21.767676767676768,76.71717171717171,-119.77037969293815
21.767676767676768,76.91919191919192,-122.1088322561804
21.767676767676768,77.12121212121212,-119.27221092832843
21.767676767676768,77.32323232323232,-121.10000298741424
21.767676767676768,77.52525252525253,-123.61145366480945
21.767676767676768,77.72727272727272,-123.37927289696849
21.767676767676768,77.92929292929293,-122.29929001958796
21.767676767676768,78.13131313131314,-121.83954387890877
21.767676767676768,78.33333333333333,-123.27167321379831
21.767676767676768,78.53535353535354,-121.95199061768453
21.767676767676768,78.73737373737373,-125.02452501242014
21.767676767676768,78.93939393939394,-126.70793551731599
21.767676767676768,79.14141414141415,-125.04852388080067
21.767676767676768,79.34343434343434,-124.61621718146264
21.767676767676768,79.54545454545455,-127.85988381848586
21.767676767676768,79.74747474747474,-128.45707970558217
21.767676767676768,79.94949494949495,-125.19977006410588
21.767676767676768,80.15151515151516,-127.9979384902755
21.767676767676768,80.35353535353535,-128.6449641964184
21.767676767676768,80.55555555555556,-130.56599334216926
21.767676767676768,80.75757575757575,-128.9884555676209
21.767676767676768,80.95959595959596,-132.02778028531657
21.767676767676768,81.16161616161617,-139.54250365890792
21.767676767676768,81.36363636363636,-140.8930165748182
21.767676767676768,81.56565656565657,-138.91815469066177
21.767676767676768,81.76767676767676,-139.41429075239446
21.767676767676768,81.96969696969697,-140.70107915126053
21.767676767676768,82.17171717171718,-142.89336363652941
21.767676767676768,82.37373737373737,-141.98324331890805
21.767676767676768,82.57575757575758,-139.88122238480312
21.767676767676768,82.77777777777777,-135.2533943276962
21.767676767676768,82.97979797979798,-129.1895316253039
21.767676767676768,83.18181818181819,-131.09791229490028
21.767676767676768,83.38383838383838,-129.42035961108874
21.767676767676768,83.58585858585859,-125.40750209842695
21.767676767676768,83.78787878787878,-121.13735008857067
21.767676767676768,83.98989898989899,-125.12917535493624
21.767676767676768,84.1919191919192,-118.48435241756206
21.767676767676768,84.39393939393939,-120.99677384846017
21.767676767676768,84.5959595959596,-121.76674627575844
21.767676767676768,84.79797979797979,-123.30838832009684
21.767676767676768,85.0,-118.42718115570351
21.96969696969697,65.0,-98.64362534227165
21.96969696969697,65.20202020202021,-98.41336124282358
21.96969696969697,65.4040404040404,-101.14751205564593
21.96969696969697,65.60606060606061,-102.28151902881952
21.96969696969697,65.8080808080808,-104.9482093724206
21.96969696969697,66.01010101010101,-107.36900323114244
21.96969696969697,66.21212121212122,-111.41937228052004
21.96969696969697,66.41414141414141,-116.1474968942618
21.96969696969697,66.61616161616162,-112.13572863559084
21.96969696969697,66.81818181818181,-122.11478619341256
21.96969696969697,67.02020202020202,-121.8294741126947
21.96969696969697,67.22222222222223,-127.84605805126725
21.96969696969697,67.42424242424242,-130.31834842275012
21.96969696969697,67.62626262626263,-127.90019000378493
21.96969696969697,67.82828282828282,-128.75434719949433
21.96969696969697,68.03030303030303,-127.48748832544291
21.96969696969697,68.23232323232324,-129.9056367912707
21.96969696969697,68.43434343434343,-131.00252814628294
21.96969696969697,68.63636363636364,-132.16490112787776
21.96969696969697,68.83838383838383,-127.06009712023543
21.96969696969697,69.04040404040404,-127.91950812511911
21.96969696969697,69.24242424242425,-131.80647762232735
21.96969696969697,69.44444444444444,-128.74406545853986
21.96969696969697,69.64646464646465,-128.00624274411695
21.96969696969697,69.84848484848484,-128.30268630176442
21.96969696969697,70.05050505050505,-125.59725369730167
21.96969696969697,70.25252525252526,-125.00265351561407
21.96969696969697,70.45454545454545,-126.4559748601845
21.96969696969697,70.65656565656566,-125.88659596421691
21.96969696969697,70.85858585858585,-121.97211669747679
21.96969696969697,71.06060606060606,-122.54642792888708
21.96969696969697,71.26262626262626,-123.95116589889179
21.96969696969697,71.46464646464646,-126.67490854721396
21.96969696969697,71.66666666666667,-122.24951151082003
21.96969696969697,71.86868686868686,-121.35957564352024
21.96969696969697,72.07070707070707,-127.97274919619812
21.96969696969697,72.27272727272727,-121.8476916206835
21.96969696969697,72.47474747474747,-123.0347870897782
21.96969696969697,72.67676767676768,-122.16693917696769
21.96969696969697,72.87878787878788,-123.6211363660308
21.96969696969697,73.08080808080808,-121.79501190387998
21.96969696969697,73.28282828282828,-118.65624446161947
21.96969696969697,73.48484848484848,-122.06765321223737
21.96969696969697,73.68686868686869,-119.4660083182822
21.96969696969697,73.88888888888889,-122.6812219185069
21.96969696969697,74.0909090909091,-119.71143888561326
21.96969696969697,74.29292929292929,-121.03243782286602
21.96969696969697,74.4949494949495,-120.51096649088012
21.96969696969697,74.6969696969697,-121.19291963039605
21.96969696969697,74.8989898989899,-120.09724014395067
21.96969696969697,75.1010101010101,-126.43597623403565
21.96969696969697,75.3030303030303,-124.41380576969671
21.96969696969697,75.5050505050505,-121.08120285901484
21.96969696969697,75.70707070707071,-126.09872500778935
21.96969696969697,75.9090909090909,-123.13057776953197
21.96969696969697,76.11111111111111,-122.51574257832931
21.96969696969697,76.31313131313131,-124.20705711763836
21.96969696969697,76.51515151515152,-124.42375385387606
21.96969696969697,76.71717171717171,-122.37495459431256
21.96969696969697,76.91919191919192,-121.3563947287845
21.96969696969697,77.12121212121212,-125.43429745813341
21.96969696969697,77.32323232323232,-124.84604542584957
21.96969696969697,77.52525252525253,-125.64237294068694
21.96969696969697,77.72727272727272,-129.36766462482996
21.96969696969697,77.92929292929293,-124.45417961073271
21.96969696969697,78.13131313131314,-122.97848293484455
21.96969696969697,78.33333333333333,-123.21953242266756
21.96969696969697,78.53535353535354,-127.05928977000237
21.96969696969697,78.73737373737373,-127.99914790571164
21.96969696969697,78.93939393939394,-125.76243238385084
21.96969696969697,79.14141414141415,-124.32203490331382
21.96969696969697,79.34343434343434,-125.89179326784166
21.96969696969697,79.54545454545455,-125.91591725395955
21.96969696969697,79.74747474747474,-124.37794711517097
21.96969696969697,79.94949494949495,-129.00699242874768
21.96969696969697,80.15151515151516,-128.71669928998242
21.96969696969697,80.35353535353535,-126.31282563888551
21.96969696969697,80.55555555555556,-131.45066425547418
21.96969696969697,80.75757575757575,-136.11042628604733
21.96969696969697,80.95959595959596,-137.16234363726488
21.96969696969697,81.16161616161617,-140.40641197083124
21.96969696969697,81.36363636363636,-139.9038380551984
21.96969696969697,81.56565656565657,-142.4100572337785
21.96969696969697,81.76767676767676,-140.07609472087847
21.96969696969697,81.96969696969697,-142.09029366368225
21.96969696969697,82.17171717171718,-144.8649203033974
21.96969696969697,82.37373737373737,-140.0049236526371
21.96969696969697,82.57575757575758,-140.05948031101158
21.96969696969697,82.77777777777777,-136.76161004623248
21.96969696969697,82.97979797979798,-135.8374676934004
21.96969696969697,83.18181818181819,-132.93512470929394
21.96969696969697,83.38383838383838,-127.73395864281379
21.96969696969697,83.58585858585859,-123.30232251915501
21.96969696969697,83.78787878787878,-124.6270267806323
21.96969696969697,83.98989898989899,-122.82213925764599
21.96969696969697,84.1919191919192,-123.42066055306034
21.96969696969697,84.39393939393939,-125.18274938158358
21.96969696969697,84.5959595959596,-119.77201873105244
21.96969696969697,84.79797979797979,-119.54329965364356
21.96969696969697,85.0,-119.49637504950063
22.171717171717173,65.0,-98.68743787230005
22.171717171717173,65.20202020202021,-98.02143072756886
22.171717171717173,65.4040404040404,-98.84702228103583
22.171717171717173,65.60606060606061,-99.78044358083768
22.171717171717173,65.8080808080808,-103.31341639183039
22.171717171717173,66.01010101010101,-107.83247658836031
22.171717171717173,66.21212121212122,-113.47357276901741
22.171717171717173,66.41414141414141,-114.55508058058629
22.171717171717173,66.61616161616162,-117.53300285141803
22.171717171717173,66.81818181818181,-119.60307655331697
22.171717171717173,67.02020202020202,-121.34353870926529
22.171717171717173,67.22222222222223,-126.16849657526586
22.171717171717173,67.42424242424242,-124.0779339431877
22.171717171717173,67.62626262626263,-132.97460229544254
22.171717171717173,67.82828282828282,-129.8207228083184
22.171717171717173,68.03030303030303,-133.04476242757408
22.171717171717173,68.23232323232324,-135.3893853492166
22.171717171717173,68.43434343434343,-132.11203878516514
22.171717171717173,68.63636363636364,-134.82168784154874
22.171717171717173,68.83838383838383,-131.8611583873643
22.171717171717173,69.04040404040404,-131.12237172789645
22.171717171717173,69.24242424242425,-128.43505549852136
22.171717171717173,69.44444444444444,-133.2632703573054
22.171717171717173,69.64646464646465,-127.62506551800853
22.171717171717173,69.84848484848484,-128.65505852670293
22.171717171717173,70.05050505050505,-126.59710344725124
22.171717171717173,70.25252525252526,-128.62832234787197
22.171717171717173,70.45454545454545,-130.102795374024
22.171717171717173,70.65656565656566,-129.15176922994033
22.171717171717173,70.85858585858585,-129.06362998262284
22.171717171717173,71.06060606060606,-125.01060850871045
22.171717171717173,71.26262626262626,-122.38572167797432
22.171717171717173,71.46464646464646,-126.3318505558057
22.171717171717173,71.66666666666667,-123.27129371561435
22.171717171717173,71.86868686868686,-127.37728503455173
22.171717171717173,72.07070707070707,-123.81179421874975
22.171717171717173,72.27272727272727,-122.3536948931196
22.171717171717173,72.47474747474747,-126.28495615552922
22.171717171717173,72.67676767676768,-123.710650960299
22.171717171717173,72.87878787878788,-121.56190985950266
22.171717171717173,73.08080808080808,-128.85413783240793
22.171717171717173,73.28282828282828,-120.14659579337491
22.171717171717173,73.48484848484848,-122.08932173555907
22.171717171717173,73.68686868686869,-121.2834048307836
22.171717171717173,73.88888888888889,-123.54989705026209
22.171717171717173,74.0909090909091,-125.93345351763952
22.171717171717173,74.29292929292929,-121.60498023353509
22.171717171717173,74.4949494949495,-122.67583871074974
22.171717171717173,74.6969696969697,-122.42220254134621
22.171717171717173,74.8989898989899,-120.3722969501094
22.171717171717173,75.1010101010101,-121.24846213012846
22.171717171717173,75.3030303030303,-119.10242095848727
22.171717171717173,75.5050505050505,-122.64882184258389
22.171717171717173,75.70707070707071,-124.6798520627275
22.171717171717173,75.9090909090909,-123.71805654171494
22.171717171717173,76.11111111111111,-122.6895499252178
22.171717171717173,76.31313131313131,-121.91932651736568
22.171717171717173,76.51515151515152,-127.09417853978617
22.171717171717173,76.71717171717171,-124.31296914774438
22.171717171717173,76.91919191919192,-121.35180918977929
22.171717171717173,77.12121212121212,-125.05696896250988
22.171717171717173,77.32323232323232,-123.33015384056601
22.171717171717173,77.52525252525253,-124.39216632974022
22.171717171717173,77.72727272727272,-123.55887053003471
22.171717171717173,77.92929292929293,-127.48114856643572
22.171717171717173,78.13131313131314,-127.7332505103654
22.171717171717173,78.33333333333333,-126.2571435358909
22.171717171717173,78.53535353535354,-129.50199221090114
22.171717171717173,78.73737373737373,-127.24184018475329
22.171717171717173,78.93939393939394,-126.28947817531717
22.171717171717173,79.14141414141415,-123.51177019864228
22.171717171717173,79.34343434343434,-126.56844914486683
22.171717171717173,79.54545454545455,-126.26625368554193
22.171717171717173,79.74747474747474,-125.70616127924755
22.171717171717173,79.94949494949495,-130.5267946646078
22.171717171717173,80.15151515151516,-129.58151182536153
22.171717171717173,80.35353535353535,-125.71607637013258
22.171717171717173,80.55555555555556,-132.30441784762442
22.171717171717173,80.75757575757575,-132.01695409984447
22.171717171717173,80.95959595959596,-135.05274758951376
22.171717171717173,81.16161616161617,-142.27152273354187
22.171717171717173,81.36363636363636,-139.99720467258908
22.171717171717173,81.56565656565657,-140.32466828219052
22.171717171717173,81.76767676767676,-139.95824565092008
22.171717171717173,81.96969696969697,-142.12638818618308
22.171717171717173,82.17171717171718,-142.85200225042527
22.171717171717173,82.37373737373737,-141.57018322664265
22.171717171717173,82.57575757575758,-140.81375322076937
22.171717171717173,82.77777777777777,-136.10921450651463
22.171717171717173,82.97979797979798,-131.46985804541129
22.171717171717173,83.18181818181819,-129.44950444312
22.171717171717173,83.38383838383838,-128.188091372533
22.171717171717173,83.58585858585859,-129.7167789489254
22.171717171717173,83.78787878787878,-126.8022254926055
22.171717171717173,83.98989898989899,-124.42322458419814
22.171717171717173,84.1919191919192,-125.08664697432643
22.171717171717173,84.39393939393939,-122.11246693336857
22.171717171717173,84.5959595959596,-121.52982174990545
22.171717171717173,84.79797979797979,-121.52599715241676
22.171717171717173,85.0,-120.47008581403458
22.373737373737374,65.0,-99.69914195781897
22.373737373737374,65.20202020202021,-97.54930399139384
22.373737373737374,65.4040404040404,-101.11032919980694
22.373737373737374,65.60606060606061,-103.50079830613713
22.373737373737374,65.8080808080808,-103.99363704178957
22.373737373737374,66.01010101010101,-106.06397781720766
22.373737373737374,66.21212121212122,-110.62749080838775
22.373737373737374,66.41414141414141,-114.99605299197799
22.373737373737374,66.61616161616162,-118.13782878050516
22.373737373737374,66.81818181818181,-121.92070813899682
22.373737373737374,67.02020202020202,-127.03294428087047
22.373737373737374,67.22222222222223,-129.52096518676413
22.373737373737374,67.42424242424242,-129.43146922683323
22.373737373737374,67.62626262626263,-130.73830406178573
22.373737373737374,67.82828282828282,-131.88475228750758
22.373737373737374,68.03030303030303,-131.5321844738062
22.373737373737374,68.23232323232324,-133.34821586905252
22.373737373737374,68.43434343434343,-132.26139698046305
22.373737373737374,68.63636363636364,-133.64183651736434
22.373737373737374,68.83838383838383,-129.37585265279276
22.373737373737374,69.04040404040404,-132.2227337390424
22.373737373737374,69.24242424242425,-127.44417896216326
22.373737373737374,69.44444444444444,-130.9894914291939
22.373737373737374,69.64646464646465,-131.67276071742512
22.373737373737374,69.84848484848484,-132.36266052043524
22.373737373737374,70.05050505050505,-132.86919839565633
22.373737373737374,70.25252525252526,-131.23537998033393
22.373737373737374,70.45454545454545,-130.53366940705274
22.373737373737374,70.65656565656566,-127.35003305170268
22.373737373737374,70.85858585858585,-128.73861823538653
22.373737373737374,71.06060606060606,-126.90617990754886
22.373737373737374,71.26262626262626,-124.23904081763688
22.373737373737374,71.46464646464646,-126.54505459614187
22.373737373737374,71.66666666666667,-122.01892703991436
22.373737373737374,71.86868686868686,-127.96233170254446
22.373737373737374,72.07070707070707,-125.41224192518892
22.373737373737374,72.27272727272727,-126.19734784330888
22.373737373737374,72.47474747474747,-122.97778272188211
22.373737373737374,72.67676767676768,-128.9506834025785
22.373737373737374,72.87878787878788,-127.36652257116594
22.373737373737374,73.08080808080808,-124.40613152963805
22.373737373737374,73.28282828282828,-121.0214522369221
22.373737373737374,73.48484848484848,-123.56363326542754
22.373737373737374,73.68686868686869,-126.77534403265784
22.373737373737374,73.88888888888889,-126.08704499069418
22.373737373737374,74.0909090909091,-120.27474113019368
22.373737373737374,74.29292929292929,-124.90035670881109
22.373737373737374,74.4949494949495,-125.64374881124098
22.373737373737374,74.6969696969697,-120.79000446745752
22.373737373737374,74.8989898989899,-122.07352588251213
22.373737373737374,75.1010101010101,-121.50647125737
22.373737373737374,75.3030303030303,-126.02623704144642
22.373737373737374,75.5050505050505,-127.3587142697287
22.373737373737374,75.70707070707071,-124.17790617749847
22.373737373737374,75.9090909090909,-124.00788733135188
22.373737373737374,76.11111111111111,-123.96602482292911
22.373737373737374,76.31313131313131,-122.02745865459019
22.373737373737374,76.51515151515152,-128.62059452847924
22.373737373737374,76.71717171717171,-123.83258601752236
22.373737373737374,76.91919191919192,-128.0707858483258
22.373737373737374,77.12121212121212,-124.07015570787212
22.373737373737374,77.32323232323232,-127.32288581742907
22.373737373737374,77.52525252525253,-128.28383991202352
22.373737373737374,77.72727272727272,-128.03346556017954
22.373737373737374,77.92929292929293,-129.8577220903896
22.373737373737374,78.13131313131314,-127.20317945785156
22.373737373737374,78.33333333333333,-128.91294928756082
22.373737373737374,78.53535353535354,-126.01487372850124
22.373737373737374,78.73737373737373,-126.49706070418472
22.373737373737374,78.93939393939394,-124.4859122204132
22.373737373737374,79.14141414141415,-127.3033653358162
22.373737373737374,79.34343434343434,-127.20474038102287
22.373737373737374,79.54545454545455,-125.71431507471061
22.373737373737374,79.74747474747474,-130.19717906052975
22.373737373737374,79.94949494949495,-132.37578635407283
22.373737373737374,80.15151515151516,-130.05915422594276
22.373737373737374,80.35353535353535,-134.03539806507519
22.373737373737374,80.55555555555556,-127.8182020619744
22.373737373737374,80.75757575757575,-131.89702172596049
22.373737373737374,80.95959595959596,-132.65805065005844
22.373737373737374,81.16161616161617,-139.62116797726065
22.373737373737374,81.36363636363636,-139.51701603919776
22.373737373737374,81.56565656565657,-141.53711409050624
22.373737373737374,81.76767676767676,-138.85231361542745
22.373737373737374,81.96969696969697,-143.04924965070308
22.373737373737374,82.17171717171718,-145.7043496055505
22.373737373737374,82.37373737373737,-142.19958446557808
22.373737373737374,82.57575757575758,-143.52911017783558
22.373737373737374,82.77777777777777,-135.40257873503379
22.373737373737374,82.97979797979798,-132.12884320893554
22.373737373737374,83.18181818181819,-135.9110811115763
22.373737373737374,83.38383838383838,-127.95729095551053
22.373737373737374,83.58585858585859,-126.83651216672129
22.373737373737374,83.78787878787878,-130.2071165593165
22.373737373737374,83.98989898989899,-126.69784819789518
22.373737373737374,84.1919191919192,-126.30089744870497
22.373737373737374,84.39393939393939,-122.90791439829101
22.373737373737374,84.5959595959596,-126.74632553031029
22.373737373737374,84.79797979797979,-124.13351051435188
22.373737373737374,85.0,-124.98244104519766
22.575757575757574,65.0,-97.77003660188146
22.575757575757574,65.20202020202021,-99.16577501608565
22.575757575757574,65.4040404040404,-100.88192086967817
22.575757575757574,65.60606060606061,-102.44379847691044
22.575757575757574,65.8080808080808,-101.75222676888129
22.575757575757574,66.01010101010101,-108.57042418396036
22.575757575757574,66.21212121212122,-113.05013353261694
22.575757575757574,66.41414141414141,-114.07555558850477
22.575757575757574,66.61616161616162,-118.90350611471526
22.575757575757574,66.81818181818181,-124.61662423787018
22.575757575757574,67.02020202020202,-121.43058858068369
22.575757575757574,67.22222222222223,-128.98728906720513
22.575757575757574,67.42424242424242,-131.27448049872896
22.575757575757574,67.62626262626263,-131.79439164503754
22.575757575757574,67.82828282828282,-129.7921341094198
22.575757575757574,68.03030303030303,-137.27886160371017
22.575757575757574,68.23232323232324,-134.06951109675796
22.575757575757574,68.43434343434343,-130.57199358412052
22.575757575757574,68.63636363636364,-134.0421593095303
22.575757575757574,68.83838383838383,-136.74188267955273
22.575757575757574,69.04040404040404,-135.12010480212103
22.575757575757574,69.24242424242425,-133.15430887025303
22.575757575757574,69.44444444444444,-130.2208439138172
22.575757575757574,69.64646464646465,-133.2381892398
22.575757575757574,69.84848484848484,-130.13103818486107
22.575757575757574,70.05050505050505,-134.13377265860439
22.575757575757574,70.25252525252526,-133.6543477535309
22.575757575757574,70.45454545454545,-131.15002781273955
22.575757575757574,70.65656565656566,-126.78822897592755
22.575757575757574,70.85858585858585,-128.92876183161462
22.575757575757574,71.06060606060606,-128.1476993548262
22.575757575757574,71.26262626262626,-127.72079763428174
22.575757575757574,71.46464646464646,-125.41879164434086
22.575757575757574,71.66666666666667,-128.62590549314118
22.575757575757574,71.86868686868686,-125.77425983765359
22.575757575757574,72.07070707070707,-128.37305640137572
22.575757575757574,72.27272727272727,-122.53734275217207
22.575757575757574,72.47474747474747,-127.95839199706546
22.575757575757574,72.67676767676768,-127.69087268035554
22.575757575757574,72.87878787878788,-124.75747011265186
22.575757575757574,73.08080808080808,-125.5002967609613
22.575757575757574,73.28282828282828,-124.66191571084526
22.575757575757574,73.48484848484848,-124.99637505820894
22.575757575757574,73.68686868686869,-127.52351681439056
22.575757575757574,73.88888888888889,-121.8549117844705
22.575757575757574,74.0909090909091,-123.4237911272583
22.575757575757574,74.29292929292929,-122.56728511763409
22.575757575757574,74.4949494949495,-126.24648660650058
22.575757575757574,74.6969696969697,-124.33559455923869
22.575757575757574,74.8989898989899,-124.92742462315763
22.575757575757574,75.1010101010101,-123.31179813547467
22.575757575757574,75.3030303030303,-123.28697128845606
22.575757575757574,75.5050505050505,-125.28387668323128
22.575757575757574,75.70707070707071,-128.8945048968964
22.575757575757574,75.9090909090909,-122.29575687722479
22.575757575757574,76.11111111111111,-124.97033027381033
22.575757575757574,76.31313131313131,-127.57990057605907
22.575757575757574,76.51515151515152,-125.66340833649043
22.575757575757574,76.71717171717171,-129.6409408867639
22.575757575757574,76.91919191919192,-124.99298910629253
22.575757575757574,77.12121212121212,-130.00471212342666
22.575757575757574,77.32323232323232,-127.84283926644989
22.575757575757574,77.52525252525253,-127.34210853525542
22.575757575757574,77.72727272727272,-125.755835774884
22.575757575757574,77.92929292929293,-127.62654115187352
22.575757575757574,78.13131313131314,-126.979463080556
22.575757575757574,78.33333333333333,-128.65223712928764
22.575757575757574,78.53535353535354,-128.86900153034136
22.575757575757574,78.73737373737373,-128.52526566071825
22.575757575757574,78.93939393939394,-129.301714796236
22.575757575757574,79.14141414141415,-132.53413940863095
22.575757575757574,79.34343434343434,-130.91596311542102
22.575757575757574,79.54545454545455,-129.0191488107307
22.575757575757574,79.74747474747474,-130.1678343060253
22.575757575757574,79.94949494949495,-130.88257226020326
22.575757575757574,80.15151515151516,-131.7612174023153
22.575757575757574,80.35353535353535,-133.33521653518434
22.575757575757574,80.55555555555556,-134.28023963846712
22.575757575757574,80.75757575757575,-135.88573350105145
22.575757575757574,80.95959595959596,-137.20551777033378
22.575757575757574,81.16161616161617,-138.54076177884377
22.575757575757574,81.36363636363636,-140.97926380837242
22.575757575757574,81.56565656565657,-142.6774737379858
22.575757575757574,81.76767676767676,-143.4143273064385
22.575757575757574,81.96969696969697,-135.4232888118505
22.575757575757574,82.17171717171718,-142.8777932871301
22.575757575757574,82.37373737373737,-141.65541322912972
22.575757575757574,82.57575757575758,-139.58416262157309
22.575757575757574,82.77777777777777,-137.43171755025188
22.575757575757574,82.97979797979798,-134.90890338130848
22.575757575757574,83.18181818181819,-134.1921746282858
22.575757575757574,83.38383838383838,-130.71416344270835
22.575757575757574,83.58585858585859,-129.4798317348609
22.575757575757574,83.78787878787878,-128.86949534364462
22.575757575757574,83.98989898989899,-126.29815442312535
22.575757575757574,84.1919191919192,-124.16726576794942
22.575757575757574,84.39393939393939,-125.84643303824501
22.575757575757574,84.5959595959596,-125.51916016774658
22.575757575757574,84.79797979797979,-123.01130522719892
22.575757575757574,85.0,-123.00090246221794
22.77777777777778,65.0,-96.21520324127178
22.77777777777778,65.20202020202021,-101.33036475569891
22.77777777777778,65.4040404040404,-98.83084942800595
22.77777777777778,65.60606060606061,-101.26007412596564
22.77777777777778,65.8080808080808,-106.10663959366944
22.77777777777778,66.01010101010101,-107.5442386715054
22.77777777777778,66.21212121212122,-109.73527796087129
22.77777777777778,66.41414141414141,-116.38664595229915
22.77777777777778,66.61616161616162,-117.91436157385687
22.77777777777778,66.81818181818181,-120.64381771617025
22.77777777777778,67.02020202020202,-127.3213152805321
22.77777777777778,67.22222222222223,-128.60359731615264
22.77777777777778,67.42424242424242,-130.35087302347262
22.77777777777778,67.62626262626263,-134.60378900873513
22.77777777777778,67.82828282828282,-136.3620204886367
22.77777777777778,68.03030303030303,-135.61002163801652
22.77777777777778,68.23232323232324,-134.4003215130131
22.77777777777778,68.43434343434343,-134.84238284905
22.77777777777778,68.63636363636364,-137.52596662742212
22.77777777777778,68.83838383838383,-134.12268199386418
22.77777777777778,69.04040404040404,-137.06492825628084
22.77777777777778,69.24242424242425,-138.01675457714296
22.77777777777778,69.44444444444444,-135.1685851379409
22.77777777777778,69.64646464646465,-131.7829203428338
22.77777777777778,69.84848484848484,-131.90256952357532
22.77777777777778,70.05050505050505,-132.49504258047625
22.77777777777778,70.25252525252526,-133.0534893383665
22.77777777777778,70.45454545454545,-132.16302117318872
22.77777777777778,70.65656565656566,-130.5967245436052
22.77777777777778,70.85858585858585,-132.59931912187187
22.77777777777778,71.06060606060606,-130.86184976962068
22.77777777777778,71.26262626262626,-129.8329227591756
22.77777777777778,71.46464646464646,-131.92963246551741
22.77777777777778,71.66666666666667,-130.55322856492768
22.77777777777778,71.86868686868686,-127.77875200734694
22.77777777777778,72.07070707070707,-128.37858067860907
22.77777777777778,72.27272727272727,-128.61289154991601
22.77777777777778,72.47474747474747,-129.46824199899257
22.77777777777778,72.67676767676768,-124.19387350826972
22.77777777777778,72.87878787878788,-128.83930687508033
22.77777777777778,73.08080808080808,-126.52664756225131
22.77777777777778,73.28282828282828,-127.90420577004652
22.77777777777778,73.48484848484848,-126.71797798406023
22.77777777777778,73.68686868686869,-125.8642303106263
22.77777777777778,73.88888888888889,-129.33983271205773
22.77777777777778,74.0909090909091,-126.3949459931917
22.77777777777778,74.29292929292929,-124.34711570216601
22.77777777777778,74.4949494949495,-122.88523946201394
22.77777777777778,74.6969696969697,-126.77822640872617
22.77777777777778,74.8989898989899,-126.44426054253289
22.77777777777778,75.1010101010101,-122.20803386204442
22.77777777777778,75.3030303030303,-124.76407049930717
22.77777777777778,75.5050505050505,-128.1065060558978
22.77777777777778,75.70707070707071,-128.39613232985383
22.77777777777778,75.9090909090909,-125.33066601170222
22.77777777777778,76.11111111111111,-129.51990438930605
22.77777777777778,76.31313131313131,-125.02786494276675
22.77777777777778,76.51515151515152,-127.11306212350435
22.77777777777778,76.71717171717171,-126.9546027308396
22.77777777777778,76.91919191919192,-128.8038471363637
22.77777777777778,77.12121212121212,-129.8090438722918
22.77777777777778,77.32323232323232,-125.45901538133792
22.77777777777778,77.52525252525253,-129.15252855470914
22.77777777777778,77.72727272727272,-129.8990930232421
22.77777777777778,77.92929292929293,-129.33546422323667
22.77777777777778,78.13131313131314,-129.05624859294
22.77777777777778,78.33333333333333,-131.65761473748395
22.77777777777778,78.53535353535354,-130.7299997741217
22.77777777777778,78.73737373737373,-130.88802856908487
22.77777777777778,78.93939393939394,-128.29311987583648
22.77777777777778,79.14141414141415,-132.0129658607554
22.77777777777778,79.34343434343434,-134.07995366724174
22.77777777777778,79.54545454545455,-134.5701268243512
22.77777777777778,79.74747474747474,-133.88178041314686
22.77777777777778,79.94949494949495,-128.4253693748218
22.77777777777778,80.15151515151516,-131.68784506179898
22.77777777777778,80.35353535353535,-131.72724802234265
22.77777777777778,80.55555555555556,-132.65910107078264
22.77777777777778,80.75757575757575,-135.0074278482857
22.77777777777778,80.95959595959596,-137.01371648717137
22.77777777777778,81.16161616161617,-136.52577790927438
22.77777777777778,81.36363636363636,-140.16463592784228
22.77777777777778,81.56565656565657,-137.81996826807412
22.77777777777778,81.76767676767676,-139.37650333602122
22.77777777777778,81.96969696969697,-141.85375577356302
22.77777777777778,82.17171717171718,-141.61243127434082
22.77777777777778,82.37373737373737,-142.0730928395095
22.77777777777778,82.57575757575758,-137.39180202793287
22.77777777777778,82.77777777777777,-138.55572713343236
22.77777777777778,82.97979797979798,-137.1692041381367
22.77777777777778,83.18181818181819,-132.79524860439508
22.77777777777778,83.38383838383838,-131.83530928961736
22.77777777777778,83.58585858585859,-129.5492280788821
22.77777777777778,83.78787878787878,-125.164172882919
22.77777777777778,83.98989898989899,-126.2714198130855
22.77777777777778,84.1919191919192,-127.74003158006343
22.77777777777778,84.39393939393939,-129.90441362151583
22.77777777777778,84.5959595959596,-127.72123134333548
22.77777777777778,84.79797979797979,-125.00568120663901
22.77777777777778,85.0,-128.60284110705638
22.97979797979798,65.0,-95.43535584375817
22.97979797979798,65.20202020202021,-98.84067476193096
22.97979797979798,65.4040404040404,-100.05017418338026
22.97979797979798,65.60606060606061,-103.1023519118031
22.97979797979798,65.8080808080808,-104.04636398562138
22.97979797979798,66.01010101010101,-109.70807933674695
22.97979797979798,66.21212121212122,-107.97057173653526
22.97979797979798,66.41414141414141,-112.87481990828618
22.97979797979798,66.61616161616162,-117.00007213442531
22.97979797979798,66.81818181818181,-124.57352719324766
22.97979797979798,67.02020202020202,-125.0445307917694
22.97979797979798,67.22222222222223,-126.1367706413562
22.97979797979798,67.42424242424242,-129.80693155450754
22.97979797979798,67.62626262626263,-134.9937092982954
22.97979797979798,67.82828282828282,-136.15520676732544
22.97979797979798,68.03030303030303,-137.24697388953504
22.97979797979798,68.23232323232324,-138.57034872604606
22.97979797979798,68.43434343434343,-134.30365777094622
22.97979797979798,68.63636363636364,-141.1928403454589
22.97979797979798,68.83838383838383,-135.5898108789912
22.97979797979798,69.04040404040404,-139.16348255442475
22.97979797979798,69.24242424242425,-138.17076921253008
22.97979797979798,69.44444444444444,-139.67271644252867
22.97979797979798,69.64646464646465,-136.24344828736167
22.97979797979798,69.84848484848484,-131.86123912346622
22.97979797979798,70.05050505050505,-133.52446532196933
22.97979797979798,70.25252525252526,-135.84333078865944
22.97979797979798,70.45454545454545,-130.7197738538637
22.97979797979798,70.65656565656566,-130.0357154618003
22.97979797979798,70.85858585858585,-131.71700280196512
22.97979797979798,71.06060606060606,-127.38122898836652
22.97979797979798,71.26262626262626,-129.49556528765945
22.97979797979798,71.46464646464646,-129.08138119464218
22.97979797979798,71.66666666666667,-131.79819458958033
22.97979797979798,71.86868686868686,-128.41708606827487
22.97979797979798,72.07070707070707,-128.8774412625541
22.97979797979798,72.27272727272727,-128.11424265890236
22.97979797979798,72.47474747474747,-130.3754297317595
22.97979797979798,72.67676767676768,-128.31429201781341
22.97979797979798,72.87878787878788,-130.2015359129466
22.97979797979798,73.08080808080808,-132.5733838665051
22.97979797979798,73.28282828282828,-126.25086726391642
22.97979797979798,73.48484848484848,-131.01504532065363
22.97979797979798,73.68686868686869,-127.79903716138215
22.97979797979798,73.88888888888889,-127.5252923083544
22.97979797979798,74.0909090909091,-127.28931078376587
22.97979797979798,74.29292929292929,-128.5560714952082
22.97979797979798,74.4949494949495,-127.22440583986626
22.97979797979798,74.6969696969697,-126.88084619085355
22.97979797979798,74.8989898989899,-126.73328754856217
22.97979797979798,75.1010101010101,-124.70134457839546
22.97979797979798,75.3030303030303,-127.69225380041013
22.97979797979798,75.5050505050505,-127.87512562710967
22.97979797979798,75.70707070707071,-130.16317566228804
22.97979797979798,75.9090909090909,-127.72336541424662
22.97979797979798,76.11111111111111,-127.55198377587068
22.97979797979798,76.31313131313131,-129.1640601364547
22.97979797979798,76.51515151515152,-127.90090840305967
22.97979797979798,76.71717171717171,-129.808632425045
22.97979797979798,76.91919191919192,-128.20201120991223
22.97979797979798,77.12121212121212,-127.63061563052148
22.97979797979798,77.32323232323232,-127.94527339506412
22.97979797979798,77.52525252525253,-129.72170115816925
22.97979797979798,77.72727272727272,-132.17796591693812
22.97979797979798,77.92929292929293,-131.57584970208006
22.97979797979798,78.13131313131314,-129.04458030009698
22.97979797979798,78.33333333333333,-125.71239345134764
22.97979797979798,78.53535353535354,-131.72740385193285
22.97979797979798,78.73737373737373,-129.9986801700414
22.97979797979798,78.93939393939394,-132.09964278952572
22.97979797979798,79.14141414141415,-133.21645011913174
22.97979797979798,79.34343434343434,-132.67367728093174
22.97979797979798,79.54545454545455,-135.81317648853937
22.97979797979798,79.74747474747474,-129.2487319985207
22.97979797979798,79.94949494949495,-136.57502210646294
22.97979797979798,80.15151515151516,-133.15410985497118
22.97979797979798,80.35353535353535,-135.40833163190536
22.97979797979798,80.55555555555556,-135.81608503104113
22.97979797979798,80.75757575757575,-132.3280684312974
22.97979797979798,80.95959595959596,-136.02909431501254
22.97979797979798,81.16161616161617,-139.78904042396098
22.97979797979798,81.36363636363636,-140.19936698426682
22.97979797979798,81.56565656565657,-141.91955757638308
22.97979797979798,81.76767676767676,-140.7052545707587
22.97979797979798,81.96969696969697,-140.27237985702558
22.97979797979798,82.17171717171718,-136.82701368014384
22.97979797979798,82.37373737373737,-143.80252368047485
22.97979797979798,82.57575757575758,-138.70744685593
22.97979797979798,82.77777777777777,-137.46588406991066
22.97979797979798,82.97979797979798,-133.25901016138633
22.97979797979798,83.18181818181819,-132.67247802767398
22.97979797979798,83.38383838383838,-130.9396507580427
22.97979797979798,83.58585858585859,-130.23806810516405
22.97979797979798,83.78787878787878,-131.81668645281798
22.97979797979798,83.98989898989899,-126.82153916573463
22.97979797979798,84.1919191919192,-126.82101219026282
22.97979797979798,84.39393939393939,-126.46243514714793
22.97979797979798,84.5959595959596,-125.49291950023505
22.97979797979798,84.79797979797979,-126.79073142567292
22.97979797979798,85.0,-124.47395015110364
23.18181818181818,65.0,-97.90401885811936
23.18181818181818,65.20202020202021,-99.16896199987086
23.18181818181818,65.4040404040404,-100.12913794978222
23.18181818181818,65.60606060606061,-102.16859129118559
23.18181818181818,65.8080808080808,-105.56077433421781
23.18181818181818,66.01010101010101,-105.42535880777548
23.18181818181818,66.21212121212122,-110.93125721047215
23.18181818181818,66.41414141414141,-114.87509156770297
23.18181818181818,66.61616161616162,-118.00598422035941
23.18181818181818,66.81818181818181,-116.98042608928057
23.18181818181818,67.02020202020202,-127.42959465681896
23.18181818181818,67.22222222222223,-129.88641898503693
23.18181818181818,67.42424242424242,-133.48179768218978
23.18181818181818,67.62626262626263,-133.53700958351115
23.18181818181818,67.82828282828282,-134.4367219701843
23.18181818181818,68.03030303030303,-137.27293790546798
23.18181818181818,68.23232323232324,-138.57789401515086
23.18181818181818,68.43434343434343,-138.1269381587342
23.18181818181818,68.63636363636364,-139.66205024173982
23.18181818181818,68.83838383838383,-137.70410285445047
23.18181818181818,69.04040404040404,-135.83693095169403
23.18181818181818,69.24242424242425,-136.2922433091361
23.18181818181818,69.44444444444444,-135.29449931641315
23.18181818181818,69.64646464646465,-134.41781654912546
23.18181818181818,69.84848484848484,-135.71377198591185
23.18181818181818,70.05050505050505,-135.7461999132556
23.18181818181818,70.25252525252526,-136.54344108994218
23.18181818181818,70.45454545454545,-135.0055981736848
23.18181818181818,70.65656565656566,-134.79158484727765
23.18181818181818,70.85858585858585,-131.93958877976578
23.18181818181818,71.06060606060606,-132.1577547314486
23.18181818181818,71.26262626262626,-131.00355143864684
23.18181818181818,71.46464646464646,-134.30113568074233
23.18181818181818,71.66666666666667,-128.6648339416326
23.18181818181818,71.86868686868686,-132.01272944904625
23.18181818181818,72.07070707070707,-133.1705948379805
23.18181818181818,72.27272727272727,-131.52739891653573
23.18181818181818,72.47474747474747,-125.49329968124059
23.18181818181818,72.67676767676768,-130.97286490511726
23.18181818181818,72.87878787878788,-130.5332719633747
23.18181818181818,73.08080808080808,-130.13274009845966
23.18181818181818,73.28282828282828,-130.02528412985995
23.18181818181818,73.48484848484848,-131.12353813801425
23.18181818181818,73.68686868686869,-129.01047355523826
23.18181818181818,73.88888888888889,-127.2386303592034
23.18181818181818,74.0909090909091,-128.87000783589656
23.18181818181818,74.29292929292929,-131.49699663578966
23.18181818181818,74.4949494949495,-129.8548598407244
23.18181818181818,74.6969696969697,-130.4574226188187
23.18181818181818,74.8989898989899,-129.25992770402425
23.18181818181818,75.1010101010101,-126.79859326263879
23.18181818181818,75.3030303030303,-129.5726302428444
23.18181818181818,75.5050505050505,-129.77588041245562
23.18181818181818,75.70707070707071,-126.1888310834722
23.18181818181818,75.9090909090909,-127.9732114982268
23.18181818181818,76.11111111111111,-128.75949594250596
23.18181818181818,76.31313131313131,-125.9688959998046
23.18181818181818,76.51515151515152,-129.16984230359492
23.18181818181818,76.71717171717171,-134.26052477072096
23.18181818181818,76.91919191919192,-128.7589139875442
23.18181818181818,77.12121212121212,-133.8350011807378
23.18181818181818,77.32323232323232,-130.02798094969384
23.18181818181818,77.52525252525253,-134.49049410539456
23.18181818181818,77.72727272727272,-132.016475911714
23.18181818181818,77.92929292929293,-132.26377952177992
23.18181818181818,78.13131313131314,-133.05331256718213
23.18181818181818,78.33333333333333,-132.4988552789065
23.18181818181818,78.53535353535354,-129.9106978780215
23.18181818181818,78.73737373737373,-133.53420632571473
23.18181818181818,78.93939393939394,-131.01832330179622
23.18181818181818,79.14141414141415,-134.2911090169007
23.18181818181818,79.34343434343434,-132.83917020606825
23.18181818181818,79.54545454545455,-132.01679483258593
23.18181818181818,79.74747474747474,-134.79299525058408
23.18181818181818,79.94949494949495,-135.5895713374744
23.18181818181818,80.15151515151516,-132.0408866906281
23.18181818181818,80.35353535353535,-131.46958738441958
23.18181818181818,80.55555555555556,-134.33117844457198
23.18181818181818,80.75757575757575,-136.19183186212848
23.18181818181818,80.95959595959596,-135.8349452092327
23.18181818181818,81.16161616161617,-137.14789342861081
23.18181818181818,81.36363636363636,-137.70875181630342
23.18181818181818,81.56565656565657,-143.84606738206443
23.18181818181818,81.76767676767676,-141.4772567982244
23.18181818181818,81.96969696969697,-141.62072723600818
23.18181818181818,82.17171717171718,-139.00323417719324
23.18181818181818,82.37373737373737,-138.2070387416156
23.18181818181818,82.57575757575758,-136.46711555100657
23.18181818181818,82.77777777777777,-135.7336007096
23.18181818181818,82.97979797979798,-137.53423302627755
23.18181818181818,83.18181818181819,-130.677234512366
23.18181818181818,83.38383838383838,-129.9919542236636
23.18181818181818,83.58585858585859,-134.22553553936277
23.18181818181818,83.78787878787878,-130.2888506579144
23.18181818181818,83.98989898989899,-131.5745093030747
23.18181818181818,84.1919191919192,-129.50970333675684
23.18181818181818,84.39393939393939,-127.41837690775306
23.18181818181818,84.5959595959596,-124.92977857249338
23.18181818181818,84.79797979797979,-127.33775683164313
23.18181818181818,85.0,-128.2610338472564
23.383838383838384,65.0,-98.90846389425226
23.383838383838384,65.20202020202021,-98.60484760836492
23.383838383838384,65.4040404040404,-98.18342654368597
23.383838383838384,65.60606060606061,-102.19890065885949
23.383838383838384,65.8080808080808,-106.10732554274895
23.383838383838384,66.01010101010101,-110.41680995483367
23.383838383838384,66.21212121212122,-110.58782526284317
23.383838383838384,66.41414141414141,-114.62551072416376
23.383838383838384,66.61616161616162,-119.75138333562285
23.383838383838384,66.81818181818181,-120.37510461611585
23.383838383838384,67.02020202020202,-126.16325536043848
23.383838383838384,67.22222222222223,-128.58964815708572
23.383838383838384,67.42424242424242,-130.94228554778104
23.383838383838384,67.62626262626263,-133.76105546344127
23.383838383838384,67.82828282828282,-134.45524469981413
23.383838383838384,68.03030303030303,-134.13694461786233
23.383838383838384,68.23232323232324,-139.75686278305417
23.383838383838384,68.43434343434343,-137.44559132906096
23.383838383838384,68.63636363636364,-138.73067606714585
23.383838383838384,68.83838383838383,-139.2524154492155
23.383838383838384,69.04040404040404,-137.83131709342888
23.383838383838384,69.24242424242425,-139.02415650245024
23.383838383838384,69.44444444444444,-137.76237913189482
23.383838383838384,69.64646464646465,-136.45251777186678
23.383838383838384,69.84848484848484,-138.36052829351414
23.383838383838384,70.05050505050505,-136.13232584322475
23.383838383838384,70.25252525252526,-136.93910012451124
23.383838383838384,70.45454545454545,-136.07868188855605
23.383838383838384,70.65656565656566,-135.84393984357794
23.383838383838384,70.85858585858585,-133.90283684210897
23.383838383838384,71.06060606060606,-133.91070324732874
23.383838383838384,71.26262626262626,-132.77721763769927
23.383838383838384,71.46464646464646,-133.331303729366
23.383838383838384,71.66666666666667,-136.1741066807101
23.383838383838384,71.86868686868686,-132.53575179563973
23.383838383838384,72.07070707070707,-132.14075908739756
23.383838383838384,72.27272727272727,-131.31525988879534
23.383838383838384,72.47474747474747,-132.86354109076862
23.383838383838384,72.67676767676768,-133.94920349071026
23.383838383838384,72.87878787878788,-130.0791405955975
23.383838383838384,73.08080808080808,-131.6607948578425
23.383838383838384,73.28282828282828,-130.69898718919018
23.383838383838384,73.48484848484848,-131.33663999189608
23.383838383838384,73.68686868686869,-130.87964055121532
23.383838383838384,73.88888888888889,-131.58693055302712
23.383838383838384,74.0909090909091,-132.45719139141917
23.383838383838384,74.29292929292929,-129.50228972366588
23.383838383838384,74.4949494949495,-131.84779757726957
23.383838383838384,74.6969696969697,-130.31000528724684
23.383838383838384,74.8989898989899,-129.7457085264642
23.383838383838384,75.1010101010101,-131.917754901905
23.383838383838384,75.3030303030303,-133.25727066233296
23.383838383838384,75.5050505050505,-126.01821653848897
23.383838383838384,75.70707070707071,-131.9702191199856
23.383838383838384,75.9090909090909,-129.715284991566
23.383838383838384,76.11111111111111,-127.23272734470126
23.383838383838384,76.31313131313131,-129.70732038413507
23.383838383838384,76.51515151515152,-132.19133470579638
23.383838383838384,76.71717171717171,-131.45810764054247
23.383838383838384,76.91919191919192,-133.3690360894597
23.383838383838384,77.12121212121212,-129.82597382069568
23.383838383838384,77.32323232323232,-130.9576120774435
23.383838383838384,77.52525252525253,-133.28131156465454
23.383838383838384,77.72727272727272,-134.52145097958984
23.383838383838384,77.92929292929293,-135.39153935731392
23.383838383838384,78.13131313131314,-130.4412301963121
23.383838383838384,78.33333333333333,-132.52109475019742
23.383838383838384,78.53535353535354,-132.4329155591242
23.383838383838384,78.73737373737373,-134.75638716231103
23.383838383838384,78.93939393939394,-136.1642354838298
23.383838383838384,79.14141414141415,-131.5085577775308
23.383838383838384,79.34343434343434,-133.32432863223195
23.383838383838384,79.54545454545455,-131.85713498398272
23.383838383838384,79.74747474747474,-134.5085892148835
23.383838383838384,79.94949494949495,-134.14845550844774
23.383838383838384,80.15151515151516,-132.83218567208056
23.383838383838384,80.35353535353535,-132.85488045186403
23.383838383838384,80.55555555555556,-133.13450493404824
23.383838383838384,80.75757575757575,-136.194000800765
23.383838383838384,80.95959595959596,-134.90135470613413
23.383838383838384,81.16161616161617,-134.5861412407247
23.383838383838384,81.36363636363636,-137.58709850262278
23.383838383838384,81.56565656565657,-138.9648449625182
23.383838383838384,81.76767676767676,-135.55014466662183
23.383838383838384,81.96969696969697,-139.66694683354692
23.383838383838384,82.17171717171718,-136.8563940238889
23.383838383838384,82.37373737373737,-137.5776819234803
23.383838383838384,82.57575757575758,-140.3227903583715
23.383838383838384,82.77777777777777,-133.37681617341372
23.383838383838384,82.97979797979798,-140.23507734637442
23.383838383838384,83.18181818181819,-137.94452706301576
23.383838383838384,83.38383838383838,-131.610259507566
23.383838383838384,83.58585858585859,-131.30112509406945
23.383838383838384,83.78787878787878,-132.932851436941
23.383838383838384,83.98989898989899,-131.15439116279643
23.383838383838384,84.1919191919192,-136.40363664386686
23.383838383838384,84.39393939393939,-129.4061513548442
23.383838383838384,84.5959595959596,-130.10780403213965
23.383838383838384,84.79797979797979,-130.63871287219476
23.383838383838384,85.0,-130.22058327276198
23.585858585858585,65.0,-97.74215841195041
23.585858585858585,65.20202020202021,-98.90158391996928
23.585858585858585,65.4040404040404,-102.78837844074607
23.585858585858585,65.60606060606061,-98.94346943851204
23.585858585858585,65.8080808080808,-102.9970480962115
23.585858585858585,66.01010101010101,-109.9029474660817
23.585858585858585,66.21212121212122,-111.94757048839297
23.585858585858585,66.41414141414141,-115.41625650061678
23.585858585858585,66.61616161616162,-116.84049396931157
23.585858585858585,66.81818181818181,-125.90933968403827
23.585858585858585,67.02020202020202,-126.30101368905311
23.585858585858585,67.22222222222223,-131.55777317168753
23.585858585858585,67.42424242424242,-131.4420885483483
23.585858585858585,67.62626262626263,-133.99114888341458
23.585858585858585,67.82828282828282,-134.7549028407556
23.585858585858585,68.03030303030303,-137.5436105714492
23.585858585858585,68.23232323232324,-138.99118306771405
23.585858585858585,68.43434343434343,-137.18744185659963
23.585858585858585,68.63636363636364,-138.17186386852103
23.585858585858585,68.83838383838383,-138.46314432647011
23.585858585858585,69.04040404040404,-140.25778892792582
23.585858585858585,69.24242424242425,-141.28897455086425
23.585858585858585,69.44444444444444,-140.15586089770807
23.585858585858585,69.64646464646465,-138.27841228123467
23.585858585858585,69.84848484848484,-143.0583151454751
23.585858585858585,70.05050505050505,-137.23725298471547
23.585858585858585,70.25252525252526,-137.17340539981433
23.585858585858585,70.45454545454545,-137.01684003461017
23.585858585858585,70.65656565656566,-137.13349415503606
23.585858585858585,70.85858585858585,-141.12347087245064
23.585858585858585,71.06060606060606,-136.45579150924917
23.585858585858585,71.26262626262626,-131.65663558124191
23.585858585858585,71.46464646464646,-134.67721592633427
23.585858585858585,71.66666666666667,-135.1658325619229
23.585858585858585,71.86868686868686,-133.9003124885484
23.585858585858585,72.07070707070707,-132.82295661667743
23.585858585858585,72.27272727272727,-132.0005972964475
23.585858585858585,72.47474747474747,-133.8173148534927
23.585858585858585,72.67676767676768,-132.09143292874003
23.585858585858585,72.87878787878788,-129.2529138619651
23.585858585858585,73.08080808080808,-130.50070181362577
23.585858585858585,73.28282828282828,-127.85550789788743
23.585858585858585,73.48484848484848,-133.5708083040731
23.585858585858585,73.68686868686869,-128.7411668001048
23.585858585858585,73.88888888888889,-133.64680458944423
23.585858585858585,74.0909090909091,-131.4817363410954
23.585858585858585,74.29292929292929,-130.60987126343153
23.585858585858585,74.4949494949495,-133.13402557594125
23.585858585858585,74.6969696969697,-131.80789746494239
23.585858585858585,74.8989898989899,-130.14242924193138
23.585858585858585,75.1010101010101,-133.5619432343715
23.585858585858585,75.3030303030303,-128.7514658129809
23.585858585858585,75.5050505050505,-134.81223382574433
23.585858585858585,75.70707070707071,-128.21994035316473
23.585858585858585,75.9090909090909,-130.43761949965867
23.585858585858585,76.11111111111111,-132.62607553977116
23.585858585858585,76.31313131313131,-133.22784972582545
23.585858585858585,76.51515151515152,-133.77151342429494
23.585858585858585,76.71717171717171,-133.0589824615214
23.585858585858585,76.91919191919192,-133.20429738833798
23.585858585858585,77.12121212121212,-130.70078473164392
23.585858585858585,77.32323232323232,-129.30188074487853
23.585858585858585,77.52525252525253,-132.8919960229813
23.585858585858585,77.72727272727272,-135.09194954504133
23.585858585858585,77.92929292929293,-134.87775913402484
23.585858585858585,78.13131313131314,-134.2066298521791
23.585858585858585,78.33333333333333,-135.9010728819019
23.585858585858585,78.53535353535354,-136.486189856521
23.585858585858585,78.73737373737373,-129.99171436730737
23.585858585858585,78.93939393939394,-133.5942689354312
23.585858585858585,79.14141414141415,-136.16505335458623
23.585858585858585,79.34343434343434,-132.66373297305236
23.585858585858585,79.54545454545455,-136.89280002152313
23.585858585858585,79.74747474747474,-137.07141795078672
23.585858585858585,79.94949494949495,-136.51405185327346
23.585858585858585,80.15151515151516,-131.83187355575646
23.585858585858585,80.35353535353535,-135.96834466040312
23.585858585858585,80.55555555555556,-140.29535927489144
23.585858585858585,80.75757575757575,-133.1259925749105
23.585858585858585,80.95959595959596,-136.65910413679646
23.585858585858585,81.16161616161617,-140.31581553630556
23.585858585858585,81.36363636363636,-137.7087577008013
23.585858585858585,81.56565656565657,-136.442664387328
23.585858585858585,81.76767676767676,-136.88088138515943
23.585858585858585,81.96969696969697,-134.03214654111628
23.585858585858585,82.17171717171718,-139.08325569490214
23.585858585858585,82.37373737373737,-137.01064893732826
23.585858585858585,82.57575757575758,-138.00238283216646
23.585858585858585,82.77777777777777,-138.8125703635949
23.585858585858585,82.97979797979798,-133.3842565742757
23.585858585858585,83.18181818181819,-133.29098835226668
23.585858585858585,83.38383838383838,-133.3228781045892
23.585858585858585,83.58585858585859,-132.42533184525024
23.585858585858585,83.78787878787878,-134.21298559734555
23.585858585858585,83.98989898989899,-134.57814124265403
23.585858585858585,84.1919191919192,-132.01796435347254
23.585858585858585,84.39393939393939,-129.7111860148718
23.585858585858585,84.5959595959596,-128.75843833222368
23.585858585858585,84.79797979797979,-130.06982743278397
23.585858585858585,85.0,-131.45125002682374
23.78787878787879,65.0,-98.05501675746075
23.78787878787879,65.20202020202021,-98.84464373880323
23.78787878787879,65.4040404040404,-101.58067152391064
23.78787878787879,65.60606060606061,-102.09815099476019
23.78787878787879,65.8080808080808,-106.77607658142126
23.78787878787879,66.01010101010101,-108.1209167652661
23.78787878787879,66.21212121212122,-108.8084052656869
23.78787878787879,66.41414141414141,-113.68384012617744
23.78787878787879,66.61616161616162,-120.21923488686522
23.78787878787879,66.81818181818181,-122.28358268081388
23.78787878787879,67.02020202020202,-126.89921262944539
23.78787878787879,67.22222222222223,-128.4579797530305
23.78787878787879,67.42424242424242,-128.9727781472173
23.78787878787879,67.62626262626263,-131.86053501386152
23.78787878787879,67.82828282828282,-130.141286813928
23.78787878787879,68.03030303030303,-134.05749485954615
23.78787878787879,68.23232323232324,-137.12318858636075
23.78787878787879,68.43434343434343,-137.07426318793966
23.78787878787879,68.63636363636364,-139.47163767287063
23.78787878787879,68.83838383838383,-141.7956250040324
23.78787878787879,69.04040404040404,-137.3074582915194
23.78787878787879,69.24242424242425,-138.13805546606935
23.78787878787879,69.44444444444444,-140.79689301836166
23.78787878787879,69.64646464646465,-139.88000761297374
23.78787878787879,69.84848484848484,-137.88639869578088
23.78787878787879,70.05050505050505,-138.17872806205904
23.78787878787879,70.25252525252526,-142.06767315958365
23.78787878787879,70.45454545454545,-138.0605360239245
23.78787878787879,70.65656565656566,-138.3981452503348
23.78787878787879,70.85858585858585,-135.2487070096478
23.78787878787879,71.06060606060606,-134.85891275792474
23.78787878787879,71.26262626262626,-133.72068372662358
23.78787878787879,71.46464646464646,-138.50789465052202
23.78787878787879,71.66666666666667,-137.45853754556705
23.78787878787879,71.86868686868686,-133.4294861751683
23.78787878787879,72.07070707070707,-136.30522843859907
23.78787878787879,72.27272727272727,-137.8143829476787
23.78787878787879,72.47474747474747,-133.4663470233385
23.78787878787879,72.67676767676768,-135.29545792638797
23.78787878787879,72.87878787878788,-130.45521024490577
23.78787878787879,73.08080808080808,-133.35367841335227
23.78787878787879,73.28282828282828,-133.5312157118465
23.78787878787879,73.48484848484848,-134.63382903448513
23.78787878787879,73.68686868686869,-130.29526769523667
23.78787878787879,73.88888888888889,-132.45484717478791
23.78787878787879,74.0909090909091,-134.25108123826806
23.78787878787879,74.29292929292929,-134.78694443047047
23.78787878787879,74.4949494949495,-133.40412844223536
23.78787878787879,74.6969696969697,-135.32560177076567
23.78787878787879,74.8989898989899,-131.1733143862477
23.78787878787879,75.1010101010101,-136.70049212634996
23.78787878787879,75.3030303030303,-133.824518142126
23.78787878787879,75.5050505050505,-132.03201975421635
23.78787878787879,75.70707070707071,-132.65497004207637
23.78787878787879,75.9090909090909,-135.08382900293748
23.78787878787879,76.11111111111111,-132.37535051559618
23.78787878787879,76.31313131313131,-135.48260024332063
23.78787878787879,76.51515151515152,-133.9539665324996
23.78787878787879,76.71717171717171,-132.7073878584203
23.78787878787879,76.91919191919192,-133.31123115154332
23.78787878787879,77.12121212121212,-135.57176159221825
23.78787878787879,77.32323232323232,-131.8920920132047
23.78787878787879,77.52525252525253,-134.44066557881115
23.78787878787879,77.72727272727272,-133.11632924360853
23.78787878787879,77.92929292929293,-131.9167974987879
23.78787878787879,78.13131313131314,-132.8016098311419
23.78787878787879,78.33333333333333,-132.9025557551329
23.78787878787879,78.53535353535354,-134.87262697909432
23.78787878787879,78.73737373737373,-133.76501764020406
23.78787878787879,78.93939393939394,-134.9739425337567
23.78787878787879,79.14141414141415,-137.71372346253386
23.78787878787879,79.34343434343434,-135.2471115923291
23.78787878787879,79.54545454545455,-135.10416187179126
23.78787878787879,79.74747474747474,-134.49462839776504
23.78787878787879,79.94949494949495,-135.96480433727322
23.78787878787879,80.15151515151516,-137.24963629212527
23.78787878787879,80.35353535353535,-134.64599218107162
23.78787878787879,80.55555555555556,-138.88573410866073
23.78787878787879,80.75757575757575,-133.47863106784868
23.78787878787879,80.95959595959596,-137.17005373875807
23.78787878787879,81.16161616161617,-136.403836898327
23.78787878787879,81.36363636363636,-135.9547937580571
23.78787878787879,81.56565656565657,-136.1767181293982
23.78787878787879,81.76767676767676,-140.06043387977692
23.78787878787879,81.96969696969697,-135.7149577800029
23.78787878787879,82.17171717171718,-136.6993178622192
23.78787878787879,82.37373737373737,-138.042333875758
23.78787878787879,82.57575757575758,-137.86626652604338
23.78787878787879,82.77777777777777,-136.2930003922643
23.78787878787879,82.97979797979798,-138.07561745157923
23.78787878787879,83.18181818181819,-131.28553163961735
23.78787878787879,83.38383838383838,-131.43721328603718
23.78787878787879,83.58585858585859,-133.30583564374143
23.78787878787879,83.78787878787878,-134.2526651157633
23.78787878787879,83.98989898989899,-134.0344151675429
23.78787878787879,84.1919191919192,-131.76099822349397
23.78787878787879,84.39393939393939,-129.66865416880577
23.78787878787879,84.5959595959596,-134.21604174943118
23.78787878787879,84.79797979797979,-135.26203672212688
23.78787878787879,85.0,-129.8109761968022
23.98989898989899,65.0,-100.9347082812389
23.98989898989899,65.20202020202021,-100.27903154635631
23.98989898989899,65.4040404040404,-100.47125825949999
23.98989898989899,65.60606060606061,-104.400706678912
23.98989898989899,65.8080808080808,-103.12917219386964
23.98989898989899,66.01010101010101,-106.61502481591036
23.98989898989899,66.21212121212122,-112.31144728589655
23.98989898989899,66.41414141414141,-112.93656032261116
23.98989898989899,66.61616161616162,-116.21529417304414
23.98989898989899,66.81818181818181,-122.3543686891388
23.98989898989899,67.02020202020202,-126.21478905027239
23.98989898989899,67.22222222222223,-124.21913448770121
23.98989898989899,67.42424242424242,-129.5684982397541
23.98989898989899,67.62626262626263,-132.6114655139093
23.98989898989899,67.82828282828282,-132.29147063243582
23.98989898989899,68.03030303030303,-135.7847855745649
23.98989898989899,68.23232323232324,-138.51118340744978
23.98989898989899,68.43434343434343,-138.24947105219877
23.98989898989899,68.63636363636364,-137.01674968130928
23.98989898989899,68.83838383838383,-143.5119448227565
23.98989898989899,69.04040404040404,-140.4789242335122
23.98989898989899,69.24242424242425,-137.39241806601453
23.98989898989899,69.44444444444444,-141.3373568402521
23.98989898989899,69.64646464646465,-137.33911843498385
23.98989898989899,69.84848484848484,-137.67279591867168
23.98989898989899,70.05050505050505,-140.67742307895338
23.98989898989899,70.25252525252526,-141.51296860948747
23.98989898989899,70.45454545454545,-140.50720810758344
23.98989898989899,70.65656565656566,-134.07215773573637
23.98989898989899,70.85858585858585,-135.11330118956047
23.98989898989899,71.06060606060606,-138.181336180926
23.98989898989899,71.26262626262626,-139.3640228549395
23.98989898989899,71.46464646464646,-137.42959738438415
23.98989898989899,71.66666666666667,-136.50389201159157
23.98989898989899,71.86868686868686,-139.4711955619566
23.98989898989899,72.07070707070707,-136.36949102589963
23.98989898989899,72.27272727272727,-133.5583948184556
23.98989898989899,72.47474747474747,-139.48889471589192
23.98989898989899,72.67676767676768,-134.0689582828338
23.98989898989899,72.87878787878788,-132.63398087607163
23.98989898989899,73.08080808080808,-136.5054323728738
23.98989898989899,73.28282828282828,-131.51002683737
23.98989898989899,73.48484848484848,-136.28784388103958
23.98989898989899,73.68686868686869,-133.96764339678847
23.98989898989899,73.88888888888889,-135.34919706523462
23.98989898989899,74.0909090909091,-135.3320690038737
23.98989898989899,74.29292929292929,-135.8653686986519
23.98989898989899,74.4949494949495,-133.1503766736832
23.98989898989899,74.6969696969697,-132.86426256658038
23.98989898989899,74.8989898989899,-134.64209308670078
23.98989898989899,75.1010101010101,-137.39297869991015
23.98989898989899,75.3030303030303,-133.93140472070232
23.98989898989899,75.5050505050505,-133.90231849417182
23.98989898989899,75.70707070707071,-135.26539060476753
23.98989898989899,75.9090909090909,-131.1007359880624
23.98989898989899,76.11111111111111,-138.19780016094194
23.98989898989899,76.31313131313131,-139.47357411541896
23.98989898989899,76.51515151515152,-136.48962748420047
23.98989898989899,76.71717171717171,-133.80197440477147
23.98989898989899,76.91919191919192,-137.57159979425393
23.98989898989899,77.12121212121212,-137.66568615325366
23.98989898989899,77.32323232323232,-133.7332395986205
23.98989898989899,77.52525252525253,-134.83462331547065
23.98989898989899,77.72727272727272,-135.29636406212546
23.98989898989899,77.92929292929293,-134.48544327899373
23.98989898989899,78.13131313131314,-136.86254771502402
23.98989898989899,78.33333333333333,-136.85646655770142
23.98989898989899,78.53535353535354,-134.53313137831435
23.98989898989899,78.73737373737373,-139.07056025056806
23.98989898989899,78.93939393939394,-140.94572093717082
23.98989898989899,79.14141414141415,-137.46319570516854
23.98989898989899,79.34343434343434,-134.6311476428594
23.98989898989899,79.54545454545455,-136.06835221814808
23.98989898989899,79.74747474747474,-135.1480931553628
23.98989898989899,79.94949494949495,-140.97895594899572
23.98989898989899,80.15151515151516,-136.06056045853782
23.98989898989899,80.35353535353535,-135.58426885168362
23.98989898989899,80.55555555555556,-139.74550118350285
23.98989898989899,80.75757575757575,-135.4681514060376
23.98989898989899,80.95959595959596,-137.38015531853102
23.98989898989899,81.16161616161617,-131.048604643015
23.98989898989899,81.36363636363636,-141.8164872182853
23.98989898989899,81.56565656565657,-134.9257584404617
23.98989898989899,81.76767676767676,-138.24963627746587
23.98989898989899,81.96969696969697,-140.65954165057798
23.98989898989899,82.17171717171718,-138.41275007552363
23.98989898989899,82.37373737373737,-136.4955036326747
23.98989898989899,82.57575757575758,-134.49904332084253
23.98989898989899,82.77777777777777,-132.9649115309681
23.98989898989899,82.97979797979798,-133.31655625183743
23.98989898989899,83.18181818181819,-137.73491721343856
23.98989898989899,83.38383838383838,-133.1662536956288
23.98989898989899,83.58585858585859,-134.61287890759155
23.98989898989899,83.78787878787878,-136.3266535742315
23.98989898989899,83.98989898989899,-135.28379756869876
23.98989898989899,84.1919191919192,-136.114911659354
23.98989898989899,84.39393939393939,-134.40846054150975
23.98989898989899,84.5959595959596,-136.0531654535109
23.98989898989899,84.79797979797979,-136.37070055610926
23.98989898989899,85.0,-133.3436298612329
24.19191919191919,65.0,-97.55249149105717
24.19191919191919,65.20202020202021,-99.12472415368242
24.19191919191919,65.4040404040404,-98.17220630760606
24.19191919191919,65.60606060606061,-102.51226734075571
24.19191919191919,65.8080808080808,-105.23793475060761
24.19191919191919,66.01010101010101,-106.91654060042669
24.19191919191919,66.21212121212122,-111.61054104667359
24.19191919191919,66.41414141414141,-114.8913552561269
24.19191919191919,66.61616161616162,-122.91504521321951
24.19191919191919,66.81818181818181,-122.12871352720641
24.19191919191919,67.02020202020202,-128.6701137419441
24.19191919191919,67.22222222222223,-130.5726177764452
24.19191919191919,67.42424242424242,-133.39754775132133
24.19191919191919,67.62626262626263,-135.0703275953163
24.19191919191919,67.82828282828282,-135.9609494516602
24.19191919191919,68.03030303030303,-137.31399909806507
24.19191919191919,68.23232323232324,-136.2229064631389
24.19191919191919,68.43434343434343,-137.96948735507308
24.19191919191919,68.63636363636364,-142.83152647970397
24.19191919191919,68.83838383838383,-139.3922908786264
24.19191919191919,69.04040404040404,-139.27249524150525
24.19191919191919,69.24242424242425,-140.8042520018608
24.19191919191919,69.44444444444444,-140.4373312997444
24.19191919191919,69.64646464646465,-140.0470316268696
24.19191919191919,69.84848484848484,-138.971990825267
24.19191919191919,70.05050505050505,-143.6945849359408
24.19191919191919,70.25252525252526,-141.06401844094643
24.19191919191919,70.45454545454545,-137.57719950103854
24.19191919191919,70.65656565656566,-137.77096278753322
24.19191919191919,70.85858585858585,-138.39241369865405
24.19191919191919,71.06060606060606,-138.71219028200187
24.19191919191919,71.26262626262626,-136.12287854922178
24.19191919191919,71.46464646464646,-134.98894622751698
24.19191919191919,71.66666666666667,-138.7167659531671
24.19191919191919,71.86868686868686,-140.19768159760181
24.19191919191919,72.07070707070707,-138.4352712139958
24.19191919191919,72.27272727272727,-131.28268853032768
24.19191919191919,72.47474747474747,-140.39653850011294
24.19191919191919,72.67676767676768,-138.09404227892915
24.19191919191919,72.87878787878788,-139.675526749819
24.19191919191919,73.08080808080808,-136.5387538590143
24.19191919191919,73.28282828282828,-138.82290959210204
24.19191919191919,73.48484848484848,-136.5087283029949
24.19191919191919,73.68686868686869,-140.02997742262332
24.19191919191919,73.88888888888889,-134.98309615660645
24.19191919191919,74.0909090909091,-133.56260979856816
24.19191919191919,74.29292929292929,-136.79091241569813
24.19191919191919,74.4949494949495,-136.19014543019944
24.19191919191919,74.6969696969697,-136.30363299450806
24.19191919191919,74.8989898989899,-135.81878949329243
24.19191919191919,75.1010101010101,-136.09310251788878
24.19191919191919,75.3030303030303,-134.5328072276895
24.19191919191919,75.5050505050505,-133.69005653037863
24.19191919191919,75.70707070707071,-137.86493334896332
24.19191919191919,75.9090909090909,-136.865911940313
24.19191919191919,76.11111111111111,-134.480298104172
24.19191919191919,76.31313131313131,-139.37035951315033
24.19191919191919,76.51515151515152,-140.32290504552333
24.19191919191919,76.71717171717171,-136.08292655958178
24.19191919191919,76.91919191919192,-135.63032104596823
24.19191919191919,77.12121212121212,-138.21086852000334
24.19191919191919,77.32323232323232,-138.0332017761864
24.19191919191919,77.52525252525253,-138.849270967471
24.19191919191919,77.72727272727272,-138.8167849551696
24.19191919191919,77.92929292929293,-135.7886670907381
24.19191919191919,78.13131313131314,-139.53042468848756
24.19191919191919,78.33333333333333,-137.97304842166707
24.19191919191919,78.53535353535354,-139.25798035929375
24.19191919191919,78.73737373737373,-140.46094061631212
24.19191919191919,78.93939393939394,-135.83868388674534
24.19191919191919,79.14141414141415,-138.7345108109277
24.19191919191919,79.34343434343434,-137.38822761233283
24.19191919191919,79.54545454545455,-140.69449010675643
24.19191919191919,79.74747474747474,-139.19831825111126
24.19191919191919,79.94949494949495,-136.45388358668177
24.19191919191919,80.15151515151516,-132.89784835103745
24.19191919191919,80.35353535353535,-141.7704835577636
24.19191919191919,80.55555555555556,-138.39281753468356
24.19191919191919,80.75757575757575,-137.10002325102977
24.19191919191919,80.95959595959596,-139.2958436047741
24.19191919191919,81.16161616161617,-136.47321105849048
24.19191919191919,81.36363636363636,-140.0418144496775
24.19191919191919,81.56565656565657,-137.62539432788444
24.19191919191919,81.76767676767676,-138.9985746113414
24.19191919191919,81.96969696969697,-135.8110342302061
24.19191919191919,82.17171717171718,-139.3917098274653
24.19191919191919,82.37373737373737,-138.39395465174235
24.19191919191919,82.57575757575758,-135.5530237760456
24.19191919191919,82.77777777777777,-139.3046204535141
24.19191919191919,82.97979797979798,-136.96104226975194
24.19191919191919,83.18181818181819,-140.49665918376587
24.19191919191919,83.38383838383838,-138.881200422249
24.19191919191919,83.58585858585859,-135.60470507208453
24.19191919191919,83.78787878787878,-138.2086383016165
24.19191919191919,83.98989898989899,-137.18940026444307
24.19191919191919,84.1919191919192,-135.09212701454248
24.19191919191919,84.39393939393939,-137.08467786925638
24.19191919191919,84.5959595959596,-133.97627000835882
24.19191919191919,84.79797979797979,-135.26501455866924
24.19191919191919,85.0,-134.8152899381852
24.393939393939394,65.0,-96.69536242038673
24.393939393939394,65.20202020202021,-98.41124552270207
24.393939393939394,65.4040404040404,-97.92842419235879
24.393939393939394,65.60606060606061,-100.81021656927302
24.393939393939394,65.8080808080808,-105.56682689557252
24.393939393939394,66.01010101010101,-105.94535483754
24.393939393939394,66.21212121212122,-110.98263965302112
24.393939393939394,66.41414141414141,-115.67581056963833
24.393939393939394,66.61616161616162,-118.19144414453257
24.393939393939394,66.81818181818181,-120.22514156582909
24.393939393939394,67.02020202020202,-124.59926030858776
24.393939393939394,67.22222222222223,-125.01722652525187
24.393939393939394,67.42424242424242,-128.88820374977223
24.393939393939394,67.62626262626263,-132.1063400572444
24.393939393939394,67.82828282828282,-136.87661963641332
24.393939393939394,68.03030303030303,-136.71901195706965
24.393939393939394,68.23232323232324,-137.38203383776502
24.393939393939394,68.43434343434343,-137.0359127371046
24.393939393939394,68.63636363636364,-137.81056220469273
24.393939393939394,68.83838383838383,-139.22110026120512
24.393939393939394,69.04040404040404,-139.66630069758426
24.393939393939394,69.24242424242425,-138.71320054876426
24.393939393939394,69.44444444444444,-142.02930153852893
24.393939393939394,69.64646464646465,-137.0407098539858
24.393939393939394,69.84848484848484,-144.59079442441273
24.393939393939394,70.05050505050505,-137.63709759275164
24.393939393939394,70.25252525252526,-140.66587616054903
24.393939393939394,70.45454545454545,-138.58853350087043
24.393939393939394,70.65656565656566,-139.87639245326957
24.393939393939394,70.85858585858585,-139.91821588693654
24.393939393939394,71.06060606060606,-139.50535184521496
24.393939393939394,71.26262626262626,-138.99775412913795
24.393939393939394,71.46464646464646,-140.88041950956165
24.393939393939394,71.66666666666667,-137.959413460202
24.393939393939394,71.86868686868686,-141.76841429466108
24.393939393939394,72.07070707070707,-139.2226702525998
24.393939393939394,72.27272727272727,-137.26957600859706
24.393939393939394,72.47474747474747,-136.58538441206417
24.393939393939394,72.67676767676768,-137.45190446311227
24.393939393939394,72.87878787878788,-138.96972383522095
24.393939393939394,73.08080808080808,-136.38110283811508
24.393939393939394,73.28282828282828,-139.28002741041942
24.393939393939394,73.48484848484848,-134.5797087979391
24.393939393939394,73.68686868686869,-137.9174680766343
24.393939393939394,73.88888888888889,-140.7268559898537
24.393939393939394,74.0909090909091,-139.68597697059468
24.393939393939394,74.29292929292929,-137.19249406639307
24.393939393939394,74.4949494949495,-136.8666806552833
24.393939393939394,74.6969696969697,-133.30598818139262
24.393939393939394,74.8989898989899,-139.52390255215496
24.393939393939394,75.1010101010101,-137.31208479147182
24.393939393939394,75.3030303030303,-139.30842245210673
24.393939393939394,75.5050505050505,-138.37455341953037
24.393939393939394,75.70707070707071,-134.08314302074075
24.393939393939394,75.9090909090909,-139.8817535928949
24.393939393939394,76.11111111111111,-136.33106433560187
24.393939393939394,76.31313131313131,-136.92445357658568
24.393939393939394,76.51515151515152,-137.63724031124644
24.393939393939394,76.71717171717171,-136.77986431713126
24.393939393939394,76.91919191919192,-140.10447205253485
24.393939393939394,77.12121212121212,-134.65205481284968
24.393939393939394,77.32323232323232,-134.33335362331422
24.393939393939394,77.52525252525253,-137.95155947804827
24.393939393939394,77.72727272727272,-133.32076723623172
24.393939393939394,77.92929292929293,-139.22792506527725
24.393939393939394,78.13131313131314,-137.5908759238556
24.393939393939394,78.33333333333333,-135.6428058727575
24.393939393939394,78.53535353535354,-139.60266855529213
24.393939393939394,78.73737373737373,-141.8102088262822
24.393939393939394,78.93939393939394,-141.9117890664553
24.393939393939394,79.14141414141415,-134.72551785933047
24.393939393939394,79.34343434343434,-139.8660799690655
24.393939393939394,79.54545454545455,-138.8963195614926
24.393939393939394,79.74747474747474,-141.14714044858255
24.393939393939394,79.94949494949495,-136.98730792954083
24.393939393939394,80.15151515151516,-140.48368703353492
24.393939393939394,80.35353535353535,-140.05321806212424
24.393939393939394,80.55555555555556,-138.49034823962762
24.393939393939394,80.75757575757575,-141.28279890103914
24.393939393939394,80.95959595959596,-139.21330392001198
24.393939393939394,81.16161616161617,-136.12666173305507
24.393939393939394,81.36363636363636,-138.14837378614948
24.393939393939394,81.56565656565657,-138.43865853257333
24.393939393939394,81.76767676767676,-138.42711266898638
24.393939393939394,81.96969696969697,-139.83919262266164
24.393939393939394,82.17171717171718,-134.73385404110783
24.393939393939394,82.37373737373737,-140.11463362166643
24.393939393939394,82.57575757575758,-137.8188206462982
24.393939393939394,82.77777777777777,-138.0520382428628
24.393939393939394,82.97979797979798,-136.0376020582169
24.393939393939394,83.18181818181819,-135.6550579277984
24.393939393939394,83.38383838383838,-137.90374444551523
24.393939393939394,83.58585858585859,-137.07860866319268
24.393939393939394,83.78787878787878,-137.01073440174588
24.393939393939394,83.98989898989899,-142.08224892161533
24.393939393939394,84.1919191919192,-140.3021535836862
24.393939393939394,84.39393939393939,-138.57785549325223
24.393939393939394,84.5959595959596,-138.0742481869443
24.393939393939394,84.79797979797979,-139.39504202742364
24.393939393939394,85.0,-135.36055504008962
24.595959595959595,65.0,-98.4297484691962
24.595959595959595,65.20202020202021,-99.16282576291725
24.595959595959595,65.4040404040404,-101.9084920152614
24.595959595959595,65.60606060606061,-102.19866258163931
24.595959595959595,65.8080808080808,-108.70142550759074
24.595959595959595,66.01010101010101,-108.18059948218989
24.595959595959595,66.21212121212122,-111.30060936699711
24.595959595959595,66.41414141414141,-114.6343015220546
24.595959595959595,66.61616161616162,-121.30102703128313
24.595959595959595,66.81818181818181,-121.76713621948282
24.595959595959595,67.02020202020202,-127.26853838224807
24.595959595959595,67.22222222222223,-129.82696734493493
24.595959595959595,67.42424242424242,-129.57451311670854
24.595959595959595,67.62626262626263,-129.2839307414968
24.595959595959595,67.82828282828282,-134.809272128145
24.595959595959595,68.03030303030303,-137.95523125124723
24.595959595959595,68.23232323232324,-137.15317342247639
24.595959595959595,68.43434343434343,-136.55873970239065
24.595959595959595,68.63636363636364,-137.84287373834616
24.595959595959595,68.83838383838383,-134.11277500486588
24.595959595959595,69.04040404040404,-141.3292083562919
24.595959595959595,69.24242424242425,-139.64652903711502
24.595959595959595,69.44444444444444,-137.22464589384504
24.595959595959595,69.64646464646465,-137.45885420065486
24.595959595959595,69.84848484848484,-144.39677980990763
24.595959595959595,70.05050505050505,-140.5531435173593
24.595959595959595,70.25252525252526,-137.60739108360448
24.595959595959595,70.45454545454545,-134.8130737684593
24.595959595959595,70.65656565656566,-139.1965500356368
24.595959595959595,70.85858585858585,-141.3459309043439
24.595959595959595,71.06060606060606,-142.63217066916116
24.595959595959595,71.26262626262626,-136.17842265434697
24.595959595959595,71.46464646464646,-139.15946899097557
24.595959595959595,71.66666666666667,-142.31365899976777
24.595959595959595,71.86868686868686,-141.0241567788902
24.595959595959595,72.07070707070707,-139.9753903814568
24.595959595959595,72.27272727272727,-139.21033657131403
24.595959595959595,72.47474747474747,-141.94202284393194
24.595959595959595,72.67676767676768,-141.09605227118863
24.595959595959595,72.87878787878788,-142.93767502139826
24.595959595959595,73.08080808080808,-137.38565399002212
24.595959595959595,73.28282828282828,-139.88715825827478
24.595959595959595,73.48484848484848,-138.18070739748856
24.595959595959595,73.68686868686869,-136.2173948448761
24.595959595959595,73.88888888888889,-138.32883999626225
24.595959595959595,74.0909090909091,-139.0478834293061
24.595959595959595,74.29292929292929,-138.33069093600673
24.595959595959595,74.4949494949495,-138.48647493371126
24.595959595959595,74.6969696969697,-136.1492097383078
24.595959595959595,74.8989898989899,-138.07950210833548
24.595959595959595,75.1010101010101,-139.72810949251345
24.595959595959595,75.3030303030303,-136.6633371514283
24.595959595959595,75.5050505050505,-136.33749792203136
24.595959595959595,75.70707070707071,-141.44909294076214
24.595959595959595,75.9090909090909,-135.6539574028518
24.595959595959595,76.11111111111111,-138.19761284208522
24.595959595959595,76.31313131313131,-138.45522757143073
24.595959595959595,76.51515151515152,-136.92442437339878
24.595959595959595,76.71717171717171,-140.15082014330486
24.595959595959595,76.91919191919192,-137.0992315073145
24.595959595959595,77.12121212121212,-140.1772211537505
24.595959595959595,77.32323232323232,-142.04417126688807
24.595959595959595,77.52525252525253,-141.44408597520592
24.595959595959595,77.72727272727272,-138.38859232872284
24.595959595959595,77.92929292929293,-141.29548435075785
24.595959595959595,78.13131313131314,-136.34461635044792
24.595959595959595,78.33333333333333,-137.41779319041933
24.595959595959595,78.53535353535354,-136.88543503955012
24.595959595959595,78.73737373737373,-139.40907464137587
24.595959595959595,78.93939393939394,-139.40142946221422
24.595959595959595,79.14141414141415,-142.43375539773683
24.595959595959595,79.34343434343434,-138.09614178940282
24.595959595959595,79.54545454545455,-139.16567952748525
24.595959595959595,79.74747474747474,-138.7466798801428
24.595959595959595,79.94949494949495,-136.6294951194012
24.595959595959595,80.15151515151516,-141.25871026361642
24.595959595959595,80.35353535353535,-140.41338210636584
24.595959595959595,80.55555555555556,-139.50013146302538
24.595959595959595,80.75757575757575,-141.74309182119552
24.595959595959595,80.95959595959596,-140.52646833136725
24.595959595959595,81.16161616161617,-139.084455770474
24.595959595959595,81.36363636363636,-140.50867283077955
24.595959595959595,81.56565656565657,-137.46568541962446
24.595959595959595,81.76767676767676,-142.91720406412492
24.595959595959595,81.96969696969697,-137.59773577747004
24.595959595959595,82.17171717171718,-138.50956624335595
24.595959595959595,82.37373737373737,-140.7417841582825
24.595959595959595,82.57575757575758,-141.38322735028405
24.595959595959595,82.77777777777777,-143.45160501122214
24.595959595959595,82.97979797979798,-141.00626688245683
24.595959595959595,83.18181818181819,-137.0229709276555
24.595959595959595,83.38383838383838,-139.0115157528151
24.595959595959595,83.58585858585859,-136.60291649896885
24.595959595959595,83.78787878787878,-139.77626982545755
24.595959595959595,83.98989898989899,-137.23416851596593
24.595959595959595,84.1919191919192,-140.01230100321348
24.595959595959595,84.39393939393939,-140.53441571603912
24.595959595959595,84.5959595959596,-138.30077617963696
24.595959595959595,84.79797979797979,-139.7691800332233
24.595959595959595,85.0,-141.29434087152575
24.7979797979798,65.0,-98.68795483962444
24.7979797979798,65.20202020202021,-98.71128790741737
24.7979797979798,65.4040404040404,-98.3135985392918
24.7979797979798,65.60606060606061,-100.77311115132898
24.7979797979798,65.8080808080808,-102.9685188289408
24.7979797979798,66.01010101010101,-106.82463731301024
24.7979797979798,66.21212121212122,-110.87371437680535
24.7979797979798,66.41414141414141,-117.0407210239411
24.7979797979798,66.61616161616162,-118.40833754604694
24.7979797979798,66.81818181818181,-121.12084879593924
24.7979797979798,67.02020202020202,-122.81128334245335
24.7979797979798,67.22222222222223,-127.09109825142629
24.7979797979798,67.42424242424242,-128.60173899777865
24.7979797979798,67.62626262626263,-135.05028945278008
24.7979797979798,67.82828282828282,-135.53414275322754
24.7979797979798,68.03030303030303,-135.53764356383135
24.7979797979798,68.23232323232324,-135.25142195090586
24.7979797979798,68.43434343434343,-138.69316044873025
24.7979797979798,68.63636363636364,-139.23428345102616
24.7979797979798,68.83838383838383,-138.19370792657915
24.7979797979798,69.04040404040404,-142.1461152881909
24.7979797979798,69.24242424242425,-136.94521981330067
24.7979797979798,69.44444444444444,-142.07031290525197
24.7979797979798,69.64646464646465,-144.25910088540664
24.7979797979798,69.84848484848484,-140.47978688632554
24.7979797979798,70.05050505050505,-137.15124711875967
24.7979797979798,70.25252525252526,-139.40298182647558
24.7979797979798,70.45454545454545,-139.09142324990577
24.7979797979798,70.65656565656566,-140.5212368413474
24.7979797979798,70.85858585858585,-140.91498357728443
24.7979797979798,71.06060606060606,-143.7035500614849
24.7979797979798,71.26262626262626,-145.13453365472063
24.7979797979798,71.46464646464646,-140.22439821926895
24.7979797979798,71.66666666666667,-137.99244613200008
24.7979797979798,71.86868686868686,-139.92957911392725
24.7979797979798,72.07070707070707,-139.3708081574716
24.7979797979798,72.27272727272727,-137.45065357095257
24.7979797979798,72.47474747474747,-139.96059347265165
24.7979797979798,72.67676767676768,-140.86345654706562
24.7979797979798,72.87878787878788,-142.25520506739062
24.7979797979798,73.08080808080808,-136.57373476877376
24.7979797979798,73.28282828282828,-139.56506617832122
24.7979797979798,73.48484848484848,-142.4766657856886
24.7979797979798,73.68686868686869,-142.9468567979543
24.7979797979798,73.88888888888889,-137.78183573753904
24.7979797979798,74.0909090909091,-142.1556712696603
24.7979797979798,74.29292929292929,-136.4445800516709
24.7979797979798,74.4949494949495,-145.5294154522959
24.7979797979798,74.6969696969697,-137.05809872036815
24.7979797979798,74.8989898989899,-138.9114723978297
24.7979797979798,75.1010101010101,-139.80178544266565
24.7979797979798,75.3030303030303,-140.40076501562496
24.7979797979798,75.5050505050505,-136.07631221335745
24.7979797979798,75.70707070707071,-138.9141933562638
24.7979797979798,75.9090909090909,-141.94463874092892
24.7979797979798,76.11111111111111,-143.6426542510112
24.7979797979798,76.31313131313131,-139.89318897527508
24.7979797979798,76.51515151515152,-140.29729507703456
24.7979797979798,76.71717171717171,-143.24154936858343
24.7979797979798,76.91919191919192,-140.42447043887142
24.7979797979798,77.12121212121212,-141.76370903169115
24.7979797979798,77.32323232323232,-140.4245266700709
24.7979797979798,77.52525252525253,-139.080854705538
24.7979797979798,77.72727272727272,-137.6329433316729
24.7979797979798,77.92929292929293,-138.80038515386238
24.7979797979798,78.13131313131314,-142.06104472626137
24.7979797979798,78.33333333333333,-139.88033296894255
24.7979797979798,78.53535353535354,-140.4919489836169
24.7979797979798,78.73737373737373,-143.28242113586276
24.7979797979798,78.93939393939394,-139.82169765721642
24.7979797979798,79.14141414141415,-136.90481855076553
24.7979797979798,79.34343434343434,-140.55331001822694
24.7979797979798,79.54545454545455,-143.80652858605177
24.7979797979798,79.74747474747474,-140.55762588438373
24.7979797979798,79.94949494949495,-143.04558762454747
24.7979797979798,80.15151515151516,-138.89095221282838
24.7979797979798,80.35353535353535,-139.5684332431507
24.7979797979798,80.55555555555556,-140.95998333355044
24.7979797979798,80.75757575757575,-141.2804917583126
24.7979797979798,80.95959595959596,-141.04263182983206
24.7979797979798,81.16161616161617,-140.60161423791632
24.7979797979798,81.36363636363636,-142.16263326928404
24.7979797979798,81.56565656565657,-143.39366938860383
24.7979797979798,81.76767676767676,-138.34076533321166
24.7979797979798,81.96969696969697,-141.38896517959486
24.7979797979798,82.17171717171718,-140.28407701826268
24.7979797979798,82.37373737373737,-140.04759932426597
24.7979797979798,82.57575757575758,-139.654292763584
24.7979797979798,82.77777777777777,-142.78663263132577
24.7979797979798,82.97979797979798,-143.91917512784204
24.7979797979798,83.18181818181819,-141.5298270993718
24.7979797979798,83.38383838383838,-139.3990765998021
24.7979797979798,83.58585858585859,-141.3814490143473
24.7979797979798,83.78787878787878,-140.54850470595176
24.7979797979798,83.98989898989899,-135.68753689748954
24.7979797979798,84.1919191919192,-143.6461990054119
24.7979797979798,84.39393939393939,-141.34102852131093
24.7979797979798,84.5959595959596,-135.8921329431316
24.7979797979798,84.79797979797979,-139.9614939776468
24.7979797979798,85.0,-141.15191338469816
25.0,65.0,-96.7964377748051
25.0,65.20202020202021,-98.78328675350049
25.0,65.4040404040404,-100.61572320053767
25.0,65.60606060606061,-101.85451155732896
25.0,65.8080808080808,-105.76751499606466
25.0,66.01010101010101,-109.4923833397559
25.0,66.21212121212122,-111.58070811559391
25.0,66.41414141414141,-116.68414444456327
25.0,66.61616161616162,-118.64323102142289
25.0,66.81818181818181,-121.54198179137576
25.0,67.02020202020202,-123.88931680146669
25.0,67.22222222222223,-126.2849246092572
25.0,67.42424242424242,-131.66671476800934
25.0,67.62626262626263,-132.15129068883334
25.0,67.82828282828282,-133.9627731529263
25.0,68.03030303030303,-135.73457345404574
25.0,68.23232323232324,-138.4600130262759
25.0,68.43434343434343,-140.4310776000984
25.0,68.63636363636364,-138.07824691982495
25.0,68.83838383838383,-142.94560261567764
25.0,69.04040404040404,-140.43874620110313
25.0,69.24242424242425,-145.2395432493651
25.0,69.44444444444444,-142.98287923592846
25.0,69.64646464646465,-142.17901952963732
25.0,69.84848484848484,-138.30830023594757
25.0,70.05050505050505,-139.17091768334484
25.0,70.25252525252526,-141.68306599991615
25.0,70.45454545454545,-139.1348570766932
25.0,70.65656565656566,-138.82893290686033
25.0,70.85858585858585,-140.9315573462554
25.0,71.06060606060606,-143.3824975121806
25.0,71.26262626262626,-141.0316536648507
25.0,71.46464646464646,-140.81272258648625
25.0,71.66666666666667,-143.0824304807769
25.0,71.86868686868686,-139.88375304144174
25.0,72.07070707070707,-140.05838273328342
25.0,72.27272727272727,-139.72800202702498
25.0,72.47474747474747,-140.06028095552136
25.0,72.67676767676768,-139.15846048053592
25.0,72.87878787878788,-140.97681158166714
25.0,73.08080808080808,-140.21458959115293
25.0,73.28282828282828,-141.41364228538455
25.0,73.48484848484848,-141.78716100882932
25.0,73.68686868686869,-137.94166369981903
25.0,73.88888888888889,-144.70570051511575
25.0,74.0909090909091,-138.86464320396357
25.0,74.29292929292929,-141.85924495959776
25.0,74.4949494949495,-142.11823957494627
25.0,74.6969696969697,-140.09500825587455
25.0,74.8989898989899,-143.5973824503141
25.0,75.1010101010101,-142.25020937013662
25.0,75.3030303030303,-142.3164425194996
25.0,75.5050505050505,-141.060959742927
25.0,75.70707070707071,-142.2264386029071
25.0,75.9090909090909,-137.41592585531748
25.0,76.11111111111111,-137.02413019360344
25.0,76.31313131313131,-144.66215027209654
25.0,76.51515151515152,-139.52951781706932
25.0,76.71717171717171,-138.90083634844575
25.0,76.91919191919192,-139.5321928218187
25.0,77.12121212121212,-141.93439021278434
25.0,77.32323232323232,-141.10635435091802
25.0,77.52525252525253,-142.11471253615633
25.0,77.72727272727272,-141.4586912889186
25.0,77.92929292929293,-143.0380932839353
25.0,78.13131313131314,-140.84774086987005
25.0,78.33333333333333,-143.6237666492111
25.0,78.53535353535354,-141.01843233505724
25.0,78.73737373737373,-143.1153266048005
25.0,78.93939393939394,-140.20453050301813
25.0,79.14141414141415,-141.97700234848674
25.0,79.34343434343434,-140.03700253085188
25.0,79.54545454545455,-138.4550017698714
25.0,79.74747474747474,-137.43926935439154
25.0,79.94949494949495,-145.67417240464192
25.0,80.15151515151516,-142.2865514143485
25.0,80.35353535353535,-141.22433538082498
25.0,80.55555555555556,-139.69750758983798
25.0,80.75757575757575,-143.91887223491003
25.0,80.95959595959596,-142.5823480402014
25.0,81.16161616161617,-140.35744882128674
25.0,81.36363636363636,-140.44838674354762
25.0,81.56565656565657,-139.86292641376076
25.0,81.76767676767676,-139.73081177282472
25.0,81.96969696969697,-139.94097436036924
25.0,82.17171717171718,-140.23085259333797
25.0,82.37373737373737,-140.50668367994822
25.0,82.57575757575758,-139.28863704715224
25.0,82.77777777777777,-145.0968085597294
25.0,82.97979797979798,-137.52949625265848
25.0,83.18181818181819,-145.02712732836162
25.0,83.38383838383838,-142.77648686040993
25.0,83.58585858585859,-141.07168481990124
25.0,83.78787878787878,-139.27293744442127
25.0,83.98989898989899,-146.60869700820018
25.0,84.1919191919192,-140.67441187448463
25.0,84.39393939393939,-139.03337314776948
25.0,84.5959595959596,-138.629126994544
25.0,84.79797979797979,-142.01282254359586
25.0,85.0,-141.21983380051103
