latitude,longitude,u_current,v_current,magnitude
5.0,65.0,0.1862400274039841,-0.16841077486906533,0.2510926858740329
5.0,65.20202020202021,-0.03954471092049233,0.40968671653279787,0.4115908039123449
5.0,65.4040404040404,0.2847283766002815,0.30150766417386676,0.4147012418561258
5.0,65.60606060606061,0.008585334123868579,0.30882111777778704,0.30894043236122437
5.0,65.8080808080808,0.249931979646272,0.3649024423708977,0.4422892570458284
5.0,66.01010101010101,0.4805884494734064,0.31422476612258154,0.5741972321528935
5.0,66.21212121212122,-0.18358150293567102,-0.16052775033056887,0.24386743703560188
5.0,66.41414141414141,0.038248662145901155,0.1542142152218574,0.15888670281821776
5.0,66.61616161616162,0.049065658797410136,0.14537287355759768,0.15342982513063472
5.0,66.81818181818181,0.06053552922422539,0.48849712998312644,0.4922336805829205
5.0,67.02020202020202,0.08260749749842967,0.2943272410387361,0.3057000547275504
5.0,67.22222222222223,0.07204698718779745,0.23386809508106515,0.2447142297858561
5.0,67.42424242424242,0.4213889175357538,0.28364363532198306,0.5079589862189904
5.0,67.62626262626263,0.39461536220616966,0.1664141997373801,0.4282697397240892
5.0,67.82828282828282,0.2707283245166112,0.1521685829635106,0.31056255945734085
5.0,68.03030303030303,-0.23341625936961763,0.5728864590999176,0.618613001122791
5.0,68.23232323232324,0.13858910732792803,0.09686546332834062,0.1690853590816368
5.0,68.43434343434343,0.052910928935470475,0.09982377391750705,0.11297943281831418
5.0,68.63636363636364,0.11703137282400128,0.08840886220574456,0.14667129624294153
5.0,68.83838383838383,0.22603802646629098,0.23960582681034504,0.32939966856426056
5.0,69.04040404040404,0.052934404784375194,0.07907400466321882,0.09515644709295758
5.0,69.24242424242425,0.02739943091390691,0.034650428138209594,0.04417443813527439
5.0,69.44444444444444,-0.13502314704590423,-0.0015561695474532108,0.13503211433522136
5.0,69.64646464646465,0.262517695611873,-0.0437810242319537,0.26614341733765823
5.0,69.84848484848484,0.20508228462839018,0.007988820539089135,0.2052378247838488
5.0,70.05050505050505,0.2977689948977653,-0.12406569385960846,0.3225812621887568
5.0,70.25252525252526,-0.09026097967780285,-0.051222632997684585,0.10378247724742469
5.0,70.45454545454545,0.03631367271786182,-0.1283544581221643,0.1333924651023978
5.0,70.65656565656566,0.1547860295485167,-0.1710326315859761,0.2306748274316435
5.0,70.85858585858585,0.10476333547003877,-0.6863790107862976,0.6943280945682555
5.0,71.06060606060606,0.003743735160940176,-0.13001918180525388,0.1300730686585925
5.0,71.26262626262626,0.16529015556108498,-0.12811100839416698,0.20912500088984576
5.0,71.46464646464646,0.06063202178274808,-0.0743760077142109,0.09595849409493669
5.0,71.66666666666667,0.2963373026957698,-0.35064883089953475,0.45909737483481083
5.0,71.86868686868686,0.04988806860297682,-0.10819753447271555,0.11914497830336698
5.0,72.07070707070707,0.31270125947788163,0.010729811603581071,0.3128852929367275
5.0,72.27272727272727,0.12840266064487074,-0.04558963404485185,0.13625585489447914
5.0,72.47474747474747,0.09567223086557984,-0.1505104405696001,0.1783439611516239
5.0,72.67676767676768,0.11176217821690328,-0.04039036190745871,0.11883671913513238
5.0,72.87878787878788,0.08770659693412655,-0.061580972786885596,0.10716652161540227
5.0,73.08080808080808,-0.11442471435128061,0.42342021845641226,0.438608819624102
5.0,73.28282828282828,0.16109943207284777,-0.03198472144415427,0.16424387178843
5.0,73.48484848484848,0.11749238441825928,-0.1413424558719585,0.18379921171812613
5.0,73.68686868686869,0.17955348101265842,0.014947104655497027,0.18017455003786043
5.0,73.88888888888889,0.21580788327312617,-0.04844002175439242,0.22117748120094247
5.0,74.0909090909091,0.1069602348075123,-0.05691678201957979,0.12116109897794146
5.0,74.29292929292929,0.14196367353659436,-0.10237215217399387,0.17502497577414516
5.0,74.4949494949495,0.13156951942667597,0.03220256735896675,0.1354531054892255
5.0,74.6969696969697,0.14812234219058948,-0.019761888156424618,0.1494348034412771
5.0,74.8989898989899,0.1484362008166356,-0.06655647382166748,0.16267473657716763
5.0,75.1010101010101,0.05404281089275603,-0.0037427921889548153,0.05417226137572523
5.0,75.3030303030303,0.2167021332172273,-0.0931447202068923,0.2358723244539664
5.0,75.5050505050505,0.05702119211579889,-0.022024115991400178,0.06112673748458603
5.0,75.70707070707071,0.1117021557812983,-0.16511589536259902,0.19935052171384499
5.0,75.9090909090909,0.15598639556662866,-0.2728727364385161,0.3143108109711033
5.0,76.11111111111111,0.09475418559811791,-0.0882102614071656,0.12945812414013677
5.0,76.31313131313131,0.1565414464405074,-0.09581990547803179,0.18353931115569003
5.0,76.51515151515152,0.38850512154208855,-0.32194975578489105,0.5045670170694712
5.0,76.71717171717171,0.13753432384129988,-0.15869589723739588,0.21000018579626462
5.0,76.91919191919192,0.14620600169021208,-0.07055433042255815,0.16233948525116682
5.0,77.12121212121212,0.19133348337368516,-0.18969517460991459,0.26943043838845354
5.0,77.32323232323232,0.1599009778070482,-0.08440997275619495,0.18081306978299908
5.0,77.52525252525253,0.05102081106863328,-0.20356473451351226,0.20986120246405218
5.0,77.72727272727272,-0.03135260161260439,-0.055343386783200055,0.0636072015460008
5.0,77.92929292929293,0.20501928028834096,-0.1789862208915954,0.2721561547329112
5.0,78.13131313131314,0.03451257453042603,-0.09217823168925243,0.0984273549277624
5.0,78.33333333333333,0.0027601168919834974,-0.1139852892927262,0.114018702064196
5.0,78.53535353535354,0.23461743719253225,-0.3923588005689854,0.4571550833346652
5.0,78.73737373737373,0.1252088569495712,-0.04375670964783344,0.13263448834229727
5.0,78.93939393939394,-0.008874446892312116,-0.11216539721854654,0.11251591949959257
5.0,79.14141414141415,0.019451232802445755,-0.017591639787165957,0.026226251122422016
5.0,79.34343434343434,0.14709652129596096,0.06625372792641232,0.16132868015799348
5.0,79.54545454545455,-0.14431262765803432,0.09813505965456853,0.1745182639008656
5.0,79.74747474747474,0.019080275694891884,0.06435581499132302,0.06712471857513057
5.0,79.94949494949495,0.16214060992345058,0.04701102303181479,0.1688182859551843
5.0,80.15151515151516,0.22059646944068342,0.06243083200513814,0.2292605747060496
5.0,80.35353535353535,0.12073533774112473,0.19692776991412103,0.23099257205116455
5.0,80.55555555555556,0.19882504901272138,0.10664240556952141,0.2256191542856354
5.0,80.75757575757575,-0.10755299932742109,0.07919383440771144,0.13356388386281773
5.0,80.95959595959596,0.17515655114965054,0.17530064335774104,0.24781067969778475
5.0,81.16161616161617,0.16926205585715046,0.10412843153142143,0.19872688244468348
5.0,81.36363636363636,0.23960505531857673,-0.014717314580767301,0.24005662224293559
5.0,81.56565656565657,0.23077677654749984,0.17481123843324675,0.28951146726204147
5.0,81.76767676767676,0.14176997083788198,0.32813440901837904,0.3574505770217958
5.0,81.96969696969697,-0.13892121087489276,0.18483803332806942,0.23122327174299503
5.0,82.17171717171718,0.15034734429287103,0.1214261507250336,0.19325794683742678
5.0,82.37373737373737,0.21188115143119746,0.08098288088996301,0.22683000094574784
5.0,82.57575757575758,0.14763897954004712,0.0622951713713328,0.1602434293686021
5.0,82.77777777777777,0.14240737423635874,0.2278083677467009,0.2686568678673792
5.0,82.97979797979798,0.304510927810092,0.27873709781239714,0.41282111725618026
5.0,83.18181818181819,0.005727017537282657,0.1842737960528551,0.18436276913086758
5.0,83.38383838383838,0.1104706686924173,0.05947018572127985,0.12546103630639013
5.0,83.58585858585859,0.04787404531712094,0.10382579676319022,0.1143316241839371
5.0,83.78787878787878,0.20256159700899856,0.09324591733756632,0.22299327721471826
5.0,83.98989898989899,0.2939412935085714,0.12018000685022956,0.31756057386900743
5.0,84.1919191919192,-0.07352665296041946,0.017897809916884794,0.07567364333361319
5.0,84.39393939393939,0.13371682109864577,0.05176549217855153,0.14338707900370565
5.0,84.5959595959596,0.10637457628144649,0.07509044220951733,0.13020800662892484
5.0,84.79797979797979,0.06650707728473756,0.1637349331016857,0.17672668063077387
5.0,85.0,0.21133099906514752,-0.057941066545201564,0.21913000332740576
5.202020202020202,65.0,0.7267329195077147,0.40144023429625164,0.8302379165082958
5.202020202020202,65.20202020202021,0.1514473466994569,0.05242634763645744,0.16026484564246826
5.202020202020202,65.4040404040404,0.19357747743853493,0.21944174701354927,0.2926207786604107
5.202020202020202,65.60606060606061,0.25825510687277436,0.15999135019028055,0.3037975186889733
5.202020202020202,65.8080808080808,0.7065654619160713,0.257375607625294,0.7519820179852444
5.202020202020202,66.01010101010101,0.2543617317068173,0.14328993840205126,0.291945023941417
5.202020202020202,66.21212121212122,0.21382629339684184,0.1654024967648274,0.27033251688221127
5.202020202020202,66.41414141414141,0.3338692826452767,0.2855042555988294,0.43929645782673166
5.202020202020202,66.61616161616162,0.10885033720460371,0.19645224700696087,0.2245927008244923
5.202020202020202,66.81818181818181,0.25900100971021395,0.3597408802893428,0.4432775924657839
5.202020202020202,67.02020202020202,0.3172639954057372,0.1882836779495166,0.3689270743155196
5.202020202020202,67.22222222222223,0.3549880897456333,0.414516100714948,0.5457473239633692
5.202020202020202,67.42424242424242,0.22148861592065397,0.2571516124368586,0.33938791781871563
5.202020202020202,67.62626262626263,0.15365738893885061,0.2539363331668247,0.29680676285711177
5.202020202020202,67.82828282828282,0.19032837525677454,0.07907709584107382,0.20610210458542622
5.202020202020202,68.03030303030303,0.15442442229143466,0.28171139579426535,0.32126035037084266
5.202020202020202,68.23232323232324,0.39686638679005626,0.2668133013721255,0.4782178026306499
5.202020202020202,68.43434343434343,0.2022898288610652,0.19043236572746322,0.2778230745946012
5.202020202020202,68.63636363636364,0.2535958129074844,-0.5377812910005539,0.594575103140411
5.202020202020202,68.83838383838383,0.37362955971705175,-0.041882796494962446,0.3759697016204848
5.202020202020202,69.04040404040404,-0.05702667072454034,0.15592438738790923,0.166025467191693
5.202020202020202,69.24242424242425,0.286018012187115,-0.18349756403725798,0.3398200395843015
5.202020202020202,69.44444444444444,0.24110856845198583,-0.08605994118151218,0.2560071390745408
5.202020202020202,69.64646464646465,0.12577663191178395,-0.024796829549324002,0.12819767505992694
5.202020202020202,69.84848484848484,0.13032760317265893,-0.042147250693269064,0.1369732634119934
5.202020202020202,70.05050505050505,0.2657975120291044,-0.0004772182292068108,0.2657979404323897
5.202020202020202,70.25252525252526,0.23474244188081334,-0.13050343163307057,0.26857989442282265
5.202020202020202,70.45454545454545,0.24999430187665087,-0.1251415747283821,0.2795667446179772
5.202020202020202,70.65656565656566,-0.16174849357419419,-0.22655476324301863,0.278369603084858
5.202020202020202,70.85858585858585,0.18414437697033204,-0.19312675075329855,0.2668465728210097
5.202020202020202,71.06060606060606,0.22499535176852753,-0.21359105700486444,0.3102322484041572
5.202020202020202,71.26262626262626,0.1702477685048705,-0.10513379244885578,0.20009352062365002
5.202020202020202,71.46464646464646,0.30527618193905404,-0.3814322924425974,0.4885531096792871
5.202020202020202,71.66666666666667,0.22367414956998377,-0.12542825536741645,0.25644175250994
5.202020202020202,71.86868686868686,0.29699967494120794,-0.29789175589050854,0.42065223777214533
5.202020202020202,72.07070707070707,0.17692558154452065,-0.1647786928610251,0.24177402471286047
5.202020202020202,72.27272727272727,0.18558876008276334,-0.12974390629401564,0.2264435229576854
5.202020202020202,72.47474747474747,0.4150108665393262,-0.12336876044930926,0.4329594327422853
5.202020202020202,72.67676767676768,0.5887954337280484,-0.06455963570853054,0.5923242434189393
5.202020202020202,72.87878787878788,0.1850799854450579,-0.09744078183881415,0.20916334998680391
5.202020202020202,73.08080808080808,0.07887488650591866,0.092894330047359,0.12186305541988193
5.202020202020202,73.28282828282828,0.5410175261649346,-0.041156071973916034,0.5425806722303587
5.202020202020202,73.48484848484848,0.2034191719597467,-0.03839040254385234,0.20701010247876314
5.202020202020202,73.68686868686869,0.23439251018407894,-0.12867661605522723,0.26739020241926953
5.202020202020202,73.88888888888889,0.08848399947885247,-0.0073969919665596295,0.08879264414312095
5.202020202020202,74.0909090909091,0.17652721570449467,0.015693995262680546,0.17722347297038907
5.202020202020202,74.29292929292929,0.1041657044358072,-0.08564687327773143,0.13485503654984388
5.202020202020202,74.4949494949495,0.19947502139152526,-0.22829780275936468,0.3031669027184584
5.202020202020202,74.6969696969697,-0.08758978769925582,-0.15014676539901856,0.17382756418068057
5.202020202020202,74.8989898989899,0.2177651545146218,-0.08034644600158454,0.23211465680965226
5.202020202020202,75.1010101010101,0.19260243096509472,-0.07990454291195298,0.20851962111905012
5.202020202020202,75.3030303030303,0.06610406672720924,-0.07779826184159906,0.10208975062879397
5.202020202020202,75.5050505050505,0.17255529848286183,-0.16680212097471148,0.23999641371522998
5.202020202020202,75.70707070707071,0.2643525070421801,0.1520905125400829,0.3049815928612594
5.202020202020202,75.9090909090909,0.22432027891470097,-0.07194229320121014,0.23557436423222738
5.202020202020202,76.11111111111111,0.18522474031553604,-0.015354696850685004,0.18586008484969063
5.202020202020202,76.31313131313131,0.3110713907847664,-0.22748899613275433,0.3853785846751959
5.202020202020202,76.51515151515152,0.04745487841687118,-0.019371690619646484,0.051256491130619995
5.202020202020202,76.71717171717171,0.23122274678791818,-0.134914798594281,0.2677049897030033
5.202020202020202,76.91919191919192,0.11481067648891127,-0.09449466983774377,0.1486967856531729
5.202020202020202,77.12121212121212,0.5965094087227673,-0.04170711560584472,0.5979656831181408
5.202020202020202,77.32323232323232,0.29588743904832,-0.18967505280931715,0.35146266123841735
5.202020202020202,77.52525252525253,0.3952880089380198,-0.18129704557863643,0.43488070633879145
5.202020202020202,77.72727272727272,0.30010133210203965,-0.18710703887490462,0.3536521645995593
5.202020202020202,77.92929292929293,0.022778054254515175,0.011549583672705706,0.025538845679365915
5.202020202020202,78.13131313131314,0.21623269412223567,-0.057354744385273965,0.22370995666456253
5.202020202020202,78.33333333333333,0.11520133981021405,-0.09937565249172173,0.15214095110200884
5.202020202020202,78.53535353535354,0.09525896531378783,-0.09277106144200216,0.132968944922223
5.202020202020202,78.73737373737373,0.1784136794137705,-0.04711692860052523,0.18453033886791265
5.202020202020202,78.93939393939394,0.12407101472687553,-0.07871274226397937,0.1469330204211164
5.202020202020202,79.14141414141415,0.09453161045924535,-0.05174466710283826,0.10776704482169888
5.202020202020202,79.34343434343434,0.009185860175400282,-0.23579934800326988,0.2359782035399227
5.202020202020202,79.54545454545455,0.4023144065283193,0.06784192785293347,0.40799437358257334
5.202020202020202,79.74747474747474,0.2368216738217683,-0.041263759108505896,0.24038968989436468
5.202020202020202,79.94949494949495,0.2008004625871068,0.2621774016323123,0.3302390281324527
5.202020202020202,80.15151515151516,0.10571288473742084,0.034137491655756705,0.11108817370023724
5.202020202020202,80.35353535353535,0.137502608650428,0.1316589984303782,0.19037084664770257
5.202020202020202,80.55555555555556,0.015033798738733353,0.172093622151725,0.17274903730503807
5.202020202020202,80.75757575757575,0.21738996801833638,0.21082468943716814,0.3028290736889239
5.202020202020202,80.95959595959596,0.20892370029000967,0.2932957921275363,0.36009933938093913
5.202020202020202,81.16161616161617,0.21663757296058755,0.13720767979550716,0.2564328087689255
5.202020202020202,81.36363636363636,0.20914062971173686,0.18500843321685229,0.27922736856829833
5.202020202020202,81.56565656565657,0.011032047629762648,0.0933996310792817,0.094048908343751
5.202020202020202,81.76767676767676,0.244574160668328,0.04643813499563228,0.24894380982159345
5.202020202020202,81.96969696969697,0.24191050222328228,0.2810477572063774,0.3708214299587546
5.202020202020202,82.17171717171718,0.35716393041607425,0.0250630126150114,0.35804221509704487
5.202020202020202,82.37373737373737,0.08529289860444367,0.2135504681554251,0.22995364968129806
5.202020202020202,82.57575757575758,-0.21058966751946886,0.2812036343471861,0.3513167972585802
5.202020202020202,82.77777777777777,0.2074383371620419,0.12049364800202941,0.23989452460068766
5.202020202020202,82.97979797979798,0.010470694114848647,0.07670130327024023,0.07741269507387073
5.202020202020202,83.18181818181819,0.05501067976609762,0.03695728776291138,0.06627228687105027
5.202020202020202,83.38383838383838,0.15352557683098345,0.19172635617121903,0.24561982491643328
5.202020202020202,83.58585858585859,0.06479074737978964,0.20320015806463831,0.21327950014833988
5.202020202020202,83.78787878787878,0.20872569515209471,0.18322735890911507,0.27773851167876384
5.202020202020202,83.98989898989899,0.010776523195035914,0.18517610323175207,0.18548941387655968
5.202020202020202,84.1919191919192,-0.007734396860267858,0.015450401142098868,0.0172781882801378
5.202020202020202,84.39393939393939,-0.058867841560662076,0.15484789906274632,0.16566017811821188
5.202020202020202,84.5959595959596,0.006792685552914594,0.07133511034699527,0.07165778775010269
5.202020202020202,84.79797979797979,0.08671497676182621,0.005739261589113552,0.08690469675680558
5.202020202020202,85.0,0.07807274600395356,0.09124967705187229,0.12009103726202398
5.404040404040404,65.0,0.39965948059551504,0.28331767608131997,0.4898944845678471
5.404040404040404,65.20202020202021,0.2949422609431058,0.39229952363682113,0.4908053112344119
5.404040404040404,65.4040404040404,-0.47891200828727293,0.36733659968730664,0.6035668058728724
5.404040404040404,65.60606060606061,0.18214422513775985,0.13605670036559037,0.22734982838218062
5.404040404040404,65.8080808080808,0.18218895891995152,0.22131146497683493,0.28665585862237075
5.404040404040404,66.01010101010101,0.1789914857417643,0.2882020023925961,0.339261471657402
5.404040404040404,66.21212121212122,0.09916805001687817,0.2865418162108298,0.3032169430977613
5.404040404040404,66.41414141414141,0.2758069132331561,0.2851027618633872,0.39667749899551014
5.404040404040404,66.61616161616162,0.4059441471713795,0.27016348515436023,0.48762583948499777
5.404040404040404,66.81818181818181,0.2161181338535633,0.2328123869404138,0.31766122724254475
5.404040404040404,67.02020202020202,-0.10222916447256856,0.1673386478899711,0.19609442915698347
5.404040404040404,67.22222222222223,0.0418162484087418,0.23673712012420484,0.24040187743793473
5.404040404040404,67.42424242424242,0.45605919704223946,0.14784172877906945,0.4794237874523918
5.404040404040404,67.62626262626263,0.3989177588708229,0.28220643659612354,0.48864695967416183
5.404040404040404,67.82828282828282,0.3916773656007982,0.15618812491557624,0.4216703559519272
5.404040404040404,68.03030303030303,0.438739591818793,0.2445552921880856,0.5022944558389243
5.404040404040404,68.23232323232324,0.34576921439611674,0.19435357664542371,0.396648033373388
5.404040404040404,68.43434343434343,0.19631653914065494,0.06768433149902629,0.20765681368699268
5.404040404040404,68.63636363636364,0.23362891534591093,0.08788049719509591,0.24961060048195885
5.404040404040404,68.83838383838383,0.4232705827544911,0.0850733550777621,0.4317354073613994
5.404040404040404,69.04040404040404,0.17378770336570182,0.10364985469957601,0.20234984116714394
5.404040404040404,69.24242424242425,0.2701143609506304,0.18986401427409763,0.33016679407239335
5.404040404040404,69.44444444444444,0.8274442165491761,0.05610290147620389,0.829343998021767
5.404040404040404,69.64646464646465,0.47303999482893505,-0.050916033319078485,0.4757722975927754
5.404040404040404,69.84848484848484,0.45852231861342574,-0.0032772281549021845,0.4585340302431338
5.404040404040404,70.05050505050505,0.5927469269210528,-0.10633709098818483,0.6022096780143785
5.404040404040404,70.25252525252526,0.3555259314174183,-0.13490174550289102,0.38025934419807433
5.404040404040404,70.45454545454545,0.35856553730490515,-0.05549389376713875,0.3628344206221259
5.404040404040404,70.65656565656566,0.4308135319619306,-0.11146243445251759,0.44499907147722817
5.404040404040404,70.85858585858585,0.3156905194968964,-0.21112296005980227,0.3797807372216674
5.404040404040404,71.06060606060606,0.25459167621276096,-0.21316881331525503,0.33205099693730383
5.404040404040404,71.26262626262626,0.34609709996151977,-0.26740676222691057,0.4373666414879554
5.404040404040404,71.46464646464646,0.20216889768909888,-0.06081622139196963,0.21111815643667978
5.404040404040404,71.66666666666667,-0.2815246176576575,-0.13592950510087443,0.31262268104579183
5.404040404040404,71.86868686868686,-0.0830648388099614,-0.15907988985176919,0.17946080018147664
5.404040404040404,72.07070707070707,0.23247944673467003,-0.20203823503269233,0.30800347655372934
5.404040404040404,72.27272727272727,0.20444716171245958,-0.031777391630614694,0.2069020167884452
5.404040404040404,72.47474747474747,0.24178052810110628,-0.09749847069822608,0.26069862975731706
5.404040404040404,72.67676767676768,0.4652596908558849,-0.07739029235859227,0.47165224189720756
5.404040404040404,72.87878787878788,0.3243295455644116,-0.18762448278276964,0.3746900060923957
5.404040404040404,73.08080808080808,0.11485514382036087,0.008915338071674815,0.11520063938593413
5.404040404040404,73.28282828282828,0.2170633321590458,-0.04530379261511951,0.22174066788323246
5.404040404040404,73.48484848484848,0.23741971903870632,-0.04304339659207807,0.24128998524307047
5.404040404040404,73.68686868686869,0.23063410542885338,-0.00879192656228191,0.23080162165730989
5.404040404040404,73.88888888888889,0.20187815419648958,0.10221089516823292,0.22627827167643189
5.404040404040404,74.0909090909091,-0.0077611980628769575,0.009043702606985443,0.01191741382241971
5.404040404040404,74.29292929292929,0.011246533014237144,0.0362879017018926,0.037990739855477226
5.404040404040404,74.4949494949495,0.13464169820181132,0.04425377888484575,0.1417278513216667
5.404040404040404,74.6969696969697,0.10501942976963739,-0.14170096528110254,0.1763752935950385
5.404040404040404,74.8989898989899,0.19141857954049926,-0.04423064361505334,0.19646226718610446
5.404040404040404,75.1010101010101,0.43230091992686076,-0.08687071715804608,0.4409428612293925
5.404040404040404,75.3030303030303,0.08696816139205141,0.05470831947887499,0.10274464130122092
5.404040404040404,75.5050505050505,0.25235893918370605,-0.026569960057465234,0.25375381172187494
5.404040404040404,75.70707070707071,0.18601416296589243,-0.07437529117788526,0.200332106167975
5.404040404040404,75.9090909090909,0.23695756657478514,-0.10846240575382834,0.26060119304974766
5.404040404040404,76.11111111111111,0.13258913229061112,-0.02058421042790883,0.13417744862873793
5.404040404040404,76.31313131313131,0.14216723243194943,-0.08412958307085824,0.16519475998056465
5.404040404040404,76.51515151515152,0.48180762886563094,0.21280254805362178,0.5267100869465436
5.404040404040404,76.71717171717171,0.33000961337488377,-0.11077081377867895,0.348104177086445
5.404040404040404,76.91919191919192,-0.16809278635479066,-0.1596018089310439,0.23179284337222048
5.404040404040404,77.12121212121212,0.5362132374025038,-0.15294953138846512,0.5576003901699003
5.404040404040404,77.32323232323232,0.3610289906991979,-0.13700224389243004,0.38614964321729267
5.404040404040404,77.52525252525253,0.24785019890811286,-0.2359713160010813,0.3422165733480383
5.404040404040404,77.72727272727272,0.4427522127896308,-0.18515625062161403,0.47990869868587344
5.404040404040404,77.92929292929293,0.30492901245368337,-0.1924323359786531,0.3605716386048407
5.404040404040404,78.13131313131314,0.16049038650745756,-0.12895624221654642,0.20588073384346992
5.404040404040404,78.33333333333333,0.33192819972043364,-0.12266498572134997,0.353868659945561
5.404040404040404,78.53535353535354,0.4379043920185567,-0.020381811553328518,0.4383784606836166
5.404040404040404,78.73737373737373,0.26770810792391686,0.1753027437340038,0.3199979421947481
5.404040404040404,78.93939393939394,0.1580280891909553,0.08575150778717455,0.1797948777388232
5.404040404040404,79.14141414141415,-0.19953342010553313,-0.1112481137300346,0.22845071360690009
5.404040404040404,79.34343434343434,0.21531569094789882,0.024873492822483894,0.2167476353125017
5.404040404040404,79.54545454545455,0.09725591125832417,0.04557015060156001,0.10740275089836333
5.404040404040404,79.74747474747474,0.5188727009910922,-0.08176243759413176,0.525275143172724
5.404040404040404,79.94949494949495,0.22496885133725014,-0.05046135163812322,0.23055873889564038
5.404040404040404,80.15151515151516,0.27799901665563453,0.051469803811914405,0.2827235292046573
5.404040404040404,80.35353535353535,0.19862142941120903,0.0675342574559093,0.2097888179848319
5.404040404040404,80.55555555555556,0.10439944208637891,0.17379859635732894,0.20274416293379433
5.404040404040404,80.75757575757575,0.24083038664695253,0.20676590784666501,0.3174136351516365
5.404040404040404,80.95959595959596,0.00017693204165897345,0.16015687863160866,0.16015697636371384
5.404040404040404,81.16161616161617,0.2703324381264173,0.21275003875144302,0.34400902036445746
5.404040404040404,81.36363636363636,0.07511974934134762,0.260643102916167,0.27125228817260605
5.404040404040404,81.56565656565657,0.1931706097411688,0.14522963015317428,0.24167442964079325
5.404040404040404,81.76767676767676,0.30093905595002174,0.24382644373827986,0.38731853823712964
5.404040404040404,81.96969696969697,0.19076861698899333,0.24558582890324349,0.3109743793079848
5.404040404040404,82.17171717171718,0.13205281307225727,0.1455827923242404,0.19655099811809512
5.404040404040404,82.37373737373737,0.22663883442952967,0.15496570246001823,0.2745533285365571
5.404040404040404,82.57575757575758,0.2697878171523954,0.13439968614329195,0.3014112504855612
5.404040404040404,82.77777777777777,0.08448443173149157,0.1946443089710175,0.21218865714217144
5.404040404040404,82.97979797979798,0.26438133769137356,0.2094435670196516,0.33728934090094725
5.404040404040404,83.18181818181819,0.2725320505205396,0.01534756874013313,0.2729638555324918
5.404040404040404,83.38383838383838,-0.024055711122619727,0.31082947072571787,0.3117589407045848
5.404040404040404,83.58585858585859,0.17843302495678953,0.16518560781255426,0.24315556630197316
5.404040404040404,83.78787878787878,0.0820178144476725,0.15280605216375065,0.173426097991749
5.404040404040404,83.98989898989899,0.28297514410562624,0.04266032611361664,0.28617273735581467
5.404040404040404,84.1919191919192,0.2170214280872677,0.14784557289784572,0.26259591328603976
5.404040404040404,84.39393939393939,0.10594680585471403,0.07883059861236251,0.1320567641145272
5.404040404040404,84.5959595959596,0.32040947421181243,0.07207039399062845,0.3284149400600626
5.404040404040404,84.79797979797979,0.4641766415531837,0.011055079990879076,0.46430826974887873
5.404040404040404,85.0,-0.5170566516368927,0.1499902483514772,0.538372227740708
5.606060606060606,65.0,0.1048241812916948,0.14584028878287966,0.1796037271766592
5.606060606060606,65.20202020202021,-0.12923411309258795,0.03945936088237356,0.13512400655721102
5.606060606060606,65.4040404040404,0.18689417314821774,0.3020191389504608,0.35516896295866524
5.606060606060606,65.60606060606061,0.06039325135935365,0.32738909408331074,0.332912847055269
5.606060606060606,65.8080808080808,0.41195588447671094,0.454383933804052,0.613328957456139
5.606060606060606,66.01010101010101,0.7592717252489825,0.3103920778065629,0.8202662950089085
5.606060606060606,66.21212121212122,0.27222466742441914,0.4009305298066621,0.48461485664947
5.606060606060606,66.41414141414141,0.028465494968122118,0.35980772797905863,0.3609319679901359
5.606060606060606,66.61616161616162,0.1572435108971201,0.4009632727737854,0.4306937053553462
5.606060606060606,66.81818181818181,0.20912729798103116,0.12127405912846362,0.24174702516957905
5.606060606060606,67.02020202020202,0.5948704262479995,0.2658137801201436,0.6515579711171038
5.606060606060606,67.22222222222223,0.3681616982558319,0.19105773756094865,0.41478439597521816
5.606060606060606,67.42424242424242,0.38553060024107094,0.2557785653802277,0.4626624236202978
5.606060606060606,67.62626262626263,0.22695136584111197,0.4325943083467438,0.4885128023615593
5.606060606060606,67.82828282828282,0.24511931544739243,0.21430518707531382,0.32559206380497596
5.606060606060606,68.03030303030303,0.40404142044727615,0.006892516315880767,0.404100205664656
5.606060606060606,68.23232323232324,0.34476068294343787,-0.05492139049327047,0.34910784528185557
5.606060606060606,68.43434343434343,0.5590117797324862,-0.003957415886776391,0.5590257874375587
5.606060606060606,68.63636363636364,0.2849382568016687,0.018803689469333022,0.285558030751777
5.606060606060606,68.83838383838383,-0.3612264409635814,-0.20089076669593597,0.4133299430175568
5.606060606060606,69.04040404040404,0.3444847259564746,-0.0539368335123878,0.34868167205439754
5.606060606060606,69.24242424242425,0.2400280141419197,0.07195832933003758,0.25058221950665965
5.606060606060606,69.44444444444444,0.4260564997563775,0.013856462349134284,0.426281764251638
5.606060606060606,69.64646464646465,0.45802309572120686,-0.1682780109976031,0.4879576264383489
5.606060606060606,69.84848484848484,0.4661846374034549,-0.054904347298211725,0.4694066504676232
5.606060606060606,70.05050505050505,0.36697529914307736,-0.20527436161688364,0.4204859494898376
5.606060606060606,70.25252525252526,0.3571874787872091,-0.04536603035747644,0.3600569006598241
5.606060606060606,70.45454545454545,0.33914619888901054,-0.11488653999944481,0.358076892990749
5.606060606060606,70.65656565656566,0.36014837422587487,-0.257330277597115,0.442634977408868
5.606060606060606,70.85858585858585,0.5943352118321779,-0.3214079045595778,0.6756755028391798
5.606060606060606,71.06060606060606,0.4121875777040772,-0.08882539900152685,0.421649796301783
5.606060606060606,71.26262626262626,0.3722890315751357,-0.09316678660748051,0.3837696876486159
5.606060606060606,71.46464646464646,0.4538422356617883,-0.11733169664527117,0.46876380183216804
5.606060606060606,71.66666666666667,0.14738401366939793,-0.1473044991789981,0.20837625335838228
5.606060606060606,71.86868686868686,0.3392725193415059,-0.5122589650741602,0.6144225660562788
5.606060606060606,72.07070707070707,0.3217826755417117,-0.2670603970011769,0.4181690398932096
5.606060606060606,72.27272727272727,0.20461175189327352,-0.020072847216931568,0.20559398874536386
5.606060606060606,72.47474747474747,0.2673951373082587,-0.09802336126218185,0.28479595995947476
5.606060606060606,72.67676767676768,0.29735326575290283,-0.10305818375640897,0.3147061389504282
5.606060606060606,72.87878787878788,0.11673745868359796,-0.03983171494245816,0.12334585430877677
5.606060606060606,73.08080808080808,0.1705131157125073,-0.08231293507328943,0.18934133703543574
5.606060606060606,73.28282828282828,0.35447423449748316,-0.048585275779753884,0.35778836194763436
5.606060606060606,73.48484848484848,0.33923669717526966,-0.002295711423356303,0.3392444649531145
5.606060606060606,73.68686868686869,0.17350364717713368,0.023675202025724325,0.17511148099061394
5.606060606060606,73.88888888888889,0.21112923148688476,0.03585398401722435,0.21415195669932588
5.606060606060606,74.0909090909091,0.09655529548873404,-0.043219786276905106,0.10578693214541245
5.606060606060606,74.29292929292929,0.12468510149137832,0.2265349491494261,0.25858162680292734
5.606060606060606,74.4949494949495,0.31058098902912223,-0.08572906284828864,0.3221956284047839
5.606060606060606,74.6969696969697,0.25637546118877885,0.11517142416931833,0.2810566385000505
5.606060606060606,74.8989898989899,0.25293179126313164,-0.009735132469637623,0.2531190704703575
5.606060606060606,75.1010101010101,0.2486164665675163,0.017563555493164462,0.2492360847270684
5.606060606060606,75.3030303030303,0.09407462584863814,-0.08288321676819758,0.12537807962481035
5.606060606060606,75.5050505050505,0.20475439856094238,-0.07562056883237325,0.2182723852450991
5.606060606060606,75.70707070707071,0.16326988010142313,-0.018558967969917198,0.16432129819485206
5.606060606060606,75.9090909090909,0.4117135272140697,-0.06280135530111172,0.4164757360503814
5.606060606060606,76.11111111111111,0.24434979631496254,-0.07189159767753367,0.2547061537846937
5.606060606060606,76.31313131313131,0.23563955856999513,0.04798974831710594,0.24047664648901218
5.606060606060606,76.51515151515152,0.08681489720674847,-0.22586498706015123,0.24197483083308602
5.606060606060606,76.71717171717171,0.2656433823407478,-0.07841024373708799,0.27697395708683925
5.606060606060606,76.91919191919192,0.2870575994102803,-0.05520908005337064,0.29231850420309086
5.606060606060606,77.12121212121212,0.29501522224635146,-0.08252288314152735,0.3063396931497032
5.606060606060606,77.32323232323232,0.3181656907224306,-0.15539846612531855,0.35408768691806153
5.606060606060606,77.52525252525253,0.25436646385432404,-0.03386610129077584,0.2566110105790284
5.606060606060606,77.72727272727272,0.409253050095296,-0.10245561276444645,0.4218829358948298
5.606060606060606,77.92929292929293,0.387304491487152,-0.1693857061672096,0.42272483553712065
5.606060606060606,78.13131313131314,0.3651335851302714,-0.1419562962877414,0.3917577376974425
5.606060606060606,78.33333333333333,0.3592811621480359,-0.029154163544989564,0.36046209055384903
5.606060606060606,78.53535353535354,0.3881257142351703,-0.010024657763754915,0.38825515297783425
5.606060606060606,78.73737373737373,0.23309827593911292,-0.2253562868988539,0.324222550558448
5.606060606060606,78.93939393939394,0.3857207813192084,0.19275757806441443,0.43120297429720894
5.606060606060606,79.14141414141415,0.22427256745508156,-0.10848058680978681,0.24913093390321844
5.606060606060606,79.34343434343434,0.25645658055111104,-0.06679549843139293,0.26501248332610056
5.606060606060606,79.54545454545455,0.49765388679993094,0.08202744703724933,0.504368806643043
5.606060606060606,79.74747474747474,0.24074603448515153,0.17845247837471337,0.29967305544276635
5.606060606060606,79.94949494949495,0.18909588963043078,0.0488300046122603,0.19529880907357683
5.606060606060606,80.15151515151516,0.33958370471636107,0.22651211114857395,0.4081970467872993
5.606060606060606,80.35353535353535,-0.12883233147957168,0.17464045860796326,0.21701856929134422
5.606060606060606,80.55555555555556,0.4524954580515547,0.05412767704910103,0.4557213457585875
5.606060606060606,80.75757575757575,0.27925543873212333,0.17503523734601648,0.3295769020642178
5.606060606060606,80.95959595959596,0.2009087855340269,0.047512600486404405,0.20645044758909653
5.606060606060606,81.16161616161617,0.3554374703261135,0.17053629055778893,0.3942314316604365
5.606060606060606,81.36363636363636,0.1563977648431841,0.24543696402913615,0.2910318954337881
5.606060606060606,81.56565656565657,0.13425015303337637,0.18910628472906718,0.23191440341970138
5.606060606060606,81.76767676767676,0.1864175504839721,0.26417210451551076,0.32332399220069985
5.606060606060606,81.96969696969697,-0.04817710316153045,0.15713691506203445,0.1643564520919388
5.606060606060606,82.17171717171718,0.2937463833714667,-0.5869269898202149,0.6563308838712645
5.606060606060606,82.37373737373737,0.09113031407799639,0.09274942008308061,0.1300276473281818
5.606060606060606,82.57575757575758,0.02153094817653184,0.22171498989182734,0.22275798183704573
5.606060606060606,82.77777777777777,0.28075196766046867,0.297637829331725,0.40915760385764055
5.606060606060606,82.97979797979798,0.11723331818803379,0.07510212943537048,0.13922636510052222
5.606060606060606,83.18181818181819,-0.029544017046571527,0.18912410329097518,0.19141780321815302
5.606060606060606,83.38383838383838,0.22120517476593182,0.15089257355737137,0.267769113413017
5.606060606060606,83.58585858585859,0.20303132306493848,0.14540382908126437,0.24972783516659286
5.606060606060606,83.78787878787878,0.23419903709459114,0.014376255591030474,0.2346398638357351
5.606060606060606,83.98989898989899,0.18850018535567672,0.08407318647961454,0.20639917772113464
5.606060606060606,84.1919191919192,0.16106305770106538,0.08813520756625665,0.18360044490350197
5.606060606060606,84.39393939393939,0.09285589985604466,0.1042595704498937,0.13961474194536957
5.606060606060606,84.5959595959596,-0.013157305479263172,0.26191233153767013,0.26224260542286615
5.606060606060606,84.79797979797979,-0.09843624437945067,-0.14555158403859392,0.1757127138930897
5.606060606060606,85.0,0.1173150953960142,0.15752021225730506,0.19640633614362432
5.808080808080808,65.0,-0.641582896754963,0.2857118642495644,0.7023246277765368
5.808080808080808,65.20202020202021,0.2014823184241637,0.30664806141829215,0.36691709991382626
5.808080808080808,65.4040404040404,0.033563064070169055,0.29597668066689703,0.2978735885713478
5.808080808080808,65.60606060606061,0.08731657115066777,0.2717878687116129,0.28546948904622116
5.808080808080808,65.8080808080808,0.24359180133199507,0.24848030062606508,0.34796468998360425
5.808080808080808,66.01010101010101,0.5479541975787197,0.1181221064716477,0.5605413764223278
5.808080808080808,66.21212121212122,0.42089432476334615,0.20672827816506095,0.4689228226596397
5.808080808080808,66.41414141414141,0.3565948818699825,0.5834132098583038,0.6837623002279637
5.808080808080808,66.61616161616162,0.05097981334247011,0.030965591587634303,0.05964737404785949
5.808080808080808,66.81818181818181,0.32686358566287177,0.2740780910572568,0.4265660601008705
5.808080808080808,67.02020202020202,0.3858817632297673,0.1458925837638717,0.41254015706426994
5.808080808080808,67.22222222222223,0.5519380025176289,0.1837759762837663,0.5817294629655624
5.808080808080808,67.42424242424242,0.4727479894126604,0.2606882979151013,0.5398602135401214
5.808080808080808,67.62626262626263,0.48870200305568406,-0.02829375925788019,0.4895203617864948
5.808080808080808,67.82828282828282,0.557654191979861,0.16647580601630743,0.5819728445739465
5.808080808080808,68.03030303030303,0.1614210239771256,0.117523934342256,0.19967128517918306
5.808080808080808,68.23232323232324,0.0958551796496732,0.15133819039215837,0.17914090358386692
5.808080808080808,68.43434343434343,0.7082208078257969,0.17117861352147615,0.7286143220967861
5.808080808080808,68.63636363636364,0.2863611876106093,0.1524484580326129,0.32441217937414113
5.808080808080808,68.83838383838383,0.3166511023191941,-0.10036348640810829,0.33217578178421026
5.808080808080808,69.04040404040404,0.7368811542242453,0.3431320225026624,0.8128551041345706
5.808080808080808,69.24242424242425,0.7571407659902326,0.21863472437173415,0.7880756830567609
5.808080808080808,69.44444444444444,0.3800827395045513,0.05237152308435133,0.383673904897713
5.808080808080808,69.64646464646465,0.5005508430567407,0.03980624098563226,0.5021311415419483
5.808080808080808,69.84848484848484,0.5284030073603088,-0.001639127205166329,0.5284055496731779
5.808080808080808,70.05050505050505,0.4879251315112945,-0.035694773973198646,0.48922903720988575
5.808080808080808,70.25252525252526,0.3772189677483384,-0.10339414230418476,0.39113232836463413
5.808080808080808,70.45454545454545,0.351085259160631,-0.036345957661539155,0.35296159541545286
5.808080808080808,70.65656565656566,0.5369894083087111,0.0430653045201007,0.5387135092877741
5.808080808080808,70.85858585858585,0.5753550901303857,-0.18930409827390582,0.6056975494107937
5.808080808080808,71.06060606060606,0.3311304846788443,-0.11180559685586207,0.3494966228333858
5.808080808080808,71.26262626262626,0.5284465372755556,-0.10187952163643235,0.5381776469599917
5.808080808080808,71.46464646464646,0.3855459082661822,-0.00010171675007306959,0.385545921683906
5.808080808080808,71.66666666666667,0.38185772746653623,-0.11846737166326043,0.3998122586598722
5.808080808080808,71.86868686868686,0.3321370530092223,-0.15118114836162005,0.36492569326040764
5.808080808080808,72.07070707070707,0.4300204318071069,-0.12928295468727866,0.4490341347205618
5.808080808080808,72.27272727272727,0.3256281847816804,0.09909057830761137,0.34037135225155046
5.808080808080808,72.47474747474747,0.2687524766885566,-0.015255035259212294,0.26918508470380187
5.808080808080808,72.67676767676768,0.2828554782725316,-0.018614985879303637,0.28346735136179135
5.808080808080808,72.87878787878788,0.2864017369701614,-0.11511492579122082,0.30867037609632025
5.808080808080808,73.08080808080808,0.3412712865525828,-0.13817161386445004,0.36818132204548587
5.808080808080808,73.28282828282828,0.15807458911929465,-0.039461519880520136,0.16292571091302474
5.808080808080808,73.48484848484848,0.2656167970192978,-0.005955563519105332,0.265683555372968
5.808080808080808,73.68686868686869,0.5416442722067637,0.011229134504272771,0.5417606584794707
5.808080808080808,73.88888888888889,0.1361022184645562,-0.17731235371468795,0.22352513203399837
5.808080808080808,74.0909090909091,0.29327576474889827,0.09192169410148993,0.30734389864700257
5.808080808080808,74.29292929292929,0.350275447882929,-0.18308758020802987,0.39523910663801765
5.808080808080808,74.4949494949495,0.39664560180879443,0.05043008620400739,0.39983862623414
5.808080808080808,74.6969696969697,0.6186248580373065,-0.005846773489384654,0.6186524870570826
5.808080808080808,74.8989898989899,0.23910588808771735,-0.055734501869090666,0.24551570299435366
5.808080808080808,75.1010101010101,0.15935211652022482,0.04611894461562651,0.16589169386058644
5.808080808080808,75.3030303030303,0.3640086924796885,-0.09061720676105649,0.37511838979440676
5.808080808080808,75.5050505050505,0.4682263731308475,0.01417856364621807,0.4684409975251285
5.808080808080808,75.70707070707071,0.21175725572699022,0.06973827332043923,0.22294519981094507
5.808080808080808,75.9090909090909,0.35480103348561487,-0.09015832686268915,0.36607690075329785
5.808080808080808,76.11111111111111,0.2435499356343467,-0.19963660032088787,0.3149148191736558
5.808080808080808,76.31313131313131,0.13553896049312006,-0.1798217873661265,0.22518144910961022
5.808080808080808,76.51515151515152,0.3495531979378464,-0.08057956414620376,0.3587206494566035
5.808080808080808,76.71717171717171,0.5102714257949984,-0.15685224341516543,0.5338347630561641
5.808080808080808,76.91919191919192,0.2549792671733514,-0.03905968547733249,0.25795365032859574
5.808080808080808,77.12121212121212,0.3473864106445504,-0.10323794267026733,0.36240225041698293
5.808080808080808,77.32323232323232,0.387248808955371,-0.16687016117662834,0.4216720179576389
5.808080808080808,77.52525252525253,0.33480155798619293,-0.19971067715449842,0.3898415547366525
5.808080808080808,77.72727272727272,-0.02313427773580775,-0.19226250300724815,0.19364933480125768
5.808080808080808,77.92929292929293,0.38450871554088295,-0.13030586812726092,0.40598838849811797
5.808080808080808,78.13131313131314,0.2059950126123344,-0.27293450248432627,0.34194617685759043
5.808080808080808,78.33333333333333,0.5067100671095287,-0.13808585917254837,0.5251883439429744
5.808080808080808,78.53535353535354,0.4257607268991623,-0.10841554246434645,0.43934738694743775
5.808080808080808,78.73737373737373,0.3756104640055339,-0.09994473787029795,0.38868003717507155
5.808080808080808,78.93939393939394,0.49024960931887807,-0.020620717674350038,0.4906830885966194
5.808080808080808,79.14141414141415,0.23313183409016014,0.13886481352498348,0.2713556494742101
5.808080808080808,79.34343434343434,0.4847615445788777,-0.0045749737884559875,0.4847831324289907
5.808080808080808,79.54545454545455,0.38958496119237734,0.1573725646950327,0.4201696872764127
5.808080808080808,79.74747474747474,0.3201350225837918,0.04711095356573129,0.3235828713492069
5.808080808080808,79.94949494949495,0.15222130445637633,0.07581241493367609,0.17005542563669263
5.808080808080808,80.15151515151516,0.2547473897002291,-0.08044617292434791,0.26714756090455793
5.808080808080808,80.35353535353535,0.5742405938436227,0.15281334933178345,0.5942256973169994
5.808080808080808,80.55555555555556,0.22796812547450818,0.19542289325472342,0.30026583795098655
5.808080808080808,80.75757575757575,0.27802232264693505,0.14298380514358144,0.312635219422467
5.808080808080808,80.95959595959596,0.1648275044372102,0.021875994561115306,0.1662728641632076
5.808080808080808,81.16161616161617,0.5101943767714092,0.2382804594920349,0.5630949115956403
5.808080808080808,81.36363636363636,0.23847875320483544,0.34180795683784027,0.41677907227665795
5.808080808080808,81.56565656565657,0.23211478627712548,0.17661037286852388,0.2916650438657925
5.808080808080808,81.76767676767676,0.1816370440405156,0.10713408931805511,0.21087846941256286
5.808080808080808,81.96969696969697,0.3455248782576463,0.08724632426495563,0.3563696993189896
5.808080808080808,82.17171717171718,0.7737244316845743,0.23835703435574382,0.8096070479019329
5.808080808080808,82.37373737373737,0.15992413521723434,0.20224822359871547,0.2578372994231367
5.808080808080808,82.57575757575758,0.1267027625359724,0.11712873816082196,0.17254776537930996
5.808080808080808,82.77777777777777,-0.03959022342553053,0.054326466048307195,0.06722165353650042
5.808080808080808,82.97979797979798,-0.061447264947263325,-0.10641105308949933,0.12287830804953094
5.808080808080808,83.18181818181819,0.17781626641368445,0.1383026646405182,0.22526928696111692
5.808080808080808,83.38383838383838,0.1279848826121985,0.2992360690748517,0.3254571480435291
5.808080808080808,83.58585858585859,0.1194934346994832,0.05611006150872382,0.13201143866647477
5.808080808080808,83.78787878787878,0.14401981983861536,0.18395668096559276,0.23362741486868382
5.808080808080808,83.98989898989899,0.4387490986971507,0.12883989111228433,0.4572750694597152
5.808080808080808,84.1919191919192,-0.27327494613908376,0.11379699096230508,0.2960218764540791
5.808080808080808,84.39393939393939,0.4390045270901977,0.16487878890275154,0.46894561500852766
5.808080808080808,84.5959595959596,0.10200643458822838,0.062049749813947175,0.11939633222748491
5.808080808080808,84.79797979797979,0.02879714779012676,0.12669753893462823,0.1299289886551036
5.808080808080808,85.0,0.2090514958963532,0.12836841889043568,0.24531811776738657
6.01010101010101,65.0,0.08475410595373833,0.30435759382260363,0.3159379739656227
6.01010101010101,65.20202020202021,0.5533009737142832,0.4131347444674201,0.6905231962789768
6.01010101010101,65.4040404040404,0.2613201356020592,0.4065255501628751,0.48327138980732853
6.01010101010101,65.60606060606061,0.36285222364158903,-0.07539969006277703,0.3706033586777225
6.01010101010101,65.8080808080808,0.11679731093083416,0.31078380543984235,0.3320063035009181
6.01010101010101,66.01010101010101,0.2261351999353779,0.3611948455966031,0.42614416003902633
6.01010101010101,66.21212121212122,0.35045406933439066,0.16040991915439462,0.3854210643908209
6.01010101010101,66.41414141414141,0.5784751599302143,0.5890557528175967,0.8256029254937222
6.01010101010101,66.61616161616162,0.30335696277984564,0.23333993078925622,0.38271787280939407
6.01010101010101,66.81818181818181,0.6634728970340817,0.08050721799677858,0.6683395074723459
6.01010101010101,67.02020202020202,0.5111893207980812,0.19557101915563502,0.5473230720804462
6.01010101010101,67.22222222222223,0.6013966649453245,0.24500768632648498,0.6493894940376046
6.01010101010101,67.42424242424242,0.5426578518400016,0.13727098573081803,0.5597507192376938
6.01010101010101,67.62626262626263,0.37528007932011703,0.25435541898630354,0.4533561702483064
6.01010101010101,67.82828282828282,0.22486439788164997,0.8200372691381086,0.8503088381348061
6.01010101010101,68.03030303030303,0.49037886920748364,0.3723084372535019,0.6156987963406743
6.01010101010101,68.23232323232324,0.4034048571814226,0.056249800447917477,0.4073076464393892
6.01010101010101,68.43434343434343,0.5969292685864555,0.004666951386727784,0.596947512039716
6.01010101010101,68.63636363636364,0.5061305148830666,0.2712551412158723,0.5742364057875823
6.01010101010101,68.83838383838383,0.4423245940864949,0.023710464131412284,0.4429596286831447
6.01010101010101,69.04040404040404,0.6228626357222076,-0.007954965264245297,0.6229134325499578
6.01010101010101,69.24242424242425,0.5464022474599343,0.028135944202693004,0.5471261713585307
6.01010101010101,69.44444444444444,0.48116689467628015,0.05412765314996196,0.48420180025268084
6.01010101010101,69.64646464646465,0.33620316732190414,0.10551441406587181,0.35237176574314877
6.01010101010101,69.84848484848484,1.252783307060477,-0.12408017317097741,1.258912985008704
6.01010101010101,70.05050505050505,0.5562598548099986,0.00422294079111525,0.5562758841637538
6.01010101010101,70.25252525252526,0.5633978024852071,0.14285905014857367,0.581227831452102
6.01010101010101,70.45454545454545,0.5639906926886096,-0.12464487276162678,0.5776000742253586
6.01010101010101,70.65656565656566,0.4022565080921624,0.1892047242823463,0.444532030334439
6.01010101010101,70.85858585858585,0.1904053708032531,-0.11810131489806197,0.22405830895411022
6.01010101010101,71.06060606060606,0.5585017693132864,-0.21692192393848325,0.5991488524659332
6.01010101010101,71.26262626262626,0.7198256790910903,-0.15724234359452888,0.7367999476778273
6.01010101010101,71.46464646464646,0.6235482331155956,-0.09409155619446984,0.6306073421461871
6.01010101010101,71.66666666666667,0.34032169770331405,-0.03695295805014437,0.3423220399511571
6.01010101010101,71.86868686868686,0.3750375374535462,-0.09664519398904957,0.38728987595908193
6.01010101010101,72.07070707070707,0.2030793901132986,-0.17822941620723942,0.27019800793189186
6.01010101010101,72.27272727272727,0.44434625505724235,0.13666931314657327,0.46488933687421996
6.01010101010101,72.47474747474747,0.1562857053300774,-0.14893611169187476,0.21588697750539373
6.01010101010101,72.67676767676768,0.4824861176878646,-0.21139282942967713,0.5267634973076556
6.01010101010101,72.87878787878788,0.21248080436815708,-0.0745906023017963,0.2251929176876657
6.01010101010101,73.08080808080808,0.32308104024777334,-0.0022014629503869718,0.3230885405066315
6.01010101010101,73.28282828282828,0.49455642400627936,-0.23148391728260506,0.5460502362295787
6.01010101010101,73.48484848484848,0.34290147996068765,-0.19779379025292285,0.3958583186215077
6.01010101010101,73.68686868686869,0.4799083985157464,-0.045645771720889614,0.48207427585585194
6.01010101010101,73.88888888888889,0.2712489618636247,-0.31860120534480507,0.41842887969075077
6.01010101010101,74.0909090909091,0.4484690936281451,-0.029116296681573343,0.4494132693547214
6.01010101010101,74.29292929292929,0.2521980030141703,-0.149071523982035,0.29296100762159777
6.01010101010101,74.4949494949495,0.2798964888611407,-0.08975150645249291,0.29393430794530695
6.01010101010101,74.6969696969697,0.27407524836052716,-0.12845447657003867,0.3026843146163462
6.01010101010101,74.8989898989899,0.265873212709486,0.22285912586725729,0.34692182868591825
6.01010101010101,75.1010101010101,0.279136363506828,0.030905682040018624,0.28084207415231566
6.01010101010101,75.3030303030303,0.1903219578753804,-0.047211143984535436,0.1960901317400919
6.01010101010101,75.5050505050505,0.35300588520312537,0.00792492444434957,0.35309483062697306
6.01010101010101,75.70707070707071,0.4398785448868576,-0.10473627682169126,0.4521756538495291
6.01010101010101,75.9090909090909,0.4184957762822117,-0.08162402167649022,0.42638151423425374
6.01010101010101,76.11111111111111,0.19582778803598622,-0.3035343822478582,0.36122242977652436
6.01010101010101,76.31313131313131,0.3487781572719032,-0.195818633158795,0.39998892494938304
6.01010101010101,76.51515151515152,0.46056246028298636,-0.14546168227117612,0.48298745411353905
6.01010101010101,76.71717171717171,0.26236822563872647,-0.12423207223994678,0.29029415012680676
6.01010101010101,76.91919191919192,0.4217806998054191,0.004324049988068959,0.4218028640688069
6.01010101010101,77.12121212121212,0.3789603857343171,-0.1692326034775935,0.4150309000974588
6.01010101010101,77.32323232323232,0.4621946825831788,-0.17775148981844852,0.49519644257692663
6.01010101010101,77.52525252525253,0.5786151730641225,-0.21570278473524868,0.617513732513347
6.01010101010101,77.72727272727272,0.3517735215410428,-0.1667186547357703,0.389281029969727
6.01010101010101,77.92929292929293,0.23070651048874327,-0.07421041921287228,0.2423482624275298
6.01010101010101,78.13131313131314,0.4526048200051487,-0.14227585922231162,0.4744402419792614
6.01010101010101,78.33333333333333,0.1968866593500761,-0.11043146416336055,0.22574203176922214
6.01010101010101,78.53535353535354,0.31126611180249547,0.06936477604881082,0.3189013397791632
6.01010101010101,78.73737373737373,0.5031921248430737,-0.061732661795802016,0.5069647285921205
6.01010101010101,78.93939393939394,0.32439313784423474,0.10899721933047737,0.3422152856057205
6.01010101010101,79.14141414141415,0.3229857939780547,-0.027059723883167332,0.3241173425910247
6.01010101010101,79.34343434343434,0.48512273844292747,0.09406391583563431,0.49415796221117225
6.01010101010101,79.54545454545455,0.45850593872437906,-0.09990372966670326,0.4692637329336689
6.01010101010101,79.74747474747474,0.43404235926716084,0.03322886127077171,0.4353124473979067
6.01010101010101,79.94949494949495,0.23253113227269923,0.24931769747077298,0.3409252729677743
6.01010101010101,80.15151515151516,0.5769144488893801,0.1878818673086226,0.6067370743581705
6.01010101010101,80.35353535353535,0.5203899332116083,0.14204295538774786,0.539427366531647
6.01010101010101,80.55555555555556,0.3679350950252567,0.15258542770030664,0.39831965416952525
6.01010101010101,80.75757575757575,0.2589688336597766,0.1392736267900418,0.29404421423717364
6.01010101010101,80.95959595959596,0.2597326719430893,0.1589691546108397,0.3045197087092747
6.01010101010101,81.16161616161617,0.28542449478304355,0.14393868861147752,0.3196646497524359
6.01010101010101,81.36363636363636,0.3669104797935023,0.2664922601909733,0.453477039026224
6.01010101010101,81.56565656565657,0.27212965417556884,0.17972728493348156,0.3261233595302176
6.01010101010101,81.76767676767676,0.29134231687857665,0.23642195792170276,0.37520086326087837
6.01010101010101,81.96969696969697,0.6912435843084397,0.12583356637183954,0.7026035719190695
6.01010101010101,82.17171717171718,0.23838246177025585,0.20827051283158232,0.31654826582178236
6.01010101010101,82.37373737373737,0.28360244690126607,0.16525125306812963,0.32823516650257395
6.01010101010101,82.57575757575758,0.1747792139374222,0.1480456572349965,0.22905302934195232
6.01010101010101,82.77777777777777,0.129941373957886,0.2811334982501556,0.30971084014679473
6.01010101010101,82.97979797979798,0.12602319227674216,0.1674608476793456,0.20958287262347017
6.01010101010101,83.18181818181819,0.1158911988593405,0.14359932996293198,0.18453058700079567
6.01010101010101,83.38383838383838,0.15243964920264855,0.15974508749418417,0.2208083776208482
6.01010101010101,83.58585858585859,-0.013184008597690693,0.29276621741271375,0.29306292181177124
6.01010101010101,83.78787878787878,0.13837063987834097,0.06766246456627054,0.15402805942919406
6.01010101010101,83.98989898989899,0.124263341360455,0.06524953882611104,0.1403526997356486
6.01010101010101,84.1919191919192,0.2877880568123252,0.10987353752573639,0.3080489569731304
6.01010101010101,84.39393939393939,0.20967745721037265,0.10851718453473934,0.23609450523371847
6.01010101010101,84.5959595959596,0.06795589007642332,0.2119726438163877,0.2225992019810226
6.01010101010101,84.79797979797979,0.12591727487872295,0.11060509839977367,0.1675966822610385
6.01010101010101,85.0,0.14364694054672436,0.17294254925952054,0.2248189691125192
6.212121212121212,65.0,0.4261221312774215,0.6074476643990903,0.742005886599508
6.212121212121212,65.20202020202021,-1.4568198893057842,0.2942024501226175,1.4862298851574303
6.212121212121212,65.4040404040404,0.0623972925112552,0.2419674008195703,0.24988326308921477
6.212121212121212,65.60606060606061,0.34424710501756106,0.13120094358103174,0.3684016244664575
6.212121212121212,65.8080808080808,0.3440022704412424,0.27822737406968767,0.44243421403689337
6.212121212121212,66.01010101010101,0.22351384472639133,0.23106009519579188,0.3214766031552868
6.212121212121212,66.21212121212122,0.15198920992199252,0.3511170278722167,0.38260147306895004
6.212121212121212,66.41414141414141,0.5110868903872182,0.0182773850537505,0.5114136020190306
6.212121212121212,66.61616161616162,0.3408552020936967,0.16936475365140577,0.38061356856230993
6.212121212121212,66.81818181818181,0.2316389466374656,0.28093719523002086,0.3641185373790045
6.212121212121212,67.02020202020202,0.45873217055008486,0.3016730305725751,0.549037176949279
6.212121212121212,67.22222222222223,0.47340478354061416,0.33649590822616365,0.58081114429054
6.212121212121212,67.42424242424242,-0.27172604370204134,0.1983311093957489,0.33640789494319573
6.212121212121212,67.62626262626263,0.5160518757232627,0.33964207024094323,0.6177914488846957
6.212121212121212,67.82828282828282,0.47955720687175274,0.24780716086065496,0.5397995031828536
6.212121212121212,68.03030303030303,0.6047006039833113,0.06115400810961892,0.6077850221629789
6.212121212121212,68.23232323232324,0.5076945897434898,0.3483510060259877,0.6157127738273164
6.212121212121212,68.43434343434343,0.5603521578239017,0.21688667928996086,0.6008613587437032
6.212121212121212,68.63636363636364,0.5659229362393474,0.09190736082237817,0.5733373638052026
6.212121212121212,68.83838383838383,0.5425799893329569,0.0822052918803495,0.5487720426895717
6.212121212121212,69.04040404040404,0.5437938312521183,0.3163389313969461,0.6291121127630743
6.212121212121212,69.24242424242425,0.6260429761596681,0.025867849282081627,0.6265771729207307
6.212121212121212,69.44444444444444,0.556407284867743,-0.15586235645546828,0.5778253549419108
6.212121212121212,69.64646464646465,0.5527986783869688,-0.024611118994613733,0.5533462623028608
6.212121212121212,69.84848484848484,1.398205650014731,-0.07246443023600521,1.4000821880813088
6.212121212121212,70.05050505050505,0.5665316710497054,-0.05122388538885268,0.5688427029827331
6.212121212121212,70.25252525252526,0.5007102872403825,-0.08720340760635559,0.5082472095806395
6.212121212121212,70.45454545454545,0.6749235160363722,-0.08440953832958695,0.6801813895277591
6.212121212121212,70.65656565656566,0.5499365382963746,-0.17228062019273938,0.5762905588740759
6.212121212121212,70.85858585858585,0.50760064090896,-0.15777771956206835,0.5315564122850872
6.212121212121212,71.06060606060606,0.6642544023236714,-0.17660464024528477,0.6873304226953324
6.212121212121212,71.26262626262626,0.5714476834230647,-0.15661455662338586,0.5925205264258168
6.212121212121212,71.46464646464646,0.5412509897458887,0.02081771109962553,0.5416511894165207
6.212121212121212,71.66666666666667,0.9367009881115794,-0.05083147651449121,0.9380791971544048
6.212121212121212,71.86868686868686,0.3348196424316617,-0.1552365435918885,0.3690563336733595
6.212121212121212,72.07070707070707,0.4675011667170355,-0.2609476226898832,0.5353979853055959
6.212121212121212,72.27272727272727,0.6847206611484703,-0.1348887212653161,0.6978806136641069
6.212121212121212,72.47474747474747,0.5134375032546173,-0.11073586533217739,0.5252432785093031
6.212121212121212,72.67676767676768,0.32134944041358177,-0.06484956778301787,0.3278275908092032
6.212121212121212,72.87878787878788,0.3813422116793915,-0.22318952400421108,0.44185455303046967
6.212121212121212,73.08080808080808,0.5752849312004624,-0.1268989656000615,0.58911467435185
6.212121212121212,73.28282828282828,0.328605642189307,-0.10396423503372317,0.3446595860335152
6.212121212121212,73.48484848484848,0.33089605222386304,-0.02375426518425649,0.3317475885244405
6.212121212121212,73.68686868686869,-0.2695005979429026,-0.0019075659770696014,0.26950734887853967
6.212121212121212,73.88888888888889,0.3951860116832105,0.08739409473049303,0.4047341246100271
6.212121212121212,74.0909090909091,0.34228439540320393,-0.028429994585001048,0.3434630575893717
6.212121212121212,74.29292929292929,0.25583262394884976,-0.09817364087001729,0.2740226181143241
6.212121212121212,74.4949494949495,0.6505807654843611,-0.26890917742886244,0.7039655375966104
6.212121212121212,74.6969696969697,0.44532733966847965,-0.03430355023804951,0.446646586257121
6.212121212121212,74.8989898989899,0.2785889491574151,0.07593211360124602,0.288751603404354
6.212121212121212,75.1010101010101,0.354858496649859,0.02418087963858163,0.35568141304360223
6.212121212121212,75.3030303030303,0.06940686536660552,0.09124687347794042,0.11464425358262563
6.212121212121212,75.5050505050505,0.2255609103754311,-0.09329551090350065,0.2440937865742151
6.212121212121212,75.70707070707071,0.36498495933921987,-0.06442474330300263,0.3706272630197484
6.212121212121212,75.9090909090909,0.28108693016194636,-0.1443819557798794,0.31600001813716716
6.212121212121212,76.11111111111111,0.2491908815184598,0.1208607763405723,0.27695382772150473
6.212121212121212,76.31313131313131,0.3716880987599226,-0.11960576219330672,0.39045816819424817
6.212121212121212,76.51515151515152,0.44223460681950916,0.03726241851890137,0.44380168465507613
6.212121212121212,76.71717171717171,0.3561664110815736,-0.30900819961801773,0.47153004126343545
6.212121212121212,76.91919191919192,0.4043389424123972,-0.15356004636090934,0.43251666810602857
6.212121212121212,77.12121212121212,0.350924604241501,-0.18021184924901923,0.39449257087023243
6.212121212121212,77.32323232323232,0.4285157941913237,-0.2705116323729089,0.506756676443909
6.212121212121212,77.52525252525253,0.423376412400444,-0.23456169279945863,0.48401113035344384
6.212121212121212,77.72727272727272,0.8556261163203571,-0.20842535434623233,0.8806458875528858
6.212121212121212,77.92929292929293,0.5404496665896337,-0.11567548273982205,0.5526903829667539
6.212121212121212,78.13131313131314,0.5595548793193935,-0.13519161732463025,0.5756547892313503
6.212121212121212,78.33333333333333,0.44603198714210074,-0.10553535693210961,0.45834729749036257
6.212121212121212,78.53535353535354,0.32406986966818774,0.07022923367009343,0.3315922581856289
6.212121212121212,78.73737373737373,0.6932009209169877,-0.039091836359400174,0.694302303344955
6.212121212121212,78.93939393939394,0.18710547625871254,-0.014208542809220369,0.18764418971756386
6.212121212121212,79.14141414141415,0.9190436655726806,-0.03120192391497511,0.9195731723388112
6.212121212121212,79.34343434343434,0.42949149849851614,0.0613864865277664,0.43385625270442346
6.212121212121212,79.54545454545455,0.32576539131828275,0.0041646229435112776,0.3257920107446091
6.212121212121212,79.74747474747474,0.31563339750578023,-0.11044254936551885,0.33439796400605815
6.212121212121212,79.94949494949495,0.5596584292490209,0.00792752230515142,0.5597145728309921
6.212121212121212,80.15151515151516,0.43981769784654184,0.11093149554215358,0.45359167104594283
6.212121212121212,80.35353535353535,0.4687620161736999,0.12893663930693255,0.4861712504488497
6.212121212121212,80.55555555555556,0.688974674477566,0.36730071628526567,0.7807662379067997
6.212121212121212,80.75757575757575,0.3480101072291772,0.24418037506447862,0.4251294982711654
6.212121212121212,80.95959595959596,0.3437933667559659,0.26467806870839083,0.4338759720019141
6.212121212121212,81.16161616161617,0.34971486894017295,0.22368332843889405,0.41513217290321464
6.212121212121212,81.36363636363636,0.10246214682940374,0.14274541207679084,0.1757121060196568
6.212121212121212,81.56565656565657,0.4165095617937724,0.17517399353281457,0.45184747766904143
6.212121212121212,81.76767676767676,-0.15087118940304267,0.19833945493008703,0.24920003044512817
6.212121212121212,81.96969696969697,0.1487565260468239,0.21978475124881544,0.2653937469553928
6.212121212121212,82.17171717171718,0.4096508671286183,0.14723293488692274,0.4353060648034274
6.212121212121212,82.37373737373737,-0.0395416683172793,0.13523211910429225,0.1408945335020178
6.212121212121212,82.57575757575758,-0.0033751492397089897,0.1059269420587832,0.1059806995934407
6.212121212121212,82.77777777777777,0.003193912805661673,0.06119003296026609,0.06127333198617992
6.212121212121212,82.97979797979798,0.11377529373612534,0.28670055394722765,0.3084510092354843
6.212121212121212,83.18181818181819,-0.19961296469080933,0.14278255535964454,0.24542248020033586
6.212121212121212,83.38383838383838,0.17567994256592218,0.2710763379053609,0.32302604104336097
6.212121212121212,83.58585858585859,0.005925667039935974,0.09039663862985725,0.09059064965792653
6.212121212121212,83.78787878787878,0.08784153587203566,0.10530766633045517,0.13713438668811193
6.212121212121212,83.98989898989899,0.14172990091236104,0.15457849677102536,0.20971856493076044
6.212121212121212,84.1919191919192,0.04220527677975283,0.10437198818532838,0.11258240229189405
6.212121212121212,84.39393939393939,0.1150862408142603,0.07503048249832023,0.13738419169863997
6.212121212121212,84.5959595959596,0.04606172709385108,0.03834371965297949,0.05993265837333349
6.212121212121212,84.79797979797979,0.05096622540837576,0.06758932000916101,0.08465147554341944
6.212121212121212,85.0,-0.061391526264794306,0.1680104195175544,0.17887543309125922
6.414141414141414,65.0,0.3962237169605516,0.24536741388713382,0.466045493143851
6.414141414141414,65.20202020202021,0.393727552817727,0.38172340466483135,0.5483923262744899
6.414141414141414,65.4040404040404,0.2679641105405978,0.24087953924645816,0.36031613475585533
6.414141414141414,65.60606060606061,0.4403834048849943,0.22845147294900237,0.49611250618248837
6.414141414141414,65.8080808080808,0.31751341183815246,0.3063199201006411,0.44118778331631914
6.414141414141414,66.01010101010101,0.1995753256831428,0.19323589590566867,0.2777956480724616
6.414141414141414,66.21212121212122,0.3744360559174951,0.26625520053678053,0.45944987951236943
6.414141414141414,66.41414141414141,0.2845761469696907,0.4672587380970271,0.5470962545586847
6.414141414141414,66.61616161616162,0.43080605450035503,0.42891962614006374,0.6079193221820597
6.414141414141414,66.81818181818181,0.47495032114779484,0.32110231380287846,0.5733101285412248
6.414141414141414,67.02020202020202,0.5026792963259271,0.25148992016869326,0.5620797584873387
6.414141414141414,67.22222222222223,0.5146056966141469,0.2828893429879604,0.5872353900812615
6.414141414141414,67.42424242424242,0.11602770447101249,0.2721391006951403,0.2958413735973593
6.414141414141414,67.62626262626263,0.1569659464105557,0.09992456174092275,0.18607317477722823
6.414141414141414,67.82828282828282,0.5143850734600554,0.23029164159316887,0.5635833957687035
6.414141414141414,68.03030303030303,0.693053450276393,0.14258958454311355,0.707569695902948
6.414141414141414,68.23232323232324,0.4608647420330002,-0.0027939148695020014,0.460873210774332
6.414141414141414,68.43434343434343,0.6332358288119575,0.14338738858352693,0.6492669390135078
6.414141414141414,68.63636363636364,0.5781524112290385,0.12464195964304953,0.5914353969062139
6.414141414141414,68.83838383838383,0.5628933183556333,0.07530043725459636,0.5679076013755668
6.414141414141414,69.04040404040404,0.5584738961214029,0.1356043936546702,0.5747013522060569
6.414141414141414,69.24242424242425,0.6016067786551985,-0.08014374083790109,0.6069215231966796
6.414141414141414,69.44444444444444,0.7134261881862081,0.005329545816204984,0.7134460947040847
6.414141414141414,69.64646464646465,0.6854555929667334,-0.5321699556512012,0.8677869736445561
6.414141414141414,69.84848484848484,0.665561527990489,-0.04451932911085306,0.6670488124609134
6.414141414141414,70.05050505050505,0.7196898834516444,-0.15843147678668384,0.7369220183842053
6.414141414141414,70.25252525252526,0.7149886168861943,-0.061920846812620924,0.7176649033823691
6.414141414141414,70.45454545454545,0.5723817578498337,-0.045319698892522006,0.5741731026676316
6.414141414141414,70.65656565656566,0.5469660816809527,-0.016349441292745456,0.5472103788672137
6.414141414141414,70.85858585858585,0.5503936466162815,-0.11118192976684815,0.5615109863059213
6.414141414141414,71.06060606060606,0.5635745777531769,-0.06839191379294926,0.5677092200783195
6.414141414141414,71.26262626262626,0.5141673682140394,-0.2206692298757598,0.559520322731992
6.414141414141414,71.46464646464646,0.3349564843507012,-0.15744838506523504,0.3701159823193698
6.414141414141414,71.66666666666667,0.7039149677261544,-0.14775501423499413,0.7192550493534934
6.414141414141414,71.86868686868686,0.6192300170089265,0.09988127971126866,0.6272336757554048
6.414141414141414,72.07070707070707,0.448902922389864,-0.20232882990956094,0.4923929214994183
6.414141414141414,72.27272727272727,0.5727686637248908,-0.10885833916010004,0.583021509165736
6.414141414141414,72.47474747474747,0.507702268369284,-0.10818202595746597,0.5191001291153551
6.414141414141414,72.67676767676768,0.41506094595977505,-0.08891041005681981,0.4244769132444015
6.414141414141414,72.87878787878788,0.45444705761494836,-0.1238431019549254,0.47101936486380497
6.414141414141414,73.08080808080808,0.36733794691435045,-0.14181318303725043,0.39376153459474283
6.414141414141414,73.28282828282828,0.09147590328718491,-0.0016409169122789937,0.09149061968595146
6.414141414141414,73.48484848484848,0.24789287195580714,-0.11486328274561235,0.27321136449568983
6.414141414141414,73.68686868686869,0.4942565132193723,-0.04067712272388053,0.49592754427725144
6.414141414141414,73.88888888888889,0.46089452295788674,-0.008665916579554251,0.4609759857115572
6.414141414141414,74.0909090909091,0.3140767227586887,0.01751953332516411,0.31456497234557085
6.414141414141414,74.29292929292929,0.20795405190679842,0.03991738733372345,0.2117505266014843
6.414141414141414,74.4949494949495,0.43935754017593986,0.09248338962707232,0.4489857742360725
6.414141414141414,74.6969696969697,0.20114562282155538,-0.09106403891075968,0.22079905063883715
6.414141414141414,74.8989898989899,0.3100890703407458,-0.038960615382360536,0.31252705658192254
6.414141414141414,75.1010101010101,0.24438058830668227,0.02069698726873029,0.24525545299365337
6.414141414141414,75.3030303030303,0.15686402521325202,0.08235981023967326,0.17717071075326968
6.414141414141414,75.5050505050505,0.3087345744290105,-0.2563767789885937,0.40130548245996894
6.414141414141414,75.70707070707071,0.3791895205450371,-0.22427101984391476,0.4405475942880686
6.414141414141414,75.9090909090909,0.3283639255100015,-0.19141370325144152,0.38008166670962795
6.414141414141414,76.11111111111111,0.4032766646742459,-0.14320911852036025,0.42794966981896687
6.414141414141414,76.31313131313131,0.4590269895477429,-0.11883338581187335,0.47415941487729335
6.414141414141414,76.51515151515152,0.4314302976130535,-0.21893584232703958,0.4838026506272349
6.414141414141414,76.71717171717171,0.5475280134641367,-0.05852520993051839,0.5506470064618486
6.414141414141414,76.91919191919192,0.2885013529880893,-0.13213738225029534,0.3173221052242008
6.414141414141414,77.12121212121212,0.6242330119321745,-0.14295972431748008,0.640393891259781
6.414141414141414,77.32323232323232,0.3579095830199662,0.42663809199552893,0.5568835885165871
6.414141414141414,77.52525252525253,0.23117494410043904,-0.14072277557424012,0.27063768094106755
6.414141414141414,77.72727272727272,0.4900401701922418,-0.11553003239330006,0.5034744847426116
6.414141414141414,77.92929292929293,0.5031175568847686,0.014977122402223432,0.5033404317568275
6.414141414141414,78.13131313131314,0.44475278249649647,0.0036695641609247945,0.444767920650205
6.414141414141414,78.33333333333333,0.49847311879400485,-0.06707082884707502,0.5029651541035977
6.414141414141414,78.53535353535354,0.6734329649450185,-0.17448013157393677,0.6956689403650969
6.414141414141414,78.73737373737373,0.7710218939714393,-0.26414775699389237,0.8150146001810089
6.414141414141414,78.93939393939394,0.639252940513008,0.17336664182488518,0.6623445587095627
6.414141414141414,79.14141414141415,0.57105884868064,-0.1901298424217519,0.6018783644855316
6.414141414141414,79.34343434343434,0.6579242009070695,-0.023912084633015307,0.6583585967622071
6.414141414141414,79.54545454545455,0.7673375673763979,-0.06079313511194854,0.7697420006624737
6.414141414141414,79.74747474747474,0.575468318831963,0.02902135240298386,0.5761996397730426
6.414141414141414,79.94949494949495,0.4994724701202464,0.021369561136889773,0.499929401567065
6.414141414141414,80.15151515151516,0.07424120884904871,0.20320079906361316,0.21633844279614053
6.414141414141414,80.35353535353535,0.6378521426227032,0.16918356984014357,0.6599078997498272
6.414141414141414,80.55555555555556,0.29802329352211365,0.1862486205531495,0.3514348191908692
6.414141414141414,80.75757575757575,0.5211189911186708,0.19672083625982753,0.5570135459064772
6.414141414141414,80.95959595959596,0.3995924648396602,0.2369436265826376,0.46456045907370064
6.414141414141414,81.16161616161617,0.23286510615424322,0.1866099067525718,0.29841148597604367
6.414141414141414,81.36363636363636,0.3422813356775012,0.1580723038639162,0.3770190525716446
6.414141414141414,81.56565656565657,0.3780595513145006,0.36247573067696487,0.5237534531341259
6.414141414141414,81.76767676767676,0.2152119298183947,0.22509589931536542,0.31142308621030457
6.414141414141414,81.96969696969697,0.13708720872153976,0.18242305159625996,0.2281908686796094
6.414141414141414,82.17171717171718,0.08440919985445286,0.2919368575221367,0.3038947873853208
6.414141414141414,82.37373737373737,0.2642996532172767,0.23847095534856713,0.3559813242792816
6.414141414141414,82.57575757575758,0.17572599032128203,0.0529619866543113,0.183533636439664
6.414141414141414,82.77777777777777,0.2439249674448633,0.11819821741448135,0.2710538845745226
6.414141414141414,82.97979797979798,0.2566851572056698,0.1382269262629946,0.29153722416496797
6.414141414141414,83.18181818181819,0.1256078544186471,0.026700625782153625,0.12841439369795993
6.414141414141414,83.38383838383838,0.12579537009519154,-0.2382156581442576,0.26939037644742997
6.414141414141414,83.58585858585859,0.04848771911569628,0.25806397888447397,0.26257965668103245
6.414141414141414,83.78787878787878,-0.5679825060147754,0.030055041882898603,0.5687771379735714
6.414141414141414,83.98989898989899,0.17007296766791338,0.1352299385420868,0.21728311165267236
6.414141414141414,84.1919191919192,-0.29264984213735173,0.07013485876328074,0.3009365855404793
6.414141414141414,84.39393939393939,0.288507086243018,0.24031241799924533,0.3754815535510103
6.414141414141414,84.5959595959596,0.03856687505935947,0.03028113266213254,0.049034180396392
6.414141414141414,84.79797979797979,0.2736188234727751,0.09170634798984013,0.28857809137261153
6.414141414141414,85.0,0.1584048775686848,0.015310490639399772,0.1591430688442609
6.616161616161616,65.0,0.14645428758429987,0.25608393743100494,0.29500481582847365
6.616161616161616,65.20202020202021,0.11585106756256203,0.3074925524955684,0.32859266531014536
6.616161616161616,65.4040404040404,0.3667084845557425,0.23501051764625888,0.4355514390396751
6.616161616161616,65.60606060606061,-0.9730974453156883,0.0808507204379887,0.9764504478340214
6.616161616161616,65.8080808080808,0.2934414075552064,0.42701215143690796,0.5181189411156067
6.616161616161616,66.01010101010101,0.33102569381035263,0.13161994218047846,0.3562328159255093
6.616161616161616,66.21212121212122,0.6777138677258128,0.22409871756649674,0.7138041199956953
6.616161616161616,66.41414141414141,0.23430832627820553,0.26192485507920044,0.35143281217261735
6.616161616161616,66.61616161616162,0.1479588934878049,0.13881838515236333,0.20288513552856818
6.616161616161616,66.81818181818181,1.5042039092108481,0.2949820599160732,1.532854792913382
6.616161616161616,67.02020202020202,0.144865033715951,0.33512165685955875,0.36509232105019607
6.616161616161616,67.22222222222223,0.6289554757797812,0.25330821127574965,0.6780487006204574
6.616161616161616,67.42424242424242,0.1992528640283761,0.28101838648115207,0.34448953157386464
6.616161616161616,67.62626262626263,0.6495129305755152,0.41498774909761177,0.7707670717446979
6.616161616161616,67.82828282828282,0.7085942594258772,0.22844463197590828,0.7445084112150215
6.616161616161616,68.03030303030303,1.169452078988951,0.0725737556985996,1.1717018029634416
6.616161616161616,68.23232323232324,0.6820729999658405,0.1622518504187996,0.7011057268677285
6.616161616161616,68.43434343434343,0.7468449935937252,0.11281318202000144,0.7553173230460755
6.616161616161616,68.63636363636364,0.8945428075432216,0.17918403888969456,0.9123123118319366
6.616161616161616,68.83838383838383,0.7842275989111179,-0.033458735496714506,0.7849410257305554
6.616161616161616,69.04040404040404,0.8014953812497897,0.16102150239036422,0.817510104155781
6.616161616161616,69.24242424242425,0.8074744122931351,0.017730362536931624,0.8076690487222071
6.616161616161616,69.44444444444444,0.7706660944772307,0.06797077303783672,0.7736577118882413
6.616161616161616,69.64646464646465,0.7341948829072475,0.07961094789106574,0.7384984963500609
6.616161616161616,69.84848484848484,0.6223119588178648,0.6566587161734023,0.9046948897911543
6.616161616161616,70.05050505050505,0.8239637164841687,-0.09475733065579069,0.8293944524744631
6.616161616161616,70.25252525252526,0.6989856480003626,-0.08899761414841159,0.7046286337033121
6.616161616161616,70.45454545454545,0.7606150654391607,-0.3705221433123934,0.8460626078830269
6.616161616161616,70.65656565656566,0.6565356717623068,-0.005422811355231631,0.6565580668755642
6.616161616161616,70.85858585858585,0.6719762019576366,-0.10859515349522603,0.680694441992927
6.616161616161616,71.06060606060606,0.7333348018382524,-0.054191640082786666,0.7353343902212184
6.616161616161616,71.26262626262626,0.8071127637952925,-0.40478202834950816,0.902928293917085
6.616161616161616,71.46464646464646,0.6666268326997131,-0.16284449709971321,0.6862285802201114
6.616161616161616,71.66666666666667,0.44407311463872723,-0.09411768603599834,0.45393729739878275
6.616161616161616,71.86868686868686,0.4779289660543767,-0.2229240068881369,0.5273625028771648
6.616161616161616,72.07070707070707,0.5517804369527689,-0.057842617605477015,0.5548039464668957
6.616161616161616,72.27272727272727,0.6717341134553544,-0.09792897020528507,0.6788348859517449
6.616161616161616,72.47474747474747,0.48299562769029447,-0.08089150509234819,0.4897225867407454
6.616161616161616,72.67676767676768,0.20780147584932493,-0.04435065033412805,0.21248160755749582
6.616161616161616,72.87878787878788,0.6706600076606128,-0.10010194428540592,0.6780894079139209
6.616161616161616,73.08080808080808,0.20907160285759668,-0.11678019532616911,0.23947557107534548
6.616161616161616,73.28282828282828,0.3517580115105715,-0.023589734071389243,0.35254811617058773
6.616161616161616,73.48484848484848,0.36693335965348006,-0.08023653750326057,0.37560350421302285
6.616161616161616,73.68686868686869,0.26257777877473715,-0.08233411001595847,0.2751835670573277
6.616161616161616,73.88888888888889,0.2756298051354706,-0.08704454775685144,0.2890476479288705
6.616161616161616,74.0909090909091,0.3034613777495063,-0.03435638194578302,0.3054000143517238
6.616161616161616,74.29292929292929,0.2706965304052004,0.06451643410364519,0.2782786047163231
6.616161616161616,74.4949494949495,0.08115872484317938,-0.07836643566257956,0.1128186015541237
6.616161616161616,74.6969696969697,0.15796832369550087,0.006199668823433329,0.15808993384996653
6.616161616161616,74.8989898989899,0.22306524555042576,0.053369678865403836,0.2293609086018541
6.616161616161616,75.1010101010101,0.20108641519344667,0.16544501190956842,0.26039930556955876
6.616161616161616,75.3030303030303,0.38536462542325195,0.11666959423282687,0.40263840942718787
6.616161616161616,75.5050505050505,0.3236017266595531,-0.027161856979723828,0.3247396556807177
6.616161616161616,75.70707070707071,0.46811856117960804,-0.18676157974501606,0.5039988839171377
6.616161616161616,75.9090909090909,0.001014102785199287,-0.0334728887908355,0.03348824701985145
6.616161616161616,76.11111111111111,0.40462089369369325,-0.1033977254934055,0.4176232240317732
6.616161616161616,76.31313131313131,0.40665861772337825,-0.12628893073690134,0.4258170092837515
6.616161616161616,76.51515151515152,0.44918854726675955,-0.24470145056934797,0.511516520658292
6.616161616161616,76.71717171717171,0.5626393962827397,-0.10265760637473216,0.5719280325320619
6.616161616161616,76.91919191919192,0.4291393377495848,-0.12886172194270748,0.4480690957722836
6.616161616161616,77.12121212121212,0.4467549553118956,-0.16316516809567747,0.4756183997444007
6.616161616161616,77.32323232323232,0.5393863208258713,-0.22116604845374385,0.5829682873730899
6.616161616161616,77.52525252525253,0.5016228041789905,-0.20205852087606418,0.5407893152892508
6.616161616161616,77.72727272727272,0.5484573482876808,-0.09360363849941448,0.5563875484148467
6.616161616161616,77.92929292929293,0.38750969489137593,-0.21179268552160374,0.44161058102728945
6.616161616161616,78.13131313131314,0.5477638523512078,-0.004924219092801866,0.5477859854690604
6.616161616161616,78.33333333333333,0.6246732980877047,-0.09517447442987864,0.6318820379839689
6.616161616161616,78.53535353535354,0.6788690246463001,-0.2074896932926112,0.709869794713707
6.616161616161616,78.73737373737373,0.5346519125645134,-0.10331688642019203,0.5445429704150582
6.616161616161616,78.93939393939394,0.537030321525655,0.0892223343855401,0.5443915789127837
6.616161616161616,79.14141414141415,0.5924341300653228,-0.10292301955413598,0.6013080295658764
6.616161616161616,79.34343434343434,0.6228041295341741,0.05778990638397115,0.625479541667582
6.616161616161616,79.54545454545455,0.5815844739720462,-0.003545595959458093,0.581595281631522
6.616161616161616,79.74747474747474,0.6507088014573478,0.2984954641637087,0.7159060597734636
6.616161616161616,79.94949494949495,0.5677110179553307,0.10846948458702346,0.5779804745789017
6.616161616161616,80.15151515151516,0.6474147060008599,0.08418308785941912,0.6528649123882571
6.616161616161616,80.35353535353535,0.3861381651537531,-0.0887277166253652,0.39620107304985713
6.616161616161616,80.55555555555556,0.6774940402932762,0.05633192726969953,0.6798319356008705
6.616161616161616,80.75757575757575,0.6742396236984143,0.15959411897322298,0.6928703724188375
6.616161616161616,80.95959595959596,0.1498152510869265,0.11837799615011749,0.1909396748472042
6.616161616161616,81.16161616161617,0.5395283972579059,0.09884538220324258,0.5485082506495138
6.616161616161616,81.36363636363636,0.4046644439236115,0.05385735638231139,0.4082326873395821
6.616161616161616,81.56565656565657,0.5891608033570501,0.22256459493834338,0.6297979446873366
6.616161616161616,81.76767676767676,0.2561057812909195,0.19537093562412583,0.32211794997683474
6.616161616161616,81.96969696969697,0.3961921283960499,0.15222554452147477,0.4244299930587512
6.616161616161616,82.17171717171718,0.3277066457006784,0.2545946406651119,0.41498201972108073
6.616161616161616,82.37373737373737,-0.23038062545185087,-0.022435573220313126,0.23147048954307337
6.616161616161616,82.57575757575758,0.23969299359894783,0.14794818746907237,0.2816760503766854
6.616161616161616,82.77777777777777,0.2702918123079496,0.08945370624800095,0.28470972825356616
6.616161616161616,82.97979797979798,0.01600365460307617,0.11315650056741405,0.11428259089344159
6.616161616161616,83.18181818181819,-0.07783663042344555,0.12424547451623189,0.1466133656030025
6.616161616161616,83.38383838383838,0.07966114992764342,0.18069120665923252,0.19747205111550334
6.616161616161616,83.58585858585859,0.15443638668058643,-0.08169365915856656,0.17471248231786893
6.616161616161616,83.78787878787878,0.23042854866273588,0.22524615437864187,0.32223151009977563
6.616161616161616,83.98989898989899,-0.10943607986741193,0.1515737410115574,0.18695147643435514
6.616161616161616,84.1919191919192,0.08675319168220796,0.02934759192693245,0.09158273537605037
6.616161616161616,84.39393939393939,0.14422820043831436,0.006491593088695024,0.14437421716672189
6.616161616161616,84.5959595959596,0.06746185728688436,0.1631738074896141,0.1765695150337498
6.616161616161616,84.79797979797979,-0.06672305155945825,-0.10029022677465538,0.12045785651387761
6.616161616161616,85.0,0.17611927989584394,0.30285896195486695,0.35034490375544236
6.818181818181818,65.0,0.031108590426503564,0.26928430801524206,0.27107523483633045
6.818181818181818,65.20202020202021,0.3330166612348632,0.17925586500119914,0.3781967236734657
6.818181818181818,65.4040404040404,-0.04142461638574153,0.23572154050430327,0.23933374918809033
6.818181818181818,65.60606060606061,0.354068860500563,0.40261467336853457,0.5361560716692658
6.818181818181818,65.8080808080808,0.039850961963567154,0.3432250196714316,0.34553077040674146
6.818181818181818,66.01010101010101,0.17497182752814675,0.4948823363311029,0.5249034837387445
6.818181818181818,66.21212121212122,0.17241748980603383,0.37283109895965694,0.4107685712691263
6.818181818181818,66.41414141414141,0.30936716035183254,0.23553294586559564,0.3888236213147062
6.818181818181818,66.61616161616162,0.338379918944887,0.28797059287138793,0.4443287430538868
6.818181818181818,66.81818181818181,0.3856822934070826,0.37616655584308445,0.5387505073617985
6.818181818181818,67.02020202020202,0.6020738336498435,0.17608047710305408,0.6272935800585389
6.818181818181818,67.22222222222223,0.6622875938919586,-0.02164973709655416,0.662641357100166
6.818181818181818,67.42424242424242,0.5262754843025681,0.09177947300985519,0.5342184544209132
6.818181818181818,67.62626262626263,0.576605131115291,0.19989977670798392,0.6102732158274552
6.818181818181818,67.82828282828282,0.5100838801979372,0.13398251964074337,0.5273868413290814
6.818181818181818,68.03030303030303,0.6328903030900129,0.45502948535697535,0.7794882733496394
6.818181818181818,68.23232323232324,0.613704617421399,0.07526433095444876,0.6183025771888441
6.818181818181818,68.43434343434343,0.544998840277808,0.22934680082524947,0.5912898535853057
6.818181818181818,68.63636363636364,0.9020691746304191,-0.026015889777381684,0.902444248881511
6.818181818181818,68.83838383838383,0.48618269933106095,0.0822734854818777,0.493094862619936
6.818181818181818,69.04040404040404,0.6160235408758324,-0.04278277050157374,0.6175073832473493
6.818181818181818,69.24242424242425,0.8424272463432553,-0.03639715783374463,0.8432131512730658
6.818181818181818,69.44444444444444,0.6269181910661042,0.042682535635472696,0.6283694909349672
6.818181818181818,69.64646464646465,0.8954754635483814,0.08861684996300107,0.89984957182551
6.818181818181818,69.84848484848484,0.9132788632918847,-0.017789727011109698,0.9134521095946119
6.818181818181818,70.05050505050505,0.8380420423632058,-0.14719881722484707,0.8508712925940604
6.818181818181818,70.25252525252526,0.6026258828844167,-0.08956185882829126,0.609244845098423
6.818181818181818,70.45454545454545,0.8041407726251819,-0.16531508646119375,0.8209576481219336
6.818181818181818,70.65656565656566,0.7928757760297374,-0.2323616726139173,0.8262226958361139
6.818181818181818,70.85858585858585,0.8941449924756903,-0.11009913348428077,0.9008979335992184
6.818181818181818,71.06060606060606,0.8049819733043914,-0.11675069694750251,0.8134043905602917
6.818181818181818,71.26262626262626,0.46180700070875164,-0.13232781465613655,0.4803918779863808
6.818181818181818,71.46464646464646,0.5315367465369379,-0.256784383253927,0.590313079985674
6.818181818181818,71.66666666666667,0.5399096696290124,-0.12527197200352344,0.5542522154475893
6.818181818181818,71.86868686868686,0.6887515591563768,-0.08500918104990417,0.6939778606721654
6.818181818181818,72.07070707070707,0.49338483713671266,-0.11844528135729754,0.5074030766483683
6.818181818181818,72.27272727272727,0.6196150221081003,-0.10911446768200901,0.6291492213136322
6.818181818181818,72.47474747474747,0.3794003776794129,0.0032961559522996084,0.3794146955869568
6.818181818181818,72.67676767676768,0.55129246577555,-0.11187974517309571,0.5625304082455301
6.818181818181818,72.87878787878788,0.37475743411224294,-0.1290166453340852,0.39634382699324744
6.818181818181818,73.08080808080808,0.357968736196528,-0.10574415232601746,0.3732605549013818
6.818181818181818,73.28282828282828,0.507157282580811,-0.17688676052438784,0.5371195726498568
6.818181818181818,73.48484848484848,0.4656001832055325,-0.07298601877900665,0.4712859954828224
6.818181818181818,73.68686868686869,0.49737294775045615,-0.022170324187421625,0.49786682198008875
6.818181818181818,73.88888888888889,-0.010416474857677594,-0.031175544525165157,0.032869705275544905
6.818181818181818,74.0909090909091,0.5129884151076534,-0.1518504043616615,0.5349912703394909
6.818181818181818,74.29292929292929,0.4108440226420295,-0.021244275068393634,0.4113929145766441
6.818181818181818,74.4949494949495,0.3184115577594418,0.0077699018410078875,0.31850634450417664
6.818181818181818,74.6969696969697,0.37610582635946543,-0.04722391063907254,0.37905895367024833
6.818181818181818,74.8989898989899,0.24576123161946337,-0.044907897679796555,0.24983054705366714
6.818181818181818,75.1010101010101,0.26975222931528814,-0.02563715947803059,0.2709677640729055
6.818181818181818,75.3030303030303,0.38965896082629714,-0.05354790913850061,0.39332109570341495
6.818181818181818,75.5050505050505,0.4464262862018902,-0.09710327243597458,0.45686483179359194
6.818181818181818,75.70707070707071,0.562414391390102,-0.11646621773470717,0.5743468703807195
6.818181818181818,75.9090909090909,0.42872296592738196,0.034844385346270546,0.4301366209749299
6.818181818181818,76.11111111111111,0.3502104161476004,-0.02562806412211724,0.3511468827270474
6.818181818181818,76.31313131313131,0.19424564498943736,-0.21044404800923075,0.2863879675193669
6.818181818181818,76.51515151515152,0.45512411611640463,-0.10660567168041213,0.4674427561800165
6.818181818181818,76.71717171717171,0.5352391166262201,-0.12814871708005895,0.5503662468357607
6.818181818181818,76.91919191919192,0.33471545485749904,-0.07207536787875228,0.34238763759125407
6.818181818181818,77.12121212121212,0.6291521596185888,-0.2899789532376889,0.6927627539595067
6.818181818181818,77.32323232323232,0.3923688289522439,-0.17528259183002046,0.4297409509599996
6.818181818181818,77.52525252525253,0.6372536971283103,-0.035659665833268385,0.638250645335389
6.818181818181818,77.72727272727272,0.4591377324191175,-0.12203358763952823,0.475078576493556
6.818181818181818,77.92929292929293,0.42334885419892776,-0.08202733522740957,0.4312223742757961
6.818181818181818,78.13131313131314,0.6002684772346638,-0.21457423779385287,0.637467135063789
6.818181818181818,78.33333333333333,0.7316313825944248,-0.04118831659322984,0.7327898453313977
6.818181818181818,78.53535353535354,0.8803905833139949,-0.030039027169881768,0.8809029017668571
6.818181818181818,78.73737373737373,0.4885227284495758,-0.058382346604206575,0.49199893760742175
6.818181818181818,78.93939393939394,0.713705379863573,0.08750815455109145,0.7190501000341664
6.818181818181818,79.14141414141415,0.5827975850783583,-0.1302955308025632,0.5971850220160315
6.818181818181818,79.34343434343434,0.5731721127106015,-0.03715927802671856,0.5743753848595894
6.818181818181818,79.54545454545455,0.6969652551637733,-0.03583436154098396,0.6978858562634391
6.818181818181818,79.74747474747474,0.6405329504738798,0.18103010235364578,0.6656232858013197
6.818181818181818,79.94949494949495,0.563448266122563,0.14181165110400076,0.5810202173637037
6.818181818181818,80.15151515151516,0.6847330477645829,0.14371329349605536,0.6996519544948459
6.818181818181818,80.35353535353535,0.4658633639076657,0.18392760028795976,0.500857301014025
6.818181818181818,80.55555555555556,0.516725803540393,0.1955704368311236,0.5524973771944817
6.818181818181818,80.75757575757575,0.5105941133483486,0.26192470811323837,0.5738561677861372
6.818181818181818,80.95959595959596,0.36019901239828006,0.3358286973400507,0.4924675039937272
6.818181818181818,81.16161616161617,0.3492505281285826,0.3808907576650123,0.5167723876840954
6.818181818181818,81.36363636363636,0.19002067128421635,0.0600583367383344,0.19928587337560927
6.818181818181818,81.56565656565657,0.1396900358984917,0.15142307184343068,0.20601517617841328
6.818181818181818,81.76767676767676,0.2715400047664722,0.116781480651431,0.2955873617252881
6.818181818181818,81.96969696969697,0.27902044978003393,0.09802897052620196,0.2957399033912729
6.818181818181818,82.17171717171718,0.26173336762263344,0.18970700193117288,0.32325392852802054
6.818181818181818,82.37373737373737,0.2563857392094907,0.12950104892750233,0.28723538943403254
6.818181818181818,82.57575757575758,0.3598334011215469,0.03315438113889385,0.36135756467992075
6.818181818181818,82.77777777777777,0.18126428251967422,0.07162021906141088,0.19490047689981868
6.818181818181818,82.97979797979798,0.011789349228641471,0.3020487958566498,0.30227878495469535
6.818181818181818,83.18181818181819,0.09364308612361574,0.2296976125379956,0.2480524557113073
6.818181818181818,83.38383838383838,0.030087923998378216,-0.01401371370923425,0.033191374518940366
6.818181818181818,83.58585858585859,0.15919218923792777,0.09710405184712391,0.18647077518874944
6.818181818181818,83.78787878787878,0.2007259670086734,0.02041022840445688,0.2017609755504992
6.818181818181818,83.98989898989899,0.07427314853609841,0.13881654638188187,0.1574373975358412
6.818181818181818,84.1919191919192,0.020276410096863495,0.001905197531469646,0.02036572080850825
6.818181818181818,84.39393939393939,0.011321765556019586,0.1972495564415414,0.19757421363044902
6.818181818181818,84.5959595959596,0.09312444649390733,0.1032679514738323,0.13905550092102933
6.818181818181818,84.79797979797979,-0.017577517791841475,0.1042540004589078,0.10572542619166145
6.818181818181818,85.0,-0.06392531819242452,0.08379919488401041,0.10539806150594554
7.020202020202021,65.0,3.708977994682644e-05,0.20806393991635277,0.20806394322219174
7.020202020202021,65.20202020202021,0.2624951259813398,0.2346818513862437,0.3521068907789713
7.020202020202021,65.4040404040404,-0.1546433873839969,0.2607596856047093,0.3031669356942867
7.020202020202021,65.60606060606061,0.017823886584193913,0.27927771603282664,0.27984591046766855
7.020202020202021,65.8080808080808,0.3303497636705252,0.28735521630973093,0.4378401382897462
7.020202020202021,66.01010101010101,0.30334418563864446,0.5882827856748422,0.6618869472063372
7.020202020202021,66.21212121212122,0.20609970515207768,0.17323061363554298,0.2692321191171665
7.020202020202021,66.41414141414141,0.1512179713745869,0.3171413666382225,0.3513481482800284
7.020202020202021,66.61616161616162,0.5140816575441387,0.19925567131725433,0.5513463277971649
7.020202020202021,66.81818181818181,0.2576154978219397,0.26689393754402657,0.37094220387521365
7.020202020202021,67.02020202020202,0.3624560766822945,0.516186038414971,0.6307316654318723
7.020202020202021,67.22222222222223,0.5858578122774786,0.15949869871831476,0.6071813659026346
7.020202020202021,67.42424242424242,0.6532920458470036,0.03929809054571176,0.6544729460317688
7.020202020202021,67.62626262626263,0.5480054659721063,0.16469239300789035,0.5722181184216126
7.020202020202021,67.82828282828282,0.5492420084765118,0.15551463615992406,0.5708341142006723
7.020202020202021,68.03030303030303,0.8138505968412866,0.17639896201355568,0.8327480938305282
7.020202020202021,68.23232323232324,0.8325750636365838,0.26374655990715906,0.8733518674923196
7.020202020202021,68.43434343434343,0.9197884303456078,0.0650558270532052,0.9220862309085921
7.020202020202021,68.63636363636364,0.8466248060877737,0.11935777176832124,0.8549969824301481
7.020202020202021,68.83838383838383,0.7856132651611897,0.03185775643815611,0.7862589389269279
7.020202020202021,69.04040404040404,0.6798209884139116,-0.014122399090614215,0.6799676598516596
7.020202020202021,69.24242424242425,0.6043875570046948,0.3445469261162555,0.6956988596787145
7.020202020202021,69.44444444444444,0.7427890474497356,0.05392619578302603,0.7447439852747485
7.020202020202021,69.64646464646465,0.6990038494989491,0.05815902536245223,0.7014191712845179
7.020202020202021,69.84848484848484,0.7898879396316388,-0.0027472895644079717,0.7898927172568856
7.020202020202021,70.05050505050505,0.8245815416067906,0.01182476903094393,0.8246663227762284
7.020202020202021,70.25252525252526,0.8074764685033697,-0.0300729504548373,0.8080362798388031
7.020202020202021,70.45454545454545,0.7208963174161818,-0.12281344418390056,0.7312828744996867
7.020202020202021,70.65656565656566,0.7680937149113141,-0.2793741430200432,0.8173235997292911
7.020202020202021,70.85858585858585,0.5872812838451623,-0.2109655396447287,0.6240238499227523
7.020202020202021,71.06060606060606,0.7440847244301583,-0.0374399683388453,0.7450260588459429
7.020202020202021,71.26262626262626,0.8922734599616384,-0.1360793277041281,0.902590444653787
7.020202020202021,71.46464646464646,0.7940542027153068,-0.18423764279314284,0.8151475853315246
7.020202020202021,71.66666666666667,0.7038001150229071,-0.18595694755557507,0.7279523255340586
7.020202020202021,71.86868686868686,0.7860256519678644,-0.18970355282692386,0.8085936949461477
7.020202020202021,72.07070707070707,0.18185838031887674,-0.1104383522038067,0.21276536402736532
7.020202020202021,72.27272727272727,0.48202405684463795,-0.018660749769182482,0.48238513136176864
7.020202020202021,72.47474747474747,0.42671738167950635,-0.12567752156371256,0.4448399299229004
7.020202020202021,72.67676767676768,0.3616587115208353,-0.11060088605863125,0.378192516604791
7.020202020202021,72.87878787878788,0.546739815062341,0.09456559335651735,0.5548577086256197
7.020202020202021,73.08080808080808,0.30025823920464,-0.08413369941678418,0.3118228496884483
7.020202020202021,73.28282828282828,0.5541163964549142,-0.20608781213000468,0.5911997692224784
7.020202020202021,73.48484848484848,0.5904165032600308,0.0097222751311033,0.5904965452528295
7.020202020202021,73.68686868686869,0.4838755538474319,0.00520491301140601,0.4839035469291533
7.020202020202021,73.88888888888889,0.235726337370162,-0.10024265633050576,0.25615521911166933
7.020202020202021,74.0909090909091,0.13876265054146067,-0.025451607725476555,0.14107748764811157
7.020202020202021,74.29292929292929,0.22303150006287478,0.07434079053930927,0.2350948811826952
7.020202020202021,74.4949494949495,-0.20873968547517388,-0.1453799465395828,0.25437685654973896
7.020202020202021,74.6969696969697,0.49996945859133013,-0.11107933662719059,0.5121602078936283
7.020202020202021,74.8989898989899,0.21803961406983102,0.06553894647198327,0.22767658379459743
7.020202020202021,75.1010101010101,0.18500292264386703,0.014725214616998033,0.18558802044391037
7.020202020202021,75.3030303030303,0.5519180770597372,0.025082942852835632,0.5524877535361997
7.020202020202021,75.5050505050505,0.20427435995214846,-0.14872108920467603,0.2526776137850069
7.020202020202021,75.70707070707071,0.46309896643221604,0.1699475970830293,0.4932979205965523
7.020202020202021,75.9090909090909,0.5860138275798682,-0.11225585644127377,0.5966687384304388
7.020202020202021,76.11111111111111,0.31182511054062095,-0.0917545685959118,0.3250443053214321
7.020202020202021,76.31313131313131,0.37075824998633505,-0.1059237033936229,0.38559241547721074
7.020202020202021,76.51515151515152,0.41677150438936694,-0.18919477908926194,0.4577042181426896
7.020202020202021,76.71717171717171,0.449290854371833,-0.20031404064534136,0.49192274464781066
7.020202020202021,76.91919191919192,0.34892380385735344,-0.14610230161388169,0.3782772837947826
7.020202020202021,77.12121212121212,0.6890675615781654,-0.013268387019924522,0.6891952949007917
7.020202020202021,77.32323232323232,0.23311513215071505,0.1789290128846539,0.2938677534019716
7.020202020202021,77.52525252525253,0.5043293121039953,-0.11963668739809624,0.5183251798040289
7.020202020202021,77.72727272727272,0.5253358787018579,-0.14280715897615728,0.5444002848146707
7.020202020202021,77.92929292929293,0.49619993966695614,-0.10405936488645876,0.5069938180550765
7.020202020202021,78.13131313131314,0.5748284905633806,0.029072586688798016,0.575563210134345
7.020202020202021,78.33333333333333,0.3661288966219993,-0.025125360171534404,0.3669899898708301
7.020202020202021,78.53535353535354,0.6168784157326073,0.001656327167214722,0.6168806393593953
7.020202020202021,78.73737373737373,0.22739696219719602,-0.296897421646298,0.37397520960183
7.020202020202021,78.93939393939394,0.6326702242155505,-0.06282716282925056,0.6357820892398025
7.020202020202021,79.14141414141415,0.5762678502574413,-0.008471261414889558,0.5763301115769436
7.020202020202021,79.34343434343434,0.7033106499610561,0.17086187904875938,0.7237676782370956
7.020202020202021,79.54545454545455,0.5409528856060688,0.07303746003047243,0.545861241537843
7.020202020202021,79.74747474747474,0.46504042271915674,0.04692650657406213,0.46740206651453464
7.020202020202021,79.94949494949495,0.6332084898257111,0.1515726361990559,0.6510969633101424
7.020202020202021,80.15151515151516,0.48964633427772986,0.054496097775478855,0.49266962291618194
7.020202020202021,80.35353535353535,0.8709393207141216,0.13564530361749996,0.8814391350283123
7.020202020202021,80.55555555555556,0.48676108509879173,0.12391269989458933,0.5022854877076578
7.020202020202021,80.75757575757575,0.5492105222264834,0.16107829408582394,0.5723446641228394
7.020202020202021,80.95959595959596,0.3231581286222289,0.2672321426962159,0.41933780438285284
7.020202020202021,81.16161616161617,0.3094433091020858,0.1575889625123711,0.34725990648759686
7.020202020202021,81.36363636363636,0.476438252689112,0.08766679671216353,0.48443665826527404
7.020202020202021,81.56565656565657,0.38839699394888355,0.13238481916185613,0.41033884199895876
7.020202020202021,81.76767676767676,0.5552806438588275,0.20500088923625737,0.5919138096310393
7.020202020202021,81.96969696969697,0.2453786664849556,0.18008228992952838,0.30436872558165007
7.020202020202021,82.17171717171718,0.23369144025481495,0.08245709698482491,0.24781215081495614
7.020202020202021,82.37373737373737,0.3885490245984554,0.13965639712287037,0.41288527919235873
7.020202020202021,82.57575757575758,0.29759771722405254,0.3907536991483887,0.49117497360423057
7.020202020202021,82.77777777777777,0.19780697681416812,0.13781325363721003,0.24108109207159906
7.020202020202021,82.97979797979798,0.37280971246158007,0.10745846491002539,0.38798763303294237
7.020202020202021,83.18181818181819,0.0983550374250338,0.062164285547864656,0.11635339180512211
7.020202020202021,83.38383838383838,0.3990879699919877,0.06613579514804052,0.4045307790418292
7.020202020202021,83.58585858585859,0.06290771341433925,0.04433902821541946,0.07696317190779238
7.020202020202021,83.78787878787878,0.02628340925053488,0.021106595330554166,0.033709137756384004
7.020202020202021,83.98989898989899,-0.05287345083346723,0.04963304848701886,0.07251924782534525
7.020202020202021,84.1919191919192,0.12066566082529895,0.06766177624561467,0.13834130860707408
7.020202020202021,84.39393939393939,0.17165249468008714,-0.02148227092656535,0.1729915226074957
7.020202020202021,84.5959595959596,-0.03313927177283697,0.023256199852909026,0.04048533271732363
7.020202020202021,84.79797979797979,-0.010414520087938563,0.1677015023118676,0.16802456994832454
7.020202020202021,85.0,-0.10511525045978759,0.04020672770243246,0.11254242236490836
7.222222222222222,65.0,0.12011109476117635,0.14205123723713597,0.18602480771480284
7.222222222222222,65.20202020202021,0.0029783218855750256,-0.05774108428659399,0.0578178451331909
7.222222222222222,65.4040404040404,0.10934735016486788,0.18922263736282183,0.21854530303490902
7.222222222222222,65.60606060606061,0.16290615874712977,0.18331337748506618,0.24523908930414706
7.222222222222222,65.8080808080808,0.20911869370792838,0.40483990705313977,0.45565993723489145
7.222222222222222,66.01010101010101,0.17771506723553013,0.30381233768946425,0.3519724160426014
7.222222222222222,66.21212121212122,-0.5589544036049935,0.2495038980749979,0.6121129147992491
7.222222222222222,66.41414141414141,0.3608833032684082,0.30584987755116444,0.47305486592569806
7.222222222222222,66.61616161616162,0.3156435483503244,0.30247196095689527,0.43717289117727
7.222222222222222,66.81818181818181,0.4174946552761526,0.5889112582943672,0.7218852106325551
7.222222222222222,67.02020202020202,0.5027942565726031,0.17380563795774706,0.5319872782579449
7.222222222222222,67.22222222222223,0.46962723320615274,0.1627295085902097,0.4970217612286984
7.222222222222222,67.42424242424242,0.49042464263163965,0.1794503224206704,0.5222248063020887
7.222222222222222,67.62626262626263,0.5183190865399948,0.1808806312461969,0.5489740232758534
7.222222222222222,67.82828282828282,0.5127347124800659,0.18518744278810323,0.5451525239310672
7.222222222222222,68.03030303030303,0.7424078628868427,0.43018400976716176,0.8580371303944617
7.222222222222222,68.23232323232324,0.6192707885044344,0.29664256086534246,0.6866535650614889
7.222222222222222,68.43434343434343,1.0778896524566626,0.08632730595603309,1.0813410685934255
7.222222222222222,68.63636363636364,0.7800869850980423,0.15302102717678512,0.794953545232419
7.222222222222222,68.83838383838383,0.9080737119529216,0.08377412751293323,0.91192980584062
7.222222222222222,69.04040404040404,0.6719379648643343,0.06446544885268159,0.6750232756889211
7.222222222222222,69.24242424242425,0.9961030143533149,-0.03620822330051122,0.9967608793679354
7.222222222222222,69.44444444444444,0.9080628329285345,0.007374386817327258,0.9080927761672412
7.222222222222222,69.64646464646465,0.9193654689176436,-0.05948633696461941,0.9212879515784557
7.222222222222222,69.84848484848484,0.7584143105878938,0.03101651855549077,0.7590482797080916
7.222222222222222,70.05050505050505,0.9201347707232661,-0.2534949976141042,0.9544148522049163
7.222222222222222,70.25252525252526,0.8024284454926396,-0.02668681253227118,0.8028720919915368
7.222222222222222,70.45454545454545,0.7327406648559845,-0.14823429443409353,0.747584301587429
7.222222222222222,70.65656565656566,0.8855583276527852,-0.1206102607803978,0.8937339574396361
7.222222222222222,70.85858585858585,0.9056408425001841,-0.26886555859640127,0.9447084334353103
7.222222222222222,71.06060606060606,0.6977792722791822,-0.005696594485863168,0.6978025250822768
7.222222222222222,71.26262626262626,0.66753359012606,-0.10180258789773666,0.6752517018484758
7.222222222222222,71.46464646464646,0.7217604498814932,-0.13124337752284332,0.7335959181707182
7.222222222222222,71.66666666666667,0.8165103183205387,-0.25976672712984894,0.856835954222079
7.222222222222222,71.86868686868686,0.7907892202261368,-0.22752422891000443,0.8228698958929982
7.222222222222222,72.07070707070707,0.45029814913837796,-0.14165765088549015,0.472054354043943
7.222222222222222,72.27272727272727,0.6863114927650134,-0.1156994184152797,0.6959955607063704
7.222222222222222,72.47474747474747,0.5834913252417112,-0.14019845264509,0.6000981026102364
7.222222222222222,72.67676767676768,0.3824635468808171,-0.1658519415133185,0.41687555840609336
7.222222222222222,72.87878787878788,0.15413350106094745,-0.14272020571916016,0.21006235567046394
7.222222222222222,73.08080808080808,0.17342028862831693,-0.12055409745652056,0.21120579282179977
7.222222222222222,73.28282828282828,0.3580998102109372,-0.01617304702236041,0.35846484000958406
7.222222222222222,73.48484848484848,0.6596478483265232,-0.16795443909097346,0.680693747152253
7.222222222222222,73.68686868686869,0.28481488143526296,0.030601369702100898,0.286454115897516
7.222222222222222,73.88888888888889,0.4605959374975088,-0.16358171846994002,0.4887817470577106
7.222222222222222,74.0909090909091,0.2775715310535803,-0.07203369627514816,0.28676612116930583
7.222222222222222,74.29292929292929,0.3883478556211796,0.08688120201219816,0.3979477355490956
7.222222222222222,74.4949494949495,0.4778829943329231,-0.0062014616237685526,0.4779232306541205
7.222222222222222,74.6969696969697,0.33798565001546055,-0.06157669100618322,0.3435491063758489
7.222222222222222,74.8989898989899,0.2739518901131419,-0.042851998783260875,0.27728312587729453
7.222222222222222,75.1010101010101,0.17068249081309225,0.038077123978508376,0.17487818629158988
7.222222222222222,75.3030303030303,0.36167646352051513,-0.015394433020520893,0.36200394035525335
7.222222222222222,75.5050505050505,0.23076125048058513,0.06117243718792352,0.23873169415658618
7.222222222222222,75.70707070707071,0.149492386337474,-0.004284575293899636,0.1495537734673441
7.222222222222222,75.9090909090909,0.3423364820413839,-0.04540937237394937,0.34533502289207035
7.222222222222222,76.11111111111111,0.603701187507478,-0.13189304032306617,0.6179408530624926
7.222222222222222,76.31313131313131,0.3265236958765888,-0.03825582383502719,0.32875710186428475
7.222222222222222,76.51515151515152,0.41911586896451736,-0.06926215912499037,0.4248003746520687
7.222222222222222,76.71717171717171,0.3763867259346732,-0.09278405177500765,0.3876542889271446
7.222222222222222,76.91919191919192,0.44813677213568615,-0.15911208527407802,0.4755451842048843
7.222222222222222,77.12121212121212,0.3489778835248709,0.00011275410344253889,0.3489779017401907
7.222222222222222,77.32323232323232,0.48414727127703594,-0.09617176450234022,0.4936067144726593
7.222222222222222,77.52525252525253,0.704560982583517,-0.23371892759638072,0.742314431555694
7.222222222222222,77.72727272727272,0.6097748629159008,-0.0940248875747367,0.6169814121410364
7.222222222222222,77.92929292929293,0.44478286834916664,-0.17255558289585318,0.4770819941744184
7.222222222222222,78.13131313131314,0.5486006357638511,-0.18026497381421722,0.5774583260675544
7.222222222222222,78.33333333333333,0.5178589140193737,-0.11808907853407195,0.5311524124941459
7.222222222222222,78.53535353535354,0.6633077829573748,-0.04218791358928851,0.6646480534725466
7.222222222222222,78.73737373737373,0.5964949056167492,-0.01651204487184423,0.596723403305572
7.222222222222222,78.93939393939394,0.37574065696047165,-0.01866462551594998,0.37620394673466345
7.222222222222222,79.14141414141415,0.6641763618121158,-0.18974933597931104,0.6907496290947741
7.222222222222222,79.34343434343434,0.5210467744356276,0.4444874303698161,0.68487868772983
7.222222222222222,79.54545454545455,0.5533959782815372,0.030096277829835507,0.5542137626560624
7.222222222222222,79.74747474747474,0.4798733020692293,0.12352005681586684,0.4955154795509629
7.222222222222222,79.94949494949495,0.5472393093639131,0.13255320970620016,0.5630641305539791
7.222222222222222,80.15151515151516,0.5382164682312656,-0.12408049649592232,0.5523340803227802
7.222222222222222,80.35353535353535,0.6475007356371393,0.026275596724193037,0.6480336485352045
7.222222222222222,80.55555555555556,0.7571401435212588,0.13839832272872937,0.7696851906237496
7.222222222222222,80.75757575757575,0.7610349400277387,0.26871393592980053,0.8070820028385646
7.222222222222222,80.95959595959596,0.44258823441852857,0.19127092564627068,0.4821503004699796
7.222222222222222,81.16161616161617,0.5462403339832079,0.10681478815060083,0.5565859335607973
7.222222222222222,81.36363636363636,0.3858900170794052,0.2738040330822441,0.4731593323750956
7.222222222222222,81.56565656565657,0.3835379409146859,0.18057093969246774,0.42391887948344303
7.222222222222222,81.76767676767676,0.22463210854476098,0.10652936403377783,0.2486123279137751
7.222222222222222,81.96969696969697,0.3069341027609378,0.2993055812957609,0.4287101286795721
7.222222222222222,82.17171717171718,0.298051415115769,0.16484924403661802,0.3406022890585982
7.222222222222222,82.37373737373737,0.021174986847718045,0.21690719799206057,0.21793832294658044
7.222222222222222,82.57575757575758,0.33390714051710024,0.04479158387326429,0.33689800307241685
7.222222222222222,82.77777777777777,0.366736562851455,0.22864571576856396,0.4321742355479074
7.222222222222222,82.97979797979798,0.19316357792542874,0.2586924442119413,0.32285282797166504
7.222222222222222,83.18181818181819,-0.3160316355357627,0.334526177429358,0.46019969366016256
7.222222222222222,83.38383838383838,0.2947957802384355,0.11148179034194419,0.3151709720520485
7.222222222222222,83.58585858585859,-0.07696415725550207,0.12349107853053369,0.1455112640955472
7.222222222222222,83.78787878787878,0.052490679849842806,0.048109907819963,0.07120277172655592
7.222222222222222,83.98989898989899,0.43195209157346526,0.15550572460794476,0.45909110185292556
7.222222222222222,84.1919191919192,0.14683331255629242,0.03287388112251165,0.15046831472542943
7.222222222222222,84.39393939393939,0.007832329033133807,0.14580452514809245,0.14601474217264498
7.222222222222222,84.5959595959596,0.04659760930690234,0.1511999548569002,0.1582174565016369
7.222222222222222,84.79797979797979,-0.0539975172272425,0.08462065870461806,0.10038121211815387
7.222222222222222,85.0,-0.03550686913910113,0.09477255592985795,0.10120560811308485
7.424242424242424,65.0,0.3046022097582563,0.00802451996907831,0.3047078914474433
7.424242424242424,65.20202020202021,-0.009272698142894095,0.4935992510520996,0.49368634128365646
7.424242424242424,65.4040404040404,0.1691891448904563,0.2537609400306706,0.30499111697558245
7.424242424242424,65.60606060606061,0.028000774400798845,0.2578475641922113,0.25936347030162316
7.424242424242424,65.8080808080808,-0.23064242721009753,0.373879122386336,0.43929662801544694
7.424242424242424,66.01010101010101,0.30560376350380875,0.21225747906609985,0.3720845302981403
7.424242424242424,66.21212121212122,0.14772983178730975,0.4210349273141323,0.44620008204652256
7.424242424242424,66.41414141414141,0.4822269264195386,0.3068089200409825,0.5715544785764075
7.424242424242424,66.61616161616162,0.4101432636045967,0.2095012802451995,0.46055215025511204
7.424242424242424,66.81818181818181,0.20965554808032988,0.3002674106141015,0.36621846856454543
7.424242424242424,67.02020202020202,0.4655898848096047,0.23062699092967365,0.519579396995586
7.424242424242424,67.22222222222223,0.4969569555420338,0.18231684127564496,0.5293445440111153
7.424242424242424,67.42424242424242,0.6456933312271412,0.08783457361113418,0.6516400772762926
7.424242424242424,67.62626262626263,0.4404462312835041,0.19871543964455818,0.48319841535850677
7.424242424242424,67.82828282828282,0.5110385466144987,0.22730456425591256,0.5593100759484219
7.424242424242424,68.03030303030303,0.8108146390489783,0.1909290569956912,0.8329911666406726
7.424242424242424,68.23232323232324,0.8777791506187843,0.16821311694942487,0.8937515818027263
7.424242424242424,68.43434343434343,0.5882574432887224,0.16862350030603054,0.611948285756274
7.424242424242424,68.63636363636364,0.6466794347578816,0.28115338183273436,0.7051535403405109
7.424242424242424,68.83838383838383,0.7718655502318249,0.0745316008181085,0.7754555997316596
7.424242424242424,69.04040404040404,0.788111118944253,-0.014031951913369357,0.7882360252348668
7.424242424242424,69.24242424242425,0.8402418727037684,0.02205816670999835,0.8405313601308054
7.424242424242424,69.44444444444444,1.050418657782331,-0.030234229893565737,1.0508536840466853
7.424242424242424,69.64646464646465,0.8743489454324006,0.3966761750914254,0.9601239848394134
7.424242424242424,69.84848484848484,0.640541644543236,-0.1449405234556152,0.6567353757288709
7.424242424242424,70.05050505050505,0.956949194517092,-0.8212056567024517,1.2610037634705997
7.424242424242424,70.25252525252526,0.8567631053266472,-0.09476210639314306,0.8619877466977272
7.424242424242424,70.45454545454545,0.8474611415624648,-0.09629452221756606,0.8529144279864571
7.424242424242424,70.65656565656566,0.3772687384877955,-0.11577579408025182,0.3946336725814024
7.424242424242424,70.85858585858585,1.0016213267565663,-0.23246996923523844,1.0282448972933524
7.424242424242424,71.06060606060606,0.7572370788009324,-0.17556431040010886,0.7773228548018097
7.424242424242424,71.26262626262626,0.8138398027375335,-0.024964458511764473,0.814222603904272
7.424242424242424,71.46464646464646,0.5723401307305589,-0.2513754715130372,0.6251102726104211
7.424242424242424,71.66666666666667,0.7163054608682483,-0.16188090961166407,0.7343697584775488
7.424242424242424,71.86868686868686,0.6109538815761627,-0.20315708615027234,0.643845825540594
7.424242424242424,72.07070707070707,0.47986088077140854,-0.1438190632261494,0.5009494863176917
7.424242424242424,72.27272727272727,0.5876491453258319,-0.17929507450663928,0.6143925794998846
7.424242424242424,72.47474747474747,0.4811949900642883,-0.14637619385106806,0.5029658125452424
7.424242424242424,72.67676767676768,1.0546155892304385,-0.25722718940841915,1.0855320667851411
7.424242424242424,72.87878787878788,0.5200334741689938,-0.13442977096922534,0.5371277106788589
7.424242424242424,73.08080808080808,0.392288505360517,-0.15097108178848487,0.4203362213447394
7.424242424242424,73.28282828282828,0.20909118888550415,-0.1303094335531206,0.24637303777501451
7.424242424242424,73.48484848484848,0.3172717186196152,0.37200799378104615,0.48892871757838396
7.424242424242424,73.68686868686869,0.5925220800402224,0.08988404792438505,0.5993008905436942
7.424242424242424,73.88888888888889,-0.03861935208801877,0.01865374434110302,0.04288841957500407
7.424242424242424,74.0909090909091,0.12364566382269469,-0.0555304988613598,0.13554293226113384
7.424242424242424,74.29292929292929,0.37945794971058894,-0.3243829195443484,0.49921199313586107
7.424242424242424,74.4949494949495,0.4383753204520249,0.10037002994717735,0.4497188727338589
7.424242424242424,74.6969696969697,0.4295145840016364,-0.05678058341069825,0.43325144260874426
7.424242424242424,74.8989898989899,0.27509738252069654,0.08845373168450685,0.28896822060332716
7.424242424242424,75.1010101010101,0.1369678865050089,-0.13985466962979815,0.1957537497748357
7.424242424242424,75.3030303030303,0.7329748044986851,-0.23172506203063703,0.7687317922416038
7.424242424242424,75.5050505050505,0.03157762959204337,1.0059712487378112,1.0064667406217473
7.424242424242424,75.70707070707071,0.2604749369812715,-0.08315833576775553,0.27342732417053733
7.424242424242424,75.9090909090909,0.2984809702308807,-0.3706938953672982,0.47592526057412554
7.424242424242424,76.11111111111111,0.35854006266950383,-0.11680592880835354,0.37708699466281503
7.424242424242424,76.31313131313131,0.42633085598626785,-0.30037204300791115,0.5215183246892963
7.424242424242424,76.51515151515152,0.42160306693624416,-0.10194360032796936,0.43375297543403196
7.424242424242424,76.71717171717171,0.35542589258008583,-0.21370934513300247,0.41472792203265924
7.424242424242424,76.91919191919192,0.4286078216284397,-0.13978355087175762,0.4508260261513233
7.424242424242424,77.12121212121212,0.32539741907946745,-0.12626116404279764,0.34903490067473314
7.424242424242424,77.32323232323232,0.6686398275529873,-0.24081717114992618,0.7106842680900862
7.424242424242424,77.52525252525253,0.9030645818462006,-0.2195216299291283,0.9293628919812725
7.424242424242424,77.72727272727272,0.3318940615236735,-0.18650035651400854,0.380704676953846
7.424242424242424,77.92929292929293,0.7073333364601857,-0.06352282507431632,0.7101799759028132
7.424242424242424,78.13131313131314,0.6586557317217708,-0.1444024302081848,0.6742992175436444
7.424242424242424,78.33333333333333,1.1884751781572152,0.03491788520936324,1.188988018359865
7.424242424242424,78.53535353535354,0.6476852363436976,-0.11193712969855657,0.65728691329034
7.424242424242424,78.73737373737373,0.5499259549122079,0.030714117296202936,0.5507829998169774
7.424242424242424,78.93939393939394,0.6086500663248313,-0.008673139212920036,0.6087118584199164
7.424242424242424,79.14141414141415,0.8678896741936357,-0.05477492568610754,0.8696164551432165
7.424242424242424,79.34343434343434,0.6448304945117739,-0.13167124205993805,0.6581365227959208
7.424242424242424,79.54545454545455,0.46051051565420337,0.1593191830070377,0.48729101890157
7.424242424242424,79.74747474747474,0.6446542123657255,0.10119251162300907,0.6525480656085395
7.424242424242424,79.94949494949495,0.6440876962085711,0.20701253171687514,0.6765376180931071
7.424242424242424,80.15151515151516,0.6080788393940522,0.12159707994180581,0.6201175088394065
7.424242424242424,80.35353535353535,0.639849249528659,0.048183273455043536,0.641660883927976
7.424242424242424,80.55555555555556,0.5762646366779501,0.18755693496385026,0.6060185932284619
7.424242424242424,80.75757575757575,0.8571589662906377,0.10504243142766595,0.8635713090953581
7.424242424242424,80.95959595959596,0.40006712808680056,0.08895151595329828,0.4098366493690021
7.424242424242424,81.16161616161617,0.5273098181072858,0.17175205364609147,0.5545758849823789
7.424242424242424,81.36363636363636,0.6368854046279814,0.04382634088512595,0.6383915466103282
7.424242424242424,81.56565656565657,0.30910299478309244,0.2502971381318106,0.3977352369866808
7.424242424242424,81.76767676767676,0.047364624564169816,0.124310275365866,0.1330280129207461
7.424242424242424,81.96969696969697,0.18053571450131362,-0.14314361962572872,0.23039800357219922
7.424242424242424,82.17171717171718,0.421953202448064,0.18712949691322664,0.46158634476246607
7.424242424242424,82.37373737373737,0.3320264367330834,0.16175288718910166,0.36933122153925535
7.424242424242424,82.57575757575758,0.19353345009073644,0.5740342886328201,0.6057809511945811
7.424242424242424,82.77777777777777,0.1758450077744688,0.17903673318383745,0.2509494343256099
7.424242424242424,82.97979797979798,0.4069628146751078,0.18132209844924413,0.44552938838456385
7.424242424242424,83.18181818181819,0.02601608560346891,0.21515209304274674,0.21671931120876553
7.424242424242424,83.38383838383838,-0.007002399663904743,-0.8938429794704468,0.8938704075813555
7.424242424242424,83.58585858585859,0.11930446562277719,0.11844273197210396,0.16811375992033514
7.424242424242424,83.78787878787878,0.10119964769129225,0.15667561422941775,0.186517068353025
7.424242424242424,83.98989898989899,0.09431867864653944,0.11376395978092411,0.14777771038510812
7.424242424242424,84.1919191919192,0.043848408600868506,0.13573564726271112,0.14264238106066462
7.424242424242424,84.39393939393939,-0.019637440173202514,0.1616515134517624,0.162839924029095
7.424242424242424,84.5959595959596,-0.05886622020870157,0.17269793040722672,0.18245494525662678
7.424242424242424,84.79797979797979,-0.003930588952962895,-0.010751842268512935,0.011447778897416534
7.424242424242424,85.0,-0.03814367407130072,0.11258686738282732,0.11887279999535623
7.626262626262626,65.0,0.22976780311260805,0.26176534164805515,0.3483020778509902
7.626262626262626,65.20202020202021,-0.03227420296779111,0.15817188744368607,0.16143100741401656
7.626262626262626,65.4040404040404,0.20531554789477627,0.36084848697932226,0.4151699709307
7.626262626262626,65.60606060606061,0.1554030728189615,0.2303171203685417,0.27784184525811223
7.626262626262626,65.8080808080808,0.34649313334771226,0.3073202977772282,0.4631449631411311
7.626262626262626,66.01010101010101,0.19769778314813136,0.5348068581651657,0.570177857341182
7.626262626262626,66.21212121212122,0.02902295921539245,0.07865553393348938,0.08383928184318275
7.626262626262626,66.41414141414141,0.5018656199596961,0.39317543809455496,0.6375390385053886
7.626262626262626,66.61616161616162,0.4669658451074982,0.20786489446962142,0.5111407974813074
7.626262626262626,66.81818181818181,-0.007582885822986195,0.2698008131925437,0.2699073525429833
7.626262626262626,67.02020202020202,0.6199696167692159,0.22886921756255818,0.6608656780803993
7.626262626262626,67.22222222222223,0.33998089266588327,0.08436582794637193,0.3502921642043505
7.626262626262626,67.42424242424242,0.5299060274620055,0.21819261298904194,0.5730692927592174
7.626262626262626,67.62626262626263,0.5254798491283426,0.10473661123998702,0.5358160407957024
7.626262626262626,67.82828282828282,0.59154590090228,0.2447664530451931,0.6401852617880349
7.626262626262626,68.03030303030303,0.6571188844890925,-0.05782027310418367,0.6596577994187833
7.626262626262626,68.23232323232324,0.9149015481215091,0.06500652107075544,0.9172080955469466
7.626262626262626,68.43434343434343,0.8431394022401764,0.05999942151359897,0.8452715434651095
7.626262626262626,68.63636363636364,0.7444902552294512,-0.05997687223049395,0.7469022461702511
7.626262626262626,68.83838383838383,0.757452855271639,0.08978562715075526,0.7627557189572641
7.626262626262626,69.04040404040404,0.9024749829318369,-0.03518813637415738,0.9031607275337572
7.626262626262626,69.24242424242425,0.7994877929963575,0.14976384619865268,0.8133940870072761
7.626262626262626,69.44444444444444,0.8307415899139226,0.0774412883179187,0.8343433000564281
7.626262626262626,69.64646464646465,0.6352720049545764,-0.01198144581996775,0.6353849819778117
7.626262626262626,69.84848484848484,0.9246344729808441,0.01911994494287489,0.9248321366167926
7.626262626262626,70.05050505050505,0.8069041855766343,0.21159053973856684,0.8341851840016997
7.626262626262626,70.25252525252526,0.7095098394078493,-0.09187816888376713,0.7154340012425927
7.626262626262626,70.45454545454545,0.8408728582333379,-0.07522968528205762,0.8442314074121743
7.626262626262626,70.65656565656566,0.826653555336018,-0.08188647462109325,0.830699401273138
7.626262626262626,70.85858585858585,0.499965051816231,-0.035793535200430535,0.5012446809690364
7.626262626262626,71.06060606060606,1.097961706703578,-0.03359146810025102,1.0984754417448594
7.626262626262626,71.26262626262626,0.7360096970811165,-0.13506636235212074,0.7483002047550643
7.626262626262626,71.46464646464646,0.6407375595724825,-0.30014132655865766,0.7075517197741034
7.626262626262626,71.66666666666667,0.4203983710576953,-0.022680009686485404,0.4210097068089318
7.626262626262626,71.86868686868686,0.6573204797127179,-0.22893452979680015,0.6960468604792637
7.626262626262626,72.07070707070707,0.49554416997220324,-0.04427438630784811,0.4975180857781719
7.626262626262626,72.27272727272727,0.5571052942297651,-0.09537509645743586,0.5652103306585066
7.626262626262626,72.47474747474747,0.4325368016358607,-0.13170719171810263,0.45214474354972767
7.626262626262626,72.67676767676768,0.4090254697450334,0.08590493676546224,0.41794915128616217
7.626262626262626,72.87878787878788,0.47715901052062404,-0.12844295894693128,0.49414402255219486
7.626262626262626,73.08080808080808,0.5056629595305161,-0.0627094289806831,0.5095365552384281
7.626262626262626,73.28282828282828,0.40403504271316537,-0.017478357601945882,0.404412918592731
7.626262626262626,73.48484848484848,0.31647363252181093,0.0438518053537001,0.3194973253633417
7.626262626262626,73.68686868686869,0.1017544525956815,-0.055073544684915494,0.11570248029842825
7.626262626262626,73.88888888888889,0.11199670271985203,-0.04785023978546979,0.12179042190437582
7.626262626262626,74.0909090909091,0.19091878753744967,-0.10748954352774959,0.21909811820865513
7.626262626262626,74.29292929292929,0.10125433866327484,0.029139997876520236,0.10536403833557614
7.626262626262626,74.4949494949495,0.4582865673074467,-0.08968532886865488,0.4669796954779958
7.626262626262626,74.6969696969697,0.20631726711438045,-0.10826467513748378,0.23299797121900334
7.626262626262626,74.8989898989899,0.19561145031672345,0.2578304901313186,0.3236362172816385
7.626262626262626,75.1010101010101,0.18642580082592303,-0.11888491660011488,0.22110676744189217
7.626262626262626,75.3030303030303,0.22400781592710778,0.13422664805598578,0.2611442027784237
7.626262626262626,75.5050505050505,0.2586809447493969,-0.05077086611424548,0.2636162210912507
7.626262626262626,75.70707070707071,0.11427147575886723,0.014815305318812234,0.11522787615763387
7.626262626262626,75.9090909090909,0.2923140258177517,-0.09836023414824682,0.3084189121170735
7.626262626262626,76.11111111111111,0.3760250187423065,-0.10563043448252384,0.39057982975202227
7.626262626262626,76.31313131313131,0.17891762310933848,-0.1691564901229633,0.24622232638372882
7.626262626262626,76.51515151515152,0.43359818259738464,-0.22610962779979396,0.4890122163458867
7.626262626262626,76.71717171717171,0.3844776311246116,-0.04521608242278607,0.3871272955306266
7.626262626262626,76.91919191919192,0.3679769681860966,-0.2577394233931714,0.4492623503994921
7.626262626262626,77.12121212121212,0.15564618963877913,-0.11263048400569657,0.19212329967088393
7.626262626262626,77.32323232323232,0.5439915218737459,-0.14848123630617704,0.5638913489365881
7.626262626262626,77.52525252525253,0.2819970975492793,-0.09770729742062365,0.29844443200612736
7.626262626262626,77.72727272727272,0.6083066208027983,-0.09822319547422888,0.6161856384578336
7.626262626262626,77.92929292929293,0.4859393056296442,-0.09285326184628136,0.49473097436012115
7.626262626262626,78.13131313131314,0.370600607321803,-0.14752366458545885,0.3988834939678655
7.626262626262626,78.33333333333333,0.43039768907965925,-0.10001603585090976,0.4418657920595817
7.626262626262626,78.53535353535354,0.6049780631500156,-0.06423294750210562,0.6083784417922388
7.626262626262626,78.73737373737373,0.6769130406188513,-0.03067900677494976,0.6776078999071337
7.626262626262626,78.93939393939394,1.1109155771176393,-0.013231665562579606,1.1109943728283136
7.626262626262626,79.14141414141415,0.48541238265581826,0.033891334993609135,0.48659408527359593
7.626262626262626,79.34343434343434,0.5786150800610698,0.03217904169897032,0.5795091902625378
7.626262626262626,79.54545454545455,0.6421649693916471,-0.0023541583799691467,0.6421692845157366
7.626262626262626,79.74747474747474,0.4509253884996808,-0.004640012694624648,0.4509492606839425
7.626262626262626,79.94949494949495,0.6072012409256696,0.13182411896675902,0.6213460753260097
7.626262626262626,80.15151515151516,0.5508026208995267,-0.03967578216994627,0.5522297482756473
7.626262626262626,80.35353535353535,0.6310228781247135,0.14427426311826744,0.6473059058243761
7.626262626262626,80.55555555555556,0.6812671942075271,0.1698524286543041,0.7021216685327137
7.626262626262626,80.75757575757575,0.6200866993864772,0.09390935658647756,0.6271574618949388
7.626262626262626,80.95959595959596,0.4506302092531467,0.14319983396619157,0.4728358890138095
7.626262626262626,81.16161616161617,0.721249609835142,0.4575745442331602,0.8541518970402916
7.626262626262626,81.36363636363636,0.41072178564114636,0.04922799630358038,0.4136614325995561
7.626262626262626,81.56565656565657,0.4779711641066265,0.4109672463521433,0.6303574472406168
7.626262626262626,81.76767676767676,0.2550214012003905,0.1592865739597452,0.30067944345106784
7.626262626262626,81.96969696969697,0.17262940395549414,0.1434174929536639,0.22443147817350267
7.626262626262626,82.17171717171718,0.25098954050559497,0.0887591870812359,0.26622160456005733
7.626262626262626,82.37373737373737,0.29499287453986256,0.24019880971882634,0.3804159095248673
7.626262626262626,82.57575757575758,0.19489169188028777,0.0509885812634403,0.2014512521262141
7.626262626262626,82.77777777777777,0.16965448594928922,0.3263309530154155,0.3677968671680971
7.626262626262626,82.97979797979798,0.10608858852266942,0.17521098581236128,0.20482597043361403
7.626262626262626,83.18181818181819,0.36149958585770897,0.18380719041308152,0.4055453535954344
7.626262626262626,83.38383838383838,0.20055045524544143,0.17352685079200741,0.26520190995719733
7.626262626262626,83.58585858585859,-0.21086007013084362,0.064265685221774,0.22043603941417664
7.626262626262626,83.78787878787878,0.22199421161827515,0.14058217263471365,0.26276372895572164
7.626262626262626,83.98989898989899,0.09297314898133972,0.12493824811462952,0.1557355844804235
7.626262626262626,84.1919191919192,-0.04678552782560636,0.14467074176645783,0.15204771993416313
7.626262626262626,84.39393939393939,-0.16346235834710685,0.14520566636736557,0.2186426951480169
7.626262626262626,84.5959595959596,0.19430050178293562,0.08862206140775417,0.2135569122301133
7.626262626262626,84.79797979797979,-0.12149928763427456,0.009359546705833256,0.12185925492212259
7.626262626262626,85.0,-0.36859651282794326,0.17140920431525353,0.4065027731675498
7.828282828282829,65.0,0.25308829142176403,0.30863452434311617,0.3991352563621627
7.828282828282829,65.20202020202021,0.050956991517023195,0.438123040975655,0.4410764265047742
7.828282828282829,65.4040404040404,0.04573773052982359,0.23088001398725677,0.23536677941624354
7.828282828282829,65.60606060606061,0.3137281737947342,0.23580542047397848,0.3924660028046872
7.828282828282829,65.8080808080808,-0.026620194896412923,0.36516265238507195,0.3661316668539119
7.828282828282829,66.01010101010101,0.18792702404451822,0.1380298192162121,0.23317117608977558
7.828282828282829,66.21212121212122,0.05018606559584891,0.2307072605440822,0.23610269216539204
7.828282828282829,66.41414141414141,0.5979577845063022,0.32337023028236983,0.6797954235537028
7.828282828282829,66.61616161616162,-0.043680404301850564,0.05954086570656224,0.07384505676793812
7.828282828282829,66.81818181818181,0.4387738379550275,0.13572042841188697,0.4592847869917867
7.828282828282829,67.02020202020202,0.3105510783440906,0.12962139731851416,0.33651698159748433
7.828282828282829,67.22222222222223,0.2404927266976846,0.23053301155599626,0.33313994208375003
7.828282828282829,67.42424242424242,0.22525373976386204,0.15712339358824895,0.2746397787835795
7.828282828282829,67.62626262626263,0.612687895230419,0.13995386484355837,0.6284692046922664
7.828282828282829,67.82828282828282,0.5386933510644846,0.14574914553056298,0.5580621290716413
7.828282828282829,68.03030303030303,0.9331541358737954,0.27302418640114867,0.9722750884695025
7.828282828282829,68.23232323232324,0.28560848278904,0.14090794590259598,0.31847645856412415
7.828282828282829,68.43434343434343,0.6519596628918567,0.19928254776410936,0.6817367056873335
7.828282828282829,68.63636363636364,0.6761528814842532,0.04726822076087783,0.6778030715726786
7.828282828282829,68.83838383838383,0.957601050181334,0.22325396435998654,0.9832812943969005
7.828282828282829,69.04040404040404,0.743350057417347,-0.027984261142253282,0.7438766206395057
7.828282828282829,69.24242424242425,0.9444756745977507,0.03439877117891259,0.945101886235286
7.828282828282829,69.44444444444444,0.7810376934274884,-0.07323065041964708,0.7844632602712608
7.828282828282829,69.64646464646465,0.8773868751547735,0.16105090377380915,0.8920454709824039
7.828282828282829,69.84848484848484,0.9908712134528314,0.003912003298204787,0.9908789358036084
7.828282828282829,70.05050505050505,0.832080694300805,-0.07124893103847858,0.8351255546336943
7.828282828282829,70.25252525252526,0.8124040279499654,-0.06850086358791747,0.8152868654293521
7.828282828282829,70.45454545454545,0.9295549016366788,0.12956133087337643,0.9385405977444216
7.828282828282829,70.65656565656566,0.6558826563509025,-0.11790747670938763,0.6663964525459982
7.828282828282829,70.85858585858585,0.808112766070612,-0.045331162145159726,0.8093831953702315
7.828282828282829,71.06060606060606,0.7725657774692636,-0.02901952251751676,0.7731106086478391
7.828282828282829,71.26262626262626,0.7838200529055406,-0.09602045388204922,0.7896795570993079
7.828282828282829,71.46464646464646,0.5848311942742921,-0.1476207416215005,0.6031744433853083
7.828282828282829,71.66666666666667,0.6405655015089243,-0.0771157462317418,0.6451906695235589
7.828282828282829,71.86868686868686,0.6890594159613187,-0.044883200708858546,0.6905196452171548
7.828282828282829,72.07070707070707,0.5383785303726398,-0.12172142142636216,0.5519669794473738
7.828282828282829,72.27272727272727,0.5839757199702811,-0.10145758759835093,0.5927236148459796
7.828282828282829,72.47474747474747,0.40978562492106907,-0.09532064786484688,0.42072590162875073
7.828282828282829,72.67676767676768,0.32936438613720576,-0.08124683750278003,0.3392373025770331
7.828282828282829,72.87878787878788,0.4356870998523429,-0.0341880067330394,0.43702639369049984
7.828282828282829,73.08080808080808,0.3423080745798495,-0.056105820829269015,0.34687559881532437
7.828282828282829,73.28282828282828,0.3263542755300137,-0.005389278589047421,0.3263987706478541
7.828282828282829,73.48484848484848,0.48904673507010804,-0.023314877360388408,0.48960217788431293
7.828282828282829,73.68686868686869,0.32389224528928756,-0.10432463032028962,0.34027902528660375
7.828282828282829,73.88888888888889,0.38788026601492853,-0.024747249723332226,0.38866891711671603
7.828282828282829,74.0909090909091,0.305895128007189,-0.07062622211940643,0.31394249885830094
7.828282828282829,74.29292929292929,0.22162187173503067,0.07457147354880383,0.23383147499551538
7.828282828282829,74.4949494949495,0.30288962658839025,0.03636389753480062,0.3050646799266935
7.828282828282829,74.6969696969697,0.291612496357395,-0.0027723512898302355,0.2916256743900748
7.828282828282829,74.8989898989899,0.14762321086674984,-0.03495406399910789,0.15170497347372175
7.828282828282829,75.1010101010101,0.2804349184301493,-0.026315248716441964,0.2816668879899316
7.828282828282829,75.3030303030303,0.3413356755032387,0.07082444487454931,0.3486060030507799
7.828282828282829,75.5050505050505,0.14899521033189828,0.012360109651105521,0.14950700656636115
7.828282828282829,75.70707070707071,0.05755825811121213,0.021172066454677622,0.061328700253292526
7.828282828282829,75.9090909090909,0.6911411678418286,-0.1634137562653419,0.7101972751443891
7.828282828282829,76.11111111111111,0.17982685949259092,-0.18848986303459442,0.26051128164010134
7.828282828282829,76.31313131313131,0.1936898540227626,-0.19504872423899483,0.2748813641893872
7.828282828282829,76.51515151515152,-0.07972852728722972,-0.02255156703503849,0.08285657028339014
7.828282828282829,76.71717171717171,0.3996518910170809,-0.26254810545543333,0.4781768937033303
7.828282828282829,76.91919191919192,0.49840981343219376,-0.052117578386045596,0.5011273132671376
7.828282828282829,77.12121212121212,0.3343581937911208,-0.17333027459016276,0.37661490390684477
7.828282828282829,77.32323232323232,0.3759667642285056,-0.12520730784478895,0.3962674320988194
7.828282828282829,77.52525252525253,0.4376956093145203,-0.22812752133888214,0.49357837513958336
7.828282828282829,77.72727272727272,0.49977563408551196,-0.09379606237057285,0.5085011167557058
7.828282828282829,77.92929292929293,0.5157440367635203,-0.10097508831033013,0.5255358026970288
7.828282828282829,78.13131313131314,0.15159720064058102,-0.04683753126912113,0.1586677836784975
7.828282828282829,78.33333333333333,0.5122569897586773,-0.08808373531080849,0.5197749205020633
7.828282828282829,78.53535353535354,0.48329609048617445,-0.07905735918606033,0.48971948819777866
7.828282828282829,78.73737373737373,0.6693357987606539,-0.1058640883872497,0.6776559722400637
7.828282828282829,78.93939393939394,0.5945714987406562,-0.13110120296855393,0.6088536708721661
7.828282828282829,79.14141414141415,0.6189678226378473,0.047458375828513796,0.6207845543321113
7.828282828282829,79.34343434343434,0.7526480945009022,0.09134147046693314,0.7581704415122636
7.828282828282829,79.54545454545455,0.5530191353443099,0.18987962866215613,0.5847088484347115
7.828282828282829,79.74747474747474,0.6110099573702331,-0.030422052810602132,0.6117668422714533
7.828282828282829,79.94949494949495,0.4948599567552726,0.1485349064629446,0.5166710706414537
7.828282828282829,80.15151515151516,0.4100476654118268,-0.024215711815892303,0.41076208272969866
7.828282828282829,80.35353535353535,0.7655555366206712,0.179095533443702,0.7862254700466323
7.828282828282829,80.55555555555556,0.4973469186255761,0.1494775625733288,0.5193240791444383
7.828282828282829,80.75757575757575,0.47476292738473463,0.04450120123944503,0.4768439934933399
7.828282828282829,80.95959595959596,0.39154692984700984,0.08819704929090363,0.40135734424106567
7.828282828282829,81.16161616161617,0.505702699211154,0.24748235726875303,0.5630121998223001
7.828282828282829,81.36363636363636,0.363421849463584,0.2967039186238997,0.4691573893634306
7.828282828282829,81.56565656565657,0.48672757835625585,0.20036634468337247,0.5263557804511328
7.828282828282829,81.76767676767676,0.4062381644924888,0.16168422526543863,0.4372313289208717
7.828282828282829,81.96969696969697,0.02557592312383761,0.050928428329279456,0.05698975921801219
7.828282828282829,82.17171717171718,0.16748404242527135,0.18185516430616636,0.24722905422286606
7.828282828282829,82.37373737373737,0.2637475950424733,0.10074587138888647,0.2823340654129334
7.828282828282829,82.57575757575758,0.15949389252395876,0.12833779298723458,0.2047166111024662
7.828282828282829,82.77777777777777,-0.10773622235585759,0.20562955376962433,0.23214350516653617
7.828282828282829,82.97979797979798,0.0961454102658998,0.11746434292868088,0.1517952956282405
7.828282828282829,83.18181818181819,0.08400967777725876,0.23974895748652555,0.2540417063714434
7.828282828282829,83.38383838383838,0.2769537759230637,0.16071421665767813,0.3202068916090559
7.828282828282829,83.58585858585859,0.13438294000321999,0.0966837294568398,0.16554914105966365
7.828282828282829,83.78787878787878,-0.12796278185464843,0.07818596015057801,0.14995838724342203
7.828282828282829,83.98989898989899,-0.0001420089898321944,0.07249305122347814,0.07249319031635329
7.828282828282829,84.1919191919192,-0.2087527189808099,-0.0011845165448737664,0.20875607957931686
7.828282828282829,84.39393939393939,-0.23128105225115927,0.1118088509809492,0.25688936195974243
7.828282828282829,84.5959595959596,0.48586289357239837,0.09916412485266553,0.4958792947969684
7.828282828282829,84.79797979797979,0.07526394503451153,0.11411591226428498,0.13670077854228907
7.828282828282829,85.0,-0.15065159459600977,0.02778466133000465,0.1531923312687144
8.030303030303031,65.0,0.32566462386544665,0.22162463270820565,0.39392248610668307
8.030303030303031,65.20202020202021,0.060875061525223914,0.3872611381385973,0.3920165331055586
8.030303030303031,65.4040404040404,-0.05177593158598896,0.28365939662623385,0.2883459734172753
8.030303030303031,65.60606060606061,0.186734292858025,0.03218649877633572,0.18948790682432934
8.030303030303031,65.8080808080808,-0.01819465264710546,0.31141992460920154,0.3119509814514928
8.030303030303031,66.01010101010101,0.20904744807193887,0.2992542402451455,0.36503963599873546
8.030303030303031,66.21212121212122,0.039365056320654096,-0.02594666231271963,0.04714697174049012
8.030303030303031,66.41414141414141,0.13275370985067111,0.16158139391408674,0.20912219953495
8.030303030303031,66.61616161616162,0.6702525515564995,0.3844533171330116,0.7726854702416592
8.030303030303031,66.81818181818181,-0.3607341202077199,0.48699372962948045,0.6060462013580064
8.030303030303031,67.02020202020202,0.40177360997180694,0.22732475052844872,0.461626012993851
8.030303030303031,67.22222222222223,0.3000939764839987,0.2911988303868764,0.4181544613425326
8.030303030303031,67.42424242424242,0.6815746448313662,0.22924596838171837,0.7190950636016595
8.030303030303031,67.62626262626263,0.5289915211813949,0.1685566218072782,0.5551966896847351
8.030303030303031,67.82828282828282,0.7185433413865663,0.36212238286509846,0.8046347951852868
8.030303030303031,68.03030303030303,0.746258390020506,0.181564306234079,0.7680281127499566
8.030303030303031,68.23232323232324,0.5167152316732231,0.21436179621314738,0.5594154183778273
8.030303030303031,68.43434343434343,0.6183003548723474,0.05297182970077179,0.6205653419077787
8.030303030303031,68.63636363636364,0.5621837565799547,0.12047762750976448,0.5749482019214699
8.030303030303031,68.83838383838383,0.5453499059692906,0.20246109554276945,0.5817190173520997
8.030303030303031,69.04040404040404,0.9583299448285543,0.1961206822055649,0.9781920083214114
8.030303030303031,69.24242424242425,0.754630475245668,0.07953367008054041,0.7588100940591018
8.030303030303031,69.44444444444444,0.8299553700964603,0.021289864898382176,0.8302283870714996
8.030303030303031,69.64646464646465,0.7281359116413814,-0.0325831634977261,0.7288645747773348
8.030303030303031,69.84848484848484,0.7945157294195542,-0.11789081424465363,0.8032144722167011
8.030303030303031,70.05050505050505,0.6728139365950694,-0.0957644497996239,0.6795950434795553
8.030303030303031,70.25252525252526,0.9767714045345797,0.02411661381909397,0.97706908035131
8.030303030303031,70.45454545454545,0.6496753790561489,-0.31450123837349087,0.721795765497561
8.030303030303031,70.65656565656566,0.6814830484405718,-0.21333404605742406,0.7140942238382032
8.030303030303031,70.85858585858585,1.5361594636779812,-0.1476305663143736,1.5432370789861567
8.030303030303031,71.06060606060606,0.7228057431934091,-0.17940287619498138,0.7447372250535139
8.030303030303031,71.26262626262626,0.8524798147649327,-0.17960727082252329,0.8711949301470764
8.030303030303031,71.46464646464646,0.6991455424595242,-0.1421783583672107,0.7134557975999757
8.030303030303031,71.66666666666667,0.6459990172837047,-0.024932018762050118,0.6464799578417442
8.030303030303031,71.86868686868686,0.6288898704049599,-0.23602929572188563,0.6717233787333419
8.030303030303031,72.07070707070707,0.5870371335559177,-0.08498759198058264,0.5931572194319196
8.030303030303031,72.27272727272727,0.5657374982857273,-0.10410802547807144,0.5752368190019969
8.030303030303031,72.47474747474747,0.544646940004542,-0.1236153436158242,0.5584989189188905
8.030303030303031,72.67676767676768,0.4097509671800462,0.017588115426126302,0.41012826884918097
8.030303030303031,72.87878787878788,0.5387343179852435,-0.02620875002104722,0.5393714526675389
8.030303030303031,73.08080808080808,0.38238267996232367,0.06261372121613104,0.38747515019637097
8.030303030303031,73.28282828282828,0.18318555076342594,0.11654802118436215,0.2171183715176821
8.030303030303031,73.48484848484848,0.3411752067974208,-0.012120234156027778,0.341390424308093
8.030303030303031,73.68686868686869,0.6256062238848565,-0.0705037685167477,0.6295664609384242
8.030303030303031,73.88888888888889,0.38205017201338665,-0.0048383543564800135,0.3820808076943112
8.030303030303031,74.0909090909091,0.2992990888820561,-0.058953165454043825,0.3050498653051346
8.030303030303031,74.29292929292929,0.21200912245868406,-0.09853314180524955,0.23378761310153862
8.030303030303031,74.4949494949495,0.12766313004236782,-0.014370115669479305,0.1284693543089897
8.030303030303031,74.6969696969697,0.23000282822149914,-0.005626969234671904,0.2300716492153181
8.030303030303031,74.8989898989899,0.1849186258054111,-0.28459186635057504,0.3393927349880448
8.030303030303031,75.1010101010101,0.07177129593113284,-0.040903108061474694,0.08260861437358044
8.030303030303031,75.3030303030303,0.15694280255487533,-0.04800246140418877,0.1641197111094192
8.030303030303031,75.5050505050505,0.22469852203292218,-0.02540100627127811,0.22612969049501908
8.030303030303031,75.70707070707071,0.2872513576711753,-0.262694348803241,0.38925783662900393
8.030303030303031,75.9090909090909,0.2522201417094701,-0.10136185700902557,0.27182572714933245
8.030303030303031,76.11111111111111,0.1496368903046112,-0.19148008634854077,0.24301403747125158
8.030303030303031,76.31313131313131,0.22150521797280592,-0.1824156793360921,0.2869495454898443
8.030303030303031,76.51515151515152,0.24733959264801558,-0.15878197533605515,0.2939193593197051
8.030303030303031,76.71717171717171,0.07435975451912558,-0.19392335784805587,0.20769121746287142
8.030303030303031,76.91919191919192,0.32674049157870666,-0.17044019162310553,0.3685230084507829
8.030303030303031,77.12121212121212,0.14213427043049204,-0.1935158896846675,0.24010529021922164
8.030303030303031,77.32323232323232,0.47387909966644104,-0.07275234190765677,0.47943123005674687
8.030303030303031,77.52525252525253,0.3179512725179534,-0.19675750644097584,0.37390711150853567
8.030303030303031,77.72727272727272,0.5461363293125283,-0.11463597110669814,0.558037898414201
8.030303030303031,77.92929292929293,0.29093552620663443,-0.149261397692885,0.32698997729344065
8.030303030303031,78.13131313131314,0.5202658789493658,-0.04699722320720165,0.5223842683199253
8.030303030303031,78.33333333333333,0.4938142676144364,-0.06931635359852387,0.49865548004185994
8.030303030303031,78.53535353535354,0.3910550554533435,0.022046435370688126,0.3916760162534483
8.030303030303031,78.73737373737373,0.6098018558640378,-0.001036510217795203,0.6098027367671093
8.030303030303031,78.93939393939394,0.7441929764033265,0.04243496470648167,0.745401846226371
8.030303030303031,79.14141414141415,0.5370912232746676,0.01990247074219623,0.537459850091449
8.030303030303031,79.34343434343434,0.5279634813128008,-0.03626619691975809,0.5292075912521993
8.030303030303031,79.54545454545455,0.6045048664552776,0.07778202866138445,0.6094884556337334
8.030303030303031,79.74747474747474,0.43105825600746855,0.055959625850969,0.43467539589627197
8.030303030303031,79.94949494949495,0.4313536251765286,0.09060753372910604,0.44076714387690497
8.030303030303031,80.15151515151516,0.6449805217052728,0.21792798617503883,0.6808028206004391
8.030303030303031,80.35353535353535,0.7121607134621607,0.0341340352647439,0.7129782704699973
8.030303030303031,80.55555555555556,0.4530273094281666,0.12554806295225474,0.4701021795299264
8.030303030303031,80.75757575757575,0.5836490343861468,0.2375987028165851,0.6301581856327866
8.030303030303031,80.95959595959596,0.5201901675401628,-0.05327777817771381,0.5229113998116853
8.030303030303031,81.16161616161617,0.5302915716695407,0.05781672647349642,0.5334340866910013
8.030303030303031,81.36363636363636,0.5271346517662863,0.06573075329372159,0.531216973581722
8.030303030303031,81.56565656565657,0.43451279455143205,0.19600622635067147,0.4766757906555835
8.030303030303031,81.76767676767676,0.31407493184527724,0.2915698131571638,0.4285510690199231
8.030303030303031,81.96969696969697,0.33825941770190326,0.2383002969817082,0.4137710299254903
8.030303030303031,82.17171717171718,0.1901607388004487,0.18443807603920842,0.2649122693915427
8.030303030303031,82.37373737373737,0.11215500154575853,0.22939012524236949,0.25534011422108954
8.030303030303031,82.57575757575758,0.23526575610023703,0.22693262580974022,0.3268767239347577
8.030303030303031,82.77777777777777,0.38666846574187985,0.2378836848205269,0.4539836449730002
8.030303030303031,82.97979797979798,-0.18827060606945065,0.1427494298168564,0.2362693818987045
8.030303030303031,83.18181818181819,-0.041646706892381584,0.18118451658763027,0.18590932533381213
8.030303030303031,83.38383838383838,0.04087249571582699,0.1208615331632049,0.12758554426188248
8.030303030303031,83.58585858585859,0.0614621195649075,-0.05444297522614811,0.08210742775709128
8.030303030303031,83.78787878787878,0.09676019723946866,0.09147444857947858,0.1331544611071689
8.030303030303031,83.98989898989899,0.11242041026981975,0.08363547534014906,0.14011866892247898
8.030303030303031,84.1919191919192,-0.07383049987949286,0.14468883246326128,0.16243706766633498
8.030303030303031,84.39393939393939,-0.21722288649167132,0.05020296756155297,0.22294869447422172
8.030303030303031,84.5959595959596,-0.04993743744373125,-0.09680879455871953,0.10892974966628233
8.030303030303031,84.79797979797979,-0.01136803819823942,0.1314145506911487,0.13190533130178297
8.030303030303031,85.0,0.018063065168150563,0.22065987950526994,0.22139796012282748
8.232323232323232,65.0,0.05118747305512013,0.19083250089513618,0.1975783409072482
8.232323232323232,65.20202020202021,0.008138904123532523,0.2973053044495786,0.29741668718178654
8.232323232323232,65.4040404040404,-0.2389470067774559,0.35843282433975016,0.4307780885932753
8.232323232323232,65.60606060606061,0.16819073579331162,0.21030900199839825,0.2692916633099841
8.232323232323232,65.8080808080808,0.10778332506954548,0.2132904060725424,0.23897707523031858
8.232323232323232,66.01010101010101,-0.5830967619875521,0.3335474596915401,0.6717557157978244
8.232323232323232,66.21212121212122,0.12715302448014235,-0.006356123485203875,0.12731179026392975
8.232323232323232,66.41414141414141,0.2608631585445774,0.29185332933272146,0.3914434228958858
8.232323232323232,66.61616161616162,0.3158017245759566,0.2889167305183223,0.4280229040817152
8.232323232323232,66.81818181818181,0.43041208966148975,0.20917903383882042,0.47855034753358255
8.232323232323232,67.02020202020202,0.31092908792972374,0.2711674834904123,0.4125635730688459
8.232323232323232,67.22222222222223,0.22657965578516978,0.2594680960674847,0.34447355964226267
8.232323232323232,67.42424242424242,0.5368545983536481,0.516593981627471,0.7450383893647231
8.232323232323232,67.62626262626263,0.2756925874339298,0.23808646519356233,0.3642685378596131
8.232323232323232,67.82828282828282,0.8059720720326591,0.1791273924971983,0.8256376951420418
8.232323232323232,68.03030303030303,0.6076644362949671,0.2369738093383319,0.6522366544820984
8.232323232323232,68.23232323232324,0.6120052173922125,0.1509084787283348,0.6303362238261335
8.232323232323232,68.43434343434343,0.664972603750913,0.1569303038169624,0.6832391118747176
8.232323232323232,68.63636363636364,0.6575224563444059,0.18041811074116637,0.6818258394051907
8.232323232323232,68.83838383838383,0.6981436228977741,0.08815170478396438,0.7036868914859425
8.232323232323232,69.04040404040404,0.7969965062008596,0.055253586028316204,0.7989095002973525
8.232323232323232,69.24242424242425,0.9337822046327875,0.027309360307161752,0.934181463554729
8.232323232323232,69.44444444444444,0.8865224287976732,-0.016763893586064203,0.8866809149234522
8.232323232323232,69.64646464646465,1.1986038724315748,0.044973103955573974,1.1994472990037395
8.232323232323232,69.84848484848484,0.8349697685110976,-0.12481464533022035,0.8442471261522805
8.232323232323232,70.05050505050505,0.786668291000298,-0.012110799538941099,0.7867615086738814
8.232323232323232,70.25252525252526,0.8921454857101354,-0.04071599535838091,0.8930741066400912
8.232323232323232,70.45454545454545,0.5189370239102066,-0.013645787559783254,0.5191164053494255
8.232323232323232,70.65656565656566,0.726836282714638,-0.0379882214125902,0.7278283361044177
8.232323232323232,70.85858585858585,0.691551296953373,-0.04420767904500564,0.6929628526872408
8.232323232323232,71.06060606060606,0.5225166492353984,-0.032480460627753435,0.5235251942846489
8.232323232323232,71.26262626262626,0.7805290025995553,-0.04680474529969411,0.7819310762986889
8.232323232323232,71.46464646464646,0.6192143209847568,0.02177513654379924,0.6195970722042791
8.232323232323232,71.66666666666667,0.6457109721187878,-0.2081641668141913,0.6784356858686286
8.232323232323232,71.86868686868686,0.719549379424121,-0.13278492221479343,0.7316988075685421
8.232323232323232,72.07070707070707,0.4662314368314163,-0.00733353266018698,0.4662891092349949
8.232323232323232,72.27272727272727,0.4594809652591096,-0.07181725980587622,0.4650596480468584
8.232323232323232,72.47474747474747,0.593519738112208,-0.10024888211720492,0.6019265053929203
8.232323232323232,72.67676767676768,0.6478367303688388,-0.10681660064805377,0.6565837459067909
8.232323232323232,72.87878787878788,0.3591204938957691,0.14053843764112128,0.3856404823025566
8.232323232323232,73.08080808080808,0.21745807471120498,-0.16998009686324284,0.2760095063340055
8.232323232323232,73.28282828282828,0.2548859166800115,-0.13261305096574416,0.28732046882923745
8.232323232323232,73.48484848484848,0.25999164449920364,-0.10726380475473098,0.281249318256705
8.232323232323232,73.68686868686869,0.21476541398130503,-0.14544885984343703,0.2593830254128383
8.232323232323232,73.88888888888889,0.3574244276159648,0.007184341910126159,0.35749662407536337
8.232323232323232,74.0909090909091,0.2018725615097782,-0.009183385313166106,0.20208133426006783
8.232323232323232,74.29292929292929,0.04637738263359796,0.0946839649833925,0.10543203898682531
8.232323232323232,74.4949494949495,0.2010294457159179,-0.08272392137429067,0.2173846480605036
8.232323232323232,74.6969696969697,0.15208436275614912,0.0185650367382411,0.153213295715601
8.232323232323232,74.8989898989899,-0.04775902984774404,-0.13908877045279075,0.14705988915427218
8.232323232323232,75.1010101010101,-0.20315409005887078,0.060427271088997495,0.21195055885491543
8.232323232323232,75.3030303030303,0.1850042339272228,0.03954774627676134,0.1891840130840068
8.232323232323232,75.5050505050505,0.2978112506967562,0.10248049341089414,0.31495046050340436
8.232323232323232,75.70707070707071,0.1978150324891411,-0.13780288595969192,0.2410817754570009
8.232323232323232,75.9090909090909,0.009388847153588412,-0.04298924984438564,0.04400256870975212
8.232323232323232,76.11111111111111,-0.09694056450777798,-0.10024996697730959,0.1394543972990394
8.232323232323232,76.31313131313131,0.27757774127613744,-0.1398040767071454,0.31079668967976426
8.232323232323232,76.51515151515152,0.2930905896055508,-0.06073133761911967,0.29931653660353763
8.232323232323232,76.71717171717171,0.262080261503867,-0.12864232333124148,0.2919501855145754
8.232323232323232,76.91919191919192,0.44826731202006737,-0.04323113935945298,0.4503471043939473
8.232323232323232,77.12121212121212,0.39374526457283676,-0.093123082232425,0.40460751577053067
8.232323232323232,77.32323232323232,0.24926011835360018,0.0853825740861053,0.26347825443330236
8.232323232323232,77.52525252525253,0.3156497979552574,-0.23531663192261393,0.3937114580611006
8.232323232323232,77.72727272727272,0.35360967260213083,-0.14237572736475052,0.38119633825684623
8.232323232323232,77.92929292929293,0.5664832237562971,-0.2059242652894881,0.6027504009391802
8.232323232323232,78.13131313131314,0.44957927579595935,-0.009141315544631542,0.44967220158144733
8.232323232323232,78.33333333333333,0.5068941693796067,-0.1135553979339424,0.5194579168238534
8.232323232323232,78.53535353535354,0.38871361174857066,0.0003118662935557891,0.3887137368542609
8.232323232323232,78.73737373737373,0.5189250623627585,0.045790610923014535,0.5209414558248323
8.232323232323232,78.93939393939394,0.484022582192959,0.07979785288239942,0.4905563753508671
8.232323232323232,79.14141414141415,0.4320750699999117,-0.10759192413809968,0.44526945578510907
8.232323232323232,79.34343434343434,0.42151552855124275,-0.08518903545909996,0.43003780365484773
8.232323232323232,79.54545454545455,0.4164390032198563,0.10336078298499755,0.4290744630737411
8.232323232323232,79.74747474747474,0.5808997458775882,0.13819453258003606,0.5971115838732834
8.232323232323232,79.94949494949495,0.48151968251922594,-0.03149993158207588,0.4825489097937033
8.232323232323232,80.15151515151516,0.4360424685286402,0.19470619654895602,0.47753904273379666
8.232323232323232,80.35353535353535,0.40813246706913703,0.17862202898704174,0.4455086305734018
8.232323232323232,80.55555555555556,0.5111791219987059,0.34253869094404227,0.615334745939985
8.232323232323232,80.75757575757575,0.40848106037164206,0.21067380998172153,0.45960878026268775
8.232323232323232,80.95959595959596,0.5947823236391376,0.0751120828901406,0.599506328164822
8.232323232323232,81.16161616161617,0.34222745303821067,0.23207048636373498,0.413492853933561
8.232323232323232,81.36363636363636,0.39544119327204663,0.20731890586513152,0.44649173123982416
8.232323232323232,81.56565656565657,0.16214334569646435,0.15638931574867376,0.2252733509183488
8.232323232323232,81.76767676767676,0.2941356672912371,0.20993616725455183,0.36137097987302813
8.232323232323232,81.96969696969697,0.3216967292470328,0.18117842806345025,0.3692078119484764
8.232323232323232,82.17171717171718,0.35047439840022654,0.03770520379126303,0.352496789101605
8.232323232323232,82.37373737373737,0.0701723302364318,0.12888756534580836,0.14675203723144992
8.232323232323232,82.57575757575758,0.23032349517247303,0.11804496060104715,0.2588117562085752
8.232323232323232,82.77777777777777,0.10070050027353603,0.26981466734042814,0.28799400248506274
8.232323232323232,82.97979797979798,0.2750761014871329,0.1726722537509753,0.3247808011948992
8.232323232323232,83.18181818181819,-0.00915888708016109,0.2537253348929895,0.25389058820505106
8.232323232323232,83.38383838383838,-0.02047853886281538,0.11224835210747898,0.11410110913045683
8.232323232323232,83.58585858585859,-0.27238038422094224,0.18797459863386629,0.3309464056911802
8.232323232323232,83.78787878787878,-0.5212295088062969,-0.08977601694109234,0.528904465918242
8.232323232323232,83.98989898989899,-0.07988613198398463,0.07289511645830038,0.10814569842038002
8.232323232323232,84.1919191919192,-0.06546606735150966,0.00805251751215591,0.06595944976086426
8.232323232323232,84.39393939393939,-0.15254141813623745,0.12923388333010996,0.19992568831342036
8.232323232323232,84.5959595959596,-0.04726842443032339,0.051223782206127985,0.0697006442698059
8.232323232323232,84.79797979797979,-0.12453155770918023,0.175601791758272,0.21527679423056822
8.232323232323232,85.0,0.023700600565511907,0.11282389238020202,0.11528637889614432
8.434343434343434,65.0,-0.042539455977274,0.214217255216167,0.21840017799258055
8.434343434343434,65.20202020202021,-0.018960308819309837,0.2936593109530346,0.29427076684566317
8.434343434343434,65.4040404040404,-0.14885901888473632,0.2962881889729891,0.33158060623055136
8.434343434343434,65.60606060606061,0.06565218999893026,0.3869276970752536,0.392457963119128
8.434343434343434,65.8080808080808,0.22468978543794596,0.32733567255817825,0.3970316639882329
8.434343434343434,66.01010101010101,0.07861788785964477,0.26229257091225455,0.2738214108634892
8.434343434343434,66.21212121212122,0.08745490315034524,0.2997126013971303,0.31221147243698677
8.434343434343434,66.41414141414141,0.1489946947954354,0.3125490611752093,0.34624606094321086
8.434343434343434,66.61616161616162,0.3932772009506377,0.2632696762013294,0.4732630127051142
8.434343434343434,66.81818181818181,0.27017143017281514,0.2575576600638111,0.3732673973697274
8.434343434343434,67.02020202020202,0.4422952355303675,0.24096052348063712,0.5036735542481121
8.434343434343434,67.22222222222223,0.33424414274286035,0.314969855480729,0.45926588902231885
8.434343434343434,67.42424242424242,0.5573779447660292,0.16918462396177997,0.5824891503682207
8.434343434343434,67.62626262626263,0.4855569544922694,0.22316389236557274,0.534385328121535
8.434343434343434,67.82828282828282,0.3973629639892598,0.24668253683574995,0.46770674479854457
8.434343434343434,68.03030303030303,0.23107642433997683,0.14108036935819585,0.2707396987957141
8.434343434343434,68.23232323232324,0.6796982090499911,0.2543672976248006,0.7257357490758667
8.434343434343434,68.43434343434343,0.653399148675958,-0.17241636098351526,0.6757646402596577
8.434343434343434,68.63636363636364,0.566614179007556,0.04396216404006732,0.5683170767445691
8.434343434343434,68.83838383838383,0.9808470362711394,0.009547051027145138,0.9808934981664386
8.434343434343434,69.04040404040404,0.6831290429368553,0.07010594127810865,0.6867169229794133
8.434343434343434,69.24242424242425,0.7653247872719942,0.0015514981406743213,0.7653263599010579
8.434343434343434,69.44444444444444,0.6502591457252126,0.33452765361863196,0.7312630905733385
8.434343434343434,69.64646464646465,0.699970016133508,-0.01370019809101286,0.7001040772011519
8.434343434343434,69.84848484848484,0.7551521642314479,-0.06630810897413579,0.7580577527201774
8.434343434343434,70.05050505050505,0.7133233313237967,0.03243190970810747,0.7140602241955463
8.434343434343434,70.25252525252526,0.5837747565171321,-0.11398307630947074,0.5947983759490332
8.434343434343434,70.45454545454545,0.7315183848215643,-0.09638006191681982,0.73784026975155
8.434343434343434,70.65656565656566,0.3890440286261587,-0.058369156583382764,0.3933982900953268
8.434343434343434,70.85858585858585,0.6590638147265332,-0.06368239907155374,0.6621333399198372
8.434343434343434,71.06060606060606,0.5747775649609645,-0.06594139136826235,0.5785477649062678
8.434343434343434,71.26262626262626,0.5923263114555191,-0.1817661599335255,0.6195880858598561
8.434343434343434,71.46464646464646,0.6926104186097728,-0.23811038394904802,0.7323972603110745
8.434343434343434,71.66666666666667,0.8964948039704936,-0.27114626716957374,0.9366019601442694
8.434343434343434,71.86868686868686,0.5928903370697726,-0.1053222659046375,0.6021725097395229
8.434343434343434,72.07070707070707,0.5692903661316403,-0.1519219181392516,0.5892128564291571
8.434343434343434,72.27272727272727,0.5361906842263474,-0.06585028116808159,0.5402191308913763
8.434343434343434,72.47474747474747,0.5029631443286574,-0.11642359025948168,0.516261926663082
8.434343434343434,72.67676767676768,0.4539710392852467,0.09542795411893609,0.4638924432851356
8.434343434343434,72.87878787878788,0.30729178021417036,0.13944966076246518,0.33745287978317895
8.434343434343434,73.08080808080808,0.16483728866654956,-0.2204414805438873,0.2752558411356977
8.434343434343434,73.28282828282828,0.3542008537240456,0.02565673644216853,0.3551288680235748
8.434343434343434,73.48484848484848,0.4256266520830252,-0.044395483031665676,0.4279357497066814
8.434343434343434,73.68686868686869,0.16724884654249844,-0.042012820423128386,0.1724449296143619
8.434343434343434,73.88888888888889,0.19159745455332552,-0.05224916745699462,0.19859395784178002
8.434343434343434,74.0909090909091,0.340595722040781,-0.10157294652467302,0.355418780227192
8.434343434343434,74.29292929292929,0.06976332880061295,0.06176302888340477,0.0931750706047209
8.434343434343434,74.4949494949495,0.14837384556798516,-0.03595519834148614,0.15266818377254615
8.434343434343434,74.6969696969697,0.21796708849722676,0.17244280246868765,0.2779319553257824
8.434343434343434,74.8989898989899,0.10705441915268965,0.021635801305116623,0.10921884708343269
8.434343434343434,75.1010101010101,0.16038578003066814,-0.15385413152193103,0.22224916697799685
8.434343434343434,75.3030303030303,0.1048254781631886,-0.12640225820722287,0.16421300725590093
8.434343434343434,75.5050505050505,0.13395765991079495,-0.09268023442117324,0.16289346365382446
8.434343434343434,75.70707070707071,0.07142494208836603,-0.06437007955930692,0.09615107640998069
8.434343434343434,75.9090909090909,0.09217256677998342,-0.1035403696001658,0.1386231950423501
8.434343434343434,76.11111111111111,0.06630935213771755,-0.1594158688710695,0.17265673872989104
8.434343434343434,76.31313131313131,0.14166063418697578,-0.18407472226601518,0.23227405936859757
8.434343434343434,76.51515151515152,0.20947836428719727,-0.1651693756171122,0.2667622682205758
8.434343434343434,76.71717171717171,0.22569122316811613,-0.08043719832767005,0.23959689290540753
8.434343434343434,76.91919191919192,0.3171684113686636,-0.15328225466424178,0.3522658807847778
8.434343434343434,77.12121212121212,0.592887185948399,-0.17956921839491438,0.6194839137998435
8.434343434343434,77.32323232323232,0.22688232434509192,-0.09661823618552208,0.24659820085278972
8.434343434343434,77.52525252525253,0.3536964942547937,-0.18502671906469817,0.3991692583553724
8.434343434343434,77.72727272727272,0.44318381712887067,-0.19561835694545518,0.4844362056442063
8.434343434343434,77.92929292929293,0.24774330194012611,-0.1372343708165882,0.2832137288155737
8.434343434343434,78.13131313131314,0.3053073479193757,0.06035489272723662,0.31121582506305645
8.434343434343434,78.33333333333333,0.23465849213372886,-0.15549049356905614,0.28149938103097844
8.434343434343434,78.53535353535354,0.4722587189704579,0.07718094098458991,0.47852397567403526
8.434343434343434,78.73737373737373,0.5296816191805505,0.01780391568171319,0.5299807516422943
8.434343434343434,78.93939393939394,0.3710233522190559,-0.6386826275486551,0.7386296951953122
8.434343434343434,79.14141414141415,0.42660426018043607,0.1267767911078275,0.44504331201321845
8.434343434343434,79.34343434343434,-0.3200273201885421,0.014778656497725712,0.3203683729005368
8.434343434343434,79.54545454545455,0.32061067059216314,-0.04279641824784708,0.32345437933718135
8.434343434343434,79.74747474747474,0.5321232311522781,0.12681339773632322,0.5470253842166484
8.434343434343434,79.94949494949495,0.4600299509287313,0.24922535892386993,0.5232024801950224
8.434343434343434,80.15151515151516,0.43271426320912987,0.013844337678141274,0.4329356756729186
8.434343434343434,80.35353535353535,0.7806531894853103,0.12423869632223096,0.7904774860281824
8.434343434343434,80.55555555555556,0.36219856730037614,0.24212574592902758,0.4356749694395274
8.434343434343434,80.75757575757575,0.3900115458663175,0.2545106423966622,0.4657087856184338
8.434343434343434,80.95959595959596,0.38441662134914484,0.1802920797702149,0.42459554024666973
8.434343434343434,81.16161616161617,0.4906525941162595,0.24629916706895205,0.5490020471836826
8.434343434343434,81.36363636363636,0.31288383520188784,0.2602514025090336,0.4069730787638921
8.434343434343434,81.56565656565657,0.01568028896575442,0.16990112021253453,0.17062315819232649
8.434343434343434,81.76767676767676,0.3977578688310364,0.11129090406236503,0.4130338818354089
8.434343434343434,81.96969696969697,0.2002290414394443,0.12595318448598988,0.2365499391627918
8.434343434343434,82.17171717171718,0.2557871487009114,0.1927640884022736,0.3202890245045898
8.434343434343434,82.37373737373737,0.20142703449060265,0.1403927968459363,0.24552594084923648
8.434343434343434,82.57575757575758,0.03332605891533579,0.09011426990400101,0.0960791748671874
8.434343434343434,82.77777777777777,0.2967838647121277,0.23323645572120927,0.3774651065076852
8.434343434343434,82.97979797979798,0.26711828752473554,0.12104585933780206,0.29326486252698986
8.434343434343434,83.18181818181819,-0.05236822053231617,0.1028002635488941,0.11537038054649636
8.434343434343434,83.38383838383838,-0.07626356339683767,0.15600669431127787,0.1736497042091232
8.434343434343434,83.58585858585859,0.18314445695006884,0.22155886880217512,0.28745473462170534
8.434343434343434,83.78787878787878,0.03242404047204685,0.1128596251503079,0.1174249266110094
8.434343434343434,83.98989898989899,-0.088063572715545,-0.13291176135683744,0.1594387943582207
8.434343434343434,84.1919191919192,-0.24709826612619779,0.015539461647836157,0.2475864051010835
8.434343434343434,84.39393939393939,-0.11495007009178895,0.18017557102483092,0.2137212086065187
8.434343434343434,84.5959595959596,0.00043564359817448856,0.09542437674278392,0.09542537116560455
8.434343434343434,84.79797979797979,-0.0028060661487565655,0.11331304839134833,0.11334778755216728
8.434343434343434,85.0,-0.07178461266882014,0.11931764111904566,0.13924701109261164
8.636363636363637,65.0,-0.16694782971488722,0.35484518612329097,0.39215645342309996
8.636363636363637,65.20202020202021,0.4435337227227441,0.2718018655542603,0.5201907508895869
8.636363636363637,65.4040404040404,0.018344952660454345,0.10580389604201992,0.1073825018603351
8.636363636363637,65.60606060606061,-0.6259140335502809,0.1075817658555773,0.6350922875769995
8.636363636363637,65.8080808080808,-0.07562844675490896,0.2414946292582251,0.2530599097429849
8.636363636363637,66.01010101010101,0.018375205767811348,0.26633562529405974,0.2669687500210225
8.636363636363637,66.21212121212122,0.30183477233461675,0.34217350784413586,0.4562750697338732
8.636363636363637,66.41414141414141,0.2172051964619404,0.32931861570322235,0.39449822308694465
8.636363636363637,66.61616161616162,0.28298781431221326,0.23994475000662413,0.3710196573026085
8.636363636363637,66.81818181818181,0.2750304359602539,0.3092832026196172,0.4138814324503269
8.636363636363637,67.02020202020202,0.42060607208170964,0.2865713117603538,0.5089524384419964
8.636363636363637,67.22222222222223,0.5358747541085233,0.22945558435695235,0.5829336302560187
8.636363636363637,67.42424242424242,0.3089667880850656,0.27777088431446784,0.41547218957764587
8.636363636363637,67.62626262626263,0.41852591656991883,0.11717780472632264,0.43462004183098923
8.636363636363637,67.82828282828282,0.605777371862299,0.157146837648573,0.6258285331009933
8.636363636363637,68.03030303030303,0.7449442745707513,0.08335748542636393,0.7495935182432872
8.636363636363637,68.23232323232324,1.0383994582059313,0.08447494981897896,1.041829857485996
8.636363636363637,68.43434343434343,0.5928690387517669,0.028027867689848947,0.5935311773425923
8.636363636363637,68.63636363636364,0.643387397853325,-0.10960830687315651,0.6526571264087083
8.636363636363637,68.83838383838383,0.3459235565101916,-0.03864245932329714,0.34807520252269103
8.636363636363637,69.04040404040404,0.6592193208046206,-0.018875780912455408,0.659489505623221
8.636363636363637,69.24242424242425,0.6500120471133125,-0.005094098644039188,0.6500320078530244
8.636363636363637,69.44444444444444,0.5533097874586138,-0.022163605841662198,0.5537535068253753
8.636363636363637,69.64646464646465,0.5884789653617636,-0.04138945214520334,0.5899326905860802
8.636363636363637,69.84848484848484,0.7326929964843744,-0.02809359598017317,0.7332313940580754
8.636363636363637,70.05050505050505,1.3559597419091,-0.06639728575537944,1.3575844066701248
8.636363636363637,70.25252525252526,0.7439449036880046,0.022444343508803345,0.7442833924513536
8.636363636363637,70.45454545454545,0.5358868828759908,-0.10442305734542583,0.5459660485267486
8.636363636363637,70.65656565656566,0.62018477446694,-0.10674491090438006,0.6293040842745208
8.636363636363637,70.85858585858585,-0.034573950023686364,-0.17020547556380658,0.17368149565265126
8.636363636363637,71.06060606060606,0.7036857946320078,0.03645403116189085,0.7046294018523725
8.636363636363637,71.26262626262626,0.3995505881359669,-0.10371574144066732,0.4127924751038764
8.636363636363637,71.46464646464646,0.5201678993278182,-0.08619428688929906,0.5272609397475504
8.636363636363637,71.66666666666667,0.6047440621388033,-0.2307301027259199,0.6472648306497537
8.636363636363637,71.86868686868686,0.6633889699512406,0.07207159862591415,0.6672924701968866
8.636363636363637,72.07070707070707,0.49759772902456473,0.08471841308798335,0.5047580702143853
8.636363636363637,72.27272727272727,0.48017006456071504,-0.16728874044026176,0.5084769548153883
8.636363636363637,72.47474747474747,0.4949429439633983,-0.12191933296603383,0.5097380126398641
8.636363636363637,72.67676767676768,0.41985530415701483,-0.054221329372314574,0.4233419764064042
8.636363636363637,72.87878787878788,0.37448803150089627,-0.011232616597778938,0.3746564525175684
8.636363636363637,73.08080808080808,0.2550058063500821,-0.10390409815455039,0.2753616220274096
8.636363636363637,73.28282828282828,0.2997163867493825,-0.01899873516014273,0.3003179388977466
8.636363636363637,73.48484848484848,0.413552900529091,-0.005150461427791646,0.41358497166718156
8.636363636363637,73.68686868686869,0.3407397079072804,-0.052963403774139675,0.344831365574655
8.636363636363637,73.88888888888889,0.3461031690905744,0.08031090760783596,0.35529881161542476
8.636363636363637,74.0909090909091,0.07653555831542833,-0.024346665591945475,0.08031470483106037
8.636363636363637,74.29292929292929,0.02737360914790461,0.14283512164406462,0.14543447477423288
8.636363636363637,74.4949494949495,0.3330911661581734,0.1332321538994659,0.35874856348883527
8.636363636363637,74.6969696969697,-0.038034239940475015,0.03975950370121,0.05502200961811698
8.636363636363637,74.8989898989899,0.2143217160423129,-0.011695965771599644,0.2146406149419355
8.636363636363637,75.1010101010101,-0.0786271071352618,-0.00394917249241809,0.07872622142485189
8.636363636363637,75.3030303030303,-0.027499684769668305,-0.8177083961190784,0.8181706751931817
8.636363636363637,75.5050505050505,-0.22514651633126043,-0.26535977038854,0.3480039677313481
8.636363636363637,75.70707070707071,0.016475989144179564,-0.20641375890024352,0.20707027329292582
8.636363636363637,75.9090909090909,0.15309631324715328,-0.056878195488555,0.163320575102786
8.636363636363637,76.11111111111111,0.17221908211453174,-0.12843993951214902,0.2148400109529329
8.636363636363637,76.31313131313131,0.039847194506510634,-0.12916602242271108,0.13517270530156594
8.636363636363637,76.51515151515152,0.18719333614810882,-0.0691664619333117,0.19956288370995023
8.636363636363637,76.71717171717171,0.3607241515225641,-0.13912440622509767,0.38662321955511125
8.636363636363637,76.91919191919192,0.08699877675963653,-0.08298757400547514,0.12023196162829286
8.636363636363637,77.12121212121212,0.1294371885074744,-0.1339180651357375,0.18624723874038804
8.636363636363637,77.32323232323232,0.16645650972225415,-0.09202005492543647,0.19019847564424705
8.636363636363637,77.52525252525253,0.2907441792047637,-0.16981936464556452,0.33670579791573974
8.636363636363637,77.72727272727272,0.2657341849638442,-0.06319791917264271,0.2731458109621131
8.636363636363637,77.92929292929293,0.31937764372118416,-0.14831445351389846,0.3521352814331759
8.636363636363637,78.13131313131314,0.15699029808027304,-0.039723464929540576,0.16193797379657873
8.636363636363637,78.33333333333333,0.3833115636528722,-0.04705472125924787,0.3861889454953306
8.636363636363637,78.53535353535354,0.24081437664309738,-0.14910102437401798,0.283236084331402
8.636363636363637,78.73737373737373,0.6411320325434651,0.14830639138124188,0.6580615996073931
8.636363636363637,78.93939393939394,0.3474938262082027,0.10825715538914003,0.36396644205993084
8.636363636363637,79.14141414141415,0.49796215760892604,-0.02013403044089305,0.49836902952765005
8.636363636363637,79.34343434343434,0.1980492986663449,0.0857683829850098,0.21582340054334795
8.636363636363637,79.54545454545455,0.3527820235077139,0.06208250943028816,0.3582030068094893
8.636363636363637,79.74747474747474,0.3851200440113377,0.07757708729537693,0.3928557658639227
8.636363636363637,79.94949494949495,0.4842363651698876,0.282702427287016,0.5607187528047509
8.636363636363637,80.15151515151516,0.29060145825870826,0.05089615353509011,0.2950247887665632
8.636363636363637,80.35353535353535,0.3884183661091759,0.054189382468064706,0.39218020896418526
8.636363636363637,80.55555555555556,0.34406347873069854,0.22278076302822816,0.4098913828951633
8.636363636363637,80.75757575757575,0.3341564265692624,0.11931569149066469,0.35481932254801785
8.636363636363637,80.95959595959596,0.25416683342705204,0.275007640258099,0.3744729381606404
8.636363636363637,81.16161616161617,0.39428667251260024,0.13470811309559858,0.41666324034504776
8.636363636363637,81.36363636363636,0.5631654066879571,0.29493459747441697,0.6357213950131052
8.636363636363637,81.56565656565657,0.23321627620601737,0.0732418198823369,0.2444467133488975
8.636363636363637,81.76767676767676,0.27062678692758474,0.10625488353701434,0.2907386422170483
8.636363636363637,81.96969696969697,0.08294908495872796,-0.06311427769661945,0.10423033505010076
8.636363636363637,82.17171717171718,0.12441316488130971,0.14834139135450902,0.19360734486267706
8.636363636363637,82.37373737373737,0.36310722099934817,0.1565042365804917,0.39539907689511866
8.636363636363637,82.57575757575758,-0.010713238868567988,0.30393941825580173,0.3041281694561196
8.636363636363637,82.77777777777777,0.09493246714775325,0.15496104316708464,0.18172808868799098
8.636363636363637,82.97979797979798,0.08256422514968818,0.15407277249383297,0.1748006593194225
8.636363636363637,83.18181818181819,0.20600633402571109,0.04727471907765779,0.21136108611233126
8.636363636363637,83.38383838383838,-0.25762894903519007,0.1664407846750111,0.3067168240970977
8.636363636363637,83.58585858585859,-0.09916938379683433,0.10964098848369713,0.14783677836832768
8.636363636363637,83.78787878787878,-0.02011189642281544,0.06399859089112528,0.06708433508481454
8.636363636363637,83.98989898989899,0.07369520017526267,-0.059906776213672366,0.09497265061683315
8.636363636363637,84.1919191919192,0.07537928865541786,0.28096349712396934,0.2908995082057162
8.636363636363637,84.39393939393939,0.057684649448160555,0.2156993674313025,0.22327950172871044
8.636363636363637,84.5959595959596,-0.15826556306801998,0.12498939623931372,0.2016688811530068
8.636363636363637,84.79797979797979,-0.7323404437271389,-0.005681178703210173,0.732362479452573
8.636363636363637,85.0,0.1858900970343037,-0.10745021641782028,0.21471068250941605
8.838383838383837,65.0,0.04097203203252606,0.25775032583005625,0.2609864706730495
8.838383838383837,65.20202020202021,0.020628067442067733,0.07406704101529894,0.07688591373688987
8.838383838383837,65.4040404040404,-0.17550188125343497,0.16102106583148545,0.23817786203802058
8.838383838383837,65.60606060606061,0.051725774214181564,0.30593934703779946,0.3102812269280428
8.838383838383837,65.8080808080808,-0.08310169768364786,0.2909841456196281,0.3026180185644757
8.838383838383837,66.01010101010101,-0.09418671160522925,0.18676631921731487,0.20917168698700736
8.838383838383837,66.21212121212122,0.06823494261624669,0.29195538479870875,0.2998232047504072
8.838383838383837,66.41414141414141,0.020476444627535607,0.674288596006189,0.674599433359221
8.838383838383837,66.61616161616162,0.08414352499203287,-0.02795718994086637,0.08866643822481278
8.838383838383837,66.81818181818181,-0.015313696773508217,0.15772070248846365,0.15846239081348426
8.838383838383837,67.02020202020202,0.30593803043411033,0.1474633254052818,0.339622600551681
8.838383838383837,67.22222222222223,0.14356775404631128,0.23947880449889536,0.27921639960095873
8.838383838383837,67.42424242424242,0.38767924272574783,0.4201420916830491,0.5716769826083756
8.838383838383837,67.62626262626263,0.44608846935345586,0.33022650909764706,0.5550175400840297
8.838383838383837,67.82828282828282,0.5198701449820596,0.23350217237078408,0.5699019495891755
8.838383838383837,68.03030303030303,0.35119955294099564,0.14879914666476327,0.38142143625406916
8.838383838383837,68.23232323232324,0.6548348878803393,0.12284651171440003,0.6662582050719171
8.838383838383837,68.43434343434343,0.5844803202917107,0.06589553151492118,0.5881831907509213
8.838383838383837,68.63636363636364,0.6550947783799291,0.047582890059840635,0.6568205996214608
8.838383838383837,68.83838383838383,0.5549074957486854,0.09988810908451852,0.563826181703686
8.838383838383837,69.04040404040404,0.645067516205619,0.019450690589585436,0.645360697461581
8.838383838383837,69.24242424242425,0.5762213580347565,0.051043409523011445,0.578477729140157
8.838383838383837,69.44444444444444,0.6457950584987596,-0.039943366744480915,0.6470291570928627
8.838383838383837,69.64646464646465,0.593528963326823,-0.023250628894212512,0.5939841934359783
8.838383838383837,69.84848484848484,0.6231294428994265,-0.028816826757421157,0.6237954088581583
8.838383838383837,70.05050505050505,0.6536699151787099,0.08496100573598721,0.6591682110853133
8.838383838383837,70.25252525252526,0.6117913115863364,-0.0412054475915401,0.6131773787769318
8.838383838383837,70.45454545454545,0.045743173248237415,-0.12068290943865616,0.12906123557984847
8.838383838383837,70.65656565656566,0.5985338641410951,-0.05127744675350984,0.6007263628884868
8.838383838383837,70.85858585858585,0.6882725370357515,-0.1531596501308973,0.7051077674127898
8.838383838383837,71.06060606060606,0.41006897428873385,-0.159760557382899,0.4400908989850947
8.838383838383837,71.26262626262626,0.4687610692530015,-0.06539117701233345,0.4733000592417833
8.838383838383837,71.46464646464646,0.49897198263252796,-0.08413894647582112,0.5060162070193966
8.838383838383837,71.66666666666667,0.37807175277899074,-0.18636770213538278,0.42151058189397933
8.838383838383837,71.86868686868686,0.4750731079740649,-0.16460866066344143,0.5027827255242064
8.838383838383837,72.07070707070707,0.6270110441415269,-0.09657105764073326,0.6344043021995497
8.838383838383837,72.27272727272727,0.4231312078876117,-0.14703165634669074,0.44794902283237614
8.838383838383837,72.47474747474747,0.39453960423258,-0.14907585579813812,0.42176428261524007
8.838383838383837,72.67676767676768,-0.6744697466102543,-0.04768268036446571,0.6761531461874893
8.838383838383837,72.87878787878788,0.20011088960170892,-0.01202537934132277,0.20047188801797136
8.838383838383837,73.08080808080808,0.3039003398904316,-0.07134078614039212,0.31216169584471604
8.838383838383837,73.28282828282828,0.2414926349735641,-0.015739610884679196,0.2420050166779114
8.838383838383837,73.48484848484848,0.2684159879036205,-0.09439104834325074,0.28452910671777404
8.838383838383837,73.68686868686869,0.5537267022384206,0.06597737042273745,0.5576435009750724
8.838383838383837,73.88888888888889,0.06272395272632031,-0.011409977048029697,0.06375328871399678
8.838383838383837,74.0909090909091,0.09791245830373664,0.002883051460679995,0.09795489511405693
8.838383838383837,74.29292929292929,0.2539436050818411,-0.028168470881390812,0.25550111020063654
8.838383838383837,74.4949494949495,0.06310066354078658,-0.14372364789704514,0.15696553986184789
8.838383838383837,74.6969696969697,0.20076763242564305,-0.032972163440569566,0.20345713502295698
8.838383838383837,74.8989898989899,0.061108000835842724,-0.007574098189939789,0.06157560173919703
8.838383838383837,75.1010101010101,-0.06385892703460198,0.028689286255699813,0.0700074118066945
8.838383838383837,75.3030303030303,0.2395360859395897,-0.036878460173405354,0.24235832416490247
8.838383838383837,75.5050505050505,0.22003183442976582,-0.014063372654704052,0.22048080781091345
8.838383838383837,75.70707070707071,0.252854081365423,-0.14573193009908267,0.29184410549736284
8.838383838383837,75.9090909090909,0.14477713847434404,-0.2080526395366017,0.2534685792025641
8.838383838383837,76.11111111111111,0.004005143432270401,0.051171219570853355,0.05132772044696261
8.838383838383837,76.31313131313131,0.0022856709549903508,-0.10293540284504071,0.10296077627225476
8.838383838383837,76.51515151515152,0.10496777060254943,-0.020986097944341836,0.10704508009338379
8.838383838383837,76.71717171717171,0.1310380056258428,0.0493900866576016,0.14003692219712557
8.838383838383837,76.91919191919192,0.11879221838531208,-0.161179235309785,0.20022571524145125
8.838383838383837,77.12121212121212,0.22505478313246255,-0.09061499328212795,0.24261230887636315
8.838383838383837,77.32323232323232,0.1858624058850174,-0.1786428515515594,0.2577946902708422
8.838383838383837,77.52525252525253,0.1702674717006501,-0.04641181010864466,0.17647965332267787
8.838383838383837,77.72727272727272,0.04829620508430312,-0.09406666749383286,0.10574053791682912
8.838383838383837,77.92929292929293,0.21608821246970406,-0.12622636691351596,0.25025429321499665
8.838383838383837,78.13131313131314,0.17560439534366368,-0.03954187328474834,0.18000128723673292
8.838383838383837,78.33333333333333,0.3021652839406686,-0.12428055127673823,0.326725441685515
8.838383838383837,78.53535353535354,0.3543969874808808,-0.025086555826486376,0.35528377393114785
8.838383838383837,78.73737373737373,0.43534817744356746,-0.0710402055072237,0.44110627563201193
8.838383838383837,78.93939393939394,0.34778034124967677,0.05294600158194665,0.35178749955513927
8.838383838383837,79.14141414141415,-0.1294521547320273,0.011554306115151543,0.1299667740407808
8.838383838383837,79.34343434343434,0.407789407700838,0.22478186194071917,0.465638364496029
8.838383838383837,79.54545454545455,0.4537332214751979,0.014815882395795212,0.4539750506816724
8.838383838383837,79.74747474747474,0.371784529241544,0.05870677446354998,0.3763910487129982
8.838383838383837,79.94949494949495,0.3157024904156122,0.08763290947915683,0.3276394196039326
8.838383838383837,80.15151515151516,0.28902954121861024,0.18322288936997685,0.3422114885361435
8.838383838383837,80.35353535353535,0.33420062879446294,0.0903997835485152,0.3462111799931262
8.838383838383837,80.55555555555556,0.3187849149226243,0.1346111111971466,0.3460404213960493
8.838383838383837,80.75757575757575,0.28140863008163025,0.12779584454990942,0.3090672984458958
8.838383838383837,80.95959595959596,0.2665194494401187,0.16295890301958327,0.3123911346424702
8.838383838383837,81.16161616161617,0.27321799047600753,0.3169726404336583,0.41847308766900765
8.838383838383837,81.36363636363636,0.42872612336848115,0.1399518984355912,0.45099071247010414
8.838383838383837,81.56565656565657,0.27471791797997763,0.25046665840541105,0.371757288337467
8.838383838383837,81.76767676767676,0.2482095573151747,0.07176678594132296,0.25837657770576394
8.838383838383837,81.96969696969697,0.07458243351471158,0.17799406740062199,0.19298815357112867
8.838383838383837,82.17171717171718,0.24448096049023108,0.08512238962776841,0.25887595728102586
8.838383838383837,82.37373737373737,0.1465283736335562,0.23238719853355735,0.2747259986276691
8.838383838383837,82.57575757575758,0.2033509558228286,0.11960624923941167,0.23591792236110054
8.838383838383837,82.77777777777777,0.07415819055229284,0.10902096143726947,0.13185221749631962
8.838383838383837,82.97979797979798,0.0781970918242903,0.15073095092614144,0.16980755206078246
8.838383838383837,83.18181818181819,0.2830799053317195,0.06655255467453838,0.29079799747646595
8.838383838383837,83.38383838383838,0.07172948707975106,0.144613322133942,0.16142531479089473
8.838383838383837,83.58585858585859,0.022513039920780797,0.21200014226516295,0.21319216047248077
8.838383838383837,83.78787878787878,0.16882143391100998,0.15683613000186453,0.23043057136962375
8.838383838383837,83.98989898989899,-0.08786576690391805,0.1625072396062124,0.1847403472932878
8.838383838383837,84.1919191919192,0.054276861009132066,0.19011186622786014,0.19770811647892564
8.838383838383837,84.39393939393939,-0.1718013593304422,0.015003216711647147,0.17245522195481458
8.838383838383837,84.5959595959596,-0.14718751144118636,0.16066991229147226,0.217896728382963
8.838383838383837,84.79797979797979,-0.16570308576595713,0.031812104207772904,0.1687291397669245
8.838383838383837,85.0,-0.08389500672976519,0.13955890414411176,0.16283445544507072
9.040404040404042,65.0,0.25539456404519834,0.21621835659438415,0.33462928902326106
9.040404040404042,65.20202020202021,-0.06197566494262438,0.09434025776165678,0.11287633622516405
9.040404040404042,65.4040404040404,0.13608389035377744,0.20542828843032532,0.24641348766094734
9.040404040404042,65.60606060606061,0.11609119326652866,0.3599430870924072,0.3782012574009488
9.040404040404042,65.8080808080808,0.00574528357316802,0.18531219702599402,0.18540123691587643
9.040404040404042,66.01010101010101,0.129491728622514,0.7739978554990754,0.784755240886491
9.040404040404042,66.21212121212122,0.170898353185699,0.20483985719867615,0.2667688404194874
9.040404040404042,66.41414141414141,0.6033954933065057,0.4008914701478868,0.7244308746733088
9.040404040404042,66.61616161616162,0.1310490921547285,0.38919140353616494,0.4106626512613833
9.040404040404042,66.81818181818181,0.056398655710490894,0.16680850714777715,0.176084884140634
9.040404040404042,67.02020202020202,0.3878637369670791,0.2011905658382686,0.4369392660729752
9.040404040404042,67.22222222222223,0.3833121631647292,0.2556847271761371,0.46076338194474575
9.040404040404042,67.42424242424242,0.4062918692652155,0.13035496642703703,0.42669134078771376
9.040404040404042,67.62626262626263,0.29431396019481776,0.22463660305973698,0.3702462837082563
9.040404040404042,67.82828282828282,0.41839849548336727,0.17857241874047292,0.4549125297873956
9.040404040404042,68.03030303030303,0.5207959208823643,0.2084967934346093,0.5609806628398379
9.040404040404042,68.23232323232324,0.3410740807247439,0.15529937995888382,0.37476582816185744
9.040404040404042,68.43434343434343,0.23085863409043356,0.23721115110116453,0.3310057992556025
9.040404040404042,68.63636363636364,0.5016390052027856,0.08496167153644299,0.5087830354592288
9.040404040404042,68.83838383838383,0.4792003876690432,0.01590264160036324,0.4794641858909077
9.040404040404042,69.04040404040404,0.5579194791934314,0.10319699378363639,0.5673832609351898
9.040404040404042,69.24242424242425,0.43289801025492236,-0.13225918836774808,0.4526512787901591
9.040404040404042,69.44444444444444,0.41096028389359496,-0.18709949299294912,0.45154686934594374
9.040404040404042,69.64646464646465,0.605286001666038,0.08413713135812312,0.6111057197294368
9.040404040404042,69.84848484848484,0.5639460526479538,-0.04015981181554317,0.5653741776755183
9.040404040404042,70.05050505050505,0.3221236834599489,0.11095263513674729,0.3406965727588018
9.040404040404042,70.25252525252526,0.5285573118826693,0.0013719680567348125,0.5285590924778251
9.040404040404042,70.45454545454545,0.6319321964074261,-0.15515389217888637,0.6507004157940668
9.040404040404042,70.65656565656566,0.5466231925292702,-0.1077719445059109,0.5571460370795764
9.040404040404042,70.85858585858585,0.45617984971196096,-0.06994900792511173,0.46151155889417833
9.040404040404042,71.06060606060606,0.566430625918476,-0.2016953330924183,0.6012692087323764
9.040404040404042,71.26262626262626,0.4058819972407356,-0.08701960174710549,0.4151055369088123
9.040404040404042,71.46464646464646,0.5550561300796415,-0.038967418291285985,0.5564222921731982
9.040404040404042,71.66666666666667,0.3381380329948094,-0.11119479309393104,0.3559516980838846
9.040404040404042,71.86868686868686,0.4050840128745164,-0.07742961836999993,0.41241775336113407
9.040404040404042,72.07070707070707,0.6246083396823557,-0.07826639574089087,0.6294928170384622
9.040404040404042,72.27272727272727,0.3736989107682567,-0.1011753394703158,0.38715284478654566
9.040404040404042,72.47474747474747,2.3488389525019993,-0.10645281458482407,2.351250013614826
9.040404040404042,72.67676767676768,0.15202013227537103,-0.11627333740178433,0.19138863500106396
9.040404040404042,72.87878787878788,0.3036052239867799,-0.18284380163571592,0.3544121722354691
9.040404040404042,73.08080808080808,0.21954902667856335,-0.044219964956900115,0.22395798806091735
9.040404040404042,73.28282828282828,0.24045099316825128,0.001172319719615792,0.24045385097586486
9.040404040404042,73.48484848484848,0.18733789930626796,-0.02157891645580339,0.18857661082937072
9.040404040404042,73.68686868686869,0.01551912588087827,-0.08084623580653855,0.08232227591723264
9.040404040404042,73.88888888888889,0.396496952249503,-0.13122131456986144,0.4176468203405686
9.040404040404042,74.0909090909091,0.15278209434218876,-0.1016107519223788,0.18348600289345415
9.040404040404042,74.29292929292929,0.008983163122684115,-0.06749700202362696,0.06809216182400331
9.040404040404042,74.4949494949495,0.20387672323710698,-0.005011524825512613,0.20393830846355632
9.040404040404042,74.6969696969697,-0.12490974659360246,0.03587866622558514,0.1299604689288436
9.040404040404042,74.8989898989899,-0.09399348518290032,-0.06428962905428276,0.11387682670660164
9.040404040404042,75.1010101010101,-0.017167092165619943,0.012397982107228638,0.021175906444684985
9.040404040404042,75.3030303030303,0.08700867978730768,0.025789640078237447,0.09075029417966245
9.040404040404042,75.5050505050505,-0.11060296006139592,-0.07389316505946776,0.13301584348057371
9.040404040404042,75.70707070707071,-0.024467806760868065,-0.034641947849073436,0.0424115328473884
9.040404040404042,75.9090909090909,0.12553190042011766,-0.16246910880963172,0.20531553604265385
9.040404040404042,76.11111111111111,-0.10732452715802837,-0.03505569803958112,0.11290463274257909
9.040404040404042,76.31313131313131,0.11979450036516912,-0.033248510765233205,0.12432290933631794
9.040404040404042,76.51515151515152,-0.003109308977319279,-0.17058313643755887,0.17061147159318235
9.040404040404042,76.71717171717171,-0.19169795068633022,-0.04189528371763263,0.19622262635873475
9.040404040404042,76.91919191919192,0.33486696094990936,-0.16599027838848981,0.3737494535853082
9.040404040404042,77.12121212121212,-0.01909807033989778,-0.0721389990500358,0.0746242016684182
9.040404040404042,77.32323232323232,0.09053598624658821,-0.015797897703348572,0.09190396279534346
9.040404040404042,77.52525252525253,0.07086172381887981,-0.13769970221617842,0.15486313923270253
9.040404040404042,77.72727272727272,0.08559070316035637,-0.03436756657767932,0.09223284718556324
9.040404040404042,77.92929292929293,0.03638314336810469,-0.0962372500707134,0.10288508843616302
9.040404040404042,78.13131313131314,0.21576725323719026,-0.07103853916664568,0.22716069558013957
9.040404040404042,78.33333333333333,0.3372629852025792,-0.01497390337714907,0.33759522948362786
9.040404040404042,78.53535353535354,0.037686122449732615,-0.17579093699287912,0.17978514219515093
9.040404040404042,78.73737373737373,-0.001252219773667615,-0.016939249643564358,0.01698547122833392
9.040404040404042,78.93939393939394,-0.11550683987033725,0.1404542480298801,0.18184945929661384
9.040404040404042,79.14141414141415,0.32606794646547155,-0.054043152113876086,0.330516214432232
9.040404040404042,79.34343434343434,0.3904429399570835,-0.045267999621853974,0.39305836863256693
9.040404040404042,79.54545454545455,0.3051692461856728,0.05925186444866421,0.3108682233007656
9.040404040404042,79.74747474747474,0.5023042738633098,0.2299139562293059,0.5524219499715395
9.040404040404042,79.94949494949495,0.271575137251777,0.10664496838172384,0.2917639533157933
9.040404040404042,80.15151515151516,0.24856536576703728,0.08805967254131351,0.2637029521772261
9.040404040404042,80.35353535353535,0.5730452402123011,0.07322592504757615,0.5777048410988497
9.040404040404042,80.55555555555556,0.25495400105418625,0.17566352412085917,0.30961139572066415
9.040404040404042,80.75757575757575,0.22229492997817243,0.22627562275516835,0.31719976883226103
9.040404040404042,80.95959595959596,0.33512477292758336,0.23783669151041142,0.4109439198459845
9.040404040404042,81.16161616161617,0.33936577626841746,0.1769325409549716,0.38271955025978
9.040404040404042,81.36363636363636,0.27893595479686856,0.12593439539163884,0.30604695525539594
9.040404040404042,81.56565656565657,-0.046740803813995285,0.1230377905968462,0.13161687071242717
9.040404040404042,81.76767676767676,0.24386837871066996,0.13360810425897307,0.2780699761906117
9.040404040404042,81.96969696969697,0.045619052748892566,0.15121431235167565,0.1579457699139055
9.040404040404042,82.17171717171718,0.1581067478748527,0.1596439720914593,0.22468631811639284
9.040404040404042,82.37373737373737,0.2730648545095839,0.09667571878761806,0.28967328038920476
9.040404040404042,82.57575757575758,0.2146644136084237,0.17670632196686104,0.27803944808768477
9.040404040404042,82.77777777777777,0.01332252408352208,0.19033715717257915,0.1908028381562893
9.040404040404042,82.97979797979798,0.05517502336648678,0.13074335881658256,0.14190880549893306
9.040404040404042,83.18181818181819,0.09808381347592772,0.17937482320048795,0.2044401175508048
9.040404040404042,83.38383838383838,-0.27510601240293214,0.032976129711893606,0.2770753384749676
9.040404040404042,83.58585858585859,0.05967353404442318,0.085706785157653,0.10443459047370761
9.040404040404042,83.78787878787878,0.11433144479440985,0.07085490512679836,0.13450686543557835
9.040404040404042,83.98989898989899,-0.010479800462675857,0.06685782228943125,0.06767417985482108
9.040404040404042,84.1919191919192,0.2879949126641498,0.1117687279926644,0.30892283547437777
9.040404040404042,84.39393939393939,-0.0017872797346765454,0.02307398356176841,0.023143100186853623
9.040404040404042,84.5959595959596,0.02965470921601609,0.11185617103807365,0.11572037321917543
9.040404040404042,84.79797979797979,-0.005886101695469596,0.10851466053300364,0.10867418158772776
9.040404040404042,85.0,-0.01143442220881703,0.17183654709747448,0.17221656403967667
9.242424242424242,65.0,0.11720174642282297,0.14460165132535524,0.1861340563426782
9.242424242424242,65.20202020202021,0.1328387104402557,0.05923616664632844,0.14544774467272326
9.242424242424242,65.4040404040404,0.09496671895911232,0.2564557283518271,0.2734743467207211
9.242424242424242,65.60606060606061,0.07664891531443345,0.24606351352360925,0.25772525857288925
9.242424242424242,65.8080808080808,0.4019980462590752,0.3980080645100056,0.565696781510302
9.242424242424242,66.01010101010101,0.1476835186005057,0.2037639252517041,0.25165484080424116
9.242424242424242,66.21212121212122,0.04314873883488206,0.22048277160782612,0.2246652314865602
9.242424242424242,66.41414141414141,0.1058045156329113,0.34335023752093,0.3592825923058255
9.242424242424242,66.61616161616162,0.27268522231762365,0.3458150591977994,0.44039219525144785
9.242424242424242,66.81818181818181,0.09483103111800015,0.2733060991179106,0.2892907677025872
9.242424242424242,67.02020202020202,0.2456646182145594,0.35099139717802685,0.4284227649594366
9.242424242424242,67.22222222222223,-0.029530001736784734,0.23277719974229355,0.23464280454008843
9.242424242424242,67.42424242424242,0.3002813449060615,0.1758383791813558,0.34797704190322576
9.242424242424242,67.62626262626263,0.17579094518895694,0.26616292727315616,0.3189751718630186
9.242424242424242,67.82828282828282,0.5814575138284676,0.17468926623261752,0.6071319297520703
9.242424242424242,68.03030303030303,0.48562103574842014,0.21157749708218965,0.5297101354825413
9.242424242424242,68.23232323232324,0.6979446860211912,0.2218422854324772,0.7323529097034598
9.242424242424242,68.43434343434343,0.396266206509028,-0.025819203966123798,0.39710645639991793
9.242424242424242,68.63636363636364,0.12983092509636612,0.09797568442792785,0.1626508648931789
9.242424242424242,68.83838383838383,0.315516339933318,0.10652900572457769,0.33301499940030355
9.242424242424242,69.04040404040404,0.315829426580888,0.06995441524260783,0.32348392063029613
9.242424242424242,69.24242424242425,0.37061448164764155,-0.04283435413467529,0.37308159416015796
9.242424242424242,69.44444444444444,0.5371188209509629,0.07553055455112337,0.5424034407067794
9.242424242424242,69.64646464646465,0.46790513857223015,-0.019199517476623473,0.468298879107812
9.242424242424242,69.84848484848484,0.5104553789926882,-0.21410484073071573,0.5535391375204595
9.242424242424242,70.05050505050505,0.26592880710360933,-0.17625904994653696,0.31903821579178326
9.242424242424242,70.25252525252526,0.6231358327644465,0.058977842461582226,0.6259206435135874
9.242424242424242,70.45454545454545,0.6265660238191837,-0.0916838860969017,0.6332384362737401
9.242424242424242,70.65656565656566,0.4747171901141945,-0.07463999660927516,0.4805492063085204
9.242424242424242,70.85858585858585,0.5596747862834534,0.0012925317077743595,0.5596762787894846
9.242424242424242,71.06060606060606,0.46491609909906395,-0.0916587353784922,0.47386527934917866
9.242424242424242,71.26262626262626,0.34165245478720085,-0.2836291751161056,0.44404043604064125
9.242424242424242,71.46464646464646,0.3232543496093249,-0.11553072439459242,0.34327936556176364
9.242424242424242,71.66666666666667,0.34852170485711126,-0.17347854880419522,0.38930988383512294
9.242424242424242,71.86868686868686,0.38106027314731616,-0.08383015466767942,0.3901723037360728
9.242424242424242,72.07070707070707,0.26101405413367235,-0.14753469295184524,0.29982465222141236
9.242424242424242,72.27272727272727,0.25861220884936514,-0.2715567635160444,0.3749978004965583
9.242424242424242,72.47474747474747,0.27606069021966373,0.03332615230956098,0.27806498721039513
9.242424242424242,72.67676767676768,0.3760102585170438,0.28280757641478166,0.47049318782279587
9.242424242424242,72.87878787878788,0.06683229006430286,-0.08975673999789419,0.11190543941332205
9.242424242424242,73.08080808080808,0.2639161330277566,-0.11224316302973336,0.28679304893815655
9.242424242424242,73.28282828282828,0.22152337801967484,-0.05777126406128758,0.22893257950865528
9.242424242424242,73.48484848484848,0.1592063673474503,0.031353209408947286,0.16226426329975616
9.242424242424242,73.68686868686869,0.21610389549264195,-0.056261603589611735,0.22330754954897813
9.242424242424242,73.88888888888889,0.12910115179058254,-0.0137003766002564,0.12982606715388048
9.242424242424242,74.0909090909091,0.2532309946831762,0.3355165359280581,0.42035375881439996
9.242424242424242,74.29292929292929,0.010116107430793088,-0.048264128204445596,0.0493128958882614
9.242424242424242,74.4949494949495,-0.07412706082837006,-0.11127776226407335,0.13370699877550354
9.242424242424242,74.6969696969697,0.10203144375775468,0.016983250470729544,0.10343522761536995
9.242424242424242,74.8989898989899,-0.012048571899535135,-0.0734352001194751,0.07441704577182316
9.242424242424242,75.1010101010101,0.011707582458582718,-0.007774203057732965,0.014053672836926948
9.242424242424242,75.3030303030303,-0.020372334402169047,-0.11167408713565534,0.11351710772643805
9.242424242424242,75.5050505050505,-0.0117745753611091,-0.11044533645925766,0.11107120675734584
9.242424242424242,75.70707070707071,-0.02515747652048774,-0.0659765288785574,0.07061020455813742
9.242424242424242,75.9090909090909,0.10537840578363865,-0.028402842194392052,0.10913903907502917
9.242424242424242,76.11111111111111,-0.05645332404642649,-0.11512159903872518,0.12821840882308533
9.242424242424242,76.31313131313131,0.18351295623170738,-0.14092027860105583,0.23137746222547204
9.242424242424242,76.51515151515152,-0.16882626818915972,0.024879200686683978,0.17064959260861534
9.242424242424242,76.71717171717171,0.21779162970130944,-0.09224792865127547,0.23652246047342546
9.242424242424242,76.91919191919192,-0.12827038721875583,-0.1096981747137958,0.1687808690959613
9.242424242424242,77.12121212121212,0.04710185522521742,-0.06724258837887066,0.08209841933647427
9.242424242424242,77.32323232323232,0.1616346852839281,-0.163258899727468,0.22973732789222115
9.242424242424242,77.52525252525253,0.4082114246009673,-0.13079319079008261,0.4286530367696025
9.242424242424242,77.72727272727272,0.06998536545425846,-0.036632141736569576,0.07899281730622244
9.242424242424242,77.92929292929293,0.17933887916556804,-0.17121976107144243,0.24794886602225882
9.242424242424242,78.13131313131314,-0.04959653081876689,-0.05707962409110583,0.07561679281508071
9.242424242424242,78.33333333333333,0.17025217981657256,-0.04862579116930361,0.1770600810435127
9.242424242424242,78.53535353535354,-0.2581964756830879,-0.04455320861919977,0.26201222958753917
9.242424242424242,78.73737373737373,0.2754837908549591,-0.037396329344440274,0.27801043950229043
9.242424242424242,78.93939393939394,0.4415839293064039,-0.031292394915043466,0.4426912926647667
9.242424242424242,79.14141414141415,0.11054182716854877,0.08068239314027782,0.13685446326884504
9.242424242424242,79.34343434343434,0.5407218635690194,0.047784594013191295,0.5428291638872756
9.242424242424242,79.54545454545455,0.2891138317167799,0.09082116391317978,0.3030433822153244
9.242424242424242,79.74747474747474,0.13407255771583593,0.14317068575440967,0.1961461087859101
9.242424242424242,79.94949494949495,0.22594007038700895,0.08659120936116399,0.2419647762487662
9.242424242424242,80.15151515151516,0.08944613017671427,0.13825115909245017,0.1646632721465102
9.242424242424242,80.35353535353535,0.40640608433595826,0.16744548544646845,0.4395496513270025
9.242424242424242,80.55555555555556,0.2033607665364316,0.10670933188409369,0.22965731618529964
9.242424242424242,80.75757575757575,0.053254059649366386,0.021789379320153728,0.057539307610500634
9.242424242424242,80.95959595959596,0.11503940039915903,0.10344435598851343,0.15470875356642338
9.242424242424242,81.16161616161617,0.09903354075464152,0.11599457970020036,0.15252011249086914
9.242424242424242,81.36363636363636,0.20857531255075745,0.22902990280404392,0.30977145992501626
9.242424242424242,81.56565656565657,0.1208195082437528,0.1653018289236141,0.20474874411764787
9.242424242424242,81.76767676767676,0.43160038988941335,0.05352789620506362,0.4349070386011632
9.242424242424242,81.96969696969697,-0.06160559676729645,0.1293898604747864,0.14330731156064375
9.242424242424242,82.17171717171718,0.09680542277507947,0.06538094649721508,0.11681591519794542
9.242424242424242,82.37373737373737,0.2527935114890726,-0.010700810338686747,0.253019894065428
9.242424242424242,82.57575757575758,0.17426876256445453,0.19807818777327846,0.2638267804399174
9.242424242424242,82.77777777777777,0.05246912459666185,0.1741176877422239,0.1818515279579432
9.242424242424242,82.97979797979798,0.03240648438678785,0.13342913433072728,0.1373080992460328
9.242424242424242,83.18181818181819,0.0406235584571504,0.0713970031752329,0.08214502762873559
9.242424242424242,83.38383838383838,0.04933603894422989,-0.0005974440668736584,0.04933965624241428
9.242424242424242,83.58585858585859,0.061872889592187286,0.06111224381669192,0.08696528509007372
9.242424242424242,83.78787878787878,-0.07499929881416054,0.09998009840746638,0.12498365853255539
9.242424242424242,83.98989898989899,-0.04505453258302794,0.09957111070783313,0.10929005898921772
9.242424242424242,84.1919191919192,0.11410750103544315,0.14502805625600895,0.18453633488814541
9.242424242424242,84.39393939393939,0.005513867889474465,0.17270975290923346,0.17279774734952724
9.242424242424242,84.5959595959596,0.19433092049253747,0.2494194357242378,0.3161875417793593
9.242424242424242,84.79797979797979,-0.14257474401411482,0.08966068752749703,0.16842385970697216
9.242424242424242,85.0,0.06030746645888121,-0.016467169134118324,0.06251526349605144
9.444444444444445,65.0,-0.17925206091805287,0.06799677101332643,0.19171557634059913
9.444444444444445,65.20202020202021,-0.04598191866895113,0.03322210596416237,0.05672781653802717
9.444444444444445,65.4040404040404,0.1187696842251271,0.3279186895788287,0.3487648274497195
9.444444444444445,65.60606060606061,-0.0074867001715940434,0.18033946826272906,0.18049480461426917
9.444444444444445,65.8080808080808,0.2320070558054603,0.20312474887655363,0.3083616992262187
9.444444444444445,66.01010101010101,0.16601489907772993,0.4585718569556287,0.48769774933612564
9.444444444444445,66.21212121212122,0.1356116982268079,0.15209895061134887,0.20377591485019117
9.444444444444445,66.41414141414141,0.0685871909536556,0.24920407183438964,0.25847025395923773
9.444444444444445,66.61616161616162,0.14834674024972888,0.28146272146621487,0.3181635097208487
9.444444444444445,66.81818181818181,0.25753406752087943,0.2834339633699358,0.38296032108488604
9.444444444444445,67.02020202020202,0.23280158981339943,0.12580816803197378,0.2646210032541023
9.444444444444445,67.22222222222223,0.37043440988350224,-0.12338134352229915,0.3904415551079395
9.444444444444445,67.42424242424242,0.17216811100771054,-0.13317456102644157,0.21766332293831395
9.444444444444445,67.62626262626263,0.07103479576704555,0.21621989541520747,0.22758951070519295
9.444444444444445,67.82828282828282,0.42830419319279484,0.25452670952461615,0.4982251777740254
9.444444444444445,68.03030303030303,0.47563765696972715,0.4011471434793101,0.6222139595422639
9.444444444444445,68.23232323232324,0.11368994929564238,0.12573136983471786,0.16951041835639583
9.444444444444445,68.43434343434343,0.31468508814811375,0.02619737605204582,0.3157736645364816
9.444444444444445,68.63636363636364,0.467146115322485,0.052476681865414106,0.4700843490273765
9.444444444444445,68.83838383838383,0.4974056598086089,0.1309202146061755,0.5143466661719162
9.444444444444445,69.04040404040404,0.4220952423972346,-0.09439994338307542,0.43252253463271495
9.444444444444445,69.24242424242425,0.36282291657381077,0.0991990986280258,0.3761395086397323
9.444444444444445,69.44444444444444,0.5092614161180092,-0.19749478325160813,0.5462155063325462
9.444444444444445,69.64646464646465,0.5391726498377692,0.05872939411327798,0.5423617686249599
9.444444444444445,69.84848484848484,0.4118694277867643,0.03528601139570596,0.41337819021522476
9.444444444444445,70.05050505050505,0.3237399498918387,0.04884926419873793,0.32740465141584096
9.444444444444445,70.25252525252526,0.5106826196658107,0.0005706894941143945,0.5106829385393973
9.444444444444445,70.45454545454545,0.5000976765104816,-0.10132951264064154,0.5102600868019879
9.444444444444445,70.65656565656566,0.36373359777376146,-0.03841686132467126,0.36575672978563706
9.444444444444445,70.85858585858585,0.34398369968790093,-0.040702037390463845,0.3463833735887315
9.444444444444445,71.06060606060606,0.4143067968042408,-0.12715065641949533,0.4333790619147388
9.444444444444445,71.26262626262626,0.5491657657381512,0.007381065071225339,0.5492153661182065
9.444444444444445,71.46464646464646,0.3211242615916441,-0.01770868709921386,0.32161217169372885
9.444444444444445,71.66666666666667,0.4325464290095747,-0.025997215354300055,0.4333269763759382
9.444444444444445,71.86868686868686,0.27358665930389164,0.0008158812319560378,0.2735878758484161
9.444444444444445,72.07070707070707,0.6530896611816858,-0.04565460775743273,0.6546834721847605
9.444444444444445,72.27272727272727,0.2100874309603511,-0.16686489759076914,0.2682920473951812
9.444444444444445,72.47474747474747,0.38418101621765,-0.4176687878183275,0.5674876822801155
9.444444444444445,72.67676767676768,0.3123599898126819,-0.01747877998852536,0.3128486390983123
9.444444444444445,72.87878787878788,0.07049206409079248,0.22661218008334466,0.23732301039281173
9.444444444444445,73.08080808080808,-0.09284046745638694,-0.022649742669176513,0.0955633990631369
9.444444444444445,73.28282828282828,0.10364995883478925,0.023271786326362467,0.10623036291603911
9.444444444444445,73.48484848484848,0.43603680007452855,-0.0057708325722934,0.43607498612946355
9.444444444444445,73.68686868686869,0.034769497271111116,-0.03608516317408064,0.05011044743150703
9.444444444444445,73.88888888888889,0.046603386944185664,-0.019622747897011853,0.050566074691429014
9.444444444444445,74.0909090909091,-0.03330351628978237,-0.09256931076838903,0.09837785062400167
9.444444444444445,74.29292929292929,0.15509532186282926,-0.08135130284113677,0.1751359281749035
9.444444444444445,74.4949494949495,0.03738873813822752,-0.03449105769076389,0.05086797420967884
9.444444444444445,74.6969696969697,-0.026322591160911433,0.06563118868872245,0.07071302379420062
9.444444444444445,74.8989898989899,-0.13608946882319686,-0.016767428218509576,0.1371185260044854
9.444444444444445,75.1010101010101,0.054165513437926235,-0.019483604746608197,0.05756312795458757
9.444444444444445,75.3030303030303,0.1071237183668911,-0.044322418090254556,0.11593087501660775
9.444444444444445,75.5050505050505,0.009198112735887429,-0.007677860080327143,0.011981436195847961
9.444444444444445,75.70707070707071,0.042948654717597304,0.08672423202119126,0.09677644011698719
9.444444444444445,75.9090909090909,-0.17205202911859946,-0.08283015647400599,0.19095218130551878
9.444444444444445,76.11111111111111,0.05205390062112902,-0.03755320933942924,0.06418607404698758
9.444444444444445,76.31313131313131,0.044228081699653456,-0.05763539289332115,0.07264958172487103
9.444444444444445,76.51515151515152,0.05136658791938209,-0.035475126827790734,0.062426044067580067
9.444444444444445,76.71717171717171,-0.04384728224416908,-0.07397972236279886,0.08599757834425704
9.444444444444445,76.91919191919192,-0.3785027519410995,-0.10586208334195861,0.39302813374679085
9.444444444444445,77.12121212121212,-0.04965443483269424,-0.15085854635307874,0.15882022511732655
9.444444444444445,77.32323232323232,0.006722717144227576,-0.12716954293856092,0.12734711452170316
9.444444444444445,77.52525252525253,0.023583912321797948,-0.16605055796311444,0.1677169899570818
9.444444444444445,77.72727272727272,0.32582786323855095,-0.15938481435176638,0.3627220912882849
9.444444444444445,77.92929292929293,0.1532859025277193,-0.03759065833125598,0.15782783502131265
9.444444444444445,78.13131313131314,0.03737504369205523,-0.10485208574403433,0.11131421192218613
9.444444444444445,78.33333333333333,-0.025522641949583907,-0.1021036707673229,0.10524526039802708
9.444444444444445,78.53535353535354,0.31550440777995664,0.09394979545348896,0.3291953757183317
9.444444444444445,78.73737373737373,0.04104892550200711,-0.04662294727969721,0.0621185439133497
9.444444444444445,78.93939393939394,0.19339602925546692,-0.09152195797346413,0.21395862432507354
9.444444444444445,79.14141414141415,0.05341814107124816,-0.030916322948034886,0.061719663156363375
9.444444444444445,79.34343434343434,0.09962708112352847,0.03854404206262021,0.10682321129660519
9.444444444444445,79.54545454545455,0.21100377989636218,0.13615906947521036,0.2511212602128852
9.444444444444445,79.74747474747474,0.026369444306846398,0.09166164426125685,0.09537926725305178
9.444444444444445,79.94949494949495,0.0404550770902016,0.24031981778063016,0.2437011039788073
9.444444444444445,80.15151515151516,0.23717107316708674,0.05125442333184925,0.24264610826944666
9.444444444444445,80.35353535353535,0.4797981464328248,-0.05894340742846646,0.4834051991855824
9.444444444444445,80.55555555555556,0.16876824669035495,0.19280033657862242,0.2562317132514369
9.444444444444445,80.75757575757575,0.10984568195331469,0.1239876954871173,0.16564728333418235
9.444444444444445,80.95959595959596,0.11859612785726736,0.16132346340580447,0.20022562620199555
9.444444444444445,81.16161616161617,0.2405356164750032,0.14925398037860152,0.2830797298498531
9.444444444444445,81.36363636363636,0.23584816981713738,0.20624951234706107,0.3133101028525792
9.444444444444445,81.56565656565657,0.12520066735016686,0.15265091198390707,0.19742722212107852
9.444444444444445,81.76767676767676,0.048651176657986156,0.1409140753648387,0.1490762007368514
9.444444444444445,81.96969696969697,0.2572824340551457,0.20471223313393916,0.3287876963452627
9.444444444444445,82.17171717171718,0.11802454033374316,0.07594510559404744,0.14034760840385696
9.444444444444445,82.37373737373737,0.025725036133957872,0.1632825413946048,0.1652965995063851
9.444444444444445,82.57575757575758,0.04827211930894752,0.14816311965216888,0.1558284554490616
9.444444444444445,82.77777777777777,0.1102776717280271,0.22143527187296896,0.24737571528185662
9.444444444444445,82.97979797979798,0.10560362215184758,0.09614246174700745,0.14281280741713953
9.444444444444445,83.18181818181819,0.05006206429391889,0.1371837388808321,0.14603283361865163
9.444444444444445,83.38383838383838,0.36871960036499773,0.04969353234767519,0.3720532097032803
9.444444444444445,83.58585858585859,0.005791101330901553,-0.12913572202508386,0.12926550799638897
9.444444444444445,83.78787878787878,0.09713822848867674,0.12767209330739898,0.1604244334364674
9.444444444444445,83.98989898989899,0.09863197153116653,0.12180952748505999,0.15673489335262403
9.444444444444445,84.1919191919192,0.028271026105344377,0.09440723884644416,0.09854936663245796
9.444444444444445,84.39393939393939,-0.00683465536889531,0.14480788938838104,0.14496909099228417
9.444444444444445,84.5959595959596,-0.06725185446285734,0.05070144432497633,0.08422261207853873
9.444444444444445,84.79797979797979,0.0588626483293821,0.12185127957724232,0.13532385489247556
9.444444444444445,85.0,0.12989171981475578,0.058737946019377756,0.14255527061112244
9.646464646464647,65.0,0.2102224210101883,0.015085156573498359,0.21076296696581165
9.646464646464647,65.20202020202021,0.016878649445885345,0.4410867129172873,0.44140953446804304
9.646464646464647,65.4040404040404,-0.12562487239757766,0.3160776877834073,0.3401274956239392
9.646464646464647,65.60606060606061,0.08584586754043398,0.24518010914287444,0.2597745154804096
9.646464646464647,65.8080808080808,0.17174252013411195,0.2648444520173861,0.31565499677085007
9.646464646464647,66.01010101010101,0.2082033868019474,0.2595682393636637,0.332752642607318
9.646464646464647,66.21212121212122,0.5039887888744063,0.17945537604030695,0.5349849823133906
9.646464646464647,66.41414141414141,-0.03249481456035539,0.3043319330707942,0.30606182130399445
9.646464646464647,66.61616161616162,0.5021846388371485,0.25291317843303673,0.5622761664067741
9.646464646464647,66.81818181818181,0.011364025200736158,0.25123801595342066,0.25149489404155745
9.646464646464647,67.02020202020202,0.3001807250911631,0.3522167542669942,0.4627797637134025
9.646464646464647,67.22222222222223,0.24358577132636036,0.12246001436567037,0.272636173519029
9.646464646464647,67.42424242424242,0.10507763309422789,0.07820259039857992,0.1309845568062634
9.646464646464647,67.62626262626263,0.2087098916960609,0.17276095529440583,0.2709357240491131
9.646464646464647,67.82828282828282,0.1736832121460743,0.19498295019944062,0.26112106205715346
9.646464646464647,68.03030303030303,-0.19807625722271963,0.04474461166144118,0.20306719072290869
9.646464646464647,68.23232323232324,0.1694037251398454,-0.04263584770304159,0.17468668409645094
9.646464646464647,68.43434343434343,0.4065718076802073,0.09788160771958412,0.4181882876529686
9.646464646464647,68.63636363636364,0.18557675462836226,0.12501770386105934,0.2237591520744725
9.646464646464647,68.83838383838383,0.27349684201902136,0.029008652913562714,0.27503095196402366
9.646464646464647,69.04040404040404,0.20561429568359213,-0.11879042730902169,0.23746242694312636
9.646464646464647,69.24242424242425,0.3387409172594524,-0.3417283919592855,0.4811691001060378
9.646464646464647,69.44444444444444,0.2734017155486246,-0.013201736041274116,0.27372026578138947
9.646464646464647,69.64646464646465,0.33471938953415153,0.04592184728286328,0.33785482945783935
9.646464646464647,69.84848484848484,0.3665410578156536,0.03787962476261367,0.3684931655224758
9.646464646464647,70.05050505050505,0.3430973573332621,-0.05992227344280629,0.3482907915286056
9.646464646464647,70.25252525252526,0.35347663794789547,-0.0663903392927761,0.35965735183137504
9.646464646464647,70.45454545454545,0.21138854387808512,-0.04531198470692017,0.21619040783757562
9.646464646464647,70.65656565656566,0.3416786883342868,-0.08914484825927996,0.3531163123292504
9.646464646464647,70.85858585858585,0.3677385618541297,-0.08833934228090667,0.3782003295466131
9.646464646464647,71.06060606060606,0.24965500313490638,-0.038084518549595395,0.25254316689121603
9.646464646464647,71.26262626262626,0.26309226803875474,-0.1279633191479301,0.29256136544173256
9.646464646464647,71.46464646464646,0.24212966374538825,0.006166162622927497,0.24220816589650146
9.646464646464647,71.66666666666667,0.07911335336564114,-0.055746564952478844,0.09678120780790941
9.646464646464647,71.86868686868686,0.17008009534542073,-0.08064670657691692,0.18823158638871093
9.646464646464647,72.07070707070707,0.2885791864669857,-0.01828400576307372,0.28915783186469535
9.646464646464647,72.27272727272727,0.2486030944456466,0.021655670147526125,0.24954451830783528
9.646464646464647,72.47474747474747,0.23660342582327956,0.1200546546946108,0.26531924397818263
9.646464646464647,72.67676767676768,0.15156890515393473,-0.07637024457051343,0.16972197048503324
9.646464646464647,72.87878787878788,0.18616709477600255,-0.016916987028545147,0.18693413713781945
9.646464646464647,73.08080808080808,0.23451065040537278,-0.08119348231287539,0.2481685449923946
9.646464646464647,73.28282828282828,0.044127758888101595,-0.1270239603851009,0.13447061246384695
9.646464646464647,73.48484848484848,-0.0062620365232374225,-0.09325436901504151,0.09346438060465545
9.646464646464647,73.68686868686869,0.09587522374049487,-0.08666327074565518,0.1292384657276025
9.646464646464647,73.88888888888889,0.12348862136441632,-0.14413035861958057,0.1897972599441127
9.646464646464647,74.0909090909091,0.09174501730667683,0.062140181290958094,0.11080862029407085
9.646464646464647,74.29292929292929,0.07751566203445781,0.06402535544758771,0.10053817185939991
9.646464646464647,74.4949494949495,-0.11162816904218652,0.015427603584123966,0.11268921455072728
9.646464646464647,74.6969696969697,-0.03938844570333192,0.037708567235016685,0.054528760281544096
9.646464646464647,74.8989898989899,-0.10871067215227394,-0.001461069936435162,0.10872049008884362
9.646464646464647,75.1010101010101,-0.25200839764390015,0.07107217605502604,0.2618386653881407
9.646464646464647,75.3030303030303,0.07146507488074139,0.06290244031795876,0.09520490494540886
9.646464646464647,75.5050505050505,0.04389921586736619,-0.02830165894873432,0.05223145654698985
9.646464646464647,75.70707070707071,-0.07979122696313198,-0.035162360368604886,0.08719536390757066
9.646464646464647,75.9090909090909,0.08068780851783837,-0.09649932850217106,0.12578808705430444
9.646464646464647,76.11111111111111,-0.1829399864945354,-0.053570065545076415,0.1906221146171781
9.646464646464647,76.31313131313131,-0.08525665453437614,-0.14423601406366868,0.1675491715747016
9.646464646464647,76.51515151515152,-0.0155980410134819,-0.38321854765271435,0.38353585770891613
9.646464646464647,76.71717171717171,0.07129291002781173,-0.13804614752121566,0.1553686514895553
9.646464646464647,76.91919191919192,-0.1359148909107699,-0.09472600844921954,0.16566796385544216
9.646464646464647,77.12121212121212,0.0745878602320493,-0.1474971025992829,0.16528382912184456
9.646464646464647,77.32323232323232,0.08085486990558599,-0.007035434608710912,0.08116038028239322
9.646464646464647,77.52525252525253,0.048777023830198,-0.07613435464151339,0.0904192347369266
9.646464646464647,77.72727272727272,-0.2734791928430714,-0.05527639951040212,0.2790095863244333
9.646464646464647,77.92929292929293,0.20670823051204326,-0.050257531982285816,0.21273013910203345
9.646464646464647,78.13131313131314,0.030284143865143717,-0.048816106790276474,0.05744685937285344
9.646464646464647,78.33333333333333,0.05775400195401919,0.025459857954608034,0.06311678943651737
9.646464646464647,78.53535353535354,0.13607393027376163,-0.03962449634034257,0.1417258452448754
9.646464646464647,78.73737373737373,-0.12167759669933367,0.0158972403862135,0.12271169378027
9.646464646464647,78.93939393939394,-0.1364830552702172,0.04358375469723975,0.1432730541637273
9.646464646464647,79.14141414141415,0.00029533042842826455,0.055215607870450975,0.05521639767827455
9.646464646464647,79.34343434343434,0.10200775740381744,-0.09133304273184317,0.13692080654602048
9.646464646464647,79.54545454545455,0.11825065688878995,0.12533692912983638,0.17231530303002096
9.646464646464647,79.74747474747474,0.22501326675584096,0.019446146187571327,0.2258519931673919
9.646464646464647,79.94949494949495,0.23671806730833544,0.11660524598031687,0.2638791897447084
9.646464646464647,80.15151515151516,0.1153730956842966,0.025185822761811003,0.11809012183907347
9.646464646464647,80.35353535353535,0.11285115476412899,0.022623618100374013,0.11509653004130474
9.646464646464647,80.55555555555556,0.24648453848739438,0.1392924111919785,0.2831201220842825
9.646464646464647,80.75757575757575,0.29578350940433207,0.12488791453161173,0.3210683348316955
9.646464646464647,80.95959595959596,0.09612633255617799,0.004043483394166282,0.09621133804630214
9.646464646464647,81.16161616161617,0.08451493499645435,0.18714848837684037,0.20534685519674084
9.646464646464647,81.36363636363636,0.10558594165891863,0.13470426303775612,0.17115381841064944
9.646464646464647,81.56565656565657,0.247324694098397,0.12417907573229456,0.2767488882734538
9.646464646464647,81.76767676767676,0.018688887813559554,-0.21620165125633267,0.2170078997033811
9.646464646464647,81.96969696969697,0.29573288853381513,0.2896913530419638,0.4139794939219063
9.646464646464647,82.17171717171718,-0.15170740931239235,0.24091656820919738,0.2847032329952974
9.646464646464647,82.37373737373737,0.09894993182503407,0.15182110502977447,0.18122013392733352
9.646464646464647,82.57575757575758,0.20265867340286325,0.15009610169698034,0.252189170366292
9.646464646464647,82.77777777777777,-0.018202838711498026,0.1586737707697657,0.15971446042062992
9.646464646464647,82.97979797979798,-0.5585344243176713,0.019251965593112187,0.5588661211122667
9.646464646464647,83.18181818181819,0.04785672682743168,0.02027937611905933,0.05197614258882332
9.646464646464647,83.38383838383838,-0.09846105129387465,0.2126976828366959,0.2343819167640599
9.646464646464647,83.58585858585859,-0.2995208293443639,0.16467110691128406,0.3418030144140381
9.646464646464647,83.78787878787878,0.02723600673628925,0.03937526251329691,0.04787704419583814
9.646464646464647,83.98989898989899,-0.37286766386731,0.08510388667921037,0.38245648940209287
9.646464646464647,84.1919191919192,0.3042563454725934,0.08998933219097188,0.3172853663006146
9.646464646464647,84.39393939393939,-0.010118828264735459,0.031183302167387794,0.03278397504137992
9.646464646464647,84.5959595959596,0.025746898167386872,0.15735389913852402,0.15944639330928304
9.646464646464647,84.79797979797979,0.029055927733034666,0.09856731365347779,0.10276070385750773
9.646464646464647,85.0,0.049500527183792636,0.10828847932746415,0.1190659352901913
9.848484848484848,65.0,0.12531416856103175,0.028942946929346326,0.1286131214888187
9.848484848484848,65.20202020202021,-0.1267959116466517,0.3759693706061288,0.39677471043940554
9.848484848484848,65.4040404040404,-0.0382040802333426,-0.12496272519754967,0.13067224049228662
9.848484848484848,65.60606060606061,-0.04032377632943911,0.4837260249932257,0.48540382589470127
9.848484848484848,65.8080808080808,0.320164401704801,0.15459691183602675,0.3555354402422203
9.848484848484848,66.01010101010101,0.031120707811876525,0.34504920972605047,0.3464497879740788
9.848484848484848,66.21212121212122,-0.11091603341230301,0.3287157746450597,0.3469242380814877
9.848484848484848,66.41414141414141,0.322662100772177,0.17520281330934603,0.367160533099929
9.848484848484848,66.61616161616162,0.1542116362684143,0.31854601936668275,0.35391071644546274
9.848484848484848,66.81818181818181,0.37940390990904077,0.11123220457559926,0.3953731530959272
9.848484848484848,67.02020202020202,0.3581726550440678,0.29728665414721855,0.465475032150345
9.848484848484848,67.22222222222223,-0.08008136685792774,0.28056784844785715,0.2917727590103191
9.848484848484848,67.42424242424242,0.046024496656138794,0.45093095631233443,0.4532736277936401
9.848484848484848,67.62626262626263,0.16866128741119538,0.15173416671672177,0.22686975827646083
9.848484848484848,67.82828282828282,-0.017316534190409467,0.13474750205957287,0.13585562803087037
9.848484848484848,68.03030303030303,0.13397383727866857,0.009492924168269964,0.13430973413880204
9.848484848484848,68.23232323232324,0.20271936607996205,0.2205453747082027,0.2995586815451076
9.848484848484848,68.43434343434343,0.3370272937737401,0.06133538337444835,0.342563024861326
9.848484848484848,68.63636363636364,0.10853479107394355,0.10960683041392354,0.15425128248040976
9.848484848484848,68.83838383838383,0.12220595799208098,0.1221531013155577,0.17278795192307583
9.848484848484848,69.04040404040404,0.14398054876335598,0.03516571165922221,0.1482127717124833
9.848484848484848,69.24242424242425,0.20763293321071422,-0.08392132622070014,0.22395138746684756
9.848484848484848,69.44444444444444,0.239647487480303,0.17154848375820353,0.2947198679006229
9.848484848484848,69.64646464646465,0.2300275530070704,0.050086768646091656,0.23541741553213028
9.848484848484848,69.84848484848484,0.27412657289666376,-0.080149858243156,0.28560353244395964
9.848484848484848,70.05050505050505,0.17859248043016643,0.01399855446688575,0.1791402623459108
9.848484848484848,70.25252525252526,0.09535543571114184,-0.11611431628165612,0.150250436156499
9.848484848484848,70.45454545454545,0.28742807475139553,-0.022174138772269623,0.28828213712539613
9.848484848484848,70.65656565656566,0.19893599303193882,-0.1164820028787701,0.2305289272916816
9.848484848484848,70.85858585858585,0.22998265441514956,-0.11399787707913611,0.2566856780390911
9.848484848484848,71.06060606060606,0.2309461692794585,-0.07815705804463774,0.24381275361852828
9.848484848484848,71.26262626262626,0.17656500428259123,-0.054509723068615935,0.18478774484886346
9.848484848484848,71.46464646464646,0.27365340730409515,0.05481564940255496,0.2790894887819404
9.848484848484848,71.66666666666667,0.10544123257218342,-0.17743371068834393,0.2063990678636321
9.848484848484848,71.86868686868686,0.1701830535385654,-0.20188279805283732,0.2640434355581538
9.848484848484848,72.07070707070707,0.16962797064069493,-0.007878421342493325,0.16981082988587717
9.848484848484848,72.27272727272727,0.25686185533850964,-0.06357729223842776,0.2646130851192206
9.848484848484848,72.47474747474747,0.14928420410576287,0.08282182990824649,0.17071973847461688
9.848484848484848,72.67676767676768,0.2371833803728019,0.04753597058413729,0.2419000298148911
9.848484848484848,72.87878787878788,0.6593430362059268,-0.03468689008568923,0.6602548142475501
9.848484848484848,73.08080808080808,0.18505471354548136,-0.2632360590673377,0.32177394207533816
9.848484848484848,73.28282828282828,-0.1880147522332396,-0.19564892565828698,0.27134488970417037
9.848484848484848,73.48484848484848,0.081658433349665,0.007539488859440183,0.08200575363584742
9.848484848484848,73.68686868686869,-0.04713973133298436,-0.042810477884924286,0.06367802828983903
9.848484848484848,73.88888888888889,0.11937734665377615,-0.08714076195256665,0.14779872559589183
9.848484848484848,74.0909090909091,0.026267085589528113,0.151116922862099,0.15338280268881896
9.848484848484848,74.29292929292929,-0.04501782479532908,-0.024865186390593694,0.051428416692932626
9.848484848484848,74.4949494949495,-0.03337096806222548,-0.026643041775851486,0.04270214496345401
9.848484848484848,74.6969696969697,-0.10367915701025726,0.1020103364738306,0.1454492225687773
9.848484848484848,74.8989898989899,-0.016098402321588514,-0.001986787569065236,0.016220538898332526
9.848484848484848,75.1010101010101,0.09856493439641927,-0.024801438599783003,0.10163738312840034
9.848484848484848,75.3030303030303,-0.060003003347506106,0.018010600929724688,0.06264776258231916
9.848484848484848,75.5050505050505,-0.1005199240331206,-0.0269366738831062,0.10406651491958954
9.848484848484848,75.70707070707071,0.023458413835451563,-0.12458698960913402,0.12677624051667477
9.848484848484848,75.9090909090909,-0.09894072121489135,0.06232310692320722,0.11693346813929865
9.848484848484848,76.11111111111111,0.04950682156546883,-0.07252425318601723,0.08781054994534938
9.848484848484848,76.31313131313131,-0.060544041414059446,-0.047529426866866085,0.07697160105545497
9.848484848484848,76.51515151515152,0.025168923063684203,-0.17364539624668057,0.17545996217329002
9.848484848484848,76.71717171717171,-0.1352737509325537,-0.10285490098861205,0.16993563001542603
9.848484848484848,76.91919191919192,-0.046409412811708954,-0.13503050005023987,0.14278329573639012
9.848484848484848,77.12121212121212,0.18892880117794017,-0.1172824504965487,0.22237190719380234
9.848484848484848,77.32323232323232,-0.05789830832102498,-0.17539163931966714,0.18470095086294677
9.848484848484848,77.52525252525253,-0.021967257684833697,-0.08577760865200017,0.08854579920158595
9.848484848484848,77.72727272727272,0.06194155440698544,-0.13318492806276053,0.1468842443063116
9.848484848484848,77.92929292929293,-0.026489319285075703,-0.07512233252902045,0.07965581510967926
9.848484848484848,78.13131313131314,0.055515002615970324,-0.1129888382499653,0.1258904010817664
9.848484848484848,78.33333333333333,-0.004740043281815386,-0.15101748284986538,0.15109185330990837
9.848484848484848,78.53535353535354,-0.04343335943441347,-0.05702399913690695,0.07168119132188665
9.848484848484848,78.73737373737373,-0.041294827417875136,-0.054457252657745286,0.06834365470547794
9.848484848484848,78.93939393939394,0.026346328970179474,0.06559374868890042,0.07068711988239118
9.848484848484848,79.14141414141415,-0.06788318266520627,-0.046995246857314495,0.08256318620267564
9.848484848484848,79.34343434343434,0.019734928515121323,0.09739418614652665,0.09937351205749564
9.848484848484848,79.54545454545455,0.12358180145059106,0.10465201524797771,0.16193982198716986
9.848484848484848,79.74747474747474,-0.02218258119065015,-0.02276947739649812,0.03178861445847278
9.848484848484848,79.94949494949495,-0.15027992480561456,0.007781232863699127,0.15048123931062063
9.848484848484848,80.15151515151516,0.15122183286448165,0.08764429476589503,0.17478433894346576
9.848484848484848,80.35353535353535,0.1637285786595134,0.10270384179332856,0.19327474379487228
9.848484848484848,80.55555555555556,-0.013185534732882764,0.15327680308435498,0.15384289613093025
9.848484848484848,80.75757575757575,0.08397212887828592,0.06714733919206113,0.10751782916765558
9.848484848484848,80.95959595959596,0.3394484732120465,0.15144294414308182,0.3716991139304936
9.848484848484848,81.16161616161617,0.16648011340632943,0.06539217805865934,0.17886241950460055
9.848484848484848,81.36363636363636,-0.0923469732509862,0.13491662077541808,0.16349451987781222
9.848484848484848,81.56565656565657,0.2380822669155136,0.17628912017942164,0.2962448644504482
9.848484848484848,81.76767676767676,0.1231633761658684,0.20418009112059485,0.23845068009672277
9.848484848484848,81.96969696969697,0.1084390440118601,0.08732458174599234,0.1392286207764719
9.848484848484848,82.17171717171718,0.07151372990558327,0.06350042732753836,0.09563742905258743
9.848484848484848,82.37373737373737,0.2499301000042893,0.10463211361944116,0.27094821292753657
9.848484848484848,82.57575757575758,0.24536117899378385,0.13515242372880862,0.2801219123827893
9.848484848484848,82.77777777777777,0.16445581693882955,0.1974859977949196,0.25699500977659623
9.848484848484848,82.97979797979798,0.05332079768931996,0.12333295838267067,0.13436564326362213
9.848484848484848,83.18181818181819,0.1100018272946294,0.119976345563132,0.16277200466554909
9.848484848484848,83.38383838383838,-0.02107086244204348,0.1676223302819161,0.1689414894369979
9.848484848484848,83.58585858585859,0.1393370916069559,0.16966092213579487,0.21954419508940215
9.848484848484848,83.78787878787878,0.2162230011626236,0.10321941856548944,0.23959681675842365
9.848484848484848,83.98989898989899,-0.04990451622643337,0.08308352826065395,0.0969192107274571
9.848484848484848,84.1919191919192,0.03668505113348887,0.09653015432267245,0.10326598505909704
9.848484848484848,84.39393939393939,-0.13091144788869236,0.13257413269961724,0.18631615026446186
9.848484848484848,84.5959595959596,-0.023020437271216984,0.1269284133632296,0.12899908003960694
9.848484848484848,84.79797979797979,-0.12126362855431874,0.07584043853542347,0.14302670983912458
9.848484848484848,85.0,0.5094566235569955,0.048336203384809304,0.51174450641287
10.05050505050505,65.0,0.35642790783433187,0.19850399114547776,0.4079763326270813
10.05050505050505,65.20202020202021,0.0475787581696808,0.24881126478537324,0.25331952888213355
10.05050505050505,65.4040404040404,-0.04521221114169946,0.15693880040594557,0.16332155739270562
10.05050505050505,65.60606060606061,-0.053982222462633705,0.2306987692104825,0.23693037470370223
10.05050505050505,65.8080808080808,0.15631903877149855,0.3110030102352853,0.3480783162707126
10.05050505050505,66.01010101010101,0.05959478635574114,0.025263877119574993,0.06472868025766797
10.05050505050505,66.21212121212122,-0.018264613174537918,0.2269067524916008,0.227640660736829
10.05050505050505,66.41414141414141,-0.051919201979388666,0.3806425327363961,0.38416707467214695
10.05050505050505,66.61616161616162,0.6006412571884485,0.24112834741073083,0.6472347331238877
10.05050505050505,66.81818181818181,0.09631295153291618,0.2825212321179217,0.2984869029461937
10.05050505050505,67.02020202020202,0.13625958884679468,0.25464833676949516,0.28881213785464027
10.05050505050505,67.22222222222223,0.16409164086253827,0.24080163142436253,0.29139576575097104
10.05050505050505,67.42424242424242,-0.026296967595495935,0.40044362314653276,0.40130614974535456
10.05050505050505,67.62626262626263,0.12191256371133682,0.10222260677543606,0.1590978771908544
10.05050505050505,67.82828282828282,0.16819669216622435,0.06236202413792913,0.17938547686543438
10.05050505050505,68.03030303030303,0.09563099989693732,0.2325271113609057,0.25142423443084216
10.05050505050505,68.23232323232324,0.35597495083824143,0.13585824164125138,0.3810191956399848
10.05050505050505,68.43434343434343,0.11677181578814466,0.15750118952887232,0.19606703360195502
10.05050505050505,68.63636363636364,0.14981979764353848,0.06339967473456874,0.16268217641278326
10.05050505050505,68.83838383838383,0.13379483023437694,0.044090766957241415,0.14087246831202865
10.05050505050505,69.04040404040404,0.12869136393162856,0.032263436662142986,0.13267402344029133
10.05050505050505,69.24242424242425,0.13430594503520826,0.017340259792492728,0.13542072028117236
10.05050505050505,69.44444444444444,0.1802437462740188,0.05570530304130341,0.1886554766176066
10.05050505050505,69.64646464646465,-0.07902921520300413,-0.08870937512678925,0.11880643960235554
10.05050505050505,69.84848484848484,0.1720451730266154,-0.054717810734801864,0.18053692246564865
10.05050505050505,70.05050505050505,0.37201056538670685,0.020581153813681502,0.3725794474358988
10.05050505050505,70.25252525252526,0.22712653736210625,-0.06839915045945044,0.23720225074327347
10.05050505050505,70.45454545454545,0.26576593706043056,-0.09091014204253305,0.2808846511075361
10.05050505050505,70.65656565656566,0.2828849282647131,-0.10440780742149322,0.3015375148963981
10.05050505050505,70.85858585858585,0.2867401860568942,-0.017496596942787646,0.2872735024406544
10.05050505050505,71.06060606060606,0.10223148830827464,-0.061433494204352596,0.11927007760490943
10.05050505050505,71.26262626262626,0.06038989173448307,-0.12449670890192391,0.138370407064202
10.05050505050505,71.46464646464646,0.16648394717297046,-0.1338035021526066,0.213589049004379
10.05050505050505,71.66666666666667,-0.14437580119850799,-0.03642252466053466,0.1488992017250541
10.05050505050505,71.86868686868686,0.760174534098972,-0.010050870574247073,0.7602409764619961
10.05050505050505,72.07070707070707,0.029955033164249772,-0.05466965034391966,0.06233838849856273
10.05050505050505,72.27272727272727,0.10836703677365334,-0.08822434599613334,0.13973886318969317
10.05050505050505,72.47474747474747,0.23165631585319407,-0.035817980193984675,0.23440899381178082
10.05050505050505,72.67676767676768,0.10050810224277591,-0.03443469893152698,0.10624324499444283
10.05050505050505,72.87878787878788,0.11909158537487285,0.18298391271760617,0.21832525740405104
10.05050505050505,73.08080808080808,0.04087942091263759,-0.01653463005360481,0.044096723746352894
10.05050505050505,73.28282828282828,-0.08857064549565799,-0.11863779153278849,0.148052979785261
10.05050505050505,73.48484848484848,-0.017474026602692302,0.03300198931947653,0.03734264190914244
10.05050505050505,73.68686868686869,0.03105202698279844,0.009319614882397504,0.03242041951142285
10.05050505050505,73.88888888888889,-0.3950729439438753,0.02105143675960355,0.395633408632441
10.05050505050505,74.0909090909091,0.09912093126041577,0.0323019794025848,0.10425150784164745
10.05050505050505,74.29292929292929,0.02747848630899752,0.06026305512709364,0.06623219023318563
10.05050505050505,74.4949494949495,-0.05371510622905945,0.06536752481000639,0.08460629962943624
10.05050505050505,74.6969696969697,-0.030799091622445138,0.004667271507680206,0.03115072179090195
10.05050505050505,74.8989898989899,-0.017563582865715008,0.04836208717383311,0.05145260847508385
10.05050505050505,75.1010101010101,-0.09394767816880564,0.08298707884272166,0.1253515914863373
10.05050505050505,75.3030303030303,-0.2157669701073818,-0.08850543902070701,0.23321363194626485
10.05050505050505,75.5050505050505,-0.09389107602507529,-0.009684995512830785,0.0943892647244909
10.05050505050505,75.70707070707071,-0.09396019274645034,-0.09913960959504278,0.13659128819806773
10.05050505050505,75.9090909090909,-0.08603640554928044,-0.0039022154281087035,0.0861248533530689
10.05050505050505,76.11111111111111,0.10008482070017022,-0.026644718698387585,0.10357080847952008
10.05050505050505,76.31313131313131,0.002005714038542052,-0.05940908293976924,0.05944293082065171
10.05050505050505,76.51515151515152,-0.0881656395820081,-0.08025972374917564,0.11922584979440717
10.05050505050505,76.71717171717171,-0.058403596744751235,-0.14672356816052726,0.15792018733043728
10.05050505050505,76.91919191919192,-0.014090266158535661,-0.08792920421837662,0.08905099974113348
10.05050505050505,77.12121212121212,-0.06815499222069597,-0.042652422700069276,0.08040107043310128
10.05050505050505,77.32323232323232,-0.10990727217180041,-0.06992883026697864,0.1302676083251478
10.05050505050505,77.52525252525253,-0.08961088433080854,-0.12972668269560622,0.15766776079387962
10.05050505050505,77.72727272727272,-0.15116994487031343,-0.192569588808258,0.24481707204742723
10.05050505050505,77.92929292929293,-0.13082756627152067,-0.06027029462749985,0.14404291204712147
10.05050505050505,78.13131313131314,-0.09639946670311943,-0.07908561609795155,0.12468918098310858
10.05050505050505,78.33333333333333,0.0971586088624061,-0.0967857031483424,0.13713959169400014
10.05050505050505,78.53535353535354,-0.06726349494121027,0.03549100518635663,0.07605254236936601
10.05050505050505,78.73737373737373,-0.09757274715365644,0.021244252421442684,0.0998586964067594
10.05050505050505,78.93939393939394,0.008151889657966545,-0.02895572015062472,0.030081340303200525
10.05050505050505,79.14141414141415,0.11285877276125122,0.05277629022839522,0.12458908218398411
10.05050505050505,79.34343434343434,-0.019921151901293115,0.068617169236554,0.07145045981036292
10.05050505050505,79.54545454545455,-0.01798737472012625,0.032755693783944564,0.03736952133209337
10.05050505050505,79.74747474747474,0.32073999828375666,-0.0025930942165430263,0.3207504803374113
10.05050505050505,79.94949494949495,0.028058459009471584,0.09061764370810957,0.09486218674053475
10.05050505050505,80.15151515151516,0.22108644622477813,0.13155418506014735,0.25726585531535506
10.05050505050505,80.35353535353535,0.08990764228649961,0.08873100968713787,0.12631934223077687
10.05050505050505,80.55555555555556,0.002195064045791778,0.13425036479301944,0.13426830881940802
10.05050505050505,80.75757575757575,0.1492300136248338,0.21872109752952826,0.26478012665415335
10.05050505050505,80.95959595959596,-0.02107130322476226,0.13525181550326482,0.13688335697417367
10.05050505050505,81.16161616161617,-0.006168393245702503,0.37752664576602474,0.37757703497244
10.05050505050505,81.36363636363636,-0.051537777915736466,0.037819530211302584,0.06392542074867714
10.05050505050505,81.56565656565657,0.035120903257148416,0.12238126473014077,0.1273210579697906
10.05050505050505,81.76767676767676,-0.020226573138894477,0.19991766701633262,0.20093826874489662
10.05050505050505,81.96969696969697,0.03058073427367593,0.1755587250879322,0.178202265033914
10.05050505050505,82.17171717171718,0.048230214191384485,0.2467870432520088,0.251455758092782
10.05050505050505,82.37373737373737,0.10597413719694908,0.09741727926923205,0.14394667087104632
10.05050505050505,82.57575757575758,0.1474244163692005,0.09831784139669211,0.17720145732669496
10.05050505050505,82.77777777777777,0.05186308810929727,0.04366976927384976,0.06779991634702807
10.05050505050505,82.97979797979798,-0.07239069688676722,0.07826012200057432,0.10660703396726028
10.05050505050505,83.18181818181819,-0.043840069498929685,0.10499436985173306,0.11377947703445247
10.05050505050505,83.38383838383838,0.08084591516271014,0.13091318028820642,0.15386462482217464
10.05050505050505,83.58585858585859,0.11399708637486501,0.14626963064992715,0.1854457887157984
10.05050505050505,83.78787878787878,0.02776164471050299,0.053233114157002936,0.06003726642581843
10.05050505050505,83.98989898989899,0.1146216757072486,0.11741052554084348,0.16408339358300317
10.05050505050505,84.1919191919192,0.451157002888238,0.08562377408214136,0.45921026985811975
10.05050505050505,84.39393939393939,0.0826889823930049,0.07103037217484585,0.10900817208121505
10.05050505050505,84.5959595959596,0.16898607049685363,0.06643479464018293,0.18157608311903542
10.05050505050505,84.79797979797979,0.06641491555485138,0.09988584035779466,0.11995049859063063
10.05050505050505,85.0,0.1936301023359417,0.22652940541463376,0.29800702684355407
10.252525252525253,65.0,-0.11335453123409787,0.21486072451020116,0.24292875640473408
10.252525252525253,65.20202020202021,-0.0743651020404293,0.15435858375393,0.1713380891103974
10.252525252525253,65.4040404040404,0.19350802240331536,0.252291534220364,0.31795655831214914
10.252525252525253,65.60606060606061,-0.15482120976153174,0.28120755261465497,0.32100980458476364
10.252525252525253,65.8080808080808,0.2299006500718492,0.24965802062136375,0.3393868532575122
10.252525252525253,66.01010101010101,0.00011195835386493269,0.23455768876279012,0.234557715482597
10.252525252525253,66.21212121212122,-0.3492438615252007,0.2435591840966713,0.4257843949358287
10.252525252525253,66.41414141414141,0.04847809699788447,0.18710885937462315,0.19328696579182156
10.252525252525253,66.61616161616162,0.05543497867538902,0.20291087411552317,0.21034699830296252
10.252525252525253,66.81818181818181,0.020284068904035744,0.37015843135942217,0.370713781451097
10.252525252525253,67.02020202020202,0.19840361765491468,0.15841022357285955,0.2538853962538234
10.252525252525253,67.22222222222223,0.17262581471011607,0.267280831112354,0.31818031772006583
10.252525252525253,67.42424242424242,0.027685611514913642,0.21839361224144505,0.22014146123077627
10.252525252525253,67.62626262626263,0.19297370899182334,0.11957043690027502,0.22701528966698162
10.252525252525253,67.82828282828282,0.1349229181758429,0.12023035311184077,0.18071948333946486
10.252525252525253,68.03030303030303,-0.03463262707642886,0.11438632527197626,0.11951422621362424
10.252525252525253,68.23232323232324,-0.14469408499985534,0.16645116065728402,0.2205501464930421
10.252525252525253,68.43434343434343,0.1598802494229767,0.061506129260576706,0.1713029424504203
10.252525252525253,68.63636363636364,0.02190343730586375,0.11224889409839,0.11436596868003819
10.252525252525253,68.83838383838383,0.11600294005263076,0.058864381937128826,0.13008342539191697
10.252525252525253,69.04040404040404,0.08331284928857727,0.016651340366060422,0.08496056728016582
10.252525252525253,69.24242424242425,-0.0009328515329358796,-0.05876102557401665,0.05876842977732806
10.252525252525253,69.44444444444444,0.28474780818812806,-0.001001383992421799,0.2847495689862291
10.252525252525253,69.64646464646465,0.13992947633516714,-0.008211363530326804,0.1401701995377808
10.252525252525253,69.84848484848484,0.09124130293188945,-0.000991590093057413,0.09124669096258488
10.252525252525253,70.05050505050505,0.19801133184221598,0.12469711407785326,0.23400396961862277
10.252525252525253,70.25252525252526,0.043681820397100786,-0.13626337737198946,0.14309370861790457
10.252525252525253,70.45454545454545,-0.2360253173788542,-0.09842423905582948,0.2557250110519265
10.252525252525253,70.65656565656566,0.03596145383678825,-0.02825920090273901,0.045736294096885656
10.252525252525253,70.85858585858585,-0.035398674109617535,-0.090615243106979,0.0972840604213034
10.252525252525253,71.06060606060606,0.1047339281423345,-0.12055017770176715,0.15969201936243188
10.252525252525253,71.26262626262626,0.15393113793060798,-0.08437569739328077,0.17553932190598875
10.252525252525253,71.46464646464646,0.05203851575654963,0.06848582419705851,0.08601345963333337
10.252525252525253,71.66666666666667,0.02369488308337815,-0.07864382940442963,0.08213585932908957
10.252525252525253,71.86868686868686,0.002482183180935446,0.0021507309876954185,0.003284338156334107
10.252525252525253,72.07070707070707,-0.7902674651801916,-0.05173406294998342,0.7919590139594588
10.252525252525253,72.27272727272727,0.1512740156801677,-0.09183005432467865,0.1769649306989299
10.252525252525253,72.47474747474747,0.08581474893649986,-0.023593314814510383,0.08899896425785583
10.252525252525253,72.67676767676768,-0.011198599790993803,-0.07957573807653107,0.08035985768842253
10.252525252525253,72.87878787878788,0.20212861535436288,-0.0429143078909718,0.20663401212489949
10.252525252525253,73.08080808080808,-0.3702289406795599,0.03978013140846637,0.37235994329624655
10.252525252525253,73.28282828282828,0.05527828268607273,-0.11988624766885526,0.1320166690870493
10.252525252525253,73.48484848484848,-0.14039355344168114,-0.023048948646488043,0.14227299069637436
10.252525252525253,73.68686868686869,-0.051007591857348614,0.03395527633832337,0.06127589426762991
10.252525252525253,73.88888888888889,0.062383926270141575,-0.10890452114368221,0.12550676867170626
10.252525252525253,74.0909090909091,-0.04443893614840192,-0.03293778140727371,0.05531470410329507
10.252525252525253,74.29292929292929,0.07653646318544927,-0.014626837393421719,0.07792159244440036
10.252525252525253,74.4949494949495,-0.08386598545698361,0.05035862687052725,0.09782379473806961
10.252525252525253,74.6969696969697,-0.07627767592119411,0.10340784945541885,0.1284969539441822
10.252525252525253,74.8989898989899,-0.08422631580966616,0.02545132749043926,0.08798773974762171
10.252525252525253,75.1010101010101,0.07106242611899416,0.009524877712602827,0.07169791978403238
10.252525252525253,75.3030303030303,-0.17443964281074198,-0.02613303208272819,0.17638629297588898
10.252525252525253,75.5050505050505,-0.169745186999935,0.0089655447035892,0.1699817916762703
10.252525252525253,75.70707070707071,0.1316984710795391,0.007530749127204297,0.1319136060727061
10.252525252525253,75.9090909090909,0.05762357867413147,0.03180597696667718,0.06581866748893218
10.252525252525253,76.11111111111111,-0.35884630965445713,-0.11137278396774809,0.3757320467585234
10.252525252525253,76.31313131313131,-0.23393024035265514,-0.04621475987418575,0.23845159127520968
10.252525252525253,76.51515151515152,-0.07132032490716653,0.0976777934707404,0.12094436771580731
10.252525252525253,76.71717171717171,0.033437654596768215,-0.14620657794679207,0.14998146612113164
10.252525252525253,76.91919191919192,-0.13188574465846187,-0.06319747262337835,0.14624558177975722
10.252525252525253,77.12121212121212,-0.03072189177743801,0.03106349832252509,0.04368953607464987
10.252525252525253,77.32323232323232,0.044709155963521235,-0.1256899537320531,0.13340492155889946
10.252525252525253,77.52525252525253,-0.08971311342500267,-0.1658556280218527,0.18856439766544097
10.252525252525253,77.72727272727272,-0.27568713213480556,-0.08147713405076898,0.28747507404615225
10.252525252525253,77.92929292929293,-0.26558048236728976,-0.16809700786766277,0.3143081237710909
10.252525252525253,78.13131313131314,-0.13655120568532597,-0.10772021673427933,0.17392491732755347
10.252525252525253,78.33333333333333,-0.13389958372076838,-0.06647619978942654,0.14949308900092612
10.252525252525253,78.53535353535354,-0.09260721764382371,-0.04751533739701412,0.10408556118733579
10.252525252525253,78.73737373737373,-0.434015504282717,-0.05420956391925684,0.4373878539444107
10.252525252525253,78.93939393939394,-0.10186188886076973,0.013745763398772088,0.10278516631157837
10.252525252525253,79.14141414141415,0.1327451499509285,-0.1275457668435465,0.18409018842731087
10.252525252525253,79.34343434343434,-0.17394239770265413,0.020579442767520186,0.17515556280966338
10.252525252525253,79.54545454545455,-0.10474667055124083,0.08032615066332116,0.13200058890761343
10.252525252525253,79.74747474747474,-0.009206420289802356,0.17856356594689457,0.17880074177201685
10.252525252525253,79.94949494949495,0.03105696865896183,0.08665905146681377,0.0920561051935808
10.252525252525253,80.15151515151516,-0.03884072536804112,0.15311914623065181,0.15796858830007732
10.252525252525253,80.35353535353535,-0.05834175983072133,0.20345833315184164,0.2116578707940514
10.252525252525253,80.55555555555556,-0.06809108381194287,0.13346198752830485,0.14982822767986823
10.252525252525253,80.75757575757575,0.0019215178815590664,0.2791575957574572,0.2791642088449969
10.252525252525253,80.95959595959596,-0.400079268496934,0.11393782157720767,0.4159870770430271
10.252525252525253,81.16161616161617,0.0630569588878013,0.09403155895145901,0.11321711064596011
10.252525252525253,81.36363636363636,0.21007531401324778,0.31931198567799196,0.3822195465375715
10.252525252525253,81.56565656565657,-0.09969180759260013,0.19334799186195248,0.21753597968641794
10.252525252525253,81.76767676767676,-0.0186083111842194,0.1202627660136591,0.12169388700499652
10.252525252525253,81.96969696969697,0.15557374266448898,0.21847959764761238,0.2682098506671581
10.252525252525253,82.17171717171718,0.17611006620864478,0.2016580010719528,0.26773252476370696
10.252525252525253,82.37373737373737,-0.04854851390701128,0.12718457388880472,0.13613549881590803
10.252525252525253,82.57575757575758,-0.1846475947782917,0.18264346951521512,0.2597178684918763
10.252525252525253,82.77777777777777,0.11641660551771982,0.006255365958489113,0.11658454290146278
10.252525252525253,82.97979797979798,0.04325968821647821,0.23241295628214526,0.23640470146000325
10.252525252525253,83.18181818181819,-0.018849165254544196,0.07500363904701157,0.07733587072689824
10.252525252525253,83.38383838383838,0.1813136004905674,0.06334065622495445,0.19205900253271377
10.252525252525253,83.58585858585859,0.11729907578365094,0.011469362620314297,0.1178584721545929
10.252525252525253,83.78787878787878,0.028409339016354666,0.3331919613187394,0.33440091750887063
10.252525252525253,83.98989898989899,0.1793483252921223,0.1402264200694026,0.22766042842481315
10.252525252525253,84.1919191919192,0.13077256160322223,0.1138083131689766,0.1733603040336409
10.252525252525253,84.39393939393939,0.31069260280645206,0.16642259806010046,0.35245762097551747
10.252525252525253,84.5959595959596,0.005408765863686781,0.05747579204060944,0.057729727340977165
10.252525252525253,84.79797979797979,0.03425413318540352,0.18592367315432973,0.18905279125017274
10.252525252525253,85.0,0.05098666534519383,0.14058373623474985,0.14954406352892952
10.454545454545453,65.0,0.2564346532568678,0.18424693612523638,0.31576203834930344
10.454545454545453,65.20202020202021,-0.09384690578656951,0.2246162670464327,0.24343317183076676
10.454545454545453,65.4040404040404,0.1476939347120975,0.23152100849249813,0.27461878254067895
10.454545454545453,65.60606060606061,0.18987587015321317,0.40534388488025236,0.4476120095308605
10.454545454545453,65.8080808080808,-0.02736807531927342,0.23303006500394685,0.23463167463585372
10.454545454545453,66.01010101010101,0.22351586477457236,0.20759502318711176,0.30504923448188226
10.454545454545453,66.21212121212122,0.03608714649985574,0.28577635524882855,0.28804584246575526
10.454545454545453,66.41414141414141,-0.09146386779705791,0.27287190571826425,0.2877928352873208
10.454545454545453,66.61616161616162,0.08210614495672036,0.13374190661568086,0.15693411555443093
10.454545454545453,66.81818181818181,0.056191262456964534,0.25546929968209287,0.26157603303163396
10.454545454545453,67.02020202020202,0.004707213928298943,0.146041955620777,0.1461177972202831
10.454545454545453,67.22222222222223,-0.014493104097708952,0.2177690339180927,0.21825077823459518
10.454545454545453,67.42424242424242,0.24941659364071608,-0.07472296031545153,0.2603692723453415
10.454545454545453,67.62626262626263,-0.03819137550949739,0.041423150588987365,0.05634233371121009
10.454545454545453,67.82828282828282,0.032298882464734564,0.017060433166575243,0.03652774545878678
10.454545454545453,68.03030303030303,0.0879984985498213,0.1594374768781309,0.18210997990304492
10.454545454545453,68.23232323232324,0.1712131731477925,0.11365719915685327,0.20550403786669638
10.454545454545453,68.43434343434343,0.06902499343864545,0.08324204987451002,0.10813735980925121
10.454545454545453,68.63636363636364,0.006440295964375233,-0.0033940958095708884,0.007279924345300202
10.454545454545453,68.83838383838383,0.35482616704877895,0.04703414334693388,0.35792990858952806
10.454545454545453,69.04040404040404,-0.06193502395537434,0.18010561402552996,0.1904572902145412
10.454545454545453,69.24242424242425,0.1264036259169829,0.04375226669842907,0.13376149478161126
10.454545454545453,69.44444444444444,0.08797933541271977,-0.2167832451598042,0.23395584806043987
10.454545454545453,69.64646464646465,0.08655735896578934,0.006275580672268594,0.08678455682842809
10.454545454545453,69.84848484848484,0.03437794679813765,-0.006525892227512507,0.03499186327449127
10.454545454545453,70.05050505050505,0.007129026630395307,0.13583570690963426,0.13602265359982119
10.454545454545453,70.25252525252526,-0.025986940111257652,0.0851462820024092,0.08902365076304097
10.454545454545453,70.45454545454545,0.03469065894878415,-0.11748412722458519,0.12249882435363768
10.454545454545453,70.65656565656566,0.20118022994375223,-0.06255125073827067,0.2106801933954472
10.454545454545453,70.85858585858585,0.06857116661371934,-0.1084322819528576,0.12829483489318838
10.454545454545453,71.06060606060606,0.002024675739054292,-0.0982387043924742,0.09825956621398368
10.454545454545453,71.26262626262626,0.016663108268726613,-0.045516652302023716,0.04847086562006734
10.454545454545453,71.46464646464646,-0.04426295322098239,-0.1335055743684883,0.14065186602140348
10.454545454545453,71.66666666666667,-0.07615525716796898,-0.047592119087538194,0.08980330168519367
10.454545454545453,71.86868686868686,-0.002927812874900017,-0.08844435673665206,0.08849280381359041
10.454545454545453,72.07070707070707,7.523240258603238e-05,-0.12728811902291415,0.12728814125560148
10.454545454545453,72.27272727272727,-0.0773154292543715,-0.09847093186294147,0.12519664541330086
10.454545454545453,72.47474747474747,0.07676187725867671,-0.05434253189596734,0.09405050012169194
10.454545454545453,72.67676767676768,-0.02865985896560894,-0.13497110120160433,0.13798038148774017
10.454545454545453,72.87878787878788,0.07143142070674051,-0.05441960845808942,0.08979945238649907
10.454545454545453,73.08080808080808,0.1398402588693885,0.0556889213848426,0.15052094195049662
10.454545454545453,73.28282828282828,-0.00616245205174016,0.005463410232325636,0.008235573243962862
10.454545454545453,73.48484848484848,0.11166926812113036,0.11633071074426266,0.1612540222908384
10.454545454545453,73.68686868686869,0.19899545197124321,0.07227410936115843,0.21171380868802123
10.454545454545453,73.88888888888889,-0.11520857815733963,-0.06986885591388385,0.1347392797507501
10.454545454545453,74.0909090909091,-0.07921722779910224,0.03815600754867844,0.08792752749980898
10.454545454545453,74.29292929292929,0.1351022580001612,-0.059185769522088115,0.14749771330655895
10.454545454545453,74.4949494949495,-0.16012676339031992,0.17246612923693558,0.23534048969064134
10.454545454545453,74.6969696969697,-0.10453568710973427,-0.04719830171845782,0.11469694662287588
10.454545454545453,74.8989898989899,-0.010596396850649824,0.0788261679174113,0.07953520211051446
10.454545454545453,75.1010101010101,-0.138756893311706,0.07455189024591483,0.15751653811824043
10.454545454545453,75.3030303030303,-0.12683067427609443,0.05563453426489299,0.13849628637692893
10.454545454545453,75.5050505050505,-0.0712133806241403,0.01686544464372223,0.07318325493546417
10.454545454545453,75.70707070707071,-0.1290378425105731,-0.07943455570335133,0.1515275995968137
10.454545454545453,75.9090909090909,-0.06006865198614317,0.11693019937214201,0.13145689208497688
10.454545454545453,76.11111111111111,-0.18366614533959089,-0.10559172973661485,0.2118557677588081
10.454545454545453,76.31313131313131,-0.17881855825606457,-0.08975286456785364,0.2000791180381227
10.454545454545453,76.51515151515152,-0.04645446181159349,0.03604065992017701,0.05879580078276553
10.454545454545453,76.71717171717171,-0.0758348031090595,-0.07147587186112424,0.10420996891323629
10.454545454545453,76.91919191919192,-0.13859492693407183,-0.05146768006276054,0.14784274031180356
10.454545454545453,77.12121212121212,-0.13899467109708868,-0.1508748206017097,0.2051407567622435
10.454545454545453,77.32323232323232,-0.008648420629800275,-0.12751688944018166,0.12780982854182016
10.454545454545453,77.52525252525253,-0.22678380585240768,-0.3989096108624059,0.4588679246093571
10.454545454545453,77.72727272727272,0.07751444324323331,-0.09514517455436101,0.12272364544898537
10.454545454545453,77.92929292929293,-0.17144738768821055,-0.1505049292177269,0.22813579391218855
10.454545454545453,78.13131313131314,-0.08660554809969415,-0.09851402914564213,0.13116987039772837
10.454545454545453,78.33333333333333,-0.19673423827892556,0.0019847420264644455,0.19674424950198843
10.454545454545453,78.53535353535354,-0.15035137672529242,0.11824087938465931,0.1912758271210671
10.454545454545453,78.73737373737373,-0.14583042841813806,0.0036095210794390466,0.14587509209951027
10.454545454545453,78.93939393939394,-0.005509499936396281,-0.05320608544188124,0.05349057970893489
10.454545454545453,79.14141414141415,-0.03076991838804104,0.02463070359625822,0.039413949779912104
10.454545454545453,79.34343434343434,-0.2772656530216581,0.08679462419903036,0.2905332152015969
10.454545454545453,79.54545454545455,-0.10788959592659031,0.11334418792183681,0.15648344910840759
10.454545454545453,79.74747474747474,0.08935030471257216,0.008440733882809207,0.0897481082848541
10.454545454545453,79.94949494949495,0.0465700346301323,0.11883768733577196,0.12763684443281423
10.454545454545453,80.15151515151516,-0.12016763045867512,0.2195680000709404,0.2503005514680405
10.454545454545453,80.35353535353535,-0.3033537802850364,-0.21798770237577147,0.3735534157256363
10.454545454545453,80.55555555555556,0.0430168529884423,0.10284322803320636,0.11147725863744291
10.454545454545453,80.75757575757575,0.10618211099193253,0.10707942429625267,0.15080001260716122
10.454545454545453,80.95959595959596,-0.09127614861923719,0.321312983883426,0.33402600036349245
10.454545454545453,81.16161616161617,-0.04566984473549668,0.05568630078306643,0.0720187393187809
10.454545454545453,81.36363636363636,-0.13119074922915394,0.16138345393344777,0.2079798833704741
10.454545454545453,81.56565656565657,0.08768711735267733,0.2453491770931934,0.26054797878688174
10.454545454545453,81.76767676767676,0.1408091026549291,0.11593066648334624,0.1823927707497181
10.454545454545453,81.96969696969697,0.031227611484528753,0.16765210864117253,0.17053560698827733
10.454545454545453,82.17171717171718,0.17177690644236596,0.2773326869226677,0.32622189506937727
10.454545454545453,82.37373737373737,-0.06905924896903999,0.1881922448014768,0.2004632157568735
10.454545454545453,82.57575757575758,0.116827863969161,0.08165180953836475,0.1425333918788372
10.454545454545453,82.77777777777777,0.1819520098619871,0.1637131899180066,0.2447622161322003
10.454545454545453,82.97979797979798,0.20352461117227627,0.1832629668956033,0.2738751218862444
10.454545454545453,83.18181818181819,0.16932801534505496,0.11102741076006253,0.20248225285387067
10.454545454545453,83.38383838383838,-0.04217651437707427,-0.041610789096945176,0.05924792092782669
10.454545454545453,83.58585858585859,0.25008076008597974,0.2032535864845406,0.3222613954292539
10.454545454545453,83.78787878787878,0.14082991631383374,0.19778999290821037,0.2428043381482121
10.454545454545453,83.98989898989899,0.08718570873585622,0.08074870995982729,0.1188347675049262
10.454545454545453,84.1919191919192,0.001610111632718552,0.1496341705769114,0.14964283298477757
10.454545454545453,84.39393939393939,-0.08926002443933793,-0.14038763814088548,0.16636117607689424
10.454545454545453,84.5959595959596,0.013776275632757035,0.1034023794314693,0.10431604786608453
10.454545454545453,84.79797979797979,0.3451272728427718,0.17331767210007817,0.38620182537383124
10.454545454545453,85.0,0.08976996474465429,0.04214249237659539,0.09916973446555091
10.656565656565657,65.0,0.07855731870673083,0.2363333618055703,0.2490476063420676
10.656565656565657,65.20202020202021,0.18658160344535218,0.23772463323812482,0.3022014162647813
10.656565656565657,65.4040404040404,-0.017269767335767516,0.17111695092327814,0.17198620804329376
10.656565656565657,65.60606060606061,0.07398412271309991,0.20149476068581074,0.21464805845257293
10.656565656565657,65.8080808080808,0.007483028425670661,0.13480894953692127,0.13501647525271715
10.656565656565657,66.01010101010101,0.46641537449561854,0.04074516370703623,0.46819170211720035
10.656565656565657,66.21212121212122,0.02095575118138785,0.07919748360665783,0.08192304265103363
10.656565656565657,66.41414141414141,0.14152604360724222,0.14343229821931033,0.20150048434580053
10.656565656565657,66.61616161616162,-0.0037274509464486696,0.22909247249435477,0.2291227942482696
10.656565656565657,66.81818181818181,-0.19941499981470975,0.20109712008420882,0.28320733369258533
10.656565656565657,67.02020202020202,0.17478801480633632,0.20857909549842535,0.2721324846446695
10.656565656565657,67.22222222222223,0.07794483436967548,0.23559816550795878,0.24815699223602725
10.656565656565657,67.42424242424242,-0.32402702327860267,0.17416475399776393,0.36786801077274134
10.656565656565657,67.62626262626263,0.35304764843126957,0.36150417091833226,0.5052998195667598
10.656565656565657,67.82828282828282,0.024605694735518713,0.16510696528343846,0.16693037530217228
10.656565656565657,68.03030303030303,-0.12730919529077006,0.275928615148568,0.303881937375998
10.656565656565657,68.23232323232324,0.1012096489362039,0.10969105881515795,0.14924986238445945
10.656565656565657,68.43434343434343,-0.1879791431502596,0.09194244810213979,0.2092595804796532
10.656565656565657,68.63636363636364,-0.02053407022573239,0.11353703660330497,0.11537897001055056
10.656565656565657,68.83838383838383,0.028428072471754426,0.3201558542244398,0.3214155041354416
10.656565656565657,69.04040404040404,0.07674134590253924,0.03216244042641806,0.08320851365765446
10.656565656565657,69.24242424242425,-0.2687019474913461,0.16568148743009228,0.315675611764181
10.656565656565657,69.44444444444444,-0.07376119395021699,0.1012317379654363,0.12525405584037702
10.656565656565657,69.64646464646465,-0.04999646946015306,0.01991309577324498,0.05381615316756155
10.656565656565657,69.84848484848484,-0.08394754595672918,0.01963741880543495,0.08621379639882011
10.656565656565657,70.05050505050505,-0.010651740053617052,-0.08464198461612155,0.08530958402152472
10.656565656565657,70.25252525252526,0.003236834459531877,-0.012510301830255604,0.0129222578987772
10.656565656565657,70.45454545454545,-0.10040614726603687,-0.02239706922619261,0.10287382134795979
10.656565656565657,70.65656565656566,0.025592786946043677,-0.10699491863200271,0.11001319628451153
10.656565656565657,70.85858585858585,0.05903698694320108,-0.034283607430396004,0.06826955079516196
10.656565656565657,71.06060606060606,-0.03927427491586524,-0.09380875011138935,0.10169832971896861
10.656565656565657,71.26262626262626,-0.061524407183631134,-0.08434967299845816,0.10440363985151124
10.656565656565657,71.46464646464646,0.06217777006851937,0.1360807527742912,0.14961298862836553
10.656565656565657,71.66666666666667,-0.07084854253481668,-0.0975814756059653,0.12058880694635522
10.656565656565657,71.86868686868686,0.0539412743801645,-0.1598476456709002,0.16870367781493636
10.656565656565657,72.07070707070707,-0.06817528956375161,-0.006107261196581573,0.06844829250189263
10.656565656565657,72.27272727272727,-0.041242462210353735,-0.10315723470962851,0.11109615547853058
10.656565656565657,72.47474747474747,-0.034176404309024806,-0.07853576808833397,0.08564983059363576
10.656565656565657,72.67676767676768,0.17147337157700387,-0.13364484264849721,0.2174029924507177
10.656565656565657,72.87878787878788,-0.04600570717105405,0.008603921464984857,0.04680333916382891
10.656565656565657,73.08080808080808,0.03172792862967726,-0.01343460501286865,0.03445504414424235
10.656565656565657,73.28282828282828,-0.08773404920225127,-0.12202343037061827,0.15028965682586468
10.656565656565657,73.48484848484848,-0.15730059562012363,-0.06849456325445921,0.17156626293611682
10.656565656565657,73.68686868686869,-0.049874468162068475,0.038571903054900866,0.06304961760174167
10.656565656565657,73.88888888888889,0.04556328406700752,-0.026918801003945378,0.05292102325598809
10.656565656565657,74.0909090909091,0.14824816294925702,0.03364821194302298,0.1520188145750126
10.656565656565657,74.29292929292929,-0.09245723453106941,0.018112238300091583,0.09421461348099072
10.656565656565657,74.4949494949495,-0.023132065812760574,0.008781605065055653,0.02474285869265105
10.656565656565657,74.6969696969697,0.14390333747013523,0.1177012675063809,0.18590793126613037
10.656565656565657,74.8989898989899,-0.11986377210217564,0.025959733791005482,0.12264269909400302
10.656565656565657,75.1010101010101,0.02291468226654521,0.06469416999108724,0.0686324871632408
10.656565656565657,75.3030303030303,-0.06330488265215949,-0.012313648374142578,0.06449134906237973
10.656565656565657,75.5050505050505,-0.0961698802919762,-0.09987674883236822,0.1386506791642111
10.656565656565657,75.70707070707071,-0.008416038675703282,-0.033494589841171214,0.03453573881675653
10.656565656565657,75.9090909090909,-0.21915471920988372,-0.08107301816698234,0.23366990654910363
10.656565656565657,76.11111111111111,-0.20544650413306234,-0.08582340733260131,0.2226520229117041
10.656565656565657,76.31313131313131,-0.006596225005864674,-0.09636446357516272,0.09658995819678595
10.656565656565657,76.51515151515152,-0.1797672938299999,-0.0930091094533033,0.20240299990923571
10.656565656565657,76.71717171717171,-0.07648221497988572,-0.11392383152658513,0.13721577386702744
10.656565656565657,76.91919191919192,-0.41153966176243095,0.012458162012283988,0.4117281858268394
10.656565656565657,77.12121212121212,-0.08451809758262183,-0.05740541324757467,0.10216990892190521
10.656565656565657,77.32323232323232,-0.0804164371275751,-0.06943093583994048,0.10624245014071904
10.656565656565657,77.52525252525253,-0.07881220368649673,0.016697550405423943,0.08056160151997677
10.656565656565657,77.72727272727272,0.15579671998217234,-0.023169464952092624,0.15751013320853255
10.656565656565657,77.92929292929293,-0.19611979588774883,-0.1438290823447487,0.2432072763450649
10.656565656565657,78.13131313131314,-0.18160060366300937,-0.051418139297167126,0.18873951440954884
10.656565656565657,78.33333333333333,-0.15369540225073042,-0.11037863169278185,0.18922399162734257
10.656565656565657,78.53535353535354,-0.20363577666280147,-0.002168774215268867,0.203647325341285
10.656565656565657,78.73737373737373,-0.37794263775741715,-0.021075609393651502,0.37852981222929855
10.656565656565657,78.93939393939394,-0.2234707260743797,-0.04798689192670319,0.22856488621176163
10.656565656565657,79.14141414141415,-0.02549182208927478,0.03343384873385206,0.0420434921788062
10.656565656565657,79.34343434343434,-0.09008687139457322,0.059505864565241186,0.10796569971671188
10.656565656565657,79.54545454545455,-0.07100391992417011,0.0723578361869206,0.10137659050417507
10.656565656565657,79.74747474747474,0.06125826050805271,0.05612574719659744,0.08308233253134396
10.656565656565657,79.94949494949495,0.11806158530179048,0.02688139008923909,0.12108322368149022
10.656565656565657,80.15151515151516,-0.15126971330756656,0.09228372932123503,0.17719710173021555
10.656565656565657,80.35353535353535,-0.07785090161348007,0.06801238682519466,0.10337527578532338
10.656565656565657,80.55555555555556,-0.05978946730967265,0.22958368486668695,0.2372413302064812
10.656565656565657,80.75757575757575,-0.11195200363215081,0.1249342297213329,0.16775521712696714
10.656565656565657,80.95959595959596,-0.0378654188720132,0.21854463335528093,0.22180069142080505
10.656565656565657,81.16161616161617,0.012342871049341828,0.06837568126420061,0.06948079054015027
10.656565656565657,81.36363636363636,-0.05363837483046266,0.16911788795402435,0.1774202222985958
10.656565656565657,81.56565656565657,-0.01891885007832035,0.1360401906694111,0.13734939521401499
10.656565656565657,81.76767676767676,0.011709086539847794,0.12062953098578086,0.12119647871719338
10.656565656565657,81.96969696969697,-0.046255176593859554,0.10848319324949207,0.11793279687744107
10.656565656565657,82.17171717171718,-0.26634585968367774,0.1608686050947469,0.31115723529393785
10.656565656565657,82.37373737373737,0.011046163468701128,0.14530937981847966,0.14572862996202376
10.656565656565657,82.57575757575758,0.08406588530743499,0.10733914250938942,0.13634061972564826
10.656565656565657,82.77777777777777,-0.022113408131895555,0.07224052826409476,0.07554930008334464
10.656565656565657,82.97979797979798,0.28551636027164706,0.15068340825108054,0.3228390953786898
10.656565656565657,83.18181818181819,0.2223567075023204,0.14415457155736963,0.2649963129406922
10.656565656565657,83.38383838383838,0.09615560854081612,0.06869783744679697,0.11817484471629827
10.656565656565657,83.58585858585859,0.03265542757916768,0.09379725200469877,0.09931918965643664
10.656565656565657,83.78787878787878,0.25794759807238027,0.09366901757321147,0.27442822049570786
10.656565656565657,83.98989898989899,0.19010290056076706,0.03250503452538838,0.19286184192606268
10.656565656565657,84.1919191919192,0.12956347560609027,0.16583739285922494,0.21044888947550866
10.656565656565657,84.39393939393939,0.08923462667491397,0.11128057158501754,0.14264005121318304
10.656565656565657,84.5959595959596,-0.0725651486015107,0.020333261709641892,0.07536008441683249
10.656565656565657,84.79797979797979,0.05088095291864524,0.016392606520050104,0.05345642074092301
10.656565656565657,85.0,0.14658721823946566,0.020158712334490535,0.14796684167126592
10.858585858585858,65.0,-0.03695785670874125,0.23017761207869658,0.23312575206260414
10.858585858585858,65.20202020202021,0.05696439627220605,0.13121527377828215,0.14304681232158395
10.858585858585858,65.4040404040404,-0.04235285825800811,0.42368881391736446,0.4258003941300736
10.858585858585858,65.60606060606061,-1.006434430770126,0.19109294338923824,1.0244153339601816
10.858585858585858,65.8080808080808,-0.1200079975755006,0.13751746598123216,0.1825184180623443
10.858585858585858,66.01010101010101,-0.1614922813564872,0.0693265344599311,0.1757439197182845
10.858585858585858,66.21212121212122,-0.0015309351038987114,0.34956289757210784,0.34956624997459396
10.858585858585858,66.41414141414141,0.15249081952405713,0.17481491632870078,0.23197781146077143
10.858585858585858,66.61616161616162,0.15062649862200478,0.22958955121287886,0.2745900655764078
10.858585858585858,66.81818181818181,-0.5339311298998823,0.24635387325835698,0.5880243892438133
10.858585858585858,67.02020202020202,-0.11395837094938568,0.2643974800642919,0.28791064199467414
10.858585858585858,67.22222222222223,-0.03377265748080592,0.21939073389223207,0.22197496820832754
10.858585858585858,67.42424242424242,-0.11217381389404255,0.17625251754742485,0.2089208330093976
10.858585858585858,67.62626262626263,-0.1274397614006461,0.2604978777619783,0.2900000639730071
10.858585858585858,67.82828282828282,0.02582508747377308,0.10742925067924432,0.11048972370556434
10.858585858585858,68.03030303030303,0.01921295665193539,0.14203096990092753,0.14332457610021854
10.858585858585858,68.23232323232324,-0.1252215601048367,0.15150801499408176,0.19655817897644487
10.858585858585858,68.43434343434343,0.4377881459923647,0.16567253462249618,0.4680874378785167
10.858585858585858,68.63636363636364,-0.022491426622017127,0.10349467378029338,0.10591039501570622
10.858585858585858,68.83838383838383,-0.07083519961203393,-0.003883050972180793,0.07094155051117254
10.858585858585858,69.04040404040404,-0.07151517813526469,0.16037708398201916,0.17559962918609556
10.858585858585858,69.24242424242425,-0.007302584169082001,0.07473560638092805,0.0750915347870287
10.858585858585858,69.44444444444444,-0.017022513365531258,-0.10866377055596184,0.10998900396275262
10.858585858585858,69.64646464646465,-0.06980365172350612,-0.05924655468004593,0.09155710805498507
10.858585858585858,69.84848484848484,-0.04626864403027323,0.02046696549030453,0.050593320673597376
10.858585858585858,70.05050505050505,-0.06212887644276939,-0.006344452697439886,0.06245197649451102
10.858585858585858,70.25252525252526,-0.2142726137588552,0.008955926483325643,0.2144596969741081
10.858585858585858,70.45454545454545,-0.009770310729679453,-0.07220979743905535,0.07286778312768884
10.858585858585858,70.65656565656566,-0.009122749248512,-0.13268976005957897,0.13300299612610184
10.858585858585858,70.85858585858585,0.045178624295606463,0.027291734624275796,0.052782069607447725
10.858585858585858,71.06060606060606,0.11981176948978325,-0.10562750862675173,0.15972485932680444
10.858585858585858,71.26262626262626,-0.12479380711801404,-0.026063428495934512,0.12748645653547197
10.858585858585858,71.46464646464646,-0.0009310903251542012,0.018222823491936192,0.01824659489361939
10.858585858585858,71.66666666666667,0.11226294003091535,-0.03222529633485617,0.11679656428274844
10.858585858585858,71.86868686868686,0.01682456058255933,0.010519780465589296,0.019842671691090472
10.858585858585858,72.07070707070707,-0.10006910317014225,0.012032426187721183,0.10078990370686705
10.858585858585858,72.27272727272727,-0.00579355776661436,-0.01570316853290433,0.01673782583156768
10.858585858585858,72.47474747474747,-0.09625942888548314,-0.10640108132029864,0.14348194226273978
10.858585858585858,72.67676767676768,-0.016051919413096874,-0.05042855125787575,0.05292166757399806
10.858585858585858,72.87878787878788,0.0021338850760212096,-0.05199517576533163,0.05203894472782279
10.858585858585858,73.08080808080808,-0.21217769428212208,-0.0075020105097165606,0.21231027792494067
10.858585858585858,73.28282828282828,-0.007986653897677066,0.009330144240008224,0.012281621717861159
10.858585858585858,73.48484848484848,-0.046421694548093334,0.01398299818788093,0.04848193439868875
10.858585858585858,73.68686868686869,-0.012238281379792968,0.0456543686196525,0.04726623430304235
10.858585858585858,73.88888888888889,-0.03871039277313827,0.12171932650673187,0.12772661803204152
10.858585858585858,74.0909090909091,-0.048793189049764374,0.13350465847999382,0.14214172200133862
10.858585858585858,74.29292929292929,0.027361099924923353,0.011647796095057951,0.029737197967758967
10.858585858585858,74.4949494949495,-0.027079181279932897,-0.052582986414591415,0.05914602707763704
10.858585858585858,74.6969696969697,-0.13067730187487928,0.1075972879692362,0.16927413743284314
10.858585858585858,74.8989898989899,-0.21792857919094757,0.009990130772741591,0.21815743934379497
10.858585858585858,75.1010101010101,-0.06408130022089215,0.021418816998837204,0.06756610658924923
10.858585858585858,75.3030303030303,-0.12765921470797142,0.10636095762780975,0.16616115191993794
10.858585858585858,75.5050505050505,-0.01806927751391393,-0.053825743400376914,0.05677771959561298
10.858585858585858,75.70707070707071,-0.22151691395249207,-0.02659033823900112,0.2231071250648447
10.858585858585858,75.9090909090909,-0.1841284572218568,-0.009268527290317987,0.18436158590398521
10.858585858585858,76.11111111111111,-0.310986562058034,-0.0931621206930515,0.3246410671999187
10.858585858585858,76.31313131313131,-0.13148286335269505,-0.14590058911929338,0.19640449399334106
10.858585858585858,76.51515151515152,-0.18773150415261414,-0.042951545572627876,0.19258232763802732
10.858585858585858,76.71717171717171,-0.023887969315125525,-0.0911546978360787,0.09423276508511882
10.858585858585858,76.91919191919192,-0.19813639034742458,-0.20314985820598036,0.2837743717621747
10.858585858585858,77.12121212121212,-0.19995374696768797,-0.1589310813280565,0.25542237478052604
10.858585858585858,77.32323232323232,-0.11268904120354832,-0.01900635182150297,0.11428062572867617
10.858585858585858,77.52525252525253,-0.23577701011500957,-0.017904488571812434,0.23645585044526068
10.858585858585858,77.72727272727272,-0.031088064884675227,-0.035140339954953664,0.04691813370567387
10.858585858585858,77.92929292929293,-0.11897646948554333,-0.08027403480659222,0.14352463536053453
10.858585858585858,78.13131313131314,-0.42527166219519724,0.5345686203193404,0.6830955983582305
10.858585858585858,78.33333333333333,-0.025362169943466732,0.017801734366654255,0.030986148691023323
10.858585858585858,78.53535353535354,-0.12533454024223561,-0.030626722196390007,0.12902225811939358
10.858585858585858,78.73737373737373,-0.21637269761594666,0.03721871398928266,0.21955039727729467
10.858585858585858,78.93939393939394,-0.24598627600672418,0.14691718255079755,0.28652034223126405
10.858585858585858,79.14141414141415,-0.014318724461436151,0.11175105098247462,0.11266464958402067
10.858585858585858,79.34343434343434,-0.2020883470402969,0.08024667081647555,0.21743787201545012
10.858585858585858,79.54545454545455,-0.11984885656097599,0.04167702818978443,0.12688862477663426
10.858585858585858,79.74747474747474,-0.015338668489698322,0.10049504774830306,0.10165888732900127
10.858585858585858,79.94949494949495,0.02396944463809557,-0.11883790566223484,0.121231110274735
10.858585858585858,80.15151515151516,-0.11753610732921432,0.07591797042637964,0.13992238834355725
10.858585858585858,80.35353535353535,-0.04748103669451267,0.04555459913976527,0.06580023061031291
10.858585858585858,80.55555555555556,0.07182371974345553,0.14860923330571965,0.16505559954603255
10.858585858585858,80.75757575757575,-0.11559091942152257,0.16057480830249155,0.19785229266828028
10.858585858585858,80.95959595959596,-0.05353710037391428,0.23708421066009805,0.24305378841064856
10.858585858585858,81.16161616161617,-0.08040585343234521,0.27569144842877463,0.28717742948034664
10.858585858585858,81.36363636363636,0.030138803270947784,0.08338306360582115,0.08866274730064092
10.858585858585858,81.56565656565657,0.022306882017778935,0.2367016561481231,0.2377504385035271
10.858585858585858,81.76767676767676,0.09328072781417536,0.16989776645879162,0.19382091019605796
10.858585858585858,81.96969696969697,0.04308115395016307,0.09749880885731835,0.1065926993479082
10.858585858585858,82.17171717171718,0.11961079805557939,0.11913283442471524,0.1688175798000884
10.858585858585858,82.37373737373737,-0.008359470940277749,0.12719251103164783,0.1274669196965911
10.858585858585858,82.57575757575758,0.20000117702712414,0.10419687572791048,0.22551598551697544
10.858585858585858,82.77777777777777,0.16528870118252512,0.07027940547100565,0.17960943619967215
10.858585858585858,82.97979797979798,0.08588019058077437,0.15232527734657467,0.17486679860082366
10.858585858585858,83.18181818181819,0.08995121124867601,0.0725566208669099,0.11556679296722065
10.858585858585858,83.38383838383838,0.03250113928838198,0.28392550290016516,0.2857796620687947
10.858585858585858,83.58585858585859,0.09911367250120773,0.15180803088753905,0.18129864400659115
10.858585858585858,83.78787878787878,0.04287268892314685,0.10008406314229627,0.10888015039745337
10.858585858585858,83.98989898989899,0.04560506506626207,0.08727772913192378,0.09847448381242449
10.858585858585858,84.1919191919192,0.1458623388592489,0.10569436418636283,0.18013084277338473
10.858585858585858,84.39393939393939,0.10065861212716858,0.08580809260994837,0.13226936513314505
10.858585858585858,84.5959595959596,0.09660297481138726,0.05359192484431341,0.11047275297976447
10.858585858585858,84.79797979797979,0.11475534899716704,0.0797722642139387,0.13975837814342312
10.858585858585858,85.0,0.15551788979779427,0.10471216661485631,0.18748453772067794
11.06060606060606,65.0,-0.008397053742323399,0.17060159641228861,0.17080812395776987
11.06060606060606,65.20202020202021,-0.06285869498748804,0.15668751109708334,0.16882592120088868
11.06060606060606,65.4040404040404,0.12344192754978317,0.1332666051332827,0.18165323427056346
11.06060606060606,65.60606060606061,0.01016251931748603,0.3604772651386531,0.3606204867734515
11.06060606060606,65.8080808080808,0.10038606401906432,0.1500173042079498,0.18050638052728282
11.06060606060606,66.01010101010101,0.13528768363098337,0.4462763804394895,0.46633181864463097
11.06060606060606,66.21212121212122,0.0026301644108906227,0.24634244643551179,0.24635648698717333
11.06060606060606,66.41414141414141,-0.11340247500304514,0.2902971712977543,0.311660984084139
11.06060606060606,66.61616161616162,-0.2567185470634103,0.23376770603594008,0.3472056347348846
11.06060606060606,66.81818181818181,0.006160282939662566,0.174717737428644,0.17482630482304798
11.06060606060606,67.02020202020202,-0.08231035482677626,0.16931313903319875,0.1882602814217197
11.06060606060606,67.22222222222223,-0.1613596296136901,0.14707675202165132,0.21833117288721182
11.06060606060606,67.42424242424242,-0.15140042430137474,0.24896390078081984,0.2913848183599108
11.06060606060606,67.62626262626263,-0.02800690474523089,0.12764132101745032,0.13067782346093862
11.06060606060606,67.82828282828282,-0.1049791182546663,0.16885321486072136,0.19882661652386519
11.06060606060606,68.03030303030303,0.2677315399839668,0.09099778603982785,0.2827733625473529
11.06060606060606,68.23232323232324,-0.12044670572605107,-0.15963635293784156,0.19997793403161523
11.06060606060606,68.43434343434343,-0.015543668869643642,0.0587500406443422,0.06077148112100765
11.06060606060606,68.63636363636364,-0.17099354335028538,0.13310303808990495,0.21669151025420588
11.06060606060606,68.83838383838383,0.021468696376512674,0.0014905929089660194,0.021520380836015617
11.06060606060606,69.04040404040404,-0.07454036767929845,0.11818414584471539,0.1397274444867935
11.06060606060606,69.24242424242425,0.11508718673622388,0.0038038749325950832,0.11515003263291457
11.06060606060606,69.44444444444444,-0.0424935727002594,0.17055855656346414,0.1757723668209671
11.06060606060606,69.64646464646465,-0.03332758756023205,0.04090948676006814,0.05276660117495843
11.06060606060606,69.84848484848484,-0.015997276315435204,-0.07402900422947871,0.07573774697415127
11.06060606060606,70.05050505050505,-0.19975183108907466,0.06359581644159348,0.20963115677854535
11.06060606060606,70.25252525252526,-0.23044056170097435,-0.04954212676752871,0.23570590743914427
11.06060606060606,70.45454545454545,-0.09688731000538633,0.02723448856115429,0.1006422784284392
11.06060606060606,70.65656565656566,-0.2707137892473886,-0.12992771536524916,0.30027848226057213
11.06060606060606,70.85858585858585,-0.14277766406114184,0.10102697957081658,0.1749054371823771
11.06060606060606,71.06060606060606,-0.02657393735841158,-0.15033388657791283,0.15266450668164339
11.06060606060606,71.26262626262626,-0.08164629391211499,-0.01466579578730784,0.08295301607330792
11.06060606060606,71.46464646464646,-0.017571737578450975,-0.10525242876593369,0.10670913607865959
11.06060606060606,71.66666666666667,-0.14921929631908012,-0.058183414438581035,0.1601615063293709
11.06060606060606,71.86868686868686,-0.0325381191547776,-0.05640994140115886,0.06512150710028662
11.06060606060606,72.07070707070707,-0.134128626847081,0.12497258981093054,0.18332658493501316
11.06060606060606,72.27272727272727,0.05106540595778405,0.31418682882058424,0.3183096591213788
11.06060606060606,72.47474747474747,-0.013638336302871165,0.04305471744096928,0.045163180922427486
11.06060606060606,72.67676767676768,0.3926006114329859,0.10299945020982851,0.40588683994566926
11.06060606060606,72.87878787878788,-0.004473869238652891,-0.03523046742747886,0.03551339664300239
11.06060606060606,73.08080808080808,-0.14358754319173966,0.004587768953952987,0.14366081645255452
11.06060606060606,73.28282828282828,-0.018422607652268698,0.020255643011301342,0.02738034964186378
11.06060606060606,73.48484848484848,-0.056690973834687165,0.005687375370444926,0.05697554521836126
11.06060606060606,73.68686868686869,-0.02266011005315914,0.06497745828329192,0.06881533748066797
11.06060606060606,73.88888888888889,0.01760144294228541,-0.04004476935708241,0.04374236329363625
11.06060606060606,74.0909090909091,-0.04564912226071789,0.017195468921054734,0.04878039067687885
11.06060606060606,74.29292929292929,0.00036524218050050343,-0.023200970523045136,0.023203845264559625
11.06060606060606,74.4949494949495,-0.03306947863082899,0.0993430765608687,0.10470261351797039
11.06060606060606,74.6969696969697,-0.06520155142566095,0.055310133506389365,0.08550118816021053
11.06060606060606,74.8989898989899,-0.09602599099047368,0.11124687753879525,0.1469586972854422
11.06060606060606,75.1010101010101,0.05772192554016384,0.06382985971167227,0.08605853635099764
11.06060606060606,75.3030303030303,-0.059545745647493445,-0.02142413476384959,0.0632826151094878
11.06060606060606,75.5050505050505,-0.13058974593289327,-0.0019312372484338002,0.13060402528301857
11.06060606060606,75.70707070707071,-0.11351197993089587,-0.08969230747728417,0.14467093560363736
11.06060606060606,75.9090909090909,-0.042745920843712974,-0.04774384910299964,0.06408345243467284
11.06060606060606,76.11111111111111,-0.018176174736828872,0.1691960528919788,0.17016955556823032
11.06060606060606,76.31313131313131,-0.15495488310092137,-0.0864459826242949,0.17743709789302828
11.06060606060606,76.51515151515152,-0.1718507075622426,0.10554318003148701,0.2016730734153727
11.06060606060606,76.71717171717171,-0.10356896453337895,-0.08486904634132296,0.1339002817077019
11.06060606060606,76.91919191919192,-0.07105765474408288,-0.05380473258671499,0.08912990265032938
11.06060606060606,77.12121212121212,-0.08457518136597597,-0.10234356573134512,0.13276734067418045
11.06060606060606,77.32323232323232,-0.24277662161100197,-0.04961877008007726,0.24779529927969013
11.06060606060606,77.52525252525253,-0.13092461566536157,0.04497578696119596,0.13843437578831902
11.06060606060606,77.72727272727272,-0.1864280298998427,-0.08811004281536414,0.20620084863370944
11.06060606060606,77.92929292929293,-0.21606853002026422,-0.04388850012603221,0.22048086109327164
11.06060606060606,78.13131313131314,-0.3054842741972051,-0.046784999400507114,0.3090460773908943
11.06060606060606,78.33333333333333,0.2907024615127331,-0.06606237179879611,0.29811433728897446
11.06060606060606,78.53535353535354,0.11319127647553899,0.01634297379092581,0.11436502027496342
11.06060606060606,78.73737373737373,-0.1395641968375697,-0.03239717984178776,0.1432750581944291
11.06060606060606,78.93939393939394,-0.1707520498946875,-0.03744718582977193,0.17481005197015223
11.06060606060606,79.14141414141415,-0.11713606348703492,0.04902926796250508,0.12698317402781287
11.06060606060606,79.34343434343434,-0.1267178771558283,-0.07058112381480607,0.1450486657292668
11.06060606060606,79.54545454545455,-0.013320255683654296,0.0921740073505635,0.09313150295436909
11.06060606060606,79.74747474747474,0.0551826875431759,0.06554641714752363,0.08568233076524565
11.06060606060606,79.94949494949495,-0.07931075010856137,0.07526886884322428,0.10934165583034293
11.06060606060606,80.15151515151516,-0.056906483382923465,0.10611752241126213,0.12041294122192873
11.06060606060606,80.35353535353535,2.5900586074247976e-05,0.2322084121787939,0.23220841362327294
11.06060606060606,80.55555555555556,0.00434920112502429,0.12027458326936845,0.12035319244227033
11.06060606060606,80.75757575757575,-0.03221589524182325,0.03215828442141396,0.04551943720171292
11.06060606060606,80.95959595959596,-0.1714914251938037,0.11737829191970835,0.20781475483947295
11.06060606060606,81.16161616161617,0.016060923806782864,0.15333874742834253,0.1541775753357806
11.06060606060606,81.36363636363636,0.03636529810951314,0.2000095605869731,0.20328861068143445
11.06060606060606,81.56565656565657,-0.009275732601475115,0.14069626705091182,0.14100169778181948
11.06060606060606,81.76767676767676,0.18695028871004615,0.299915180899219,0.3534112705935973
11.06060606060606,81.96969696969697,0.0389856971616559,0.1442788466879422,0.1494532374516627
11.06060606060606,82.17171717171718,0.044061604358802124,0.13932110862231115,0.14612253859833338
11.06060606060606,82.37373737373737,0.09951093623022483,0.12098727767003227,0.1566535916837573
11.06060606060606,82.57575757575758,0.06929082341295204,0.004300133458392669,0.06942412662039682
11.06060606060606,82.77777777777777,-0.08022038984198662,0.20365049461691528,0.21888086920540714
11.06060606060606,82.97979797979798,0.003381201043891788,0.14153918618023972,0.14157956683456754
11.06060606060606,83.18181818181819,0.168504838583553,0.010361914002095426,0.16882313196909976
11.06060606060606,83.38383838383838,0.10428984957073688,0.17217048229632922,0.20129343679722284
11.06060606060606,83.58585858585859,0.11605213032444706,0.11225036945365557,0.16145662697865523
11.06060606060606,83.78787878787878,0.04133222806185048,0.08362036363564486,0.09327764089595264
11.06060606060606,83.98989898989899,0.049521583586018186,0.1441168124515066,0.15238780421034262
11.06060606060606,84.1919191919192,0.038187743973285365,0.13188405382753035,0.13730152018004796
11.06060606060606,84.39393939393939,0.11877555078658439,0.15750042425606944,0.19726635573634535
11.06060606060606,84.5959595959596,0.4163082922927344,0.06282928979225944,0.4210226999669881
11.06060606060606,84.79797979797979,0.10415798474620408,0.2536220810708236,0.2741770336718338
11.06060606060606,85.0,0.05487794279492901,0.1482773010949444,0.15810675705169688
11.262626262626263,65.0,-0.011058391684467497,0.15580994881090204,0.1562018827514669
11.262626262626263,65.20202020202021,-0.12353839951384522,0.25139259577918915,0.28010707482504116
11.262626262626263,65.4040404040404,-0.793489706797174,0.10164947088226238,0.7999740806574355
11.262626262626263,65.60606060606061,0.21912146540438293,0.15207381153825283,0.2667220664975739
11.262626262626263,65.8080808080808,-0.6683449884643162,0.14271120846998256,0.6834116714165261
11.262626262626263,66.01010101010101,0.15624128650837696,0.19578198890773688,0.25048338625637817
11.262626262626263,66.21212121212122,-0.0014169945105722442,0.1567272576762169,0.156733663174668
11.262626262626263,66.41414141414141,0.17503866862017978,0.22353321964654257,0.2839113167837354
11.262626262626263,66.61616161616162,-0.2714799253809814,0.23051867933617157,0.356146334261292
11.262626262626263,66.81818181818181,-0.09672323844242914,0.19896516317068547,0.22122956631139631
11.262626262626263,67.02020202020202,-0.027660022299635163,0.19397746923776846,0.1959396218366916
11.262626262626263,67.22222222222223,-0.40002402564150147,0.19231663719760947,0.44385235161417086
11.262626262626263,67.42424242424242,0.07200697368610537,0.1453086058027625,0.16217149928324057
11.262626262626263,67.62626262626263,-0.11892234177064404,0.2563540722691068,0.28259499949781186
11.262626262626263,67.82828282828282,-0.08762715757726147,0.16839187254197321,0.1898271357927058
11.262626262626263,68.03030303030303,-0.22128209869958446,0.2276288014763453,0.3174596643141457
11.262626262626263,68.23232323232324,-0.16032085986316288,0.13069904784254877,0.2068453993063727
11.262626262626263,68.43434343434343,-0.08755488648592351,0.08980469416913583,0.12542225178322614
11.262626262626263,68.63636363636364,-0.11292462612671553,0.06716702388623041,0.13139018336082772
11.262626262626263,68.83838383838383,-0.14568259393894442,0.06686900486697382,0.1602962319852801
11.262626262626263,69.04040404040404,-0.19099797777135274,0.11086200493009328,0.22084069292108777
11.262626262626263,69.24242424242425,-0.041976770292648236,-0.02864311828918651,0.05081808211188303
11.262626262626263,69.44444444444444,-0.21663871359138992,0.030688335504624062,0.21880152230406588
11.262626262626263,69.64646464646465,-0.39491473010486433,0.10502628465229874,0.4086418536098126
11.262626262626263,69.84848484848484,-0.20938340568733002,0.005951579709310328,0.2094679733951262
11.262626262626263,70.05050505050505,-0.13737431781084067,-0.15833464998970437,0.20962243339241163
11.262626262626263,70.25252525252526,-0.1801955696331768,-0.051156407557529274,0.187316367009445
11.262626262626263,70.45454545454545,-0.08784808609970186,-0.10787083762774087,0.13911651175144907
11.262626262626263,70.65656565656566,-0.150201666721306,-0.03816229763368609,0.1549738740773435
11.262626262626263,70.85858585858585,-0.30313015450675096,-0.049474182149781484,0.3071409859831092
11.262626262626263,71.06060606060606,-0.15435258192038911,-0.007826710006131422,0.15455088784931165
11.262626262626263,71.26262626262626,-0.07535598678104398,-0.17808430152325594,0.19337151598095004
11.262626262626263,71.46464646464646,-0.13432270532408225,-0.2392249143753799,0.2743558798777385
11.262626262626263,71.66666666666667,-0.17473455088392537,-0.031600998042862996,0.17756910302727819
11.262626262626263,71.86868686868686,-0.21632187898195515,-0.0802795728598973,0.23073787106769275
11.262626262626263,72.07070707070707,-0.4429927860748984,-0.07917583955440233,0.45001269102498115
11.262626262626263,72.27272727272727,-0.004534131629631944,-0.19856472558611774,0.19861648621583525
11.262626262626263,72.47474747474747,-0.10602966506059766,-0.16770467276105308,0.19841155999274443
11.262626262626263,72.67676767676768,0.05341962435839323,-0.03228395192084872,0.06241722373046971
11.262626262626263,72.87878787878788,-0.08230670671722204,0.04219410801997346,0.09249181975848454
11.262626262626263,73.08080808080808,-0.055423884122679144,0.00888658865117812,0.056131794814520346
11.262626262626263,73.28282828282828,-0.21120563215892701,-0.006036888729444734,0.21129189071325877
11.262626262626263,73.48484848484848,-0.0659363494186996,-0.037103576212043424,0.07565895546720006
11.262626262626263,73.68686868686869,0.004557797426566293,0.1963724927414072,0.19642537876469943
11.262626262626263,73.88888888888889,-0.05944175315326858,0.06385839842114233,0.08724228944065754
11.262626262626263,74.0909090909091,-0.21886340703472654,-0.02734819558181615,0.2205654432145472
11.262626262626263,74.29292929292929,0.06542285948042334,0.1047018856288284,0.12346106834475183
11.262626262626263,74.4949494949495,-0.14860302404660886,0.0414471612625922,0.1542748389483014
11.262626262626263,74.6969696969697,-0.06248308267745786,0.010452757452315333,0.0633513674614445
11.262626262626263,74.8989898989899,-0.013713089320731647,0.027744989900689507,0.03094888177798557
11.262626262626263,75.1010101010101,-0.14270992359576562,-0.08557198511087394,0.166399179470708
11.262626262626263,75.3030303030303,-0.10713366701430219,0.029199028325506828,0.11104146010875907
11.262626262626263,75.5050505050505,-0.14325850823354605,0.06183358224732885,0.15603330437710458
11.262626262626263,75.70707070707071,-0.0008030043658888624,-0.03371500836116595,0.03372456974974072
11.262626262626263,75.9090909090909,-0.02749742350846897,-0.054841275844903364,0.061348788381685934
11.262626262626263,76.11111111111111,-0.19900442376663327,-0.025305984635005607,0.20060696283289095
11.262626262626263,76.31313131313131,-0.31915238578505756,-0.03425435369454348,0.32098536742244976
11.262626262626263,76.51515151515152,0.03404377647342055,-0.04369527447033231,0.05539183809560662
11.262626262626263,76.71717171717171,-0.17760545761711352,-0.02581839233476695,0.17947224843450382
11.262626262626263,76.91919191919192,-0.04967646164901386,-0.14987446658438436,0.15789270589840335
11.262626262626263,77.12121212121212,-0.08212545050682137,-0.1889453915885148,0.20602172366885385
11.262626262626263,77.32323232323232,-0.2604862638633396,-0.01832850759634817,0.26113028903631763
11.262626262626263,77.52525252525253,-0.1597359924886129,-0.20285394729836406,0.2581962649436464
11.262626262626263,77.72727272727272,-0.25901303053840674,-0.07108315517157032,0.26858995688192655
11.262626262626263,77.92929292929293,-0.08547558714567588,-0.029044578622083185,0.09027548695649558
11.262626262626263,78.13131313131314,-0.11142136144629118,-0.08067484807170809,0.13756144408204737
11.262626262626263,78.33333333333333,-0.1172473174237404,-0.059879635184545456,0.13165296864445403
11.262626262626263,78.53535353535354,-0.1137709460334306,-0.05017362050527045,0.12434315564577197
11.262626262626263,78.73737373737373,-0.12696130637347303,-0.011427926649857117,0.12747458893274924
11.262626262626263,78.93939393939394,-0.07536115330570764,0.042761111101027816,0.08664765461431033
11.262626262626263,79.14141414141415,-0.09653887898262405,-0.0020186653922892404,0.09655998221410232
11.262626262626263,79.34343434343434,0.11994955551824502,0.04370301658044345,0.12766303116899214
11.262626262626263,79.54545454545455,-0.01030872501242017,0.00789339828720624,0.012983664656104133
11.262626262626263,79.74747474747474,0.11953906311312722,0.12084623975861676,0.16998059087366799
11.262626262626263,79.94949494949495,0.031053913118724637,0.11131037675646714,0.11556100334304803
11.262626262626263,80.15151515151516,-0.02509248799644386,0.14414220118840118,0.14630996930246826
11.262626262626263,80.35353535353535,0.04904967502793157,0.1248040741793174,0.1340967096990163
11.262626262626263,80.55555555555556,-0.21782655657921474,0.03343076336895385,0.22037700581183334
11.262626262626263,80.75757575757575,-0.0329729860630701,0.16237274024408416,0.16568682682786898
11.262626262626263,80.95959595959596,-0.13406113197563205,0.10561286736549191,0.17066477334162672
11.262626262626263,81.16161616161617,0.1074708479144497,0.26409947503461695,0.28512894603145966
11.262626262626263,81.36363636363636,-0.05014116992924117,0.17879633467592398,0.1856940123305489
11.262626262626263,81.56565656565657,0.014435249010798484,0.18276246971394433,0.18333165779522145
11.262626262626263,81.76767676767676,-0.3058121345863064,0.15970866902498562,0.34500423275949177
11.262626262626263,81.96969696969697,5.399225189457041e-06,0.17841608518147398,0.17841608526316963
11.262626262626263,82.17171717171718,0.08807476317148774,0.11266362869258502,0.14300439551948857
11.262626262626263,82.37373737373737,0.2063328690204151,0.13735966832687752,0.24787281279128934
11.262626262626263,82.57575757575758,0.05812187719847231,0.10705677161581513,0.12181668587625874
11.262626262626263,82.77777777777777,0.12005794176031523,0.14646921585529313,0.18938622065236874
11.262626262626263,82.97979797979798,0.1525519558546375,0.13985233791610424,0.2069559751630174
11.262626262626263,83.18181818181819,0.0775787392825645,0.1182128457966274,0.14139567779818918
11.262626262626263,83.38383838383838,0.12031306640200455,0.1045155737201432,0.15936981865178815
11.262626262626263,83.58585858585859,0.21062526514981794,0.05035974726977733,0.2165620152854765
11.262626262626263,83.78787878787878,-0.06986093468511906,0.0907647030835868,0.11453724949085403
11.262626262626263,83.98989898989899,0.10688556011752208,0.15520113477839148,0.1884460538141801
11.262626262626263,84.1919191919192,0.12706448813425186,-0.011033980952203083,0.12754267082225076
11.262626262626263,84.39393939393939,0.2955212116741086,0.1466246127691235,0.32989629221776456
11.262626262626263,84.5959595959596,0.1664835900177977,0.0492813651883956,0.17362441850167895
11.262626262626263,84.79797979797979,0.04399361294520336,0.058820470630189636,0.07345260883814383
11.262626262626263,85.0,0.09549255726885857,0.15241821370583097,0.17986144768410656
11.464646464646464,65.0,0.018992159214847593,0.1827793765189168,0.18376344193632768
11.464646464646464,65.20202020202021,0.13809605512452194,0.2799729099822441,0.31217839573692596
11.464646464646464,65.4040404040404,-0.04797263182924397,0.1155153630968708,0.12508066403735668
11.464646464646464,65.60606060606061,-0.12002123284342699,0.061381273728560344,0.1348063689066528
11.464646464646464,65.8080808080808,0.03593329506406362,0.21683924647898062,0.21979640694909724
11.464646464646464,66.01010101010101,-0.06627284153743576,0.08597895755499144,0.10855630183314596
11.464646464646464,66.21212121212122,0.10713381152154741,0.12615247113622738,0.1655055876546503
11.464646464646464,66.41414141414141,0.42025501375408036,0.16647589801551327,0.4520271022909067
11.464646464646464,66.61616161616162,-0.2078552801801724,0.19280560406184644,0.28350982074071346
11.464646464646464,66.81818181818181,0.05246938541834532,0.1762535881813569,0.18389769915086543
11.464646464646464,67.02020202020202,-0.25251941777858866,0.14438250535486796,0.2908820451794608
11.464646464646464,67.22222222222223,0.12682213348183963,0.1925142058881331,0.23053323623639183
11.464646464646464,67.42424242424242,-0.15853208740469982,0.14473586205113376,0.21466460467570384
11.464646464646464,67.62626262626263,-0.1648785811435067,0.1423781340628587,0.2178450816041466
11.464646464646464,67.82828282828282,-0.11860645241043342,0.22423088937402627,0.2536670698038183
11.464646464646464,68.03030303030303,-0.2715294055082992,0.08560992438957765,0.2847055974329967
11.464646464646464,68.23232323232324,-0.04813437558942131,0.19235490661876697,0.19828597583716817
11.464646464646464,68.43434343434343,-0.16653068226031975,0.09782427153664836,0.19313740247751984
11.464646464646464,68.63636363636364,-0.14203849738249416,0.05109702722944966,0.15094979605936512
11.464646464646464,68.83838383838383,-0.296394510513493,0.11968552974930034,0.3196471991022349
11.464646464646464,69.04040404040404,0.03492845828453133,-0.00616655106199283,0.03546862768890855
11.464646464646464,69.24242424242425,-0.18743431089462664,0.1762466213789403,0.25728290352846045
11.464646464646464,69.44444444444444,0.13193533365190724,0.07422473547630092,0.15138112042909094
11.464646464646464,69.64646464646465,-0.115624107382133,0.02657362195041952,0.11863849118847913
11.464646464646464,69.84848484848484,-0.36837213619871395,-0.03349939345519154,0.3698922006334678
11.464646464646464,70.05050505050505,-0.13975922996392712,-0.011067135037073137,0.14019673262254964
11.464646464646464,70.25252525252526,-0.08033376237493128,0.08260330689277336,0.11522508271610667
11.464646464646464,70.45454545454545,-0.21871489191168908,-0.03629613300767959,0.22170614158216953
11.464646464646464,70.65656565656566,0.048191807730670215,-0.008326040318811269,0.048905759167406415
11.464646464646464,70.85858585858585,-0.183212416637284,-0.11636781095535174,0.2170443665166507
11.464646464646464,71.06060606060606,-0.2715874372456565,-0.14116408472128536,0.3060833789751767
11.464646464646464,71.26262626262626,-0.20938900924226428,0.022224405164664313,0.21056514758235798
11.464646464646464,71.46464646464646,0.06042845252385832,0.08583950681077732,0.10497627733895731
11.464646464646464,71.66666666666667,-0.008607708765130725,-0.057298733789706374,0.057941673639004834
11.464646464646464,71.86868686868686,-0.22359436473354558,-0.00962013012071223,0.2238012217217262
11.464646464646464,72.07070707070707,-0.21164401070008027,-0.006603644803696518,0.21174700798336935
11.464646464646464,72.27272727272727,-0.04740975705916761,0.00195805577729552,0.04745017436044143
11.464646464646464,72.47474747474747,-0.047563979434876516,-0.0005695657302003734,0.047567389510066393
11.464646464646464,72.67676767676768,-0.1070306766704493,0.014771084157522388,0.10804513258690956
11.464646464646464,72.87878787878788,-0.1290354014964473,-0.03821796114501577,0.1345761769163892
11.464646464646464,73.08080808080808,-0.2585137277458878,-0.04868492292801807,0.263058109841879
11.464646464646464,73.28282828282828,-0.10670060884503312,0.08222087077863455,0.13470445990945393
11.464646464646464,73.48484848484848,-0.15943148713529648,0.022687295515538622,0.16103761196683708
11.464646464646464,73.68686868686869,-0.16374663922156457,-0.04298894291982217,0.16929563216374177
11.464646464646464,73.88888888888889,-0.10568837589507589,0.00385650890866146,0.1057587134013148
11.464646464646464,74.0909090909091,-0.5102655841107888,0.009028467154419538,0.510345451186824
11.464646464646464,74.29292929292929,-0.04275206795480485,0.017409273118834622,0.04616082868556878
11.464646464646464,74.4949494949495,-0.21474494289344187,-0.0833956634165118,0.23036976185035166
11.464646464646464,74.6969696969697,-0.0905238900834928,0.006257528143229402,0.09073991037196144
11.464646464646464,74.8989898989899,-0.062082906782001256,0.060206464862172904,0.08648182309423592
11.464646464646464,75.1010101010101,-0.12707613782684887,0.028997669581341486,0.13034266241770937
11.464646464646464,75.3030303030303,0.030253941592490008,0.018162406809238352,0.03528702315279747
11.464646464646464,75.5050505050505,-0.11498246583908318,-0.01997918890808736,0.11670533595282168
11.464646464646464,75.70707070707071,-0.07271390375978665,-0.0220424758564049,0.07598146183028928
11.464646464646464,75.9090909090909,0.1416938989129154,-0.0186703561768956,0.14291865934480225
11.464646464646464,76.11111111111111,-0.10868691063167919,-0.07660921943196075,0.13297299366650708
11.464646464646464,76.31313131313131,-0.090363258973853,-0.06350106910410848,0.11044412320146503
11.464646464646464,76.51515151515152,-0.2156960405383328,-0.07779513676394484,0.22929645703332396
11.464646464646464,76.71717171717171,-0.09196145924681083,-0.13197553612386792,0.16085537641616215
11.464646464646464,76.91919191919192,-0.1808489460161408,-0.04017435818640486,0.18525744338848726
11.464646464646464,77.12121212121212,-0.042795428801947144,-0.05168895591175107,0.06710586330261666
11.464646464646464,77.32323232323232,-0.21562376252064297,-0.04294352927712687,0.21985848555453594
11.464646464646464,77.52525252525253,-0.19912907963664428,-0.14653401929023668,0.24723391588996943
11.464646464646464,77.72727272727272,-0.09868110572124167,-0.030979030685147894,0.10342949757471613
11.464646464646464,77.92929292929293,-0.14943226149585415,0.05729685663540614,0.16004040288646995
11.464646464646464,78.13131313131314,0.06400919892369498,-0.08513393766259766,0.106512745194142
11.464646464646464,78.33333333333333,-0.14230502231531345,0.0022549482551967527,0.14232288701328213
11.464646464646464,78.53535353535354,-0.11937253180040677,-0.014781421400027377,0.12028421245967533
11.464646464646464,78.73737373737373,-0.12648461848773257,0.00916321178209449,0.12681609978291705
11.464646464646464,78.93939393939394,-0.12702917460457563,-0.07476152673892342,0.1473963943963845
11.464646464646464,79.14141414141415,-0.05017162252747187,0.02822422835991838,0.05756560408396618
11.464646464646464,79.34343434343434,-0.02193867280995533,0.07526813039632006,0.07840023480844757
11.464646464646464,79.54545454545455,-0.05016233908094943,0.045922328952422084,0.06800823890152287
11.464646464646464,79.74747474747474,-0.10979168735044122,0.027601224048993168,0.11320795988030061
11.464646464646464,79.94949494949495,-0.02028473900070334,-0.019502100448078295,0.02813898644609629
11.464646464646464,80.15151515151516,-0.03371308780070724,0.08690510834417417,0.09321518194677757
11.464646464646464,80.35353535353535,-0.11580018810090012,0.05743659738634505,0.12926192897959146
11.464646464646464,80.55555555555556,0.014255375083483755,0.25267984782038616,0.25308164930177046
11.464646464646464,80.75757575757575,-0.029252538545663925,0.08974131601819274,0.0943886370917744
11.464646464646464,80.95959595959596,0.013514869304860153,0.20689050059270692,0.2073314518538572
11.464646464646464,81.16161616161617,0.007682609674921811,0.08198958107845754,0.0823487334258285
11.464646464646464,81.36363636363636,0.09757410724965064,0.07283827444511136,0.12176255840654666
11.464646464646464,81.56565656565657,0.024412180148138743,0.1985198843767212,0.20001524700015227
11.464646464646464,81.76767676767676,0.03342225270616088,0.14555043663816844,0.1493384631684549
11.464646464646464,81.96969696969697,-0.008059410706110024,-0.0011125894826840912,0.008135843919762726
11.464646464646464,82.17171717171718,0.1999064289084423,0.20575812834175322,0.2868780014180723
11.464646464646464,82.37373737373737,0.027119449810442987,0.1544762811895182,0.15683872611113694
11.464646464646464,82.57575757575758,-0.06301019024029908,0.20104936016146932,0.21069202475522156
11.464646464646464,82.77777777777777,0.04722557694216811,0.2649602355962948,0.26913599083876666
11.464646464646464,82.97979797979798,0.27294551450458,0.18020070797041976,0.32706505322521146
11.464646464646464,83.18181818181819,0.07622169261689933,0.09062724957064108,0.11841893763298314
11.464646464646464,83.38383838383838,0.03311027237305637,0.07990785342790492,0.08649598358347928
11.464646464646464,83.58585858585859,0.18100142952890846,0.018842756469950355,0.18197957842267432
11.464646464646464,83.78787878787878,0.0737162421556701,0.1867078296142834,0.20073340030206652
11.464646464646464,83.98989898989899,0.18552522809124342,0.07869460820197013,0.20152531259960738
11.464646464646464,84.1919191919192,0.09512519238645034,0.03185168163738808,0.1003161594644089
11.464646464646464,84.39393939393939,0.14537217131211208,0.12672366013128142,0.1928521564024281
11.464646464646464,84.5959595959596,0.05074270614664318,0.20876929370831995,0.21484748130372702
11.464646464646464,84.79797979797979,0.0944010804613532,0.07495693657921101,0.12054089071186899
11.464646464646464,85.0,0.07141560407301434,0.07840753738692498,0.10605626065535019
11.666666666666668,65.0,0.10509125106966027,0.1041655792059849,0.1479683714268177
11.666666666666668,65.20202020202021,-0.07424373932511068,-0.014023915089712548,0.07555662130758926
11.666666666666668,65.4040404040404,0.1390959564074632,0.13912464342369982,0.19673167385217494
11.666666666666668,65.60606060606061,0.056999862020607965,0.21890187993269086,0.2262012760981568
11.666666666666668,65.8080808080808,-0.03870060098274905,0.02359076469185482,0.04532395277524259
11.666666666666668,66.01010101010101,-0.10477433420486225,0.13592472321345467,0.17161932143184355
11.666666666666668,66.21212121212122,-0.1649661781640542,0.13822904382722132,0.21522339207307914
11.666666666666668,66.41414141414141,-0.1318283781193239,0.17814176758326264,0.22161500543794546
11.666666666666668,66.61616161616162,-0.1643128271167025,0.23462023323449552,0.28643561056211647
11.666666666666668,66.81818181818181,-0.20573271253679135,0.11316535939576852,0.23480278442752647
11.666666666666668,67.02020202020202,-0.03651335832154275,0.20433062686775635,0.20756741172950935
11.666666666666668,67.22222222222223,-0.17917866846534353,0.20480560925948818,0.2721219080066205
11.666666666666668,67.42424242424242,-0.17700072409503467,0.19240269932222423,0.2614346094851346
11.666666666666668,67.62626262626263,-0.24847400662041355,0.18582465659834202,0.3102742898886291
11.666666666666668,67.82828282828282,-0.17314262963492644,0.24286902525905704,0.29826788903128976
11.666666666666668,68.03030303030303,0.03541163501417397,0.20180492004275513,0.2048882857750532
11.666666666666668,68.23232323232324,-0.08965955180833084,0.15524253118206635,0.17927375356779254
11.666666666666668,68.43434343434343,-0.14969467012139662,0.03900769064553481,0.1546935492910144
11.666666666666668,68.63636363636364,-0.16588513342545275,0.04488659891006963,0.17185076157321422
11.666666666666668,68.83838383838383,-0.08585935942093004,-0.08719112106807712,0.12236879174561024
11.666666666666668,69.04040404040404,-0.03617727558762495,0.1158569620579218,0.12137393017544458
11.666666666666668,69.24242424242425,-0.22059834276410892,0.03201616503881712,0.22290954141549002
11.666666666666668,69.44444444444444,-0.09884107523305036,-0.061641017578397274,0.11648679410699653
11.666666666666668,69.64646464646465,-0.1399623498350661,-0.0549013779403813,0.15034500547442878
11.666666666666668,69.84848484848484,-0.029724102905570322,0.10817809952270735,0.11218744809418614
11.666666666666668,70.05050505050505,-0.3293809088039319,-0.07500208310505556,0.33781221936839667
11.666666666666668,70.25252525252526,0.17574558741783278,-0.06552202617247924,0.1875623827172873
11.666666666666668,70.45454545454545,-0.09872783750118314,0.0748444967636529,0.12389061543742719
11.666666666666668,70.65656565656566,-0.14563070785750976,-0.02578186260841548,0.1478952585806542
11.666666666666668,70.85858585858585,-0.21107752194030005,-0.0009657050057248484,0.21107973103691394
11.666666666666668,71.06060606060606,-0.11631385206980363,-0.2202871189398684,0.24910906638286753
11.666666666666668,71.26262626262626,-0.1992596297602754,-0.03511954058225994,0.20233087303451994
11.666666666666668,71.46464646464646,-0.11660216388442174,-0.07986414367815649,0.1413306267868885
11.666666666666668,71.66666666666667,-0.14626453265137007,-0.11884053089534795,0.1884579138566801
11.666666666666668,71.86868686868686,-0.1959049322122299,-0.12585102237431367,0.23284591965018067
11.666666666666668,72.07070707070707,-0.017641974786745222,-0.0724884361596544,0.07460437420988428
11.666666666666668,72.27272727272727,-0.057397661696431575,-0.05912373777693621,0.08240211124075598
11.666666666666668,72.47474747474747,-0.2222016626506862,-0.0840568308661831,0.2375692103366837
11.666666666666668,72.67676767676768,-0.12281675219786928,-0.0019954151424568523,0.12283296097556053
11.666666666666668,72.87878787878788,-0.11915331145218935,-0.034056020848345345,0.12392467141794393
11.666666666666668,73.08080808080808,-0.054772800977199707,-0.011449172622437574,0.055956619631874684
11.666666666666668,73.28282828282828,-0.14705018853756294,0.049213505958919955,0.15506684725530942
11.666666666666668,73.48484848484848,0.14320211516555978,-0.04129209067705519,0.14903651411775704
11.666666666666668,73.68686868686869,-0.16192912051209998,0.029072582232673713,0.16451825159385136
11.666666666666668,73.88888888888889,-0.07307440015020247,0.05589670940058242,0.09200168519720207
11.666666666666668,74.0909090909091,-0.039719346759472036,0.04000679239927439,0.05637526004443635
11.666666666666668,74.29292929292929,-0.041677203099015216,0.08801905567096646,0.09738759376514679
11.666666666666668,74.4949494949495,-0.2088086374566902,0.08742218699891777,0.22637068241314562
11.666666666666668,74.6969696969697,-0.04113276885736201,0.04079363599454548,0.05793121275727487
11.666666666666668,74.8989898989899,-0.10559137073342856,0.07865344875726835,0.1316658747541541
11.666666666666668,75.1010101010101,-0.03152678346631468,0.00985911350449004,0.03303241127780881
11.666666666666668,75.3030303030303,0.24492614622762984,0.02997634928726986,0.24675372058494016
11.666666666666668,75.5050505050505,-0.04007795527793515,0.008822786932047348,0.041037593356683034
11.666666666666668,75.70707070707071,0.1728594497669515,0.021160732642421513,0.17414983772515344
11.666666666666668,75.9090909090909,-0.13168777053244402,-0.1123932824063329,0.17312977455618467
11.666666666666668,76.11111111111111,0.04056909401509821,-0.022956092617197627,0.046613662991179236
11.666666666666668,76.31313131313131,-0.059527475664040104,-0.016053377094522578,0.0616541261804255
11.666666666666668,76.51515151515152,-0.10537402616705392,-0.06868060759926593,0.12578040885153502
11.666666666666668,76.71717171717171,-0.13052596704890612,-0.10795025738179057,0.16938207149178144
11.666666666666668,76.91919191919192,-0.1938094804240613,-0.19250408304782324,0.2731664999452309
11.666666666666668,77.12121212121212,-0.1982348060603219,-0.11818742623575615,0.23079277730034306
11.666666666666668,77.32323232323232,-0.08711794697630784,-0.1383207994854601,0.16346920277429522
11.666666666666668,77.52525252525253,0.1529285607805985,-0.13526542158957894,0.2041663022641879
11.666666666666668,77.72727272727272,-0.22587777121678665,-0.11726128081211354,0.25450142535467335
11.666666666666668,77.92929292929293,-0.04729962547897501,0.0471273017363352,0.06677003174627734
11.666666666666668,78.13131313131314,-0.3308210573797463,-0.00012775833100443258,0.3308210820489597
11.666666666666668,78.33333333333333,-0.02949883341319258,-0.03524078040287616,0.04595752143167675
11.666666666666668,78.53535353535354,-0.09561711842008085,-0.004719277617124769,0.09573350989171586
11.666666666666668,78.73737373737373,-0.002386289393308729,-0.04630938799604548,0.04637082912388886
11.666666666666668,78.93939393939394,-0.14896399436442403,0.0012254018826213867,0.1489690344560845
11.666666666666668,79.14141414141415,-0.006123875322432533,0.089619359050784,0.08982834388787338
11.666666666666668,79.34343434343434,0.29891918560825,0.07593682604324462,0.30841381466176476
11.666666666666668,79.54545454545455,-0.02235705046207305,0.044670897166421114,0.049953245730549385
11.666666666666668,79.74747474747474,0.06567286491991706,-0.0050466193699145795,0.06586648278035248
11.666666666666668,79.94949494949495,0.1728584294905966,0.19655253027890604,0.26174975416415547
11.666666666666668,80.15151515151516,-0.0477923860406106,0.023919449566282266,0.05344391668851256
11.666666666666668,80.35353535353535,-0.002609088717503607,0.10313474385814844,0.10316774076532689
11.666666666666668,80.55555555555556,0.07921407016298117,-0.017804067265166434,0.08119023169672737
11.666666666666668,80.75757575757575,-0.024959928642264533,0.1799190758205466,0.1816421533729066
11.666666666666668,80.95959595959596,-0.04210934179740088,0.027143311101069267,0.05009946111626115
11.666666666666668,81.16161616161617,0.05914628853185109,0.006119407506386912,0.05946200968115865
11.666666666666668,81.36363636363636,-0.17055875833681391,0.2375458586508064,0.2924351637671923
11.666666666666668,81.56565656565657,-0.10872330655649926,0.12890529183994373,0.1686337203910285
11.666666666666668,81.76767676767676,0.034278755433932814,0.1288331558739888,0.13331547219490644
11.666666666666668,81.96969696969697,0.0872060658333823,0.1584829086032946,0.18089148746554226
11.666666666666668,82.17171717171718,0.08658385716692381,0.1561080732921165,0.17851188999301723
11.666666666666668,82.37373737373737,0.10918085897818433,0.085923266577258,0.13893620012984634
11.666666666666668,82.57575757575758,0.08663536397479066,0.06105451345859484,0.10598745163796605
11.666666666666668,82.77777777777777,0.01044605520440983,0.11664475355330725,0.1171115647613222
11.666666666666668,82.97979797979798,0.06072532687124159,0.08117792766812494,0.10137761717514601
11.666666666666668,83.18181818181819,0.13444948251276073,0.06558911627492714,0.14959477103720928
11.666666666666668,83.38383838383838,0.014607559392416359,0.12646883398736178,0.1273096491296942
11.666666666666668,83.58585858585859,0.08785007887361435,0.13995812429103474,0.16524500873903875
11.666666666666668,83.78787878787878,0.019499413322521322,0.20506274057634208,0.2059877537442522
11.666666666666668,83.98989898989899,0.46563407209208435,0.12186137227410339,0.48131619871513154
11.666666666666668,84.1919191919192,0.014692613498392067,0.1770897666758449,0.1776982227055699
11.666666666666668,84.39393939393939,0.19638948655435384,0.05558906373212656,0.2041053023213683
11.666666666666668,84.5959595959596,0.09699604357900202,0.1033762486632483,0.14175641522578583
11.666666666666668,84.79797979797979,0.15117646515355068,0.0819351498674003,0.17195258765170146
11.666666666666668,85.0,0.21433938842554437,0.04583609100280441,0.21918558499375307
11.868686868686869,65.0,-0.27554417628741934,-0.02925812962470017,0.27709318150226686
11.868686868686869,65.20202020202021,0.10167536709995376,0.13582458845071296,0.16966496132883746
11.868686868686869,65.4040404040404,0.011206153297212307,0.12105101877128141,0.12156861032884166
11.868686868686869,65.60606060606061,0.3445225683563379,0.20307964653188157,0.39992142095961986
11.868686868686869,65.8080808080808,-0.18004008286106207,0.10842114301188631,0.21016559111477312
11.868686868686869,66.01010101010101,-0.1847780460668628,0.19233455692740498,0.26671240709188776
11.868686868686869,66.21212121212122,-0.11673245282352884,-0.038616508173409995,0.1229540574592983
11.868686868686869,66.41414141414141,-0.1002202020694681,0.206363737210953,0.22941246901272888
11.868686868686869,66.61616161616162,-0.12703238944909198,0.12410663797989126,0.17759415970075582
11.868686868686869,66.81818181818181,-0.28616350558761067,0.23078033477074467,0.3676263250191524
11.868686868686869,67.02020202020202,-0.1615446195729032,0.16806202253204722,0.23311264987236613
11.868686868686869,67.22222222222223,-0.16366538510479384,0.2707264036278393,0.31635287876478096
11.868686868686869,67.42424242424242,-0.028449054082688705,0.2516606458051376,0.2532635570413925
11.868686868686869,67.62626262626263,-0.0023192893048584375,0.08949923104596477,0.0895292771147998
11.868686868686869,67.82828282828282,-0.19549714291869155,0.1235462080123277,0.23126348264176222
11.868686868686869,68.03030303030303,-0.3296743375186839,0.13861873890736118,0.35763154725869795
11.868686868686869,68.23232323232324,-0.23296074701300412,0.21079121913521737,0.3141713667942515
11.868686868686869,68.43434343434343,-0.2319890929499208,0.12381742219838504,0.2629632926618849
11.868686868686869,68.63636363636364,-0.24760513784166935,0.09024015436506082,0.2635366952540425
11.868686868686869,68.83838383838383,-0.417683224142132,0.0023635633415255188,0.4176899114910915
11.868686868686869,69.04040404040404,-0.09009839134380165,0.020036083157878942,0.09229932150915451
11.868686868686869,69.24242424242425,-0.2677832928273073,0.07231713097629988,0.27737638571096623
11.868686868686869,69.44444444444444,-0.21544093771042566,0.04593275275347269,0.22028303479174052
11.868686868686869,69.64646464646465,-0.20635943509258295,0.012490816738353014,0.20673712040782874
11.868686868686869,69.84848484848484,-0.1929306297281391,0.012876007634768327,0.19335981862813928
11.868686868686869,70.05050505050505,-0.16455509094439966,-0.12291249926226787,0.20539196778505397
11.868686868686869,70.25252525252526,-0.10412094899207493,-0.07945577188584259,0.13097477507132937
11.868686868686869,70.45454545454545,-0.1634292373573608,-0.11936469887610372,0.20237847454952193
11.868686868686869,70.65656565656566,-0.16829880528252167,-0.04805769467449296,0.17502579774693483
11.868686868686869,70.85858585858585,-0.25535505133717085,-0.01404426719735135,0.25574096989829326
11.868686868686869,71.06060606060606,-0.04556454661523643,-0.268119220450454,0.2719633142230974
11.868686868686869,71.26262626262626,-0.32603622633012774,-0.09407120443386593,0.33933613480327807
11.868686868686869,71.46464646464646,-0.20815406876746334,-0.12500113165397603,0.24280321097387594
11.868686868686869,71.66666666666667,-0.1336288999298241,-0.08150242087611956,0.15652261020415892
11.868686868686869,71.86868686868686,-0.13122388094926396,-0.04481940315315623,0.13866681589476176
11.868686868686869,72.07070707070707,-0.1537574758316903,-0.04219205847948043,0.15944130949308188
11.868686868686869,72.27272727272727,-0.16492953841203123,-0.17067863303402608,0.23734563070587464
11.868686868686869,72.47474747474747,-0.09814407744031635,-0.08855910586071486,0.1321929467386975
11.868686868686869,72.67676767676768,-0.1788720987256672,0.04160137989472724,0.18364613394152965
11.868686868686869,72.87878787878788,-0.0979910245645194,-0.04383847184230437,0.10735013977015939
11.868686868686869,73.08080808080808,-0.14590766244328093,-0.01662331200577171,0.14685155927569735
11.868686868686869,73.28282828282828,-0.0490748977641575,0.05654721692325934,0.07487278098433808
11.868686868686869,73.48484848484848,-0.013256820859924225,-0.04043164743117905,0.04254951719245813
11.868686868686869,73.68686868686869,-0.1641274314271298,0.007797763209600631,0.16431256451635157
11.868686868686869,73.88888888888889,-0.4063969735271249,0.027868892065992485,0.40735141491959076
11.868686868686869,74.0909090909091,0.012984089521321643,0.06434179121987423,0.06563880466674861
11.868686868686869,74.29292929292929,-0.1260682904489791,0.04982262096223182,0.13555628873746278
11.868686868686869,74.4949494949495,-0.09840178577246556,-0.15565139121014693,0.18414740570766783
11.868686868686869,74.6969696969697,0.02274328619239941,0.04422702659905604,0.04973215206104594
11.868686868686869,74.8989898989899,-0.22044455196238044,-0.07755580784752271,0.23368933185059287
11.868686868686869,75.1010101010101,-0.1995790070983813,0.034548480732750735,0.20254722312418155
11.868686868686869,75.3030303030303,-0.09870679450471226,0.0013651109945883103,0.09871623376842859
11.868686868686869,75.5050505050505,-0.09510637887965369,0.06441613371031846,0.11486801811551317
11.868686868686869,75.70707070707071,-0.10311599102460288,0.17095571887023425,0.19964660132199732
11.868686868686869,75.9090909090909,-0.07114454152220585,0.004998433411248098,0.07131991394394382
11.868686868686869,76.11111111111111,-0.08589531150678065,-0.07033469080726877,0.11101789616904557
11.868686868686869,76.31313131313131,0.04028242510702166,-0.09374441682279988,0.10203278619125156
11.868686868686869,76.51515151515152,0.006199535666109488,-0.045131202478313745,0.04555501816061449
11.868686868686869,76.71717171717171,-0.05542856477771722,0.04386970471620639,0.07068859020524271
11.868686868686869,76.91919191919192,-0.0793353194088561,-0.1349430669259446,0.1565366545480169
11.868686868686869,77.12121212121212,-0.1329450588858764,-0.1092822715606283,0.1720959138376622
11.868686868686869,77.32323232323232,-0.16446192621447206,-0.09319111175371186,0.1890299142571547
11.868686868686869,77.52525252525253,0.041230041942145544,-0.08604619878971465,0.09541417444337173
11.868686868686869,77.72727272727272,-0.09701077559754502,0.0005876549970771777,0.09701255547831335
11.868686868686869,77.92929292929293,-0.05522223035264272,-0.03795637500300861,0.06700881381198559
11.868686868686869,78.13131313131314,-0.08994347185651726,-0.03699792486909055,0.09725571743719226
11.868686868686869,78.33333333333333,-0.03643820808943231,-0.014586187912471281,0.0392492023687959
11.868686868686869,78.53535353535354,-0.10423969597657547,-0.03269514777161968,0.10924690798872494
11.868686868686869,78.73737373737373,-0.050980030666782285,-0.03479201102632266,0.061720722274142416
11.868686868686869,78.93939393939394,-0.04732836226208982,0.14720694075628182,0.15462812577676507
11.868686868686869,79.14141414141415,0.15770159310382167,0.00017828195777041915,0.1577016938778395
11.868686868686869,79.34343434343434,-0.056623885348097786,0.02614923487745565,0.06237024031211413
11.868686868686869,79.54545454545455,0.02546209167812072,0.10241498619886999,0.10553268456141801
11.868686868686869,79.74747474747474,0.012959278156717463,0.11265900821483142,0.11340191807148867
11.868686868686869,79.94949494949495,0.007355775895089623,0.16564836211755654,0.16581160185960425
11.868686868686869,80.15151515151516,0.020648728519761194,0.08573491523999842,0.08818642571673098
11.868686868686869,80.35353535353535,0.1495309607224519,0.09093319695472835,0.17500958408894887
11.868686868686869,80.55555555555556,0.051221286012417835,0.1410706808456003,0.15008183479357895
11.868686868686869,80.75757575757575,0.03825616944695017,0.23150123725890986,0.23464091150769048
11.868686868686869,80.95959595959596,0.536524461044182,0.10196845512960301,0.5461282478871312
11.868686868686869,81.16161616161617,0.08777662689300252,0.19957436671223872,0.21802445752094995
11.868686868686869,81.36363636363636,0.06671444503825848,0.07857193359096531,0.10307456487895486
11.868686868686869,81.56565656565657,-0.018021249457777753,0.14995324116460346,0.15103224810545984
11.868686868686869,81.76767676767676,0.08592414685728542,0.14464264283976017,0.16823927347924078
11.868686868686869,81.96969696969697,0.1996755686378225,0.1153963411057859,0.23062230649145943
11.868686868686869,82.17171717171718,0.5113057689438544,0.20731316915658068,0.5517357514798287
11.868686868686869,82.37373737373737,0.1336726660710795,0.1892538516890669,0.2317011049470797
11.868686868686869,82.57575757575758,0.174853796405708,0.25489443730649786,0.3091035818092132
11.868686868686869,82.77777777777777,0.08254350940352045,0.15487259265321673,0.17549629882073944
11.868686868686869,82.97979797979798,-0.05895597682413009,0.11890273441118293,0.1327164927721633
11.868686868686869,83.18181818181819,0.0921122941063545,0.18661708723235584,0.20811201784765881
11.868686868686869,83.38383838383838,0.1589648404460043,0.041530291227804876,0.16430029089289494
11.868686868686869,83.58585858585859,0.03173532514951133,0.0396235327793051,0.05076568932121253
11.868686868686869,83.78787878787878,0.1816657648428818,0.08643957166782851,0.20118213058337683
11.868686868686869,83.98989898989899,0.11270372368400573,0.4338927521033175,0.448291255390992
11.868686868686869,84.1919191919192,0.13884886741297764,0.125331954446534,0.18704840760416733
11.868686868686869,84.39393939393939,0.21164660948154304,0.11532307203371589,0.24102634347375063
11.868686868686869,84.5959595959596,0.2703792529652183,0.0747473390326087,0.2805211313368126
11.868686868686869,84.79797979797979,0.15741958910699258,0.1352385241126947,0.207534058503163
11.868686868686869,85.0,-0.11276455591683028,0.06812359455214431,0.13174471224996048
12.070707070707071,65.0,0.11550336444109863,0.20909676662222326,0.23887755233399757
12.070707070707071,65.20202020202021,-0.1589138935688584,0.2211278368997975,0.2723070800056398
12.070707070707071,65.4040404040404,-0.24909747928784937,0.08984244392157553,0.26480411423798156
12.070707070707071,65.60606060606061,0.09176158572705925,0.21783712329976146,0.23637512750427006
12.070707070707071,65.8080808080808,0.05039703520903881,0.19000525528178586,0.19657532447527007
12.070707070707071,66.01010101010101,-0.35056000667566733,0.37109162355163144,0.5104912451263289
12.070707070707071,66.21212121212122,-0.12347297137729403,0.24074611807547713,0.27056287259923456
12.070707070707071,66.41414141414141,-0.17056087681818624,0.1676530006237251,0.23916216531702347
12.070707070707071,66.61616161616162,-0.19818305770723466,-0.055421842805440935,0.20578655209255076
12.070707070707071,66.81818181818181,-0.1467972031869028,0.15126960076150883,0.21078878285630642
12.070707070707071,67.02020202020202,-0.15166786315942457,0.2470771509160546,0.28991422735033334
12.070707070707071,67.22222222222223,-0.05123645820144377,0.21780735850672425,0.22375258673075715
12.070707070707071,67.42424242424242,-0.09722967013410219,0.15925951178839923,0.1865936784820579
12.070707070707071,67.62626262626263,-0.040042057409638565,0.1609985012365192,0.16590323614083682
12.070707070707071,67.82828282828282,-0.15284345928043847,0.11274776543926575,0.1899294122993033
12.070707070707071,68.03030303030303,-0.13147414228976237,0.16200744357950658,0.20864290514176534
12.070707070707071,68.23232323232324,-0.19048444652409963,0.346752329236123,0.3956279845995088
12.070707070707071,68.43434343434343,-0.1677859859263503,0.20061063651003277,0.2615277510212595
12.070707070707071,68.63636363636364,-0.19817443198071427,-0.07651205984783828,0.21243163792862382
12.070707070707071,68.83838383838383,-0.3849099865851333,0.022902578464378317,0.385590749206052
12.070707070707071,69.04040404040404,-0.12025187881929139,0.08649704124661832,0.14812917506011006
12.070707070707071,69.24242424242425,-0.18746969576388384,0.02353708954354709,0.1889414761612286
12.070707070707071,69.44444444444444,-0.23070939105290045,0.03728749153143584,0.23370318813552168
12.070707070707071,69.64646464646465,-0.1400565697458881,0.010122336885971818,0.14042188017904447
12.070707070707071,69.84848484848484,-0.17536703803883164,-0.06293685561792903,0.18631866741039413
12.070707070707071,70.05050505050505,-0.28986219527200296,-0.07944453295829089,0.3005520355360545
12.070707070707071,70.25252525252526,-0.22904196738314878,0.004519439405692577,0.22908655166832714
12.070707070707071,70.45454545454545,-0.13458514624053616,0.009377990234364524,0.13491148316367418
12.070707070707071,70.65656565656566,-0.1600399976631559,-0.10317761995563379,0.1904164439110555
12.070707070707071,70.85858585858585,-0.26660842913088917,-0.009404502588816945,0.2667742475438426
12.070707070707071,71.06060606060606,-0.16368395497801078,-0.0666505049152554,0.17673349123101129
12.070707070707071,71.26262626262626,-0.24285868854599868,-0.096390363016698,0.26128804925746835
12.070707070707071,71.46464646464646,-0.21886647601199472,0.00019028927903599197,0.21886655873366942
12.070707070707071,71.66666666666667,-0.08632577708834727,-0.06130615846836036,0.10588004937689977
12.070707070707071,71.86868686868686,-0.1424653728033288,-0.00952236028716498,0.1427832545974143
12.070707070707071,72.07070707070707,-0.13327566297863158,-0.21230668360381835,0.25067215690069294
12.070707070707071,72.27272727272727,-0.062057335146910406,0.0021890837075770574,0.06209593330496564
12.070707070707071,72.47474747474747,-0.06594828833313747,-0.017559807180108623,0.06824605162405536
12.070707070707071,72.67676767676768,0.06724321599808908,-0.01870367115504968,0.06979596988682012
12.070707070707071,72.87878787878788,-0.20485972641782263,0.050208777987629905,0.21092280316503534
12.070707070707071,73.08080808080808,-0.21461190666254013,0.013011374052797252,0.21500596814059056
12.070707070707071,73.28282828282828,-0.1125032142123639,-0.04228540950505118,0.12018747465989503
12.070707070707071,73.48484848484848,-0.054441350564677866,-0.07034064045905752,0.08894754831639011
12.070707070707071,73.68686868686869,-0.2960705040102143,0.0011064414471756226,0.296072571437373
12.070707070707071,73.88888888888889,-0.025948903852607275,0.003933989987044953,0.026245416521176162
12.070707070707071,74.0909090909091,0.0046586706835392705,0.016274520190273464,0.016928178282416773
12.070707070707071,74.29292929292929,0.04553985738584932,-0.04079472833923244,0.06113990898746309
12.070707070707071,74.4949494949495,-0.10132962681509522,0.02547437107665531,0.10448271078143789
12.070707070707071,74.6969696969697,-0.10712623432708235,-0.04001495633019829,0.11435570301129994
12.070707070707071,74.8989898989899,0.14754588880097833,0.07133256762985249,0.16388448525329705
12.070707070707071,75.1010101010101,-0.14887441516826425,0.09728808513455552,0.17784420991654812
12.070707070707071,75.3030303030303,0.4846209507226984,0.11927329729568834,0.4990827439685305
12.070707070707071,75.5050505050505,-0.14184263801514094,0.035316171097928825,0.14617306831325833
12.070707070707071,75.70707070707071,-0.12845338579466745,-0.01170812548242911,0.12898586172300427
12.070707070707071,75.9090909090909,-0.11067606191435869,-0.1078376495903276,0.15452556212496768
12.070707070707071,76.11111111111111,0.11515266657417564,-0.022943680012150677,0.11741613633416503
12.070707070707071,76.31313131313131,-0.13890243004808706,-0.2911423593162803,0.322579848195007
12.070707070707071,76.51515151515152,-0.04384595813160758,-0.06813127938369352,0.08102061018615934
12.070707070707071,76.71717171717171,-0.07128692393009861,-0.11187382612071343,0.13265586490729797
12.070707070707071,76.91919191919192,-0.0444608264567812,0.02930638531620538,0.05325062731575951
12.070707070707071,77.12121212121212,0.06590018623435287,-0.05775737948338045,0.08762847385701526
12.070707070707071,77.32323232323232,-0.14621250061832053,0.14025952112351744,0.2026100407256778
12.070707070707071,77.52525252525253,-0.05638653704390311,-0.17322051967820934,0.18216692893440445
12.070707070707071,77.72727272727272,-0.022487481705408163,-0.17340494045553156,0.17485697071560377
12.070707070707071,77.92929292929293,0.028219472674638868,-0.3940244029911294,0.39503362994883184
12.070707070707071,78.13131313131314,-0.09914574327228048,0.06902059434665198,0.12080447364637634
12.070707070707071,78.33333333333333,0.05569500251454268,0.02782260981452854,0.062257778003928274
12.070707070707071,78.53535353535354,-0.02613410290912756,0.03722828591568299,0.045485564820992495
12.070707070707071,78.73737373737373,-0.20550941047522608,-0.014496002647666796,0.20602002787747634
12.070707070707071,78.93939393939394,-0.008655846611631709,0.07543570152852656,0.07593068382192433
12.070707070707071,79.14141414141415,0.22394999235204177,0.10406515766488311,0.246947678900403
12.070707070707071,79.34343434343434,-0.05979685179783905,-0.05776452257278219,0.08314086572194321
12.070707070707071,79.54545454545455,0.1036200797846869,0.07821138372537934,0.12982350125775924
12.070707070707071,79.74747474747474,-0.03743692650860407,0.08063554127731107,0.0889022720941122
12.070707070707071,79.94949494949495,0.1504374198119846,0.1449234794668107,0.2088880853003694
12.070707070707071,80.15151515151516,0.01690941153181346,0.14168973927805553,0.14269516605349872
12.070707070707071,80.35353535353535,0.11042644133454015,0.11926058567833724,0.16253333886360255
12.070707070707071,80.55555555555556,0.10107426926548485,0.0795549522446177,0.1286273623075399
12.070707070707071,80.75757575757575,-0.2104274550332488,0.10042137614384485,0.2331612459616596
12.070707070707071,80.95959595959596,0.1489660955169431,0.11768381636243894,0.1898430358143044
12.070707070707071,81.16161616161617,0.058736537942510526,0.18273546792989576,0.19194330446522467
12.070707070707071,81.36363636363636,0.13215263523817947,0.14146231073397622,0.1935869426345469
12.070707070707071,81.56565656565657,-0.06307348458493155,0.1973807764275477,0.2072135018786835
12.070707070707071,81.76767676767676,-0.05017072318147493,0.27804683111034995,0.2825369741380049
12.070707070707071,81.96969696969697,0.1258080224874603,0.11429035047358217,0.16997041723070389
12.070707070707071,82.17171717171718,0.19771504583855176,0.20250554403946158,0.28301896529677817
12.070707070707071,82.37373737373737,-0.07713370474711749,0.6767563105364006,0.681137807098429
12.070707070707071,82.57575757575758,0.05469669568237666,0.2345778747533363,0.24087031332723935
12.070707070707071,82.77777777777777,0.029494619331883958,0.10010689533412352,0.10436150182404384
12.070707070707071,82.97979797979798,0.04453087309548697,0.19511968329312535,0.20013667696615706
12.070707070707071,83.18181818181819,0.0642683952531595,0.08534137802949165,0.10683434575261336
12.070707070707071,83.38383838383838,0.159622066919351,0.1340392152002961,0.20843635829460527
12.070707070707071,83.58585858585859,0.06256014769200909,0.244919313744016,0.25278299453105174
12.070707070707071,83.78787878787878,0.1897801672820612,-0.14695622740332204,0.2400263416090493
12.070707070707071,83.98989898989899,0.12821011500513388,0.16728421080902683,0.21076489455226785
12.070707070707071,84.1919191919192,0.12232600259656971,0.07504883963014472,0.143512993283142
12.070707070707071,84.39393939393939,0.07524611609078873,0.2192671495113327,0.23181902605604565
12.070707070707071,84.5959595959596,0.16560010302588435,0.08051745512264288,0.18413705412439485
12.070707070707071,84.79797979797979,0.1889765909746018,0.05630834856484575,0.19718717517750012
12.070707070707071,85.0,0.10453150008480151,0.09467789333237567,0.14103452767260777
12.272727272727273,65.0,0.06928996183775804,-0.04934488347729858,0.08506477729863365
12.272727272727273,65.20202020202021,0.052573851501558536,0.18698508947015885,0.19423551051718438
12.272727272727273,65.4040404040404,-0.01849626886208014,0.3067002222889514,0.30725744631157526
12.272727272727273,65.60606060606061,-0.13435458538696543,0.2790931005307901,0.3097484679193637
12.272727272727273,65.8080808080808,-0.47059332503304346,0.18006828725941748,0.5038677064887129
12.272727272727273,66.01010101010101,-0.028669137300136406,0.18931500539419496,0.19147347257763447
12.272727272727273,66.21212121212122,0.2560444557078621,-0.4180496708562669,0.49022881453640443
12.272727272727273,66.41414141414141,0.22647818444417558,0.2614425884912533,0.3458967983461784
12.272727272727273,66.61616161616162,-0.13841202799088614,0.20256746239962958,0.24533949196078317
12.272727272727273,66.81818181818181,-0.06613017486292838,0.22050788891999462,0.23021061900649625
12.272727272727273,67.02020202020202,-0.12367980744410315,0.21924991345862438,0.2517284634701144
12.272727272727273,67.22222222222223,-0.13988160511697398,0.15439175685290144,0.2083354939376065
12.272727272727273,67.42424242424242,-0.18977040276404378,0.12334023598657147,0.2263307747047461
12.272727272727273,67.62626262626263,-0.26472446536577027,0.15551749154348676,0.3070256222844787
12.272727272727273,67.82828282828282,-0.14877415533705088,0.0955538606947588,0.1768171077410959
12.272727272727273,68.03030303030303,-0.192814182492841,0.23244507433494385,0.30200665812687005
12.272727272727273,68.23232323232324,-0.1753500800135977,0.12677849579160552,0.21638030768985717
12.272727272727273,68.43434343434343,-0.09491281116934033,0.04683279887236813,0.10583833319873542
12.272727272727273,68.63636363636364,-0.17354242774338857,0.10198794717375688,0.20129211508597714
12.272727272727273,68.83838383838383,-0.23728647326786753,0.08849313620172179,0.2532506772956765
12.272727272727273,69.04040404040404,-0.23819280608672855,0.07849312732717612,0.2507927110365653
12.272727272727273,69.24242424242425,-0.46833507277526554,0.0530446182640934,0.4713294727875572
12.272727272727273,69.44444444444444,-0.22316630931258596,0.04721140307511122,0.22810549794452878
12.272727272727273,69.64646464646465,-0.06886541912268979,0.01414121522666289,0.07030234646888062
12.272727272727273,69.84848484848484,-0.2607240439145175,0.11038261541354412,0.2831277959873838
12.272727272727273,70.05050505050505,-0.45679897177152146,-0.05638413328531709,0.4602656527461675
12.272727272727273,70.25252525252526,-0.15208851518589245,0.022974678288360872,0.15381401852205512
12.272727272727273,70.45454545454545,-0.1572875481290599,-0.019397668115177805,0.15847915422779715
12.272727272727273,70.65656565656566,-0.15765629001124704,-0.001259522935882405,0.15766132112264075
12.272727272727273,70.85858585858585,-0.2440544107607734,-0.09158994460120687,0.2606746504051371
12.272727272727273,71.06060606060606,-0.34285846218623983,-0.053417871849111224,0.3469948041766639
12.272727272727273,71.26262626262626,0.01367095576136628,-0.13823423223861905,0.13890859582484338
12.272727272727273,71.46464646464646,-0.23187166949162744,-0.1128742526605656,0.25788576545927405
12.272727272727273,71.66666666666667,-0.17968030235829666,-0.11199390550403893,0.21172540217370353
12.272727272727273,71.86868686868686,-0.1039136532115103,0.018999066404690026,0.10563622412795644
12.272727272727273,72.07070707070707,-0.14537223453304604,-0.06411908386538392,0.15888468613704432
12.272727272727273,72.27272727272727,-0.27551170985820034,-0.039258854410163566,0.27829473570045765
12.272727272727273,72.47474747474747,-0.1008076352231713,-0.05366441269493403,0.11420178855508421
12.272727272727273,72.67676767676768,-0.12300271071942663,-0.06297869331251506,0.13818821460485978
12.272727272727273,72.87878787878788,-0.011704926318023053,0.02389167816099283,0.026604841391348503
12.272727272727273,73.08080808080808,-0.08401322324930971,-0.006498037049418347,0.0842641451996872
12.272727272727273,73.28282828282828,-0.19751416605429103,0.1467534122384423,0.24606586475118453
12.272727272727273,73.48484848484848,-0.07776380232646828,-0.018216659192461793,0.07986899038052463
12.272727272727273,73.68686868686869,-0.0928079170824291,0.016092932718510703,0.09419284450881366
12.272727272727273,73.88888888888889,0.014969217851816714,0.07488241694708252,0.07636395649082006
12.272727272727273,74.0909090909091,-0.07564759350699227,0.14631996205186826,0.16471821301319203
12.272727272727273,74.29292929292929,0.09126314924449962,0.10195563951318239,0.13683535668300723
12.272727272727273,74.4949494949495,-0.006700684528108562,0.05983423855171842,0.06020826584622065
12.272727272727273,74.6969696969697,-0.08235866761047606,-0.08135888844949911,0.11576795264800581
12.272727272727273,74.8989898989899,-0.10721879745668181,0.02767901145822642,0.1107339071981188
12.272727272727273,75.1010101010101,-0.2279220750071731,-0.08431492107260066,0.2430174442114276
12.272727272727273,75.3030303030303,-0.053878975089305205,0.060231761614359676,0.08081342131009565
12.272727272727273,75.5050505050505,-0.03919535248314453,-0.027567705052338944,0.047919244757515723
12.272727272727273,75.70707070707071,0.11714827786698162,-0.003555366563817542,0.11720221686727025
12.272727272727273,75.9090909090909,0.05187765920767255,-0.05272141185227262,0.07396511875583224
12.272727272727273,76.11111111111111,-0.016964552623810823,-0.028192408795468568,0.03290300836423411
12.272727272727273,76.31313131313131,-0.020933188052369003,0.007919668485592191,0.022381231220769033
12.272727272727273,76.51515151515152,-0.1262685770730735,-0.15273144873521388,0.1981682340558546
12.272727272727273,76.71717171717171,0.10207967724513069,-0.09457819972391171,0.13915924823555992
12.272727272727273,76.91919191919192,-0.2148288530361887,-0.07523142394957888,0.22762074432337145
12.272727272727273,77.12121212121212,-0.02528548567355569,-0.1906875085395427,0.1923566523382172
12.272727272727273,77.32323232323232,-0.03395906760123418,-0.12929456580034787,0.13367985269982038
12.272727272727273,77.52525252525253,0.006676145621380928,-0.09388595593770488,0.0941230239776355
12.272727272727273,77.72727272727272,-0.11138933991922485,-0.03129273839781431,0.11570142835797086
12.272727272727273,77.92929292929293,0.0956229905841648,-0.028817910635816204,0.09987105837865723
12.272727272727273,78.13131313131314,0.09913159380489549,0.018401789979326115,0.10082508995652828
12.272727272727273,78.33333333333333,-0.010031304879676559,-0.007912135046962938,0.012776108898659324
12.272727272727273,78.53535353535354,-0.0961058711458076,0.09539074747502971,0.1354095017808553
12.272727272727273,78.73737373737373,-0.17178521734992394,-0.012296104140124985,0.17222472260678898
12.272727272727273,78.93939393939394,-0.07711902833343821,-0.03659210521552419,0.08535998298498916
12.272727272727273,79.14141414141415,-0.03432170922226733,0.013255826813627275,0.03679261703726374
12.272727272727273,79.34343434343434,-0.1203482835697473,0.049887768861047836,0.13027854328367985
12.272727272727273,79.54545454545455,0.07194255844692429,0.064187294424505,0.0964144205055821
12.272727272727273,79.74747474747474,0.10411702210395128,0.09799959424767316,0.14298347724301314
12.272727272727273,79.94949494949495,-0.10767344926222752,0.11669669217799489,0.15878189330434114
12.272727272727273,80.15151515151516,0.12685331382190326,0.06435204666148785,0.1422425714655095
12.272727272727273,80.35353535353535,0.03542588488424237,0.12495950379094661,0.12988406718112577
12.272727272727273,80.55555555555556,0.0636952924190093,0.17602562680438022,0.18719538340519523
12.272727272727273,80.75757575757575,0.25011442787476923,0.09546360884045665,0.26771351785811426
12.272727272727273,80.95959595959596,0.050231655508060157,0.11450766368694093,0.12504089034440694
12.272727272727273,81.16161616161617,-0.05662304300242313,0.13696299931516537,0.14820604636876408
12.272727272727273,81.36363636363636,0.015714104089548403,0.17718404225673895,0.17787950387207352
12.272727272727273,81.56565656565657,0.061771778160817,0.1673124421955921,0.17835135516895445
12.272727272727273,81.76767676767676,0.02681199085511072,0.15359151526919823,0.15591419568564913
12.272727272727273,81.96969696969697,0.2030838771150848,0.12488178101140479,0.23840830600605198
12.272727272727273,82.17171717171718,0.24648540853991305,0.08817581472631991,0.2617824114140179
12.272727272727273,82.37373737373737,0.7852386646701008,0.12786072949466654,0.7955803709492784
12.272727272727273,82.57575757575758,0.0975077545571501,0.18311204703524053,0.2074554987659126
12.272727272727273,82.77777777777777,0.08143330303989084,0.11565424356976463,0.14144711697196638
12.272727272727273,82.97979797979798,0.2205529809185909,0.16762342967030558,0.2770220777600807
12.272727272727273,83.18181818181819,0.06477041060879679,0.10954337877211853,0.12725941192400647
12.272727272727273,83.38383838383838,0.021623269829107408,0.07482544244547765,0.07788717888885098
12.272727272727273,83.58585858585859,0.1412773482269802,0.1138080075404226,0.18141541197585256
12.272727272727273,83.78787878787878,0.17263351864317564,0.09420548077522578,0.19666470035879624
12.272727272727273,83.98989898989899,0.22664981082101346,0.1166113275829809,0.25488887473929983
12.272727272727273,84.1919191919192,0.11434264611945547,0.14895429398835966,0.18778078288038344
12.272727272727273,84.39393939393939,-0.06787250620294424,0.10165131845258452,0.12222793314712253
12.272727272727273,84.5959595959596,0.11165759854080637,0.0913824430077532,0.1442850311084457
12.272727272727273,84.79797979797979,0.0384772876434604,0.08579423355218052,0.0940274011935015
12.272727272727273,85.0,0.12398778760958441,0.0011824427884272633,0.12399342582277222
12.474747474747474,65.0,-0.17067179702720073,0.21073694718040772,0.27118060993996596
12.474747474747474,65.20202020202021,-0.16946287528707726,0.19821572130218543,0.2607817828605157
12.474747474747474,65.4040404040404,-0.15015961972466033,0.2329367792684509,0.27714157849700866
12.474747474747474,65.60606060606061,-0.09988712095617536,0.1668352913672785,0.19445166848993176
12.474747474747474,65.8080808080808,-0.08151961327008689,0.17637890058635755,0.19430636613285918
12.474747474747474,66.01010101010101,-0.020789987719028187,0.1429085345862055,0.1444128555459452
12.474747474747474,66.21212121212122,-0.09071187463288558,0.08456070077630151,0.1240127264243132
12.474747474747474,66.41414141414141,-0.07114439455498192,0.05344585138788957,0.08898305404497713
12.474747474747474,66.61616161616162,-0.02406040867494915,0.13696671307258917,0.1390639556301867
12.474747474747474,66.81818181818181,-0.3216530697682906,0.22922090282487337,0.3949720491164088
12.474747474747474,67.02020202020202,-0.1195292853357015,0.1831237419635261,0.21868140049759066
12.474747474747474,67.22222222222223,-0.06531827927736941,0.22979878595911377,0.2389015689275376
12.474747474747474,67.42424242424242,-0.15105133693497932,0.23348132095100374,0.27808278196046277
12.474747474747474,67.62626262626263,-0.16348969185257162,0.2630334828413531,0.3097022641791648
12.474747474747474,67.82828282828282,-0.1496464704875252,0.12552759931750587,0.19532343515254397
12.474747474747474,68.03030303030303,-0.051952098394842015,0.22639514050745713,0.2322795302496942
12.474747474747474,68.23232323232324,-0.23426939618409293,0.11219498871417806,0.2597496207524354
12.474747474747474,68.43434343434343,-0.21771115160175997,0.12194758984372515,0.2495382940561587
12.474747474747474,68.63636363636364,0.03522120599740122,0.10385901655010903,0.10966872239005611
12.474747474747474,68.83838383838383,-0.46582783353009255,0.16055385285519555,0.4927201134092127
12.474747474747474,69.04040404040404,-0.1416494227868546,-0.05793822386180941,0.15304050692581433
12.474747474747474,69.24242424242425,-0.16004165392414366,0.09951726292476328,0.18845958880038932
12.474747474747474,69.44444444444444,-0.018481132562615125,-0.0105956337787616,0.02130304475821677
12.474747474747474,69.64646464646465,-0.21428043294278926,0.10201341603650468,0.2373243371287197
12.474747474747474,69.84848484848484,-0.175051132533915,0.06295154195884664,0.1860263304922255
12.474747474747474,70.05050505050505,-0.3229491255025516,0.053709192924851865,0.3273848119071833
12.474747474747474,70.25252525252526,-0.28652016572338407,0.024874525079733784,0.2875978917935557
12.474747474747474,70.45454545454545,-0.09349104047668644,0.028961747246249454,0.09787419196585513
12.474747474747474,70.65656565656566,-0.22955658444837634,-0.0002222815655053105,0.22955669206690296
12.474747474747474,70.85858585858585,-0.2686759923800474,-0.029671438441756723,0.2703094211095985
12.474747474747474,71.06060606060606,-0.14609539088772625,0.06424235166775194,0.15959618725533714
12.474747474747474,71.26262626262626,-0.23927982983393034,-0.07010741742355145,0.24933889977930587
12.474747474747474,71.46464646464646,-0.28904875488062187,-0.0370045630087279,0.29140782484604755
12.474747474747474,71.66666666666667,-0.06647306800501512,-0.09772701199199275,0.11819152948871785
12.474747474747474,71.86868686868686,-0.03649686432616324,-0.046205812671051893,0.058881221371798215
12.474747474747474,72.07070707070707,-0.15202703223115027,-0.12035862866001627,0.1939031150392662
12.474747474747474,72.27272727272727,-0.24722642772784784,0.00717688736760002,0.24733057691955515
12.474747474747474,72.47474747474747,-0.03250385099857365,-0.032206475942919977,0.04575759415003547
12.474747474747474,72.67676767676768,-0.15284844495335823,0.01755133088422669,0.15385283988431084
12.474747474747474,72.87878787878788,-0.13267704862781168,-0.015209297864070583,0.13354595454039306
12.474747474747474,73.08080808080808,-0.08062048726125534,-0.06529266029225265,0.10374388875631056
12.474747474747474,73.28282828282828,-0.19917558842038566,-0.029711014574948257,0.20137939172040334
12.474747474747474,73.48484848484848,-0.08947139715775788,-0.013098669615735605,0.09042514061400977
12.474747474747474,73.68686868686869,-0.13093800911679523,0.0020864746046247995,0.13095463186823786
12.474747474747474,73.88888888888889,-0.1061945748456119,0.06353956229624597,0.12375202504783019
12.474747474747474,74.0909090909091,0.2977871815952048,0.058126166839005816,0.30340708098825153
12.474747474747474,74.29292929292929,-0.07025647086351898,0.13500846501892405,0.15219480058452237
12.474747474747474,74.4949494949495,0.07360856197850996,-0.19171692985981834,0.2053621230690281
12.474747474747474,74.6969696969697,0.07484880292692624,0.02304185828173132,0.07831519988271263
12.474747474747474,74.8989898989899,-0.06287806039054979,0.14911329796474945,0.16182838474260866
12.474747474747474,75.1010101010101,-0.07751119279819335,-0.03839731802468868,0.08650051468336926
12.474747474747474,75.3030303030303,-0.12030494737931033,0.03952994654006398,0.12663292240724347
12.474747474747474,75.5050505050505,0.19703687005831363,0.05073307437664637,0.20346344388632348
12.474747474747474,75.70707070707071,0.005813670826734686,-0.1263707848343687,0.12650444272094138
12.474747474747474,75.9090909090909,-0.04725885235538309,0.0036539863660488975,0.04739990234495393
12.474747474747474,76.11111111111111,-0.051085466106938995,-0.06740553613340967,0.08457677665172403
12.474747474747474,76.31313131313131,-0.23074303269037136,-0.031381965151143755,0.23286729025755717
12.474747474747474,76.51515151515152,-0.04981169415446718,-0.12889317311260298,0.13818341054400712
12.474747474747474,76.71717171717171,0.005314736533730498,-0.05649193486530074,0.05674138815052335
12.474747474747474,76.91919191919192,-0.29434307222913786,-0.00532846632666876,0.2943912986531394
12.474747474747474,77.12121212121212,0.09143208409660182,-0.034814982485249016,0.09783613344616734
12.474747474747474,77.32323232323232,0.015354873822734719,-0.0796568627621445,0.08112328848869002
12.474747474747474,77.52525252525253,0.030584098837614537,-0.05918180049044536,0.0666173596819917
12.474747474747474,77.72727272727272,0.04456468219734776,-0.11781922705502243,0.1259657936234815
12.474747474747474,77.92929292929293,0.1103715942710569,-0.023439660403640806,0.11283309134191445
12.474747474747474,78.13131313131314,0.14587800998625222,-0.04850993526064337,0.15373225951810152
12.474747474747474,78.33333333333333,0.10124344317563767,0.05421199618220458,0.11484413487905222
12.474747474747474,78.53535353535354,-0.2015077582909462,0.010424197888882313,0.20177720523654047
12.474747474747474,78.73737373737373,0.13134879965622287,0.03759352027376841,0.13662276507853588
12.474747474747474,78.93939393939394,0.09834466539248571,-0.028585323991801186,0.10241481318088815
12.474747474747474,79.14141414141415,0.10159412157687277,0.061995214884351016,0.11901584855611988
12.474747474747474,79.34343434343434,0.0009254066326205602,0.04684342928705154,0.04685256924445762
12.474747474747474,79.54545454545455,-0.03402351904416453,0.08905930836356149,0.09533708750714256
12.474747474747474,79.74747474747474,-0.10099816517445036,0.21439865001352085,0.23699664659278571
12.474747474747474,79.94949494949495,0.05101380745622788,0.0921232450542692,0.10530479965561886
12.474747474747474,80.15151515151516,0.012548647646067994,0.012943051151793785,0.018027510390043276
12.474747474747474,80.35353535353535,0.09735231595587594,-0.048330325934160916,0.10868897748564445
12.474747474747474,80.55555555555556,0.05420718566256113,0.1567586960163143,0.1658665359685027
12.474747474747474,80.75757575757575,-0.008410101558257489,0.10742400558387825,0.10775271126011313
12.474747474747474,80.95959595959596,0.09677966797016754,0.18524831427562388,0.2090053637454699
12.474747474747474,81.16161616161617,-0.14506272388119504,0.22139704388195716,0.2646882031740385
12.474747474747474,81.36363636363636,0.015820212071582046,0.11080058575349691,0.11192429992324211
12.474747474747474,81.56565656565657,0.06621303422470151,0.13995515036730705,0.15482767845439335
12.474747474747474,81.76767676767676,0.07557430487545438,0.039477099151092,0.08526380776621038
12.474747474747474,81.96969696969697,0.14399359940175474,0.15916369451114684,0.21463279879624805
12.474747474747474,82.17171717171718,0.07640813758783946,0.13627318014666667,0.15623246499024482
12.474747474747474,82.37373737373737,0.07379166953502231,0.14187722362946537,0.15991984579023102
12.474747474747474,82.57575757575758,0.08836404391043219,0.1418163086645951,0.16709299703894387
12.474747474747474,82.77777777777777,0.1408636163514967,0.06917228006287938,0.15693107640209145
12.474747474747474,82.97979797979798,0.07563321262689118,0.12785448317831888,0.14855016567159918
12.474747474747474,83.18181818181819,0.11685582359648741,0.15245783070873617,0.19209027474816898
12.474747474747474,83.38383838383838,0.11100951497779026,0.12547444813833528,0.16753193591439225
12.474747474747474,83.58585858585859,0.1062123332858288,0.09262461093124084,0.1409268544039202
12.474747474747474,83.78787878787878,0.08604271215187487,0.043244715697358355,0.09629877335769
12.474747474747474,83.98989898989899,0.06648943481497038,0.11411204067498248,0.13206968906233957
12.474747474747474,84.1919191919192,0.19656549025144415,0.01906215732000982,0.19748761429386752
12.474747474747474,84.39393939393939,0.14627121530374426,0.14473559766043242,0.2057757557550376
12.474747474747474,84.5959595959596,0.13187937870838307,0.11808753086121508,0.17702213272189313
12.474747474747474,84.79797979797979,0.1159865912227255,0.1155146810213894,0.16369645956752077
12.474747474747474,85.0,0.10830157494991305,0.05650463968989618,0.12215566070844455
12.676767676767676,65.0,0.025420684505223928,0.12725578438584342,0.129769972876511
12.676767676767676,65.20202020202021,0.5480984019118428,0.16394135142159683,0.5720914480083192
12.676767676767676,65.4040404040404,-0.19280384518064403,0.38921017400974756,0.43434765139130166
12.676767676767676,65.60606060606061,-0.08974479769021633,0.24109673135654028,0.25725816329762136
12.676767676767676,65.8080808080808,-0.12328278914222719,0.17036643133570467,0.21029352587455047
12.676767676767676,66.01010101010101,0.06686955409517698,0.2216416194404705,0.23150927569555857
12.676767676767676,66.21212121212122,0.0013745012826871308,0.22724858716717702,0.22725274392898792
12.676767676767676,66.41414141414141,-0.11616154889293356,0.1748372413744808,0.20990847151233288
12.676767676767676,66.61616161616162,-0.14100705278617898,0.31126887951521737,0.3417181649987357
12.676767676767676,66.81818181818181,-0.2005700294014131,0.22044500682386897,0.2980341217506132
12.676767676767676,67.02020202020202,-0.07507202807259826,0.1696548353219866,0.18552243138516533
12.676767676767676,67.22222222222223,-0.164131697669684,0.22334741823968896,0.2771701344197587
12.676767676767676,67.42424242424242,-0.1603754769218125,0.175885767427366,0.23802541204966393
12.676767676767676,67.62626262626263,-0.18657012436240974,0.012729018949348997,0.18700384816366192
12.676767676767676,67.82828282828282,-0.17466985932607107,0.14516639577522916,0.2271185642332214
12.676767676767676,68.03030303030303,-0.13796487274271232,0.25398201442384094,0.2890348936749765
12.676767676767676,68.23232323232324,-0.10882969292499058,0.14857148457094266,0.18416673991185703
12.676767676767676,68.43434343434343,-0.06849913085047699,0.12701341257256749,0.1443070958082104
12.676767676767676,68.63636363636364,-0.1393387703318698,0.10000657029270071,0.17151270220979684
12.676767676767676,68.83838383838383,-0.2729617600765137,0.12262421888750599,0.299240407568629
12.676767676767676,69.04040404040404,-0.2852557486166934,0.09524410567454779,0.3007362329095292
12.676767676767676,69.24242424242425,-0.058905625154497286,0.07660860051957734,0.09663720995770898
12.676767676767676,69.44444444444444,-0.1880350195116967,0.07944947266469898,0.20413080921179663
12.676767676767676,69.64646464646465,-0.24118120450864292,0.22375197710785882,0.3289883290755397
12.676767676767676,69.84848484848484,-0.01682022184867884,0.1050564433409666,0.10639443665198148
12.676767676767676,70.05050505050505,-0.2567893396532997,-0.36672785734226,0.44769418838133546
12.676767676767676,70.25252525252526,-0.14118582999232554,0.012421584497210772,0.14173120458121846
12.676767676767676,70.45454545454545,-0.14387331605655634,-0.057415571716564015,0.1549066781925481
12.676767676767676,70.65656565656566,-0.20145843853010043,0.026723137331706174,0.2032231003696073
12.676767676767676,70.85858585858585,-0.17714143924085626,0.117332029521828,0.21247563306890765
12.676767676767676,71.06060606060606,-0.22467428995067637,-0.05073251097993124,0.23033090160716482
12.676767676767676,71.26262626262626,-0.1544869504844071,-0.0436635274541254,0.16053884732272378
12.676767676767676,71.46464646464646,-0.15792975887810098,-0.0647204503745982,0.17067672786875762
12.676767676767676,71.66666666666667,-0.19204509986034354,-0.04352352645424523,0.1969152552124459
12.676767676767676,71.86868686868686,-0.08737065228505507,-0.05553189317085509,0.1035249826846412
12.676767676767676,72.07070707070707,-0.12297855771420098,-0.0958443843846709,0.15591623288016423
12.676767676767676,72.27272727272727,-0.031562863075129885,-0.0198775846153354,0.03730057232321263
12.676767676767676,72.47474747474747,-0.13829960412664283,-0.05914240428308637,0.15041477482604612
12.676767676767676,72.67676767676768,0.030915928189828586,-0.014800733799145385,0.03427617739526685
12.676767676767676,72.87878787878788,-0.03999324239210847,-0.041546599857975326,0.05766783676186109
12.676767676767676,73.08080808080808,-0.1293792264329,-0.07327040804793583,0.14868603474397532
12.676767676767676,73.28282828282828,-0.06375580120131272,0.06446913727929009,0.09067012654869992
12.676767676767676,73.48484848484848,-0.044331462482711095,0.0028922510170207045,0.04442570969384146
12.676767676767676,73.68686868686869,-0.05576224752652674,-0.021282847336675473,0.059685742350798245
12.676767676767676,73.88888888888889,-0.06561660614278185,0.02652082087219946,0.07077353277484633
12.676767676767676,74.0909090909091,0.017084392923604086,0.010971999257303518,0.020304217524208173
12.676767676767676,74.29292929292929,-0.052530132339956015,0.04808927961663193,0.07121793045083452
12.676767676767676,74.4949494949495,-0.006016130205332823,0.061269800330274425,0.061564456102195964
12.676767676767676,74.6969696969697,0.08198007898883687,-0.12822685823463026,0.15219349698242662
12.676767676767676,74.8989898989899,-0.08787317413873214,-0.04295011140510967,0.09780800991190483
12.676767676767676,75.1010101010101,-0.045416326407899055,-0.029405473092427307,0.05410475535642219
12.676767676767676,75.3030303030303,0.1797834275658495,0.07912697788852224,0.19642596431504605
12.676767676767676,75.5050505050505,0.0003067350689506636,0.03062813243447751,0.03062966834339571
12.676767676767676,75.70707070707071,0.0496977783670338,0.03877180612650553,0.06303270678727152
12.676767676767676,75.9090909090909,-0.1464781169317552,0.04260828534982271,0.15254935175321088
12.676767676767676,76.11111111111111,-0.0592684340382891,0.13886217248570742,0.15098162212932204
12.676767676767676,76.31313131313131,0.015095776326507757,-0.04112024582547731,0.043803619481130054
12.676767676767676,76.51515151515152,0.03852591622871014,-0.05231846881645738,0.06497282817116871
12.676767676767676,76.71717171717171,0.008153440702491917,-0.024660623048955266,0.025973542778214058
12.676767676767676,76.91919191919192,0.07033517257672443,-0.09480809509636799,0.11804919058256844
12.676767676767676,77.12121212121212,0.06791407817516808,-0.03573177040087688,0.07674035073130576
12.676767676767676,77.32323232323232,0.1963147344588412,-0.1145091626014497,0.22727037485191637
12.676767676767676,77.52525252525253,0.10041686908024085,-0.05051081833437561,0.11240502820019452
12.676767676767676,77.72727272727272,0.04607513229081803,-0.10465964476150172,0.1143527833383172
12.676767676767676,77.92929292929293,0.09589844389421616,-0.09763424994826313,0.13685378439886872
12.676767676767676,78.13131313131314,-0.018114170654482467,0.017706461671908452,0.025330652645332234
12.676767676767676,78.33333333333333,-0.012265220256781416,-0.07407177509496161,0.07508038021791004
12.676767676767676,78.53535353535354,0.05310452834113319,0.20136413929531793,0.20824890761893186
12.676767676767676,78.73737373737373,0.018502998296482373,-0.008232101679445748,0.020251628181960163
12.676767676767676,78.93939393939394,0.0356457660891369,0.05034441003355247,0.061686143190411255
12.676767676767676,79.14141414141415,-0.08141709627545904,0.024266362079222524,0.08495645881560328
12.676767676767676,79.34343434343434,-0.001183700051047759,0.12016231654572615,0.1201681466256601
12.676767676767676,79.54545454545455,-0.013181918727913963,-0.059516232113328245,0.060958550395468665
12.676767676767676,79.74747474747474,0.057465045110295584,0.14939170026332266,0.16006283615222724
12.676767676767676,79.94949494949495,0.017810752129005555,0.0811836836566922,0.08311445953304844
12.676767676767676,80.15151515151516,0.07094116928361348,0.056675164097974115,0.0908004610387998
12.676767676767676,80.35353535353535,0.13849196239882652,0.14371423685454496,0.19958408133857325
12.676767676767676,80.55555555555556,0.1045235968822937,0.09527770112317585,0.14143204246750263
12.676767676767676,80.75757575757575,0.14725123139504678,0.06350765063695986,0.16036254811140835
12.676767676767676,80.95959595959596,0.14060022950913612,0.17854419864789256,0.22725856509456333
12.676767676767676,81.16161616161617,0.14582858937262114,0.1375079359579294,0.20043555056381232
12.676767676767676,81.36363636363636,0.2784189345444443,0.04112921998999338,0.2814404303753262
12.676767676767676,81.56565656565657,0.07317461850296833,0.13853477171600578,0.1566729324658883
12.676767676767676,81.76767676767676,0.11140328782051473,0.18462155881283251,0.21562887681315
12.676767676767676,81.96969696969697,0.1418502230679042,0.14041234774205352,0.19959236754658116
12.676767676767676,82.17171717171718,0.17099372004934021,-0.029204598262495586,0.17346976928556138
12.676767676767676,82.37373737373737,0.14227595257587125,0.1893321353322811,0.23683138337402157
12.676767676767676,82.57575757575758,0.15703470238968212,0.10637073495705812,0.1896697946693694
12.676767676767676,82.77777777777777,0.23136562989768922,0.09783863835525898,0.25120201801173025
12.676767676767676,82.97979797979798,0.1672098155398151,0.1593767989149148,0.2309980226002469
12.676767676767676,83.18181818181819,0.0874971184869566,0.11919278203555302,0.14786028889764613
12.676767676767676,83.38383838383838,0.42757201462768835,0.11887381982747919,0.4437891534649716
12.676767676767676,83.58585858585859,0.16265342469998834,0.09277834281731609,0.18725372482960706
12.676767676767676,83.78787878787878,0.1287536640597733,0.025001577644759496,0.131158624930059
12.676767676767676,83.98989898989899,0.14214713171831558,0.0728642679418041,0.1597341810585298
12.676767676767676,84.1919191919192,0.23154071915583588,0.1518125816374844,0.2768721086903474
12.676767676767676,84.39393939393939,0.2900387271344219,0.09296925246338475,0.3045746955040031
12.676767676767676,84.5959595959596,0.27951862410477735,0.005480710713822015,0.2795723509422139
12.676767676767676,84.79797979797979,-0.1263821359668455,0.14134471642480007,0.18960689110037474
12.676767676767676,85.0,0.18114852110825527,0.07267145059069155,0.19518177791654456
12.878787878787879,65.0,-0.02527106158118243,-0.03743062369262504,0.04516279601019867
12.878787878787879,65.20202020202021,-0.0904348239712495,0.19316103968988144,0.2132830153593737
12.878787878787879,65.4040404040404,-0.6775102352608195,0.1895030761298416,0.7035137061535074
12.878787878787879,65.60606060606061,0.03314781568720795,0.14322320485222872,0.14700906126146301
12.878787878787879,65.8080808080808,-0.25135723682606687,-0.0007011248715226188,0.2513582146676749
12.878787878787879,66.01010101010101,-0.0824488245841342,0.15624704814656137,0.17666620709637482
12.878787878787879,66.21212121212122,-0.043989548379733505,0.17642434377486832,0.1818258217169548
12.878787878787879,66.41414141414141,-0.0864259803291566,0.05253212238906773,0.1011388845032204
12.878787878787879,66.61616161616162,0.06791467114778156,0.1649712538332547,0.17840380362656919
12.878787878787879,66.81818181818181,-0.010907221107720626,0.149952899982168,0.15034905947612304
12.878787878787879,67.02020202020202,-0.11746622229544598,0.18680154058090387,0.22066519649406022
12.878787878787879,67.22222222222223,-0.1261718926500373,0.17207410668840312,0.21337489235499213
12.878787878787879,67.42424242424242,-0.0641059944160239,0.1543987524096062,0.16717820810652975
12.878787878787879,67.62626262626263,-0.23900410831106644,0.07886099693041407,0.25167840715171963
12.878787878787879,67.82828282828282,-0.18487116952896837,0.20684861635098287,0.27742332167524175
12.878787878787879,68.03030303030303,-0.039671473498713056,0.16933719505988945,0.17392214189202632
12.878787878787879,68.23232323232324,-0.10671802776543968,0.15595634659177118,0.1889738592832295
12.878787878787879,68.43434343434343,-0.05139852558677286,-0.00023362892212596548,0.051399056557172314
12.878787878787879,68.63636363636364,-0.14169559384672148,0.0995674189176794,0.17317999949619967
12.878787878787879,68.83838383838383,-0.10310067800800488,0.042390157633433956,0.11147499840725578
12.878787878787879,69.04040404040404,-0.20190013073731145,0.012851661600179594,0.2023087442441107
12.878787878787879,69.24242424242425,-0.19233506469477676,-0.04791777040907231,0.1982142523435702
12.878787878787879,69.44444444444444,-0.1935799544899436,0.09867711596486839,0.2172794790022121
12.878787878787879,69.64646464646465,-0.05723258193664358,0.0753450248916944,0.09461734096382475
12.878787878787879,69.84848484848484,-0.21564793369529292,-0.01962404859116545,0.2165389909234775
12.878787878787879,70.05050505050505,-0.1583928436639563,0.00644753505671323,0.15852401594793783
12.878787878787879,70.25252525252526,-0.10902484480643665,0.013175981958806251,0.10981813732551825
12.878787878787879,70.45454545454545,-0.23253152584320044,-0.05813859589186104,0.23968939660161048
12.878787878787879,70.65656565656566,-0.2028940049693454,-0.07563076936387768,0.21653173099357242
12.878787878787879,70.85858585858585,-0.16751058140327324,-0.11754195821937186,0.20463603500876182
12.878787878787879,71.06060606060606,-0.15921010870150873,-0.047909543077681034,0.1662623921115608
12.878787878787879,71.26262626262626,-0.1662903654226197,-0.02765986844587681,0.16857506919717283
12.878787878787879,71.46464646464646,-0.09903980789951275,-0.07581445574189738,0.12472656191931414
12.878787878787879,71.66666666666667,-0.05884264364186302,0.01216375178827997,0.06008671707066518
12.878787878787879,71.86868686868686,-0.11968272573889362,0.03438609564015254,0.12452452936536217
12.878787878787879,72.07070707070707,-0.11586558492557872,-0.04633289374798756,0.12478610024040658
12.878787878787879,72.27272727272727,-0.11111926137740695,-0.03394953239485058,0.1161897628833517
12.878787878787879,72.47474747474747,-0.04233876875128931,0.07956947762158233,0.09013253079963217
12.878787878787879,72.67676767676768,0.11117884294198765,-0.06671683882579747,0.12966060196075985
12.878787878787879,72.87878787878788,-0.0816517403612069,-0.10484765583528245,0.13289107433596803
12.878787878787879,73.08080808080808,-0.034435323645498776,-0.0049536580144581765,0.03478980083723465
12.878787878787879,73.28282828282828,-0.04447951775446295,0.05633092358113888,0.0717746504775446
12.878787878787879,73.48484848484848,-0.06254507754166483,0.055511842999956935,0.08362685835271305
12.878787878787879,73.68686868686869,-0.03911744841698604,0.03746813409035238,0.05416674111360393
12.878787878787879,73.88888888888889,-0.08725254861847256,0.14289025932163657,0.16742351522239482
12.878787878787879,74.0909090909091,-0.08735839943069179,0.05132954270993144,0.10132231691933899
12.878787878787879,74.29292929292929,-0.017588692818550983,0.005927691965451738,0.01856070168669892
12.878787878787879,74.4949494949495,0.11272434352672339,-0.112714508278572,0.15940934100613746
12.878787878787879,74.6969696969697,0.09019993882640422,-0.012725944446365236,0.0910932413867189
12.878787878787879,74.8989898989899,-0.021951539411541144,-0.04199709825002997,0.04738804009409035
12.878787878787879,75.1010101010101,-0.046559762799590614,0.054761657979493936,0.07187941775374376
12.878787878787879,75.3030303030303,0.07252898246754279,0.07721647983155802,0.10593789716317073
12.878787878787879,75.5050505050505,-0.025253221121985293,-0.046034648329104144,0.052506323655538624
12.878787878787879,75.70707070707071,-0.0744371336653993,-0.01920770797462929,0.07687537261021346
12.878787878787879,75.9090909090909,0.0393938904836871,-0.026465613749231245,0.0474584799436753
12.878787878787879,76.11111111111111,-0.00044315972973701587,-0.06822013695472354,0.06822157632792793
12.878787878787879,76.31313131313131,0.05049467908300515,-0.051877769421877246,0.07239485876693966
12.878787878787879,76.51515151515152,0.13237653310734196,-0.1151323607914069,0.17543946824737552
12.878787878787879,76.71717171717171,0.03787501859257122,-0.09633347958340542,0.10351162409137442
12.878787878787879,76.91919191919192,0.11352437752273627,-0.08751752522693199,0.14334260188015083
12.878787878787879,77.12121212121212,0.1059259461750732,-0.07383991861847658,0.12912257608438482
12.878787878787879,77.32323232323232,0.29567622798053,0.007315614613114901,0.29576671552080025
12.878787878787879,77.52525252525253,0.1156411081416141,-0.04943829400846558,0.12576569805272014
12.878787878787879,77.72727272727272,0.14878420108695883,-0.06036227700926393,0.16056258274837173
12.878787878787879,77.92929292929293,0.20093678497896866,-0.037301436290267706,0.20436973530100094
12.878787878787879,78.13131313131314,0.06311207430682522,0.007472112755623796,0.06355286297518771
12.878787878787879,78.33333333333333,0.08396084516877758,-0.17211903972278197,0.19150558048408942
12.878787878787879,78.53535353535354,0.03999543419804944,-0.020681464795680293,0.04502618952104948
12.878787878787879,78.73737373737373,0.18987199770036864,-0.018123777235316635,0.1907350172674231
12.878787878787879,78.93939393939394,0.08416980650865864,0.038308491909402914,0.09247754797829484
12.878787878787879,79.14141414141415,-0.20481308107306803,0.10002294512336996,0.22793198048934646
12.878787878787879,79.34343434343434,0.17364401156556267,0.058720002912362054,0.1833037956361217
12.878787878787879,79.54545454545455,0.17808484039289735,-0.04708748641997491,0.1842048906927149
12.878787878787879,79.74747474747474,0.16037656724655244,0.024971188425191807,0.16230897563953262
12.878787878787879,79.94949494949495,0.06336730050578679,0.07936496899294804,0.10155891431401917
12.878787878787879,80.15151515151516,0.10673863945683691,0.1163423579359037,0.15788819272885024
12.878787878787879,80.35353535353535,0.3300681452508891,0.09153233655719156,0.3425246693962072
12.878787878787879,80.55555555555556,-0.07052743558693625,-0.24534779906623216,0.25528349276268075
12.878787878787879,80.75757575757575,0.0854649786043718,0.12632931213165804,0.15252330206071338
12.878787878787879,80.95959595959596,0.1257343308063924,0.29805122649744603,0.3234867162032518
12.878787878787879,81.16161616161617,0.05583144357724354,0.12727755485044398,0.1389846252670658
12.878787878787879,81.36363636363636,0.02962292814700979,0.1831316390668023,0.18551203491767443
12.878787878787879,81.56565656565657,0.12018243648429006,0.1422881060164631,0.18625177355679773
12.878787878787879,81.76767676767676,0.12969549536245575,0.14790894425014411,0.19671801469744712
12.878787878787879,81.96969696969697,0.08697305616424644,0.16653491447287272,0.18787812602066317
12.878787878787879,82.17171717171718,-0.05446780730487735,0.1825203103737614,0.19047416027255626
12.878787878787879,82.37373737373737,0.1086139585769473,0.08776772265002998,0.13964299172148745
12.878787878787879,82.57575757575758,0.05724041728205696,0.29399967907763735,0.29952007723753304
12.878787878787879,82.77777777777777,0.15085342889474077,0.1382270081308014,0.20460562745460656
12.878787878787879,82.97979797979798,0.1824819479237939,0.06472419796800258,0.1936204615237331
12.878787878787879,83.18181818181819,0.12420897655145535,0.10389413617002295,0.16193165652976954
12.878787878787879,83.38383838383838,0.1805406032992838,0.15241432568505886,0.2362732234378254
12.878787878787879,83.58585858585859,0.08354453755820479,0.11517176800025627,0.1422822051421721
12.878787878787879,83.78787878787878,0.07015347462120985,0.17921213232992034,0.19245388636155314
12.878787878787879,83.98989898989899,0.15267232512536724,0.11744480937202985,0.19261911148071023
12.878787878787879,84.1919191919192,0.1796673580178918,0.1372729831486114,0.2261066815457877
12.878787878787879,84.39393939393939,0.16475587327196586,0.14384646825170755,0.21871512111899713
12.878787878787879,84.5959595959596,0.0930523110694369,0.25256949240037424,0.2691655273001094
12.878787878787879,84.79797979797979,0.1508985321271882,0.1984708494250369,0.2493211685149011
12.878787878787879,85.0,0.19140213724106103,0.06848481041034551,0.20328538412140437
13.080808080808081,65.0,-0.1774020978448232,0.1471080021648422,0.23046099153799424
13.080808080808081,65.20202020202021,0.053723939747354,0.23900946804503626,0.2449730342653014
13.080808080808081,65.4040404040404,-0.022889975089778018,0.11913688744712815,0.12131590542958635
13.080808080808081,65.60606060606061,0.05532892035564109,0.16744411904287648,0.17634858215978336
13.080808080808081,65.8080808080808,-0.1846986151396497,0.2839411872421547,0.3387272889021326
13.080808080808081,66.01010101010101,-0.1248689023069864,0.2656068870531808,0.29349490832624825
13.080808080808081,66.21212121212122,-0.15971967560524064,0.21641612780016986,0.2689727033501035
13.080808080808081,66.41414141414141,-0.007305366061159331,0.257075088839479,0.2571788670849795
13.080808080808081,66.61616161616162,-0.12806971674825038,0.06935524028700124,0.14564340597241182
13.080808080808081,66.81818181818181,-0.14032207312225964,0.21480302186301675,0.2565747891099444
13.080808080808081,67.02020202020202,-0.04056524226221493,0.22244841207430116,0.22611686118945282
13.080808080808081,67.22222222222223,-0.09949478124200468,0.23512047256710444,0.2553054016556894
13.080808080808081,67.42424242424242,0.011149928259851692,0.16037066854945997,0.1607578061283513
13.080808080808081,67.62626262626263,-0.028380129917614086,0.169257754974107,0.17162056809431525
13.080808080808081,67.82828282828282,-0.033290835822992915,-0.007603637043990492,0.034148133859556846
13.080808080808081,68.03030303030303,-0.17165309834080186,0.16143819926009073,0.23564184337748198
13.080808080808081,68.23232323232324,-0.15114209814142418,0.048675129396936474,0.1587866557756048
13.080808080808081,68.43434343434343,-0.15609959163991907,0.18454348810864254,0.24170929132628352
13.080808080808081,68.63636363636364,-0.10633180992111044,0.05216171486513228,0.1184368958507885
13.080808080808081,68.83838383838383,-0.17676755297587363,0.07215210793158751,0.1909258873595976
13.080808080808081,69.04040404040404,-0.18551390722381714,0.09012735729414262,0.2062482734625264
13.080808080808081,69.24242424242425,-0.11082240314872088,0.07979913257676885,0.1365631963585444
13.080808080808081,69.44444444444444,-0.14507692344777137,0.053663267350243724,0.1546837418081624
13.080808080808081,69.64646464646465,-0.06306014380136772,0.030748745428356282,0.0701574449482522
13.080808080808081,69.84848484848484,-0.1305618455981897,-0.019232547298314764,0.13197077858975995
13.080808080808081,70.05050505050505,-0.2632413488208524,0.018944292916503454,0.26392213617491045
13.080808080808081,70.25252525252526,-0.12326494700698405,-0.026220038226472807,0.12602276605928106
13.080808080808081,70.45454545454545,-0.07346221807647318,0.0003574830590262375,0.07346308786630736
13.080808080808081,70.65656565656566,-0.2741800854284943,-0.060489375944868,0.28077336741182557
13.080808080808081,70.85858585858585,-0.1969557615829496,-0.09283965039654511,0.21774014950502907
13.080808080808081,71.06060606060606,-0.19907327602274713,0.022205537636730097,0.20030790081313593
13.080808080808081,71.26262626262626,-0.21929569284602937,-0.006466249196324143,0.21939100546624288
13.080808080808081,71.46464646464646,-0.0003488964049955523,-0.0560436083246922,0.05604469433187166
13.080808080808081,71.66666666666667,-0.035029081194883765,-0.06724646761387487,0.07582297762487095
13.080808080808081,71.86868686868686,-0.05523223397880577,-0.0006477623310220566,0.05523603231883186
13.080808080808081,72.07070707070707,-0.09184940717248467,-0.06915327604179619,0.11497168862485121
13.080808080808081,72.27272727272727,-0.1493136602737074,-0.02697946338403912,0.15173154117988394
13.080808080808081,72.47474747474747,0.09894035601417707,-0.028773183203849795,0.10303926494251794
13.080808080808081,72.67676767676768,-0.04898479594814655,0.0005890052860139522,0.048988336992681306
13.080808080808081,72.87878787878788,-0.05358031532196307,-0.016305899229521664,0.056006540150988667
13.080808080808081,73.08080808080808,-0.1443917589311662,0.002680962268061462,0.14441664587546266
13.080808080808081,73.28282828282828,0.003330636724640762,-0.06146092864668873,0.06155110796001067
13.080808080808081,73.48484848484848,-0.05670732973055996,0.007613788484557277,0.05721617795919286
13.080808080808081,73.68686868686869,-0.06292854910564236,-0.013525590548116397,0.06436570431694612
13.080808080808081,73.88888888888889,0.1604161943129847,0.16679663990438523,0.231418397024209
13.080808080808081,74.0909090909091,0.00025577304096350856,0.035236542531814186,0.035237470815097295
13.080808080808081,74.29292929292929,0.0433412982690654,0.03340970147563488,0.054723635554841665
13.080808080808081,74.4949494949495,-0.014685762279934528,-0.007875651864452451,0.016664258340316294
13.080808080808081,74.6969696969697,0.035529222209612465,0.08361077443051528,0.09084650368445958
13.080808080808081,74.8989898989899,0.1543529604512495,-0.020911035018374206,0.15576298592927867
13.080808080808081,75.1010101010101,0.016686485205311605,0.02375360123132055,0.029028819472442832
13.080808080808081,75.3030303030303,-0.03389322986684562,0.08842775124017689,0.09470067697858048
13.080808080808081,75.5050505050505,0.005134741638680662,-0.021383602933135737,0.021991453933244438
13.080808080808081,75.70707070707071,0.23855929578458612,-0.00685644107399342,0.23865780605175854
13.080808080808081,75.9090909090909,0.07867508711724802,-0.0978911720998856,0.12558841868578483
13.080808080808081,76.11111111111111,0.08271326422369557,-0.1092380855240642,0.13701986501052188
13.080808080808081,76.31313131313131,-0.08062905944014145,-0.056600630545822,0.09851231701866778
13.080808080808081,76.51515151515152,0.020359605216025103,-0.06427745097778753,0.06742480425447504
13.080808080808081,76.71717171717171,0.09194840211630881,0.12516021709864517,0.15530482476704455
13.080808080808081,76.91919191919192,0.22899618230611848,-0.02433755139761417,0.23028583959681187
13.080808080808081,77.12121212121212,0.28121901627200935,0.009682084321735274,0.2813856390610755
13.080808080808081,77.32323232323232,0.1307311716283504,-0.07065972913246414,0.14860496814169577
13.080808080808081,77.52525252525253,0.10067182932956509,0.021936750766896718,0.1030341606204953
13.080808080808081,77.72727272727272,0.01098362290830088,-0.06911787824297434,0.06998514888890627
13.080808080808081,77.92929292929293,0.13719890894963835,-0.043273900673406966,0.14386163872437657
13.080808080808081,78.13131313131314,0.1072541936623147,-0.07339173825080303,0.12996079909583386
13.080808080808081,78.33333333333333,0.2111004475717933,0.04491135879812121,0.21582499649972206
13.080808080808081,78.53535353535354,0.2122640210946371,-0.0793005234598432,0.22659344137081655
13.080808080808081,78.73737373737373,0.18012587429571086,0.0331032909561919,0.18314245401578666
13.080808080808081,78.93939393939394,0.14286956354756336,0.06488118133621877,0.15691169452865694
13.080808080808081,79.14141414141415,0.16384554169918228,0.011477253387666315,0.16424703613771294
13.080808080808081,79.34343434343434,0.19704702316694753,0.08111135454765844,0.21308820046054053
13.080808080808081,79.54545454545455,0.15002698010247353,0.060823098852479725,0.16188744272699632
13.080808080808081,79.74747474747474,0.16592529153507057,0.06904749251306337,0.17971855383721433
13.080808080808081,79.94949494949495,0.2021784382167472,0.2096038610489937,0.29122139249445417
13.080808080808081,80.15151515151516,-0.0342642877281778,0.14516095955604924,0.14915007741450326
13.080808080808081,80.35353535353535,0.06897554165135847,0.014670935837553602,0.07051852029394762
13.080808080808081,80.55555555555556,0.06324576750957184,0.177872254961728,0.18878179518440008
13.080808080808081,80.75757575757575,0.01874648837923157,0.1284407587490112,0.12980161530032808
13.080808080808081,80.95959595959596,0.1324286076584689,0.08362913205628991,0.15662428884068097
13.080808080808081,81.16161616161617,0.23983063887601086,0.20754963789041783,0.31716807457895113
13.080808080808081,81.36363636363636,-0.09158441829626278,0.2328104582169285,0.2501767677659959
13.080808080808081,81.56565656565657,0.03594146848192434,0.05789358410082911,0.06814291039188841
13.080808080808081,81.76767676767676,0.03922004119954689,0.09353345755865113,0.10142346530547132
13.080808080808081,81.96969696969697,0.17646784054377004,0.12299993025953757,0.21510435046747092
13.080808080808081,82.17171717171718,0.2031428883620356,0.11064867267187536,0.2313226358489767
13.080808080808081,82.37373737373737,0.23997905617633175,0.10609511840235393,0.26238544462696956
13.080808080808081,82.57575757575758,0.14861239139930063,0.17041368483243605,0.22611162476880256
13.080808080808081,82.77777777777777,0.08251824894181198,0.15518429286419622,0.17575956918524657
13.080808080808081,82.97979797979798,0.052376435950916386,0.16979880511994505,0.1776933461418337
13.080808080808081,83.18181818181819,0.1908170096681514,0.11339704992721994,0.2219685160352517
13.080808080808081,83.38383838383838,0.07945233741985423,0.12713935313292574,0.14992361067069176
13.080808080808081,83.58585858585859,0.17789494537931091,-0.2451541647654312,0.3028979631713363
13.080808080808081,83.78787878787878,0.20459061537554998,0.10955173340346427,0.23207520804999818
13.080808080808081,83.98989898989899,0.17980449116210967,0.07595453007934183,0.19518899989917163
13.080808080808081,84.1919191919192,0.238465227857834,0.040306353783485606,0.24184761121956155
13.080808080808081,84.39393939393939,0.18068404073398495,0.13575766746947984,0.22600191780760223
13.080808080808081,84.5959595959596,0.13051717425373555,0.23152099240916107,0.26577566235700134
13.080808080808081,84.79797979797979,0.07479303538702006,0.10208195394485883,0.12654929262387962
13.080808080808081,85.0,0.3025259556636652,0.09306166509804976,0.3165160775711646
13.282828282828282,65.0,0.000588107381672873,0.13485214146531552,0.13485342386485352
13.282828282828282,65.20202020202021,-0.012971336728265039,0.27149361970012564,0.27180331328811
13.282828282828282,65.4040404040404,-0.4141803114697212,0.240787986314864,0.4790868238249956
13.282828282828282,65.60606060606061,-0.13163872965292803,0.17874504657486878,0.22198771772259987
13.282828282828282,65.8080808080808,-0.03834445237087369,0.2128561944126031,0.2162823537125442
13.282828282828282,66.01010101010101,-0.1503668018878552,0.2632556330181461,0.3031727286972994
13.282828282828282,66.21212121212122,-0.11958646821108429,0.25021128292418976,0.2773204094216104
13.282828282828282,66.41414141414141,-0.019567354189209327,0.13039251029654864,0.13185252402362843
13.282828282828282,66.61616161616162,-0.09991218061745204,0.22994268954971323,0.25071115713723263
13.282828282828282,66.81818181818181,-0.025317575844090497,0.11282383816927354,0.11562957279981492
13.282828282828282,67.02020202020202,-0.14440484213162658,0.04722932088459761,0.15193211372938994
13.282828282828282,67.22222222222223,-0.11511559256102996,0.30600171908726526,0.3269382995842467
13.282828282828282,67.42424242424242,0.007659577213613638,0.204806364556385,0.20494954522002287
13.282828282828282,67.62626262626263,-0.10350998721770639,0.17958296522412034,0.20727845728029085
13.282828282828282,67.82828282828282,-0.08803583489929981,0.20493675028163186,0.2230456900332591
13.282828282828282,68.03030303030303,-0.14289152852701992,0.10770810388538393,0.17893860558127975
13.282828282828282,68.23232323232324,0.10508639527490071,0.12210770589270255,0.16110072101096076
13.282828282828282,68.43434343434343,-0.08119313531818083,0.07084877207379964,0.10775840443864058
13.282828282828282,68.63636363636364,-0.10093353227489388,0.16207187513794577,0.19093158630309687
13.282828282828282,68.83838383838383,-0.14475386721490052,0.08363464121738892,0.16717785524772838
13.282828282828282,69.04040404040404,-0.7415507220306737,0.017852541038191002,0.7417655873426146
13.282828282828282,69.24242424242425,-0.19623098386409932,0.022935130093638588,0.1975667462420853
13.282828282828282,69.44444444444444,0.05661064546168609,0.08820973201076938,0.10481279502522807
13.282828282828282,69.64646464646465,-0.19374261444449375,0.1385534335621981,0.23818743586440952
13.282828282828282,69.84848484848484,-0.10164974426064396,-0.03517245482975857,0.10756287504062788
13.282828282828282,70.05050505050505,-0.033109593037771695,-0.056206700899995334,0.0652337211661913
13.282828282828282,70.25252525252526,-0.303215647035411,-0.01275987628650645,0.303484007898192
13.282828282828282,70.45454545454545,-0.1427167754688464,0.20266971168105113,0.24787716722825745
13.282828282828282,70.65656565656566,-0.0741441971050312,-0.11266577983172942,0.1348737925226448
13.282828282828282,70.85858585858585,-0.08045552208567427,-0.08157249341630543,0.11457383085256255
13.282828282828282,71.06060606060606,0.03079571547853406,-0.2436167726069511,0.24555550897355521
13.282828282828282,71.26262626262626,-0.11070272272221446,0.045900125794050915,0.11984120479209642
13.282828282828282,71.46464646464646,-0.21359108733027518,0.05733080798234527,0.22115147327304374
13.282828282828282,71.66666666666667,-0.08271286791996543,-0.01926715241933373,0.08492727289802425
13.282828282828282,71.86868686868686,-0.0889616509083773,0.024719067613375674,0.09233205096833182
13.282828282828282,72.07070707070707,0.028802178178923173,0.037824856610557706,0.04754245729303113
13.282828282828282,72.27272727272727,-0.1717645722335389,-0.03291645650844844,0.17489014089891738
13.282828282828282,72.47474747474747,-0.15205136014094095,0.012890991714115315,0.1525968341351927
13.282828282828282,72.67676767676768,-0.003480255868621475,-0.022761297471871264,0.023025829920202384
13.282828282828282,72.87878787878788,0.07760432606849219,0.08425604184269758,0.11454916853274519
13.282828282828282,73.08080808080808,-0.05783182775782389,0.03999028095588862,0.07031175486888033
13.282828282828282,73.28282828282828,0.0017141995675485147,0.04644306350067331,0.046474688029990656
13.282828282828282,73.48484848484848,-0.033736074538085754,0.0859303925749417,0.09231551924418166
13.282828282828282,73.68686868686869,-0.1758872552393361,0.20552292158493488,0.27051062428754
13.282828282828282,73.88888888888889,0.07372239874508502,0.09753571306194062,0.12226286189694123
13.282828282828282,74.0909090909091,0.0131539343296707,0.07784451106845458,0.07894804552258426
13.282828282828282,74.29292929292929,-0.08322547952153483,0.08514914567458454,0.11906660930210884
13.282828282828282,74.4949494949495,-0.0566525326004409,-0.05212311832304515,0.07698265333022877
13.282828282828282,74.6969696969697,0.08495672083681158,0.003556028737198149,0.08503111051682033
13.282828282828282,74.8989898989899,-0.07229878108417966,0.09759733800985931,0.12145926943987792
13.282828282828282,75.1010101010101,0.08562969888749589,0.01212756205408764,0.08648423609501885
13.282828282828282,75.3030303030303,0.06870612728078986,-0.006111458484511694,0.06897740101462221
13.282828282828282,75.5050505050505,0.14372383038327236,0.022196113094569456,0.14542766881356023
13.282828282828282,75.70707070707071,0.06866505138459894,0.031044300706189777,0.07535673750890459
13.282828282828282,75.9090909090909,0.1694750527924777,-0.008235056124623552,0.16967501191509846
13.282828282828282,76.11111111111111,0.14587294158885178,-0.02663393051324179,0.14828446089313863
13.282828282828282,76.31313131313131,0.11505186826716679,-0.030643819424309184,0.11906290799688696
13.282828282828282,76.51515151515152,-0.15033075197202395,-0.004451701738351133,0.150396651016043
13.282828282828282,76.71717171717171,0.09405786075079897,-0.13639234860218424,0.1656796726404191
13.282828282828282,76.91919191919192,0.11978650164694515,-0.07991038124235461,0.1439947047884472
13.282828282828282,77.12121212121212,0.11122227412137596,-0.3531761300990462,0.3702752667036632
13.282828282828282,77.32323232323232,0.09693684701812559,-0.0665428489642752,0.11757849743085606
13.282828282828282,77.52525252525253,0.058806518430226495,-0.03645430246952463,0.06918903654788205
13.282828282828282,77.72727272727272,0.07265928385725735,-0.07052356458714007,0.10125682541303581
13.282828282828282,77.92929292929293,0.11922463254777275,-0.026033249858314646,0.1220337785383083
13.282828282828282,78.13131313131314,0.13161096761897143,-0.2686805567682018,0.2991833691615777
13.282828282828282,78.33333333333333,0.11234165495186207,-0.016535147041780447,0.11355200801842535
13.282828282828282,78.53535353535354,0.2042108404376804,-0.06525830749231343,0.2143845004869174
13.282828282828282,78.73737373737373,0.2596485253323455,-0.05536167714417069,0.2654849750993021
13.282828282828282,78.93939393939394,0.15057577455794505,-0.052246781550699735,0.15938252748068601
13.282828282828282,79.14141414141415,0.1982498702403941,-0.00261575198331425,0.19826712589022746
13.282828282828282,79.34343434343434,0.1461926525525095,0.09300519047148444,0.17326931960094916
13.282828282828282,79.54545454545455,0.20673781664572705,0.07053139626174745,0.2184380980737424
13.282828282828282,79.74747474747474,0.18087143221626417,0.11160974608426878,0.2125351980565986
13.282828282828282,79.94949494949495,0.07493039780924218,0.09157873224470243,0.11832678781830507
13.282828282828282,80.15151515151516,0.2892477416854667,0.05926512583708193,0.2952568563312758
13.282828282828282,80.35353535353535,0.14043333391937887,0.07262393906608575,0.15810046742874073
13.282828282828282,80.55555555555556,0.16810838381563295,0.06422635264235038,0.17995958736017292
13.282828282828282,80.75757575757575,0.23053274473586888,0.11907845658964265,0.259470663504036
13.282828282828282,80.95959595959596,-0.45224893814869704,0.13555405561878597,0.47212710582143547
13.282828282828282,81.16161616161617,0.17285942535877966,0.15763242473988023,0.2339409375563446
13.282828282828282,81.36363636363636,0.191023291028705,0.1827455503815342,0.2643592894144013
13.282828282828282,81.56565656565657,0.13825065321389596,0.14592847635901618,0.20101831589816102
13.282828282828282,81.76767676767676,0.12573530418699436,0.16444493045280573,0.2070060430775491
13.282828282828282,81.96969696969697,0.04344325263503619,0.15010160216495702,0.15626198249093926
13.282828282828282,82.17171717171718,0.2948972742977692,0.09431466814864953,0.30961211057748306
13.282828282828282,82.37373737373737,0.2783770688229856,0.4953103931789932,0.5681779457508063
13.282828282828282,82.57575757575758,0.03310484430041292,0.14627942091631257,0.14997866414849256
13.282828282828282,82.77777777777777,0.10378539668546545,0.05206102980528059,0.11611097876405028
13.282828282828282,82.97979797979798,0.07879464583972905,0.11339897075124294,0.13808664953734515
13.282828282828282,83.18181818181819,0.25627068575908557,0.07202253937335504,0.26619900555264747
13.282828282828282,83.38383838383838,0.16297182602979418,0.16954404222356048,0.23517014762292845
13.282828282828282,83.58585858585859,0.09897555824546679,0.12773214051508047,0.16159102961045224
13.282828282828282,83.78787878787878,0.1871780313339395,0.10211630996317778,0.21322137832437216
13.282828282828282,83.98989898989899,0.10297570434992576,0.09623010610796451,0.14094051584946546
13.282828282828282,84.1919191919192,0.07747949454529643,0.08254237968350325,0.11320917153133057
13.282828282828282,84.39393939393939,0.11966061274940469,0.033487393059262356,0.12425806910405668
13.282828282828282,84.5959595959596,0.020301763724052926,0.08162963594588601,0.0841163424963613
13.282828282828282,84.79797979797979,0.13097536728372458,0.11125128365022767,0.17184701029965568
13.282828282828282,85.0,0.08042764441169417,0.1501804849103095,0.17036074675085697
13.484848484848484,65.0,0.07967133097397679,0.1324167297201468,0.15453708709867467
13.484848484848484,65.20202020202021,-0.04176598216854857,0.23071675957562274,0.23446667229177628
13.484848484848484,65.4040404040404,-0.1567498431662635,0.08328483004785682,0.1775017640722159
13.484848484848484,65.60606060606061,0.06007512588568053,0.26648259527247725,0.27317026619552737
13.484848484848484,65.8080808080808,0.05547801271023581,0.20327659777138687,0.21071114136605898
13.484848484848484,66.01010101010101,0.06253433804515712,0.1338296225810566,0.14771902827643443
13.484848484848484,66.21212121212122,0.25273620369780414,0.14630956518282406,0.2920309530230742
13.484848484848484,66.41414141414141,0.04125480438295695,0.3134983520811281,0.3162011632525393
13.484848484848484,66.61616161616162,-0.16452223173576339,0.26488959084021907,0.3118237644420561
13.484848484848484,66.81818181818181,-0.2267748981837509,0.2503500601748583,0.33778988598802917
13.484848484848484,67.02020202020202,-0.15168566797881045,-0.006643083891738575,0.1518310654437049
13.484848484848484,67.22222222222223,-0.09934831741539521,0.30880555030425066,0.32439321212377614
13.484848484848484,67.42424242424242,-0.023936872837140404,0.11537057968290217,0.11782760515936114
13.484848484848484,67.62626262626263,0.01591140513868801,0.10364581451091873,0.10486003852335378
13.484848484848484,67.82828282828282,-0.1642288463096054,0.060941506003701816,0.17517129078186078
13.484848484848484,68.03030303030303,-0.09541039962579578,0.14589899152238495,0.1743263034771374
13.484848484848484,68.23232323232324,-0.2301946620056108,0.10669888440189693,0.25372078028511336
13.484848484848484,68.43434343434343,-0.16191232895878707,0.13656477734915534,0.21181487360731505
13.484848484848484,68.63636363636364,-0.15143515888286324,0.1256020968494838,0.1967447434592984
13.484848484848484,68.83838383838383,-0.056426121365849805,0.08052657570610638,0.09832820840097156
13.484848484848484,69.04040404040404,-0.04706334636015725,0.086450631926855,0.09843104353388055
13.484848484848484,69.24242424242425,-0.10044305680761292,0.17570487099542254,0.20238826387015485
13.484848484848484,69.44444444444444,-0.12256778860659126,-0.015858172257881713,0.12358941876742803
13.484848484848484,69.64646464646465,-0.1719830488288562,0.048206550948325856,0.1786114235954752
13.484848484848484,69.84848484848484,-0.1728433607632306,-0.003296191759016933,0.17287478775125217
13.484848484848484,70.05050505050505,-0.04537670998500608,0.02552124869857676,0.052061309474483605
13.484848484848484,70.25252525252526,-0.15785671509926016,-0.010159942387094762,0.15818333329158946
13.484848484848484,70.45454545454545,-0.16354161923357288,-0.12968057038243438,0.20871730056766366
13.484848484848484,70.65656565656566,-0.13045236343835187,0.07013300904313637,0.14810961509671305
13.484848484848484,70.85858585858585,-0.0330362823019133,0.029241613374007713,0.04411879305972294
13.484848484848484,71.06060606060606,0.04141125528216543,0.04322351635335221,0.05985953917291028
13.484848484848484,71.26262626262626,0.03248478157369736,-0.025388548018770603,0.04122910870237493
13.484848484848484,71.46464646464646,-0.05599018863072499,-0.025646104046536368,0.0615842826999709
13.484848484848484,71.66666666666667,-0.11476674427845043,-0.09118074292947656,0.14657876201362366
13.484848484848484,71.86868686868686,-0.14937992709795764,-0.17397563274598674,0.22930739937724992
13.484848484848484,72.07070707070707,-0.06325859550302543,-0.02599851465413056,0.06839278228904297
13.484848484848484,72.27272727272727,-0.07850026033664298,-0.1578926407557773,0.176330306180627
13.484848484848484,72.47474747474747,-0.07283629230238714,-0.013773431394765013,0.07412714002809685
13.484848484848484,72.67676767676768,-0.02086928330424251,0.05935864370013733,0.06292039071360404
13.484848484848484,72.87878787878788,0.0014897599136617298,0.014121659360675245,0.014200022806295072
13.484848484848484,73.08080808080808,-0.011364415175880473,-0.0718387664814081,0.0727320995287505
13.484848484848484,73.28282828282828,0.0029262771791924193,0.01290696153660786,0.013234528863429068
13.484848484848484,73.48484848484848,-0.0007619254262844141,0.013059336264801415,0.013081544023255667
13.484848484848484,73.68686868686869,-0.02394211175241331,0.0380950913129307,0.044994007348818976
13.484848484848484,73.88888888888889,0.1323303148859726,0.04216763170328364,0.13888636146607208
13.484848484848484,74.0909090909091,-0.09496528434118924,0.05160833881901655,0.10808249564874663
13.484848484848484,74.29292929292929,0.11215904179993438,0.0751683074044579,0.1350182398623627
13.484848484848484,74.4949494949495,0.11099558453968014,0.11538546444568105,0.1601056688335888
13.484848484848484,74.6969696969697,-0.16538297831887067,0.04802306391430041,0.1722142392061035
13.484848484848484,74.8989898989899,0.24629326233853477,0.024581745579515167,0.2475169353581575
13.484848484848484,75.1010101010101,0.14217897237993207,0.04731050873392093,0.14984373334803125
13.484848484848484,75.3030303030303,0.07013785132107267,0.037843162079936925,0.07969581610188374
13.484848484848484,75.5050505050505,0.15898902104116738,-0.00792554234475537,0.15918644110943392
13.484848484848484,75.70707070707071,0.14888814410817874,-0.03136837688621929,0.1521566775545973
13.484848484848484,75.9090909090909,-0.24305518796106887,-0.01334242245254153,0.24342112609979563
13.484848484848484,76.11111111111111,0.09478500304636547,-0.02128439292630111,0.09714536625460161
13.484848484848484,76.31313131313131,0.03644119933979299,-0.0900192757105996,0.09711555492702226
13.484848484848484,76.51515151515152,0.15143632618498787,-0.01814358150145411,0.15251934447179463
13.484848484848484,76.71717171717171,0.10788456098315313,-0.07423726632754768,0.13095896384102515
13.484848484848484,76.91919191919192,0.0315494625251714,-0.04613359402141838,0.05588986565523525
13.484848484848484,77.12121212121212,0.22139563753441568,-0.047117886529765673,0.22635397842826233
13.484848484848484,77.32323232323232,0.21208133795778986,-0.03539669520856728,0.21501492957851667
13.484848484848484,77.52525252525253,0.2320511959939351,-0.057088482912854316,0.2389704007686034
13.484848484848484,77.72727272727272,0.1677217958707197,0.006644059421236767,0.16785334174717015
13.484848484848484,77.92929292929293,0.2417356625643891,-0.022543814640556527,0.24278458380628692
13.484848484848484,78.13131313131314,0.12169881644992289,-0.14920245023652312,0.19254083484262288
13.484848484848484,78.33333333333333,0.2646421229571448,0.06829841157664411,0.2733132383679159
13.484848484848484,78.53535353535354,0.3386109499215007,0.010282551409313223,0.3387670383467468
13.484848484848484,78.73737373737373,0.22073073510296484,0.008375108325266173,0.22088956484758437
13.484848484848484,78.93939393939394,0.31936993349629783,0.035396889961741805,0.3213255269044048
13.484848484848484,79.14141414141415,0.13729105851058543,0.055419636654084156,0.14805462125117103
13.484848484848484,79.34343434343434,0.23116603251470086,-0.010545606766901557,0.23140644850710157
13.484848484848484,79.54545454545455,0.048734796184378065,0.03973163153148654,0.06287831822883534
13.484848484848484,79.74747474747474,0.26104843217060386,0.06308264663933327,0.2685622911835415
13.484848484848484,79.94949494949495,0.1841396476706706,0.1815291995956826,0.25857351014774865
13.484848484848484,80.15151515151516,0.21870426567488244,0.12930026306324552,0.25406714437843797
13.484848484848484,80.35353535353535,0.2107104904140539,0.13584043614239466,0.25070208388022447
13.484848484848484,80.55555555555556,0.1989723383893628,0.07702246974665294,0.21335991256561096
13.484848484848484,80.75757575757575,0.13865169298633764,0.13357602567388194,0.1925275216762715
13.484848484848484,80.95959595959596,0.22576834284502653,0.05352150574954782,0.23202563696429826
13.484848484848484,81.16161616161617,0.17302528510566909,0.18437320299671725,0.25284625223476576
13.484848484848484,81.36363636363636,0.029908017781368305,0.16603465936952663,0.16870683933843755
13.484848484848484,81.56565656565657,0.23941854103041704,0.17609147700527833,0.29720270197801696
13.484848484848484,81.76767676767676,0.14096209100990315,0.01332770118196293,0.1415907437676627
13.484848484848484,81.96969696969697,0.1749014452746631,0.2071244493680743,0.2710923331361364
13.484848484848484,82.17171717171718,0.2758597778873303,0.14299540994446625,0.3107190118438734
13.484848484848484,82.37373737373737,0.1461932017876009,0.14476829102938404,0.20574331176609031
13.484848484848484,82.57575757575758,0.16344118430665466,0.13539689222285176,0.2122388728559601
13.484848484848484,82.77777777777777,0.15441939828891388,0.20116108897013063,0.25359640037579206
13.484848484848484,82.97979797979798,0.11987744117262561,0.1202108758417963,0.16976824076589847
13.484848484848484,83.18181818181819,0.20330214003486993,0.14128048242746732,0.24757208012555812
13.484848484848484,83.38383838383838,0.1749380287796279,0.1632254497962521,0.23926107367160823
13.484848484848484,83.58585858585859,0.18044641598812153,0.12866295030207953,0.22161918649655218
13.484848484848484,83.78787878787878,0.13390133662348275,0.16811327364017228,0.2149224062855492
13.484848484848484,83.98989898989899,0.11610568807234492,0.06921544520976386,0.13517140473612932
13.484848484848484,84.1919191919192,0.06652687833398029,0.10267306685776774,0.12234207861093362
13.484848484848484,84.39393939393939,0.13607656462129605,0.09055011859271542,0.16345077367907618
13.484848484848484,84.5959595959596,0.20830559726390005,0.15199937321449603,0.2578663051060952
13.484848484848484,84.79797979797979,0.045756414210325114,0.021528109189617988,0.050567864565027425
13.484848484848484,85.0,0.11779102727713411,0.037735400335039755,0.12368785932923357
13.686868686868687,65.0,0.047123479200969834,0.1575497230438361,0.16444615387169653
13.686868686868687,65.20202020202021,-0.06939643728691035,0.13485878958421124,0.1516666035626652
13.686868686868687,65.4040404040404,0.10001887933713341,0.15589612131133324,0.18522250636403229
13.686868686868687,65.60606060606061,0.17193625527734743,0.12911580168650388,0.21501852507155234
13.686868686868687,65.8080808080808,0.08199247568378748,0.19821826148094512,0.21450698182876196
13.686868686868687,66.01010101010101,0.4938140943886673,0.2638612739996541,0.5598884993760992
13.686868686868687,66.21212121212122,-0.017497672172110085,0.05897442076834961,0.06151545201333549
13.686868686868687,66.41414141414141,0.03250448980050802,0.15319029417545782,0.15660079210130015
13.686868686868687,66.61616161616162,-0.037663742153331306,0.16964181778141604,0.17377256346493766
13.686868686868687,66.81818181818181,-0.060365971211352835,0.15892082759569837,0.16999964683490246
13.686868686868687,67.02020202020202,-0.04874854218524681,0.1628513386776251,0.1699911141038888
13.686868686868687,67.22222222222223,-0.08387918787976029,0.10278650233696601,0.13266794346048802
13.686868686868687,67.42424242424242,-0.08892076199212164,0.13835335648022962,0.1644644434599924
13.686868686868687,67.62626262626263,-0.10915120070672747,0.17769188306009287,0.20853870125509563
13.686868686868687,67.82828282828282,-0.10015958763409069,0.2114197717381728,0.23394499968337043
13.686868686868687,68.03030303030303,-0.18158509903379455,0.2039134167685399,0.2730454719077634
13.686868686868687,68.23232323232324,-0.1403097280501983,0.2187484296728187,0.2598801555906967
13.686868686868687,68.43434343434343,-0.020197435061279696,0.11985901524551831,0.12154883758670833
13.686868686868687,68.63636363636364,-0.11645589623856482,0.14059589742674403,0.18256281697530552
13.686868686868687,68.83838383838383,0.04246179567438025,-0.02123050448997708,0.0474735548783926
13.686868686868687,69.04040404040404,-0.04613320196458773,0.02409968879922054,0.05204870146050444
13.686868686868687,69.24242424242425,-0.024229362784095362,0.07343383213584394,0.07732780692014103
13.686868686868687,69.44444444444444,-0.0433182252625998,0.11248190213821163,0.12053483707431457
13.686868686868687,69.64646464646465,-0.10930708551190939,0.010839645444582345,0.10984323764561989
13.686868686868687,69.84848484848484,0.06629182417494134,0.03602882253675581,0.07544986418693131
13.686868686868687,70.05050505050505,-0.17762236865818398,-0.034466031980704616,0.18093538406911672
13.686868686868687,70.25252525252526,0.030706973703987155,0.02525364872705592,0.03975757799573424
13.686868686868687,70.45454545454545,-0.17518453393645209,0.009372717201582472,0.17543508417153272
13.686868686868687,70.65656565656566,-0.13148027137919197,-0.030558878082909052,0.13498483911770265
13.686868686868687,70.85858585858585,0.1264072963973177,-0.06833839084396374,0.14369739122761305
13.686868686868687,71.06060606060606,0.04234001057969596,-0.04335049279379964,0.06059654875778026
13.686868686868687,71.26262626262626,-0.08246380893777727,0.020740278452436683,0.08503198771527598
13.686868686868687,71.46464646464646,-0.14024418075735204,0.05806026330630676,0.15178743166513656
13.686868686868687,71.66666666666667,-0.10625509922410378,-0.04940214667112918,0.11717814730929953
13.686868686868687,71.86868686868686,-0.14208020966438367,-0.028967892454772718,0.14500318883233743
13.686868686868687,72.07070707070707,-0.20988858316879472,-0.05064457043308175,0.2159122272104001
13.686868686868687,72.27272727272727,-0.08142351602001444,-0.1161850963904529,0.1418758809111696
13.686868686868687,72.47474747474747,0.04103334487701804,-0.11441354276376894,0.12154914298156563
13.686868686868687,72.67676767676768,0.021678417086072453,0.048797371751855514,0.053396041587804095
13.686868686868687,72.87878787878788,0.027462929212476984,-0.02914276305888651,0.04004388991638951
13.686868686868687,73.08080808080808,-0.0188909632168905,-0.01989748445274725,0.02743680700827318
13.686868686868687,73.28282828282828,0.07724250927686643,0.036709390764917256,0.08552183703428141
13.686868686868687,73.48484848484848,-0.09344159849063663,0.03187266663651024,0.09872790490538863
13.686868686868687,73.68686868686869,0.0212917355714822,0.08273105591408153,0.08542696071091846
13.686868686868687,73.88888888888889,0.26805196447525176,-0.009279794161850426,0.26821254675858835
13.686868686868687,74.0909090909091,0.0731005430271618,0.13394622423562452,0.15259515188185416
13.686868686868687,74.29292929292929,0.10554724579384055,0.07741422846995916,0.13089378848617847
13.686868686868687,74.4949494949495,0.07820768003771066,0.07958882274275739,0.11158325108392828
13.686868686868687,74.6969696969697,-0.028546477380409604,0.10904195358261908,0.1127166758378914
13.686868686868687,74.8989898989899,-0.0657539693641981,0.03166070832697951,0.07297934597483025
13.686868686868687,75.1010101010101,0.11718444611252345,0.13068763782383638,0.17553191473539262
13.686868686868687,75.3030303030303,0.07404350056127869,-0.0026249974625747793,0.0740900167839541
13.686868686868687,75.5050505050505,-0.016333952450671728,0.017659919037812298,0.0240555761328406
13.686868686868687,75.70707070707071,0.34005458226740165,-0.040307908125280165,0.3424351710594183
13.686868686868687,75.9090909090909,0.1881652685982957,-0.13120921978790967,0.22939491638661208
13.686868686868687,76.11111111111111,0.20158420175245728,0.0012147457130007033,0.20158786174599566
13.686868686868687,76.31313131313131,0.24108076701971695,-0.017095682425493863,0.24168615720476913
13.686868686868687,76.51515151515152,0.34382915085946686,-0.04379413140016223,0.34660699780275167
13.686868686868687,76.71717171717171,0.14266690684193348,-0.07689131084763007,0.16206825719958798
13.686868686868687,76.91919191919192,0.19198283083710377,-0.10387299515256268,0.21828194258388006
13.686868686868687,77.12121212121212,0.13989140515610116,-0.028672029103529516,0.14279947650275923
13.686868686868687,77.32323232323232,0.28314684855919947,-0.03679306226437596,0.2855273494427399
13.686868686868687,77.52525252525253,0.2320992705311991,-0.021400789190952146,0.23308381573826684
13.686868686868687,77.72727272727272,0.22720038988625574,-0.045006825888205454,0.23161526620885303
13.686868686868687,77.92929292929293,0.2057957018887889,-0.06498389336631326,0.2158119026211104
13.686868686868687,78.13131313131314,0.3357348882587477,-0.073189208234166,0.3436198122868615
13.686868686868687,78.33333333333333,0.199769890518767,-0.10961417076192945,0.22786679352135883
13.686868686868687,78.53535353535354,0.1407057164266902,-0.029976238108545786,0.14386338480061
13.686868686868687,78.73737373737373,0.23122483218128265,-0.010309803388268216,0.2314545637121184
13.686868686868687,78.93939393939394,0.2856746070493567,-0.025812146806237488,0.2868383656966953
13.686868686868687,79.14141414141415,0.16840526034048123,0.04083415953209537,0.1732851992959522
13.686868686868687,79.34343434343434,0.7951307971850033,0.06260293678847813,0.7975914444918533
13.686868686868687,79.54545454545455,0.254555599707092,0.06728288042846003,0.26329743512041226
13.686868686868687,79.74747474747474,0.26280888384011236,0.021555982949512303,0.26369142918609495
13.686868686868687,79.94949494949495,0.09148570694817365,0.06620968032104939,0.11293075906954077
13.686868686868687,80.15151515151516,0.09513528147958568,0.07731268845938591,0.12258863560305279
13.686868686868687,80.35353535353535,0.21964248207086262,0.12726121607543062,0.25384687716662313
13.686868686868687,80.55555555555556,0.25032254467390536,0.13538474333641146,0.28458813239537123
13.686868686868687,80.75757575757575,0.13909995661454388,0.06111467547972471,0.15193354300206408
13.686868686868687,80.95959595959596,0.12577745240944638,0.16190014124003646,0.20501615367612938
13.686868686868687,81.16161616161617,0.14511129877216938,1.0444093349293178,1.0544421026869355
13.686868686868687,81.36363636363636,0.21247596124395032,0.10039225647985343,0.234999232483124
13.686868686868687,81.56565656565657,0.1691283418789454,0.1563585010138351,0.23033101585764543
13.686868686868687,81.76767676767676,0.182509326919152,0.08030266169157169,0.19939451318236648
13.686868686868687,81.96969696969697,0.22790112187553985,0.30944376960597453,0.384310249538163
13.686868686868687,82.17171717171718,0.1745903926475849,0.11562007489209125,0.20940345489721668
13.686868686868687,82.37373737373737,0.14374573814350747,0.07268638148793902,0.1610780782360903
13.686868686868687,82.57575757575758,0.1560885269622722,0.17263891948356339,0.23273982205394989
13.686868686868687,82.77777777777777,0.009126609721541563,0.12400487853531152,0.12434027869345757
13.686868686868687,82.97979797979798,0.12596955642208785,0.04019829200259343,0.13222795402298013
13.686868686868687,83.18181818181819,0.11111918612639625,0.10457858124268458,0.15259145841142444
13.686868686868687,83.38383838383838,0.07344350452061217,0.13913489412829913,0.15732916805335936
13.686868686868687,83.58585858585859,0.09969053473251085,0.12229387493238418,0.15777830827218162
13.686868686868687,83.78787878787878,0.15211504372303977,0.16442422177508376,0.22399623039954095
13.686868686868687,83.98989898989899,0.1376036668382848,0.1426830356216328,0.19822516939467047
13.686868686868687,84.1919191919192,0.14415339744018515,0.13005603259269363,0.19415141927706778
13.686868686868687,84.39393939393939,0.023861014150553465,0.09028625098568444,0.09338605416946856
13.686868686868687,84.5959595959596,0.3032142404402612,0.11074348708842034,0.3228048877236335
13.686868686868687,84.79797979797979,0.18865274877823535,0.08963117831534348,0.20886265283142624
13.686868686868687,85.0,0.19934826654699006,0.1934365746532667,0.2777722804544734
13.88888888888889,65.0,0.17347221652779166,0.26402569562845757,0.31591482690617095
13.88888888888889,65.20202020202021,-0.002716122732822523,0.09159396763879352,0.09163423067018192
13.88888888888889,65.4040404040404,0.23358362431170024,0.2044635773195231,0.3104298052650327
13.88888888888889,65.60606060606061,0.1764289582796929,0.2660554072191873,0.3192376184446708
13.88888888888889,65.8080808080808,0.03034954513609869,0.150424718142624,0.15345582660249812
13.88888888888889,66.01010101010101,0.08486221468655991,0.16383740441370717,0.18451094971987006
13.88888888888889,66.21212121212122,-0.9460513609156556,0.35249757423831174,1.0095878948037453
13.88888888888889,66.41414141414141,0.0966483160742075,0.29192172132591965,0.30750477781957763
13.88888888888889,66.61616161616162,0.01614992074295094,0.33212422214472986,0.33251664450858015
13.88888888888889,66.81818181818181,0.16496251371804943,0.18897749145849868,0.2508488054787676
13.88888888888889,67.02020202020202,0.1127496685819077,0.22098414055997784,0.24808562663798575
13.88888888888889,67.22222222222223,0.04141754305092703,0.24648679113296335,0.2499422954911803
13.88888888888889,67.42424242424242,-0.0755903010114555,0.12980526000317955,0.15021084891410305
13.88888888888889,67.62626262626263,-0.0738849330683405,0.1961891551231073,0.20964056840800593
13.88888888888889,67.82828282828282,-0.15414846524113845,0.1368047740424748,0.2061002075132654
13.88888888888889,68.03030303030303,-0.11952131156725537,0.15915963907625297,0.19904053514206607
13.88888888888889,68.23232323232324,-0.06867057498530024,0.18166778586686516,0.19421336795025443
13.88888888888889,68.43434343434343,0.04922689160145638,0.17435868978992067,0.1811746106991797
13.88888888888889,68.63636363636364,0.09188687502253706,0.00624363355792535,0.09209875548243308
13.88888888888889,68.83838383838383,-0.05236969613002411,0.18708121808714895,0.19427291945539513
13.88888888888889,69.04040404040404,-0.09595700112777147,0.09386694415176573,0.13423393486680574
13.88888888888889,69.24242424242425,-0.1007939968980172,0.03444393625979229,0.10651673368887225
13.88888888888889,69.44444444444444,-0.07536726380488248,0.014404266617280146,0.07673139742124108
13.88888888888889,69.64646464646465,-0.010185215020320285,-0.06810291061493842,0.06886032993848092
13.88888888888889,69.84848484848484,-0.20194087238055425,0.10894225139701888,0.2294526750274892
13.88888888888889,70.05050505050505,-0.012557616740968398,0.032501840166225315,0.034843411893841665
13.88888888888889,70.25252525252526,0.04919540517517174,-0.0708940256265989,0.08629108157796016
13.88888888888889,70.45454545454545,-0.03394195462307468,-0.05355393218268332,0.06340410030796356
13.88888888888889,70.65656565656566,0.03753757703305471,0.058409268939733444,0.06943135017833534
13.88888888888889,70.85858585858585,-0.10164315563527784,-0.03174484772971732,0.10648505268290125
13.88888888888889,71.06060606060606,-0.08904035110670212,-0.041777734643228134,0.09835427411721757
13.88888888888889,71.26262626262626,-0.11918550881811078,-0.0887640675226162,0.14860768888382436
13.88888888888889,71.46464646464646,-0.06918724276207101,-0.11663676402724504,0.13561345539350064
13.88888888888889,71.66666666666667,0.0063374016620004504,0.13625977359598707,0.13640706931920787
13.88888888888889,71.86868686868686,-0.18968233111581517,-0.03485907519954191,0.19285886513535505
13.88888888888889,72.07070707070707,0.007144738099396449,-0.11325418693840728,0.11347932913790365
13.88888888888889,72.27272727272727,-0.011495123692192327,0.02719674963874727,0.029526277442500283
13.88888888888889,72.47474747474747,-0.07710730118250238,-0.015456655521680462,0.07864123661009552
13.88888888888889,72.67676767676768,0.007879965385987463,-0.04823995214557975,0.04887930888926505
13.88888888888889,72.87878787878788,0.0217600550766207,0.02231988677895956,0.031171739488888652
13.88888888888889,73.08080808080808,0.07908073325030289,-0.1050605577245312,0.13149708422925244
13.88888888888889,73.28282828282828,0.060049847903544035,0.023596246792526865,0.06451950942104727
13.88888888888889,73.48484848484848,0.34205832921357954,0.08405210466447324,0.35223380996564363
13.88888888888889,73.68686868686869,0.2038781889600953,0.033765103063684,0.2066552639507388
13.88888888888889,73.88888888888889,0.07991311057912165,0.017569195910396976,0.08182164681408481
13.88888888888889,74.0909090909091,0.1784841425404978,0.013664520087808264,0.17900644750300712
13.88888888888889,74.29292929292929,0.02418116289571594,-0.0010868330495260002,0.024205574669209806
13.88888888888889,74.4949494949495,0.12191166688041721,0.3601105691439747,0.38018689684253876
13.88888888888889,74.6969696969697,0.15568138251392968,0.013605320997440724,0.15627475042658648
13.88888888888889,74.8989898989899,0.2774068830612017,0.04015147300012646,0.28029755538322326
13.88888888888889,75.1010101010101,0.12604948108681976,-0.006962430577855689,0.12624162198660152
13.88888888888889,75.3030303030303,0.1440060597929002,0.0988144093656583,0.17464831163043132
13.88888888888889,75.5050505050505,0.2411805600306121,-0.025766950106090297,0.24255308337444287
13.88888888888889,75.70707070707071,0.220340130716047,-0.07969007839780747,0.23430809162086866
13.88888888888889,75.9090909090909,0.26276454096955154,-0.035919062933285686,0.26520818817099984
13.88888888888889,76.11111111111111,0.28105515576893925,-0.028634782333861606,0.2825100906934305
13.88888888888889,76.31313131313131,0.30316251266930216,-0.07861475487304738,0.31318970093493514
13.88888888888889,76.51515151515152,0.24695257079867705,-0.048756395666523296,0.25171960261860055
13.88888888888889,76.71717171717171,0.23007155378517627,-0.05156844686919068,0.2357800342981267
13.88888888888889,76.91919191919192,0.2505815134027135,-0.0707577437436327,0.2603800168194247
13.88888888888889,77.12121212121212,0.23073381471854612,-0.5151006235091559,0.564417173369214
13.88888888888889,77.32323232323232,0.30705639926138656,-0.08752354845238029,0.31928671106243084
13.88888888888889,77.52525252525253,0.23082003443486487,-0.019724907196757666,0.23166130505639673
13.88888888888889,77.72727272727272,0.2262129910430942,0.046607213738679446,0.23096439052188536
13.88888888888889,77.92929292929293,0.19171458420078938,-0.01534040017464541,0.19232735029839054
13.88888888888889,78.13131313131314,0.4049365896725325,-0.07386599110303108,0.4116185446469267
13.88888888888889,78.33333333333333,0.21234949596388508,-0.043137962268382,0.21668685291171771
13.88888888888889,78.53535353535354,0.22199830087299094,0.009445738385802576,0.22219916193394618
13.88888888888889,78.73737373737373,0.3613187002385773,-0.007965307663123814,0.3614064875846352
13.88888888888889,78.93939393939394,0.08181072030038848,-0.01449479158892532,0.08308485384999348
13.88888888888889,79.14141414141415,0.2847307012627364,0.0014248115476718538,0.2847342661667472
13.88888888888889,79.34343434343434,0.27379690192408185,0.04313563405966156,0.27717400027591754
13.88888888888889,79.54545454545455,0.33946744736836443,0.08754756454978292,0.3505748477592077
13.88888888888889,79.74747474747474,0.3614978146672047,0.010182675191759954,0.3616411990954924
13.88888888888889,79.94949494949495,0.3075286847195299,0.028103477016733606,0.3088101315464797
13.88888888888889,80.15151515151516,0.25791221294966443,0.05351945478364147,0.2634066089317641
13.88888888888889,80.35353535353535,0.15286959339340414,0.1044368863160271,0.18513826132826106
13.88888888888889,80.55555555555556,0.19052371617673924,0.1745217881219345,0.2583740330510636
13.88888888888889,80.75757575757575,0.19764934686284186,0.1616414951179477,0.2553296638843076
13.88888888888889,80.95959595959596,0.10628020434398924,0.2076738088440582,0.23328928975672789
13.88888888888889,81.16161616161617,0.18424312533357778,0.29724135772420357,0.3497112437060216
13.88888888888889,81.36363636363636,0.23943074110322393,0.05399530844880679,0.2454436251356324
13.88888888888889,81.56565656565657,0.14869945419311645,0.07412107404228295,0.16614891301032436
13.88888888888889,81.76767676767676,-0.020243533077771776,0.14298649013928488,0.1444123851815441
13.88888888888889,81.96969696969697,0.0842845843516169,0.11604223166045113,0.1434213745857382
13.88888888888889,82.17171717171718,-0.08393225686206077,0.15469854684862583,0.1760007503933873
13.88888888888889,82.37373737373737,0.10217553113805858,0.09940673815878692,0.14255363465977988
13.88888888888889,82.57575757575758,0.2803997408322624,0.24040056912255603,0.36934597370656247
13.88888888888889,82.77777777777777,0.24166644051569236,0.10100829296906608,0.26192621808450056
13.88888888888889,82.97979797979798,0.16586716081270256,0.09828182755597406,0.19279842495157773
13.88888888888889,83.18181818181819,0.19280397913940275,0.10672891216588117,0.22037339917535337
13.88888888888889,83.38383838383838,0.15145517330108785,0.047336488439257,0.1586802213806827
13.88888888888889,83.58585858585859,0.34685014262831027,0.11667750052482663,0.3659489862945382
13.88888888888889,83.78787878787878,0.16376065730063263,0.1483796913547036,0.22098435620209037
13.88888888888889,83.98989898989899,0.011169781866364449,0.16763629582898065,0.1680080108393754
13.88888888888889,84.1919191919192,0.08403904025901053,0.031880672599164064,0.0898829103502478
13.88888888888889,84.39393939393939,0.13230372469891272,0.14562492758396134,0.196750845240979
13.88888888888889,84.5959595959596,0.19744574954325206,0.07167007891781788,0.21005100386521094
13.88888888888889,84.79797979797979,0.13531147199917082,0.15109512459567342,0.20282734315462614
13.88888888888889,85.0,0.13295296708076562,0.1286076224977582,0.18497678778729246
14.09090909090909,65.0,0.3597450580689015,0.3245182534912299,0.48448798091799494
14.09090909090909,65.20202020202021,0.01708960188870413,0.15946051296322414,0.16037365646267773
14.09090909090909,65.4040404040404,0.036353473798075714,0.14611694391171023,0.1505713663193811
14.09090909090909,65.60606060606061,0.028838159656947613,0.20769762263674868,0.20969010921203904
14.09090909090909,65.8080808080808,0.03682447801204787,0.15821944501436186,0.162448253180859
14.09090909090909,66.01010101010101,0.0030672398804379754,0.14112311081169976,0.1411564393347163
14.09090909090909,66.21212121212122,-0.03894326257772112,0.15156009960096925,0.15648335851218512
14.09090909090909,66.41414141414141,-0.10064100615202924,0.1514564565033446,0.18184518232783156
14.09090909090909,66.61616161616162,-0.01818919229155174,0.13446523659324353,0.1356898911794685
14.09090909090909,66.81818181818181,0.05140616097219062,0.15390916173960245,0.16226713608517862
14.09090909090909,67.02020202020202,0.01630979767210796,0.11909945630339583,0.12021102275527644
14.09090909090909,67.22222222222223,-0.15630647588072355,0.1715504726238434,0.23208032889436206
14.09090909090909,67.42424242424242,0.0017606767804659897,0.07875739757860103,0.0787770757014952
14.09090909090909,67.62626262626263,-0.042505145033268736,0.18136576592822692,0.18627997317218942
14.09090909090909,67.82828282828282,0.021475842691079328,0.2182470288316357,0.21930111129022764
14.09090909090909,68.03030303030303,-0.045636103468940176,0.18956005399053963,0.1949760703489639
14.09090909090909,68.23232323232324,-0.09974084044416115,0.1476731405237794,0.1782009867668064
14.09090909090909,68.43434343434343,0.09506235871264658,0.01776946631867315,0.09670887227789575
14.09090909090909,68.63636363636364,-0.03954691729453359,0.07838446889550794,0.08779569255681928
14.09090909090909,68.83838383838383,0.1286583838239107,0.10103677139718359,0.163589146652666
14.09090909090909,69.04040404040404,-0.11505802188518603,0.0880002821583308,0.1448530222676689
14.09090909090909,69.24242424242425,0.0460868315755225,0.0822430968382505,0.09427578173749834
14.09090909090909,69.44444444444444,-0.319109860264433,0.029674128507659277,0.32048659382363415
14.09090909090909,69.64646464646465,-0.005688572234752453,0.06565634797125608,0.06590232077091564
14.09090909090909,69.84848484848484,0.07574481875515074,-0.019658969200322007,0.0782544097049479
14.09090909090909,70.05050505050505,0.05555674585856177,-0.06225066756035014,0.08343678818184487
14.09090909090909,70.25252525252526,-0.007980680620602844,-0.04091349558839461,0.041684594089779155
14.09090909090909,70.45454545454545,-0.0014774639262688932,-0.10568868770081885,0.105699014222341
14.09090909090909,70.65656565656566,-0.021450474458214207,-0.031956622534764056,0.03848829144443658
14.09090909090909,70.85858585858585,-0.08008351524953473,0.027630272269613582,0.08471600415751111
14.09090909090909,71.06060606060606,-0.10148401598930892,-0.008452329527286268,0.1018353935316997
14.09090909090909,71.26262626262626,-0.014575573439728956,-0.01823769554774756,0.023346538929555776
14.09090909090909,71.46464646464646,-0.16708353839046425,-0.1567598266256788,0.22910816669161013
14.09090909090909,71.66666666666667,0.07696278580955881,0.027268168311469096,0.08165061789497147
14.09090909090909,71.86868686868686,-0.23252575987741655,0.028067555811319173,0.23421361338699231
14.09090909090909,72.07070707070707,0.007288128659545052,-0.009978920332199655,0.012357008956639532
14.09090909090909,72.27272727272727,0.0003774842704841151,-0.0036465651818377576,0.003666051281672743
14.09090909090909,72.47474747474747,0.0035210242131540146,-0.0906062744838107,0.09067466342559681
14.09090909090909,72.67676767676768,0.011691410887471575,0.08110346440115773,0.08194181488354739
14.09090909090909,72.87878787878788,0.1625335892862597,0.0002812008511060282,0.16253383254016135
14.09090909090909,73.08080808080808,-0.020231640160436618,0.0019911546266703764,0.02032938661958847
14.09090909090909,73.28282828282828,0.013819954900996715,0.06290935105150318,0.06440945274714611
14.09090909090909,73.48484848484848,0.2988967885678321,0.051978734285642356,0.303382726987053
14.09090909090909,73.68686868686869,0.09072643781890412,0.0004113605073732419,0.09072737038388416
14.09090909090909,73.88888888888889,0.11404043823784381,-0.07488826420870999,0.13643120489709465
14.09090909090909,74.0909090909091,0.20193857412381183,-0.029083338805629206,0.20402212702361788
14.09090909090909,74.29292929292929,0.20863816695738993,0.008642737103557896,0.20881710087054875
14.09090909090909,74.4949494949495,0.3067335061105025,0.05125626581647365,0.3109865729517766
14.09090909090909,74.6969696969697,0.10423231165304161,0.07120469117644274,0.12623186142202522
14.09090909090909,74.8989898989899,0.3607699395640922,0.03905984230896461,0.36287824483465514
14.09090909090909,75.1010101010101,0.4269159548520029,0.03291470980818327,0.42818291725494406
14.09090909090909,75.3030303030303,0.19612820558725208,0.008578572454711993,0.19631572767416308
14.09090909090909,75.5050505050505,0.27676006881284104,0.0026123087472616213,0.2767723971899646
14.09090909090909,75.70707070707071,0.12573908710345721,-0.060016477531212156,0.1393280144151394
14.09090909090909,75.9090909090909,0.15315802382742466,-0.04373574054267719,0.15928024128415413
14.09090909090909,76.11111111111111,0.22900218018030252,-0.015051140151559086,0.2294962643425675
14.09090909090909,76.31313131313131,0.30738889770424904,0.004612515406661086,0.30742350224114284
14.09090909090909,76.51515151515152,0.23690852348372446,-0.021487542474735402,0.23788098490808798
14.09090909090909,76.71717171717171,0.2692305720164438,-0.07860980287262598,0.2804721055933631
14.09090909090909,76.91919191919192,0.19197428209944403,-0.09103480200700954,0.2124651975360961
14.09090909090909,77.12121212121212,0.2150727814151933,-0.050702658996396636,0.22096846140336948
14.09090909090909,77.32323232323232,0.31325629784382747,-0.15338403957410343,0.3487924479327081
14.09090909090909,77.52525252525253,0.3965562436649897,-0.13799860682482495,0.4198814950379206
14.09090909090909,77.72727272727272,0.33034098102760123,-0.03177067971297744,0.33186524348853197
14.09090909090909,77.92929292929293,0.2519071381204685,-0.04703909915138829,0.2562613569873908
14.09090909090909,78.13131313131314,0.26530462515734243,0.007121555884655972,0.265400189691146
14.09090909090909,78.33333333333333,0.30544402348002075,0.05225735903632755,0.3098820470003306
14.09090909090909,78.53535353535354,0.2252458417197523,0.04759696782578291,0.23021980922207436
14.09090909090909,78.73737373737373,0.36369294358269594,0.022014671488024037,0.3643586186335815
14.09090909090909,78.93939393939394,0.42294314728437976,0.1285993375146345,0.44206186834426175
14.09090909090909,79.14141414141415,0.39971009513459516,0.05966696820407537,0.4041389702159064
14.09090909090909,79.34343434343434,0.01611279680365044,0.05352389114228883,0.05589659331164389
14.09090909090909,79.54545454545455,0.31199987310156524,0.04966755634271108,0.3159284522933147
14.09090909090909,79.74747474747474,0.2947394246479379,0.062286298276454766,0.3012489193254989
14.09090909090909,79.94949494949495,0.2714699366437688,0.06976367218864828,0.28029073559184403
14.09090909090909,80.15151515151516,0.29293721866405253,0.1612342070553684,0.3343780549070234
14.09090909090909,80.35353535353535,0.2665242172974564,0.10837240260288813,0.28771467820037305
14.09090909090909,80.55555555555556,0.1915828206823442,0.06046777809993861,0.20089880380168187
14.09090909090909,80.75757575757575,0.17716956953138221,0.07807886264048003,0.19361137662639102
14.09090909090909,80.95959595959596,0.2214810833366892,0.0571148995911963,0.22872687212329446
14.09090909090909,81.16161616161617,0.22156043843028403,0.12887094133660573,0.2563137674772905
14.09090909090909,81.36363636363636,0.2281669587098773,0.10864402468826649,0.2527126533187041
14.09090909090909,81.56565656565657,0.19006462837373828,0.1560896431873325,0.24594417998642704
14.09090909090909,81.76767676767676,0.23558730426115704,0.1901352649947507,0.30274212941654327
14.09090909090909,81.96969696969697,0.1934047493916446,0.16075126388814487,0.2514883017734241
14.09090909090909,82.17171717171718,0.19403351860049214,0.1749427370828982,0.2612546030188628
14.09090909090909,82.37373737373737,0.22866684339562157,0.0587378974654697,0.23609037648151132
14.09090909090909,82.57575757575758,0.19530598727125104,0.12555749962165727,0.23218336369180403
14.09090909090909,82.77777777777777,0.16257943041101441,0.04628561585663033,0.16903972736607636
14.09090909090909,82.97979797979798,0.19531686522199773,0.0906144067179459,0.21531290844952455
14.09090909090909,83.18181818181819,-0.07026499727511755,0.14906105430667332,0.1647918922553209
14.09090909090909,83.38383838383838,0.30955838213743153,0.04997470136549158,0.31356636096385426
14.09090909090909,83.58585858585859,0.12439563123033516,0.25325007951872763,0.2821522210535218
14.09090909090909,83.78787878787878,0.2087695639094687,0.08946943374148289,0.22713324368962665
14.09090909090909,83.98989898989899,0.18885307909995505,0.13441267764349335,0.23180218591900192
14.09090909090909,84.1919191919192,0.08274297176747143,0.06313764162117774,0.10408055133595734
14.09090909090909,84.39393939393939,0.12084637015932134,0.07413444410639285,0.14177362583939085
14.09090909090909,84.5959595959596,0.14513496215510074,0.11876688984823613,0.18753594685815725
14.09090909090909,84.79797979797979,0.22594418343652062,0.10707349308884952,0.25003101197860234
14.09090909090909,85.0,0.14146879062379242,0.03370793995941714,0.14542917154706647
14.292929292929292,65.0,0.13128979260308557,0.17476598887436492,0.2185867345220104
14.292929292929292,65.20202020202021,0.32303095726133274,0.16489831473612088,0.36268506110947796
14.292929292929292,65.4040404040404,-0.23449606806963294,-0.021426242772580182,0.23547290676310825
14.292929292929292,65.60606060606061,-0.20822232027598994,0.20168560757331197,0.2898855273436964
14.292929292929292,65.8080808080808,0.04357934821746174,-0.07973002524277864,0.09086273447499202
14.292929292929292,66.01010101010101,0.05948731239064218,0.2480677424057445,0.255100656913589
14.292929292929292,66.21212121212122,0.11485056379972125,0.18566667754177069,0.2183180412941489
14.292929292929292,66.41414141414141,-0.08656214641947799,0.19876137175825254,0.2167927307267691
14.292929292929292,66.61616161616162,0.09941818724423472,0.19939248921747701,0.22280336781851257
14.292929292929292,66.81818181818181,0.13232255182358882,0.22014399585061073,0.25685139016594805
14.292929292929292,67.02020202020202,0.03455028126559203,0.2646767890887829,0.26692231944496436
14.292929292929292,67.22222222222223,-0.0836026007610241,0.1015158534835801,0.1315099363641656
14.292929292929292,67.42424242424242,0.011501105717651892,0.186005481424024,0.18636071086071643
14.292929292929292,67.62626262626263,0.09182056155551181,0.1023922961341411,0.13753253372199314
14.292929292929292,67.82828282828282,-0.013731660669376752,0.2982377880375794,0.29855374175897886
14.292929292929292,68.03030303030303,-0.056188674518551675,0.24631875952983334,0.25264619221446344
14.292929292929292,68.23232323232324,-0.004257922294625672,0.10342099712605672,0.10350861098872356
14.292929292929292,68.43434343434343,-0.05093756455731291,0.1157505504958415,0.1264627432215543
14.292929292929292,68.63636363636364,-0.062359576136706736,-0.04623433713788205,0.07762944458470036
14.292929292929292,68.83838383838383,0.08722767663292319,0.1414471526111226,0.16618051796938177
14.292929292929292,69.04040404040404,0.2738869271593602,0.2051307913182747,0.34218809215935353
14.292929292929292,69.24242424242425,0.03500766415974855,0.04214064679801624,0.054784766700944336
14.292929292929292,69.44444444444444,0.09813494123756508,0.09996680836519918,0.14008507938543924
14.292929292929292,69.64646464646465,-0.2553703156919384,0.05769749021461023,0.26180717811715043
14.292929292929292,69.84848484848484,0.24894637865101021,-0.03683195814368779,0.2516562985187347
14.292929292929292,70.05050505050505,0.01020628132586802,0.04982135391393039,0.05085602702059874
14.292929292929292,70.25252525252526,-0.08353473033197223,0.16925041563218754,0.18874256108070472
14.292929292929292,70.45454545454545,-0.012763325721470865,-0.03139951936693477,0.03389442874495559
14.292929292929292,70.65656565656566,0.05457019765429111,0.00794741333117216,0.05514587791199712
14.292929292929292,70.85858585858585,0.010336123144896289,-0.02250217873444275,0.024762542063836424
14.292929292929292,71.06060606060606,-0.01832195077214907,-0.11197032697893733,0.11345945533038308
14.292929292929292,71.26262626262626,0.07715646176834876,0.14855192693976924,0.16739412949721144
14.292929292929292,71.46464646464646,0.03115340873344283,-0.06093463548497673,0.06843657412085981
14.292929292929292,71.66666666666667,0.02677852240020255,-0.04465370424054402,0.05206767292994885
14.292929292929292,71.86868686868686,0.03568453314809187,0.04946799742772906,0.06099564472572674
14.292929292929292,72.07070707070707,0.07820460803973188,-0.04242833873162335,0.0889726061559032
14.292929292929292,72.27272727272727,0.039092282237202305,0.02591551279997651,0.04690224231525428
14.292929292929292,72.47474747474747,0.14269902947619056,-0.0006880777296555795,0.14270068838099118
14.292929292929292,72.67676767676768,0.10935910925324047,-0.04340933110216609,0.11765961415625868
14.292929292929292,72.87878787878788,0.1132353176685743,0.03382394781284614,0.11817908703805878
14.292929292929292,73.08080808080808,0.09019276927840703,0.11048288130566357,0.14262258829410335
14.292929292929292,73.28282828282828,0.15672378628162054,-0.0270834995373522,0.1590467262587848
14.292929292929292,73.48484848484848,-0.05649748293486148,0.1349333012164315,0.14628383832515196
14.292929292929292,73.68686868686869,0.10318461743048628,-0.02080131005712409,0.10526043784047463
14.292929292929292,73.88888888888889,0.11233736688183979,0.05678894818980272,0.12587560778184617
14.292929292929292,74.0909090909091,0.013684851438010424,0.055100654289307605,0.05677461811399711
14.292929292929292,74.29292929292929,0.37957367964900646,0.05113551074330755,0.3830026354233943
14.292929292929292,74.4949494949495,0.06369644976878801,0.09640749914848329,0.11554931243937602
14.292929292929292,74.6969696969697,0.22314138943394993,0.06815299369361541,0.23331718802504817
14.292929292929292,74.8989898989899,0.23812555303980287,0.0472456626621906,0.2427672375978717
14.292929292929292,75.1010101010101,0.16522459719861182,-0.18672035122459835,0.2493264067059101
14.292929292929292,75.3030303030303,0.18463868187013252,-0.02970843407474395,0.1870134591357355
14.292929292929292,75.5050505050505,0.23951008504396318,-0.06052194291684555,0.24703843104301887
14.292929292929292,75.70707070707071,0.26634066206668766,0.0316993249918543,0.2682204232996822
14.292929292929292,75.9090909090909,0.14591831822811918,-0.13625897292344594,0.19964634556303562
14.292929292929292,76.11111111111111,0.23368670599764643,-0.041280113613078484,0.23730470779135232
14.292929292929292,76.31313131313131,0.2826170448643692,-0.05895613025437476,0.2887009167675775
14.292929292929292,76.51515151515152,0.2777457145302315,-0.07879412238100486,0.2887060713973671
14.292929292929292,76.71717171717171,0.22054388230062702,-0.023502151313204683,0.22179259486416944
14.292929292929292,76.91919191919192,0.44308592563320326,-0.0310294807258752,0.44417110010484695
14.292929292929292,77.12121212121212,0.2322820445365874,-0.062296066679433014,0.24049064043705637
14.292929292929292,77.32323232323232,0.3061367386915124,-0.048481648898379616,0.30995188829329806
14.292929292929292,77.52525252525253,0.29305596124427985,-0.0217511167237091,0.2938620552224075
14.292929292929292,77.72727272727272,0.32222601065165934,-0.014912608317432303,0.32257090356588647
14.292929292929292,77.92929292929293,0.22918783134736626,-0.118923456309658,0.25820505513708275
14.292929292929292,78.13131313131314,0.2770875157371261,-0.23403805072653558,0.3627000145647206
14.292929292929292,78.33333333333333,0.2833023145343974,-0.039493324732408235,0.2860418223249287
14.292929292929292,78.53535353535354,0.3395289600156676,-0.03761087853713809,0.3416057564995885
14.292929292929292,78.73737373737373,0.2766218836190152,-0.107959277851741,0.296942540184463
14.292929292929292,78.93939393939394,0.3675000130022982,0.07368047128986523,0.3748133821065971
14.292929292929292,79.14141414141415,0.16646192050687345,0.0010647969047955022,0.16646532603303643
14.292929292929292,79.34343434343434,0.3108818163387418,0.07379534467173302,0.31952035400783946
14.292929292929292,79.54545454545455,0.3075230182538255,0.17435365168776795,0.35351039958225017
14.292929292929292,79.74747474747474,0.20539229736440084,-0.01755266354398905,0.2061409513272774
14.292929292929292,79.94949494949495,0.3716813210792411,0.1381203774853561,0.3965151234390779
14.292929292929292,80.15151515151516,0.29897700016757917,0.09792618729004125,0.31460576089189607
14.292929292929292,80.35353535353535,0.18629406518762323,0.10059813271971442,0.21172024709702114
14.292929292929292,80.55555555555556,0.11882890511350423,0.1063584490644391,0.15947547892346045
14.292929292929292,80.75757575757575,0.24219910768823413,0.17245856220178243,0.2973253494771055
14.292929292929292,80.95959595959596,0.18804014024393575,0.1926272144481973,0.26919200970502605
14.292929292929292,81.16161616161617,0.2483191093854547,0.24226072549159489,0.3469187789695152
14.292929292929292,81.36363636363636,0.2771109755392054,0.205563756629271,0.3450318112925651
14.292929292929292,81.56565656565657,0.08703466429251448,0.13926220582530163,0.16422239420931414
14.292929292929292,81.76767676767676,0.6028241354407926,0.15539123507000105,0.6225298179256311
14.292929292929292,81.96969696969697,0.040111176354818714,0.12085579585628976,0.12733824979409977
14.292929292929292,82.17171717171718,0.21341559979892777,0.257648271852954,0.3345576934197595
14.292929292929292,82.37373737373737,0.23307556809658686,0.13962201546246011,0.2716956526066366
14.292929292929292,82.57575757575758,0.26896172139294705,0.09824536427676583,0.2863434287294397
14.292929292929292,82.77777777777777,-0.038039940419288515,0.1473944989562615,0.1522240959561606
14.292929292929292,82.97979797979798,0.19695365579970242,0.2223820599732678,0.2970597972308298
14.292929292929292,83.18181818181819,0.1302730848098567,0.1244002349881445,0.18012910672898394
14.292929292929292,83.38383838383838,0.19215105710989822,0.12599015446351391,0.22977281773567443
14.292929292929292,83.58585858585859,0.06547111380801936,0.07225667805592854,0.09750638064732342
14.292929292929292,83.78787878787878,0.25858641522500786,0.08632666704145356,0.27261553070470174
14.292929292929292,83.98989898989899,0.10244687882466967,0.16199163648845213,0.19166808099713256
14.292929292929292,84.1919191919192,-0.027171266621269063,0.0923853008944206,0.09629808695481298
14.292929292929292,84.39393939393939,0.2275259732834128,0.1539799571630868,0.27473240749229116
14.292929292929292,84.5959595959596,0.13091732591367103,0.15358602781891859,0.20181182860669986
14.292929292929292,84.79797979797979,0.21937503848957465,0.09081056827616117,0.2374278139202349
14.292929292929292,85.0,0.1678175484305346,0.08298631952711077,0.18721500685012019
14.494949494949495,65.0,0.02275690085987899,0.1495572093062528,0.15127866800121115
14.494949494949495,65.20202020202021,0.12364035002575065,-0.13342043093502742,0.1819009278299002
14.494949494949495,65.4040404040404,0.14660199546374011,0.14556111290813864,0.20659182622990283
14.494949494949495,65.60606060606061,0.12401717236068,0.20154421686701973,0.2366438894053233
14.494949494949495,65.8080808080808,0.11727687298663168,0.4400685702259365,0.4554275040423256
14.494949494949495,66.01010101010101,0.026611721346123062,0.228022712142493,0.22957033990875636
14.494949494949495,66.21212121212122,-0.03151629717804259,-0.16448698991454705,0.16747909373698855
14.494949494949495,66.41414141414141,-0.005847918314915598,0.18853111380775917,0.18862178830191428
14.494949494949495,66.61616161616162,0.10607851524239258,0.1937258121686321,0.22086724903531227
14.494949494949495,66.81818181818181,0.018683992025494714,0.18928472032297564,0.1902046185184678
14.494949494949495,67.02020202020202,0.17027778566562138,0.16695623386827046,0.23847202837788736
14.494949494949495,67.22222222222223,0.07353092802230995,0.22587393543608833,0.23754122186519191
14.494949494949495,67.42424242424242,0.03779359766788015,0.07376903441651311,0.08288682925185577
14.494949494949495,67.62626262626263,0.006701894729235371,0.16317035544039948,0.16330793087755432
14.494949494949495,67.82828282828282,0.13223023866001282,0.13993216001564157,0.19252492156270853
14.494949494949495,68.03030303030303,0.14124668457168998,0.13213589513865528,0.19341799473313798
14.494949494949495,68.23232323232324,0.020864847711078664,0.25278696997506483,0.25364659283968477
14.494949494949495,68.43434343434343,0.062161023070835174,0.0850652351117239,0.10535695047706044
14.494949494949495,68.63636363636364,0.12480849643015308,0.08944426434643196,0.15354946175623652
14.494949494949495,68.83838383838383,0.08123580832577898,0.029744136096297794,0.08650994270289275
14.494949494949495,69.04040404040404,0.013716386867330666,0.06787084615955569,0.06924298540002703
14.494949494949495,69.24242424242425,0.01909405279195153,0.08444561621454363,0.08657739283367123
14.494949494949495,69.44444444444444,-0.02492584363190842,0.07142450121802173,0.07564890650237806
14.494949494949495,69.64646464646465,0.060559176609473735,-0.13079489947182715,0.14413438035202705
14.494949494949495,69.84848484848484,0.014434541424376689,0.0051481513225466995,0.015325124735932361
14.494949494949495,70.05050505050505,0.017911441714298783,-0.044462311481130064,0.04793450621973437
14.494949494949495,70.25252525252526,0.06456002182280977,-0.011758654024718786,0.06562211793469265
14.494949494949495,70.45454545454545,0.040950023285488274,0.03401427867616405,0.053234157840072766
14.494949494949495,70.65656565656566,0.0687307805965995,0.12621095449403721,0.14371195230638903
14.494949494949495,70.85858585858585,0.17028071851296867,-0.04371048765645952,0.1758013931357154
14.494949494949495,71.06060606060606,0.02630450281944524,-0.1049742516742985,0.10821977815148746
14.494949494949495,71.26262626262626,0.06200856738034135,-0.18332592944550083,0.19352896123221217
14.494949494949495,71.46464646464646,0.09475092652104547,-0.09947934719632864,0.13738223536980412
14.494949494949495,71.66666666666667,0.06115633442024701,-0.028858673519767106,0.06762337079029407
14.494949494949495,71.86868686868686,0.09405626762095794,-0.04699582255474593,0.10514365799411027
14.494949494949495,72.07070707070707,0.09813544725182649,-0.034195766562262024,0.10392264651218587
14.494949494949495,72.27272727272727,0.16370918933994638,0.0206458904325103,0.16500591342765153
14.494949494949495,72.47474747474747,0.1379450694360319,0.07610728708823442,0.15754733044276756
14.494949494949495,72.67676767676768,0.16004536278962334,-0.04382187967272966,0.165936359151674
14.494949494949495,72.87878787878788,0.2805777753222051,0.054937184059989055,0.28590554768524334
14.494949494949495,73.08080808080808,0.06026625715952482,0.021691540796858734,0.06405111001504785
14.494949494949495,73.28282828282828,0.074459832430666,0.09777191471460654,0.12289676135913084
14.494949494949495,73.48484848484848,-0.06709738833763278,0.04226572934136001,0.07929975661052309
14.494949494949495,73.68686868686869,0.1419282927933985,0.10709267320450926,0.17779899029335478
14.494949494949495,73.88888888888889,0.12817043487964033,0.08547518501226797,0.15405735175614815
14.494949494949495,74.0909090909091,0.2781317470783131,0.08268719991400869,0.2901627849371004
14.494949494949495,74.29292929292929,0.1659290990540463,0.0785423611534936,0.18357932456693846
14.494949494949495,74.4949494949495,0.1687473755132979,0.003686763812359556,0.1687876446012388
14.494949494949495,74.6969696969697,0.19466483122310554,0.033998863409908806,0.1976115361720712
14.494949494949495,74.8989898989899,0.12717415639523091,0.04996630436946731,0.13663783380594446
14.494949494949495,75.1010101010101,0.2593334444724965,0.05111571770463999,0.2643230069790178
14.494949494949495,75.3030303030303,0.22147958759140193,0.040664388534551094,0.22518170488418107
14.494949494949495,75.5050505050505,0.23666557557853166,0.001594547882298316,0.2366709471964538
14.494949494949495,75.70707070707071,0.2405832252197851,-0.10008579685325354,0.26057140094205383
14.494949494949495,75.9090909090909,0.35057903597669526,-0.07724968234527306,0.3589890999581945
14.494949494949495,76.11111111111111,0.33485082627757834,0.03437348135393944,0.3366104752962489
14.494949494949495,76.31313131313131,0.24308147374090472,-0.03686309242725941,0.24586071353380315
14.494949494949495,76.51515151515152,0.18979929883457028,-0.045491319581118767,0.19517488054390092
14.494949494949495,76.71717171717171,0.22485257192714633,-0.06089145858120559,0.23295160190563016
14.494949494949495,76.91919191919192,0.20870882509460564,-0.048096699061678766,0.21417905157367836
14.494949494949495,77.12121212121212,0.3353699784095648,-0.12189219443543119,0.356834316571034
14.494949494949495,77.32323232323232,0.27449370713139454,-0.1522164971073663,0.3138736326077306
14.494949494949495,77.52525252525253,0.2143605027839786,-0.10529020517242055,0.23882305679948598
14.494949494949495,77.72727272727272,-0.6467148981256547,-0.06187564731125543,0.6496681885300086
14.494949494949495,77.92929292929293,0.3492448694843915,-0.07341829542401687,0.35687844564240334
14.494949494949495,78.13131313131314,0.12084726865508215,-0.11800792129860027,0.1689080573288623
14.494949494949495,78.33333333333333,0.2379792075869,0.007194478031572388,0.23808793282700327
14.494949494949495,78.53535353535354,0.24230301084924463,-0.012096088963307751,0.24260474940696733
14.494949494949495,78.73737373737373,0.2093855749045822,-0.07749812366730965,0.22326727962259948
14.494949494949495,78.93939393939394,0.27782709418661294,-0.023924588702833365,0.278855303354225
14.494949494949495,79.14141414141415,0.2987577422277087,0.021131962148390127,0.29950417086451236
14.494949494949495,79.34343434343434,0.3682978967494154,0.006165384150320186,0.3683494980473898
14.494949494949495,79.54545454545455,0.3078627672942474,0.04090579308363047,0.3105684584658795
14.494949494949495,79.74747474747474,0.35832029709630137,0.08336791323693281,0.36789080481667713
14.494949494949495,79.94949494949495,0.2535827619751992,0.05567547725728166,0.2596227569740307
14.494949494949495,80.15151515151516,0.14679383868734996,0.0751034679714116,0.16489075770915898
14.494949494949495,80.35353535353535,0.37683186450781975,0.10690457706132635,0.39170249259495515
14.494949494949495,80.55555555555556,0.3977468912074616,0.00871732009329948,0.39784240741128807
14.494949494949495,80.75757575757575,0.3179369885453901,0.1243882093746841,0.3414035080615777
14.494949494949495,80.95959595959596,0.15629563046465084,0.21259089956208338,0.2638621130040433
14.494949494949495,81.16161616161617,0.27635779831124174,0.11871897731406816,0.3007787031389277
14.494949494949495,81.36363636363636,0.21534242710699084,0.12097318897116204,0.24699569502763027
14.494949494949495,81.56565656565657,0.3247142868362589,0.15298011888911547,0.3589460751295494
14.494949494949495,81.76767676767676,0.1617263871138851,0.10286573438012545,0.1916684209734946
14.494949494949495,81.96969696969697,0.1744063129818434,0.155949049874556,0.23396082613270425
14.494949494949495,82.17171717171718,0.16481962331983946,-0.07089682782820173,0.1794209252773919
14.494949494949495,82.37373737373737,0.2503706200859266,0.007651323994990394,0.2504875049999255
14.494949494949495,82.57575757575758,0.15446160491637953,0.11429228618421922,0.1921486770044467
14.494949494949495,82.77777777777777,0.2536298894826812,0.1063869185772934,0.275038719607565
14.494949494949495,82.97979797979798,0.1920920955268286,0.02563560366083601,0.1937951427124625
14.494949494949495,83.18181818181819,0.27417494137363035,0.22867093279708683,0.35701861853903843
14.494949494949495,83.38383838383838,0.23753664522224383,0.08202268051988362,0.25129937911404604
14.494949494949495,83.58585858585859,0.07785794576954194,0.06579013175602874,0.1019323361643819
14.494949494949495,83.78787878787878,0.10075701022167673,0.1070958473359588,0.14704249598472566
14.494949494949495,83.98989898989899,0.09768014883840256,0.0406161998988987,0.10578793490431589
14.494949494949495,84.1919191919192,0.28769756003154506,0.09897483526060462,0.30424645283547397
14.494949494949495,84.39393939393939,0.23627423328377792,0.20901690791862423,0.31545773268331806
14.494949494949495,84.5959595959596,0.15791972649781852,0.1012873072861795,0.18761065703853488
14.494949494949495,84.79797979797979,0.09842499089943883,0.22491432087618446,0.24550749595226187
14.494949494949495,85.0,0.1863021670189599,0.06242485648183995,0.19648246777445247
14.696969696969697,65.0,-0.3651775791520959,-0.10211380845436825,0.3791858306852205
14.696969696969697,65.20202020202021,0.10190639534867044,0.2711507855537419,0.289668192798883
14.696969696969697,65.4040404040404,0.0417027937861716,0.29910905681360095,0.30200223654386055
14.696969696969697,65.60606060606061,0.13429722074127476,0.1273060278960672,0.18504747563126853
14.696969696969697,65.8080808080808,0.09493397745621672,0.18014130995077893,0.2036255181121464
14.696969696969697,66.01010101010101,0.13449506555760898,0.16115333881729943,0.20990312353871451
14.696969696969697,66.21212121212122,0.08138115809483754,0.024738222785217808,0.08505805405385201
14.696969696969697,66.41414141414141,-0.18249253803392687,0.2470454988887264,0.3071400412828714
14.696969696969697,66.61616161616162,0.17813809739932698,0.30713477263291145,0.35505626357708764
14.696969696969697,66.81818181818181,0.15033816960032034,0.19569941726332993,0.24677890338515893
14.696969696969697,67.02020202020202,0.03436037431415353,0.08024811883528973,0.08729487899992487
14.696969696969697,67.22222222222223,-0.056848167290720286,0.28459314333655195,0.29021538787337403
14.696969696969697,67.42424242424242,0.0233881681091405,0.25134899861554605,0.2524347945758254
14.696969696969697,67.62626262626263,0.13393267061231331,0.17392569026962137,0.2195178944712952
14.696969696969697,67.82828282828282,0.08340085960820677,0.07020858775538814,0.10901811399026244
14.696969696969697,68.03030303030303,0.1642650449860394,0.16298378301377162,0.23140163899537475
14.696969696969697,68.23232323232324,0.3612804638107502,0.20008697276079448,0.41298713079209826
14.696969696969697,68.43434343434343,0.17703320353960028,0.0921006215454775,0.1995577100604154
14.696969696969697,68.63636363636364,-0.15811881484725163,0.19800116427638395,0.25338906973960623
14.696969696969697,68.83838383838383,0.09220109512059269,0.09378735742870686,0.13151847913847162
14.696969696969697,69.04040404040404,0.0796597932682454,0.008141536437398865,0.08007476056224638
14.696969696969697,69.24242424242425,0.08520857437453913,-0.0569280352327315,0.10247586224277641
14.696969696969697,69.44444444444444,0.07070471817224858,-0.027009446188163703,0.0756879604376311
14.696969696969697,69.64646464646465,0.1757633754293968,0.015281012101156257,0.17642639675845212
14.696969696969697,69.84848484848484,0.09852973109825841,0.02185339744693817,0.10092412442161168
14.696969696969697,70.05050505050505,0.023570450052397687,0.03096724581119003,0.03891704547885464
14.696969696969697,70.25252525252526,0.05337626669180219,-0.24829449786078303,0.25396689452346494
14.696969696969697,70.45454545454545,0.06698883235452574,-0.10156442677593631,0.12166690777096
14.696969696969697,70.65656565656566,0.09970324436195051,0.020443839981527046,0.10177763766903365
14.696969696969697,70.85858585858585,0.051398404207132875,-0.1270149012785994,0.1370203674708697
14.696969696969697,71.06060606060606,0.10408618826268012,-0.0811517305117331,0.13198309722120874
14.696969696969697,71.26262626262626,0.11129516438380709,-0.0009679922356858189,0.11129937387149574
14.696969696969697,71.46464646464646,0.2008627344725877,-0.04405139785504303,0.2056364844884987
14.696969696969697,71.66666666666667,0.12774537416037862,0.026799372495007825,0.13052619271817173
14.696969696969697,71.86868686868686,0.140876706278616,-0.1495671094534363,0.20546670436391304
14.696969696969697,72.07070707070707,0.12238610114475962,-0.010802095578810414,0.12286188596269018
14.696969696969697,72.27272727272727,0.13032337528005103,0.04788281260176729,0.13884144153328637
14.696969696969697,72.47474747474747,0.002182327829087699,0.032096551249083435,0.03217065676728795
14.696969696969697,72.67676767676768,0.11173884006080094,0.038428368126238274,0.11816220992762
14.696969696969697,72.87878787878788,0.17278072518529822,0.006726797136883729,0.1729116213424602
14.696969696969697,73.08080808080808,0.22661040216590816,-0.0040150425148574274,0.22664596827693792
14.696969696969697,73.28282828282828,0.039707746235005864,0.002672785294340155,0.03979759907699538
14.696969696969697,73.48484848484848,0.16884204426435745,0.07467546043213107,0.184618688929691
14.696969696969697,73.68686868686869,0.15312295088926892,-0.035426947532724684,0.15716776609891703
14.696969696969697,73.88888888888889,0.23738449045899235,0.026321609922922,0.23883932561328736
14.696969696969697,74.0909090909091,0.13821393772413446,0.028498575352533632,0.14112144195101947
14.696969696969697,74.29292929292929,0.21422979210445228,0.015262189131690269,0.2147727595441478
14.696969696969697,74.4949494949495,0.18270927754009433,0.08246195065331041,0.20045611341331604
14.696969696969697,74.6969696969697,0.2203341470858984,0.09914550098944887,0.24161325861491775
14.696969696969697,74.8989898989899,0.30596753598348747,0.023740129589580248,0.3068871565066495
14.696969696969697,75.1010101010101,0.22300504003133748,0.051396901625136215,0.2288512385285305
14.696969696969697,75.3030303030303,0.1781302312783299,-0.005357821685734705,0.17821078965227508
14.696969696969697,75.5050505050505,0.17832969362351322,-0.012158254937983512,0.17874367902388352
14.696969696969697,75.70707070707071,0.3401735551556069,-0.0633345578384358,0.34601923912377314
14.696969696969697,75.9090909090909,0.3818949175780119,0.0023858158588059113,0.3819023699706885
14.696969696969697,76.11111111111111,0.33834168726689773,-0.02827117683211126,0.33952077518479445
14.696969696969697,76.31313131313131,0.19668264690538104,-0.02848636605510906,0.19873484003750438
14.696969696969697,76.51515151515152,0.23459985325990873,-0.0843341530928764,0.2492976945891466
14.696969696969697,76.71717171717171,0.2576195601339987,-0.14094324206367048,0.2936542784415943
14.696969696969697,76.91919191919192,0.25064816999743805,-0.08140135684161051,0.2635349806358158
14.696969696969697,77.12121212121212,0.3888988841408699,-0.09563444030969434,0.4004850662126645
14.696969696969697,77.32323232323232,0.31508909598464774,0.00047080992592326426,0.3150894477293851
14.696969696969697,77.52525252525253,0.3269476428142781,-0.021795468637301918,0.3276733184055919
14.696969696969697,77.72727272727272,0.358502410136186,0.05920998021991705,0.36335905084516207
14.696969696969697,77.92929292929293,0.4440629151630874,0.014829794807728142,0.44431047189682427
14.696969696969697,78.13131313131314,0.3619394199369251,0.03183908711789988,0.36333713156348196
14.696969696969697,78.33333333333333,0.33251841624208617,-0.08828978448100952,0.3440400895009888
14.696969696969697,78.53535353535354,0.3158045634920984,-0.03928762578055947,0.3182389665988565
14.696969696969697,78.73737373737373,0.29262169975876784,0.11207034744568856,0.31334840345262305
14.696969696969697,78.93939393939394,0.33044144857675684,-0.01722265067352848,0.3308899675628257
14.696969696969697,79.14141414141415,0.3270216790032645,-0.047880123923043784,0.33050822199303936
14.696969696969697,79.34343434343434,0.2511471916896706,0.12808178785754368,0.2819217201181792
14.696969696969697,79.54545454545455,0.24009822975326128,0.2414909656837984,0.34053640985589684
14.696969696969697,79.74747474747474,0.40053526972964787,0.048573577396709255,0.4034698188446267
14.696969696969697,79.94949494949495,0.29915727100136064,0.0015676555202875468,0.299161378417756
14.696969696969697,80.15151515151516,0.54549010432647,0.06422368263453858,0.5492578040676755
14.696969696969697,80.35353535353535,0.3005619305649901,0.051768459748025214,0.30498761864973606
14.696969696969697,80.55555555555556,0.359954316837521,0.08824503400931369,0.37061340536638904
14.696969696969697,80.75757575757575,0.2635044718090107,0.1509753670076873,0.3036909088307577
14.696969696969697,80.95959595959596,0.3090515538086994,0.28726108354262286,0.4219381388659399
14.696969696969697,81.16161616161617,0.24480824755318265,0.09868523042006884,0.2639504740914902
14.696969696969697,81.36363636363636,0.3072192809135561,0.20765990333420378,0.37081844886387916
14.696969696969697,81.56565656565657,0.1492986254928701,0.1497248351153295,0.21144173151100729
14.696969696969697,81.76767676767676,0.2217631746432695,0.13813322026395222,0.2612655587105786
14.696969696969697,81.96969696969697,0.14978627968135996,0.0877527635310337,0.1735986091191865
14.696969696969697,82.17171717171718,0.22053367035716906,0.11994176250249841,0.2510400887376561
14.696969696969697,82.37373737373737,0.1675475774238407,0.20662230467072298,0.2660168556464777
14.696969696969697,82.57575757575758,0.22485752585821847,0.06506872740407496,0.23408299002931676
14.696969696969697,82.77777777777777,0.03892032653868588,0.1587290741440472,0.16343105823711834
14.696969696969697,82.97979797979798,0.0859577871119622,0.08768394645242075,0.12278931399212394
14.696969696969697,83.18181818181819,0.14545375027156238,0.18946255840233317,0.2388573936565907
14.696969696969697,83.38383838383838,0.18452289981422637,0.057164563917139644,0.1931747600585743
14.696969696969697,83.58585858585859,0.16266783832505421,0.08854679061444454,0.18520626272743657
14.696969696969697,83.78787878787878,0.30436420348118215,0.08279418521181547,0.3154242309424291
14.696969696969697,83.98989898989899,0.110273049521531,0.02827947413120588,0.11384144284009919
14.696969696969697,84.1919191919192,0.10036838048631244,0.12303661366439847,0.15878230412564123
14.696969696969697,84.39393939393939,0.08004519376520472,0.2589636823185701,0.27105243368193993
14.696969696969697,84.5959595959596,0.2411580483324361,0.0857060412027488,0.25593501084094933
14.696969696969697,84.79797979797979,0.10222048252649985,0.10197197334778967,0.14438597714595688
14.696969696969697,85.0,-0.02275307285586281,0.20389700991910156,0.20516260131499212
14.8989898989899,65.0,0.00753953500123251,0.1803217572099938,0.18047930826367536
14.8989898989899,65.20202020202021,0.12974498343999774,0.18096896048939495,0.2226735848466483
14.8989898989899,65.4040404040404,0.20492215493688004,0.35067703568436553,0.4061618802156949
14.8989898989899,65.60606060606061,0.15671077388728938,0.13255018643835137,0.20525062381682266
14.8989898989899,65.8080808080808,0.03943366746273373,0.18340463718629907,0.18759604225835752
14.8989898989899,66.01010101010101,0.15942828171538656,0.10000428520615826,0.18819732747920545
14.8989898989899,66.21212121212122,-0.12379685119232618,0.2245545080136844,0.2564183835734146
14.8989898989899,66.41414141414141,0.37126436446545535,0.2501382459747502,0.44766770089125607
14.8989898989899,66.61616161616162,-0.009164734386557849,0.19307546350379462,0.19329285285178366
14.8989898989899,66.81818181818181,0.14294833804022553,0.3458555877389894,0.37423296877579393
14.8989898989899,67.02020202020202,0.19132035060909175,0.22528619420564777,0.2955627612823555
14.8989898989899,67.22222222222223,0.12823007678589415,0.23778246485755544,0.2701544987340594
14.8989898989899,67.42424242424242,-0.05876765971188855,0.15371680536009102,0.16456759729097473
14.8989898989899,67.62626262626263,0.14979014233232207,0.1434307522987539,0.2073872403136794
14.8989898989899,67.82828282828282,0.04446666215525426,0.2691252148663299,0.2727740187775914
14.8989898989899,68.03030303030303,0.061695113905104085,0.1605565508667601,0.17200201483120567
14.8989898989899,68.23232323232324,0.12016944977472405,0.05615093413864078,0.1326409592237703
14.8989898989899,68.43434343434343,0.07368597725591872,0.10577426778447237,0.12891011973270772
14.8989898989899,68.63636363636364,0.34665450594960134,0.11172529597717651,0.3642140692729344
14.8989898989899,68.83838383838383,0.13951384269517414,0.09172032114684872,0.1669632582781459
14.8989898989899,69.04040404040404,-0.7121309620153045,0.10887749871611282,0.7204060082949892
14.8989898989899,69.24242424242425,0.06667905023041085,0.027915992474275026,0.07228691704211374
14.8989898989899,69.44444444444444,0.0949017369997428,0.09157252835138673,0.1318782303271995
14.8989898989899,69.64646464646465,0.18603705131936296,0.08950941486420848,0.2064502841192917
14.8989898989899,69.84848484848484,0.1392896637051532,0.018848838380838458,0.14055920148962728
14.8989898989899,70.05050505050505,0.0559021641960888,-0.017214836875582756,0.058492756564034465
14.8989898989899,70.25252525252526,0.08139670764186242,-0.02484484104656879,0.08510399603757801
14.8989898989899,70.45454545454545,0.10135455428870718,-0.05802562862762095,0.11678920863116196
14.8989898989899,70.65656565656566,0.06271702657109188,0.09566747549302972,0.11439270645075447
14.8989898989899,70.85858585858585,0.16516885498540315,-0.10023131845488312,0.1932021424736106
14.8989898989899,71.06060606060606,0.14785814188414004,-0.03761238427934972,0.15256710514592572
14.8989898989899,71.26262626262626,0.11901624971407046,-0.08758736211268288,0.14777149149230448
14.8989898989899,71.46464646464646,0.19405260470621788,0.09917032530230521,0.2179246815159602
14.8989898989899,71.66666666666667,0.08890176427469616,0.062165443034408574,0.1084807171750719
14.8989898989899,71.86868686868686,0.20852065031592495,-0.04175577618732707,0.2126603076579699
14.8989898989899,72.07070707070707,0.10315592895443249,-0.029993815494650494,0.10742799749776154
14.8989898989899,72.27272727272727,0.13131623674948625,-0.044655685931798805,0.13870142147824793
14.8989898989899,72.47474747474747,0.12357897504354945,-0.06243610769377973,0.13845587967566952
14.8989898989899,72.67676767676768,0.03850832188614099,-0.012102203133878296,0.0403652595083978
14.8989898989899,72.87878787878788,0.20729523939549394,0.049792588914275876,0.21319150589744706
14.8989898989899,73.08080808080808,0.1831079667234128,0.06345037945045569,0.19378977818757434
14.8989898989899,73.28282828282828,0.5358546215182425,-0.008728870622307787,0.5359257118153596
14.8989898989899,73.48484848484848,0.24177392950826557,0.0176313659442389,0.24241596080895217
14.8989898989899,73.68686868686869,0.15970792179080295,0.10506664028273019,0.19116908532249102
14.8989898989899,73.88888888888889,0.1948150592748431,0.10407163420119339,0.2208705783158265
14.8989898989899,74.0909090909091,0.19748520374734033,0.003929776706899327,0.19752429937629096
14.8989898989899,74.29292929292929,0.29661949679834754,0.007202101705515359,0.2967069196191445
14.8989898989899,74.4949494949495,0.17118821581070287,0.06704279232212296,0.18384814721611717
14.8989898989899,74.6969696969697,0.2315500594218008,0.0077988060616911575,0.23168135745939367
14.8989898989899,74.8989898989899,0.2660662033292404,0.026897067486204858,0.2674222817818182
14.8989898989899,75.1010101010101,0.19933328131759115,0.03160008880708533,0.20182250284211029
14.8989898989899,75.3030303030303,0.1550441402960682,-0.2682464333598357,0.3098303317146655
14.8989898989899,75.5050505050505,0.6165896452101296,0.03303084132643813,0.6174737460484339
14.8989898989899,75.70707070707071,0.3354475299196213,0.23925499103310602,0.41202912040707373
14.8989898989899,75.9090909090909,0.2914151626043854,0.058229587394964394,0.2971758433048154
14.8989898989899,76.11111111111111,0.2842620555563007,-0.03321201984865269,0.2861956577090587
14.8989898989899,76.31313131313131,0.1129708314121042,-0.07460787936794278,0.13538369330803313
14.8989898989899,76.51515151515152,0.32852473991458664,-0.022410335196492957,0.32928821397002045
14.8989898989899,76.71717171717171,0.24469688416772623,-0.06328518634976162,0.25274805623924723
14.8989898989899,76.91919191919192,0.28179711055110435,-0.0923301128426285,0.29653745337222387
14.8989898989899,77.12121212121212,0.264851243376741,-0.1009186460217148,0.28342680577719154
14.8989898989899,77.32323232323232,0.33140456097124954,0.04145782589716834,0.33398762605920984
14.8989898989899,77.52525252525253,0.2893545091547398,-0.01934958464338197,0.29000075585082846
14.8989898989899,77.72727272727272,0.3985238051202449,-0.062109681217919724,0.4033346448651672
14.8989898989899,77.92929292929293,0.44964934789044403,-0.08042418495503795,0.4567850540286795
14.8989898989899,78.13131313131314,0.44251811630605725,-0.04294920226881284,0.4445974777645377
14.8989898989899,78.33333333333333,0.3309154323736212,0.0020229718775093466,0.33092161579177304
14.8989898989899,78.53535353535354,0.3871881736279165,0.02334156592749613,0.3878911064941671
14.8989898989899,78.73737373737373,0.4669109350274059,0.03584411866664569,0.4682847660250705
14.8989898989899,78.93939393939394,0.2304000159672277,-0.021759001580013124,0.23142519635393594
14.8989898989899,79.14141414141415,0.25397831758575923,0.04370619331703347,0.2577114998170603
14.8989898989899,79.34343434343434,0.31314186072330796,0.041261347236331146,0.3158485771901034
14.8989898989899,79.54545454545455,0.36144533809086804,0.10723712924041601,0.37701794959304996
14.8989898989899,79.74747474747474,0.33065023384724856,0.053216234460659276,0.33490527728510344
14.8989898989899,79.94949494949495,0.31818334671600546,0.08774912024153755,0.33006143402488203
14.8989898989899,80.15151515151516,0.3271950701530842,0.07791617448389651,0.33634438330182753
14.8989898989899,80.35353535353535,0.44710454526676396,0.09974295189641441,0.4580951111409182
14.8989898989899,80.55555555555556,0.36814133461691434,0.09408931730555406,0.37997479111718463
14.8989898989899,80.75757575757575,0.4177155088352618,0.057704583955847516,0.4216824223642944
14.8989898989899,80.95959595959596,0.296371510830218,0.12139804392411287,0.3202710687845327
14.8989898989899,81.16161616161617,0.22117407872874556,0.23716049417001844,0.32428856454780625
14.8989898989899,81.36363636363636,0.2756108819113831,0.12994540839374294,0.3047083316724159
14.8989898989899,81.56565656565657,0.26505436776007135,0.23321656128469392,0.35304926331342
14.8989898989899,81.76767676767676,0.19038649267933086,0.19922675017348251,0.2755690740620655
14.8989898989899,81.96969696969697,0.2276110937759834,0.12184485667360703,0.25817238254257824
14.8989898989899,82.17171717171718,0.17567718561266937,0.1198849482981825,0.2126849180671873
14.8989898989899,82.37373737373737,0.27439917442556455,0.14216228214421092,0.3090388671184931
14.8989898989899,82.57575757575758,0.23379685690729124,0.09164278716668149,0.251116249453129
14.8989898989899,82.77777777777777,0.14989825662797224,0.20765373233238635,0.2561045877989611
14.8989898989899,82.97979797979798,0.1313057188405123,0.14849929108468493,0.19822520337453975
14.8989898989899,83.18181818181819,0.22994136026656253,0.1201129843574795,0.25942274027636286
14.8989898989899,83.38383838383838,-0.0537956132690765,0.17622702101709334,0.18425507033336994
14.8989898989899,83.58585858585859,0.09432936289337943,0.06480598592017942,0.1144458147550943
14.8989898989899,83.78787878787878,0.09573149784783787,0.16555365562011473,0.19123946394343957
14.8989898989899,83.98989898989899,0.14643739989478813,0.12325767808899395,0.1914062885483028
14.8989898989899,84.1919191919192,0.09426801743887353,0.18513251180269497,0.20775106747795727
14.8989898989899,84.39393939393939,0.3860555191916973,0.1181190929120433,0.4037214188134373
14.8989898989899,84.5959595959596,0.05202656562867098,0.08279901285071067,0.09778772959920157
14.8989898989899,84.79797979797979,0.08206432650931215,0.060705943061491616,0.10207725117974159
14.8989898989899,85.0,0.04292325724607222,0.15820154996414315,0.1639211286676302
15.1010101010101,65.0,0.21312758090637673,0.1983802817501093,0.2911667940034662
15.1010101010101,65.20202020202021,0.15223169566026792,0.2037813669520237,0.25436457041112426
15.1010101010101,65.4040404040404,0.19113071858494243,0.10962932988492013,0.2203396050595832
15.1010101010101,65.60606060606061,0.16875368654090706,0.2751325707924151,0.3227626654865616
15.1010101010101,65.8080808080808,0.044727498657905776,0.3279116747513166,0.3309480557042241
15.1010101010101,66.01010101010101,0.08202472245918065,0.19731736463591326,0.21368714861069105
15.1010101010101,66.21212121212122,0.09250717017279171,0.1793774210073595,0.2018262512673447
15.1010101010101,66.41414141414141,0.21600047527909286,0.18439263726793073,0.2840014964739036
15.1010101010101,66.61616161616162,0.07307836230921716,0.2820901236795325,0.2914022733530594
15.1010101010101,66.81818181818181,0.17244466843454143,0.22468583037554013,0.2832329183605693
15.1010101010101,67.02020202020202,0.23114255280640078,0.03331760781062752,0.23353145978236542
15.1010101010101,67.22222222222223,0.30573808578412576,0.1953838116636692,0.36283689305136213
15.1010101010101,67.42424242424242,0.10202688729954705,0.2084957465576691,0.2321205765645826
15.1010101010101,67.62626262626263,0.11419460671906638,0.2092903639510081,0.23841741682701723
15.1010101010101,67.82828282828282,0.09342376127939933,0.18359505323703162,0.2059979192727409
15.1010101010101,68.03030303030303,0.23658303226540117,0.15712046278581498,0.2840041742332681
15.1010101010101,68.23232323232324,0.47982094366037814,0.13968798950642783,0.4997408052055422
15.1010101010101,68.43434343434343,0.18463409903254852,-0.027271143878186042,0.18663725730407005
15.1010101010101,68.63636363636364,0.16895121030975296,0.1287371011530639,0.21240939875256126
15.1010101010101,68.83838383838383,0.2123483762488782,0.10520006535123555,0.23697866284845007
15.1010101010101,69.04040404040404,0.34689146965127576,0.2552191969659627,0.43066289626199844
15.1010101010101,69.24242424242425,0.13723802248630573,0.1305798177010272,0.18943432531298346
15.1010101010101,69.44444444444444,0.09313891736812979,0.056453633268300864,0.10891221528230483
15.1010101010101,69.64646464646465,0.09383812953957839,0.016234016849695956,0.0952320211828086
15.1010101010101,69.84848484848484,0.16320363291643916,0.002817397477551847,0.16322794958483774
15.1010101010101,70.05050505050505,0.15775763134140358,0.056659901148291135,0.16762402764694662
15.1010101010101,70.25252525252526,0.13537155558637562,-0.05656897267731131,0.14671573443786315
15.1010101010101,70.45454545454545,0.3366223587011208,-0.05313089195575944,0.3407895304400072
15.1010101010101,70.65656565656566,0.11704753277323202,-0.2805890924506673,0.3040236236390027
15.1010101010101,70.85858585858585,0.24864632277400134,0.034117579652155755,0.2509761005959612
15.1010101010101,71.06060606060606,0.1528533840371749,-0.04306452449749485,0.1588039995775025
15.1010101010101,71.26262626262626,0.22945776921847577,-0.03301229433223811,0.23182036026155597
15.1010101010101,71.46464646464646,0.14452106028391867,0.054004127084218895,0.1542815044252438
15.1010101010101,71.66666666666667,0.13670520167839417,-0.048495602940882426,0.14505218257761635
15.1010101010101,71.86868686868686,0.18403042877401518,-0.0359361757942177,0.18750628641584471
15.1010101010101,72.07070707070707,0.19645723343620855,-0.055305201130024746,0.2040933850996681
15.1010101010101,72.27272727272727,0.12336769063089777,0.09192916766575106,0.1538523934143329
15.1010101010101,72.47474747474747,0.13425489846358662,-0.021793404570063242,0.13601224299386583
15.1010101010101,72.67676767676768,0.30276917524773905,0.009965883816738252,0.30293314826945705
15.1010101010101,72.87878787878788,0.14333030807058603,-0.01956736169055373,0.14465980386803395
15.1010101010101,73.08080808080808,0.10019787498190827,0.0657135093422213,0.11982436922830149
15.1010101010101,73.28282828282828,0.17979006775289216,0.045478493911256336,0.18545285619538388
15.1010101010101,73.48484848484848,0.25766344017675413,-0.04465170599754753,0.2615037729215607
15.1010101010101,73.68686868686869,0.09762048951317835,0.10301566592176417,0.1419224696730475
15.1010101010101,73.88888888888889,0.12652964259631322,0.11497397513543794,0.17096422261395822
15.1010101010101,74.0909090909091,0.27563793120537405,0.06023382065793942,0.28214248575893586
15.1010101010101,74.29292929292929,0.43408383471197937,0.05764916124913071,0.43789519448263564
15.1010101010101,74.4949494949495,0.22827141395568978,0.08200081582607664,0.24255302971818765
15.1010101010101,74.6969696969697,0.30617992366322416,0.0005956579791453788,0.3061805030743236
15.1010101010101,74.8989898989899,0.2954687569992982,0.010909132820171401,0.2956700788744077
15.1010101010101,75.1010101010101,0.19912088022271812,-0.051177517170361786,0.20559246874434076
15.1010101010101,75.3030303030303,0.25856648463604365,0.05072097920546322,0.2634942972980676
15.1010101010101,75.5050505050505,0.339771823767118,0.04522537517083033,0.3427684740249253
15.1010101010101,75.70707070707071,0.22794082584325023,-0.06488364902565982,0.23699558645043992
15.1010101010101,75.9090909090909,0.3343355388514091,-0.0018369188710938575,0.3343405850476443
15.1010101010101,76.11111111111111,0.3683844287409968,-0.026738234848371893,0.36935351702892616
15.1010101010101,76.31313131313131,0.3003783262284838,0.003119753396536487,0.3003945267961463
15.1010101010101,76.51515151515152,0.776115673456088,-0.056910359442987155,0.7781994137726698
15.1010101010101,76.71717171717171,0.3171192654018735,-0.0449956554622784,0.32029554711157626
15.1010101010101,76.91919191919192,0.41563210311318805,-0.07040773787897486,0.4215534304112899
15.1010101010101,77.12121212121212,0.3681779602742688,-0.06718392296229246,0.3742575182094867
15.1010101010101,77.32323232323232,0.3995348821954728,-0.17005903667914196,0.4342213698647132
15.1010101010101,77.52525252525253,0.27917940866564583,-0.10903633551905853,0.2997166406563446
15.1010101010101,77.72727272727272,0.4395190608267289,-0.06251038629898659,0.4439420606624905
15.1010101010101,77.92929292929293,0.22886909082623758,-0.022724179727515774,0.22999445445470423
15.1010101010101,78.13131313131314,0.24825333601369043,-0.0449422024293477,0.25228856573599756
15.1010101010101,78.33333333333333,0.4915871175531508,-0.022364911816170875,0.49209560394781054
15.1010101010101,78.53535353535354,0.40584425176560923,0.005353259463343455,0.40587955612234167
15.1010101010101,78.73737373737373,0.38625376619491864,-0.08457404753783046,0.39540452882673216
15.1010101010101,78.93939393939394,0.29501354104645655,-0.029655956223526306,0.2965003627996111
15.1010101010101,79.14141414141415,0.2253940513138323,-0.06695528413525957,0.23512866358931192
15.1010101010101,79.34343434343434,0.33503775334873875,0.03013038892718727,0.33638985791173
15.1010101010101,79.54545454545455,0.24946248521297293,0.05723541146890542,0.2559441811306669
15.1010101010101,79.74747474747474,0.2684260280139659,0.05869994799140059,0.2747693876863788
15.1010101010101,79.94949494949495,0.3580741844710733,0.13958706666276546,0.3843197506818243
15.1010101010101,80.15151515151516,0.35879766166301535,0.06116846258441254,0.3639743711166877
15.1010101010101,80.35353535353535,0.338771062950892,0.1058939524063806,0.3549357156572469
15.1010101010101,80.55555555555556,0.37315833091856465,0.17129127788715454,0.4105944980319919
15.1010101010101,80.75757575757575,0.3656078969810879,0.14888935131026027,0.3947621730466635
15.1010101010101,80.95959595959596,0.2770277073221964,0.12009026891193435,0.3019371181413991
15.1010101010101,81.16161616161617,0.17281440314233304,0.12166974882128816,0.21134887203786104
15.1010101010101,81.36363636363636,0.220819828619148,0.36313247665306625,0.42500187330361217
15.1010101010101,81.56565656565657,0.11149537929269075,0.15371367340878953,0.1898923721386538
15.1010101010101,81.76767676767676,0.2516006360306742,0.15164503820315922,0.29376708063136925
15.1010101010101,81.96969696969697,0.22440018839217804,0.16713577820662434,0.2798031681507179
15.1010101010101,82.17171717171718,0.32682598422478026,0.13639121652830996,0.3541437390531825
15.1010101010101,82.37373737373737,0.27254218548426407,0.14480462297262686,0.3086221341750841
15.1010101010101,82.57575757575758,0.19261409805409607,0.09548030053338337,0.21498064694092384
15.1010101010101,82.77777777777777,0.11781492167279184,0.050515407389151515,0.12818799535236527
15.1010101010101,82.97979797979798,0.28610057997675603,0.05458286462757277,0.2912607611299334
15.1010101010101,83.18181818181819,0.24784830006282707,0.17507661905750505,0.30344785776907357
15.1010101010101,83.38383838383838,0.1664855101230352,0.13828610630201713,0.21642659789660795
15.1010101010101,83.58585858585859,0.06535476778252973,0.11109446380470259,0.12889230217496606
15.1010101010101,83.78787878787878,0.14314448209898897,0.016401538494711366,0.14408106475308013
15.1010101010101,83.98989898989899,0.006423075005641474,0.09154764216842719,0.09177269026854604
15.1010101010101,84.1919191919192,0.1999875570448469,0.10354855163347726,0.22520507436147347
15.1010101010101,84.39393939393939,0.13116601073223652,0.14650547146507087,0.19664276122098134
15.1010101010101,84.5959595959596,0.07361908788922218,0.10324686027490915,0.1268056948968288
15.1010101010101,84.79797979797979,0.14225155166836234,0.1276103810492965,0.191101840136623
15.1010101010101,85.0,0.13172656484380424,0.10292183324477272,0.16716695739294224
15.303030303030303,65.0,0.17263543501262757,0.1108060924468275,0.20513649978815093
15.303030303030303,65.20202020202021,0.17493018385705977,0.20495041902618433,0.26945360172629584
15.303030303030303,65.4040404040404,0.07518750491229123,0.100104890750811,0.12519644582482214
15.303030303030303,65.60606060606061,0.23451336084320468,0.16955434327547833,0.2893876150382975
15.303030303030303,65.8080808080808,0.38041719347234654,0.18279191567644618,0.42205464755886973
15.303030303030303,66.01010101010101,0.2314552670321614,0.12758957281108907,0.26429271599316795
15.303030303030303,66.21212121212122,0.12452870614068998,0.16197907345465734,0.20431499918093043
15.303030303030303,66.41414141414141,0.23146945994530344,0.14999405888583944,0.2758193767457593
15.303030303030303,66.61616161616162,0.16446663971550365,0.16235055363960707,0.2310994977199133
15.303030303030303,66.81818181818181,0.27093077409896654,0.2632866268064214,0.3777874166895571
15.303030303030303,67.02020202020202,0.16277870351827994,0.1378849108541715,0.21332874855573242
15.303030303030303,67.22222222222223,0.0816647539534208,0.21555380386888032,0.23050504202862132
15.303030303030303,67.42424242424242,0.18783987562292617,0.16825689330965113,0.25217890677106936
15.303030303030303,67.62626262626263,0.17096455972225907,0.14833991300195112,0.22634842714375622
15.303030303030303,67.82828282828282,0.0840202711832643,0.19293419336169687,0.21043528444117424
15.303030303030303,68.03030303030303,0.18570522477109735,0.084453505886068,0.2040069243033969
15.303030303030303,68.23232323232324,0.00630151619630288,0.04178497756735268,0.04225746628320768
15.303030303030303,68.43434343434343,0.10089120691074642,0.1504486571418753,0.18114589166663592
15.303030303030303,68.63636363636364,0.30789594989756996,0.0906282711016887,0.3209570056661921
15.303030303030303,68.83838383838383,0.1574489523994032,0.0872399042471528,0.1800027041594707
15.303030303030303,69.04040404040404,0.3576078597173114,0.10955338462128127,0.3740124669226611
15.303030303030303,69.24242424242425,0.2697057594963102,0.06316762018865255,0.2770042327217752
15.303030303030303,69.44444444444444,0.08377716135871321,-0.04837268614493391,0.09673949312561107
15.303030303030303,69.64646464646465,0.2713326299452436,0.05278035364944303,0.2764184541675226
15.303030303030303,69.84848484848484,0.24776663190661294,0.013354773303149103,0.2481262861051314
15.303030303030303,70.05050505050505,0.11112923160391873,-0.026147986892972087,0.11416401944322234
15.303030303030303,70.25252525252526,0.2535998534417278,-0.02608548012040081,0.25493790996785404
15.303030303030303,70.45454545454545,0.11946828174631177,-0.04942547701331541,0.1292886233255266
15.303030303030303,70.65656565656566,0.25433701298658445,-0.08539686265393615,0.26829077570068127
15.303030303030303,70.85858585858585,0.2313116705149257,0.04431367346051705,0.23551813215115922
15.303030303030303,71.06060606060606,0.13398903524472738,-0.027338442241741596,0.13674959594096736
15.303030303030303,71.26262626262626,0.19745714188792257,-0.033635294140776345,0.2003014126123022
15.303030303030303,71.46464646464646,0.17733215817773434,-0.013494830650962889,0.1778448896602631
15.303030303030303,71.66666666666667,0.27265698672892313,-0.06114223203663674,0.2794283538771935
15.303030303030303,71.86868686868686,0.16491691731862226,-0.11698243812500783,0.20219416521637953
15.303030303030303,72.07070707070707,0.22429267116150745,-0.0706409056207318,0.23515386427545953
15.303030303030303,72.27272727272727,0.17024943739631643,-0.08119898907082138,0.1886217027806865
15.303030303030303,72.47474747474747,0.15398569741629314,-0.15557787602848655,0.21889739723970525
15.303030303030303,72.67676767676768,0.3540512434322012,0.01766316361815709,0.3544915659432387
15.303030303030303,72.87878787878788,0.2611283782265876,-0.05791633756712699,0.2674739839170105
15.303030303030303,73.08080808080808,0.14894054299508072,0.06369652868576799,0.16198929938204668
15.303030303030303,73.28282828282828,0.16783534781156542,-0.0034790222477809173,0.16787140188498365
15.303030303030303,73.48484848484848,0.15315602400179623,0.010519483382077787,0.15351686297819075
15.303030303030303,73.68686868686869,0.34745144969485553,0.05965430285294755,0.35253531134331484
15.303030303030303,73.88888888888889,0.25282619439061704,0.06418976713771136,0.2608474856601759
15.303030303030303,74.0909090909091,0.22038612992828838,0.03085754352187553,0.22253591677968043
15.303030303030303,74.29292929292929,0.2583410571675393,-0.02896999057533224,0.2599603088403625
15.303030303030303,74.4949494949495,0.2779658916699639,0.06524472064526772,0.2855204204675335
15.303030303030303,74.6969696969697,0.29140157915658566,0.021973381391666214,0.29222886548856786
15.303030303030303,74.8989898989899,0.35388761644100114,-0.006954076399575033,0.35395593546211973
15.303030303030303,75.1010101010101,0.45943494346769104,0.051730250441965595,0.4623380647209885
15.303030303030303,75.3030303030303,0.3088301665104476,0.045860971630707875,0.31221675237850927
15.303030303030303,75.5050505050505,0.24705233130126905,0.05874162865824607,0.25393982227845885
15.303030303030303,75.70707070707071,0.3030395526394736,0.012607630881008332,0.30330170263347356
15.303030303030303,75.9090909090909,0.3484545925539934,-0.012293936984072336,0.3486713982513305
15.303030303030303,76.11111111111111,0.3470119594422319,-0.009180519551652172,0.34713337773134906
15.303030303030303,76.31313131313131,0.21666762910970408,0.043522779025300266,0.22099568728394997
15.303030303030303,76.51515151515152,0.3266913133046168,-0.06366762112364185,0.33283746809552395
15.303030303030303,76.71717171717171,0.32311237248588137,-0.1092154265060635,0.34107127501499784
15.303030303030303,76.91919191919192,0.3327821538765767,-0.04711238090096581,0.3361004885043925
15.303030303030303,77.12121212121212,0.3446425808143333,-0.08947155733393473,0.3560669432594436
15.303030303030303,77.32323232323232,0.46961802520928086,-0.05102390788522476,0.4723817616899965
15.303030303030303,77.52525252525253,0.35993100744849094,-0.12947660973778552,0.3825108136929941
15.303030303030303,77.72727272727272,0.2356980497299572,-0.048667280661914177,0.2406700539193252
15.303030303030303,77.92929292929293,0.40782895412895404,0.04131044578424642,0.409915855703106
15.303030303030303,78.13131313131314,0.35530516904192816,-0.02048979720905123,0.35589548316546693
15.303030303030303,78.33333333333333,0.2859082216058285,-0.027045406955312018,0.28718454906067975
15.303030303030303,78.53535353535354,0.37343902998962814,-0.06308129787722708,0.37872940110515557
15.303030303030303,78.73737373737373,0.32415981234100244,-0.0872164422306979,0.3356877890724275
15.303030303030303,78.93939393939394,0.32476741843221363,0.07023658359151136,0.3322755689931655
15.303030303030303,79.14141414141415,0.2982185026984784,-0.00495253866052129,0.29825962346738505
15.303030303030303,79.34343434343434,0.2833088053271218,0.06946166629204466,0.2916998496056321
15.303030303030303,79.54545454545455,0.31995216490950995,0.14411178608588518,0.3509096674632179
15.303030303030303,79.74747474747474,0.3610991196631002,0.04702218838815164,0.36414785516638265
15.303030303030303,79.94949494949495,0.3858532520126975,0.090888882177289,0.3964133209066155
15.303030303030303,80.15151515151516,0.2265374424429036,-0.11416335575061763,0.25367791513021776
15.303030303030303,80.35353535353535,0.27482229579290407,0.035953592289483326,0.2771641301889565
15.303030303030303,80.55555555555556,0.3453137506169069,0.1913798161532932,0.3948009883422073
15.303030303030303,80.75757575757575,0.23925157762391433,0.07743062079691918,0.2514693190680092
15.303030303030303,80.95959595959596,0.19611498408842454,0.23178709769129496,0.303622044061621
15.303030303030303,81.16161616161617,0.23320888556332642,0.1091318344738403,0.2574803712932587
15.303030303030303,81.36363636363636,0.3497078704126316,0.11038707292336002,0.36671637609619395
15.303030303030303,81.56565656565657,0.30700236523229973,0.18140851234355612,0.3565943081555404
15.303030303030303,81.76767676767676,0.13277288931303388,0.08006602242338401,0.15504582575236578
15.303030303030303,81.96969696969697,0.2530937177214611,0.1450391757979521,0.29170668910091846
15.303030303030303,82.17171717171718,0.20100361081384516,0.17238925923148374,0.26480277237707206
15.303030303030303,82.37373737373737,0.19219056545436708,0.12597013595323156,0.2297948837588535
15.303030303030303,82.57575757575758,0.19021579251559712,0.11579527870091709,0.22268945707365617
15.303030303030303,82.77777777777777,0.19482490156793003,0.15707504432947259,0.2502584900099483
15.303030303030303,82.97979797979798,0.2438827732051181,0.1981029316124535,0.3142030849302207
15.303030303030303,83.18181818181819,0.2144383391470666,0.05447333079640139,0.22124905664026348
15.303030303030303,83.38383838383838,0.18521462874016756,0.16709745227553505,0.2494514326604135
15.303030303030303,83.58585858585859,-0.19549425328867578,0.11725506895666764,0.22796217726835696
15.303030303030303,83.78787878787878,0.1260190345527321,0.09688368947880469,0.1589567436651498
15.303030303030303,83.98989898989899,0.16787543901815266,0.17915335050978148,0.24551595879783072
15.303030303030303,84.1919191919192,0.13951036423193822,0.12416230582267684,0.18676032746633317
15.303030303030303,84.39393939393939,0.17385505824355293,0.13504671800384707,0.22014358341882184
15.303030303030303,84.5959595959596,0.12323492605823952,0.2904009539703104,0.31546721076436157
15.303030303030303,84.79797979797979,0.21608050665674447,0.09796332797673334,0.23725007689211064
15.303030303030303,85.0,0.1531028363748573,0.20869028660724795,0.25882834896943113
15.505050505050505,65.0,0.17681384535513578,0.02727409750338243,0.1789050371115746
15.505050505050505,65.20202020202021,0.12135157799684686,0.12323263529630356,0.17295227053842505
15.505050505050505,65.4040404040404,0.2728027789399545,0.23630375040947715,0.36091663671123025
15.505050505050505,65.60606060606061,0.22189636686396802,-0.02347229095817588,0.22313436774789747
15.505050505050505,65.8080808080808,0.06265505114806404,0.10902885573070481,0.12574954002426159
15.505050505050505,66.01010101010101,0.28804535761821815,0.20094355232407998,0.35120996464512144
15.505050505050505,66.21212121212122,-0.04040425907506304,0.1938924057875114,0.19805748956672606
15.505050505050505,66.41414141414141,0.20044797919556728,0.17878887979165087,0.2685979447068424
15.505050505050505,66.61616161616162,0.3093427211320002,0.19351367908820272,0.3648841776668349
15.505050505050505,66.81818181818181,0.20158301914546978,0.10069309694840667,0.22533267268832555
15.505050505050505,67.02020202020202,0.21805528647939024,0.19659996567571328,0.29359777666954595
15.505050505050505,67.22222222222223,0.1303858033066611,0.19469734854754112,0.23432352684987914
15.505050505050505,67.42424242424242,0.24933528665072027,0.1358597595457683,0.2839471067523507
15.505050505050505,67.62626262626263,0.25938330041270913,0.17473092210053734,0.3127468491785229
15.505050505050505,67.82828282828282,-0.2518180304921541,0.19207731900460887,0.31671125170562814
15.505050505050505,68.03030303030303,0.21173745538700015,0.16766665281666548,0.2700830547822394
15.505050505050505,68.23232323232324,0.947520833014761,0.17478853068413341,0.9635075295272502
15.505050505050505,68.43434343434343,0.17228476035772283,0.17671247207756058,0.2467981694407003
15.505050505050505,68.63636363636364,0.2798805430962143,0.0942916066669471,0.2953371386935042
15.505050505050505,68.83838383838383,0.19255887097704466,0.15617651647980194,0.24793148870548892
15.505050505050505,69.04040404040404,0.21313756129485684,0.12691406375545,0.24806208822317302
15.505050505050505,69.24242424242425,0.26385715464531656,-0.1429442018016282,0.3000893914923137
15.505050505050505,69.44444444444444,0.22222856932608417,0.058984767862204836,0.22992333475416626
15.505050505050505,69.64646464646465,0.23809374595466715,0.009164670384373304,0.2382700632601162
15.505050505050505,69.84848484848484,0.21989650936773678,0.04112468297206509,0.2237089948608862
15.505050505050505,70.05050505050505,0.19789910019510332,0.019362403006682467,0.1988440507237386
15.505050505050505,70.25252525252526,0.20699827583461927,0.0002709784192118283,0.20699845320148844
15.505050505050505,70.45454545454545,0.2902760165637761,-0.164434553426405,0.3336148799928967
15.505050505050505,70.65656565656566,0.22025791807578077,0.003596740081938707,0.2202872829155019
15.505050505050505,70.85858585858585,0.21020271764849913,0.010700218339630101,0.21047488491345093
15.505050505050505,71.06060606060606,0.1994344283978521,0.007427591557546508,0.1995726943916019
15.505050505050505,71.26262626262626,0.3385143408671207,-0.09943444401196336,0.352816053530263
15.505050505050505,71.46464646464646,0.2654633831350334,0.014969797050945543,0.265885130477889
15.505050505050505,71.66666666666667,0.2594372433167276,-0.039938809487001736,0.2624934127231042
15.505050505050505,71.86868686868686,0.17379862788583256,0.06643137191905166,0.18606206015747934
15.505050505050505,72.07070707070707,0.09327466216155253,-0.014374582458925395,0.09437579786269468
15.505050505050505,72.27272727272727,0.18528881068844494,0.07682731081732873,0.20058509180335618
15.505050505050505,72.47474747474747,-0.03238275960948912,0.04608469016234509,0.05632443330638407
15.505050505050505,72.67676767676768,0.24298575534907516,0.04895898019246952,0.24786903607358307
15.505050505050505,72.87878787878788,0.2705089238865182,-3.2135430536447615e-05,0.2705089257953016
15.505050505050505,73.08080808080808,0.29092600244990674,-0.08185540551358765,0.3022221803793974
15.505050505050505,73.28282828282828,0.23321904233861734,0.05901509168946256,0.2405699539769201
15.505050505050505,73.48484848484848,0.3586413484854554,-0.020277684036664148,0.35921414408867125
15.505050505050505,73.68686868686869,0.11746255751493054,-0.03252552463961221,0.12188257533802929
15.505050505050505,73.88888888888889,0.2176896055722837,0.041178739879738316,0.22155011395235075
15.505050505050505,74.0909090909091,0.24784547176819896,0.040595791188850996,0.25114815575323246
15.505050505050505,74.29292929292929,0.19039099908117926,0.014518243493440676,0.190943740209687
15.505050505050505,74.4949494949495,0.33591889213620857,0.005078005394906104,0.3359572714391049
15.505050505050505,74.6969696969697,0.3773271599388174,0.11886756789007856,0.3956074876991035
15.505050505050505,74.8989898989899,0.2987470049669403,0.03753099775591852,0.3010952486660522
15.505050505050505,75.1010101010101,0.3806800773144189,0.07987586041979226,0.3889697601895475
15.505050505050505,75.3030303030303,0.1815928971598608,-0.03799764581088814,0.18552574318967566
15.505050505050505,75.5050505050505,0.31011137845749276,-0.01765743479765614,0.31061367009911167
15.505050505050505,75.70707070707071,0.3538412024397454,0.04323474600426259,0.3564727756870894
15.505050505050505,75.9090909090909,0.40390686593652625,-0.018261949096744376,0.4043194963583615
15.505050505050505,76.11111111111111,0.2695306641341809,0.03711176722307856,0.27207363373732596
15.505050505050505,76.31313131313131,0.4939691414782952,0.11575433232758296,0.507350547634876
15.505050505050505,76.51515151515152,0.23757543885010687,-0.010098503125858783,0.23778996806047947
15.505050505050505,76.71717171717171,0.35224917319215265,-0.014230197134257216,0.35253649247281477
15.505050505050505,76.91919191919192,0.24134742994268465,-0.03809724734601093,0.24433579802248015
15.505050505050505,77.12121212121212,0.33489423670362906,-0.07194847422230513,0.34253573933273596
15.505050505050505,77.32323232323232,0.3856318730978784,-0.08190308264353223,0.39423350503919813
15.505050505050505,77.52525252525253,0.37621756616499386,-0.06010523938967678,0.38098857842880524
15.505050505050505,77.72727272727272,0.2381427613929455,-0.04178790029557582,0.24178131320466095
15.505050505050505,77.92929292929293,0.19512790953848758,-0.09209191865992171,0.21576798317481172
15.505050505050505,78.13131313131314,0.37262442103464793,-0.13418972598615872,0.3960503019966617
15.505050505050505,78.33333333333333,0.3588970669352159,-0.04733908125616703,0.362005653642148
15.505050505050505,78.53535353535354,0.2742227213818673,-0.12701021534549706,0.30220803385116485
15.505050505050505,78.73737373737373,0.37109257836053194,-0.0871893991347313,0.38119770859193663
15.505050505050505,78.93939393939394,0.2561148834523428,0.08072157946246715,0.26853455441846313
15.505050505050505,79.14141414141415,0.23683867838208578,0.19372420378086047,0.30597651332790465
15.505050505050505,79.34343434343434,0.24054017010955053,0.0727916680809517,0.2513129530651752
15.505050505050505,79.54545454545455,0.2809852545961933,0.09731864785966224,0.2973611146766176
15.505050505050505,79.74747474747474,0.1887879029090562,0.006373928818508963,0.18889547176516075
15.505050505050505,79.94949494949495,0.2759739331292013,0.13703369630943713,0.3081231015211744
15.505050505050505,80.15151515151516,0.5629775155468119,0.09290863606312628,0.5705924094012916
15.505050505050505,80.35353535353535,0.07827781131194839,0.14170690853514017,0.16188966511292677
15.505050505050505,80.55555555555556,0.2770462217186196,0.1382449443959546,0.3096227924743318
15.505050505050505,80.75757575757575,0.24643042912302715,0.026308637811406285,0.24783079070456734
15.505050505050505,80.95959595959596,0.25684361250500176,0.18025451399779124,0.313783892354594
15.505050505050505,81.16161616161617,0.33993054835049524,0.1331673672793858,0.36508399774571226
15.505050505050505,81.36363636363636,0.19493641021618374,0.10218073940560574,0.22009340638340025
15.505050505050505,81.56565656565657,0.22232367255404575,0.17303529196132647,0.281725092318842
15.505050505050505,81.76767676767676,0.13797344690006808,0.09257561966054483,0.1661532948966699
15.505050505050505,81.96969696969697,0.3579554442485017,0.15516918052305334,0.3901404550304135
15.505050505050505,82.17171717171718,0.10393404501287723,0.14134315205027553,0.1754427893766116
15.505050505050505,82.37373737373737,0.1615926982173114,0.12757959159001706,0.2058852891962576
15.505050505050505,82.57575757575758,0.6209648185863208,0.11819355283650965,0.6321131400738788
15.505050505050505,82.77777777777777,0.1982073899205904,-0.041702270536378976,0.20254690515291093
15.505050505050505,82.97979797979798,0.13499905970604795,0.13495088804000516,0.19088344167135898
15.505050505050505,83.18181818181819,0.22067462017998876,0.017980544336515917,0.2214059348035181
15.505050505050505,83.38383838383838,0.05575006107994507,0.11382005237222757,0.12674018160170922
15.505050505050505,83.58585858585859,0.1185154321407103,0.060450268920960296,0.1330418831350328
15.505050505050505,83.78787878787878,0.2692922163654857,0.15403176065936328,0.310232301810851
15.505050505050505,83.98989898989899,0.13793440640087812,0.12832831018960683,0.1883986615273117
15.505050505050505,84.1919191919192,0.22878664482267186,0.14770284297763864,0.27232234332293115
15.505050505050505,84.39393939393939,0.10032481457467368,0.15507223808841533,0.1846956075416869
15.505050505050505,84.5959595959596,0.2701611384155022,0.11916658884845518,0.2952756620646831
15.505050505050505,84.79797979797979,0.28810603556756753,0.25572432635851405,0.38522723011487164
15.505050505050505,85.0,0.10485154929368715,0.061288573826079884,0.12145014067888663
15.707070707070708,65.0,0.09678680491285913,0.15565031617845093,0.18328858811091212
15.707070707070708,65.20202020202021,0.5211411265928898,0.15556826665332554,0.5438653872200607
15.707070707070708,65.4040404040404,0.0731056257552087,0.13569674172802113,0.15413642733845204
15.707070707070708,65.60606060606061,0.11291559322016688,0.0246793895725754,0.11558115530629177
15.707070707070708,65.8080808080808,0.13379954563437454,0.19063227985826792,0.23290123343581945
15.707070707070708,66.01010101010101,0.32966938178499466,0.23807884261624282,0.4066490336739905
15.707070707070708,66.21212121212122,0.14447477775477174,0.1935266845896952,0.24150680954285753
15.707070707070708,66.41414141414141,0.266157102831741,0.08385689444879384,0.2790548013103915
15.707070707070708,66.61616161616162,0.4138739346075446,0.30187292635407326,0.5122683841631278
15.707070707070708,66.81818181818181,0.3044864405361043,0.1342917181166522,0.3327856036926311
15.707070707070708,67.02020202020202,0.1008779078084319,0.1072851246723098,0.14726320062989104
15.707070707070708,67.22222222222223,0.3546126667512907,0.171044939604488,0.393708667398579
15.707070707070708,67.42424242424242,0.22975830920588164,0.16472197060584937,0.282705161342024
15.707070707070708,67.62626262626263,0.3283359432290933,0.20558253417541658,0.3873869770321722
15.707070707070708,67.82828282828282,0.27187932579465773,0.1386537039521326,0.3051937375081659
15.707070707070708,68.03030303030303,0.15824223419709724,0.12879207143882968,0.2040294154017836
15.707070707070708,68.23232323232324,0.2749260518222982,0.1606566971961832,0.318425671585353
15.707070707070708,68.43434343434343,0.20992177243932403,0.16106343121957908,0.2645913441900385
15.707070707070708,68.63636363636364,0.32683501365126505,0.15218244645982712,0.36052825570115965
15.707070707070708,68.83838383838383,0.3195470204810738,0.12671749794031456,0.34375517826293966
15.707070707070708,69.04040404040404,0.30835932808790534,0.06078689391397696,0.31429368700394467
15.707070707070708,69.24242424242425,0.2190700145424999,-0.012558747333081108,0.21942970037400883
15.707070707070708,69.44444444444444,0.2254856011449118,0.12035971974252993,0.2555977669311346
15.707070707070708,69.64646464646465,0.1462944740699364,-0.009012913771118696,0.14657184503868712
15.707070707070708,69.84848484848484,0.25061507726843485,0.047696077314575515,0.2551133723375973
15.707070707070708,70.05050505050505,0.3556452394854443,-0.028134303189782685,0.3567563249399142
15.707070707070708,70.25252525252526,0.21303906677296353,0.011397825835585356,0.21334374704985742
15.707070707070708,70.45454545454545,0.26801136720669433,-0.03744485677657394,0.27061450487920946
15.707070707070708,70.65656565656566,0.24682170121242952,-0.08685721384838392,0.2616584181464486
15.707070707070708,70.85858585858585,0.26392428024635295,-0.04281351923842119,0.2673743127773012
15.707070707070708,71.06060606060606,0.25568822792453283,-0.021145358246140222,0.2565610961828497
15.707070707070708,71.26262626262626,0.3023121636262747,-0.0726247960898704,0.31091317965550247
15.707070707070708,71.46464646464646,0.32916071936547864,-0.012386687255697134,0.32939369938474816
15.707070707070708,71.66666666666667,0.2690048581856015,0.02385769749274648,0.27006074031060306
15.707070707070708,71.86868686868686,0.22760657852507807,-0.07395975546356756,0.23932154106165046
15.707070707070708,72.07070707070707,0.35280207523458,-0.021603308721658908,0.3534628795751395
15.707070707070708,72.27272727272727,0.2877894110719886,-0.024700497743326458,0.2888474679029229
15.707070707070708,72.47474747474747,0.2906490234049799,0.008900233078856519,0.29078526261680887
15.707070707070708,72.67676767676768,0.1651330065802772,-0.023779448271030214,0.1668363630097362
15.707070707070708,72.87878787878788,0.2172791386872867,-0.07174228027682633,0.22881691128063036
15.707070707070708,73.08080808080808,0.21882581764248613,0.026598831821658307,0.2204364677660651
15.707070707070708,73.28282828282828,0.2654300482992598,0.09788793073469415,0.28290485595632264
15.707070707070708,73.48484848484848,0.2474537316127573,0.018602136372823874,0.24815194693314752
15.707070707070708,73.68686868686869,0.24460996498309667,0.06737771012304382,0.2537199061769823
15.707070707070708,73.88888888888889,0.12401391552202211,0.052948745920711984,0.13484443235699187
15.707070707070708,74.0909090909091,0.27375217723491374,-0.042508231799702145,0.2770328578194161
15.707070707070708,74.29292929292929,0.24252695584009082,0.030624103695673095,0.24445277669976404
15.707070707070708,74.4949494949495,0.29331457300568925,0.003482993814563174,0.2933352518594076
15.707070707070708,74.6969696969697,0.25540498445845194,0.10889956502867415,0.27765233899547204
15.707070707070708,74.8989898989899,0.30746715707101335,-0.02806373949108816,0.30874524474322657
15.707070707070708,75.1010101010101,0.3209381095657527,0.05287551061845622,0.32526464578063435
15.707070707070708,75.3030303030303,0.1442659876550442,-0.010954107829168593,0.1446812623404234
15.707070707070708,75.5050505050505,0.30578698915260966,0.053687997296155296,0.31046430356594973
15.707070707070708,75.70707070707071,0.16598303287786745,0.042114577505383735,0.1712425322219693
15.707070707070708,75.9090909090909,0.25819033080866655,-0.032377794243418447,0.2602125448228002
15.707070707070708,76.11111111111111,0.32843287935946097,-0.03273887112655498,0.33006058523699466
15.707070707070708,76.31313131313131,0.5021744874858314,-0.07061557448938569,0.5071151498842481
15.707070707070708,76.51515151515152,0.2835628501930744,-0.08247131804425269,0.2953123910532307
15.707070707070708,76.71717171717171,0.39865660999807756,-0.005964650809454219,0.39870122868438473
15.707070707070708,76.91919191919192,0.2777895872099993,-0.06799047852737675,0.2859890905833358
15.707070707070708,77.12121212121212,0.28637655009855034,-0.10540675364669919,0.3051591587363608
15.707070707070708,77.32323232323232,0.3587686574423569,0.1649679701666061,0.39487894441699656
15.707070707070708,77.52525252525253,0.2506387553270151,-0.0863971227742944,0.26511176604509995
15.707070707070708,77.72727272727272,0.3309710405832652,-0.1316637591515019,0.35619822455856526
15.707070707070708,77.92929292929293,0.2607163706713402,0.006795476295436566,0.26080491643011156
15.707070707070708,78.13131313131314,0.31588072135636486,-0.02212439291014444,0.3166545734491449
15.707070707070708,78.33333333333333,0.34981383179270475,-0.03753005782960613,0.3518212929232515
15.707070707070708,78.53535353535354,0.376624305021334,-0.011501591075214899,0.3767998855228917
15.707070707070708,78.73737373737373,0.03974282124981603,-0.1378583643192408,0.14347271675712897
15.707070707070708,78.93939393939394,0.15403125737070122,-0.007835663987689177,0.1542304311001145
15.707070707070708,79.14141414141415,0.3627586977811474,0.03388177201192599,0.3643375458150614
15.707070707070708,79.34343434343434,0.3584408423205996,0.058748479584602956,0.36322337658389153
15.707070707070708,79.54545454545455,0.24628875990640905,0.037408946667160506,0.24911359366157293
15.707070707070708,79.74747474747474,0.22684777221639973,0.04943861272652024,0.23217253969379417
15.707070707070708,79.94949494949495,0.3581349335000878,0.08461165104080895,0.36799424191821795
15.707070707070708,80.15151515151516,0.26430863890891343,0.17760987323802038,0.3184404554598992
15.707070707070708,80.35353535353535,0.24256508846136993,0.15915042906495083,0.2901149448267534
15.707070707070708,80.55555555555556,0.20253124379086118,0.20324614782586276,0.28692839057424363
15.707070707070708,80.75757575757575,0.2861413674778469,0.10694081886554185,0.30547212789667877
15.707070707070708,80.95959595959596,0.28836450053552043,0.14902798826709568,0.32459732971181043
15.707070707070708,81.16161616161617,0.28522593372275495,0.18850475471446254,0.3418886892220582
15.707070707070708,81.36363636363636,0.3046872544538875,0.07663466676189569,0.3141770124887478
15.707070707070708,81.56565656565657,0.17694744912827415,0.16811036436055093,0.24407272350355
15.707070707070708,81.76767676767676,0.3292311040906468,0.13895888649801663,0.35735513433769917
15.707070707070708,81.96969696969697,0.2641573686576502,0.14694316068414076,0.30227703830754155
15.707070707070708,82.17171717171718,0.09582675261937894,0.12109083739397909,0.1544207156386433
15.707070707070708,82.37373737373737,0.138824638608266,0.1391699203341085,0.19657198938434176
15.707070707070708,82.57575757575758,0.24703930154449125,0.12440917934290868,0.2765972892353902
15.707070707070708,82.77777777777777,0.22851859266604538,0.09702026333361359,0.24826131130603835
15.707070707070708,82.97979797979798,0.10052950309638703,-0.07394012341600541,0.1247931201772782
15.707070707070708,83.18181818181819,0.20477753239442784,0.07074113179544254,0.21665213015627405
15.707070707070708,83.38383838383838,0.15459177664420226,0.12202584297543573,0.19694903848426532
15.707070707070708,83.58585858585859,0.20135548522545715,0.06779394870836404,0.2124618810795282
15.707070707070708,83.78787878787878,0.0594385451380214,0.03056260442390153,0.06683571977091661
15.707070707070708,83.98989898989899,0.16265983328670996,0.11855340146358187,0.20127873798155008
15.707070707070708,84.1919191919192,0.1657932747300349,0.11332502596814782,0.20082323435397162
15.707070707070708,84.39393939393939,0.08819316677949687,-0.40117536400956294,0.4107550454404687
15.707070707070708,84.5959595959596,0.1387356906614679,0.019696830089781823,0.14012693166875612
15.707070707070708,84.79797979797979,0.12255642978451821,0.021196374957121136,0.12437590117402332
15.707070707070708,85.0,0.09303931122021061,0.10592207969097543,0.14098156049069877
15.909090909090908,65.0,0.30986548911720574,0.1120046620534167,0.32948697344135663
15.909090909090908,65.20202020202021,0.26651477966563236,0.16429329258200961,0.3130853138805115
15.909090909090908,65.4040404040404,0.26768465825873294,0.08759400731585477,0.2816518886582241
15.909090909090908,65.60606060606061,0.18672677903567164,0.17410094436845763,0.2552998802174128
15.909090909090908,65.8080808080808,0.1699649824947274,0.14106904934580117,0.22088135267097828
15.909090909090908,66.01010101010101,0.21690310114669517,0.536309366920357,0.578510753861644
15.909090909090908,66.21212121212122,0.21109516366834857,0.16626082774558734,0.268707705447415
15.909090909090908,66.41414141414141,0.16941473022351622,-0.08329505107214216,0.18878404686259256
15.909090909090908,66.61616161616162,0.28457673077323,0.21493212086018548,0.3566226749311333
15.909090909090908,66.81818181818181,0.3368156902872974,0.18373692784743278,0.3836718231490571
15.909090909090908,67.02020202020202,0.32854220952993235,0.07357909777393842,0.3366806603772138
15.909090909090908,67.22222222222223,0.16772340228806548,0.04553356104205528,0.17379426013610122
15.909090909090908,67.42424242424242,0.2192446278481753,0.22234160458825467,0.3122562985292125
15.909090909090908,67.62626262626263,0.35142622954844516,0.16556392044973797,0.3884736883874166
15.909090909090908,67.82828282828282,0.21400437299759698,0.2028783527064184,0.2948855670577394
15.909090909090908,68.03030303030303,0.12632839204077023,0.17703998648757507,0.21749027438284982
15.909090909090908,68.23232323232324,0.26082343142154996,0.10543277474012783,0.281327091421915
15.909090909090908,68.43434343434343,0.24224497161024386,0.09475057966619947,0.2601159330328088
15.909090909090908,68.63636363636364,0.2688864537431856,0.11989061091753385,0.29440394629278627
15.909090909090908,68.83838383838383,0.3399109140631687,0.04773895163008895,0.34324690384910805
15.909090909090908,69.04040404040404,0.26308548805000415,0.15068641550515863,0.3031837229145097
15.909090909090908,69.24242424242425,0.3401421397267238,0.1709806227095917,0.38069810685112926
15.909090909090908,69.44444444444444,0.37468946050594426,0.053052790421860424,0.3784267305381339
15.909090909090908,69.64646464646465,0.3620594599044941,0.03335194630292815,0.36359236079506313
15.909090909090908,69.84848484848484,0.3378096481523012,-0.0016172653666510148,0.3378135194631022
15.909090909090908,70.05050505050505,0.25479140465167216,-0.04188683598861735,0.2582114771142241
15.909090909090908,70.25252525252526,0.30747001051578937,0.007836508096568814,0.307569859098266
15.909090909090908,70.45454545454545,0.22063255470509396,-0.10149145415063682,0.24285641737723773
15.909090909090908,70.65656565656566,0.3235366731262278,-0.023022492823629698,0.3243547657016953
15.909090909090908,70.85858585858585,0.4209924673527488,-0.018817602693388613,0.4214128139234514
15.909090909090908,71.06060606060606,0.28371755442510976,-0.08169782844596082,0.29524597518298323
15.909090909090908,71.26262626262626,0.36059966023784984,-0.01913552104464267,0.36110702448069704
15.909090909090908,71.46464646464646,0.22408667378750954,-0.018166282044398765,0.22482182094375616
15.909090909090908,71.66666666666667,0.39495050548316235,-0.08798355183729349,0.4046319403795394
15.909090909090908,71.86868686868686,0.383119897887423,-0.06928879975503076,0.38933506640008964
15.909090909090908,72.07070707070707,0.1406841816129852,-0.026904616614716017,0.1432337158329011
15.909090909090908,72.27272727272727,0.2900910708450077,-0.025042018862975298,0.29116993679419734
15.909090909090908,72.47474747474747,0.18111545923633182,-0.12888963057652306,0.2222956284872466
15.909090909090908,72.67676767676768,0.19871089523730975,0.010139510382240174,0.19896941864719977
15.909090909090908,72.87878787878788,0.29512173855074664,-0.03664503949272165,0.29738812936066966
15.909090909090908,73.08080808080808,0.054821712516611325,0.06939360369569078,0.08843580947290848
15.909090909090908,73.28282828282828,0.24282915197348184,0.05215815417514329,0.24836761080124428
15.909090909090908,73.48484848484848,0.2653589080850633,0.022762852560718496,0.2663334330436156
15.909090909090908,73.68686868686869,0.1821845140845465,0.007127576495371657,0.1823238863092812
15.909090909090908,73.88888888888889,0.2272390590276084,0.038562069687710414,0.2304877939639163
15.909090909090908,74.0909090909091,0.28468884626099245,0.09561501073690565,0.30031644887290737
15.909090909090908,74.29292929292929,0.22822940040232545,0.07315823780324662,0.2396680766528604
15.909090909090908,74.4949494949495,0.28990577954330643,0.04428818259022789,0.2932691666878016
15.909090909090908,74.6969696969697,0.31739966828961624,0.00916189525244446,0.31753187203015576
15.909090909090908,74.8989898989899,0.32433029932348173,-0.007501961499277406,0.32441705023872575
15.909090909090908,75.1010101010101,0.16897603397714075,0.06799391209535155,0.18214299915361618
15.909090909090908,75.3030303030303,0.24303532498865077,0.06688443324922427,0.25207081664367464
15.909090909090908,75.5050505050505,0.12024345654197913,-0.12288372121673524,0.1719270129480389
15.909090909090908,75.70707070707071,0.19967055926770066,-0.05256338676462135,0.20647334420317684
15.909090909090908,75.9090909090909,0.361864956656504,-0.05929893799175884,0.3666914382733308
15.909090909090908,76.11111111111111,0.2945141814322251,0.01873086507309834,0.29510921431070264
15.909090909090908,76.31313131313131,0.21478559984184095,0.01849208041386515,0.21558017287647835
15.909090909090908,76.51515151515152,0.33574343709310694,0.0238919993673953,0.3365924585977301
15.909090909090908,76.71717171717171,0.27848633893651725,-0.04917241785884949,0.28279421431908763
15.909090909090908,76.91919191919192,0.2633866790465739,-0.18158589891492932,0.31991558477811904
15.909090909090908,77.12121212121212,0.24893980624829212,0.03163608123130347,0.25094196295281274
15.909090909090908,77.32323232323232,0.29160991806149333,-0.06610364663541465,0.2990084219722425
15.909090909090908,77.52525252525253,0.33454528453007343,-0.0603805655755036,0.339950525960066
15.909090909090908,77.72727272727272,0.28758276141590655,-0.0007259095866841841,0.2875836775763296
15.909090909090908,77.92929292929293,0.28807742565029953,-0.1075575564196082,0.3075015953003513
15.909090909090908,78.13131313131314,0.3606875041295003,-0.05160683638303203,0.3643607294929481
15.909090909090908,78.33333333333333,0.29475069113437724,-0.08355741348307986,0.30636548642458966
15.909090909090908,78.53535353535354,0.30885359387120276,0.033198474221567124,0.31063271099128936
15.909090909090908,78.73737373737373,0.4325646540110164,-0.014470551406554975,0.43280662744195597
15.909090909090908,78.93939393939394,0.4231956382967971,0.043820768917894534,0.42545835056088516
15.909090909090908,79.14141414141415,0.3441899828050166,0.09263817733142991,0.3564387411079316
15.909090909090908,79.34343434343434,0.4238541456540343,-0.025083674221253682,0.4245957224237537
15.909090909090908,79.54545454545455,0.2906268697202349,0.05570812514333014,0.29591784773880625
15.909090909090908,79.74747474747474,0.2550538582041907,0.10024478937625482,0.274046507698845
15.909090909090908,79.94949494949495,0.25368726838996336,0.037519318830268295,0.2564467379957262
15.909090909090908,80.15151515151516,0.30371131797867873,0.09528765454380797,0.31830850094963875
15.909090909090908,80.35353535353535,0.289674885374073,0.08503091343316381,0.30189699477762366
15.909090909090908,80.55555555555556,0.12871186921960048,0.024034847339150785,0.13093669907485764
15.909090909090908,80.75757575757575,0.145580647519854,0.08388632216645082,0.16801976067984847
15.909090909090908,80.95959595959596,0.24569296661589063,0.13798359815569808,0.2817880536937475
15.909090909090908,81.16161616161617,0.21653875129818048,0.10486837050119134,0.24059593917053212
15.909090909090908,81.36363636363636,0.26724696803912085,0.13243022796774767,0.2982594628937907
15.909090909090908,81.56565656565657,0.17841513708718465,0.13914306781812188,0.22625815888864065
15.909090909090908,81.76767676767676,0.15088459249872646,0.0803276753430778,0.1709347702473948
15.909090909090908,81.96969696969697,0.14929648421225006,0.14783656401155185,0.2101073293744897
15.909090909090908,82.17171717171718,0.14635572219188506,0.11424593081510102,0.18566671787403655
15.909090909090908,82.37373737373737,0.20314053747895192,0.0763786577338939,0.2170248311241568
15.909090909090908,82.57575757575758,0.24185690039570798,0.041308075890599795,0.24535916001405564
15.909090909090908,82.77777777777777,0.0814508471522045,0.08386793656351256,0.11691052683669315
15.909090909090908,82.97979797979798,0.1710179876944065,0.07264698190108476,0.18580833160647212
15.909090909090908,83.18181818181819,0.016076530514949772,0.26220782748789745,0.2627002086586935
15.909090909090908,83.38383838383838,0.15972429665827337,0.09043722018778708,0.1835503792921017
15.909090909090908,83.58585858585859,0.15490911171054927,-0.04081223097346844,0.16019510319601898
15.909090909090908,83.78787878787878,0.08602432661772191,0.1676873938680698,0.18846550568286408
15.909090909090908,83.98989898989899,0.18444027981163744,0.06488410809051498,0.19552024012796412
15.909090909090908,84.1919191919192,0.22947575058740832,0.05704230980004339,0.23645918297875124
15.909090909090908,84.39393939393939,0.2049775631584857,0.13182595987957973,0.24370860693985258
15.909090909090908,84.5959595959596,0.23317407092895506,0.1736783909641212,0.290747881920862
15.909090909090908,84.79797979797979,0.1890231828230291,0.07961183992304294,0.20510438488847696
15.909090909090908,85.0,0.17848741466138732,0.09925295237345863,0.20422758321870743
16.11111111111111,65.0,0.26582349299883984,0.10356719456483106,0.28528633549494414
16.11111111111111,65.20202020202021,1.2209916712852802,0.24824287464288905,1.245971583206851
16.11111111111111,65.4040404040404,0.25048239482902296,0.22818562693579464,0.3388364066321153
16.11111111111111,65.60606060606061,0.2955593999693628,0.19645501717779543,0.35489425563761623
16.11111111111111,65.8080808080808,0.18236268838838354,0.21676837061091822,0.28327491349138395
16.11111111111111,66.01010101010101,0.31249427020572274,0.14170802455783826,0.3431236411783545
16.11111111111111,66.21212121212122,0.5526654473995067,0.28016018253202274,0.6196199033485554
16.11111111111111,66.41414141414141,0.3332105700563564,0.30401696398462286,0.4510605263018584
16.11111111111111,66.61616161616162,0.3373344523333939,0.2309775511153423,0.4088339049666886
16.11111111111111,66.81818181818181,0.35825696012786595,0.21477378056734997,0.41770303601871456
16.11111111111111,67.02020202020202,0.3212850241359268,0.19206875124082506,0.37431867698157006
16.11111111111111,67.22222222222223,0.3259967570027825,0.22319785514429205,0.3950837482323762
16.11111111111111,67.42424242424242,0.2652715563662321,0.18434145684144929,0.3230336999871546
16.11111111111111,67.62626262626263,0.302240538418793,0.18393012441321369,0.3538073398480339
16.11111111111111,67.82828282828282,0.13500143645762275,0.13763339231424684,0.19279091919887964
16.11111111111111,68.03030303030303,0.45409109395183606,0.10526544019879729,0.46613252890848733
16.11111111111111,68.23232323232324,0.32468050504210205,0.20928532378413683,0.3862871692223616
16.11111111111111,68.43434343434343,0.34018596084830016,0.14591538749814287,0.37015913911048365
16.11111111111111,68.63636363636364,0.2177473682263166,0.07402005047592354,0.22998453044051764
16.11111111111111,68.83838383838383,0.3214498637065997,0.16745011164551396,0.36244938235164176
16.11111111111111,69.04040404040404,0.31341925237314694,0.07195261124383968,0.32157239623908873
16.11111111111111,69.24242424242425,0.2661793742866896,0.08828073950891582,0.2804370664942398
16.11111111111111,69.44444444444444,0.1694754677119057,0.17874059768154582,0.24631308413424857
16.11111111111111,69.64646464646465,0.22553319148305226,0.08336235305425932,0.24044646465954558
16.11111111111111,69.84848484848484,0.22018597253989608,0.023293290188295217,0.22141463337172637
16.11111111111111,70.05050505050505,0.2035584543263308,0.007584310973659365,0.2036996958777064
16.11111111111111,70.25252525252526,0.32337019006174667,0.03570085344621575,0.32533495163808995
16.11111111111111,70.45454545454545,0.2959154209971886,0.09697646694348502,0.3114006607648484
16.11111111111111,70.65656565656566,0.33425734730266443,0.05877146110429378,0.3393848241541562
16.11111111111111,70.85858585858585,0.3830042879500995,-0.032730605567523496,0.3844002824257281
16.11111111111111,71.06060606060606,0.3021782265791126,-0.0520468162254841,0.30662770862677563
16.11111111111111,71.26262626262626,0.20500656708354964,-0.05609512613528396,0.21254259743288015
16.11111111111111,71.46464646464646,0.3287371932720296,-0.02611080397330741,0.3297725220883393
16.11111111111111,71.66666666666667,0.2566857011294576,-0.008905238672067236,0.2568401301201347
16.11111111111111,71.86868686868686,0.26890193144015334,-0.03488534958702291,0.2711553730761272
16.11111111111111,72.07070707070707,0.35298506211884495,0.00413615923009094,0.3530092943425449
16.11111111111111,72.27272727272727,0.11251785216432403,0.05865483437140742,0.12688836294479455
16.11111111111111,72.47474747474747,0.6003944872724015,-0.026157734732439198,0.6009640317302047
16.11111111111111,72.67676767676768,0.30831937007312793,0.06967029071676284,0.31609299797820367
16.11111111111111,72.87878787878788,0.28958104839287807,-0.045526183539292366,0.2931378804862513
16.11111111111111,73.08080808080808,0.4272067804394418,-0.4756849273650162,0.6393604487108147
16.11111111111111,73.28282828282828,0.2947551496508542,-0.05158598637781078,0.2992352122265512
16.11111111111111,73.48484848484848,0.18279967258777466,0.06467327929526659,0.19390294828341617
16.11111111111111,73.68686868686869,0.22876112522204312,0.036367830818175045,0.2316339170572278
16.11111111111111,73.88888888888889,0.3085517255152098,0.03653054726676391,0.31070669159518055
16.11111111111111,74.0909090909091,0.36814767984876184,0.002262177025564513,0.3681546300441181
16.11111111111111,74.29292929292929,0.2813029861878498,0.07117077498452544,0.2901665887901286
16.11111111111111,74.4949494949495,0.23554447620792035,0.1024929587732109,0.256877416037593
16.11111111111111,74.6969696969697,0.27882746508623446,-0.013870073023281273,0.27917223037416605
16.11111111111111,74.8989898989899,0.25033018980954663,-0.014053086661281224,0.2507243370213453
16.11111111111111,75.1010101010101,0.34281678065871307,0.040614279601188526,0.3452142303102925
16.11111111111111,75.3030303030303,0.2442889596344522,-0.0083811614128953,0.24443268943803736
16.11111111111111,75.5050505050505,0.3617237205478215,0.021733586244479772,0.3623760460874928
16.11111111111111,75.70707070707071,0.28044378105606405,0.0049404601326264105,0.2804872946843469
16.11111111111111,75.9090909090909,0.36524504815409253,0.08429759810205553,0.3748466756513402
16.11111111111111,76.11111111111111,0.33837464484529917,0.000473262025426446,0.33837497580513703
16.11111111111111,76.31313131313131,0.2532278908985187,-0.04245629820972259,0.25676234534406517
16.11111111111111,76.51515151515152,0.3651466894757726,0.006247052126405097,0.36520012389837214
16.11111111111111,76.71717171717171,0.2145265100486972,-0.10313636714677152,0.2380309512267416
16.11111111111111,76.91919191919192,0.42631601153176535,-0.02157120182042324,0.4268614042477133
16.11111111111111,77.12121212121212,0.22125476293308055,-0.14394741476404482,0.26395933084061574
16.11111111111111,77.32323232323232,0.18954340525353525,-0.015154473021010334,0.19014825933373786
16.11111111111111,77.52525252525253,0.0972881953929024,-0.023455429238823336,0.10007572194885733
16.11111111111111,77.72727272727272,0.26877531161027995,-0.02750836289149428,0.2701793444365672
16.11111111111111,77.92929292929293,0.35748923374053754,-0.0869512137961634,0.3679117636350091
16.11111111111111,78.13131313131314,0.254535087784096,-0.03455564892328364,0.25687001340321275
16.11111111111111,78.33333333333333,0.44718226304148545,-0.044029601859644614,0.4493446140979361
16.11111111111111,78.53535353535354,0.28728375830869035,-0.04448611817445752,0.2907077097329856
16.11111111111111,78.73737373737373,0.3313113677706515,-0.026964646880875368,0.3324068510056166
16.11111111111111,78.93939393939394,0.2839763339390961,-0.023977392535572677,0.2849867954665513
16.11111111111111,79.14141414141415,0.21895660201134864,0.030492115364654807,0.22106958783099848
16.11111111111111,79.34343434343434,0.21786005342271567,0.027417484544333206,0.21957850836565784
16.11111111111111,79.54545454545455,0.43917887423629676,0.1343332708996156,0.45926409749298985
16.11111111111111,79.74747474747474,0.27130811669433275,0.062015175481979934,0.27830554463446544
16.11111111111111,79.94949494949495,0.0803750836450551,0.11642639528166684,0.14147529674551856
16.11111111111111,80.15151515151516,0.2947354453106664,0.01224831426464859,0.29498983698561965
16.11111111111111,80.35353535353535,0.3834719452590464,0.11260279956256804,0.39966251171467776
16.11111111111111,80.55555555555556,0.17486290185125045,0.14835563581749042,0.22931731099647032
16.11111111111111,80.75757575757575,0.20937626624125133,0.06808927079043119,0.22016941127663495
16.11111111111111,80.95959595959596,0.1870153633097809,0.14224112925733173,0.23496230541576305
16.11111111111111,81.16161616161617,0.28347602721059884,0.13432993591808845,0.3136928269611244
16.11111111111111,81.36363636363636,0.19007123188494898,0.1250613277821055,0.22752452372631235
16.11111111111111,81.56565656565657,0.1558841972374584,0.15579653957661715,0.22039157128260434
16.11111111111111,81.76767676767676,0.18715934358576244,0.2270484304593802,0.2942441327631215
16.11111111111111,81.96969696969697,0.4098599095945545,0.11492702504818472,0.4256681413722226
16.11111111111111,82.17171717171718,0.19512151647777148,0.14202234213762363,0.24133535144864598
16.11111111111111,82.37373737373737,0.13453272668031688,0.099311798961266,0.1672180850295917
16.11111111111111,82.57575757575758,0.2312185499615862,0.08420201389984992,0.24607315373914532
16.11111111111111,82.77777777777777,0.16610151729461098,0.047605179138933786,0.17278879341097886
16.11111111111111,82.97979797979798,0.33056023959694114,0.1512143030419745,0.3635049345564063
16.11111111111111,83.18181818181819,0.3909335873969857,0.12482444058809049,0.410378131390071
16.11111111111111,83.38383838383838,0.27960586949877686,0.16755560006000036,0.3259667488711599
16.11111111111111,83.58585858585859,-0.01467972801525982,0.015845789260530492,0.021600542861028922
16.11111111111111,83.78787878787878,0.21469238340912417,0.11290097553091726,0.24256844347466788
16.11111111111111,83.98989898989899,0.1619875356141674,0.08257776819089183,0.18182147698701553
16.11111111111111,84.1919191919192,0.1187629632044283,0.1304524556452697,0.1764156586388449
16.11111111111111,84.39393939393939,0.134135447819018,0.06774889220931087,0.15027385253994563
16.11111111111111,84.5959595959596,0.16545643762334644,0.044511036518396996,0.17133903560762329
16.11111111111111,84.79797979797979,0.18090653216035096,0.07542029240066549,0.19599845377983463
16.11111111111111,85.0,0.171891885288524,0.09524660581272687,0.1965165034975131
16.313131313131315,65.0,0.15692864157032282,0.21744079441422298,0.2681549880583899
16.313131313131315,65.20202020202021,0.3066653858506423,0.14439601292175092,0.3389599790928448
16.313131313131315,65.4040404040404,0.18436452246780766,0.17872591328571238,0.2567746662437608
16.313131313131315,65.60606060606061,0.20103375918233296,0.18290555024773616,0.2717885439866945
16.313131313131315,65.8080808080808,0.33284145820029076,0.3050918188167101,0.4515135149757803
16.313131313131315,66.01010101010101,0.35620465102114696,0.284116197396169,0.45563556383578746
16.313131313131315,66.21212121212122,0.2957890019737176,0.2040784531092915,0.35935935873730795
16.313131313131315,66.41414141414141,0.2828312069881067,0.24663954703910212,0.3752659827509053
16.313131313131315,66.61616161616162,0.2820242085011264,0.13107508052050218,0.310995708835577
16.313131313131315,66.81818181818181,0.398724904059704,0.18614699689549055,0.440036650258396
16.313131313131315,67.02020202020202,0.3899903685094376,0.2645491447259379,0.471252307692336
16.313131313131315,67.22222222222223,0.4371027846255338,0.22806879093051405,0.49302557512151673
16.313131313131315,67.42424242424242,0.25905359525696553,0.10286366216432416,0.2787287179488614
16.313131313131315,67.62626262626263,0.35465952901742615,0.13463153084434054,0.3793534376018664
16.313131313131315,67.82828282828282,0.4378992425898224,0.16070542280001326,0.46645683570730434
16.313131313131315,68.03030303030303,0.44257251846726486,0.1258216420968439,0.4601103342921171
16.313131313131315,68.23232323232324,0.3027647424958086,0.13568386514677885,0.3317779386272128
16.313131313131315,68.43434343434343,0.3107146695665628,0.09752496036550466,0.32566044245218295
16.313131313131315,68.63636363636364,0.36638478011296355,0.11034290947801145,0.3826399936892343
16.313131313131315,68.83838383838383,0.33967602039786815,0.09110351663365682,0.3516811760335658
16.313131313131315,69.04040404040404,-0.0622812490615698,0.03084470783124222,0.06950071931904003
16.313131313131315,69.24242424242425,0.4331805256285713,0.02148921384018357,0.43371321641761673
16.313131313131315,69.44444444444444,0.3543090187394361,0.2504821345367037,0.43390803228583524
16.313131313131315,69.64646464646465,0.2058692827441429,0.042447567215731286,0.2101998038536713
16.313131313131315,69.84848484848484,0.3241068088712921,-0.027889505165906523,0.32530454662536057
16.313131313131315,70.05050505050505,0.44776514688129865,0.006633395843118305,0.4478142792520605
16.313131313131315,70.25252525252526,0.25482155771081116,0.029342498960126723,0.2565053771744158
16.313131313131315,70.45454545454545,0.3546515480558038,0.03536070445845339,0.35641001663558247
16.313131313131315,70.65656565656566,0.37607142604433735,-0.06249187076638825,0.38122821432693627
16.313131313131315,70.85858585858585,0.2899138940330687,-0.04852030752249492,0.2939460600101571
16.313131313131315,71.06060606060606,0.37139419274679764,-0.06726564931659328,0.3774365032479349
16.313131313131315,71.26262626262626,0.31938264192871113,-0.03369489486127267,0.3211551305912386
16.313131313131315,71.46464646464646,0.3733322103442809,-0.04774548328270255,0.3763729140818255
16.313131313131315,71.66666666666667,0.37292985012860436,-0.08785978509270884,0.3831396807346901
16.313131313131315,71.86868686868686,0.37894125352123736,-0.08125662635001528,0.3875553030807767
16.313131313131315,72.07070707070707,0.4264309986472193,-0.09120947120008067,0.43607632846081323
16.313131313131315,72.27272727272727,0.25423809032635714,-0.07692686039419187,0.265621438183932
16.313131313131315,72.47474747474747,0.42913012825524083,-0.0721321577577167,0.4351502213709003
16.313131313131315,72.67676767676768,0.3435752239026976,-0.004350181917815145,0.34360276273992163
16.313131313131315,72.87878787878788,0.18700754582525891,-0.005164700272370062,0.1870788505536896
16.313131313131315,73.08080808080808,0.34469266973779034,0.003955228770087901,0.34471536142967163
16.313131313131315,73.28282828282828,0.273359890043664,0.021273892329922023,0.27418644747607274
16.313131313131315,73.48484848484848,0.2809697452627664,-0.22450082702503996,0.3596451293816597
16.313131313131315,73.68686868686869,0.8232464467159502,-0.06558768546129573,0.8258549851605956
16.313131313131315,73.88888888888889,0.3994815371189205,0.125022098145916,0.41858813113095134
16.313131313131315,74.0909090909091,0.2636319172251959,-0.0018049650656664171,0.26363809603075355
16.313131313131315,74.29292929292929,0.20096169234082786,0.06671859269715139,0.2117474259583288
16.313131313131315,74.4949494949495,0.26155413786346615,0.06355362757929789,0.26916469050005265
16.313131313131315,74.6969696969697,0.2825406805969628,0.09898055947722685,0.29937666466613555
16.313131313131315,74.8989898989899,0.22612988043469423,-0.0026037171917713993,0.22614486987023127
16.313131313131315,75.1010101010101,0.2923074713789333,0.011521411078967207,0.2925344436766318
16.313131313131315,75.3030303030303,0.4353646477541035,-0.01477993468199815,0.4356154531042933
16.313131313131315,75.5050505050505,0.12448764764947157,0.014625331043645575,0.12534382603636768
16.313131313131315,75.70707070707071,0.28140886598941867,-0.0216454486557114,0.2822401022267347
16.313131313131315,75.9090909090909,0.2694779884205877,-0.05358885769446945,0.2747547122656943
16.313131313131315,76.11111111111111,0.2175261270928331,-0.04079001863016733,0.22131751306179268
16.313131313131315,76.31313131313131,0.1454607631598396,-0.004357389496875402,0.1455260130089134
16.313131313131315,76.51515151515152,0.20214509180146523,-0.10885103713876382,0.229589168789835
16.313131313131315,76.71717171717171,0.36585334915407663,-0.02514347275070316,0.36671633084609156
16.313131313131315,76.91919191919192,0.19684276985462631,-0.01805881630436292,0.19766941313808797
16.313131313131315,77.12121212121212,0.3445006863525895,-0.0159631983724169,0.3448703330234168
16.313131313131315,77.32323232323232,0.22149498303392656,-0.03884117139228763,0.22487477427298172
16.313131313131315,77.52525252525253,0.26581125668083294,-0.040589033678696006,0.26889234617819446
16.313131313131315,77.72727272727272,0.19220042560034745,0.052056037203429335,0.1991251732209655
16.313131313131315,77.92929292929293,0.23622112158816586,-0.05829950332149572,0.2433089607308044
16.313131313131315,78.13131313131314,0.2681537371802152,-0.018658147731360833,0.2688020707518475
16.313131313131315,78.33333333333333,0.27791054010425803,-0.02753070585209813,0.2792708507269514
16.313131313131315,78.53535353535354,0.24610077397851507,0.08717183239828395,0.2610833570270205
16.313131313131315,78.73737373737373,0.22204252949315917,0.06790422623165507,0.2321936020734427
16.313131313131315,78.93939393939394,0.3641067209008374,0.008527862071557115,0.3642065741261019
16.313131313131315,79.14141414141415,0.22903173496900797,0.07004035216876259,0.2395019552213263
16.313131313131315,79.34343434343434,0.3548797322382099,-0.01941779950882335,0.3554105728467126
16.313131313131315,79.54545454545455,0.32747739461331377,-0.054948483165023654,0.3320553866222635
16.313131313131315,79.74747474747474,0.07374830196315349,0.03202308844977571,0.08040080992322544
16.313131313131315,79.94949494949495,0.2760946548622929,0.08396538699788497,0.2885800489590942
16.313131313131315,80.15151515151516,0.28004183949657274,0.10268124159224376,0.29827314536100785
16.313131313131315,80.35353535353535,0.24890237471426638,0.030607768639285757,0.2507772470529915
16.313131313131315,80.55555555555556,0.09573545685899768,0.22618370889210537,0.2456101542448717
16.313131313131315,80.75757575757575,0.1949733646156307,0.12102910476730085,0.22948345716045407
16.313131313131315,80.95959595959596,0.2307651280371084,0.026258137737180803,0.2322542445584317
16.313131313131315,81.16161616161617,0.18952400625178342,0.11074560050458722,0.21950839841985015
16.313131313131315,81.36363636363636,0.20241966074468165,0.18265469793807104,0.2726471304357337
16.313131313131315,81.56565656565657,0.19880798192166532,0.011638798566351319,0.19914837510718814
16.313131313131315,81.76767676767676,0.13046132563976415,0.12893173356371543,0.1834217800792193
16.313131313131315,81.96969696969697,0.1531884134693372,0.146317626247389,0.21183847094407388
16.313131313131315,82.17171717171718,-0.126616935128555,0.12188198286154149,0.17574716500589646
16.313131313131315,82.37373737373737,0.35600857242830625,0.17027083441544938,0.39463180395778286
16.313131313131315,82.57575757575758,0.04994163571652982,0.11985544045327119,0.1298441126285293
16.313131313131315,82.77777777777777,0.26684517074104375,0.03187948783871937,0.26874271505042857
16.313131313131315,82.97979797979798,0.15608676681149095,0.16392168486030498,0.22634795678579891
16.313131313131315,83.18181818181819,0.23361681964833092,0.1816042601921133,0.2959001955770316
16.313131313131315,83.38383838383838,0.117807662609947,0.12619273262005584,0.17263618142132317
16.313131313131315,83.58585858585859,0.0983922247007356,0.12365798432425747,0.15802634896971565
16.313131313131315,83.78787878787878,0.05128611963301591,0.08623998514557153,0.10033743620862763
16.313131313131315,83.98989898989899,0.13035141718463758,0.10199451094699699,0.1655124533845128
16.313131313131315,84.1919191919192,0.12198933649024857,0.07290566643176026,0.14211486345625565
16.313131313131315,84.39393939393939,0.3279961373605934,0.06349660053187227,0.3340857440876121
16.313131313131315,84.5959595959596,0.12702246689096755,0.09190764976626287,0.15678559621542085
16.313131313131315,84.79797979797979,0.1657402817065165,0.038362443629286536,0.1701220681198228
16.313131313131315,85.0,0.022576365022137272,0.20585565211588264,0.20708993641813714
16.515151515151516,65.0,0.30955939572906255,0.1581569780272282,0.3476214164617127
16.515151515151516,65.20202020202021,0.4072519597858392,0.15924109790608082,0.43727781330835985
16.515151515151516,65.4040404040404,0.17142328443904473,0.18775500371413079,0.2542398156614398
16.515151515151516,65.60606060606061,0.32653634478628313,0.059445319634390904,0.33190319446010347
16.515151515151516,65.8080808080808,0.12960022267575821,0.19785969276050475,0.23652626859798775
16.515151515151516,66.01010101010101,0.2857995960323015,0.23357123439495947,0.3691028726913566
16.515151515151516,66.21212121212122,0.10625310131158673,0.29708560101372083,0.3155147791594144
16.515151515151516,66.41414141414141,0.21165346893130485,0.18484796246670596,0.281008825731057
16.515151515151516,66.61616161616162,0.2778893825127823,0.08449206869364888,0.29045037198369655
16.515151515151516,66.81818181818181,0.2912470578976287,0.1295387474645546,0.31875560517222334
16.515151515151516,67.02020202020202,0.27895818585262944,0.12809901754640798,0.30696421249152983
16.515151515151516,67.22222222222223,0.3580445465148653,0.1899891204935645,0.40532920348150797
16.515151515151516,67.42424242424242,0.19858984813533137,0.14300125629694704,0.24471879185080803
16.515151515151516,67.62626262626263,0.4917111700491222,0.20138029337225968,0.5313510113943269
16.515151515151516,67.82828282828282,0.40855745903679114,0.06938786250000469,0.41440785802988683
16.515151515151516,68.03030303030303,0.13122403486582232,0.07946949583822074,0.15341169477992067
16.515151515151516,68.23232323232324,0.3728989879547191,0.11609775773127476,0.39055389457523465
16.515151515151516,68.43434343434343,0.45762083425229766,-0.010817009114669866,0.4577486598865755
16.515151515151516,68.63636363636364,0.36795170814376066,0.18423056745010558,0.411496490275311
16.515151515151516,68.83838383838383,0.39680812785704744,0.11790153105741077,0.41395345313102117
16.515151515151516,69.04040404040404,0.38911942676325234,0.06603354062537509,0.39468260257083176
16.515151515151516,69.24242424242425,-0.33858067452866913,0.05490171256516626,0.34300301923871857
16.515151515151516,69.44444444444444,0.5391574193535985,0.029757589902851565,0.5399779967747375
16.515151515151516,69.64646464646465,0.342162517405102,-0.01519231047093567,0.34249962717416504
16.515151515151516,69.84848484848484,0.4290209958061579,0.01264850600321586,0.4292074085411629
16.515151515151516,70.05050505050505,0.3230296136519903,-0.05425086003768682,0.3275534874047028
16.515151515151516,70.25252525252526,0.3795576317140567,-0.011634090074147018,0.3797358922254214
16.515151515151516,70.45454545454545,0.31968656313051275,0.07656753891553664,0.328727982778743
16.515151515151516,70.65656565656566,0.2849194897041081,-0.02643506510416537,0.2861431954115121
16.515151515151516,70.85858585858585,0.4385545500716446,-0.08224781503360094,0.44620039944664336
16.515151515151516,71.06060606060606,0.2435788641603904,-0.008180198352043155,0.24371618475338214
16.515151515151516,71.26262626262626,0.2776291822145209,-0.03591295655236962,0.27994232131893887
16.515151515151516,71.46464646464646,0.46758140850823904,0.02772924012701273,0.46840290812565444
16.515151515151516,71.66666666666667,0.34078267809127316,-0.05483410563106893,0.34516606557919266
16.515151515151516,71.86868686868686,0.2863950944045731,-0.020863434499648392,0.28715402312718075
16.515151515151516,72.07070707070707,0.3054514805500868,-0.013380997916072317,0.305744432615657
16.515151515151516,72.27272727272727,0.25337452718997683,-0.030615544651263597,0.2552174809903072
16.515151515151516,72.47474747474747,0.33941148359937157,0.00934007969410031,0.33953997156125615
16.515151515151516,72.67676767676768,0.3758051474193512,0.013576677071292014,0.3760503091172489
16.515151515151516,72.87878787878788,0.33717143410583467,-0.005944832198050136,0.3372238381355152
16.515151515151516,73.08080808080808,0.27042015501611344,-0.009973937076558548,0.27060402742706174
16.515151515151516,73.28282828282828,0.33791068445921185,0.026881566552781063,0.3389782430953713
16.515151515151516,73.48484848484848,0.17840928756533564,0.023132518926868555,0.17990271627041254
16.515151515151516,73.68686868686869,0.3623307179586305,0.014568269652526427,0.362623473670811
16.515151515151516,73.88888888888889,0.34654960655358646,0.0979470457175691,0.3601253303604804
16.515151515151516,74.0909090909091,0.21179570715071383,0.0057015962924285325,0.2118724374895252
16.515151515151516,74.29292929292929,0.15147870192274945,0.0012005370116895536,0.15148345924660428
16.515151515151516,74.4949494949495,0.32075230575966435,0.07630250543044534,0.3297030694202047
16.515151515151516,74.6969696969697,0.16099257992125252,0.10492103999485008,0.19216408463420476
16.515151515151516,74.8989898989899,0.3470954917347743,0.07293496680444417,0.35467561202508713
16.515151515151516,75.1010101010101,0.3468165588742458,0.028181155465000288,0.3479596284523762
16.515151515151516,75.3030303030303,0.14457128593629284,-0.24994976600787536,0.2887485796409482
16.515151515151516,75.5050505050505,0.28540830807749606,0.055187296329114614,0.2906949259890451
16.515151515151516,75.70707070707071,0.3124915306689474,-0.04339771790579919,0.3154905999538703
16.515151515151516,75.9090909090909,0.1568864553636314,0.34928082470851796,0.38289744630335043
16.515151515151516,76.11111111111111,0.27341954887575204,0.02896411577241898,0.2749493948163877
16.515151515151516,76.31313131313131,0.2533420012016989,-0.04646279338673503,0.2575673906809246
16.515151515151516,76.51515151515152,0.16561004141902566,-0.07588019220035525,0.18216610383705925
16.515151515151516,76.71717171717171,0.214302284222889,-0.07450893695015753,0.22688554539368622
16.515151515151516,76.91919191919192,0.21970308432500335,-0.15889435400825563,0.27113992881466276
16.515151515151516,77.12121212121212,0.255040952914655,-0.08010433113121158,0.26732488011704797
16.515151515151516,77.32323232323232,0.19489513215660695,-0.057696192640644996,0.20325590565483628
16.515151515151516,77.52525252525253,0.26264542764690063,-0.06906636831317553,0.2715746377992513
16.515151515151516,77.72727272727272,0.3236397934290063,-0.028705868650591652,0.32491036115481897
16.515151515151516,77.92929292929293,0.29571163433242725,0.02280136810226955,0.29658940147431156
16.515151515151516,78.13131313131314,0.18620354193394112,-0.017279683661676454,0.18700360022254273
16.515151515151516,78.33333333333333,0.23446700048065333,-0.021157589345431625,0.23541966337012848
16.515151515151516,78.53535353535354,0.2641301879545472,0.00035647490044034627,0.26413042850693874
16.515151515151516,78.73737373737373,0.26521089318250596,0.08197501263931066,0.27759092305022826
16.515151515151516,78.93939393939394,0.27960024505313075,-0.02406688603477958,0.280634124862216
16.515151515151516,79.14141414141415,0.16986129206385567,0.03355363416899462,0.17314359620716327
16.515151515151516,79.34343434343434,0.17534315821260402,0.054392109264401425,0.1835857420449662
16.515151515151516,79.54545454545455,0.3318352702793558,0.07906880818247375,0.34112537728637243
16.515151515151516,79.74747474747474,0.24720241810371701,0.032578934860281614,0.2493399737566269
16.515151515151516,79.94949494949495,0.17635209923930756,0.026481016508949747,0.17832921000626298
16.515151515151516,80.15151515151516,0.21507232392364223,-0.002550507365960389,0.21508744641596336
16.515151515151516,80.35353535353535,0.15873468024783868,0.1512978023881954,0.21928913270128325
16.515151515151516,80.55555555555556,0.2404468507970043,0.05508894885780298,0.24667687436088223
16.515151515151516,80.75757575757575,0.1702505503478058,0.09132622556216907,0.19319867848710287
16.515151515151516,80.95959595959596,0.16656638694851544,0.14755482945808313,0.2225236817902458
16.515151515151516,81.16161616161617,0.20641077572640912,0.16092322063963452,0.2617282775647493
16.515151515151516,81.36363636363636,0.25259860959213876,0.1513027016747401,0.2944462006920061
16.515151515151516,81.56565656565657,0.1685719378377757,0.1153912672814927,0.20428324158190705
16.515151515151516,81.76767676767676,0.24467092225087878,0.10892723021001327,0.2678227056773208
16.515151515151516,81.96969696969697,0.2173102476809918,0.12495036365594855,0.25067177169543403
16.515151515151516,82.17171717171718,0.19664279583244373,0.1495022535891099,0.24702087559763583
16.515151515151516,82.37373737373737,0.15127578239690442,0.10992146883743834,0.18699489739341957
16.515151515151516,82.57575757575758,0.23610395249990662,0.21695139135145602,0.32064463599974785
16.515151515151516,82.77777777777777,0.17325647277675552,0.10170348120530313,0.20090147696898614
16.515151515151516,82.97979797979798,0.146300387920618,0.16059713919997784,0.21724466535438877
16.515151515151516,83.18181818181819,0.13758967308542516,0.07385183786876183,0.15615701103808324
16.515151515151516,83.38383838383838,0.08201983726482515,0.1780998264799691,0.19607856052394793
16.515151515151516,83.58585858585859,0.19841290993147082,0.09635098673386275,0.2205701599765094
16.515151515151516,83.78787878787878,0.20850241752723048,0.22152475395031537,0.30421452090169415
16.515151515151516,83.98989898989899,0.1300712136410316,0.1468640206523895,0.1961824690950656
16.515151515151516,84.1919191919192,0.14794201172328875,0.17914924615074646,0.2323387424195854
16.515151515151516,84.39393939393939,0.01848062629462318,-0.1085881378961618,0.11014952219595583
16.515151515151516,84.5959595959596,0.1912019291198665,0.13398345598231975,0.23347321939812427
16.515151515151516,84.79797979797979,0.12197510882735635,0.058539257722367094,0.1352951287671923
16.515151515151516,85.0,0.2152549761362523,0.09278755331621147,0.23440186603742585
16.717171717171716,65.0,0.15085471002875375,0.17612959774658885,0.23190251990919497
16.717171717171716,65.20202020202021,0.16675670557088562,0.15940305763608043,0.23068839077115827
16.717171717171716,65.4040404040404,0.24140689684966102,0.17668337749733848,0.29915598895968953
16.717171717171716,65.60606060606061,-0.019441422438387583,0.09385426662539287,0.09584671235998746
16.717171717171716,65.8080808080808,0.4683438011295551,0.33966064772324245,0.5785458250374407
16.717171717171716,66.01010101010101,0.2655996648282629,0.15643525356922883,0.3082453089929424
16.717171717171716,66.21212121212122,0.2374936141471176,0.24785723257380896,0.34327310483026074
16.717171717171716,66.41414141414141,0.5060414084797051,0.1465307955834391,0.5268293662567031
16.717171717171716,66.61616161616162,0.6818078179254821,0.19196070817912167,0.7083154763725957
16.717171717171716,66.81818181818181,0.3585865458130769,0.21268016323486721,0.41691385521683455
16.717171717171716,67.02020202020202,0.28652873781664595,0.14747422541997987,0.32225357214160294
16.717171717171716,67.22222222222223,0.4365561073418223,0.15339626225756375,0.46272199875523096
16.717171717171716,67.42424242424242,0.12828370478722526,0.2310271660416954,0.2642541586488149
16.717171717171716,67.62626262626263,0.3151338727027999,0.15467357753123348,0.3510459703670945
16.717171717171716,67.82828282828282,0.470004266046251,0.1322444318601622,0.4882546465315944
16.717171717171716,68.03030303030303,0.2802462189055347,0.040394247749582474,0.2831424349370887
16.717171717171716,68.23232323232324,0.3763806881085331,0.04955819610001756,0.37962934183455926
16.717171717171716,68.43434343434343,0.3535400300771681,0.10284236986250331,0.3681943860325696
16.717171717171716,68.63636363636364,0.38003062780574026,-0.015518456176875469,0.3803473419816927
16.717171717171716,68.83838383838383,0.396374107653907,0.08679062443882281,0.40576476647056464
16.717171717171716,69.04040404040404,0.5105810565331834,0.14907822625847977,0.5318997394574624
16.717171717171716,69.24242424242425,0.43126267028784765,0.04278187438913612,0.4333794867781038
16.717171717171716,69.44444444444444,0.4096304133393726,0.06454193561223559,0.41468390007951744
16.717171717171716,69.64646464646465,0.3690502316893018,-0.026142330792630827,0.36997499235650866
16.717171717171716,69.84848484848484,0.38128855379207016,-0.02400847758487007,0.3820436732217818
16.717171717171716,70.05050505050505,0.47727860044642856,0.06300469993393829,0.4814192088584202
16.717171717171716,70.25252525252526,0.4218483828443826,-0.03280521716000647,0.42312201594969734
16.717171717171716,70.45454545454545,0.41887541665837524,0.022925104913993723,0.4195022945301314
16.717171717171716,70.65656565656566,0.32395656211472823,-0.011187765746227499,0.32414968801401955
16.717171717171716,70.85858585858585,0.2640986773608412,-0.0682002101038958,0.27276249749912695
16.717171717171716,71.06060606060606,0.3226908999087015,-0.006112962471012878,0.3227487958057467
16.717171717171716,71.26262626262626,0.4022449596259979,-0.03408758482408976,0.4036867238139746
16.717171717171716,71.46464646464646,0.38090875225722504,-0.2242355553755026,0.44201025083216805
16.717171717171716,71.66666666666667,0.2585982355622516,-0.05943601146762177,0.2653406996581735
16.717171717171716,71.86868686868686,0.36099814084487025,0.048452172934182865,0.36423518604810373
16.717171717171716,72.07070707070707,0.24658900941348846,0.018590006197795838,0.24728875407903125
16.717171717171716,72.27272727272727,0.4332593534877869,-0.06960551657706704,0.438814989856335
16.717171717171716,72.47474747474747,0.33144058130785087,-0.10070192077554993,0.3464011197810585
16.717171717171716,72.67676767676768,0.36563749276716456,0.05244136883914035,0.3693790374165554
16.717171717171716,72.87878787878788,0.26068407053521314,-0.13259207727034897,0.29246682476081654
16.717171717171716,73.08080808080808,0.20235527522139463,-1.0879703886185086,1.1066287651785647
16.717171717171716,73.28282828282828,0.3005342568842281,0.042145945118595686,0.30347507352481995
16.717171717171716,73.48484848484848,0.2606814899080404,0.17758703230512735,0.31542351406263
16.717171717171716,73.68686868686869,0.3263902717357468,-0.012092805799265496,0.3266142149935201
16.717171717171716,73.88888888888889,0.20625111484050124,-0.07990394740581637,0.22118807197491708
16.717171717171716,74.0909090909091,0.24991133972674642,0.03407651777414948,0.25222388227055187
16.717171717171716,74.29292929292929,0.24559073570432144,0.0846171831638464,0.25975926768909285
16.717171717171716,74.4949494949495,0.2551687267740988,0.09297840736941489,0.271580675602053
16.717171717171716,74.6969696969697,0.07647244880247261,0.029036988367249977,0.08179964620514324
16.717171717171716,74.8989898989899,0.21643465181097427,0.011462188330457066,0.21673795298899667
16.717171717171716,75.1010101010101,0.23784570208258854,-0.0690548373238252,0.2476674152103571
16.717171717171716,75.3030303030303,0.2645497457990779,0.015422230705591695,0.2649988928322027
16.717171717171716,75.5050505050505,0.17494267883682108,0.012534131986605662,0.17539112105024238
16.717171717171716,75.70707070707071,0.2940511298314519,-0.046091026191239524,0.29764147837711546
16.717171717171716,75.9090909090909,0.2509567205684075,0.018073955298125496,0.2516067237944336
16.717171717171716,76.11111111111111,0.2528675745197464,-0.07511200719214796,0.2637874596487346
16.717171717171716,76.31313131313131,0.2363247383940696,-0.054468180510633124,0.2425204417470089
16.717171717171716,76.51515151515152,0.35423733890305636,-0.028815491223044488,0.3554074067989357
16.717171717171716,76.71717171717171,0.1571848369291961,-0.012659753872889453,0.15769382463679454
16.717171717171716,76.91919191919192,0.15209767984854686,0.5478861403544897,0.5686061264248308
16.717171717171716,77.12121212121212,0.14717325497055844,-0.1355737951184417,0.2001005269894265
16.717171717171716,77.32323232323232,0.2761321998789547,-0.10596786777813752,0.2957671056954032
16.717171717171716,77.52525252525253,0.2915805808657412,-0.039050264523315795,0.29418388517616656
16.717171717171716,77.72727272727272,0.026886010021072427,-0.12226298363054659,0.1251842430224208
16.717171717171716,77.92929292929293,0.23634848455295687,-0.06725285791331885,0.2457306514214056
16.717171717171716,78.13131313131314,0.13697792788707985,-0.02511743733920068,0.139261762112673
16.717171717171716,78.33333333333333,0.27861118697423903,-0.07188406219296593,0.287735141935351
16.717171717171716,78.53535353535354,0.11846268675770916,-0.0037250578187465813,0.1185212394873093
16.717171717171716,78.73737373737373,0.20025061723604884,-0.12053171680350229,0.2337267730899013
16.717171717171716,78.93939393939394,0.1269985143552767,0.050141726396388864,0.1365386955205657
16.717171717171716,79.14141414141415,0.3209378080522155,0.048429111910068406,0.3245711871342844
16.717171717171716,79.34343434343434,0.30885125686608017,0.14848606257065688,0.3426911286355316
16.717171717171716,79.54545454545455,0.11509975493467267,0.050956895520653855,0.1258751714482429
16.717171717171716,79.74747474747474,0.2007806143664263,0.10556979273053214,0.22684319747906725
16.717171717171716,79.94949494949495,0.3011740052767854,0.05197374078683036,0.3056256716734342
16.717171717171716,80.15151515151516,0.1614452685097573,0.07559806749817856,0.17826845636187796
16.717171717171716,80.35353535353535,0.1396343123615581,0.21790071017790325,0.25880197194905563
16.717171717171716,80.55555555555556,0.18223814882455244,0.13683899400208444,0.22789395157946213
16.717171717171716,80.75757575757575,0.12454537027562033,0.1628395268588847,0.20500795293040902
16.717171717171716,80.95959595959596,0.04981229455509087,0.11825799644880002,0.12832076376381
16.717171717171716,81.16161616161617,0.04883516442269289,0.1838155813208543,0.19019211660979812
16.717171717171716,81.36363636363636,0.21123114408833546,0.17159242516980736,0.2721443672180688
16.717171717171716,81.56565656565657,0.1737742577187234,0.1175663381375019,0.20980785616547998
16.717171717171716,81.76767676767676,0.1842016920501797,0.1382947427537311,0.23033822788992256
16.717171717171716,81.96969696969697,0.2617061227682524,0.09848277476906833,0.2796228739223718
16.717171717171716,82.17171717171718,0.09051216980533444,0.12786728000204883,0.15666044228838386
16.717171717171716,82.37373737373737,0.13326174407350655,0.15889067922146102,0.20737632549780116
16.717171717171716,82.57575757575758,0.1349111193790346,0.22506712998676276,0.26240469342712314
16.717171717171716,82.77777777777777,0.1263602165156618,0.15664867024582785,0.20126030459996586
16.717171717171716,82.97979797979798,0.130844868673314,0.06375843046622873,0.1455524548527221
16.717171717171716,83.18181818181819,0.12710974404892517,0.2116892358546582,0.24691945976150276
16.717171717171716,83.38383838383838,0.1559264591191331,0.24784859020872474,0.2928173224416258
16.717171717171716,83.58585858585859,0.19766023565218452,0.06897569982470125,0.20934950662560542
16.717171717171716,83.78787878787878,0.2385146274221047,0.14820842728058273,0.28081126297085945
16.717171717171716,83.98989898989899,0.04376483302117708,0.1344760393816458,0.1414184067833656
16.717171717171716,84.1919191919192,0.11519021184347698,0.0719624568503395,0.13582113274627805
16.717171717171716,84.39393939393939,0.0981465348097547,0.15605449014385808,0.1843522340228669
16.717171717171716,84.5959595959596,0.04358222010325745,0.14904792923739338,0.1552890695415611
16.717171717171716,84.79797979797979,0.04314330418183062,0.2524791340840423,0.2561387472514726
16.717171717171716,85.0,0.19669479578025006,0.13021425071366985,0.23589106336603077
16.919191919191917,65.0,0.2697597173952941,0.15331928351292246,0.31028552629168
16.919191919191917,65.20202020202021,0.3034652153467783,0.13324942962511532,0.33143105983127935
16.919191919191917,65.4040404040404,0.37878884653507294,0.20280192664797492,0.42966220651984466
16.919191919191917,65.60606060606061,0.2829035073725988,0.1774769467387356,0.3339647602778204
16.919191919191917,65.8080808080808,0.8483305125159366,0.2352381915329561,0.8803417888645566
16.919191919191917,66.01010101010101,0.3255213970503623,0.2997067112160562,0.44247970878398946
16.919191919191917,66.21212121212122,0.3789571500715308,0.1497853501489383,0.40748518096929215
16.919191919191917,66.41414141414141,0.43673179533769396,0.11966629620170552,0.4528296407099691
16.919191919191917,66.61616161616162,0.4061490634127815,0.1760771903920869,0.4426739643207525
16.919191919191917,66.81818181818181,0.3871612545684808,0.2038692451333189,0.43755743183069035
16.919191919191917,67.02020202020202,0.35696397055478474,0.21777301182094674,0.4181487306590843
16.919191919191917,67.22222222222223,0.4194408421009892,0.19347010485190413,0.46191049078127
16.919191919191917,67.42424242424242,0.4082971172338281,0.25934301845340063,0.4836996352716996
16.919191919191917,67.62626262626263,0.3656879388683144,0.20112635260695952,0.41734815004590003
16.919191919191917,67.82828282828282,0.4523248763124835,0.1304275976976668,0.47075381248831955
16.919191919191917,68.03030303030303,0.2566975751352074,0.22111885486171975,0.3388025871442745
16.919191919191917,68.23232323232324,0.4678504082969495,0.2290877138212469,0.5209272359624403
16.919191919191917,68.43434343434343,0.3027120342904344,0.15974680192485766,0.34227710474040307
16.919191919191917,68.63636363636364,0.4576338470967956,0.11502504459829875,0.47186809480346725
16.919191919191917,68.83838383838383,0.28896391884836325,0.09790786534246074,0.3051001417438558
16.919191919191917,69.04040404040404,0.4818290698098723,-0.0344650273358302,0.48306013147754834
16.919191919191917,69.24242424242425,0.4922133940463967,0.042476972916909383,0.4940428306400744
16.919191919191917,69.44444444444444,0.4670455381006927,0.04290904202764906,0.4690124950867473
16.919191919191917,69.64646464646465,0.4424795400189141,-0.011505745549109846,0.442629106042509
16.919191919191917,69.84848484848484,0.5568126882662064,-0.008618585040280164,0.5568793853450998
16.919191919191917,70.05050505050505,0.4495675442298783,0.01241997205545181,0.44973907160790666
16.919191919191917,70.25252525252526,0.26281111853892214,0.0033248259013546333,0.2628321488991666
16.919191919191917,70.45454545454545,0.29460779982455876,-0.09908852233390908,0.3108251775126733
16.919191919191917,70.65656565656566,0.4613077117064469,0.015592133269518665,0.4615711424035657
16.919191919191917,70.85858585858585,0.3192629296955917,-0.04200535474245649,0.32201439114556973
16.919191919191917,71.06060606060606,0.419775316571199,0.016788917397614102,0.4201109188652852
16.919191919191917,71.26262626262626,0.443257059501644,-0.060313207523954464,0.44734159632195125
16.919191919191917,71.46464646464646,0.4012033731048083,-0.03162166339426333,0.4024476067595583
16.919191919191917,71.66666666666667,0.356897140554391,-0.009427839590472303,0.3570216423345291
16.919191919191917,71.86868686868686,0.4321963659443731,0.06855483383910316,0.43759966176658494
16.919191919191917,72.07070707070707,0.3229347639158417,0.014877946644963107,0.3232773036291765
16.919191919191917,72.27272727272727,0.24263480571752397,0.15390409231042512,0.2873292859690367
16.919191919191917,72.47474747474747,0.32427056288087985,-0.07539073408031893,0.33291915044985326
16.919191919191917,72.67676767676768,0.35646914526126183,0.060612603349281174,0.36158559043201915
16.919191919191917,72.87878787878788,0.27992562890093936,-0.020410607244196573,0.28066875601616803
16.919191919191917,73.08080808080808,0.33179303372074764,0.04537512084536839,0.3348813503576289
16.919191919191917,73.28282828282828,0.4014859114424331,0.07513881297133732,0.4084565806808636
16.919191919191917,73.48484848484848,0.3507697442962538,-0.04117435310913375,0.3531780583043274
16.919191919191917,73.68686868686869,0.32885345390099274,-0.01696372345794558,0.32929069536834776
16.919191919191917,73.88888888888889,0.29665505461981406,0.035599725508149486,0.29878346990377574
16.919191919191917,74.0909090909091,0.2003492826070363,0.04267974833869334,0.20484480945195632
16.919191919191917,74.29292929292929,0.20310739072727976,0.06152515159743217,0.21222147970252894
16.919191919191917,74.4949494949495,0.24439144812702338,0.00628075886448207,0.24447214125445324
16.919191919191917,74.6969696969697,0.21464365472758906,0.06203864862657439,0.2234293902740372
16.919191919191917,74.8989898989899,0.28430968065948387,0.029878564166419982,0.2858753629002411
16.919191919191917,75.1010101010101,0.20141816175193036,0.028527978285594537,0.20342841843899326
16.919191919191917,75.3030303030303,0.1907284585719243,-0.002283078707053153,0.19074212266199841
16.919191919191917,75.5050505050505,0.2113322109669958,-0.03953001596372887,0.21499750127452988
16.919191919191917,75.70707070707071,0.15329159578153523,-0.020906118190897015,0.15471063025875548
16.919191919191917,75.9090909090909,0.11500659484238582,-0.07291251116345826,0.13617177072140213
16.919191919191917,76.11111111111111,0.2694416994159531,-0.020751244278864305,0.2702396039134122
16.919191919191917,76.31313131313131,0.2164053297499055,0.04618584120074492,0.22127900639596557
16.919191919191917,76.51515151515152,0.2276232940753343,-0.04021362488958256,0.23114822005039573
16.919191919191917,76.71717171717171,0.19290296817150362,-0.16173338765625897,0.2517324846183859
16.919191919191917,76.91919191919192,0.27670804132608895,-0.11387978287922869,0.2992255755832726
16.919191919191917,77.12121212121212,0.3840587296753542,-0.29746037682267135,0.4857816213272507
16.919191919191917,77.32323232323232,0.16739407221740338,-0.012058166703654229,0.16782781294463195
16.919191919191917,77.52525252525253,0.10669554752132485,-0.12100262664840217,0.1613244417832831
16.919191919191917,77.72727272727272,0.1610661849375018,-0.07347823024809878,0.17703492946510344
16.919191919191917,77.92929292929293,0.17491091967456607,-0.020291191978259085,0.1760839637596254
16.919191919191917,78.13131313131314,0.20271885834864622,-0.05367100778815314,0.20970339197822835
16.919191919191917,78.33333333333333,0.195040305609886,-0.006277439527979892,0.19514130024017257
16.919191919191917,78.53535353535354,0.12708175654613146,-0.021670868861795062,0.12891624957341624
16.919191919191917,78.73737373737373,0.10022139648691296,-0.006606202084903902,0.10043888798554869
16.919191919191917,78.93939393939394,0.16602688629102752,0.07727949770056176,0.18313123091473207
16.919191919191917,79.14141414141415,0.24183323985413718,-0.08947362689021267,0.2578543112054511
16.919191919191917,79.34343434343434,0.12480111948209827,0.06892334301799061,0.14256839283922845
16.919191919191917,79.54545454545455,0.1192262806948084,0.13711167711538827,0.1816989763584587
16.919191919191917,79.74747474747474,0.16823746416983265,0.12264400135826836,0.20819557012449294
16.919191919191917,79.94949494949495,0.10644851012003213,-0.08819207091559464,0.1382357648336922
16.919191919191917,80.15151515151516,0.33027036842494184,0.1265780396850778,0.35369551366968727
16.919191919191917,80.35353535353535,0.03569253060593326,0.12282836066477196,0.12790919796735017
16.919191919191917,80.55555555555556,0.14740522762982383,0.12216808303401204,0.1914506245610221
16.919191919191917,80.75757575757575,0.10584066410897452,0.2071969397071961,0.23266460410439793
16.919191919191917,80.95959595959596,0.07856815178229418,0.12957046784236945,0.15153039500831544
16.919191919191917,81.16161616161617,0.14833732699256527,0.1306690883486512,0.19768250612830376
16.919191919191917,81.36363636363636,0.17587391304429817,0.18852822768861932,0.2578265423204625
16.919191919191917,81.56565656565657,0.05771341605345052,0.14827656330924172,0.1591124684597604
16.919191919191917,81.76767676767676,0.2115248564634176,0.2161876485118172,0.302456384080314
16.919191919191917,81.96969696969697,0.24750839248912915,0.16145985868683377,0.29551597303652666
16.919191919191917,82.17171717171718,0.12728790517852676,0.12626314235366942,0.17928912940209346
16.919191919191917,82.37373737373737,0.17997151255026078,0.18608756726773298,0.25887898335178106
16.919191919191917,82.57575757575758,0.11895391430220009,0.16632114590567285,0.20448167962727437
16.919191919191917,82.77777777777777,-0.07009202218769828,0.15607661671360623,0.1710929626230335
16.919191919191917,82.97979797979798,0.039059555335320996,0.14891680838104537,0.15395409926789863
16.919191919191917,83.18181818181819,0.12780511088084454,0.15749435137971537,0.2028265689789733
16.919191919191917,83.38383838383838,0.16213983709248847,0.11313983624162599,0.1977117834555155
16.919191919191917,83.58585858585859,0.13628049485937035,0.16591973760606177,0.2147131402741324
16.919191919191917,83.78787878787878,0.0876643339628761,0.13022457543683072,0.1569824050550172
16.919191919191917,83.98989898989899,0.08052708112226918,0.12690601829911202,0.15029886318467972
16.919191919191917,84.1919191919192,0.5475468165955396,0.040255185477069765,0.5490245862634048
16.919191919191917,84.39393939393939,0.04818930282056992,0.22947978018465284,0.23448492151933603
16.919191919191917,84.5959595959596,0.13965893360310241,0.06575304775014035,0.15436347049606006
16.919191919191917,84.79797979797979,0.10453226778007127,0.13903012180204555,0.17394358216253955
16.919191919191917,85.0,0.1769148826627758,0.12213293844280633,0.214977511289572
17.12121212121212,65.0,0.31313611450300244,-0.06601549563396257,0.32001917422216314
17.12121212121212,65.20202020202021,0.06553040390119846,0.2588297694467945,0.2669964108135819
17.12121212121212,65.4040404040404,0.2647999457683965,0.25810488076553084,0.36977985444576966
17.12121212121212,65.60606060606061,0.27601848446084104,0.23663058968656872,0.36356600465317546
17.12121212121212,65.8080808080808,0.3735148011359451,0.1297843404165971,0.3954203860260568
17.12121212121212,66.01010101010101,0.4038713558213948,0.03911306889784953,0.4057608953701916
17.12121212121212,66.21212121212122,0.4936708516238623,0.08063199078723107,0.5002123825749835
17.12121212121212,66.41414141414141,0.36172492408764934,0.18829395508313135,0.40779839900012355
17.12121212121212,66.61616161616162,0.32848047025731525,0.270160730312023,0.42530722959196515
17.12121212121212,66.81818181818181,0.3912381351179626,0.25622006206986025,0.46767082288471257
17.12121212121212,67.02020202020202,0.3998222560149257,0.1917980590218588,0.44344597399166596
17.12121212121212,67.22222222222223,0.3051945703760101,-0.009468598811778412,0.3053414157143701
17.12121212121212,67.42424242424242,0.2843586233371937,0.09196719584282075,0.29886082342357245
17.12121212121212,67.62626262626263,0.41895613235504864,0.19212898243189863,0.46090973815728586
17.12121212121212,67.82828282828282,0.3792804128215774,0.22044803997578624,0.4386923408030644
17.12121212121212,68.03030303030303,0.3654756252551415,0.11373361301046242,0.38276333077248953
17.12121212121212,68.23232323232324,0.5092656048797729,0.22562646800374828,0.5570087605930516
17.12121212121212,68.43434343434343,0.38123744428143297,1.1624778231591832,1.2233955526562748
17.12121212121212,68.63636363636364,0.30301295275147744,0.10841690972891849,0.3218246041718028
17.12121212121212,68.83838383838383,0.6286967260190853,0.10253535419767391,0.6370031963558419
17.12121212121212,69.04040404040404,0.5376959808395365,0.06312537230266566,0.5413887516741933
17.12121212121212,69.24242424242425,0.6673423518720853,0.10826713209059743,0.6760677380952955
17.12121212121212,69.44444444444444,0.3528292484960925,0.0295582546658928,0.3540652044655209
17.12121212121212,69.64646464646465,0.3882624279691707,0.198792399487913,0.43619506080041465
17.12121212121212,69.84848484848484,0.484125598331373,0.032956481489931945,0.4852460454572568
17.12121212121212,70.05050505050505,0.4865946443116846,0.10236294717972452,0.4972449304197419
17.12121212121212,70.25252525252526,0.4494918080069336,-0.04144288966082585,0.45139827045391023
17.12121212121212,70.45454545454545,0.37936304815474436,0.012466369269250144,0.3795678235414801
17.12121212121212,70.65656565656566,0.48789735857933886,-0.07658708006640758,0.49387185923252835
17.12121212121212,70.85858585858585,0.35094646276796293,-0.014793848823912116,0.3512581354109396
17.12121212121212,71.06060606060606,0.4189221159413908,-0.12724739048763445,0.43782146773625047
17.12121212121212,71.26262626262626,0.5268795713192098,-0.042708872406525364,0.5286077283352478
17.12121212121212,71.46464646464646,0.3166184697307111,-0.1494599867980749,0.3501221829994466
17.12121212121212,71.66666666666667,0.46301468456851486,-0.003109764790616416,0.46302512757207276
17.12121212121212,71.86868686868686,0.3803301904076207,-0.07177125711404052,0.38704284915655884
17.12121212121212,72.07070707070707,0.26164749706948015,-0.044243751745649415,0.2653618704547703
17.12121212121212,72.27272727272727,0.4812213843124389,-0.07019155579997485,0.4863135564892274
17.12121212121212,72.47474747474747,0.22832405911905337,-0.078203815590072,0.24134562922383113
17.12121212121212,72.67676767676768,0.37943873488322055,-0.0526535273201445,0.38307459778616504
17.12121212121212,72.87878787878788,0.32600169144677876,0.17605172414189454,0.3705014337347353
17.12121212121212,73.08080808080808,0.31843354745245417,0.04288628746686869,0.3213085087510838
17.12121212121212,73.28282828282828,0.32303920411526543,0.042095015222441266,0.32577034503159075
17.12121212121212,73.48484848484848,0.34899110203102834,-0.2346989511449876,0.4205691226961258
17.12121212121212,73.68686868686869,0.11548717739858368,0.02038033065218468,0.11727167612422155
17.12121212121212,73.88888888888889,0.33107065732649454,0.07510046613544127,0.3394817523172015
17.12121212121212,74.0909090909091,0.1859225341525863,-0.06735296153519722,0.19774632773652556
17.12121212121212,74.29292929292929,0.28999673244649654,-0.12280144117376676,0.31492586236128495
17.12121212121212,74.4949494949495,0.2555169491557145,0.04037385812695521,0.258686991798775
17.12121212121212,74.6969696969697,0.2824422613537384,0.055813073247969,0.2879040293986811
17.12121212121212,74.8989898989899,0.30252283249884554,-0.018895044111899927,0.30311233375617563
17.12121212121212,75.1010101010101,0.23319910431987861,0.03770110065657386,0.23622699940165762
17.12121212121212,75.3030303030303,0.1841665404919373,-0.004940502024229519,0.1842327962036613
17.12121212121212,75.5050505050505,0.26952742749447944,0.018789277381466317,0.27018155213913025
17.12121212121212,75.70707070707071,0.3280919752977187,-0.05100930748715879,0.3320335731595201
17.12121212121212,75.9090909090909,0.14706216662562488,-0.07641730030208922,0.16573136286799414
17.12121212121212,76.11111111111111,0.20633953968786956,-0.07789196458082853,0.22055195257549398
17.12121212121212,76.31313131313131,0.15842930151934728,-0.037256182801533436,0.16275093467273707
17.12121212121212,76.51515151515152,0.25215567472634226,-0.05275399370877848,0.25761496103472475
17.12121212121212,76.71717171717171,-0.20209125573395914,-0.0044759619013095405,0.20214081695459343
17.12121212121212,76.91919191919192,0.10285317845604414,-0.05987045208463833,0.11900944227803874
17.12121212121212,77.12121212121212,0.025245577490564115,0.03186644612168469,0.04065476074530891
17.12121212121212,77.32323232323232,0.18934336810885172,-0.10037603707616741,0.21430412937206847
17.12121212121212,77.52525252525253,0.2658054974090887,-0.03115983237020535,0.2676256669421533
17.12121212121212,77.72727272727272,0.24679699796836685,-0.11523264365852631,0.2723734942514249
17.12121212121212,77.92929292929293,0.3190636164331411,-0.06696600595822907,0.3260153942460266
17.12121212121212,78.13131313131314,0.22853792953217544,-0.03743969165935041,0.23158435989159723
17.12121212121212,78.33333333333333,0.1520488769598845,-0.04101567794998266,0.15748379860309056
17.12121212121212,78.53535353535354,0.17017292626280997,-0.0998826674949495,0.19732048068752114
17.12121212121212,78.73737373737373,0.10902611407605739,0.09694024729310138,0.14589072998574354
17.12121212121212,78.93939393939394,0.287254934775666,0.029125589759534994,0.2887277221394109
17.12121212121212,79.14141414141415,0.176766762349492,0.09897102477191924,0.20258764033357424
17.12121212121212,79.34343434343434,0.1023786735449847,0.05771934289494888,0.11752835973098254
17.12121212121212,79.54545454545455,0.2156848083384372,0.047547527366666134,0.22086354137039516
17.12121212121212,79.74747474747474,0.08207588266631344,0.028379792128518738,0.08684390086075351
17.12121212121212,79.94949494949495,0.198991625660663,0.05391766262327626,0.20616687761575786
17.12121212121212,80.15151515151516,0.14835347658647055,0.15014783348244762,0.21107611403179966
17.12121212121212,80.35353535353535,-0.0886243318653137,0.09101456224105503,0.12703512403467057
17.12121212121212,80.55555555555556,0.12542406382018997,0.11711393212142424,0.17160090000379558
17.12121212121212,80.75757575757575,0.4443523367959524,0.07911859351368396,0.45134105846422506
17.12121212121212,80.95959595959596,0.12417963156528969,0.10192044058216371,0.1606497964647122
17.12121212121212,81.16161616161617,0.15188286188418557,0.11848737550253367,0.1926334910850369
17.12121212121212,81.36363636363636,0.1708656658177957,0.15740237771273868,0.2323156995663063
17.12121212121212,81.56565656565657,0.05651525673973865,0.13851474910097328,0.14960050121194163
17.12121212121212,81.76767676767676,0.20075787127714428,0.11469757634772086,0.2312125794583238
17.12121212121212,81.96969696969697,0.16024155193205303,-0.01356285282577624,0.1608145078727865
17.12121212121212,82.17171717171718,0.29694828899102677,0.16130093788063365,0.33792939927723126
17.12121212121212,82.37373737373737,0.13066184779208484,0.06036028572936613,0.14393013083358422
17.12121212121212,82.57575757575758,0.16082955964587137,0.11250934532798545,0.1962765906623018
17.12121212121212,82.77777777777777,0.2458876833490322,0.02066908379518152,0.2467548659047804
17.12121212121212,82.97979797979798,0.2085576351188036,0.09822060118275967,0.23052889984349198
17.12121212121212,83.18181818181819,0.13427114202074147,0.09053886170264662,0.1619445122811054
17.12121212121212,83.38383838383838,0.1495152097657575,0.1316073094546129,0.19918655038225025
17.12121212121212,83.58585858585859,0.2627537473649364,0.06331420258971575,0.27027434211165585
17.12121212121212,83.78787878787878,0.16987103331413425,0.15244736322644262,0.22824628477569275
17.12121212121212,83.98989898989899,0.13582947024423944,0.14296038178393605,0.19719867075271955
17.12121212121212,84.1919191919192,0.1236977511070229,0.15660621353777326,0.19956612875829813
17.12121212121212,84.39393939393939,0.13759724160169431,0.13038365580184574,0.18955974941070486
17.12121212121212,84.5959595959596,-0.12517425487609152,0.17893335429295784,0.2183706467506883
17.12121212121212,84.79797979797979,0.008839575600879973,0.09932796566968026,0.09972052376958744
17.12121212121212,85.0,0.20361590933730056,0.07304414506547602,0.21632125569070207
17.323232323232325,65.0,0.20380785473183005,0.18113783447628043,0.27266931754259977
17.323232323232325,65.20202020202021,0.2461154060935726,0.05794387252926206,0.25284438985330787
17.323232323232325,65.4040404040404,0.3827843403066794,0.11974166039704434,0.4010759484420137
17.323232323232325,65.60606060606061,0.39662811565313827,0.261751829090733,0.47521351218047614
17.323232323232325,65.8080808080808,0.5193547899590112,0.22586642309043536,0.5663435696933763
17.323232323232325,66.01010101010101,0.5293680864650326,0.18792163305062515,0.5617340217007192
17.323232323232325,66.21212121212122,0.3435822136650068,0.12021205587030115,0.3640050493104605
17.323232323232325,66.41414141414141,0.26595847333459743,0.04045012240608385,0.26901695474660503
17.323232323232325,66.61616161616162,0.21376881361675096,0.3205489380931912,0.38529044549246966
17.323232323232325,66.81818181818181,0.4501207224326917,0.19138371510976407,0.4891179726533708
17.323232323232325,67.02020202020202,0.157520744473378,0.17701093673743834,0.2369507473381602
17.323232323232325,67.22222222222223,0.37435842005895065,0.20831466404781931,0.4284147825722049
17.323232323232325,67.42424242424242,0.5314779690216765,0.11647560702270562,0.5440913513250454
17.323232323232325,67.62626262626263,0.34377206453126746,-0.1732304939905578,0.3849519923319044
17.323232323232325,67.82828282828282,0.3298367400072226,0.1923831615271539,0.3818423181075863
17.323232323232325,68.03030303030303,0.381496989540455,0.23580941491449617,0.4484930692783859
17.323232323232325,68.23232323232324,0.412522031885866,0.07835822099259984,0.4198981276314156
17.323232323232325,68.43434343434343,0.40613830240570714,0.09020890346476837,0.4160360164039954
17.323232323232325,68.63636363636364,0.5746341364130195,0.14770040844178714,0.5933125663467844
17.323232323232325,68.83838383838383,0.29133389418303896,0.07794101942301492,0.3015795755825532
17.323232323232325,69.04040404040404,0.5099487075317982,0.04874735108868747,0.5122733533490837
17.323232323232325,69.24242424242425,0.5243251442390053,0.08926678967180104,0.531869736514086
17.323232323232325,69.44444444444444,0.3989285502582592,0.06009620596661642,0.40342972397028254
17.323232323232325,69.64646464646465,0.43789037661813124,0.14208198119611445,0.46036428110289124
17.323232323232325,69.84848484848484,0.43710501717699685,-0.08534688970991908,0.44535927926165386
17.323232323232325,70.05050505050505,0.5123230294722697,0.02282522221723556,0.5128312366626182
17.323232323232325,70.25252525252526,0.47729173055293983,0.015374804343478054,0.4775392975063103
17.323232323232325,70.45454545454545,0.4475339532680278,0.010210347414873103,0.44765041105983777
17.323232323232325,70.65656565656566,0.46421366375845907,0.006511075861817581,0.46425932379321155
17.323232323232325,70.85858585858585,0.48594274363770223,-0.008810179384773364,0.4860226016914537
17.323232323232325,71.06060606060606,0.3522182830499502,-0.01822112267866882,0.35268927999916005
17.323232323232325,71.26262626262626,0.42927427089316483,-0.04876797309189855,0.43203554813273226
17.323232323232325,71.46464646464646,0.5327869475404291,-0.1364562036298554,0.5499838424704134
17.323232323232325,71.66666666666667,0.3236237774101334,-0.02523567716650274,0.3246062055895659
17.323232323232325,71.86868686868686,0.4980632072736885,-0.10500867846100158,0.5090125548470089
17.323232323232325,72.07070707070707,0.3798438744895307,-0.07664790667592855,0.3875000265613155
17.323232323232325,72.27272727272727,0.7964219160011515,-0.051319879589092975,0.7980736797614517
17.323232323232325,72.47474747474747,0.35810503606953054,-0.03114294521492112,0.3594566731819279
17.323232323232325,72.67676767676768,0.3522143760081891,-0.053805477173761794,0.35630042947031965
17.323232323232325,72.87878787878788,0.33105214762343027,-0.023498582876998853,0.3318850822849871
17.323232323232325,73.08080808080808,0.2946502360213173,0.05628050923951733,0.29997709463836963
17.323232323232325,73.28282828282828,0.34956495907120005,-0.08798354519997269,0.3604674254858619
17.323232323232325,73.48484848484848,0.3089663461530968,0.1772293791659075,0.35618879248893875
17.323232323232325,73.68686868686869,0.38082593207455073,0.16786076923052476,0.41617980295434065
17.323232323232325,73.88888888888889,0.33708389921504356,0.021379029009680126,0.33776118485020507
17.323232323232325,74.0909090909091,0.2874668223700386,0.012603704845754696,0.28774298834092593
17.323232323232325,74.29292929292929,0.2110546911939738,-0.11182687668264618,0.2388500220296816
17.323232323232325,74.4949494949495,0.19928021425886172,-0.013695385508542976,0.19975026252619904
17.323232323232325,74.6969696969697,0.1937255997622028,0.035628388598647816,0.19697459246654492
17.323232323232325,74.8989898989899,0.1311105551189496,0.11461749253962222,0.17414691286287412
17.323232323232325,75.1010101010101,0.262318091064386,0.015420930793289538,0.2627709763390831
17.323232323232325,75.3030303030303,0.22043579696082066,0.039323654375788296,0.2239158109094099
17.323232323232325,75.5050505050505,0.23648778085172578,-0.01462538068124272,0.2369395962101842
17.323232323232325,75.70707070707071,0.08221658028992254,0.06055414907177965,0.10210960309577446
17.323232323232325,75.9090909090909,0.13887031828315094,-0.05196301545611755,0.14827380171613716
17.323232323232325,76.11111111111111,0.1416798454261303,0.06522563192275081,0.15597295169257502
17.323232323232325,76.31313131313131,0.06185047602903433,-0.07643749063695723,0.0983268598089712
17.323232323232325,76.51515151515152,0.1595566848256398,-0.4114359186802657,0.44129111803074256
17.323232323232325,76.71717171717171,0.05520980671626153,-0.0649007490772579,0.08520698321403093
17.323232323232325,76.91919191919192,0.17242505721756993,-0.14053757011046888,0.2224437209026976
17.323232323232325,77.12121212121212,0.18824941915464224,-0.04513459750652252,0.19358454407347703
17.323232323232325,77.32323232323232,0.15236261916549332,-0.0691123839607889,0.16730477977545252
17.323232323232325,77.52525252525253,-0.042800413700060214,-0.03428323997604678,0.054838088553044166
17.323232323232325,77.72727272727272,0.013241583976591538,-0.020258792651976477,0.02420244256113217
17.323232323232325,77.92929292929293,0.042774864772047616,-0.08601023789489565,0.09605961731655766
17.323232323232325,78.13131313131314,0.09240770843289914,-0.025273777213576154,0.09580160955047248
17.323232323232325,78.33333333333333,0.0304090518234305,0.03668931986883231,0.04765308620894952
17.323232323232325,78.53535353535354,0.08816655797861804,-0.01906711755796104,0.09020474997341395
17.323232323232325,78.73737373737373,0.02454065521402241,-0.04237778923038353,0.04897061137445943
17.323232323232325,78.93939393939394,0.021928179748570614,0.06251039702837818,0.06624496059121096
17.323232323232325,79.14141414141415,0.11030505076994143,0.015376339132418052,0.11137161231873448
17.323232323232325,79.34343434343434,0.14580786112597743,0.07473561993170347,0.16384549201216478
17.323232323232325,79.54545454545455,0.27973746763467583,0.10245844116688099,0.297910696291705
17.323232323232325,79.74747474747474,0.12596998171455479,0.03885505228626071,0.13182621659341257
17.323232323232325,79.94949494949495,-0.07900732978331185,0.045713564748721874,0.09127917704232759
17.323232323232325,80.15151515151516,0.11070502597017824,0.180643710371146,0.21186730014731464
17.323232323232325,80.35353535353535,0.1383093749398775,0.10439426928257556,0.17328487139765697
17.323232323232325,80.55555555555556,0.05076471139003598,0.0276892079808026,0.057825151630737565
17.323232323232325,80.75757575757575,0.07489453013774461,0.18256456724014736,0.1973297034309225
17.323232323232325,80.95959595959596,0.1412619000810792,0.24768255834993594,0.2851343089235075
17.323232323232325,81.16161616161617,0.14422561958030292,0.17987884163237167,0.23055894476321254
17.323232323232325,81.36363636363636,0.10472702277636048,0.2135097109566292,0.23781115611422368
17.323232323232325,81.56565656565657,0.12523968054086473,0.11185157646055406,0.16791590972474593
17.323232323232325,81.76767676767676,0.07935821624285029,0.04660168412256182,0.09202957920313456
17.323232323232325,81.96969696969697,0.14102279454341565,0.17282963204065938,0.22306391526229458
17.323232323232325,82.17171717171718,0.20921867821272286,0.165111590247476,0.2665225929393778
17.323232323232325,82.37373737373737,0.2062464421313396,0.12237836128814092,0.23982088775460483
17.323232323232325,82.57575757575758,0.09598328110255987,-0.04569887109748415,0.10630699445849036
17.323232323232325,82.77777777777777,0.1731594088920863,0.16755616176873184,0.24095486762986584
17.323232323232325,82.97979797979798,0.21136770395609836,0.21632462884654008,0.3024444598951453
17.323232323232325,83.18181818181819,0.1675065333781045,0.19148414860461138,0.2544103336957501
17.323232323232325,83.38383838383838,0.10518264565482074,0.1355148952375342,0.17154496721905732
17.323232323232325,83.58585858585859,0.13993083138926116,0.1921531933340501,0.237704621919227
17.323232323232325,83.78787878787878,0.11468690660165667,0.09150795388348815,0.1467201150824239
17.323232323232325,83.98989898989899,0.10783272776671779,0.08696585837931475,0.1385314321779072
17.323232323232325,84.1919191919192,0.32796831123015213,0.09839962754646281,0.3424115942435953
17.323232323232325,84.39393939393939,0.09616869941148808,0.069721421034175,0.11878339655659728
17.323232323232325,84.5959595959596,-0.10101238204400442,0.13852347518969313,0.17144169418444696
17.323232323232325,84.79797979797979,0.11835270372882382,0.15697221179189674,0.1965900245555782
17.323232323232325,85.0,0.24724336286358697,0.08443815414329629,0.261264391671009
17.525252525252526,65.0,0.2631864698927907,0.1558821642821886,0.3058861995512842
17.525252525252526,65.20202020202021,0.08722270012300004,0.1443706838950544,0.16867333454068106
17.525252525252526,65.4040404040404,0.3271113561604754,0.13951271632092754,0.355620074439547
17.525252525252526,65.60606060606061,0.39438085421519004,0.2070057897046928,0.4454072912995099
17.525252525252526,65.8080808080808,0.3957165888882189,0.11269889212624913,0.4114518914864916
17.525252525252526,66.01010101010101,0.44438658895490385,0.28544899591794604,0.5281671797012175
17.525252525252526,66.21212121212122,0.37554955840286663,0.10432148105944311,0.3897697297469673
17.525252525252526,66.41414141414141,0.3243948345602583,0.15635731463895647,0.36011056431391036
17.525252525252526,66.61616161616162,0.3955169561095546,0.24977971765016774,0.46778581628728855
17.525252525252526,66.81818181818181,0.3955676127231674,0.2358302013744681,0.460531888272493
17.525252525252526,67.02020202020202,0.13867044588157673,0.22008949751253654,0.2601324268066481
17.525252525252526,67.22222222222223,0.3963406588586308,0.067344260470807,0.40202135177481985
17.525252525252526,67.42424242424242,0.34059279454915725,0.15153387233553284,0.3727813919226736
17.525252525252526,67.62626262626263,0.46014672898332737,0.21856942082769099,0.509418888455275
17.525252525252526,67.82828282828282,0.46218767370436514,0.1038077089456726,0.47370189588052336
17.525252525252526,68.03030303030303,0.4278570382309588,0.138320125146793,0.4496599850824983
17.525252525252526,68.23232323232324,0.4182363044057768,0.07669404586347885,0.4252100457349415
17.525252525252526,68.43434343434343,0.29926349324025514,0.08012602430166048,0.30980448375830605
17.525252525252526,68.63636363636364,0.4546792654137017,0.0864396162986098,0.46282290529207204
17.525252525252526,68.83838383838383,0.5128527367563811,0.07274601430417847,0.5179864015547645
17.525252525252526,69.04040404040404,0.48760395001810947,0.02557033654413669,0.4882739540301565
17.525252525252526,69.24242424242425,0.25545630150077203,0.03636512464472703,0.2580316729916695
17.525252525252526,69.44444444444444,0.4805315885908216,0.05756358058215294,0.48396712020865285
17.525252525252526,69.64646464646465,0.3580087823595368,-0.0035094354591675876,0.3580259828333696
17.525252525252526,69.84848484848484,0.4396772721742279,-0.02165774483891916,0.4402103605982915
17.525252525252526,70.05050505050505,0.5269419344857971,0.9162011360702016,1.0569258838991322
17.525252525252526,70.25252525252526,0.4654991694287434,-0.09343960782861703,0.47478462174971053
17.525252525252526,70.45454545454545,0.3086758748672311,-0.08710902248362223,0.3207316285044285
17.525252525252526,70.65656565656566,0.47569647881649235,0.006533651538445491,0.4757413462805555
17.525252525252526,70.85858585858585,0.4705112738317535,0.03777223162327779,0.4720249996394067
17.525252525252526,71.06060606060606,0.5692306861695205,-0.060140411460447435,0.5723988497260063
17.525252525252526,71.26262626262626,0.3540955168124868,-0.08614121689253373,0.36442275488013737
17.525252525252526,71.46464646464646,0.409395397823684,-0.03899250780475977,0.411248109325887
17.525252525252526,71.66666666666667,0.36207904115284645,-0.003725956531677216,0.3620982115314029
17.525252525252526,71.86868686868686,0.38107633514468164,-0.05632326604166758,0.38521615166670026
17.525252525252526,72.07070707070707,0.34983728405136566,-0.08348370464335335,0.35966047079629776
17.525252525252526,72.27272727272727,0.4645621039087071,-0.006432733188582181,0.46460663839893623
17.525252525252526,72.47474747474747,0.3634209081179007,-0.046288039639319115,0.36635684662756174
17.525252525252526,72.67676767676768,0.30190307956387824,-0.035524467473957114,0.3039859490822917
17.525252525252526,72.87878787878788,0.3496503471126162,0.054932175432986285,0.35393913196166005
17.525252525252526,73.08080808080808,0.3572222667543328,-0.10566731858687581,0.37252292557968025
17.525252525252526,73.28282828282828,0.3182420122261695,0.05886783793686424,0.32364085139104787
17.525252525252526,73.48484848484848,0.3006149433000741,0.042302501776696484,0.3035767543667897
17.525252525252526,73.68686868686869,-0.3659916885237388,-0.14473100753685927,0.3935695371990722
17.525252525252526,73.88888888888889,0.2692182303927839,-0.02704701626610531,0.27057345890667295
17.525252525252526,74.0909090909091,0.32968937688189975,-0.05247713559510189,0.33383968456287827
17.525252525252526,74.29292929292929,0.19678364065636497,0.05627702604560337,0.20467267744012851
17.525252525252526,74.4949494949495,0.23111766826171395,-0.01070054584838759,0.2313652486096067
17.525252525252526,74.6969696969697,0.17694311100098872,0.07853305123398563,0.193587976555436
17.525252525252526,74.8989898989899,0.22505533629756244,0.07144636469122201,0.23612388151900268
17.525252525252526,75.1010101010101,0.19810700109902146,0.019895530460189808,0.19910353089973074
17.525252525252526,75.3030303030303,0.19266455057124332,-0.017210928397339478,0.19343175825886896
17.525252525252526,75.5050505050505,-0.052866427748876885,0.02286484316895105,0.05759913398713515
17.525252525252526,75.70707070707071,0.1302720152050426,-0.06728860405781176,0.14662385270354827
17.525252525252526,75.9090909090909,0.18654428681730167,-0.04669763974782651,0.19230039132095778
17.525252525252526,76.11111111111111,0.09332952613463445,0.041835431498665206,0.10227709312057576
17.525252525252526,76.31313131313131,-0.38836295810401555,-0.1100106321188731,0.40364356356381476
17.525252525252526,76.51515151515152,0.13388551418000674,-0.09138782713090231,0.16210202298229492
17.525252525252526,76.71717171717171,0.22682922736177993,-0.048106668097334056,0.23187442700946803
17.525252525252526,76.91919191919192,0.06684521311036543,-0.09536619338281785,0.11646026513836889
17.525252525252526,77.12121212121212,-0.09019580938931014,-0.1330248188251255,0.16071990061859245
17.525252525252526,77.32323232323232,0.08230145155468827,0.04651172272684175,0.0945350161528907
17.525252525252526,77.52525252525253,0.08645986780082679,-0.03320732092194357,0.0926176813732097
17.525252525252526,77.72727272727272,0.15190324099519806,-0.10287933039534068,0.1834632149708461
17.525252525252526,77.92929292929293,0.022268418210016426,0.0007058466782337083,0.022279602085974622
17.525252525252526,78.13131313131314,0.03599902320790492,-0.09010455612477616,0.09702968981897353
17.525252525252526,78.33333333333333,0.12217006024268169,-0.0284365144248197,0.12543587593800049
17.525252525252526,78.53535353535354,0.08727844571254083,-0.027203128433907944,0.09141956728506555
17.525252525252526,78.73737373737373,0.08463381392424944,0.04791142555583289,0.09725423979527367
17.525252525252526,78.93939393939394,0.12366036082316456,-0.15127951676871546,0.1953903197005709
17.525252525252526,79.14141414141415,0.02480966670408652,0.0016966124882715553,0.024867610578887915
17.525252525252526,79.34343434343434,-0.006215568096347868,0.08051929624091803,0.08075884071662404
17.525252525252526,79.54545454545455,0.024630321772182183,0.11619011113493423,0.11877202817224937
17.525252525252526,79.74747474747474,0.08328956933668613,-0.005092462586437311,0.0834451049222476
17.525252525252526,79.94949494949495,0.029023410302904416,0.14565693126276175,0.1485203688740896
17.525252525252526,80.15151515151516,0.033277222430040734,0.031045613720347153,0.04551047861681322
17.525252525252526,80.35353535353535,0.08344433445429279,0.07810304289093341,0.1142936667595491
17.525252525252526,80.55555555555556,0.08618956142491374,0.047102210357330795,0.09822045977883233
17.525252525252526,80.75757575757575,-0.04117993825042617,0.19007145148870527,0.1944812175644017
17.525252525252526,80.95959595959596,0.016827283551900447,0.11723117791030603,0.11843270893623047
17.525252525252526,81.16161616161617,-0.5495971940465045,0.1421226662047095,0.5676759004510641
17.525252525252526,81.36363636363636,0.028445655600454776,0.17936097297992107,0.18160262649764639
17.525252525252526,81.56565656565657,0.14838534196012496,0.18811926477276164,0.23959772012118066
17.525252525252526,81.76767676767676,0.14628155831593742,0.45191698880346315,0.47500237796513023
17.525252525252526,81.96969696969697,0.19560512980166525,0.11104827259047534,0.22492906804158244
17.525252525252526,82.17171717171718,0.3070101757814307,0.1177094275059825,0.3288020032742062
17.525252525252526,82.37373737373737,0.18558618035300548,0.11754540669605451,0.21967965989904284
17.525252525252526,82.57575757575758,0.1734149505476791,0.1282688867321168,0.21569805835229627
17.525252525252526,82.77777777777777,0.17847480634079027,0.14396716714559848,0.2293028602401446
17.525252525252526,82.97979797979798,0.6018918212444953,0.19436300049476515,0.6324956446034578
17.525252525252526,83.18181818181819,0.07944930532455996,0.1694978650451544,0.1871943331712275
17.525252525252526,83.38383838383838,0.05540962250733572,0.10628489510382776,0.11986119135749117
17.525252525252526,83.58585858585859,0.07453987711463467,0.0936340116750346,0.11968091503086593
17.525252525252526,83.78787878787878,0.01655999564373331,0.22680682843095465,0.2274105777632803
17.525252525252526,83.98989898989899,0.2565400454916234,0.13051702037205176,0.28783239488918333
17.525252525252526,84.1919191919192,0.07753794312978139,0.12566411539238728,0.14766042977774527
17.525252525252526,84.39393939393939,0.21161865003014854,0.0993754783960275,0.23379037351230228
17.525252525252526,84.5959595959596,0.14174896704919576,0.028738172164189557,0.14463281854009685
17.525252525252526,84.79797979797979,0.18233894994380645,0.11356260020804494,0.21481144483621492
17.525252525252526,85.0,0.18714034849298314,0.04147340532515562,0.19168086337279427
17.727272727272727,65.0,0.31364035675327645,0.1161171083559817,0.33444499732732935
17.727272727272727,65.20202020202021,0.31423289751238065,0.1940117404890909,0.3693005135748293
17.727272727272727,65.4040404040404,0.38589749229967274,0.1892318387661941,0.4297971188433106
17.727272727272727,65.60606060606061,0.23139842248196657,0.16997893053276855,0.2871203001395172
17.727272727272727,65.8080808080808,0.23685463125226458,0.257545579708268,0.34989975989262134
17.727272727272727,66.01010101010101,0.4377591126737834,0.28962408944399587,0.5248953742558624
17.727272727272727,66.21212121212122,0.35370354374204294,0.20988382475895612,0.41128751105659345
17.727272727272727,66.41414141414141,0.0808512440062202,0.19046363468325667,0.20691379797903864
17.727272727272727,66.61616161616162,0.6413149640101532,0.2226540043188813,0.6788664733970713
17.727272727272727,66.81818181818181,0.6055013954077979,0.2204626989267334,0.6443878812166239
17.727272727272727,67.02020202020202,0.2098384385426342,0.19512877920399146,0.28654390721781353
17.727272727272727,67.22222222222223,0.37736955571697134,0.2191382317460516,0.4363821103056478
17.727272727272727,67.42424242424242,0.6167676968432695,0.2311049511719951,0.6586439784326289
17.727272727272727,67.62626262626263,0.5231835426867297,0.10346109594538545,0.5333153079674888
17.727272727272727,67.82828282828282,0.39640851476802696,0.11225148077987537,0.4119952736596232
17.727272727272727,68.03030303030303,0.6612711253886151,0.18560098968077182,0.6868240157734785
17.727272727272727,68.23232323232324,0.39738859328658244,0.16014733344796922,0.4284447017816697
17.727272727272727,68.43434343434343,0.38900247750197214,0.11178421290809079,0.4047451516178467
17.727272727272727,68.63636363636364,0.4181019979145545,0.09724253483346425,0.42926144858463544
17.727272727272727,68.83838383838383,0.3737613052041404,0.1422830547110536,0.39992746958143705
17.727272727272727,69.04040404040404,0.33407522080332885,0.08398397837571114,0.34446997224519416
17.727272727272727,69.24242424242425,0.4475896360511732,-0.013228359184799664,0.4477850732071623
17.727272727272727,69.44444444444444,0.478126599020512,-0.07882501865440804,0.48458067259929927
17.727272727272727,69.64646464646465,0.435829292480795,0.04831271887657376,0.43849890648615897
17.727272727272727,69.84848484848484,0.5154054470426284,0.10882030687490885,0.526768102707027
17.727272727272727,70.05050505050505,0.42213372900290713,0.008296569042255949,0.42221525105066104
17.727272727272727,70.25252525252526,0.36285511080939964,0.006201277640117735,0.36290809757412623
17.727272727272727,70.45454545454545,0.5068561221877534,-0.039587020503698125,0.5083997057351303
17.727272727272727,70.65656565656566,0.4603728901743972,-0.0019384744652951556,0.46037697128633637
17.727272727272727,70.85858585858585,0.42312941974527085,-0.22207344638259313,0.47786517077750296
17.727272727272727,71.06060606060606,0.33353931104445156,-0.05856539780489445,0.33864196112126
17.727272727272727,71.26262626262626,0.49378813148880696,-0.06578770858531771,0.49815132379640825
17.727272727272727,71.46464646464646,0.31002886540643027,-0.017773890458950652,0.3105379341839661
17.727272727272727,71.66666666666667,0.44518769959452414,-0.05326234099163308,0.4483625372822458
17.727272727272727,71.86868686868686,0.4617132683943924,-0.054653693056852845,0.464936735885846
17.727272727272727,72.07070707070707,0.4026085033128657,-0.05485914046779553,0.4063288474040344
17.727272727272727,72.27272727272727,0.3974516768986626,0.0761004509336802,0.4046716126711489
17.727272727272727,72.47474747474747,0.43291590285232623,-0.14459972629098525,0.4564266203738259
17.727272727272727,72.67676767676768,0.45151483139987825,0.011351660755836532,0.4516575064979836
17.727272727272727,72.87878787878788,0.27483325093956573,0.15854384120438964,0.31728451806833097
17.727272727272727,73.08080808080808,0.39744402030318976,-0.050408899645223666,0.4006280150441361
17.727272727272727,73.28282828282828,0.18790483298622251,0.15607680366164506,0.24427074098388427
17.727272727272727,73.48484848484848,0.27286624852978125,0.03614179108916483,0.2752493753850301
17.727272727272727,73.68686868686869,0.33678558696279126,0.037917054688998156,0.3389133143182196
17.727272727272727,73.88888888888889,0.00737425067976312,0.13761742233773022,0.13781485588995548
17.727272727272727,74.0909090909091,0.2881565029780099,0.016310165721950827,0.2886177259185467
17.727272727272727,74.29292929292929,0.308118169013126,-0.01873560724296249,0.3086872673998133
17.727272727272727,74.4949494949495,0.17779521617460572,0.05075559577461082,0.18489799727690528
17.727272727272727,74.6969696969697,0.12674905390700156,-0.019929414069494594,0.12830629061536053
17.727272727272727,74.8989898989899,0.35588672194643045,0.034205277603637306,0.35752672609710984
17.727272727272727,75.1010101010101,0.14100629822824634,-0.03061933426320378,0.14429247995219624
17.727272727272727,75.3030303030303,0.11586125215695191,-0.0016645519087184254,0.11587320865684876
17.727272727272727,75.5050505050505,0.13784467485889806,-0.01845102061453674,0.13907406137980363
17.727272727272727,75.70707070707071,0.27851952620516823,0.0548584203993339,0.2838706972659585
17.727272727272727,75.9090909090909,0.11710526648396143,-0.019513591027758397,0.11871993797622299
17.727272727272727,76.11111111111111,0.11127655505944564,-0.06383270593098737,0.1282851747177738
17.727272727272727,76.31313131313131,0.3835701944327985,-0.08374807760102851,0.3926064627067195
17.727272727272727,76.51515151515152,-0.17198204421620086,-0.09613160158501785,0.19702565405571904
17.727272727272727,76.71717171717171,0.16227536508285684,0.03390003513572702,0.16577848622477526
17.727272727272727,76.91919191919192,0.1101937845627688,-0.0652543520459242,0.1280656105955042
17.727272727272727,77.12121212121212,0.06527579860082611,-0.06357846953812238,0.09112163119581193
17.727272727272727,77.32323232323232,-0.02539493755324158,-0.06654911783507128,0.07122982477838369
17.727272727272727,77.52525252525253,0.04153542990212357,-0.06741642634569033,0.07918438279344046
17.727272727272727,77.72727272727272,-0.041312940873645974,-0.1588310511438551,0.16411600132556023
17.727272727272727,77.92929292929293,0.09380243293638242,-0.14295802462685517,0.17098506727196106
17.727272727272727,78.13131313131314,0.010871075133644648,0.08021256800032636,0.08094588525532553
17.727272727272727,78.33333333333333,0.013136536122402172,-0.06811735589914059,0.06937249279062531
17.727272727272727,78.53535353535354,0.2185918884094947,-0.10155621635230208,0.24103128170058044
17.727272727272727,78.73737373737373,-0.0023668389785733027,-0.06629165529827742,0.06633389396783614
17.727272727272727,78.93939393939394,-0.03753304320131546,-0.010626510620294502,0.03900835884672726
17.727272727272727,79.14141414141415,-0.014751768086542178,0.04470810121100707,0.047078965319692155
17.727272727272727,79.34343434343434,0.04709196143767119,0.00016947072597149615,0.047092266375425934
17.727272727272727,79.54545454545455,0.14484569150302828,0.13581910894496452,0.19856259643143917
17.727272727272727,79.74747474747474,-0.21877214540304982,0.06884670716382822,0.22934934203427548
17.727272727272727,79.94949494949495,0.06428264563255014,0.1376805006558451,0.15194794763459027
17.727272727272727,80.15151515151516,0.06922543493860442,0.06078957225189674,0.0921278076207587
17.727272727272727,80.35353535353535,-0.056750452776096964,0.09647772405916234,0.11193107312059454
17.727272727272727,80.55555555555556,0.21099524750255708,0.12781532868644832,0.24668958777356237
17.727272727272727,80.75757575757575,0.05674963821984541,0.08716096783913074,0.10400747931152511
17.727272727272727,80.95959595959596,0.10547989777088608,0.1996541614085564,0.22580476744637273
17.727272727272727,81.16161616161617,0.1039911644449759,0.1371396496110186,0.17210881958242283
17.727272727272727,81.36363636363636,0.08469028710966668,0.08934459898236721,0.1231052480523791
17.727272727272727,81.56565656565657,0.12219883317897284,0.12469508284102482,0.17458928522401504
17.727272727272727,81.76767676767676,0.10812952180628077,0.05910586696624011,0.12322944857413679
17.727272727272727,81.96969696969697,0.058901426552149576,0.18370781752437118,0.19291951759592893
17.727272727272727,82.17171717171718,0.3428815400596502,0.1478055492898457,0.3733821513068756
17.727272727272727,82.37373737373737,0.06654133625776588,0.07305681857811314,0.09881825829129151
17.727272727272727,82.57575757575758,0.09379645477361209,0.23361405348917602,0.25174054285263997
17.727272727272727,82.77777777777777,0.07065193780296855,0.14715379997045475,0.1632358329566739
17.727272727272727,82.97979797979798,0.06060542603685003,0.16781304620901272,0.1784215125568
17.727272727272727,83.18181818181819,0.0005696522937477166,0.2203808699675826,0.22038160620025513
17.727272727272727,83.38383838383838,0.14152286091634408,0.1568982521667799,0.21129548432216275
17.727272727272727,83.58585858585859,0.0689474060436282,0.0886744044863297,0.11232495186355589
17.727272727272727,83.78787878787878,0.19862598450887942,0.040056118766614524,0.20262471313432312
17.727272727272727,83.98989898989899,0.24178150169571266,0.1362176706421952,0.2775131498819821
17.727272727272727,84.1919191919192,0.11530411609237161,0.07600005135304781,0.13809796158346804
17.727272727272727,84.39393939393939,0.015647876361039065,0.1544506439495027,0.15524128784259172
17.727272727272727,84.5959595959596,0.42942903694697804,0.13655449018707283,0.4506178276138888
17.727272727272727,84.79797979797979,0.2719013274249129,0.14409439687656875,0.30772313378531
17.727272727272727,85.0,0.13762686251534656,0.15201165316802878,0.20505778693991406
17.929292929292927,65.0,0.4249944375811116,0.07451198968654496,0.4314768922919664
17.929292929292927,65.20202020202021,0.3160721980255774,0.12026156944259238,0.33817817707462333
17.929292929292927,65.4040404040404,0.2843761392542332,0.23123302680277194,0.36652217021827543
17.929292929292927,65.60606060606061,0.28196605063777364,0.1461838019828789,0.317607552924097
17.929292929292927,65.8080808080808,0.43380188211218823,0.27384751737989727,0.5130073446834947
17.929292929292927,66.01010101010101,0.32410252035208126,0.19131098941655958,0.37635400671457475
17.929292929292927,66.21212121212122,0.35751853036887726,0.13934200657711435,0.38371303646613103
17.929292929292927,66.41414141414141,0.4724814008219445,0.16913931649811997,0.5018433844419175
17.929292929292927,66.61616161616162,0.40635828246000233,0.23960345695092677,0.4717381374307971
17.929292929292927,66.81818181818181,0.3133624623153917,0.353829221317095,0.47264273044893756
17.929292929292927,67.02020202020202,0.2426442554696332,0.16533276815125375,0.2936173682481485
17.929292929292927,67.22222222222223,0.4258514889717004,0.1765008228412075,0.46097942592163216
17.929292929292927,67.42424242424242,0.2319497634840745,0.1778103048145069,0.2922622063807532
17.929292929292927,67.62626262626263,0.4506931508834358,0.19662219287069568,0.4917159779613842
17.929292929292927,67.82828282828282,0.4438668018987382,0.14520513544315936,0.4670142066221111
17.929292929292927,68.03030303030303,0.2477513231198101,0.2080928665780674,0.3235480786966504
17.929292929292927,68.23232323232324,0.47986033940271533,0.15408683632644565,0.503992756357452
17.929292929292927,68.43434343434343,0.4987911147068113,0.16486262633613802,0.5253306212975904
17.929292929292927,68.63636363636364,0.42505551524865803,0.09403246412353723,0.43533239639664595
17.929292929292927,68.83838383838383,0.5182472247635229,-0.1565244857941337,0.5413687288976077
17.929292929292927,69.04040404040404,0.4405485684291328,0.02288952381977866,0.44114280164778225
17.929292929292927,69.24242424242425,0.321450403200927,0.07236845377031317,0.32949591017058844
17.929292929292927,69.44444444444444,0.3128665953527839,0.07979950154296536,0.32288305457881855
17.929292929292927,69.64646464646465,0.5726152354274825,0.18554430640328964,0.6019259900372711
17.929292929292927,69.84848484848484,0.3691541882659582,0.03809352665311296,0.37111444526880105
17.929292929292927,70.05050505050505,0.45190326451799145,0.034949411942672044,0.45325271303893633
17.929292929292927,70.25252525252526,0.40216551967428793,-0.10457458001290397,0.4155393459105471
17.929292929292927,70.45454545454545,0.5123508926897439,-0.039312257765394445,0.5138568777885436
17.929292929292927,70.65656565656566,0.3174079523628184,-0.0007806956902253531,0.3174089124598078
17.929292929292927,70.85858585858585,0.374724910954415,-0.0672137122342966,0.38070519040605305
17.929292929292927,71.06060606060606,0.3578361696886419,-0.07133914717945378,0.3648780594359303
17.929292929292927,71.26262626262626,0.5044310499767771,-0.04880776639596009,0.5067868212979068
17.929292929292927,71.46464646464646,0.4919295173029,-0.06513040408843244,0.4962223488826221
17.929292929292927,71.66666666666667,0.3664260539199429,-0.08768580544056293,0.37677161977397017
17.929292929292927,71.86868686868686,0.37449841550908397,-0.03000841926353934,0.37569877354805253
17.929292929292927,72.07070707070707,0.3760140277782399,-0.05190731575907087,0.37957992375167426
17.929292929292927,72.27272727272727,0.2953889882665798,-0.038177279826366914,0.2978458646415866
17.929292929292927,72.47474747474747,-0.1144334332632923,0.02327478773232257,0.11677639484248967
17.929292929292927,72.67676767676768,0.4167151054552326,-0.06662249783318777,0.4220071519916443
17.929292929292927,72.87878787878788,0.40361417163368246,-0.022944170020032427,0.4042657968236391
17.929292929292927,73.08080808080808,0.31370825623330273,0.09478845867858457,0.32771591650025367
17.929292929292927,73.28282828282828,0.18785532692639084,-0.11388319099929102,0.21967932321181752
17.929292929292927,73.48484848484848,0.29176997106255054,0.13831958327185062,0.3228963039899032
17.929292929292927,73.68686868686869,0.2502602032561608,0.022786249353500192,0.2512954088188139
17.929292929292927,73.88888888888889,0.24797837497520547,0.04162525644128023,0.2514476812960222
17.929292929292927,74.0909090909091,0.24334131147660798,0.060308993063558115,0.2507033476351998
17.929292929292927,74.29292929292929,0.12485892797837347,0.07277688325713114,0.14452067890973508
17.929292929292927,74.4949494949495,0.2354781358276195,0.11559728522561533,0.2623217200393118
17.929292929292927,74.6969696969697,-0.0007771686339963016,0.01605322345198687,0.016072024585754244
17.929292929292927,74.8989898989899,-0.06724674925626734,-0.0207172860181589,0.07036569636899427
17.929292929292927,75.1010101010101,0.1961342458187903,-0.05391629519566316,0.20340995371547468
17.929292929292927,75.3030303030303,0.22254762967786335,-0.05835795512246714,0.230071941794977
17.929292929292927,75.5050505050505,0.10582285494575407,0.003135811433576205,0.10586930594944435
17.929292929292927,75.70707070707071,0.16260526480796594,0.008479509310086737,0.16282620864408953
17.929292929292927,75.9090909090909,0.14227511756512742,-0.07851262892065218,0.16250059070108902
17.929292929292927,76.11111111111111,0.06408271078200029,-0.09781449051116713,0.11693702739136436
17.929292929292927,76.31313131313131,0.09452053856605788,-0.07529145863143678,0.12084260818795245
17.929292929292927,76.51515151515152,0.011946100370712257,-0.21567179527224586,0.21600239024145235
17.929292929292927,76.71717171717171,0.06005791433624193,-0.19005850073842412,0.1993218171133229
17.929292929292927,76.91919191919192,-0.05906839550678397,-0.14852659563334286,0.15984124923866305
17.929292929292927,77.12121212121212,0.03386489974075835,-0.07653339469027308,0.08369105052076198
17.929292929292927,77.32323232323232,0.08298801129514399,-0.14067425476443277,0.16332867467854958
17.929292929292927,77.52525252525253,-0.03716760721929375,-0.08575123042413463,0.09345964126648855
17.929292929292927,77.72727272727272,0.10852724558549551,-0.06637781559061608,0.1272170485310687
17.929292929292927,77.92929292929293,0.10107123114113382,-0.04928832870956572,0.11244880217844341
17.929292929292927,78.13131313131314,0.06850307967800194,-0.0661778978877331,0.09524802409609298
17.929292929292927,78.33333333333333,-0.06773568069256593,-0.0595362058238177,0.09018138523432224
17.929292929292927,78.53535353535354,0.12892376776553643,-0.050676791780879984,0.1385260810102727
17.929292929292927,78.73737373737373,-0.09791033866351971,-0.12966475538690353,0.16247887003161565
17.929292929292927,78.93939393939394,0.1220977479273059,0.023633841566763524,0.12436405636727524
17.929292929292927,79.14141414141415,0.04793650363357997,0.07877811023138337,0.0922165876197998
17.929292929292927,79.34343434343434,0.0013745706035104273,-0.05341929141074091,0.053436973521801295
17.929292929292927,79.54545454545455,0.21598733825798153,-0.046083624585443204,0.2208488866684634
17.929292929292927,79.74747474747474,-0.04807949323186679,0.09202351071256396,0.10382660638438732
17.929292929292927,79.94949494949495,-0.025040507356763674,0.032494050819753297,0.041023046539242373
17.929292929292927,80.15151515151516,0.04588644954346004,0.10709688019128104,0.11651312371750279
17.929292929292927,80.35353535353535,0.05052626339016733,0.14181397415035252,0.15054602803292225
17.929292929292927,80.55555555555556,0.10386977978531856,0.21327186365807854,0.23722103401857225
17.929292929292927,80.75757575757575,0.06641369457931459,0.25022951673411936,0.25889300854342395
17.929292929292927,80.95959595959596,0.08845512337993405,0.16096749639207275,0.183670475980467
17.929292929292927,81.16161616161617,0.18855750956198994,0.12394556494019673,0.2256467094388138
17.929292929292927,81.36363636363636,0.012411410871053817,0.15045383693602596,0.15096489714030345
17.929292929292927,81.56565656565657,-0.04027878882481911,0.09553327577907397,0.10367732447490616
17.929292929292927,81.76767676767676,0.1014907394934414,0.15760930936085565,0.18745950122661556
17.929292929292927,81.96969696969697,0.14231863788379365,0.15290797899709024,0.20889098767077763
17.929292929292927,82.17171717171718,-0.11404180059406133,0.23487455219128037,0.2610968930297527
17.929292929292927,82.37373737373737,0.040328068160096375,0.0708486007499132,0.08152225039672285
17.929292929292927,82.57575757575758,0.08828139568056452,0.15029210880624097,0.17430238894729863
17.929292929292927,82.77777777777777,0.052635333627986974,0.08783474586083688,0.10239834435461981
17.929292929292927,82.97979797979798,0.1690153970795732,0.23955218141347367,0.2931747807535969
17.929292929292927,83.18181818181819,0.09570653349320687,0.14348689823122168,0.17247675355624972
17.929292929292927,83.38383838383838,0.07177090317318549,0.14585053024342576,0.16255288282458488
17.929292929292927,83.58585858585859,0.4284795821761817,0.1125478840261009,0.44301442249731315
17.929292929292927,83.78787878787878,0.17305994214145487,0.052004200763474985,0.1807046775018608
17.929292929292927,83.98989898989899,0.16149387692979664,0.07110536391486866,0.17645465441093416
17.929292929292927,84.1919191919192,0.068435391531725,-0.027869968202203107,0.07389274620483603
17.929292929292927,84.39393939393939,0.17639770238443617,0.13596395876888626,0.2227158447228565
17.929292929292927,84.5959595959596,0.058191398044820916,0.07390241411846442,0.09406277488437068
17.929292929292927,84.79797979797979,0.10513947404202631,0.09194831563029353,0.13967391219938677
17.929292929292927,85.0,0.1103162606763597,0.14150960901438198,0.179428667756905
18.13131313131313,65.0,0.24313037938485327,0.1387855110340995,0.279953209399033
18.13131313131313,65.20202020202021,0.266206002727487,0.1328573252692647,0.2975175705161798
18.13131313131313,65.4040404040404,0.1969571303641003,0.28290741727073215,0.34471541588396853
18.13131313131313,65.60606060606061,0.5595926421721291,0.18467951825339163,0.5892796022564241
18.13131313131313,65.8080808080808,0.29150871638963005,0.1720294273145439,0.3384840551537099
18.13131313131313,66.01010101010101,0.15347469310036385,0.2321319816638732,0.2782799639453901
18.13131313131313,66.21212121212122,0.4042894791968555,0.13917382770737416,0.42757377995848445
18.13131313131313,66.41414141414141,0.3136097389390126,0.22301258752445588,0.3848190257143593
18.13131313131313,66.61616161616162,0.45396005834299075,0.24690514243781345,0.5167609543425359
18.13131313131313,66.81818181818181,0.4663214843440624,0.18846106448493713,0.5029645112606308
18.13131313131313,67.02020202020202,0.2032063315633807,0.22000122500712882,0.29948848423951785
18.13131313131313,67.22222222222223,0.4462814900183677,0.15907910337690445,0.47378616428111775
18.13131313131313,67.42424242424242,0.36338590159807116,0.1793517978514053,0.4052362038031331
18.13131313131313,67.62626262626263,0.36354467481586483,0.16141925801948578,0.39776991772447323
18.13131313131313,67.82828282828282,0.3189319217679744,0.19207319441216394,0.37230321343537487
18.13131313131313,68.03030303030303,0.4961465057480819,0.10591593262708983,0.5073258715562392
18.13131313131313,68.23232323232324,0.45701020707924966,0.1401699646437005,0.4780229579872026
18.13131313131313,68.43434343434343,0.39776957882908087,0.13909598589351307,0.4213885749917204
18.13131313131313,68.63636363636364,0.43834503584183104,0.09237674480714102,0.44797302756788804
18.13131313131313,68.83838383838383,0.45653788593235184,0.09165572277766754,0.465647519921966
18.13131313131313,69.04040404040404,0.41621108879824414,-0.021576721880621784,0.41676999096112183
18.13131313131313,69.24242424242425,0.31138373941400876,0.010256015776794445,0.31155259432568555
18.13131313131313,69.44444444444444,0.49254100224805575,-0.12600159912304015,0.5084024408645994
18.13131313131313,69.64646464646465,0.5090127836183277,0.04869084688924592,0.5113363007431317
18.13131313131313,69.84848484848484,0.4912063881448805,0.0190045628495472,0.49157388983085887
18.13131313131313,70.05050505050505,0.4455143993199579,-0.024271445883945166,0.4461750587905157
18.13131313131313,70.25252525252526,0.5952926332060773,-0.044360021598155615,0.5969431553051046
18.13131313131313,70.45454545454545,0.3160290243403741,-0.06266931467765846,0.3221828475069648
18.13131313131313,70.65656565656566,0.36490058420397803,-0.02143957062231305,0.36552987776770535
18.13131313131313,70.85858585858585,0.31729473814951475,-0.045711352468383135,0.3205705516760045
18.13131313131313,71.06060606060606,0.5256929089348287,-0.09396188971947628,0.5340242234431104
18.13131313131313,71.26262626262626,0.41990109769589445,-0.031738217540033885,0.4210988557320426
18.13131313131313,71.46464646464646,0.4332396520876976,-0.05375307957753046,0.43656155316878004
18.13131313131313,71.66666666666667,0.3818170010997662,-0.014405171355900194,0.3820886432368956
18.13131313131313,71.86868686868686,0.4865047175919209,-0.09600365070977883,0.49588662130450734
18.13131313131313,72.07070707070707,0.30992080340115025,-0.09084616591966924,0.3229611899952044
18.13131313131313,72.27272727272727,0.3782159311748293,-0.04477456101372615,0.3808569966646473
18.13131313131313,72.47474747474747,0.3840828471691787,-0.06981811337721912,0.3903770004049123
18.13131313131313,72.67676767676768,0.24816096755036565,-0.013597474448800821,0.24853321131575037
18.13131313131313,72.87878787878788,0.15774734173390628,-0.09271701638804469,0.1829772361579843
18.13131313131313,73.08080808080808,0.1870755009774014,-0.09687867479532096,0.21067206909327887
18.13131313131313,73.28282828282828,0.29555856355346327,-0.10992759796519766,0.31533940648796926
18.13131313131313,73.48484848484848,0.599067002860242,0.0014789328807052853,0.5990688283982224
18.13131313131313,73.68686868686869,0.20922807508180274,-0.001564056445068504,0.20923392094734505
18.13131313131313,73.88888888888889,0.2035684652696447,0.0234890787579014,0.20491914716085813
18.13131313131313,74.0909090909091,0.26909627476996273,0.19146857433108955,0.33026204754929267
18.13131313131313,74.29292929292929,0.19386847841561,0.061262845897150336,0.20331778872150325
18.13131313131313,74.4949494949495,0.164558402267342,-0.02883809931986126,0.1670661657223345
18.13131313131313,74.6969696969697,0.09853790666617299,0.00254438282512404,0.09857075090569314
18.13131313131313,74.8989898989899,0.28022512348598966,0.2079429645131741,0.3489504210102996
18.13131313131313,75.1010101010101,0.022361145029430752,0.0064286363527985835,0.023266890045379057
18.13131313131313,75.3030303030303,0.18406507892003596,0.14243561200924065,0.23273989096475492
18.13131313131313,75.5050505050505,0.0810283311164629,0.008990660626161839,0.08152559366244423
18.13131313131313,75.70707070707071,-0.02698449205832723,-0.024318063328767008,0.03632534949188856
18.13131313131313,75.9090909090909,-0.007131971217407811,-0.03529445771156377,0.036007829129222665
18.13131313131313,76.11111111111111,0.35816552335399837,-0.0804395719198457,0.36708727415982645
18.13131313131313,76.31313131313131,0.039136784852048634,-0.024933244955225326,0.04640425231110628
18.13131313131313,76.51515151515152,-0.03221420062615479,-0.08866220016251673,0.09433313553381088
18.13131313131313,76.71717171717171,0.06763467304750276,-0.045470300698321905,0.08149844933394997
18.13131313131313,76.91919191919192,0.2750503391428315,-0.10863225534408058,0.2957256430608075
18.13131313131313,77.12121212121212,-0.037677567449300994,-0.12067736764957498,0.1264224115880065
18.13131313131313,77.32323232323232,-0.12059072577996277,-0.12307763956696724,0.17230852708300445
18.13131313131313,77.52525252525253,-0.07964569891729231,-0.08666791666368089,0.11770626633636254
18.13131313131313,77.72727272727272,-0.28233576689767254,-0.07303302666993639,0.2916287164431317
18.13131313131313,77.92929292929293,0.05740771085765019,0.0034864295347016468,0.05751348065293916
18.13131313131313,78.13131313131314,-0.1376598252545806,-0.03962729035864076,0.1432499550795381
18.13131313131313,78.33333333333333,0.07199093466778794,-0.030848235689093888,0.07832182530732795
18.13131313131313,78.53535353535354,0.0095028292197676,0.15924768109735268,0.15953096156566038
18.13131313131313,78.73737373737373,0.021053557098772442,0.01815512382937637,0.02780037387826396
18.13131313131313,78.93939393939394,-0.017224823838693136,-0.01975239804443959,0.02620785730997466
18.13131313131313,79.14141414141415,-0.012240366940976233,0.026310653955489517,0.02901856465118942
18.13131313131313,79.34343434343434,-0.0646116555512242,-0.06387112359987206,0.09085255342025436
18.13131313131313,79.54545454545455,-0.05429109324060724,0.08846368075418531,0.10379472827575939
18.13131313131313,79.74747474747474,0.04199542123340534,-0.007140662631636156,0.04259817446076765
18.13131313131313,79.94949494949495,-0.12232636055272506,0.09830519283108302,0.15693198980332757
18.13131313131313,80.15151515151516,0.07803530775773691,0.11505916889684573,0.13902561492069576
18.13131313131313,80.35353535353535,-0.0699685680132034,0.12452348027178761,0.14283451140679043
18.13131313131313,80.55555555555556,-0.014606691579810562,0.165250164947338,0.1658944617943291
18.13131313131313,80.75757575757575,0.16691226828741074,0.13161519574009942,0.21256120307937962
18.13131313131313,80.95959595959596,0.12296730355820998,0.1299433200507562,0.17890283443867014
18.13131313131313,81.16161616161617,0.04232712019748687,0.13238885387735075,0.13899062463048015
18.13131313131313,81.36363636363636,0.06878929925641489,0.314166692467415,0.32160951221645157
18.13131313131313,81.56565656565657,0.08480263294708196,0.2014172510476132,0.2185415191086919
18.13131313131313,81.76767676767676,0.05113550702255584,0.08300566379229454,0.09749246278586512
18.13131313131313,81.96969696969697,0.14235242578729934,0.07584595831925928,0.16129731095370245
18.13131313131313,82.17171717171718,0.06675023331053954,0.10588117182910285,0.12516555514563688
18.13131313131313,82.37373737373737,0.253448713332813,0.09856058406786816,0.27193830002752045
18.13131313131313,82.57575757575758,0.1484904137995628,0.14865174615136967,0.21011126724718177
18.13131313131313,82.77777777777777,0.03883317706526591,0.0784240651759714,0.08751199711872255
18.13131313131313,82.97979797979798,0.012542236797168121,0.11476073018919834,0.11544406826439467
18.13131313131313,83.18181818181819,0.23612246115986285,0.11598872517648673,0.2630726155118725
18.13131313131313,83.38383838383838,0.1373539281573875,0.17378095546843272,0.22150828892794547
18.13131313131313,83.58585858585859,0.08756135238950569,0.10908336817583222,0.13987913227091223
18.13131313131313,83.78787878787878,0.47917348338608856,0.1840248748677883,0.5132956085439103
18.13131313131313,83.98989898989899,0.09881414355858009,0.060427780782182514,0.11582638584310219
18.13131313131313,84.1919191919192,0.2272409031796067,0.06802895298653826,0.23720532566181568
18.13131313131313,84.39393939393939,0.1667381767810357,0.1061769714545823,0.19767440113360937
18.13131313131313,84.5959595959596,0.0851662630631366,0.10512444476281038,0.13529390692425344
18.13131313131313,84.79797979797979,0.07642651840412636,0.14814484563227182,0.1666970545714168
18.13131313131313,85.0,0.0905379982875723,0.09163473918961175,0.1288179124200847
18.333333333333336,65.0,-0.0723599552409486,0.13506946559797614,0.15323094876491153
18.333333333333336,65.20202020202021,0.15264370053521156,0.2321101594981736,0.2778042934429757
18.333333333333336,65.4040404040404,0.29237991739146363,0.18958771566500823,0.34846738444926967
18.333333333333336,65.60606060606061,0.330637175677557,0.7277014218519885,0.7992936264636654
18.333333333333336,65.8080808080808,0.43805058269205294,0.22220276339495554,0.4911846710323946
18.333333333333336,66.01010101010101,0.6629966840619861,0.22829549603645696,0.7012014236920237
18.333333333333336,66.21212121212122,0.053694726533946684,0.20551033555470527,0.21240909038306924
18.333333333333336,66.41414141414141,0.38546206342284334,0.24110710930195528,0.45465771795290255
18.333333333333336,66.61616161616162,0.3184007673806253,0.08274237300567285,0.3289762133637947
18.333333333333336,66.81818181818181,0.5775173462869709,0.27704205357652073,0.6405299249154881
18.333333333333336,67.02020202020202,0.3318986398137258,0.2917559599780193,0.4419029840280521
18.333333333333336,67.22222222222223,0.47060410714058776,0.2438779381343604,0.530042143952966
18.333333333333336,67.42424242424242,0.5973925007632223,0.19155705483901028,0.6273530945382609
18.333333333333336,67.62626262626263,0.31824711366032266,0.1656583679243731,0.3587811592273113
18.333333333333336,67.82828282828282,0.3047966210626127,0.21791745888454445,0.37468519999845606
18.333333333333336,68.03030303030303,0.35950674143383465,0.11812175213579172,0.37841491178863906
18.333333333333336,68.23232323232324,0.4479200231097104,0.15891823316509668,0.4752760796999146
18.333333333333336,68.43434343434343,0.5143970844913694,0.6434656093313803,0.8238035875895574
18.333333333333336,68.63636363636364,0.35076129045057636,0.19631386121468064,0.40196096201443554
18.333333333333336,68.83838383838383,0.3971371427764891,0.16038403794073086,0.42830006980952884
18.333333333333336,69.04040404040404,0.24821385662480117,0.09225878324897936,0.2648052146524677
18.333333333333336,69.24242424242425,0.5235968837170585,0.11080458067536932,0.5351928173442346
18.333333333333336,69.44444444444444,0.4866972125444299,0.03375798289562698,0.48786655768529513
18.333333333333336,69.64646464646465,0.5344519565505795,-0.07832037645640078,0.5401601385043281
18.333333333333336,69.84848484848484,0.3710543926634075,-0.23255099018671313,0.437905612377406
18.333333333333336,70.05050505050505,0.43358412848086914,-0.06606374463558268,0.438588206437189
18.333333333333336,70.25252525252526,0.4655779780992985,-0.03845631101568789,0.4671635062244976
18.333333333333336,70.45454545454545,0.34620436068046245,-0.0020425303256522446,0.3462103858700645
18.333333333333336,70.65656565656566,0.36846300934368964,0.012819164045662232,0.36868593710831654
18.333333333333336,70.85858585858585,0.45573801143680026,-0.03345483040035872,0.45696428826056623
18.333333333333336,71.06060606060606,0.24414254173658684,-0.11270335243873764,0.2689007741463965
18.333333333333336,71.26262626262626,0.4055617822123842,-0.0719164578613388,0.4118887423839198
18.333333333333336,71.46464646464646,0.35158157466649786,-0.06858232846393113,0.3582082347218008
18.333333333333336,71.66666666666667,0.3491631030286751,0.06572904121603487,0.3552959039670911
18.333333333333336,71.86868686868686,0.3966358985532874,-0.06427256301854765,0.4018096544113231
18.333333333333336,72.07070707070707,0.31741779549445515,-0.08191641364301334,0.3278175646921516
18.333333333333336,72.27272727272727,0.3642721276014484,-0.07679928303090161,0.3722798850614231
18.333333333333336,72.47474747474747,0.35769774344894967,-0.03282975259879679,0.35920115301063393
18.333333333333336,72.67676767676768,0.33626852754689973,0.003283065705164975,0.33628455382158795
18.333333333333336,72.87878787878788,0.2535844362715206,-0.07003966977435494,0.2630791167334374
18.333333333333336,73.08080808080808,0.4012739936460466,-0.14335486589298424,0.4261119988358025
18.333333333333336,73.28282828282828,0.2981350610906247,-0.12859596072255697,0.32468667321845524
18.333333333333336,73.48484848484848,0.1808381200697653,0.11591333571936939,0.21479834046835206
18.333333333333336,73.68686868686869,0.2179982733766932,-0.10780481618764226,0.2431977088470835
18.333333333333336,73.88888888888889,0.33394242734496,0.029316167002044455,0.33522676269763374
18.333333333333336,74.0909090909091,0.28338301234043317,0.0726245602319493,0.29254103717602103
18.333333333333336,74.29292929292929,0.2888226751548884,-0.013990892609699974,0.28916134381974773
18.333333333333336,74.4949494949495,0.17434948485443372,-0.19763360188176818,0.26354654894679924
18.333333333333336,74.6969696969697,0.2046629574506331,0.0073306572509677145,0.20479420081674876
18.333333333333336,74.8989898989899,0.0990519628244809,0.006593050012500032,0.09927114206983655
18.333333333333336,75.1010101010101,0.027544333435236455,-0.01541878321581952,0.03156626649206273
18.333333333333336,75.3030303030303,0.09918154011871465,0.07167858250564907,0.12237155343599813
18.333333333333336,75.5050505050505,0.1174173287648771,-0.04732818819000329,0.12659694503275978
18.333333333333336,75.70707070707071,0.11424282751380767,-0.03612305458868046,0.11981777293526365
18.333333333333336,75.9090909090909,0.06236741607641997,-0.06162469485624458,0.08767723538168015
18.333333333333336,76.11111111111111,0.07895189533335602,-0.04589278174784896,0.09132113223829905
18.333333333333336,76.31313131313131,-0.06030329866065072,-0.042064331266816316,0.07352479713865316
18.333333333333336,76.51515151515152,0.10447293275470564,-0.1651098774060284,0.19538645115617145
18.333333333333336,76.71717171717171,0.05789756950779386,-0.16827075050742846,0.17795272976620238
18.333333333333336,76.91919191919192,-0.17454135942409715,-0.08841807842928101,0.195658996069024
18.333333333333336,77.12121212121212,0.10995926162506996,-0.08686287576941615,0.14012922037913295
18.333333333333336,77.32323232323232,-0.12977405885043752,-0.22868625462900583,0.2629424070148429
18.333333333333336,77.52525252525253,0.03901664117968721,0.006448365610022582,0.039545918980155026
18.333333333333336,77.72727272727272,-0.11128109725453035,-0.06623087095076034,0.129499076726703
18.333333333333336,77.92929292929293,-0.021251996938981124,-0.1677639808927873,0.16910470324296117
18.333333333333336,78.13131313131314,-0.07593112256772325,-0.14432156756847886,0.1630774363295475
18.333333333333336,78.33333333333333,-0.06410658358463789,-0.14453182626780986,0.15811104598731404
18.333333333333336,78.53535353535354,-0.12918717788521938,-0.047628971895935415,0.13768749359985868
18.333333333333336,78.73737373737373,0.01773021672028356,0.06039576564926701,0.06294449216023117
18.333333333333336,78.93939393939394,0.09142988615033075,0.046809507486878385,0.1027158900688037
18.333333333333336,79.14141414141415,0.10278493763817986,-0.033466273032773275,0.1080959519870594
18.333333333333336,79.34343434343434,-0.0637525497220241,0.03546623804770932,0.0729536951587508
18.333333333333336,79.54545454545455,0.18700978995644715,-0.032470022163581976,0.1898077023696825
18.333333333333336,79.74747474747474,-0.04131744367291923,0.042347276620930074,0.059164372631461445
18.333333333333336,79.94949494949495,-0.08030804693997183,-0.017905377147000714,0.08227991817016504
18.333333333333336,80.15151515151516,0.05822331761800645,0.013566341558195555,0.05978294353509941
18.333333333333336,80.35353535353535,0.09498969065813469,0.14944744046573913,0.17708071265129005
18.333333333333336,80.55555555555556,-0.03566957891743441,0.1310369365117706,0.13580499840041557
18.333333333333336,80.75757575757575,0.23840205769723496,0.08620060347409637,0.2535075642926147
18.333333333333336,80.95959595959596,0.004458882717337437,0.16511650718833656,0.16517670108451424
18.333333333333336,81.16161616161617,0.12282329942133444,0.12727939744564237,0.17687738095886812
18.333333333333336,81.36363636363636,0.018268886893215885,0.15193391195404468,0.15302831708535683
18.333333333333336,81.56565656565657,-0.029411222668067755,0.09877721648946376,0.10306288622116622
18.333333333333336,81.76767676767676,-0.0720413874256803,0.18022765511884992,0.19409268191216297
18.333333333333336,81.96969696969697,-0.06272494198446571,0.12173759804893179,0.13694692813523737
18.333333333333336,82.17171717171718,0.18704542610477154,0.1985371764683059,0.2727691365728953
18.333333333333336,82.37373737373737,0.46000295024956944,0.11593910416839774,0.4743886488035717
18.333333333333336,82.57575757575758,0.09408705111760027,0.6212578404312575,0.6283420067807943
18.333333333333336,82.77777777777777,0.2012840401976204,0.13271446550768512,0.241098308150986
18.333333333333336,82.97979797979798,2.8859374749012207e-05,0.2448099657302461,0.24480996743128697
18.333333333333336,83.18181818181819,0.12932261837356315,0.1913644333279181,0.23096468553852442
18.333333333333336,83.38383838383838,0.210286631262248,0.08762537938769263,0.22781280561123363
18.333333333333336,83.58585858585859,0.07434463629087905,0.1743053136943388,0.1894979348892883
18.333333333333336,83.78787878787878,0.049710598344092916,0.16391055750197414,0.17128284925332046
18.333333333333336,83.98989898989899,0.14822920587017746,0.17296955447690457,0.22779456588962413
18.333333333333336,84.1919191919192,0.10738479140486316,0.10020804747615505,0.14687799768532153
18.333333333333336,84.39393939393939,0.10794452853563878,0.11071503823221573,0.15462807290897188
18.333333333333336,84.5959595959596,0.09053516149649718,0.07079042522571456,0.11492562712830551
18.333333333333336,84.79797979797979,0.0758926551712027,0.09291672400298165,0.11997171628505339
18.333333333333336,85.0,0.07064195921580005,0.13971851110020883,0.15656164519417243
18.535353535353536,65.0,0.21806877867661623,0.05460063018821895,0.22480040269194734
18.535353535353536,65.20202020202021,0.1388713122411576,-0.0028913648490361127,0.1389014087555318
18.535353535353536,65.4040404040404,0.2248542515413751,0.19928859445369138,0.3004586133156443
18.535353535353536,65.60606060606061,0.5033197420320145,0.20023630607346815,0.5416874938459639
18.535353535353536,65.8080808080808,0.4179364060652745,-0.03529185722645145,0.4194238365916394
18.535353535353536,66.01010101010101,0.3542941970030986,0.19884698075660798,0.40628130622278114
18.535353535353536,66.21212121212122,0.3925144537298721,0.17735962707295763,0.43072500937642166
18.535353535353536,66.41414141414141,0.31012037152312244,0.2337674363543228,0.3883579008251433
18.535353535353536,66.61616161616162,0.3689040341654567,0.229636603261386,0.4345378648414608
18.535353535353536,66.81818181818181,0.6691823526876951,0.0844063130795189,0.6744845786497394
18.535353535353536,67.02020202020202,0.10604354025750773,0.1389002550496862,0.17475272038859235
18.535353535353536,67.22222222222223,0.3761475046452069,0.35345230658326177,0.5161545100837965
18.535353535353536,67.42424242424242,0.5778585051037023,0.2333772379303673,0.6232057341718646
18.535353535353536,67.62626262626263,0.2987121143013175,0.3908532165176077,0.49193003983546607
18.535353535353536,67.82828282828282,0.5139343144080137,0.231103773103575,0.563504599332378
18.535353535353536,68.03030303030303,0.45397175587840416,0.20369353312893584,0.4975755325313638
18.535353535353536,68.23232323232324,0.36353208771818596,0.0923147845130161,0.37507012443065557
18.535353535353536,68.43434343434343,0.41349051415699384,0.09309372778574208,0.42384059202825414
18.535353535353536,68.63636363636364,0.3054128188129651,0.12384915259551238,0.32956881298737534
18.535353535353536,68.83838383838383,0.47939705443518676,-0.030467326239963954,0.48036423031835523
18.535353535353536,69.04040404040404,0.35962996048236445,0.09069062189500723,0.3708887938132536
18.535353535353536,69.24242424242425,0.5484300771152133,0.08795950073443141,0.5554389464685108
18.535353535353536,69.44444444444444,0.3647929966044321,0.016762031984544026,0.36517789649414995
18.535353535353536,69.64646464646465,0.4118383596897486,-0.09019169666711765,0.421598596605392
18.535353535353536,69.84848484848484,0.3974621504367805,0.08374608385964338,0.40618907862183634
18.535353535353536,70.05050505050505,0.4245833426645904,0.09695796351724366,0.4355133310906202
18.535353535353536,70.25252525252526,0.44207238993075865,-0.10079451017163334,0.45341761238380696
18.535353535353536,70.45454545454545,0.4479935645029303,-0.048370007241623464,0.45059726079570867
18.535353535353536,70.65656565656566,0.4076951592364369,0.07482170036421495,0.41450407683184015
18.535353535353536,70.85858585858585,0.238893844413601,-0.08916229491852341,0.254990556166003
18.535353535353536,71.06060606060606,0.4323760317413937,-0.012793340968811906,0.43256525796413536
18.535353535353536,71.26262626262626,0.4390643771027953,-0.06600703097915282,0.4439982605589221
18.535353535353536,71.46464646464646,0.31629927256128987,-0.08498803066734896,0.32751823640755545
18.535353535353536,71.66666666666667,0.26835935262499355,-0.12357848515710683,0.2954460765267173
18.535353535353536,71.86868686868686,0.3283964688831801,-0.11062761977383385,0.3465295240405432
18.535353535353536,72.07070707070707,0.3080447277564769,0.01062753689496419,0.30822799814263435
18.535353535353536,72.27272727272727,0.23026852366082853,-0.03494050585729012,0.23290434074636926
18.535353535353536,72.47474747474747,0.31720303332810845,0.0030472603651729435,0.3172176699811759
18.535353535353536,72.67676767676768,0.28550918609680626,-0.042010965419820065,0.2885834655020382
18.535353535353536,72.87878787878788,0.3964646803395763,-0.06607896646632559,0.4019336668730553
18.535353535353536,73.08080808080808,0.18326433969675054,0.00776287195022736,0.18342867928816806
18.535353535353536,73.28282828282828,0.35698488983560966,-0.24450357981138257,0.43268951005487005
18.535353535353536,73.48484848484848,0.18410703447759202,0.2459714875294705,0.3072415545163019
18.535353535353536,73.68686868686869,0.17417028654489394,-0.011535117686053855,0.17455184804281385
18.535353535353536,73.88888888888889,0.2155220897681461,0.018438966736783153,0.2163094234478679
18.535353535353536,74.0909090909091,0.16184664534673943,0.03711311212226394,0.1660473417474456
18.535353535353536,74.29292929292929,0.10330386294804705,-0.030790658723831205,0.10779495704640515
18.535353535353536,74.4949494949495,0.06688433516205154,0.007627701173005923,0.06731787366854601
18.535353535353536,74.6969696969697,0.13362922686292622,0.04233286554095474,0.1401743263828721
18.535353535353536,74.8989898989899,0.1937405935216408,0.05566045073347701,0.20157753682881302
18.535353535353536,75.1010101010101,0.14564850849322905,-0.04735479083236259,0.15315340101048697
18.535353535353536,75.3030303030303,0.15861287480836778,-0.11119931978685141,0.1937094029107348
18.535353535353536,75.5050505050505,0.20250014815482414,-0.04242059719641454,0.20689566711080776
18.535353535353536,75.70707070707071,-0.16153903934206068,0.03402591417203369,0.16508368807001628
18.535353535353536,75.9090909090909,-0.07769917112706742,0.06985091440390717,0.10448115350097967
18.535353535353536,76.11111111111111,0.04488124306729125,-0.1442852739208642,0.15110448785421332
18.535353535353536,76.31313131313131,0.015372113894113998,-0.017574546840274548,0.023348802586313003
18.535353535353536,76.51515151515152,0.06507301611381462,0.006162598167826314,0.0653641724672383
18.535353535353536,76.71717171717171,-0.03359117416464232,-0.031092077525335833,0.04577209047663027
18.535353535353536,76.91919191919192,-0.010782112533247392,0.019211179930893153,0.022030056400671388
18.535353535353536,77.12121212121212,-0.02741621881068322,-0.05132855442456604,0.05819166223086344
18.535353535353536,77.32323232323232,0.1603084053789745,-0.08393569280947363,0.1809529921348524
18.535353535353536,77.52525252525253,-0.07733272021301164,-0.16650448105487184,0.18358674196928304
18.535353535353536,77.72727272727272,-0.016742018195757956,-0.07994112971205372,0.08167545159291431
18.535353535353536,77.92929292929293,0.07330762102587757,-0.09582085100711621,0.1206467686604231
18.535353535353536,78.13131313131314,-0.036871532933354045,-0.07757290807885563,0.0858898481117879
18.535353535353536,78.33333333333333,-0.057124889454129996,-0.16908852733938062,0.17847740213524804
18.535353535353536,78.53535353535354,0.11277865824060836,-0.14594201688095945,0.18443995783407183
18.535353535353536,78.73737373737373,-0.182111091662119,-0.023601003574962066,0.18363403027792558
18.535353535353536,78.93939393939394,-0.008847628331859312,0.028983271270191614,0.03030363906563425
18.535353535353536,79.14141414141415,-0.16308314923100325,-0.10494827716167997,0.19393363411823766
18.535353535353536,79.34343434343434,0.15953410504328497,0.15304417937557568,0.2210738598584312
18.535353535353536,79.54545454545455,-0.013470724897310007,0.13978752966347124,0.14043508777607847
18.535353535353536,79.74747474747474,-0.11277969459931922,0.07239278864158949,0.13401483261647407
18.535353535353536,79.94949494949495,0.07271310698728019,0.11648279354001582,0.137315101567998
18.535353535353536,80.15151515151516,0.05753896945712295,0.08741963323660282,0.10465622428412885
18.535353535353536,80.35353535353535,0.028161718590495072,0.10927832681408656,0.11284872664437355
18.535353535353536,80.55555555555556,-0.018376218576740055,0.18219295971917782,0.18311733937673427
18.535353535353536,80.75757575757575,0.2952850274329206,0.060789253585167534,0.30147733045372166
18.535353535353536,80.95959595959596,0.13182634389227643,0.14988200664832918,0.19960661527347864
18.535353535353536,81.16161616161617,0.02695117562314283,0.18644111904002186,0.18837902414113172
18.535353535353536,81.36363636363636,0.11827602356064057,0.22216355426058162,0.251686039722134
18.535353535353536,81.56565656565657,-0.01603104800302159,0.15193026052883607,0.15277368413583273
18.535353535353536,81.76767676767676,0.14982644714584822,0.0766844398004087,0.16831062822011617
18.535353535353536,81.96969696969697,0.1299127323178884,0.18569895780868098,0.226630582555686
18.535353535353536,82.17171717171718,0.15065984770413837,0.17389828562489312,0.2300847744930357
18.535353535353536,82.37373737373737,0.10834659735858349,0.1393350572621743,0.17650281397597148
18.535353535353536,82.57575757575758,0.06786671281805202,0.12288282507809838,0.1403783437995422
18.535353535353536,82.77777777777777,-0.6105073217889159,0.1453620811352213,0.6275741586377163
18.535353535353536,82.97979797979798,0.17243024233198037,0.1936147836358538,0.2592660273021206
18.535353535353536,83.18181818181819,0.15764811599088427,0.15827042175659603,0.2233885737420025
18.535353535353536,83.38383838383838,0.1653285415344739,0.24751701092108813,0.29765449323204635
18.535353535353536,83.58585858585859,0.14087168834557023,0.14463150360379717,0.20189874792089885
18.535353535353536,83.78787878787878,0.1867517379619013,0.11334291437744534,0.2184555512486775
18.535353535353536,83.98989898989899,0.12341220928879341,0.15848078162313028,0.20086495848061517
18.535353535353536,84.1919191919192,0.17705272510174055,0.07484826919626689,0.1922236480447433
18.535353535353536,84.39393939393939,0.1180974765938325,0.17305367925965373,0.2095103574602791
18.535353535353536,84.5959595959596,0.08083978266139963,0.051497420471163055,0.09584912506604372
18.535353535353536,84.79797979797979,0.04120405867604067,0.016873443882592876,0.04452513402380293
18.535353535353536,85.0,0.205728427922276,0.17125115337521463,0.26767731242619797
18.737373737373737,65.0,0.2805416856124987,0.1550316762041749,0.32052840434660107
18.737373737373737,65.20202020202021,0.10811276433043229,0.19311367887226896,0.22131710909631325
18.737373737373737,65.4040404040404,0.3617001826134849,0.22428659937550868,0.42559546609668936
18.737373737373737,65.60606060606061,0.2461216781373055,0.1973973761096925,0.3155021466553196
18.737373737373737,65.8080808080808,0.3363110219334966,0.23090325227221065,0.407947809632356
18.737373737373737,66.01010101010101,0.3372044635889479,0.34257773807357406,0.4806936206024752
18.737373737373737,66.21212121212122,0.29517215013816545,0.1418877544909381,0.32750379095770543
18.737373737373737,66.41414141414141,0.2763465684874076,0.09681085983173214,0.29281353878556354
18.737373737373737,66.61616161616162,-0.10808057401286436,0.2007974163276443,0.22803730590148527
18.737373737373737,66.81818181818181,0.20915371223122625,0.1067295224803187,0.2348115548881261
18.737373737373737,67.02020202020202,0.4527279295281283,0.11375385946844113,0.4668002985418837
18.737373737373737,67.22222222222223,0.42075226250557773,0.13995272515021331,0.4434176718180431
18.737373737373737,67.42424242424242,0.20020248734975346,-0.002424955966183324,0.20021717297091707
18.737373737373737,67.62626262626263,0.46590796258472006,0.339510102004665,0.5764870674725175
18.737373737373737,67.82828282828282,0.46441867009217475,0.11913833273492459,0.479456612695082
18.737373737373737,68.03030303030303,0.35124749458165205,0.21896309872518252,0.4139077687761148
18.737373737373737,68.23232323232324,0.42021746850804587,0.17056011222587178,0.4535123732841393
18.737373737373737,68.43434343434343,0.41040794922232327,0.1613333229913793,0.4409797341061308
18.737373737373737,68.63636363636364,0.34420516915510435,0.15672772028744775,0.37820731983872874
18.737373737373737,68.83838383838383,0.44497996928087197,0.04438465400067859,0.44718807069505523
18.737373737373737,69.04040404040404,0.3060756821339718,0.001999025054423725,0.3060822100268886
18.737373737373737,69.24242424242425,0.38368640328406933,0.05542395385662522,0.3876687641868594
18.737373737373737,69.44444444444444,0.764628217103954,0.02636116897233868,0.765082493343796
18.737373737373737,69.64646464646465,0.35880775407890186,0.06070174363258956,0.3639061775611708
18.737373737373737,69.84848484848484,0.36824180683150676,-0.10070897347308312,0.3817647516947248
18.737373737373737,70.05050505050505,0.4232901542975421,0.01412831594383179,0.4235258717441541
18.737373737373737,70.25252525252526,0.18306704309269412,-0.1626777130748735,0.24490320658981415
18.737373737373737,70.45454545454545,0.37668234593165684,-0.21348827766637937,0.432974403905743
18.737373737373737,70.65656565656566,0.26551006470495747,-0.14195187073299942,0.30107462208600194
18.737373737373737,70.85858585858585,0.3956534430665984,-0.10055116736653805,0.4082305528365406
18.737373737373737,71.06060606060606,0.3612933598370552,-0.03440176828587607,0.3629275045013025
18.737373737373737,71.26262626262626,0.4344910658493503,-0.10708705404876617,0.44749315463786465
18.737373737373737,71.46464646464646,0.6288635601455308,-0.019928402084810032,0.629179241940296
18.737373737373737,71.66666666666667,0.3656017130250507,-0.05418996248305784,0.36959594776020843
18.737373737373737,71.86868686868686,0.28073141744447494,-0.05481227879613987,0.2860323664329088
18.737373737373737,72.07070707070707,0.29351965139233105,-0.039219165441605586,0.2961282301493925
18.737373737373737,72.27272727272727,0.3236634180822998,-0.08765182757571702,0.33532201103130826
18.737373737373737,72.47474747474747,0.1362044933608743,-0.07828196791843034,0.15709783739082664
18.737373737373737,72.67676767676768,0.29012961675342647,0.1401869641062385,0.3222228722837873
18.737373737373737,72.87878787878788,0.27818360319931285,0.011309128236242298,0.2784133859397147
18.737373737373737,73.08080808080808,0.29832677585124256,-0.024717795589871874,0.29934901805187236
18.737373737373737,73.28282828282828,0.31993973146605104,-0.006062845382489725,0.31999717165109576
18.737373737373737,73.48484848484848,0.3359397471404773,-0.011856847398841186,0.3361489231561619
18.737373737373737,73.68686868686869,-0.0018004781779295612,0.09781354121195777,0.09783011073331443
18.737373737373737,73.88888888888889,0.3171186782917074,0.029470983079889313,0.318485156585318
18.737373737373737,74.0909090909091,0.14429808593223617,-0.06356921139985838,0.15767999949805586
18.737373737373737,74.29292929292929,0.12495118467595931,0.03759575367093244,0.1304846322216188
18.737373737373737,74.4949494949495,0.15016179718851552,-0.01017677138332618,0.1505062523972787
18.737373737373737,74.6969696969697,0.20813539291028788,9.912402777624129e-05,0.20813541651408776
18.737373737373737,74.8989898989899,0.031913764425546866,-0.022652412465908014,0.03913591892794809
18.737373737373737,75.1010101010101,0.3211087515444168,-0.02891245403902149,0.32240775474075145
18.737373737373737,75.3030303030303,0.2093395871573009,0.18752080248847752,0.281046462559328
18.737373737373737,75.5050505050505,-0.27117135747517584,0.056177021849464846,0.2769291658507729
18.737373737373737,75.70707070707071,0.08680484128030487,-0.08030084489725287,0.11825103027420769
18.737373737373737,75.9090909090909,-0.17150872878258427,-0.03987441370080642,0.17608297168267326
18.737373737373737,76.11111111111111,-0.0024795900329737408,-0.08714659591797769,0.08718186478174751
18.737373737373737,76.31313131313131,-0.0005651468148271822,-0.10207601844737203,0.10207758291118842
18.737373737373737,76.51515151515152,-0.02507159851024339,0.04821640605541867,0.05434525613850627
18.737373737373737,76.71717171717171,0.11298383642775012,-0.1251604007683443,0.16861338385319583
18.737373737373737,76.91919191919192,-0.12853654959937724,-0.11786827371135361,0.1743977480663318
18.737373737373737,77.12121212121212,-0.07841787762484466,-0.04872477111051235,0.09232262372223253
18.737373737373737,77.32323232323232,-0.026489125207311785,-0.10214682145045088,0.10552557456218342
18.737373737373737,77.52525252525253,-0.14631555174323868,-0.059188411004438626,0.15783380081325643
18.737373737373737,77.72727272727272,-0.10999469321878527,-0.07853553992807996,0.13515422142164013
18.737373737373737,77.92929292929293,0.0068998258866461645,-0.10368076172382855,0.10391009551000974
18.737373737373737,78.13131313131314,-0.18994491191692886,-0.003945152494169615,0.18998587787341487
18.737373737373737,78.33333333333333,-0.09876128290892336,-0.1473491042170165,0.1773853136969732
18.737373737373737,78.53535353535354,-0.09743126596465378,-0.1363397063269392,0.16757495967116068
18.737373737373737,78.73737373737373,-0.10251105651587006,0.01198763608368076,0.10320959319208012
18.737373737373737,78.93939393939394,-0.06769606406007733,-0.06674801667603641,0.09506868474640075
18.737373737373737,79.14141414141415,-0.03815748757193533,-0.01772147172519722,0.0420718958202428
18.737373737373737,79.34343434343434,-0.14437206338080205,0.11167979272752551,0.1825258030758758
18.737373737373737,79.54545454545455,-0.1768203615868391,0.08375642745260162,0.19565423433016582
18.737373737373737,79.74747474747474,-0.018986408069000812,-0.11784179690405217,0.11936152139168844
18.737373737373737,79.94949494949495,-0.2525877839340523,0.03709828841615778,0.2552976137689577
18.737373737373737,80.15151515151516,-0.003909197905909614,-0.008375485613543378,0.009242866845856875
18.737373737373737,80.35353535353535,-0.06524179314218242,0.26153790651733694,0.26955253313200117
18.737373737373737,80.55555555555556,-0.02419106859094151,0.07346210890454902,0.07734267414742949
18.737373737373737,80.75757575757575,0.008482785767798012,0.18437183366221208,0.18456687325289106
18.737373737373737,80.95959595959596,-0.010093460469694731,0.13005181096239596,0.1304429050537133
18.737373737373737,81.16161616161617,0.016735626815606468,0.1169419692034312,0.11813342188427242
18.737373737373737,81.36363636363636,0.09283123443688956,0.24364770195026453,0.2607332751160114
18.737373737373737,81.56565656565657,-0.01904762383034446,0.22222494646463709,0.22303976955868907
18.737373737373737,81.76767676767676,0.04108434044686754,0.17440761149209527,0.1791812991813927
18.737373737373737,81.96969696969697,-0.03970586257986696,0.25118406859948783,0.2543029528759025
18.737373737373737,82.17171717171718,0.05247593988701696,0.14610871240887155,0.15524651399887907
18.737373737373737,82.37373737373737,-0.013744326397554504,0.21140787952416118,0.2118541905014502
18.737373737373737,82.57575757575758,0.12846930703983844,0.21675703330935364,0.2519682010499907
18.737373737373737,82.77777777777777,0.17208519835459793,0.15369483644221213,0.23072801789496578
18.737373737373737,82.97979797979798,0.013134616117043862,0.21438989380639512,0.21479186368868697
18.737373737373737,83.18181818181819,-0.0053146967643374335,0.13224375964123447,0.13235051176986606
18.737373737373737,83.38383838383838,0.09799484701913141,0.14782554328182063,0.17735664997080994
18.737373737373737,83.58585858585859,0.09431146974242775,0.15269884851634044,0.17947588044969484
18.737373737373737,83.78787878787878,0.22952894245802777,0.13210582447293714,0.2648310485679032
18.737373737373737,83.98989898989899,0.2551093468044261,0.1177876820793099,0.28098881984270746
18.737373737373737,84.1919191919192,0.13596841456480382,0.0662575802685102,0.15125302212618574
18.737373737373737,84.39393939393939,0.05254534092240055,0.053348140853304096,0.07488015080884436
18.737373737373737,84.5959595959596,0.1569931203250147,-0.06105951263829551,0.16844911371987303
18.737373737373737,84.79797979797979,0.051588562759588175,0.024237749284409468,0.05699866926493863
18.737373737373737,85.0,0.14472541666922142,-0.3654573166994021,0.39307059996800425
18.939393939393938,65.0,0.08826065455089639,0.0007056808287924446,0.08826347561242302
18.939393939393938,65.20202020202021,0.31390295488033265,0.09798838495190342,0.3288415859773313
18.939393939393938,65.4040404040404,0.24919593627120926,0.21084181317394882,0.3264243937523097
18.939393939393938,65.60606060606061,0.2898440839720709,0.10690151871405297,0.30892964849133514
18.939393939393938,65.8080808080808,0.12219861885922964,0.16215509091173588,0.20304377843139298
18.939393939393938,66.01010101010101,0.07832916521105207,0.23878912346743056,0.2513079855655289
18.939393939393938,66.21212121212122,0.13364247075442232,0.5420008841860372,0.5582340624216626
18.939393939393938,66.41414141414141,0.3254146554173022,0.20496332591590044,0.38458375281708035
18.939393939393938,66.61616161616162,0.29528860454666217,0.2288242600659192,0.3735718163483836
18.939393939393938,66.81818181818181,0.3164924181886217,0.23490234680144145,0.39414028378701166
18.939393939393938,67.02020202020202,0.553255673743021,0.18910125688017268,0.5846803621488456
18.939393939393938,67.22222222222223,0.2476928977263699,0.10488836569412914,0.26898576327023577
18.939393939393938,67.42424242424242,0.5351658262138022,0.18069703947554447,0.5648485475083812
18.939393939393938,67.62626262626263,0.3294443003234702,-0.27407868652334905,0.4285471659245748
18.939393939393938,67.82828282828282,0.5183784261101398,0.2176294444070706,0.5622088292879754
18.939393939393938,68.03030303030303,0.2094043235404679,0.45189992919543065,0.4980599529416877
18.939393939393938,68.23232323232324,0.17061758102436667,0.1068934055579138,0.2013369293159478
18.939393939393938,68.43434343434343,0.3340045711594691,-0.018785403166853436,0.33453242731843214
18.939393939393938,68.63636363636364,0.0604517562999624,0.06885928751191703,0.09162977854605399
18.939393939393938,68.83838383838383,0.43227561576117074,0.1612574582327292,0.4613742253500728
18.939393939393938,69.04040404040404,0.3960309600083066,0.10903886832020986,0.4107675694229682
18.939393939393938,69.24242424242425,0.35491512997049507,0.09569028281343689,0.3675886011656087
18.939393939393938,69.44444444444444,0.33728521026207137,-0.19107921196665034,0.3876500719815821
18.939393939393938,69.64646464646465,0.2151256634615979,-0.15441855130870885,0.26480962986279977
18.939393939393938,69.84848484848484,0.34201686479765886,-0.10862201418425738,0.35885133101531763
18.939393939393938,70.05050505050505,0.2933457231788675,-0.028450270485354312,0.2947221253961476
18.939393939393938,70.25252525252526,0.42138845330558367,-0.06829710178611945,0.42688724821860824
18.939393939393938,70.45454545454545,0.34991806450213314,0.023055116411849912,0.35067676036156564
18.939393939393938,70.65656565656566,0.27806261298632234,-0.1459118721375668,0.3140208451225347
18.939393939393938,70.85858585858585,0.1517622358332394,-0.13481710743901326,0.2029961297249931
18.939393939393938,71.06060606060606,0.30180254488413316,0.022271758695123812,0.30262321017052385
18.939393939393938,71.26262626262626,0.3288203358349347,-0.08538527489699879,0.33972556340057086
18.939393939393938,71.46464646464646,0.3093751092025107,-0.12185929875711324,0.33250961924076844
18.939393939393938,71.66666666666667,0.393324143572971,-0.038052639662647526,0.3951605816661201
18.939393939393938,71.86868686868686,0.2702572034442912,-0.15165251923172438,0.3098990845466594
18.939393939393938,72.07070707070707,0.3574949030777058,-0.08928856763739558,0.36847666688309594
18.939393939393938,72.27272727272727,0.3195222907299115,-0.1715168739711369,0.36264656668734774
18.939393939393938,72.47474747474747,0.35197292373846956,0.09666585747275303,0.36500579042797265
18.939393939393938,72.67676767676768,0.23794892679250973,-0.021289738775644218,0.238899444827405
18.939393939393938,72.87878787878788,0.21958097484628294,-0.04526040732607691,0.22419703161675966
18.939393939393938,73.08080808080808,0.2036918189630271,-0.14616027947516233,0.2507053737132975
18.939393939393938,73.28282828282828,0.12011756805859103,0.09716100844633001,0.1544943096642011
18.939393939393938,73.48484848484848,0.2712621786938353,0.0670747883777414,0.2794319180509718
18.939393939393938,73.68686868686869,0.020637914563746217,-0.0356370639693948,0.04118159596105067
18.939393939393938,73.88888888888889,0.43197730290379704,0.08786431634437858,0.4408225587588546
18.939393939393938,74.0909090909091,0.3222680235632801,-0.07607596986650922,0.3311257045330563
18.939393939393938,74.29292929292929,0.23781061997721445,-0.03894932928546983,0.24097913027010257
18.939393939393938,74.4949494949495,0.2018591142250498,-0.07972318261909205,0.21703199727837091
18.939393939393938,74.6969696969697,0.2134625351859645,-0.061093336911143895,0.2220329924649886
18.939393939393938,74.8989898989899,0.0008887095588213274,0.09667238441413371,0.09667646928283005
18.939393939393938,75.1010101010101,0.041281188382111644,0.01539346816480338,0.04405786395616797
18.939393939393938,75.3030303030303,0.06910713650821615,-0.03865020549601196,0.07918102488127553
18.939393939393938,75.5050505050505,-0.06788788425988448,-0.040618276675006476,0.0791113723135356
18.939393939393938,75.70707070707071,-0.005362704765848674,-0.09442098945655573,0.09457315608755301
18.939393939393938,75.9090909090909,-0.06721045551898915,0.0018445819977182948,0.0672357629079668
18.939393939393938,76.11111111111111,-0.09639864289870041,-0.03848855582537475,0.10379820461951234
18.939393939393938,76.31313131313131,-0.11317057404392844,-0.004956553272942706,0.1132790635986183
18.939393939393938,76.51515151515152,-0.24623295879944487,-0.08575140534791177,0.26073736502133904
18.939393939393938,76.71717171717171,-0.01595620227048937,-0.10732673892557394,0.10850635593961802
18.939393939393938,76.91919191919192,-0.07644884239907611,-0.02553000812397795,0.08059904973986452
18.939393939393938,77.12121212121212,0.003621770245145763,-0.05727924056266636,0.05739362873302599
18.939393939393938,77.32323232323232,-0.055040941078875395,0.011752100804733816,0.056281587292584936
18.939393939393938,77.52525252525253,-0.11422889950419952,-0.06150198224010521,0.12973332378923594
18.939393939393938,77.72727272727272,0.06555021078947726,-0.05963648291774723,0.08861907373327516
18.939393939393938,77.92929292929293,-0.16617586394201272,-0.04724347794835508,0.17276100244421783
18.939393939393938,78.13131313131314,0.2337071021381673,-0.03792773984394671,0.2367646997326457
18.939393939393938,78.33333333333333,-0.03906775803401344,-0.05549269154580899,0.06786551799553675
18.939393939393938,78.53535353535354,0.06069483502965917,0.015338205257963037,0.06260290360528772
18.939393939393938,78.73737373737373,-0.06782993047541105,0.8236116577895067,0.8264000619040869
18.939393939393938,78.93939393939394,-0.050474163033901544,0.0925199791869874,0.10539254092550124
18.939393939393938,79.14141414141415,-0.21602562735490582,0.024980021011081915,0.21746510783064654
18.939393939393938,79.34343434343434,-0.1688228728355456,0.02118109064371731,0.17014641046259002
18.939393939393938,79.54545454545455,-0.12149926373208406,0.05635062146228439,0.13393081656819758
18.939393939393938,79.74747474747474,0.1706842766049639,0.0381076109034343,0.17488656977860642
18.939393939393938,79.94949494949495,-0.06273397655505447,0.13403366484488805,0.14798842902795442
18.939393939393938,80.15151515151516,-0.04469811775901122,0.08127792855505339,0.09275787514491046
18.939393939393938,80.35353535353535,-0.14236694527280677,0.1031503384843705,0.1758076774084413
18.939393939393938,80.55555555555556,0.018576725083980825,0.15494501791986723,0.15605464841853886
18.939393939393938,80.75757575757575,-0.06426680553797313,0.18290876995880354,0.19387067963438454
18.939393939393938,80.95959595959596,0.013640486585333199,0.3526805760851003,0.3529442613529831
18.939393939393938,81.16161616161617,0.09848820794059535,0.2382556487600501,0.2578093894128418
18.939393939393938,81.36363636363636,0.2130636762177937,0.14675496013249362,0.2587144148417916
18.939393939393938,81.56565656565657,0.12344852028183911,0.11659501150029976,0.1698055766649926
18.939393939393938,81.76767676767676,-0.02525658635893744,0.10044310708714595,0.10356984559139949
18.939393939393938,81.96969696969697,0.03540831211736627,0.21886775458326538,0.2217134244093517
18.939393939393938,82.17171717171718,0.04123726983058496,0.15567189243902427,0.1610411454213724
18.939393939393938,82.37373737373737,0.07844245181423282,0.08595954297243025,0.11637122184912092
18.939393939393938,82.57575757575758,0.04935539187647209,0.34587313633337285,0.34937684689224047
18.939393939393938,82.77777777777777,0.0032749082773234142,0.1537223821568774,0.15375726259338107
18.939393939393938,82.97979797979798,-0.006267777186543528,0.049740029230654785,0.050133377491712525
18.939393939393938,83.18181818181819,0.08100611799342469,0.041863040886103334,0.0911839094610239
18.939393939393938,83.38383838383838,0.03138635940053741,0.11294689729238729,0.11722672546990633
18.939393939393938,83.58585858585859,0.1813358260935228,0.0720826935726592,0.19513737862775093
18.939393939393938,83.78787878787878,0.1741624674623599,0.17071553844354334,0.24387775654750987
18.939393939393938,83.98989898989899,0.09130711105610943,0.1747811520530444,0.19719391380669465
18.939393939393938,84.1919191919192,-0.0025280170528715236,0.16026958271110034,0.1602895193473667
18.939393939393938,84.39393939393939,0.09676064562434553,0.06343732119666093,0.11570184208666906
18.939393939393938,84.5959595959596,0.19224112830645868,0.01386738464344699,0.19274064379209077
18.939393939393938,84.79797979797979,0.147077424397204,0.17552861071896372,0.22900231865255155
18.939393939393938,85.0,0.14367029679870566,0.05653005538899278,0.15439171397620652
19.141414141414142,65.0,0.1424615434245485,0.14913588593013982,0.20624452435658067
19.141414141414142,65.20202020202021,0.3929034337152216,0.15921835059266198,0.4239381928897883
19.141414141414142,65.4040404040404,0.5097368568615264,0.17979193994029108,0.5405153142239001
19.141414141414142,65.60606060606061,0.3555048422748359,0.12097919603448681,0.37552584299087427
19.141414141414142,65.8080808080808,0.1770850873299949,0.20512165369391702,0.2709871232527464
19.141414141414142,66.01010101010101,0.26648819634824644,0.09932925579951775,0.284398065834892
19.141414141414142,66.21212121212122,0.20922111551124598,0.1770490026056168,0.27407996004708884
19.141414141414142,66.41414141414141,0.12119340176205443,0.17251688493660386,0.21083148773105062
19.141414141414142,66.61616161616162,0.5066209222543202,0.25161385814814446,0.5656627020389559
19.141414141414142,66.81818181818181,0.17416378296080223,0.4597116132605089,0.4915971833338726
19.141414141414142,67.02020202020202,0.26825694457319244,0.16259219599010277,0.3136845716777107
19.141414141414142,67.22222222222223,0.17777271154910626,0.0786161074803312,0.19438011556453177
19.141414141414142,67.42424242424242,0.3883469830132291,0.16782015358446012,0.42305671388667154
19.141414141414142,67.62626262626263,0.21697065939163762,0.2645058518364278,0.34211052701218697
19.141414141414142,67.82828282828282,0.2551710707382195,0.3060758049085344,0.3984904938541152
19.141414141414142,68.03030303030303,0.22651122109449845,0.13666816367083492,0.26454776552237
19.141414141414142,68.23232323232324,0.25288076152159744,0.17837788568388996,0.30946300206777216
19.141414141414142,68.43434343434343,0.33363313096107955,0.06307704208100715,0.33954348662959505
19.141414141414142,68.63636363636364,0.329101718172474,0.1069060359945591,0.3460301163716021
19.141414141414142,68.83838383838383,0.1671785746512973,0.1645063632445835,0.2345442801911789
19.141414141414142,69.04040404040404,0.26665579560513963,0.042310057412923964,0.2699915818837597
19.141414141414142,69.24242424242425,0.45641602712034596,0.02977832939913136,0.4573864216547356
19.141414141414142,69.44444444444444,-0.1126167216501834,-0.18667769987719113,0.21801626000524257
19.141414141414142,69.64646464646465,0.27678920469365376,-0.018547952626017553,0.27740996806452783
19.141414141414142,69.84848484848484,0.3519349777211473,-0.029551428448270148,0.35317349202186404
19.141414141414142,70.05050505050505,0.4133200789037097,-0.09913154616142314,0.42504182272962643
19.141414141414142,70.25252525252526,0.4247976527597922,-0.00807357501203969,0.42487436778853116
19.141414141414142,70.45454545454545,0.24418293652474077,-0.09341735789590651,0.261442363143576
19.141414141414142,70.65656565656566,0.24354904211007103,-0.08842921344674205,0.25910588897889336
19.141414141414142,70.85858585858585,0.34115049329140845,0.07198799281236325,0.348663061109324
19.141414141414142,71.06060606060606,0.30456636372996543,-0.0946328374794673,0.31892952802321217
19.141414141414142,71.26262626262626,0.15327820108749382,-0.07812815200094651,0.17204131789689706
19.141414141414142,71.46464646464646,0.07289757760552024,-0.09516946886960348,0.11988029289952236
19.141414141414142,71.66666666666667,0.25628809567547517,-0.0933679074253281,0.27276574953968497
19.141414141414142,71.86868686868686,0.24829278379070235,-0.01516212740142055,0.24875529459666457
19.141414141414142,72.07070707070707,0.17380693245247153,-0.1353768929347202,0.22030831330023998
19.141414141414142,72.27272727272727,0.1786828376422323,-0.13681855545305682,0.22504860271537244
19.141414141414142,72.47474747474747,0.1358807231806749,-0.14408727108964364,0.19805229769473431
19.141414141414142,72.67676767676768,0.29539225908694916,-0.06300546173799416,0.30203687678379465
19.141414141414142,72.87878787878788,0.11099360971308767,-0.049733049498483076,0.12162630311556706
19.141414141414142,73.08080808080808,0.17033389376014893,0.06233398339737144,0.18138125826467705
19.141414141414142,73.28282828282828,0.2929516936373964,0.008532801801789194,0.29307593471932764
19.141414141414142,73.48484848484848,0.090615508195963,-0.032702717995582525,0.0963360684785882
19.141414141414142,73.68686868686869,0.045323486852558964,-0.16502867394637602,0.17113936334161517
19.141414141414142,73.88888888888889,0.23405085736127218,-0.02061079626962814,0.2349566103654347
19.141414141414142,74.0909090909091,0.15116945832229575,-0.08080335184389066,0.1714099962040251
19.141414141414142,74.29292929292929,0.06310964164638669,-0.0014914558858490651,0.06312726280613455
19.141414141414142,74.4949494949495,0.007548893163402232,-0.036811427761118384,0.03757747998209165
19.141414141414142,74.6969696969697,0.14197488226304014,-0.2837745916754881,0.31730881814754863
19.141414141414142,74.8989898989899,0.3533517146288548,0.008267296740881707,0.3534484155100337
19.141414141414142,75.1010101010101,0.0724854586226825,-0.09022434233452939,0.11573492844184494
19.141414141414142,75.3030303030303,-0.010751723289487716,0.03472367457345026,0.03635014621121335
19.141414141414142,75.5050505050505,-0.012643260369541984,-0.05312955872277143,0.05461320392403699
19.141414141414142,75.70707070707071,-0.01020584315905123,0.04450134711337677,0.04565664387022331
19.141414141414142,75.9090909090909,-0.004966571714751702,-0.12228190209776436,0.12238272106488318
19.141414141414142,76.11111111111111,-0.043348256429844315,-0.09628732910729446,0.1055950807666909
19.141414141414142,76.31313131313131,-0.05063724122684191,-0.10239704960374535,0.11423347130599361
19.141414141414142,76.51515151515152,-0.05001578422933555,0.1000548515122619,0.11185951896560359
19.141414141414142,76.71717171717171,-0.3711320520957765,-0.03107597587043839,0.3724308209172842
19.141414141414142,76.91919191919192,-0.03525570933541702,-0.12942111752309482,0.13413720849067245
19.141414141414142,77.12121212121212,-0.12815696193297743,0.03597410913493463,0.13311026789824598
19.141414141414142,77.32323232323232,-0.02692244659328249,-0.18501041586241396,0.18695901183989902
19.141414141414142,77.52525252525253,-0.11664753260864051,-0.08969101190516461,0.14714321078546652
19.141414141414142,77.72727272727272,-0.10280641446592387,-0.07814987024340074,0.12913776006420313
19.141414141414142,77.92929292929293,-0.05659917350550654,-0.10212399751445062,0.11675948488169151
19.141414141414142,78.13131313131314,-0.059538195206807455,-0.11116155624571546,0.12610189639911557
19.141414141414142,78.33333333333333,-0.06676936707261089,-0.061586381582270255,0.09083518467903312
19.141414141414142,78.53535353535354,-0.06836783850124438,0.043277541365302034,0.08091419484835563
19.141414141414142,78.73737373737373,-0.00338323147791365,-0.06093179879108616,0.06102565328737214
19.141414141414142,78.93939393939394,-0.20999175309974213,0.11680081269993484,0.24028933854265844
19.141414141414142,79.14141414141415,-0.20537312995788642,0.026108204700835885,0.20702599078714648
19.141414141414142,79.34343434343434,0.06596369616823791,0.004821044231405119,0.0661396377345444
19.141414141414142,79.54545454545455,-0.11936756051201569,-0.00894229186668,0.11970204295006255
19.141414141414142,79.74747474747474,-0.1605380310074424,-0.06223957009681928,0.17218078721385677
19.141414141414142,79.94949494949495,0.02605581193240103,-0.002869681850769584,0.026213363183332433
19.141414141414142,80.15151515151516,-0.07828575000346018,0.08237894830823662,0.1136439605873334
19.141414141414142,80.35353535353535,0.07784562074695645,0.10523658852380056,0.13089950432911002
19.141414141414142,80.55555555555556,-0.049450823374253695,0.2781890169898237,0.28255001876863506
19.141414141414142,80.75757575757575,0.1914401478749482,0.15065983559811444,0.24361386717679456
19.141414141414142,80.95959595959596,0.09993443700762547,0.22906685149980768,0.24991701453895854
19.141414141414142,81.16161616161617,0.05591776390740058,0.12817644887092475,0.13984276300747414
19.141414141414142,81.36363636363636,0.07546337083098072,0.13074084574836942,0.15095658012876761
19.141414141414142,81.56565656565657,0.056982379077637306,0.22193087805584757,0.22912945284268246
19.141414141414142,81.76767676767676,0.015417044292192861,0.04657056551047097,0.04905611915625313
19.141414141414142,81.96969696969697,0.11569004773339353,0.1991561077415762,0.2303200868255506
19.141414141414142,82.17171717171718,-0.06040357116422583,0.14624106688886543,0.15822465374961422
19.141414141414142,82.37373737373737,0.06270825010015703,0.16773303373099016,0.17907176001599281
19.141414141414142,82.57575757575758,0.010336667802148914,0.20032797992730472,0.20059448208514258
19.141414141414142,82.77777777777777,-0.12323955046696294,0.16783045407834518,0.20821875063366083
19.141414141414142,82.97979797979798,0.12830589691608044,0.26910519386954473,0.2981275038486136
19.141414141414142,83.18181818181819,0.04939897641922243,0.1555414998369331,0.16319747866554052
19.141414141414142,83.38383838383838,0.11963439896020234,0.12094924104316124,0.17012086386885525
19.141414141414142,83.58585858585859,0.07227136038131879,0.18672969690064278,0.20022769347912986
19.141414141414142,83.78787878787878,0.4011833678737586,0.07613456330959029,0.40834368660342174
19.141414141414142,83.98989898989899,0.221755753015055,0.19701642968337787,0.2966329171896798
19.141414141414142,84.1919191919192,0.16169621482490573,0.1500645943779758,0.22060156022686803
19.141414141414142,84.39393939393939,-0.02470164608538124,0.0875038141762884,0.09092353278841425
19.141414141414142,84.5959595959596,0.09522312195585753,0.21098913611853096,0.2314818751329445
19.141414141414142,84.79797979797979,0.13834601158465362,0.13583367450242587,0.19388245420927622
19.141414141414142,85.0,0.09398845811636417,0.12385598032399506,0.15548033355093305
19.343434343434343,65.0,0.02895711466585947,-0.13630921229154355,0.13935105254468952
19.343434343434343,65.20202020202021,0.22679010861160703,0.20527239378261236,0.3058929698657823
19.343434343434343,65.4040404040404,0.3455908436506386,0.3041648856419264,0.4603795269912926
19.343434343434343,65.60606060606061,0.04656032039722248,0.2816136446434251,0.2854366975090017
19.343434343434343,65.8080808080808,0.1329095330101101,0.1460322728624407,0.19745979003922767
19.343434343434343,66.01010101010101,0.24634932257936076,0.2757372364634953,0.36975534114848896
19.343434343434343,66.21212121212122,0.06054304498895304,0.16980753020102105,0.18027772355314747
19.343434343434343,66.41414141414141,0.30087631879812754,0.1401744982768799,0.33192687324271813
19.343434343434343,66.61616161616162,0.15178426988256113,0.26307298710058186,0.30372003741242537
19.343434343434343,66.81818181818181,0.2991217449709872,0.20392551526121516,0.3620213171748874
19.343434343434343,67.02020202020202,0.15298088907160645,0.18462950471516273,0.23977323960881342
19.343434343434343,67.22222222222223,-0.06892915675421607,0.23639528768300058,0.24623964077616728
19.343434343434343,67.42424242424242,0.1790911253166562,0.2034465020010079,0.2710426356565187
19.343434343434343,67.62626262626263,0.11085985207817066,0.1275310506402928,0.16897951260496288
19.343434343434343,67.82828282828282,0.2760337790217589,0.09576483898496346,0.29217383788910534
19.343434343434343,68.03030303030303,0.3534873756537702,-0.06711403655162917,0.35980219377991995
19.343434343434343,68.23232323232324,0.1315091201434291,0.11596036818735819,0.17533241477561
19.343434343434343,68.43434343434343,0.19926345678876428,0.1218410205064561,0.23356189648455586
19.343434343434343,68.63636363636364,0.26577567978678646,0.09913736269749843,0.2836634073135691
19.343434343434343,68.83838383838383,0.2250550751940501,0.1999653898829131,0.30105804095161615
19.343434343434343,69.04040404040404,0.23306587522518596,0.04684139628240627,0.23772635234691036
19.343434343434343,69.24242424242425,0.2122562311378143,0.008795702854240752,0.2124383958834404
19.343434343434343,69.44444444444444,0.3040295816775171,-0.07397469659751449,0.31289973197767423
19.343434343434343,69.64646464646465,0.31942322305503096,0.058956182988304164,0.32481845227667483
19.343434343434343,69.84848484848484,0.34793055544503104,0.09384161761454812,0.36036359501037685
19.343434343434343,70.05050505050505,0.19431641977709588,0.06631958127869372,0.20532208321554163
19.343434343434343,70.25252525252526,0.15580949346907627,0.0033033057298961672,0.15584450610732253
19.343434343434343,70.45454545454545,0.28564707142182455,-0.041195934839906495,0.28860241589286595
19.343434343434343,70.65656565656566,0.22456850013241436,-0.025014527747038273,0.22595738060556803
19.343434343434343,70.85858585858585,0.455744834119506,0.012580334530541203,0.4559184342001498
19.343434343434343,71.06060606060606,0.23283220546874575,-0.042166524392302854,0.23661963503219025
19.343434343434343,71.26262626262626,0.2505441876225576,-0.06241773735529778,0.25820217638122706
19.343434343434343,71.46464646464646,0.330842201213162,-0.09262938070614933,0.34356478904796856
19.343434343434343,71.66666666666667,0.3711071484276687,-0.06748298401604672,0.3771928800306625
19.343434343434343,71.86868686868686,0.05849764665865103,-0.10171932789993496,0.11734051445692094
19.343434343434343,72.07070707070707,0.33469645355654487,-0.11880156097403416,0.3551556375917403
19.343434343434343,72.27272727272727,1.15896233828064,-0.024071641553729997,1.1592122952591641
19.343434343434343,72.47474747474747,0.1268293333040666,-0.06437540173184078,0.14223175501444782
19.343434343434343,72.67676767676768,0.23278878302246728,-0.16832337806172498,0.2872688237578031
19.343434343434343,72.87878787878788,0.15804358363308033,-0.08859411673216201,0.18118137831228243
19.343434343434343,73.08080808080808,0.2762063422533948,-0.00525240763870038,0.2762562782761734
19.343434343434343,73.28282828282828,0.21848322278868046,0.018113609850099525,0.21923280206650145
19.343434343434343,73.48484848484848,0.34079427576580473,-0.027627490877599317,0.34191229379320537
19.343434343434343,73.68686868686869,0.16274949427142335,-0.03863515238107806,0.16727245106446303
19.343434343434343,73.88888888888889,0.21436305239185158,-0.04291759299136844,0.21861710367426532
19.343434343434343,74.0909090909091,0.06349226641040841,0.0011430020147946834,0.06350255386625092
19.343434343434343,74.29292929292929,0.021621638115614836,-0.11920782420583234,0.12115279850953191
19.343434343434343,74.4949494949495,0.011731477804533971,0.0275770768583773,0.02996869599317131
19.343434343434343,74.6969696969697,-0.08156467826057301,-0.06768946872025468,0.10599368337491215
19.343434343434343,74.8989898989899,0.1059461604627871,-0.16352384644633394,0.194845162304356
19.343434343434343,75.1010101010101,0.28081586078690624,0.03412267710652917,0.2828814323394301
19.343434343434343,75.3030303030303,0.06405258214631919,-0.07323874591409432,0.09729669666890153
19.343434343434343,75.5050505050505,0.05341284927567999,-0.09552119740781202,0.10944053920722752
19.343434343434343,75.70707070707071,-0.025409027471984223,0.011424038788849126,0.027859062068224378
19.343434343434343,75.9090909090909,-0.17872768205941203,-0.08600627024289795,0.19834480798706244
19.343434343434343,76.11111111111111,-0.3139557384867677,-0.08493145135220771,0.325240767982066
19.343434343434343,76.31313131313131,-0.06520218001186306,-0.03766604781413386,0.07529977049258525
19.343434343434343,76.51515151515152,0.0389804656608153,-0.017008909345696696,0.042529750766541405
19.343434343434343,76.71717171717171,0.08725302318779932,-0.014427316401001252,0.08843776067916491
19.343434343434343,76.91919191919192,-0.05243047747483537,-0.06774440801062186,0.0856636433088672
19.343434343434343,77.12121212121212,-0.10832493685482228,-0.16327704951329441,0.19594307041170922
19.343434343434343,77.32323232323232,-0.22574061139064533,0.008684140280203874,0.2259075871311732
19.343434343434343,77.52525252525253,-0.20037595875433833,-0.1287870329568533,0.238194510231764
19.343434343434343,77.72727272727272,-0.04990708808673236,-0.2270760257527319,0.2324956750413913
19.343434343434343,77.92929292929293,-0.059303952686686284,-0.10060671207060186,0.11678471354557372
19.343434343434343,78.13131313131314,-0.1622229482098504,-0.15658576149053838,0.2254670388936431
19.343434343434343,78.33333333333333,-0.027485094612175458,-0.11546465771320702,0.11869084887500087
19.343434343434343,78.53535353535354,-0.21430354090777534,-0.04826698148960609,0.21967182146950145
19.343434343434343,78.73737373737373,-0.1173102856899512,0.11842563465079323,0.1666923335702669
19.343434343434343,78.93939393939394,-0.006381883078985047,0.00591248512674359,0.008699765054747158
19.343434343434343,79.14141414141415,-0.13953696710851127,-0.07994839766209313,0.16081763422764908
19.343434343434343,79.34343434343434,-0.0922254925375421,0.08115574514344787,0.12284867294187794
19.343434343434343,79.54545454545455,-0.06439329732715297,0.0028404502123674912,0.06445591437620031
19.343434343434343,79.74747474747474,0.012726345572235252,0.09259883033360575,0.09346926366873687
19.343434343434343,79.94949494949495,-0.06477845788369535,0.11121686310901507,0.12870679564653567
19.343434343434343,80.15151515151516,0.09981349484147001,0.08415051361685853,0.13055283487710734
19.343434343434343,80.35353535353535,-0.07829105197744775,0.09439252823962592,0.1226353872550823
19.343434343434343,80.55555555555556,-0.0044421429140270715,0.06887967760798447,0.06902276885961993
19.343434343434343,80.75757575757575,-0.005649177216156621,0.1673156416403363,0.1674109827363097
19.343434343434343,80.95959595959596,-0.14267218128816953,0.15396067667091587,0.2099029329821063
19.343434343434343,81.16161616161617,-0.027408511725128884,0.26329231490150273,0.2647150724858307
19.343434343434343,81.36363636363636,-0.04622930266235112,0.3972677502660119,0.39994851396906783
19.343434343434343,81.56565656565657,0.029581509483818845,0.2549645644366108,0.2566748815558155
19.343434343434343,81.76767676767676,-0.05015900068066923,0.13946078384983535,0.14820673257748404
19.343434343434343,81.96969696969697,0.035690866876609086,0.14671487410660017,0.15099368285633466
19.343434343434343,82.17171717171718,-0.17591933016978467,0.21221163290860628,0.2756472163275421
19.343434343434343,82.37373737373737,0.018832802152916765,0.1906391098149949,0.19156707605427556
19.343434343434343,82.57575757575758,0.3616580869544637,0.19945023692678465,0.41300964742934637
19.343434343434343,82.77777777777777,-0.024112149855628436,0.1081284709858001,0.11078430398024486
19.343434343434343,82.97979797979798,0.09896754122714856,0.16841419939301308,0.19534051493158536
19.343434343434343,83.18181818181819,0.043142521278632474,0.0631656050892315,0.07649294613600657
19.343434343434343,83.38383838383838,0.08507516218553127,0.06460381356573144,0.10682432283019741
19.343434343434343,83.58585858585859,-0.09911221025734793,0.23750564648938316,0.2573561002510657
19.343434343434343,83.78787878787878,0.10645555005658702,0.12651848769625007,0.1653472463235983
19.343434343434343,83.98989898989899,0.2417069674710044,0.18480278293387173,0.3042602943272962
19.343434343434343,84.1919191919192,0.13028321861302622,0.1888243213790089,0.22940867768332743
19.343434343434343,84.39393939393939,0.1290840437480686,0.15783664433767317,0.20389972203544177
19.343434343434343,84.5959595959596,0.17371673540291716,0.1396767872564384,0.22290605433080432
19.343434343434343,84.79797979797979,0.14585785507835955,0.03824163461885609,0.15078772001188237
19.343434343434343,85.0,0.12798441173875885,0.06578373887075951,0.14390104220585906
19.545454545454547,65.0,0.17504722182046062,0.1925241079045346,0.2602058069903484
19.545454545454547,65.20202020202021,0.4642487779009223,0.3022806738615528,0.5539860409547287
19.545454545454547,65.4040404040404,0.16027630155796035,0.26945105671683517,0.31351613165340847
19.545454545454547,65.60606060606061,0.31715067594614516,0.06075172405883849,0.32291689833332976
19.545454545454547,65.8080808080808,0.5410099621040069,0.031052457873455463,0.5419003914334826
19.545454545454547,66.01010101010101,0.30089922971915617,0.33590915783407643,0.45097151657547063
19.545454545454547,66.21212121212122,0.15639770707247558,0.11590939452654758,0.19466697335973235
19.545454545454547,66.41414141414141,0.16772432838430676,0.2644498536140435,0.3131535971507525
19.545454545454547,66.61616161616162,0.42265938725128527,0.23676597643748548,0.4844575164346486
19.545454545454547,66.81818181818181,0.07046081742343044,0.15855112884246952,0.17350270098531426
19.545454545454547,67.02020202020202,0.22281277326350046,0.030739559797112972,0.2249232145997659
19.545454545454547,67.22222222222223,-0.13532029502333698,0.1582894518265004,0.20824776782654106
19.545454545454547,67.42424242424242,0.19495808215768667,0.2211149116805056,0.29478883623041274
19.545454545454547,67.62626262626263,0.2623820628446805,0.08410829340049344,0.27553321382616175
19.545454545454547,67.82828282828282,0.2019167509361053,0.14351777122380915,0.24772509958751213
19.545454545454547,68.03030303030303,0.29395932918775275,0.11527623396643705,0.31575417231447367
19.545454545454547,68.23232323232324,0.20796547783306182,0.1537074218107668,0.25860319311649405
19.545454545454547,68.43434343434343,0.31769604986453387,0.12123344412626269,0.34004165638086764
19.545454545454547,68.63636363636364,0.15070286554596055,0.1153710628577329,0.18979419334818126
19.545454545454547,68.83838383838383,0.1649480429473905,0.06277787332636998,0.17649056136676525
19.545454545454547,69.04040404040404,0.31872311534471665,0.038625960357740755,0.3210551184276608
19.545454545454547,69.24242424242425,0.3714616421448522,0.07738799485328349,0.3794372851109417
19.545454545454547,69.44444444444444,0.20410097681111022,0.02654630362618217,0.20582010341913348
19.545454545454547,69.64646464646465,0.11847461347700916,0.019179219089775296,0.12001698414566299
19.545454545454547,69.84848484848484,0.18184769066809475,0.06948086600342739,0.19466939498006694
19.545454545454547,70.05050505050505,0.1880566502725228,-0.11037471863656477,0.21805476886741731
19.545454545454547,70.25252525252526,0.159314370522267,-0.07952445292599888,0.17805956101284084
19.545454545454547,70.45454545454545,0.3756794449609039,-0.0660862958866429,0.38144782588205917
19.545454545454547,70.65656565656566,0.24706073581226495,-0.07350005491577885,0.2577620322171601
19.545454545454547,70.85858585858585,0.2211792027006828,-0.06331493758998573,0.23006308054386632
19.545454545454547,71.06060606060606,0.22220522528263692,-0.06604584128771013,0.23181288854226553
19.545454545454547,71.26262626262626,0.26589015614892525,-0.05980031169356393,0.27253192916711105
19.545454545454547,71.46464646464646,0.2924876744546236,-0.2778412983666301,0.40341644337573623
19.545454545454547,71.66666666666667,0.19923549929877812,-0.1400427177430645,0.24352976609379204
19.545454545454547,71.86868686868686,0.1856583617217649,-0.13554250207051188,0.22987126211152278
19.545454545454547,72.07070707070707,0.44074828597130156,-0.16730209566083815,0.47143296745046215
19.545454545454547,72.27272727272727,0.22435765705338306,-0.03595093986453715,0.2272197798511983
19.545454545454547,72.47474747474747,0.408529738736538,-0.18038695043914682,0.44658257838934917
19.545454545454547,72.67676767676768,0.11850479467536688,-0.0036536161206206213,0.11856110353656346
19.545454545454547,72.87878787878788,0.14022028127017852,-0.03918970767846315,0.14559382015529151
19.545454545454547,73.08080808080808,0.06322153764176289,-0.02838725420705004,0.0693022295687846
19.545454545454547,73.28282828282828,0.13393573101557896,0.03083953580756272,0.1374403762054785
19.545454545454547,73.48484848484848,0.23892464196062246,0.02004346425836298,0.23976389426994196
19.545454545454547,73.68686868686869,0.25494586186132234,-0.06161735744675399,0.2622862772219193
19.545454545454547,73.88888888888889,0.14919500274639294,0.04470870980071713,0.15574985578337125
19.545454545454547,74.0909090909091,0.01540402937172353,0.042408159393659,0.04511913235028916
19.545454545454547,74.29292929292929,0.1186372608939755,0.03625430118328917,0.12405310970190893
19.545454545454547,74.4949494949495,0.06808207337627599,0.04045214272368482,0.07919308408030334
19.545454545454547,74.6969696969697,0.034103254331663176,-0.012835443383712886,0.03643872339787169
19.545454545454547,74.8989898989899,0.24618180217122215,-0.010429080842575711,0.24640260844295409
19.545454545454547,75.1010101010101,-0.12444531672555056,-0.010231941401784104,0.12486524528375435
19.545454545454547,75.3030303030303,0.07827951296674117,0.040256910820335216,0.08802443421633917
19.545454545454547,75.5050505050505,-0.055057720710438796,-0.012529323634612018,0.05646535717207081
19.545454545454547,75.70707070707071,-0.24739616041997023,-0.022835136414919233,0.24844778857062022
19.545454545454547,75.9090909090909,-0.34825207588423046,-0.30445694214926405,0.46257273804295485
19.545454545454547,76.11111111111111,0.02906099333336811,-0.17345787500277232,0.17587545517780317
19.545454545454547,76.31313131313131,-0.14549816273329177,-0.04933113281422897,0.15363357713565923
19.545454545454547,76.51515151515152,-0.08881774217834848,-0.0019523018300075913,0.08883919634989408
19.545454545454547,76.71717171717171,-0.061881555829820856,-0.1630212337560767,0.17437101137308528
19.545454545454547,76.91919191919192,-0.16984537674502492,-0.1653544960491918,0.23704337443881793
19.545454545454547,77.12121212121212,-0.5306410233051729,-0.08389493227853137,0.5372320311340161
19.545454545454547,77.32323232323232,0.02661654095198919,-0.05520359212521812,0.06128520894780699
19.545454545454547,77.52525252525253,-0.10206659328051265,-0.15167875581274318,0.18282241227155757
19.545454545454547,77.72727272727272,-0.19455338286204354,-0.11727523195450032,0.22716623607624165
19.545454545454547,77.92929292929293,-0.1233472345178068,-0.1416357855887678,0.1878170280420235
19.545454545454547,78.13131313131314,-0.24904807216412697,-0.0438333292873815,0.2528760625387152
19.545454545454547,78.33333333333333,-0.3638251688736565,-0.11562663432397383,0.38175682321477195
19.545454545454547,78.53535353535354,-0.1570698850013223,-0.12824638814190786,0.202775947404453
19.545454545454547,78.73737373737373,-0.31894086527829135,-0.0175799974445614,0.31942500192473344
19.545454545454547,78.93939393939394,0.028737363056748812,0.06441670817477091,0.07053614908349469
19.545454545454547,79.14141414141415,0.01696305855038604,-0.08303793306712606,0.08475283879283532
19.545454545454547,79.34343434343434,-0.0008254434074977633,0.11051565642489294,0.11051873900766314
19.545454545454547,79.54545454545455,-0.17915017250441337,0.04896855634949364,0.18572211451336268
19.545454545454547,79.74747474747474,0.006238627004175851,0.017122548554903673,0.01822366966097295
19.545454545454547,79.94949494949495,-0.008630983510653683,0.06309837725214129,0.06368594105620735
19.545454545454547,80.15151515151516,-0.30315144228475266,0.12746140568388148,0.328857426399704
19.545454545454547,80.35353535353535,0.14441522147956917,0.07551192252030894,0.1629656609157468
19.545454545454547,80.55555555555556,0.07892594666810776,0.11261561362116594,0.13751938586515258
19.545454545454547,80.75757575757575,-0.11336432010267034,0.05709359364905615,0.12692969513909758
19.545454545454547,80.95959595959596,-0.01738938264747759,0.17795858340432996,0.1788061744910848
19.545454545454547,81.16161616161617,-0.06743084217069917,0.20844750479548416,0.21908281706083918
19.545454545454547,81.36363636363636,0.08249307564861486,0.08034034541336635,0.11515067794462656
19.545454545454547,81.56565656565657,0.017017272449129903,0.14013662315227474,0.1411660749264163
19.545454545454547,81.76767676767676,-0.05991306168349847,0.3321664779721569,0.33752650866075407
19.545454545454547,81.96969696969697,0.04177094857901351,0.1993197361023554,0.20364962397486325
19.545454545454547,82.17171717171718,-0.01080513849972645,0.38861605988792347,0.3887662447034366
19.545454545454547,82.37373737373737,0.2521357640527812,0.17121643908338924,0.3047745273589571
19.545454545454547,82.57575757575758,-0.42332182390558515,0.22313305115454873,0.47852870876499115
19.545454545454547,82.77777777777777,0.12523276624064505,0.10659752175169397,0.16445752455843093
19.545454545454547,82.97979797979798,0.14872473410532994,0.07126841229723313,0.16491886831430022
19.545454545454547,83.18181818181819,0.3417069352473479,0.14468059904145195,0.37107425851859976
19.545454545454547,83.38383838383838,0.08440813276923718,0.11316831126771795,0.1411800253321137
19.545454545454547,83.58585858585859,0.3067939352097728,0.11972413209777039,0.3293271724107542
19.545454545454547,83.78787878787878,0.044053989885634866,0.13649697353313797,0.1434300449994693
19.545454545454547,83.98989898989899,0.12009467270831062,0.14908861654667283,0.19144227849855186
19.545454545454547,84.1919191919192,0.06554585747612422,0.12667981492498692,0.1426325171260373
19.545454545454547,84.39393939393939,0.07793316451393467,0.11493908146608699,0.138868897091551
19.545454545454547,84.5959595959596,0.1615818852983188,0.08913477224173842,0.18453648224442135
19.545454545454547,84.79797979797979,0.15080868256828164,0.1252203464310854,0.19601886107796307
19.545454545454547,85.0,0.010897402189654851,0.12339763188977317,0.12387787910069763
19.747474747474747,65.0,0.08688711861587649,0.22122435126032744,0.23767537729416174
19.747474747474747,65.20202020202021,0.14015546040583599,0.20454785791992983,0.24795842244457772
19.747474747474747,65.4040404040404,0.08260933556858394,0.00818368762592779,0.08301370408698597
19.747474747474747,65.60606060606061,0.040198012839611955,0.11972076493913283,0.12628911985545194
19.747474747474747,65.8080808080808,0.4746087739590513,0.2922379889791035,0.5573657062660605
19.747474747474747,66.01010101010101,0.19923673336128248,0.18062687596507385,0.2689262803100079
19.747474747474747,66.21212121212122,0.2974626487958669,0.22743367875031073,0.37444639891251835
19.747474747474747,66.41414141414141,0.3119343507293694,0.19939690669524238,0.37021907779662633
19.747474747474747,66.61616161616162,0.32628771656042027,0.11271049670222849,0.3452062137984718
19.747474747474747,66.81818181818181,0.3621609348006153,0.18394206042205294,0.40619604169411316
19.747474747474747,67.02020202020202,0.10877835315228777,0.22728377014454,0.2519734952046344
19.747474747474747,67.22222222222223,0.08041480644966378,0.055753124838362283,0.0978516838157571
19.747474747474747,67.42424242424242,-0.567195728288819,0.43334592896719903,0.7137924686780666
19.747474747474747,67.62626262626263,0.17482266440277872,0.24792033989844886,0.30336027908124197
19.747474747474747,67.82828282828282,0.18695204428923592,0.5513527843677459,0.5821863616523412
19.747474747474747,68.03030303030303,0.13362560647017574,0.11663504924023971,0.1773683664462054
19.747474747474747,68.23232323232324,0.2748581995858743,0.1810809855736109,0.3291464008855309
19.747474747474747,68.43434343434343,-0.07104234459765384,0.045405083065874534,0.08431272913475617
19.747474747474747,68.63636363636364,0.11188931655826821,0.19171471302044793,0.2219769139987063
19.747474747474747,68.83838383838383,-0.13561781324817934,0.15290629554690247,0.20438328328925223
19.747474747474747,69.04040404040404,0.25220859642490545,0.00020328166436633585,0.25220867834802174
19.747474747474747,69.24242424242425,0.1348029994177723,0.06879693948192578,0.15134354143506645
19.747474747474747,69.44444444444444,0.3050610247125012,0.17473654127186677,0.3515609302159386
19.747474747474747,69.64646464646465,0.0885566650602522,-0.0357174122521952,0.09548830538127147
19.747474747474747,69.84848484848484,0.15485900030293942,-0.1327541494467055,0.20397297411702367
19.747474747474747,70.05050505050505,0.23850757618075247,-0.018443686639363226,0.2392196343790962
19.747474747474747,70.25252525252526,0.08188910816710024,-0.0159426134245017,0.08342657226091783
19.747474747474747,70.45454545454545,0.09115477096068815,-0.06766646375991131,0.11352507470452027
19.747474747474747,70.65656565656566,0.17418737154006791,-0.16045776554221375,0.2368289148875992
19.747474747474747,70.85858585858585,0.17357057962192887,-0.11260968207393801,0.20690018513062222
19.747474747474747,71.06060606060606,0.14596011261436168,0.008852594042960307,0.14622832453285717
19.747474747474747,71.26262626262626,0.1273028586329855,-0.030856520702826958,0.130989093767435
19.747474747474747,71.46464646464646,0.06623070338367365,-0.11299999246744252,0.13097902262705363
19.747474747474747,71.66666666666667,0.2609981972834825,0.04327633498931969,0.26456171332098577
19.747474747474747,71.86868686868686,0.16437248275806174,-0.05318663051506238,0.1727632216462609
19.747474747474747,72.07070707070707,0.3304797135705966,-0.00849784272151809,0.3305889508326363
19.747474747474747,72.27272727272727,0.2194790098494087,-0.05636710034111561,0.22660160141830912
19.747474747474747,72.47474747474747,0.15040957600363994,-0.08257776384054351,0.17158708469607878
19.747474747474747,72.67676767676768,0.30566250724397337,0.04802383919147244,0.3094121158994271
19.747474747474747,72.87878787878788,0.07731781773974222,0.1281850100777004,0.1496978348161928
19.747474747474747,73.08080808080808,0.29334436086623855,-0.03232443769516727,0.29511994735078606
19.747474747474747,73.28282828282828,0.13426802993608014,0.009723956176254135,0.13461968350369058
19.747474747474747,73.48484848484848,0.11331468695699401,0.0717696756530442,0.13413092344237668
19.747474747474747,73.68686868686869,0.08753484288438575,0.03773416041947877,0.09532164277516968
19.747474747474747,73.88888888888889,0.15852291269698915,-0.10141813042137239,0.18818913631797066
19.747474747474747,74.0909090909091,-0.02777869090841267,-0.05980951935260558,0.06594569185151393
19.747474747474747,74.29292929292929,0.14703189611759862,-0.05348887186188693,0.15645906138346116
19.747474747474747,74.4949494949495,0.18369252902724081,-0.10142869854268426,0.20983499733954397
19.747474747474747,74.6969696969697,0.2272342445648518,-0.2145482742913692,0.31251618182801905
19.747474747474747,74.8989898989899,0.061342862503754036,0.08128160866311122,0.10183146216674702
19.747474747474747,75.1010101010101,0.13330814816933353,0.01331160521971313,0.13397112077557044
19.747474747474747,75.3030303030303,-0.109841289451654,-0.09858560297465496,0.14759481692213428
19.747474747474747,75.5050505050505,0.03746732436768899,-0.02311081746227897,0.04402170236427028
19.747474747474747,75.70707070707071,0.10952125732330638,-0.0193052133538228,0.11120969862523011
19.747474747474747,75.9090909090909,-0.0008709041800417858,-0.04932105923560967,0.04932874778679601
19.747474747474747,76.11111111111111,-0.08004110620466537,-0.10978384255302637,0.13586416292817693
19.747474747474747,76.31313131313131,-0.08317405600944049,-0.13780383754365452,0.16095906695436413
19.747474747474747,76.51515151515152,-0.06346153006368814,-0.21187926560718726,0.2211790880536978
19.747474747474747,76.71717171717171,-0.040613942680105944,-0.013958313045118045,0.04294562658861137
19.747474747474747,76.91919191919192,-0.00760981191157805,-0.19461121480543528,0.19475993983716688
19.747474747474747,77.12121212121212,-0.049425996239639086,-0.10653423476208512,0.117441356772748
19.747474747474747,77.32323232323232,-0.1556474582360626,-0.10388913541661032,0.1871338657564623
19.747474747474747,77.52525252525253,0.1325647252145286,-0.04318966864144871,0.13942293157354574
19.747474747474747,77.72727272727272,-0.06324163525435192,-0.1140988713364686,0.13045327466146836
19.747474747474747,77.92929292929293,-0.1191849445644852,-0.04836866466778539,0.12862573122273818
19.747474747474747,78.13131313131314,-0.30852461126607844,-0.08141140030588764,0.3190850229275111
19.747474747474747,78.33333333333333,-0.3266446485076306,-0.2057357875853545,0.38603619090966024
19.747474747474747,78.53535353535354,-0.06180235795015525,-0.10888267518525492,0.12519971407194525
19.747474747474747,78.73737373737373,-0.17945950368923114,-0.07903130916756028,0.19609095158401282
19.747474747474747,78.93939393939394,0.0684807467741984,-0.0356927733444474,0.07722426268841923
19.747474747474747,79.14141414141415,-0.09774729782235232,-0.006535634999402417,0.09796554882415072
19.747474747474747,79.34343434343434,-0.13173313824193633,0.04317462098458452,0.13862780243598913
19.747474747474747,79.54545454545455,-0.04592324805836498,0.05890012924703752,0.07468714707061616
19.747474747474747,79.74747474747474,-0.15399889997151528,0.07761846918556548,0.17245372698537814
19.747474747474747,79.94949494949495,0.041871849666781036,0.05974345088853865,0.07295568325078411
19.747474747474747,80.15151515151516,0.13532775626383622,0.15818177802684585,0.2081707868917697
19.747474747474747,80.35353535353535,-0.0317022709439699,0.0736895787772926,0.08021962355545986
19.747474747474747,80.55555555555556,0.09263587441418776,0.07291570781000523,0.11789022721971157
19.747474747474747,80.75757575757575,0.03248891698951082,0.18990669561078977,0.1926657280498026
19.747474747474747,80.95959595959596,0.2343770648201944,0.09919496073958893,0.2545039267867162
19.747474747474747,81.16161616161617,0.01700878763794363,0.13902045560881768,0.14005708098698869
19.747474747474747,81.36363636363636,0.1847233561014655,0.13892846345755097,0.23113596917845763
19.747474747474747,81.56565656565657,-0.0041660501366659435,0.1604365447066389,0.160490625430729
19.747474747474747,81.76767676767676,-0.1130240239839342,0.06974483680489527,0.13281103967088884
19.747474747474747,81.96969696969697,0.33381092534967594,0.15632801267756757,0.3686030133226323
19.747474747474747,82.17171717171718,0.026388345597266227,0.15949513719313507,0.1616633649644153
19.747474747474747,82.37373737373737,0.1672655153997726,0.1794215130300983,0.24529539738845754
19.747474747474747,82.57575757575758,-0.0024744052789361093,0.13343728154543674,0.1334602217431118
19.747474747474747,82.77777777777777,0.4211787477098864,0.2275444055920801,0.4787149402710565
19.747474747474747,82.97979797979798,0.3170326707415715,0.18250707736799107,0.36581217531260435
19.747474747474747,83.18181818181819,0.023842041483566168,0.12865004555698084,0.13084065562323255
19.747474747474747,83.38383838383838,0.13097013182511807,0.18590403464232047,0.22740599272354695
19.747474747474747,83.58585858585859,0.5084269533355705,0.12807028341861634,0.5243090351815569
19.747474747474747,83.78787878787878,0.04011295897142153,0.17507925393462076,0.17961568594013821
19.747474747474747,83.98989898989899,0.020791198696289877,0.09847362903252851,0.10064457043509425
19.747474747474747,84.1919191919192,0.1981387901067505,0.11369673488840998,0.22844239464086413
19.747474747474747,84.39393939393939,0.02883015333702041,0.1417425573056137,0.14464484191623042
19.747474747474747,84.5959595959596,0.05425099770739097,0.13858699475183722,0.14882716777051525
19.747474747474747,84.79797979797979,0.17925106018326173,0.06760158250104384,0.19157483272462683
19.747474747474747,85.0,0.11577900438843873,0.019982382892388365,0.11749073786148477
19.949494949494948,65.0,0.04180782322887093,0.16744963293187573,0.1725899002032171
19.949494949494948,65.20202020202021,-0.032780959358040054,0.1413530171803899,0.14510433061226352
19.949494949494948,65.4040404040404,0.12868921510026424,0.4501080160670753,0.4681432902551959
19.949494949494948,65.60606060606061,0.2802471149752881,0.3033524129474875,0.41299047433692143
19.949494949494948,65.8080808080808,0.22884772530322603,0.3764395055766485,0.44054282735649253
19.949494949494948,66.01010101010101,0.5397162512568163,0.3129821351029392,0.6239001913481879
19.949494949494948,66.21212121212122,-0.04249451116379344,0.3101219431252239,0.31301981261066264
19.949494949494948,66.41414141414141,0.1987412620158553,0.2638586820346668,0.33033239821841004
19.949494949494948,66.61616161616162,0.09699273701314208,0.27140713833720825,0.28821767082136557
19.949494949494948,66.81818181818181,-0.10320101159699911,0.19675281894047975,0.22217587752874782
19.949494949494948,67.02020202020202,0.06348808783491104,0.21244593579023585,0.221729594169841
19.949494949494948,67.22222222222223,0.16278659611745816,0.18488772148583638,0.24633908628500806
19.949494949494948,67.42424242424242,0.2189894111868136,0.21475111470544653,0.3067155090294248
19.949494949494948,67.62626262626263,0.1540123742920889,0.13633649203963208,0.20568774999196998
19.949494949494948,67.82828282828282,0.10861117978801922,0.3101909964078961,0.3286561160658186
19.949494949494948,68.03030303030303,-0.036361998375412374,0.09166546288490063,0.09861415725825876
19.949494949494948,68.23232323232324,0.24730097042097038,0.0650762388973546,0.2557199382922248
19.949494949494948,68.43434343434343,0.19759720781659168,0.14939647772127648,0.24771750865136113
19.949494949494948,68.63636363636364,0.24130627563042462,0.13252801412167073,0.27530418301518816
19.949494949494948,68.83838383838383,0.19420434893175603,0.1447156774962794,0.24219404711349615
19.949494949494948,69.04040404040404,0.13661744613520915,0.09245897930731418,0.16496360035794905
19.949494949494948,69.24242424242425,0.21204929510067108,0.19764225203877364,0.28987473733260993
19.949494949494948,69.44444444444444,0.07722490732883443,-0.014768855229683304,0.07862445800603277
19.949494949494948,69.64646464646465,-0.0029557655792925193,0.03566312955028049,0.03578540707439025
19.949494949494948,69.84848484848484,0.07858847366212514,0.03816367840147295,0.08736483584185109
19.949494949494948,70.05050505050505,0.41353972267072137,0.054142926990722484,0.4170690096011688
19.949494949494948,70.25252525252526,0.2628406445392942,-0.07694261085467863,0.2738710824219419
19.949494949494948,70.45454545454545,0.14182227935564334,-0.043099405832445446,0.14822657556841815
19.949494949494948,70.65656565656566,0.1829200835306275,-0.12955569652969345,0.22415270567661183
19.949494949494948,70.85858585858585,0.04513359956326691,-0.16817404685534654,0.17412510400640574
19.949494949494948,71.06060606060606,0.17404306939669537,-0.10276353668009222,0.20211713058527123
19.949494949494948,71.26262626262626,-0.021093975389063976,-0.07389439423181837,0.07684619246652256
19.949494949494948,71.46464646464646,0.06622060331436616,-0.1636624499980467,0.1765518786155553
19.949494949494948,71.66666666666667,0.2658826577149945,-0.11752798836133987,0.2906998722425797
19.949494949494948,71.86868686868686,0.12856168106095536,-0.09286110174352531,0.15859158254535505
19.949494949494948,72.07070707070707,0.1641618346260771,-0.11061738834595565,0.19795280890222158
19.949494949494948,72.27272727272727,0.10954827644961512,0.006796456625985043,0.10975890258083941
19.949494949494948,72.47474747474747,0.041023752755272834,-0.07656012167598458,0.08685850862850063
19.949494949494948,72.67676767676768,0.08452733502136134,-0.04324474078175797,0.09494723782762139
19.949494949494948,72.87878787878788,0.034300647350600635,-0.22289392990359558,0.22551771193531395
19.949494949494948,73.08080808080808,0.1250839202741239,-0.13470229454210847,0.18382245582640966
19.949494949494948,73.28282828282828,0.1893277901359258,-0.03743872793129148,0.19299396484570813
19.949494949494948,73.48484848484848,0.08673452797723794,0.05146771202667019,0.10085536041626406
19.949494949494948,73.68686868686869,0.11372693267785056,0.028118102360179552,0.1171513674553135
19.949494949494948,73.88888888888889,-0.16567486276542465,-0.17630372937374908,0.24193214987560963
19.949494949494948,74.0909090909091,-0.023800836373826025,0.008819989609123648,0.025382514233201744
19.949494949494948,74.29292929292929,0.17290998961108478,-0.0022961283321623754,0.1729252344587776
19.949494949494948,74.4949494949495,0.11065890013479963,0.009906682041567617,0.11110146051297559
19.949494949494948,74.6969696969697,0.049345123531056696,-0.04186100481513132,0.06470923381116248
19.949494949494948,74.8989898989899,0.048989901517503195,-0.07857296466158875,0.09259439090142521
19.949494949494948,75.1010101010101,0.0029838583465697163,0.0803628497498816,0.08041822573617526
19.949494949494948,75.3030303030303,0.09560021069238767,0.16939925052896648,0.19451351203503695
19.949494949494948,75.5050505050505,-0.052366578259633804,-0.007367987221982708,0.0528823765949078
19.949494949494948,75.70707070707071,0.14885596394370992,-0.01537634471658722,0.14964802029580743
19.949494949494948,75.9090909090909,0.013841786238000359,0.033212790881969226,0.03598172486732556
19.949494949494948,76.11111111111111,-0.027790382252447655,-0.05945102180695709,0.06562567591749775
19.949494949494948,76.31313131313131,-0.08661211074914171,0.004233469102743734,0.08671551181343207
19.949494949494948,76.51515151515152,0.19816112813017533,-0.06967798569586546,0.2100544081719234
19.949494949494948,76.71717171717171,0.161759688753572,-0.10155741387389859,0.1909976576254453
19.949494949494948,76.91919191919192,0.13790464917445186,-0.15761533023994287,0.20942847129885395
19.949494949494948,77.12121212121212,0.019346682149891513,-0.08024764664567177,0.0825468285422131
19.949494949494948,77.32323232323232,0.18159339526804735,-0.09206146923488973,0.2035963539031675
19.949494949494948,77.52525252525253,-0.41708581009578904,-0.1828778573356701,0.4554172632728653
19.949494949494948,77.72727272727272,-0.23551120861215022,-0.15218579102247257,0.28040336012803313
19.949494949494948,77.92929292929293,0.004749967731149679,-0.10601247809750379,0.10611883765769715
19.949494949494948,78.13131313131314,-0.0756010906367247,0.014010809137671953,0.07688841055812336
19.949494949494948,78.33333333333333,-0.02074727394522549,-0.05199589521912396,0.055982340928156536
19.949494949494948,78.53535353535354,-0.12327136492743501,-0.13721005320582905,0.1844516958767777
19.949494949494948,78.73737373737373,-0.7771554578831201,-0.020615270301794313,0.7774288360275415
19.949494949494948,78.93939393939394,0.0781974951823736,0.05158265060586936,0.09367826907199202
19.949494949494948,79.14141414141415,-0.23983443368345952,-0.03250126154437001,0.24202662577130082
19.949494949494948,79.34343434343434,-0.06006143175220102,0.08371257299931342,0.10302994934624436
19.949494949494948,79.54545454545455,0.07192134097870567,-0.10925667521368697,0.13080405332757977
19.949494949494948,79.74747474747474,0.16166463201099085,0.030351721087640372,0.16448914923553773
19.949494949494948,79.94949494949495,0.2929526973137334,0.10737622966504924,0.3120111176872922
19.949494949494948,80.15151515151516,0.3896514122112722,0.024575274115393907,0.39042562305269557
19.949494949494948,80.35353535353535,-0.029278748644249376,0.08296009499550798,0.08797512423314242
19.949494949494948,80.55555555555556,-0.05423568954278349,0.14389201538188828,0.15377393183125276
19.949494949494948,80.75757575757575,0.029456470871691346,0.16114383080434574,0.1638139734043296
19.949494949494948,80.95959595959596,0.032559278169520166,0.21869320474852083,0.2211036508022847
19.949494949494948,81.16161616161617,0.13118921527521318,0.14907924560968833,0.19858305989202604
19.949494949494948,81.36363636363636,0.024175215456341843,0.23636543600782256,0.23759852773434564
19.949494949494948,81.56565656565657,0.053634564229205046,0.18772210461758576,0.19523384707092298
19.949494949494948,81.76767676767676,0.21815744871529355,0.14133328710093016,0.2599380127505785
19.949494949494948,81.96969696969697,0.15302288792662397,0.0661980124851994,0.16672786535667855
19.949494949494948,82.17171717171718,0.03974280444097301,0.14228776879237884,0.1477338811943519
19.949494949494948,82.37373737373737,0.04526969165327568,0.17981828058852006,0.18542912127331668
19.949494949494948,82.57575757575758,0.2309412407315571,0.1944469104607546,0.30189974769509786
19.949494949494948,82.77777777777777,0.474780122479967,0.08907313396540904,0.48306333735496026
19.949494949494948,82.97979797979798,0.11212184371537175,0.13538932510269996,0.17578844441515157
19.949494949494948,83.18181818181819,0.15898976489490108,0.1309868125257823,0.20599827765542203
19.949494949494948,83.38383838383838,0.17012473994273142,0.2340982128378803,0.28938624776321265
19.949494949494948,83.58585858585859,0.5181379482281427,0.16789227899086445,0.5446602158583054
19.949494949494948,83.78787878787878,-0.6730318384303037,0.11354901892159679,0.6825432112613322
19.949494949494948,83.98989898989899,0.19145514191163449,0.1797025827704627,0.2625796824180788
19.949494949494948,84.1919191919192,0.15538653592002025,0.18610334878071175,0.24244469879256794
19.949494949494948,84.39393939393939,0.020196590399505297,0.11836628654817954,0.12007697554057206
19.949494949494948,84.5959595959596,0.19741838519774277,0.07628561782935804,0.2116447833084747
19.949494949494948,84.79797979797979,0.05429921156523452,0.19577043588972626,0.20316118710289993
19.949494949494948,85.0,-0.028038956944128394,0.13308863801649792,0.1360101785735211
20.15151515151515,65.0,-0.11650215486511396,0.177067092177069,0.21195638046602336
20.15151515151515,65.20202020202021,0.15837172442424774,0.19250698437813624,0.24928004760003128
20.15151515151515,65.4040404040404,0.15063548090337725,0.221759452290317,0.2680826417116429
20.15151515151515,65.60606060606061,0.09842133037772485,0.3371311764537796,0.3512039128632122
20.15151515151515,65.8080808080808,0.1320895077312282,0.7661993164753087,0.7775017881779491
20.15151515151515,66.01010101010101,-0.03786428752156176,0.5730477785401162,0.5742973626609107
20.15151515151515,66.21212121212122,0.26838982982092785,0.30051534353889464,0.402917575260259
20.15151515151515,66.41414141414141,-0.07432657140887278,0.22924762546757188,0.2409956700854154
20.15151515151515,66.61616161616162,-0.12148524121180615,0.1797380322225493,0.2169433660187029
20.15151515151515,66.81818181818181,0.1371413411819698,0.20517493129691255,0.24678837066175188
20.15151515151515,67.02020202020202,0.29475225422586315,0.31437597741605944,0.43094216148751396
20.15151515151515,67.22222222222223,0.24567507668494692,0.22311771322489332,0.33187009093749364
20.15151515151515,67.42424242424242,0.09740614147435069,0.3984387105136525,0.4101723569826511
20.15151515151515,67.62626262626263,0.15908773106959304,0.23615696820221332,0.2847437792249944
20.15151515151515,67.82828282828282,0.007616856863796061,0.17260375241174852,0.172771733379913
20.15151515151515,68.03030303030303,0.024438078021706288,0.14505850209233578,0.1471026467697546
20.15151515151515,68.23232323232324,-0.1560494150673216,0.12315775456482639,0.1987944980433393
20.15151515151515,68.43434343434343,-0.11121677162327107,0.15082834163619369,0.18739892990897036
20.15151515151515,68.63636363636364,0.048282159736192216,-0.07587062531495237,0.0899306329037724
20.15151515151515,68.83838383838383,-0.10535252620537011,0.13540555578052293,0.17156287277288612
20.15151515151515,69.04040404040404,-0.1419098102282642,0.0798366225934475,0.16282592098971999
20.15151515151515,69.24242424242425,-0.009082100945121085,-0.0035146147028226153,0.009738432835249531
20.15151515151515,69.44444444444444,-0.009873094406733951,0.03385462581584586,0.03526490723502925
20.15151515151515,69.64646464646465,0.07703650379377208,0.04067645375549325,0.08711599627445377
20.15151515151515,69.84848484848484,0.011975519000191562,-0.0930944738380034,0.09386156889003426
20.15151515151515,70.05050505050505,0.01635287081271763,-0.054444543436196785,0.05684738071180897
20.15151515151515,70.25252525252526,0.1540830996546064,0.0291592156425821,0.15681792453690355
20.15151515151515,70.45454545454545,0.12907528966847218,-0.023204862186226756,0.1311445615802721
20.15151515151515,70.65656565656566,0.03695181646788418,-0.11407425281770289,0.11990984903748896
20.15151515151515,70.85858585858585,0.25297790594352654,0.06074104038283967,0.260167820612699
20.15151515151515,71.06060606060606,0.08058203894259028,-0.15789658810126211,0.17727040794832274
20.15151515151515,71.26262626262626,-0.019419359081970643,-0.1607946520317917,0.16196305637144381
20.15151515151515,71.46464646464646,0.05103572322669041,-0.1130204167349379,0.12400911113386136
20.15151515151515,71.66666666666667,0.01896035128814123,-0.06323381187542236,0.06601522464754646
20.15151515151515,71.86868686868686,0.08895671484770647,-0.08730952854783701,0.12464449804039376
20.15151515151515,72.07070707070707,0.042712674720631824,-0.15349469733574647,0.15932669171228941
20.15151515151515,72.27272727272727,0.08818543630347264,-0.07583369874908774,0.11630744190292049
20.15151515151515,72.47474747474747,0.10790370196730004,-0.14513146398925544,0.18084897217820306
20.15151515151515,72.67676767676768,0.26970888818146316,-0.06120440779551674,0.2765662016546507
20.15151515151515,72.87878787878788,0.14824682031790862,-0.05407601242754097,0.15780156797203837
20.15151515151515,73.08080808080808,-0.03989977733782089,-0.09671683283923002,0.10462379263847803
20.15151515151515,73.28282828282828,0.03968104382196032,0.02308167660876096,0.04590587145313503
20.15151515151515,73.48484848484848,0.06568706134078105,-0.09103622620511706,0.11226034254916904
20.15151515151515,73.68686868686869,0.05996739964984222,-0.021961646565438125,0.0638623749999099
20.15151515151515,73.88888888888889,-0.004920916518838407,-0.03159606140126855,0.03197696851576317
20.15151515151515,74.0909090909091,0.1633489507541622,0.029775442170870657,0.1660405271882638
20.15151515151515,74.29292929292929,-0.0020852807097328906,-0.04671185720677247,0.04675837892126164
20.15151515151515,74.4949494949495,-0.17407144429943797,0.03948469683707671,0.1784934424700476
20.15151515151515,74.6969696969697,0.07874310671544942,-0.033179905612462646,0.08544813041636772
20.15151515151515,74.8989898989899,-0.04517324403545978,0.001897832076374343,0.04521309260908082
20.15151515151515,75.1010101010101,0.10517180862314852,-0.019402750608459626,0.10694660378075714
20.15151515151515,75.3030303030303,0.1515146764456026,-0.026403348064406654,0.15379802979045554
20.15151515151515,75.5050505050505,0.04325408693976769,0.03786677884919247,0.05748746800309292
20.15151515151515,75.70707070707071,0.002129512109267463,-0.05664435955556317,0.05668437431323942
20.15151515151515,75.9090909090909,-0.04759714154007168,0.11895672185434274,0.12812567875768338
20.15151515151515,76.11111111111111,0.044591281745151944,-0.059436169352662716,0.07430370539208608
20.15151515151515,76.31313131313131,-0.09894397185721089,-0.0954710169290574,0.1374940894742349
20.15151515151515,76.51515151515152,-0.23148299549127094,-0.14892718309863787,0.2752520355370819
20.15151515151515,76.71717171717171,-0.05866588748080646,-0.10763235948155925,0.1225822628338955
20.15151515151515,76.91919191919192,-0.023336611861514305,-0.14647026046710473,0.1483176815301415
20.15151515151515,77.12121212121212,-0.06088597217824124,-0.2896037510367707,0.2959348479355844
20.15151515151515,77.32323232323232,-0.17413581583432983,-0.2857001323518875,0.3345860845614678
20.15151515151515,77.52525252525253,0.2125457801476932,-0.11927167668832611,0.2437241094324403
20.15151515151515,77.72727272727272,-0.031859955677284946,-0.1384995739218801,0.14211681375650415
20.15151515151515,77.92929292929293,-0.2536166232603503,-0.1412959508461234,0.29032040458688496
20.15151515151515,78.13131313131314,-0.022624086393156342,-0.047979226652031845,0.05304578659282983
20.15151515151515,78.33333333333333,0.09166129584711485,-0.195380227960377,0.21581294362067627
20.15151515151515,78.53535353535354,0.0206900974266431,-0.09108726333788233,0.09340754612936103
20.15151515151515,78.73737373737373,-0.07910894694301306,-0.042753872780664406,0.08992285095668226
20.15151515151515,78.93939393939394,0.05709090037586977,-0.45959758762736813,0.4631299099158073
20.15151515151515,79.14141414141415,0.073037845793833,0.07191986674478748,0.10250362993958662
20.15151515151515,79.34343434343434,0.031304063527632243,0.10852604678868663,0.11295064065742273
20.15151515151515,79.54545454545455,0.019648547744840098,0.1071638759929881,0.10895027189650236
20.15151515151515,79.74747474747474,-0.10089923632778985,0.003454009187130954,0.1009583382935554
20.15151515151515,79.94949494949495,-0.005053145850502438,0.014912799076945623,0.015745661602352575
20.15151515151515,80.15151515151516,0.03798689308824839,0.20255024209642242,0.20608154847005916
20.15151515151515,80.35353535353535,0.040532982154495335,0.08737521352414983,0.0963190042552736
20.15151515151515,80.55555555555556,0.13444786313735635,0.21567363858664101,0.2541482761763344
20.15151515151515,80.75757575757575,0.019807633598726962,-0.01962419132927865,0.027882812521507806
20.15151515151515,80.95959595959596,-0.08760230903864716,0.18056417007312361,0.20069276036543657
20.15151515151515,81.16161616161617,0.09105783575897229,0.14928576158105425,0.17486499953948287
20.15151515151515,81.36363636363636,0.1341119187455871,0.13353762003027353,0.1892572395259232
20.15151515151515,81.56565656565657,0.011774509662471217,0.21617655130385363,0.21649697552487723
20.15151515151515,81.76767676767676,0.14425009922000293,0.18026306279629947,0.23087412790021167
20.15151515151515,81.96969696969697,0.05402674983758038,0.006040226449180359,0.05436335193464316
20.15151515151515,82.17171717171718,0.1104963313633032,0.22991035862707598,0.255084715827467
20.15151515151515,82.37373737373737,0.09944836386122664,0.047992066443056106,0.11042289398557548
20.15151515151515,82.57575757575758,0.17814415439668346,-0.2841667507523716,0.3353894482223164
20.15151515151515,82.77777777777777,0.015105865336212596,0.20856936592699277,0.20911567987777385
20.15151515151515,82.97979797979798,-0.1746897370581992,0.14007467215877867,0.22391386293361137
20.15151515151515,83.18181818181819,0.2570861303232029,0.20291641777294184,0.32751847429780495
20.15151515151515,83.38383838383838,0.20145841016658114,0.09389867407565948,0.22226662372028186
20.15151515151515,83.58585858585859,-0.16284187821275248,0.0718284709351184,0.17797979249547985
20.15151515151515,83.78787878787878,0.10716180397376401,0.2175524890826164,0.2425133764082991
20.15151515151515,83.98989898989899,-0.2847321650961208,0.1711303267074743,0.3322017377427931
20.15151515151515,84.1919191919192,0.2340399967427641,0.07741805627349382,0.24651222183193855
20.15151515151515,84.39393939393939,0.14443123879723682,0.14483447115097756,0.20454194380147997
20.15151515151515,84.5959595959596,-0.1401054244873175,0.0958271280978076,0.16974206446913817
20.15151515151515,84.79797979797979,0.1535982484239959,0.15116590191074525,0.2155076606977316
20.15151515151515,85.0,0.12923548817639188,0.12802469872251568,0.18191243741751478
20.353535353535353,65.0,0.36272587429595426,0.2548211339418013,0.4432875705308573
20.353535353535353,65.20202020202021,1.9792339349925485,0.18330338684045933,1.9877039772192617
20.353535353535353,65.4040404040404,-0.21634317126699476,0.1834237806603342,0.2836347141405484
20.353535353535353,65.60606060606061,0.2761204893737588,0.46260099117169234,0.5387413123986653
20.353535353535353,65.8080808080808,0.21415243259318856,0.2875485227068235,0.3585323099756238
20.353535353535353,66.01010101010101,0.011972961757512751,0.2781321925656698,0.2783897777480949
20.353535353535353,66.21212121212122,-0.1516180003615154,0.2708199064511757,0.3103730654613059
20.353535353535353,66.41414141414141,0.17496942811066535,0.3591558988857317,0.39950877396847145
20.353535353535353,66.61616161616162,0.12115032217078267,0.3569622828682574,0.37696083609919245
20.353535353535353,66.81818181818181,0.1872564425906474,0.18280929711122504,0.26169488799364155
20.353535353535353,67.02020202020202,0.35027090725877696,0.16895884417465204,0.3888917580725016
20.353535353535353,67.22222222222223,-0.03825638934787237,0.17975204696462022,0.18377799028694114
20.353535353535353,67.42424242424242,-0.042550521117476536,0.18452060086465555,0.18936314052851558
20.353535353535353,67.62626262626263,0.2579433525046163,0.2254817421440352,0.34260296137311763
20.353535353535353,67.82828282828282,0.03813540761665847,0.14851068392417716,0.15332883797158167
20.353535353535353,68.03030303030303,0.3113491306353758,0.17292684107229686,0.35614880809943433
20.353535353535353,68.23232323232324,-0.02518712958560429,0.2889533490157615,0.2900490120724194
20.353535353535353,68.43434343434343,0.029685458502643716,0.2591931918019597,0.26088759480473517
20.353535353535353,68.63636363636364,0.0785308228244833,0.10745202746436963,0.13309030144865566
20.353535353535353,68.83838383838383,0.1501965966091659,0.16363291207222036,0.22211426686778024
20.353535353535353,69.04040404040404,0.16468665336741364,0.0815308081909334,0.1837633436831879
20.353535353535353,69.24242424242425,0.21056909991302486,0.03687261339632694,0.21377309338842537
20.353535353535353,69.44444444444444,-0.033914462714275125,-0.05997068374126063,0.06889610794226521
20.353535353535353,69.64646464646465,0.0903765456493811,0.8856179601290429,0.8902174404642058
20.353535353535353,69.84848484848484,0.20011084287965042,-0.014080370706721483,0.20060559881828532
20.353535353535353,70.05050505050505,0.2641877052770488,-0.012682087699715783,0.26449192609222705
20.353535353535353,70.25252525252526,-0.03261662617710296,-0.028142603263127536,0.043079582421405554
20.353535353535353,70.45454545454545,0.02596101712231425,-0.04015401489197902,0.04781547157532137
20.353535353535353,70.65656565656566,0.13902821748247518,-0.08062396691845933,0.16071424733987724
20.353535353535353,70.85858585858585,-0.3006401773575341,-0.12503626450311914,0.32560495033470166
20.353535353535353,71.06060606060606,-0.02920608783025611,-0.07199105549682991,0.07768981682238849
20.353535353535353,71.26262626262626,-0.0024333996501640053,-0.07513437464459093,0.07517376994065926
20.353535353535353,71.46464646464646,0.046269379257514405,-0.10924853681012692,0.11864273366721352
20.353535353535353,71.66666666666667,0.2654075834821287,-0.14948329502887225,0.3046086683968662
20.353535353535353,71.86868686868686,0.04582068851183344,-0.06514359837113098,0.07964435889903117
20.353535353535353,72.07070707070707,0.019902160495881255,-0.08050292423975583,0.08292657477284156
20.353535353535353,72.27272727272727,0.03266084896945873,-0.05260874545008715,0.061922622305889616
20.353535353535353,72.47474747474747,0.16985072509458518,-0.02082910414237135,0.17112311472892872
20.353535353535353,72.67676767676768,-0.03820590295319982,-0.20303593185459218,0.20659932392080066
20.353535353535353,72.87878787878788,0.10617111493822516,-0.1764653071475161,0.20594249263785513
20.353535353535353,73.08080808080808,0.11597005170960768,-0.08180993859315636,0.1419222285131723
20.353535353535353,73.28282828282828,0.006259657772411583,-0.384349824075989,0.3844007942014056
20.353535353535353,73.48484848484848,-0.10150167186266473,0.011843962110682584,0.1021903558531594
20.353535353535353,73.68686868686869,0.11161063516110946,0.001261956336697262,0.11161776926126957
20.353535353535353,73.88888888888889,-0.035110209547302755,0.005461363380368494,0.035532426098254806
20.353535353535353,74.0909090909091,0.09412899425862883,-0.00024946602001738385,0.09412932483257343
20.353535353535353,74.29292929292929,-0.1280220295830041,0.009151304092337942,0.12834869078078676
20.353535353535353,74.4949494949495,0.1112888002496781,-0.1221740587086084,0.16526251142454312
20.353535353535353,74.6969696969697,-0.041742913843741736,-0.022660428599204765,0.047497009173901705
20.353535353535353,74.8989898989899,0.08735265649662424,-0.08825101917454486,0.12417217475088013
20.353535353535353,75.1010101010101,0.0224924747543665,0.0021724550707716136,0.022597145430570113
20.353535353535353,75.3030303030303,0.02372226933892243,-0.10975757380501608,0.1122919011779208
20.353535353535353,75.5050505050505,0.09587360967247345,-0.13417157619629957,0.16490530886126503
20.353535353535353,75.70707070707071,0.029683861585199554,-0.1130444758016031,0.11687679473645961
20.353535353535353,75.9090909090909,-0.2486091339434483,-0.010907071128495763,0.2488482784363064
20.353535353535353,76.11111111111111,-0.06492825340097806,-0.07989107708747176,0.10294786198798872
20.353535353535353,76.31313131313131,-0.06066057533601378,-0.10400097795995147,0.12039895687555817
20.353535353535353,76.51515151515152,-0.0661853346635991,-0.04851249278437552,0.08206071216292667
20.353535353535353,76.71717171717171,-0.046883306509117574,-0.10046486388812592,0.11086583470703468
20.353535353535353,76.91919191919192,-0.14107509653035352,-0.07050720439504479,0.15771318503109746
20.353535353535353,77.12121212121212,0.010935141430254477,-0.13722337383062386,0.13765838747987283
20.353535353535353,77.32323232323232,-0.02971532630644679,-0.18284696027975866,0.1852458137207053
20.353535353535353,77.52525252525253,-0.013291690420582723,-0.15529235104411798,0.15586014027661524
20.353535353535353,77.72727272727272,-0.017587405639602118,-0.21984260048367188,0.22054497460734687
20.353535353535353,77.92929292929293,-0.04541927137681652,0.07171712326821042,0.08488966946730675
20.353535353535353,78.13131313131314,-0.0832213247903035,-0.01354608380044768,0.08431657776607122
20.353535353535353,78.33333333333333,0.0852692297271745,-0.1073418590681026,0.1370879872434564
20.353535353535353,78.53535353535354,0.1861054948016233,0.1104161425620204,0.21639542447481058
20.353535353535353,78.73737373737373,0.08030942555273753,-0.07052451443787029,0.10687989038779964
20.353535353535353,78.93939393939394,-0.012335382711853332,0.039253254681400895,0.041145834172256264
20.353535353535353,79.14141414141415,-0.011834034579217018,-0.061461873677191345,0.06259078438822388
20.353535353535353,79.34343434343434,0.01825937051676984,-0.00368709063040522,0.018627915851901027
20.353535353535353,79.54545454545455,0.04646391854337477,0.013563694899351983,0.048403197680815184
20.353535353535353,79.74747474747474,0.020778693409746717,0.11312428507886481,0.11501677257870056
20.353535353535353,79.94949494949495,-0.05658762431344778,0.04902321780940507,0.07486945378342409
20.353535353535353,80.15151515151516,0.11362472714805807,0.03530308215730881,0.11898271399357278
20.353535353535353,80.35353535353535,0.05863220931124601,0.19552959328328495,0.2041312269552226
20.353535353535353,80.55555555555556,-0.06139850055297062,0.16467714461479882,0.17575078329451763
20.353535353535353,80.75757575757575,-0.014812672466839932,0.12792278141287133,0.12877753402676703
20.353535353535353,80.95959595959596,0.03658412081310027,0.10649557792989758,0.11260420069557976
20.353535353535353,81.16161616161617,0.14762424759522097,0.09815512493005374,0.17727759877686058
20.353535353535353,81.36363636363636,0.0505080460967207,0.2668665449044013,0.27160415223210654
20.353535353535353,81.56565656565657,0.11163039902484351,0.0694073343962163,0.13144856048825326
20.353535353535353,81.76767676767676,0.055885405295944886,0.11173648072148996,0.1249328605656491
20.353535353535353,81.96969696969697,0.12774679392661006,0.26119406299312525,0.29076035132284533
20.353535353535353,82.17171717171718,0.10723788131764067,0.15395960271712314,0.18762601754104036
20.353535353535353,82.37373737373737,0.04335577450944986,0.21060239231095434,0.21501881506140663
20.353535353535353,82.57575757575758,0.04265744299310228,0.11395224047675681,0.12167485587574116
20.353535353535353,82.77777777777777,0.019328349085682067,0.24249508111058546,0.24326415568514695
20.353535353535353,82.97979797979798,0.317017756578786,0.3226206469419515,0.45231000411165984
20.353535353535353,83.18181818181819,0.1301996996690862,0.16106193288020415,0.20710603085624435
20.353535353535353,83.38383838383838,0.1440869429317448,0.15435284219971926,0.2111536100059559
20.353535353535353,83.58585858585859,0.14961541538515044,0.14051104297064113,0.20525137202359567
20.353535353535353,83.78787878787878,0.11309559694034171,0.13869021690425806,0.17895695100286654
20.353535353535353,83.98989898989899,-0.11629294707155939,0.10192688001019432,0.15463873514485646
20.353535353535353,84.1919191919192,-0.06530602247532896,0.2447219639399124,0.2532858389372686
20.353535353535353,84.39393939393939,0.12868862800186137,0.12214929644315868,0.17742946090928677
20.353535353535353,84.5959595959596,-0.08170704595489461,0.03396008559637946,0.08848349435001243
20.353535353535353,84.79797979797979,0.2066390703338656,0.0825103450997836,0.2225031739929335
20.353535353535353,85.0,0.11121655868175537,0.12150435708012677,0.16471925119568534
20.555555555555557,65.0,0.05360594033994467,0.13360285077365439,0.14395596053855175
20.555555555555557,65.20202020202021,-0.05055963386741714,0.2617881616765571,0.26662580177244377
20.555555555555557,65.4040404040404,-0.035408770264014414,0.2518890453882302,0.2543656269982319
20.555555555555557,65.60606060606061,0.1107566876774848,0.5057739265779,0.5177589291082433
20.555555555555557,65.8080808080808,0.13452355676010438,0.23219590213553962,0.26834963069086964
20.555555555555557,66.01010101010101,-0.021230125926849953,0.26859457133292153,0.26943229575606886
20.555555555555557,66.21212121212122,-0.30416141045431766,0.22316327696929533,0.37724794472234613
20.555555555555557,66.41414141414141,0.09935144776941505,0.3772934936584585,0.3901552133842172
20.555555555555557,66.61616161616162,0.06386391308402722,0.1159160428241305,0.13234473309659828
20.555555555555557,66.81818181818181,0.0938860967511688,0.3365811728790483,0.34943022923010775
20.555555555555557,67.02020202020202,-0.06393015772943539,0.19659463117932288,0.2067281163166841
20.555555555555557,67.22222222222223,0.1586236682302461,0.17779785481871196,0.23827199856666953
20.555555555555557,67.42424242424242,-0.17333435561267999,0.1254402008711362,0.2139627136448171
20.555555555555557,67.62626262626263,0.009304806257790295,0.10145407476543454,0.1018798739006159
20.555555555555557,67.82828282828282,-0.13026886551480843,0.0037352080334337595,0.13032240444976556
20.555555555555557,68.03030303030303,-0.09226942119372974,0.1013953384522259,0.1370936203740617
20.555555555555557,68.23232323232324,-0.0632239914288428,0.27923166536361055,0.2862998358957437
20.555555555555557,68.43434343434343,-0.17641899010878237,-0.11429492214174866,0.21020701534057099
20.555555555555557,68.63636363636364,-0.05901241288185228,0.06400296657029331,0.08705655979842236
20.555555555555557,68.83838383838383,0.05850023899333619,0.05546845403731022,0.08061654517260491
20.555555555555557,69.04040404040404,-0.0454962928555916,0.09318855198298269,0.10370158573660686
20.555555555555557,69.24242424242425,-0.020726512693393633,0.02054973371856621,0.02918698141866309
20.555555555555557,69.44444444444444,-0.3741467569780441,0.021576393115732374,0.3747683771305581
20.555555555555557,69.64646464646465,-0.030969967740775296,0.07044385854445476,0.07695112805213328
20.555555555555557,69.84848484848484,-0.005910042984531686,0.06429186868013839,0.06456293818022203
20.555555555555557,70.05050505050505,-0.004228411220007243,-0.08239721976024139,0.08250564396247688
20.555555555555557,70.25252525252526,0.0576415566759585,-0.0902987961005629,0.107128061838338
20.555555555555557,70.45454545454545,0.016328859311797325,-0.09882798769255914,0.10016787308206705
20.555555555555557,70.65656565656566,-0.2521543611309197,-0.12503049240117778,0.28145060999653787
20.555555555555557,70.85858585858585,-0.08106525157214815,-0.10331317441728324,0.1313209313880756
20.555555555555557,71.06060606060606,-0.11607220581123703,-0.1746471149985528,0.2097006717662199
20.555555555555557,71.26262626262626,0.08850624655907673,-0.10305816260949172,0.13584675395614176
20.555555555555557,71.46464646464646,-0.07381244943967269,-0.011036932396940343,0.0746330460923234
20.555555555555557,71.66666666666667,-0.10826402919890082,-0.10902976103518083,0.15365086660923552
20.555555555555557,71.86868686868686,0.0675215588643342,-0.00973305953335796,0.06821945000767478
20.555555555555557,72.07070707070707,-0.03255203068165455,-0.014038221386406272,0.03545005445966386
20.555555555555557,72.27272727272727,-0.04961692059013652,-0.0521242228706704,0.07196369514358773
20.555555555555557,72.47474747474747,0.09881452498267197,-0.026613694703429634,0.10233571758344426
20.555555555555557,72.67676767676768,-0.02830813855686736,-0.15042716516698923,0.1530675756936506
20.555555555555557,72.87878787878788,0.046659734949074994,-0.10099440879923728,0.11125197290037327
20.555555555555557,73.08080808080808,-0.11196845880693995,-0.05125831956904887,0.12314361978049918
20.555555555555557,73.28282828282828,0.022161823083228914,-0.06682695476651034,0.07040588246544145
20.555555555555557,73.48484848484848,0.02604546837974431,-0.00038915318941200143,0.02604837544502709
20.555555555555557,73.68686868686869,-0.10166747265856421,-0.049575546720140105,0.11311060882773417
20.555555555555557,73.88888888888889,0.00840870695889124,-0.050166795182653615,0.05086662650126135
20.555555555555557,74.0909090909091,-0.0006056261005313252,0.09097040422570525,0.09097242015007546
20.555555555555557,74.29292929292929,0.012008905384302288,-0.09516450049850991,0.09591921582071039
20.555555555555557,74.4949494949495,-0.02600909243681999,-0.029783717056422628,0.03954165766737767
20.555555555555557,74.6969696969697,-0.007102369852568769,-0.09448676188971006,0.0947533209440463
20.555555555555557,74.8989898989899,-0.02529227737664117,-0.07479530790255398,0.07895592048184107
20.555555555555557,75.1010101010101,0.08928618636649958,0.10197524105085523,0.13553956198561853
20.555555555555557,75.3030303030303,0.08547170446873606,-0.006955068385295943,0.08575421412989043
20.555555555555557,75.5050505050505,0.3329776895156349,-0.12326517691731312,0.3550611856506242
20.555555555555557,75.70707070707071,0.05447745414517908,-0.17007857133953505,0.17859035091246503
20.555555555555557,75.9090909090909,0.07069356081963857,-0.09953051054224485,0.12208153861317382
20.555555555555557,76.11111111111111,0.02993773022119156,-0.051379485844129366,0.0594652777375498
20.555555555555557,76.31313131313131,0.002744389672155196,-0.07451566160440615,0.074566182006423
20.555555555555557,76.51515151515152,-0.0899407711448577,0.22421766442003968,0.24158415376863857
20.555555555555557,76.71717171717171,0.11077217287968216,-0.08526946498430459,0.13979040003947246
20.555555555555557,76.91919191919192,-0.048672770182288,-0.2981342647057731,0.30208124461619557
20.555555555555557,77.12121212121212,0.03702781569768012,-0.06057519818832188,0.07099587150599562
20.555555555555557,77.32323232323232,-0.07740507047941783,-0.16935059511134742,0.18620195756353147
20.555555555555557,77.52525252525253,-0.12107242177353017,-0.18864199526620565,0.22415247866602486
20.555555555555557,77.72727272727272,-0.08587827486160343,-0.11524341291700835,0.1437223793080437
20.555555555555557,77.92929292929293,0.14070312226455264,-0.019952773837815088,0.14211080817030297
20.555555555555557,78.13131313131314,-0.056124557318455746,0.020171790009832928,0.059639475571079764
20.555555555555557,78.33333333333333,-0.41052398290529996,-0.04546109883896128,0.4130334756990973
20.555555555555557,78.53535353535354,0.15552535068288612,0.006975627068893514,0.15568170758968114
20.555555555555557,78.73737373737373,0.05840947853822142,-0.034298518622950414,0.06773518703625041
20.555555555555557,78.93939393939394,0.062146741681241506,-0.05268972236975702,0.08147652634346308
20.555555555555557,79.14141414141415,-0.1380270672933028,-0.031186279175943684,0.1415063790591429
20.555555555555557,79.34343434343434,-0.044781217813881655,-0.0420143487996382,0.061404910015014046
20.555555555555557,79.54545454545455,-0.3539671173620654,-0.055320207803585555,0.3582639328275204
20.555555555555557,79.74747474747474,0.019324607008828234,0.08291079914404306,0.08513307847569888
20.555555555555557,79.94949494949495,-0.0004648487583075421,0.029328688132327047,0.029332371740645204
20.555555555555557,80.15151515151516,0.005133839537810984,0.15851677983050916,0.15859989216967996
20.555555555555557,80.35353535353535,0.0034750405533575243,0.1405207246268804,0.1405636864788023
20.555555555555557,80.55555555555556,0.3065524944912156,0.1299722293143899,0.33296728408619836
20.555555555555557,80.75757575757575,0.0027671437974828086,0.2935471598908923,0.29356020194298316
20.555555555555557,80.95959595959596,0.06210876714210606,0.1605325356971559,0.17212842290938177
20.555555555555557,81.16161616161617,0.10650003445088653,0.3082526849888595,0.3261318370550184
20.555555555555557,81.36363636363636,0.08382184030890465,0.20279691938298872,0.21943721522112408
20.555555555555557,81.56565656565657,0.01040518960044396,0.06329572671827784,0.06414528035183958
20.555555555555557,81.76767676767676,0.14566195907696086,0.12620277678096903,0.1927292068923787
20.555555555555557,81.96969696969697,0.0619052306703206,0.1947227690915738,0.20432624497855378
20.555555555555557,82.17171717171718,-0.06862818525969798,0.11852712342723906,0.13696169829545554
20.555555555555557,82.37373737373737,0.05025299514093125,0.12107241154292119,0.1310873462903759
20.555555555555557,82.57575757575758,0.06255263378682997,0.2839002399415071,0.2907097835170233
20.555555555555557,82.77777777777777,0.10341838400329632,0.1214582748138963,0.15952264626259563
20.555555555555557,82.97979797979798,0.3147061842083679,0.21037221890496044,0.37854517942510874
20.555555555555557,83.18181818181819,0.17759426206104703,0.12348945454589551,0.21630850029772442
20.555555555555557,83.38383838383838,0.12241864099743321,0.09261595180051152,0.15350582461774245
20.555555555555557,83.58585858585859,0.24683139783802122,0.2231415667839267,0.33274299058801693
20.555555555555557,83.78787878787878,-0.2398491682195538,0.08954385450741843,0.25601899416968565
20.555555555555557,83.98989898989899,0.24818058923383687,0.11138861708456266,0.2720313013027468
20.555555555555557,84.1919191919192,0.09396711094635503,0.09760668500713629,0.13548757469851958
20.555555555555557,84.39393939393939,0.13628866097070058,0.32715367837414966,0.3544067273386936
20.555555555555557,84.5959595959596,0.0769476987216976,0.22854339326656326,0.2411493954882743
20.555555555555557,84.79797979797979,-0.2101589831384021,0.114184101534184,0.23917526468457398
20.555555555555557,85.0,0.08861287825423046,0.012710093232425189,0.0895197668812649
20.757575757575758,65.0,0.36012155914518523,0.25091040240637763,0.43891179910876116
20.757575757575758,65.20202020202021,-0.44511133607315667,0.3310326851776953,0.5547132053203582
20.757575757575758,65.4040404040404,0.3398176970308676,0.30676627289573594,0.4578008446930867
20.757575757575758,65.60606060606061,0.049945530245731534,0.2112413758543098,0.21706560037083045
20.757575757575758,65.8080808080808,-0.021189593788195325,0.26802925235215386,0.268865540747347
20.757575757575758,66.01010101010101,-0.2006297781766052,0.25011904930998774,0.3206428647559866
20.757575757575758,66.21212121212122,-0.10274490317382637,0.2648505075689214,0.2840815138084741
20.757575757575758,66.41414141414141,-0.06554170250889702,0.2444085892996283,0.2530440145334387
20.757575757575758,66.61616161616162,-0.48786967077664245,0.29053701658520026,0.5678279437205768
20.757575757575758,66.81818181818181,-0.1124900058184158,0.06361838143636633,0.12923350906638037
20.757575757575758,67.02020202020202,-0.4273645403582819,0.018591743192917988,0.42776874975925605
20.757575757575758,67.22222222222223,-0.08347091253773989,0.20809729519294762,0.22421391015390593
20.757575757575758,67.42424242424242,0.07030543604348931,0.10252355351594974,0.12431385024526823
20.757575757575758,67.62626262626263,-0.024402421638644475,0.2127288527554796,0.2141238963228829
20.757575757575758,67.82828282828282,-0.14449216558599762,0.29932488355790393,0.3323753478113022
20.757575757575758,68.03030303030303,-0.22823809842257964,0.0878208219020475,0.2445508665515342
20.757575757575758,68.23232323232324,-0.2924432859323006,0.08365628722157502,0.30417338785400017
20.757575757575758,68.43434343434343,-0.024911777635090122,0.07707184278054846,0.08099793586585868
20.757575757575758,68.63636363636364,-0.19336643614500504,0.0300819907752893,0.19569237286216573
20.757575757575758,68.83838383838383,0.08920725776696711,0.06945225119932287,0.11305551749010731
20.757575757575758,69.04040404040404,-0.19847017410852053,0.10495762967496464,0.2245139506526342
20.757575757575758,69.24242424242425,-0.16363603140794286,-0.009465999496469209,0.16390959679472222
20.757575757575758,69.44444444444444,-0.024625653382576877,0.13198527276101185,0.13426293245090962
20.757575757575758,69.64646464646465,-0.11532067099726814,-0.03429303803033841,0.12031155229906394
20.757575757575758,69.84848484848484,0.09620180084049587,-0.14201630642876348,0.17153255602544631
20.757575757575758,70.05050505050505,0.34659165929174196,-0.09252717457309827,0.3587297817648871
20.757575757575758,70.25252525252526,-0.033904558823073874,-0.20307387095438584,0.20588471573525277
20.757575757575758,70.45454545454545,-0.04277222965647415,0.05269836743424233,0.06787180239260322
20.757575757575758,70.65656565656566,-0.039831458057549805,-0.057856993418336014,0.07024227173433192
20.757575757575758,70.85858585858585,-0.08584201805561685,-0.06388161319586302,0.10700332970691477
20.757575757575758,71.06060606060606,-0.015032638968610193,-0.08115813046641326,0.08253861142013436
20.757575757575758,71.26262626262626,-0.21792157175403612,-0.22625820683329123,0.31413784807814216
20.757575757575758,71.46464646464646,0.04159074955948778,-0.12289619873002594,0.12974307731516954
20.757575757575758,71.66666666666667,-0.08419414735325201,-0.08975159520980515,0.1230609738757411
20.757575757575758,71.86868686868686,0.008837711502411819,-0.13439424222469054,0.13468451094223366
20.757575757575758,72.07070707070707,-0.05151224310290628,-0.1573923321520368,0.16560754031670777
20.757575757575758,72.27272727272727,-0.03234583000969461,0.043993217312282104,0.05460454091466879
20.757575757575758,72.47474747474747,-0.026090262041563984,-0.11594199092477424,0.11884126822361796
20.757575757575758,72.67676767676768,-0.06843561412749827,-0.07912927030132841,0.10461775518251448
20.757575757575758,72.87878787878788,0.12787702175807353,-0.06251848028265541,0.14234146644800166
20.757575757575758,73.08080808080808,0.2267296921830932,-0.04077003779153723,0.23036612011961213
20.757575757575758,73.28282828282828,-0.13658211360495737,-0.10604558723142148,0.172917148739084
20.757575757575758,73.48484848484848,-0.060521039629498265,-0.006668975505105399,0.060887367097970296
20.757575757575758,73.68686868686869,0.02850169086390529,-0.059843101798185125,0.06628380809013291
20.757575757575758,73.88888888888889,-0.13505563049164598,-0.09481834900245813,0.1650167950090171
20.757575757575758,74.0909090909091,0.09041552745596759,-0.006962306590717362,0.09068319203801758
20.757575757575758,74.29292929292929,-0.0618922121456751,-0.061246552063008435,0.08707345211884077
20.757575757575758,74.4949494949495,0.10167937828453039,-0.08876069836734536,0.13497095073751053
20.757575757575758,74.6969696969697,0.009430947104399751,-0.02990401329490012,0.03135590493714938
20.757575757575758,74.8989898989899,-0.18330309293956787,-0.19282362658418312,0.26604694106546
20.757575757575758,75.1010101010101,-0.05661095539182412,-0.034128570094386954,0.06610264417602811
20.757575757575758,75.3030303030303,-0.03342640922053821,-0.17890155985337192,0.1819975080910409
20.757575757575758,75.5050505050505,0.21507808925161365,-0.11007253798507523,0.2416082533660655
20.757575757575758,75.70707070707071,0.014623105727161575,-0.11226478489891885,0.11321314918996055
20.757575757575758,75.9090909090909,0.07293318235454266,-0.09291552511329777,0.11812088678739609
20.757575757575758,76.11111111111111,-0.25672941471616134,-0.09063552613785539,0.27225868393641484
20.757575757575758,76.31313131313131,0.10481892626766841,-0.1103901525154542,0.15222678173137652
20.757575757575758,76.51515151515152,-0.01765947697478087,-0.10066472957740583,0.10220198093929031
20.757575757575758,76.71717171717171,-0.1021777273290786,-0.15382261161338726,0.18466641222945368
20.757575757575758,76.91919191919192,0.1003142642732454,-0.12217069428323572,0.1580779243231969
20.757575757575758,77.12121212121212,0.10033697741334262,-0.07771485715579524,0.12691378199073292
20.757575757575758,77.32323232323232,0.017704221558692133,-0.1749579382610741,0.1758514134761648
20.757575757575758,77.52525252525253,0.06159104895086841,-0.1605923624997686,0.171998151746248
20.757575757575758,77.72727272727272,-0.05231943386775047,-0.17971242360129822,0.1871733911561533
20.757575757575758,77.92929292929293,0.039142744424829526,-0.20901040538565477,0.21264407821659004
20.757575757575758,78.13131313131314,-0.03796425541787005,-0.14782191433681344,0.15261914377833957
20.757575757575758,78.33333333333333,-0.015751284655657297,-0.17406308593638523,0.17477431405673138
20.757575757575758,78.53535353535354,0.049608511302760845,-0.026389675752099065,0.056190919017018004
20.757575757575758,78.73737373737373,0.09491932373104695,-0.05110751741683602,0.10780378636240699
20.757575757575758,78.93939393939394,0.17875917230192467,0.014765038985055486,0.17936791256604231
20.757575757575758,79.14141414141415,0.04970325105884089,-0.0929633355172237,0.10541629341001359
20.757575757575758,79.34343434343434,0.0038454356633328794,-0.17616063088153897,0.17620259716594036
20.757575757575758,79.54545454545455,0.22516680070381515,0.04535414917754753,0.2296891094214326
20.757575757575758,79.74747474747474,0.08855009725555599,0.0989411321668956,0.13277977014001616
20.757575757575758,79.94949494949495,0.16311503278710227,0.053981753504159916,0.1718154347912938
20.757575757575758,80.15151515151516,0.007337710849750786,-0.02454673079870574,0.025619992065156447
20.757575757575758,80.35353535353535,0.06103926610666667,0.1266605629290917,0.1406011742780083
20.757575757575758,80.55555555555556,0.264440004828062,0.0775368075313289,0.27557298974249234
20.757575757575758,80.75757575757575,0.09277985980651052,0.29141518289693935,0.30582823808237913
20.757575757575758,80.95959595959596,0.005703674986573891,0.21287857618075554,0.21295497201309532
20.757575757575758,81.16161616161617,0.09979862942229172,0.21469975969329574,0.2367609622529163
20.757575757575758,81.36363636363636,0.10815664928492599,0.10101090717395318,0.14799008126441268
20.757575757575758,81.56565656565657,-0.03864562320328606,0.17269307830418246,0.1769643565437539
20.757575757575758,81.76767676767676,0.1507841921133393,0.04886348851748018,0.15850398449682684
20.757575757575758,81.96969696969697,0.1564122329200852,0.2535058679197329,0.29787583264975365
20.757575757575758,82.17171717171718,0.13125808686244922,0.07168938768820482,0.14955953220674367
20.757575757575758,82.37373737373737,0.12602268381461543,-0.023228096212185165,0.12814546925069595
20.757575757575758,82.57575757575758,0.10216052007469693,0.2036887187000238,0.22787247746840772
20.757575757575758,82.77777777777777,0.3336191646722451,0.06599243164788296,0.3400834428069192
20.757575757575758,82.97979797979798,-0.33438672753447035,0.1362756829280708,0.3610893868680222
20.757575757575758,83.18181818181819,0.060111735839293925,0.11226214310084442,0.12734288185527892
20.757575757575758,83.38383838383838,0.13212088962538182,0.21147479358143906,0.24935420147997223
20.757575757575758,83.58585858585859,0.13957231820160443,0.2756661388984923,0.30898584456795547
20.757575757575758,83.78787878787878,0.08629661721609518,0.20059122369650123,0.2183665385699033
20.757575757575758,83.98989898989899,0.5122962147515088,0.21053721830474972,0.5538712232461854
20.757575757575758,84.1919191919192,0.1106759163318494,0.022591243369120342,0.1129580574056466
20.757575757575758,84.39393939393939,0.044938330448838784,0.14884456348937453,0.15548040913205585
20.757575757575758,84.5959595959596,0.1548535938033268,-0.02674467470325288,0.15714615216030123
20.757575757575758,84.79797979797979,0.5121696707318875,0.08632723250920252,0.5193940341304547
20.757575757575758,85.0,0.31694892238749656,0.10834694384928033,0.3349562354160233
20.95959595959596,65.0,-0.15522625241119703,0.06965396756399599,0.17013778132746077
20.95959595959596,65.20202020202021,0.15990183493940885,0.12021182156261523,0.2000486912238918
20.95959595959596,65.4040404040404,-0.09941988879242279,0.3049079689356208,0.3207073179831467
20.95959595959596,65.60606060606061,-0.07518123073729245,0.26111928832004255,0.2717268852873037
20.95959595959596,65.8080808080808,0.3773318381450908,0.24357077130129054,0.44911695215195185
20.95959595959596,66.01010101010101,-0.007578332084376881,0.18639647333294118,0.186550466062508
20.95959595959596,66.21212121212122,-0.06522752230891629,0.22252379888520715,0.23188676274609618
20.95959595959596,66.41414141414141,-0.03615909165132878,0.3355850841514537,0.33752752275034914
20.95959595959596,66.61616161616162,-0.018812199433556543,0.3300751513826585,0.33061080503790685
20.95959595959596,66.81818181818181,-0.1476609882896704,0.3321642088458763,0.3635062985711377
20.95959595959596,67.02020202020202,-0.06359384692215937,0.24210920340152037,0.25032188026234903
20.95959595959596,67.22222222222223,0.03661230235225395,0.18480882188885875,0.1884005343184588
20.95959595959596,67.42424242424242,-0.134211787035913,0.1805646666821423,0.22498089392969886
20.95959595959596,67.62626262626263,-0.07214264387374175,0.1913181711840904,0.20446809944418823
20.95959595959596,67.82828282828282,-0.11612456795770627,0.14504214492881617,0.18580134307618892
20.95959595959596,68.03030303030303,-0.17788353171576196,-0.11645914849177778,0.21261534310369615
20.95959595959596,68.23232323232324,-0.04074142035390403,0.2782689670625955,0.28123563316645595
20.95959595959596,68.43434343434343,-0.13853720752195547,0.06171709842956154,0.1516626457191933
20.95959595959596,68.63636363636364,-0.5479123879639513,0.12556334313316725,0.562115769235428
20.95959595959596,68.83838383838383,-0.11260721155377591,-0.04317630399581103,0.12060090099437704
20.95959595959596,69.04040404040404,0.027876822049028537,0.09887430936975103,0.10272899425623926
20.95959595959596,69.24242424242425,-0.03735936121732075,0.08463357126396201,0.09251250323852656
20.95959595959596,69.44444444444444,0.0843947239853614,0.0576719064156872,0.10221799365173001
20.95959595959596,69.64646464646465,-0.10176103964424811,-0.014802503389331114,0.10283201493732093
20.95959595959596,69.84848484848484,-0.11978073503256469,-0.021541834358896682,0.12170240388951901
20.95959595959596,70.05050505050505,-0.023472003687116386,-0.06785923607987066,0.07180397536649084
20.95959595959596,70.25252525252526,-0.16876068086815618,-0.06055644486590773,0.17929654325134486
20.95959595959596,70.45454545454545,-0.06186511419304718,-0.1592320966323847,0.17082784595043007
20.95959595959596,70.65656565656566,-0.10543474623342715,-0.5093820663143972,0.5201793682913924
20.95959595959596,70.85858585858585,-0.10764706733087398,-0.07096366619991501,0.12893305637217586
20.95959595959596,71.06060606060606,-0.11647444455119266,0.004563031574188692,0.1165637915077229
20.95959595959596,71.26262626262626,-0.11086155283679124,-0.09804933585541958,0.1479998518886878
20.95959595959596,71.46464646464646,0.22917052331049792,-0.0980442072730401,0.2492625028643625
20.95959595959596,71.66666666666667,-0.2231957522605732,-0.16044148345424494,0.274877815474734
20.95959595959596,71.86868686868686,-0.003853520791784552,-0.2441852375602128,0.24421564213790703
20.95959595959596,72.07070707070707,0.058204486453839424,-0.12392707698407314,0.13691487374705338
20.95959595959596,72.27272727272727,-0.1514526310550094,-0.05760054196173581,0.16203617462705816
20.95959595959596,72.47474747474747,-0.10356578196167997,-0.08630354635565089,0.1348116215572538
20.95959595959596,72.67676767676768,-0.003865571514416702,-0.10968308819491504,0.10975118440867315
20.95959595959596,72.87878787878788,0.032286003103255786,-0.019722382161273873,0.03783329690231577
20.95959595959596,73.08080808080808,0.014221443684681877,0.023072019163287612,0.027102906278620543
20.95959595959596,73.28282828282828,-0.08088632912396662,-0.08396467235740138,0.11658758271461166
20.95959595959596,73.48484848484848,0.26921650294115307,0.02689073067954136,0.2705561621038107
20.95959595959596,73.68686868686869,0.005825367016314916,-0.01058475606046812,0.01208188568619925
20.95959595959596,73.88888888888889,0.0072557280356372695,0.002325102901853983,0.007619166150658645
20.95959595959596,74.0909090909091,-0.024042065525897802,-0.03600510969991838,0.04329421253764434
20.95959595959596,74.29292929292929,0.13175676862615474,0.09135006973614304,0.16032679538868191
20.95959595959596,74.4949494949495,0.014464916065224077,0.0023466777481219066,0.014654033343332753
20.95959595959596,74.6969696969697,0.22557908110313726,0.11295406135941635,0.2522786986824741
20.95959595959596,74.8989898989899,0.09232304030258907,0.2638191272544184,0.27950684370153894
20.95959595959596,75.1010101010101,0.25524262725207286,-0.04223400649509752,0.2587131810928244
20.95959595959596,75.3030303030303,0.005718187353489742,-0.027620424541303715,0.028206125548388642
20.95959595959596,75.5050505050505,0.1316441612103662,0.048115031771391925,0.14016148352219643
20.95959595959596,75.70707070707071,0.20025177114416723,0.0357078852596588,0.20341048379101037
20.95959595959596,75.9090909090909,-0.5822934221876411,-0.010471858995863378,0.5823875765792259
20.95959595959596,76.11111111111111,0.05942123492385642,-0.02005848197903188,0.06271543557354346
20.95959595959596,76.31313131313131,0.03625329829195227,-0.06425444494854646,0.07377625182056254
20.95959595959596,76.51515151515152,-0.037823439308275315,-0.08305170746117074,0.09125896489289516
20.95959595959596,76.71717171717171,0.05046377023662895,-0.19569847851962685,0.2021001895134988
20.95959595959596,76.91919191919192,0.16437776720082778,-0.06224541375612095,0.17576843255715807
20.95959595959596,77.12121212121212,0.16028946357274534,-0.1313685363816365,0.2072447936221603
20.95959595959596,77.32323232323232,0.17132314779797328,-0.20709339169281463,0.26877368519674644
20.95959595959596,77.52525252525253,-0.10943558196260843,-0.035916053123397254,0.11517859814851664
20.95959595959596,77.72727272727272,0.2012150262189054,-0.10126336031186084,0.22525930595188412
20.95959595959596,77.92929292929293,0.10622539480955515,-0.054639215872940176,0.1194540849601035
20.95959595959596,78.13131313131314,0.1931488835469603,-0.07119691641187241,0.2058530838292115
20.95959595959596,78.33333333333333,0.06132382722330796,-0.167039079430481,0.17794006249941766
20.95959595959596,78.53535353535354,0.1228161115475756,-0.07693365356948584,0.14492268389460705
20.95959595959596,78.73737373737373,0.24847972224785791,0.0030780393752864524,0.24849878610320902
20.95959595959596,78.93939393939394,0.09489509132853995,0.06663204436876614,0.1159521784832573
20.95959595959596,79.14141414141415,0.15870072815726521,-0.04128314766055619,0.16398237526761672
20.95959595959596,79.34343434343434,0.27393844006707513,-0.03440124210749617,0.2760900476383042
20.95959595959596,79.54545454545455,-0.21473821054327263,0.0215650671572385,0.2158183291308296
20.95959595959596,79.74747474747474,0.2107232734050804,0.15382692503217058,0.2608965711146954
20.95959595959596,79.94949494949495,0.1493454046729199,0.16509213798104116,0.22261954972569084
20.95959595959596,80.15151515151516,0.09874145407600544,0.11047522181346194,0.14817101399321497
20.95959595959596,80.35353535353535,-0.038684686624083406,0.03743066250584823,0.053828983594623535
20.95959595959596,80.55555555555556,0.0741522911784822,0.18341273278156675,0.1978352669101766
20.95959595959596,80.75757575757575,0.1523095196649871,0.1277525879491467,0.1987936455430192
20.95959595959596,80.95959595959596,0.27351721600006595,0.13038823308275266,0.30300620253530947
20.95959595959596,81.16161616161617,0.18818611697888848,0.3242026926986194,0.3748618419853204
20.95959595959596,81.36363636363636,0.09768856432921698,0.22062438289060432,0.24128442537089614
20.95959595959596,81.56565656565657,0.15297588665267772,0.13971176235197943,0.207173836274441
20.95959595959596,81.76767676767676,-0.18063518493246145,0.19933704903251132,0.2690061879447653
20.95959595959596,81.96969696969697,0.20825846389198113,0.30748537393905856,0.37137426266381235
20.95959595959596,82.17171717171718,-0.23417485331519042,0.2120148862522842,0.31589266201949034
20.95959595959596,82.37373737373737,0.08942498419279521,0.1995762074830697,0.21869497111549446
20.95959595959596,82.57575757575758,0.2703447231066675,0.0908711599639219,0.2852084098073011
20.95959595959596,82.77777777777777,0.21506986752820223,-0.08180236381691995,0.23010144424717155
20.95959595959596,82.97979797979798,0.20106288191448807,0.1289829824844875,0.23887840474675184
20.95959595959596,83.18181818181819,0.08044741068181906,0.3189027114388261,0.3288931821252068
20.95959595959596,83.38383838383838,0.32319474260056813,0.12634512501586218,0.3470128704528426
20.95959595959596,83.58585858585859,0.17943172665845214,0.19469467149680958,0.26476736891256836
20.95959595959596,83.78787878787878,0.0972135048294031,0.1794643468519717,0.20410271265277488
20.95959595959596,83.98989898989899,0.07989315228287241,0.135511882328209,0.15730984086772384
20.95959595959596,84.1919191919192,0.09094130350419778,0.08655668158802739,0.12554831663775415
20.95959595959596,84.39393939393939,-0.04254638736698855,0.08746117698180689,0.09726074520085064
20.95959595959596,84.5959595959596,0.2744375690352523,0.06579772622544747,0.282215024536997
20.95959595959596,84.79797979797979,0.001171168252002132,-0.017137999237156473,0.017177969988542697
20.95959595959596,85.0,0.310398636057966,0.12952298179361826,0.33633839519055153
21.161616161616163,65.0,0.05868424072450468,0.08466941871753714,0.1030182050677318
21.161616161616163,65.20202020202021,-0.06880614407781309,0.25836671604137823,0.2673717363912329
21.161616161616163,65.4040404040404,-0.055007999344367675,0.24470869859260305,0.25081512545848467
21.161616161616163,65.60606060606061,-0.25052213619694136,0.20806460209184297,0.32565659730506885
21.161616161616163,65.8080808080808,-0.13175219884875283,0.10355098675942535,0.16757520329789843
21.161616161616163,66.01010101010101,0.11358332819533057,0.3884203140973749,0.40468693189604177
21.161616161616163,66.21212121212122,-0.08889553720410925,0.05561842054474322,0.10486098053470169
21.161616161616163,66.41414141414141,-0.15664374189387936,0.2880838637493633,0.3279170236923939
21.161616161616163,66.61616161616162,-0.14260778324677215,0.3111126099217957,0.34223973453547113
21.161616161616163,66.81818181818181,-0.31760304538679063,0.3414921539390146,0.46635671501638254
21.161616161616163,67.02020202020202,0.08962239827558152,0.29904800532041764,0.3121888591202247
21.161616161616163,67.22222222222223,0.31993822921644444,0.28560974950914064,0.42887457318991085
21.161616161616163,67.42424242424242,-0.19678491349462987,0.18299527458587808,0.26872211055261136
21.161616161616163,67.62626262626263,0.0034398616832246147,0.19893220206488793,0.19896194024683495
21.161616161616163,67.82828282828282,-0.1521657747590835,0.2533225441063012,0.29551097164152984
21.161616161616163,68.03030303030303,-0.17710816077151625,0.08901817091318598,0.19822092564761784
21.161616161616163,68.23232323232324,-0.14363385235224774,0.026702257876073828,0.1460948120818383
21.161616161616163,68.43434343434343,-0.11877732980903952,-0.05272226953309038,0.12995265207484294
21.161616161616163,68.63636363636364,-0.069994415272841,0.009424273531846682,0.07062602283146052
21.161616161616163,68.83838383838383,-0.14546514277779538,0.08920507955501977,0.17063895798375528
21.161616161616163,69.04040404040404,-0.12863742341618575,0.18700460718093873,0.22697645210473325
21.161616161616163,69.24242424242425,-0.19208082258369893,0.05066928270046297,0.19865150040664142
21.161616161616163,69.44444444444444,-0.1576281265017774,0.02949259793762129,0.16036346091791148
21.161616161616163,69.64646464646465,-0.10298730988114668,-0.1664015711759203,0.1956933031209045
21.161616161616163,69.84848484848484,-0.2017850972008934,-0.19021163470724795,0.27730432998851196
21.161616161616163,70.05050505050505,-0.13259322819033983,-0.02943163211864218,0.1358204150012163
21.161616161616163,70.25252525252526,-0.12083630354032418,-0.11845657028011727,0.16921398079301167
21.161616161616163,70.45454545454545,-0.031135735944324006,-0.07587234463011049,0.08201247912644102
21.161616161616163,70.65656565656566,-0.15309679928565384,-0.09946761683305087,0.18257173042384847
21.161616161616163,70.85858585858585,0.00814940474179359,-0.04786909986222236,0.04855783684705266
21.161616161616163,71.06060606060606,-0.24693514921858,-0.03487935318668537,0.2493863211932922
21.161616161616163,71.26262626262626,-0.15210475194387882,-0.18663864531355023,0.24076926607934435
21.161616161616163,71.46464646464646,-0.03192044582463391,-0.08530346684724104,0.0910801642389919
21.161616161616163,71.66666666666667,-0.18100044086080408,-0.17436571083336955,0.2513256069449185
21.161616161616163,71.86868686868686,-0.29574597427620014,-0.00823561102168002,0.29586062020735243
21.161616161616163,72.07070707070707,-0.11857749520175184,-0.017430345800709415,0.11985173892377946
21.161616161616163,72.27272727272727,-0.1775879753942044,-0.12699070162604983,0.2183211563364599
21.161616161616163,72.47474747474747,-0.10959688125016824,-0.008240243587151103,0.10990622363696728
21.161616161616163,72.67676767676768,-0.036134045610986286,-0.04497349106918348,0.05769128314716846
21.161616161616163,72.87878787878788,-0.17444971496622944,-0.07930066274456087,0.1916280202985077
21.161616161616163,73.08080808080808,0.10764765961062829,0.07787377570692133,0.13286212237691217
21.161616161616163,73.28282828282828,0.013531203239016642,-0.0392335311278947,0.0415013665541155
21.161616161616163,73.48484848484848,-0.12556803119032847,0.030324065321761424,0.12917770471197326
21.161616161616163,73.68686868686869,-0.056083853950757157,-0.29986414780830445,0.3050637733569335
21.161616161616163,73.88888888888889,0.19792342378458638,-0.0704750405851235,0.21009619946131292
21.161616161616163,74.0909090909091,-0.0046128990263440955,0.004701341808880384,0.006586459764636309
21.161616161616163,74.29292929292929,0.0006026850311654126,0.03865180481126594,0.038656503261611644
21.161616161616163,74.4949494949495,-0.08786580853280354,-0.011137933327617353,0.0885689215692149
21.161616161616163,74.6969696969697,-0.17758858771823202,0.17927525981573167,0.2523436650081675
21.161616161616163,74.8989898989899,0.1489802839500877,-0.00653687926730609,0.1491236258827021
21.161616161616163,75.1010101010101,0.07367920777463803,-0.07207302702144706,0.10306865130742965
21.161616161616163,75.3030303030303,0.001321412251813394,0.04862951515223096,0.04864746524003387
21.161616161616163,75.5050505050505,0.2768019286265649,-0.03296982374431955,0.2787585280652727
21.161616161616163,75.70707070707071,0.2491618797467154,0.1407239619745095,0.28615533507645785
21.161616161616163,75.9090909090909,0.08110529915610279,-0.08097787517407153,0.11461014710272575
21.161616161616163,76.11111111111111,-0.07532047272160519,-0.074181610784748,0.1057170042596077
21.161616161616163,76.31313131313131,0.19645530490312305,0.030745401513748112,0.19884659046315234
21.161616161616163,76.51515151515152,0.08893155594844426,-0.10639770355441207,0.13866972620245496
21.161616161616163,76.71717171717171,0.16306099262562251,-0.07760565844199055,0.1805866150584484
21.161616161616163,76.91919191919192,0.16118726659110807,-0.11894220258451581,0.20032119824613903
21.161616161616163,77.12121212121212,0.15681210672490556,-0.12293795707830447,0.19925806911161767
21.161616161616163,77.32323232323232,0.2087485291153094,-0.09643139511947849,0.22994556393306256
21.161616161616163,77.52525252525253,0.0769507504945789,-0.11620371202700273,0.13937259662693208
21.161616161616163,77.72727272727272,0.13794577830781732,-0.06845603874487965,0.15399762009066875
21.161616161616163,77.92929292929293,0.1529598664151164,-0.09361555701201649,0.17933374821377143
21.161616161616163,78.13131313131314,0.1567320478571747,-0.11910851739079355,0.19685470210420852
21.161616161616163,78.33333333333333,0.11796022627069061,-0.03133283972714302,0.12205065271107468
21.161616161616163,78.53535353535354,0.27813342431484744,-0.0010732413873973425,0.27813549498073525
21.161616161616163,78.73737373737373,0.049846681955434714,-0.028727757852565653,0.057532388905745156
21.161616161616163,78.93939393939394,0.2589002088523865,-0.0632445766426662,0.2665130289845497
21.161616161616163,79.14141414141415,0.1313043674948638,0.009620007440904924,0.13165630051915217
21.161616161616163,79.34343434343434,0.16153576784323137,0.02138356157738759,0.16294496309624384
21.161616161616163,79.54545454545455,0.140177088499305,0.01132157986377574,0.14063354617854815
21.161616161616163,79.74747474747474,0.18117538534723648,0.03348398651348629,0.18424358227236837
21.161616161616163,79.94949494949495,0.19426391319975633,0.002114717162259489,0.19427542304768972
21.161616161616163,80.15151515151516,0.20411882680841198,0.1803888871621965,0.27240529743244374
21.161616161616163,80.35353535353535,0.04215032241774963,0.12643811654030412,0.13327883175575847
21.161616161616163,80.55555555555556,0.39143100464387637,0.1434322119703972,0.41688251441771373
21.161616161616163,80.75757575757575,0.7551721665767362,0.11665674223812601,0.764129437125553
21.161616161616163,80.95959595959596,0.020826535865826216,0.09415700825446958,0.09643280976723015
21.161616161616163,81.16161616161617,0.18644832876044704,0.09098800648157465,0.20746516965759532
21.161616161616163,81.36363636363636,0.07053252564590866,0.2037462254937402,0.2156092798952234
21.161616161616163,81.56565656565657,0.12257701263248107,0.20080647047384498,0.23526232722232981
21.161616161616163,81.76767676767676,0.07995978086328176,0.12932250885632202,0.15204564397771325
21.161616161616163,81.96969696969697,-0.0132519239958847,0.12100694239736619,0.12173041361119333
21.161616161616163,82.17171717171718,0.09874355177057553,0.28997054826410523,0.30632206560555525
21.161616161616163,82.37373737373737,0.06728489515314165,0.12556585890471925,0.14245715860654082
21.161616161616163,82.57575757575758,0.2629984531876531,0.09881679849980028,0.28095007749571504
21.161616161616163,82.77777777777777,0.07009292000959202,0.1685591453680419,0.1825519184305543
21.161616161616163,82.97979797979798,0.010798907978509745,-0.03349765406767227,0.03519530141319665
21.161616161616163,83.18181818181819,0.04122755861704564,-0.425651166189866,0.4276431068874077
21.161616161616163,83.38383838383838,0.08806583793070721,0.025501368481091552,0.09168375867538371
21.161616161616163,83.58585858585859,0.18843191865825315,0.11244913063097345,0.21943426111000136
21.161616161616163,83.78787878787878,0.06047737351673608,0.08521712877056972,0.10449627621778047
21.161616161616163,83.98989898989899,0.10573132035679787,0.14888452578681688,0.18260808887658062
21.161616161616163,84.1919191919192,0.17350654533039997,-0.038821675911846765,0.17779663605674492
21.161616161616163,84.39393939393939,0.12403889748341157,0.1875928103746099,0.22489266460501692
21.161616161616163,84.5959595959596,-0.02184422459320671,-0.17235531766236803,0.17373406595879304
21.161616161616163,84.79797979797979,0.1713607994214113,0.10218138887905884,0.19951330735466896
21.161616161616163,85.0,0.024984746319036792,0.10823010571024685,0.11107652015920301
21.363636363636363,65.0,-0.10814010353768987,0.2936167991298482,0.31289791741780565
21.363636363636363,65.20202020202021,0.15769597337582822,0.1386777470055459,0.20999889888636109
21.363636363636363,65.4040404040404,-0.07697800057677738,0.1355443963272661,0.1558778237868406
21.363636363636363,65.60606060606061,-0.1367203727855706,0.35647421948583286,0.38179356921333696
21.363636363636363,65.8080808080808,-0.10145317882190288,0.2200056050863964,0.24227095113219912
21.363636363636363,66.01010101010101,-0.0873079789639465,0.25766355250103046,0.27205365183768476
21.363636363636363,66.21212121212122,-0.18800301910236775,0.14824493536974356,0.23941949806643714
21.363636363636363,66.41414141414141,-0.008686118295871653,0.35348361461346367,0.3535903200757192
21.363636363636363,66.61616161616162,-0.006137513135501493,0.15999721589709742,0.1601148905077565
21.363636363636363,66.81818181818181,-0.024628493967630782,0.15998787656658886,0.16187242928738574
21.363636363636363,67.02020202020202,0.25551551620148877,-0.0057151544460192875,0.25557942407411266
21.363636363636363,67.22222222222223,-0.14358723364280443,0.15497792423016848,0.21127103602691294
21.363636363636363,67.42424242424242,-0.23294568123120973,0.2827058406031417,0.3663144587856195
21.363636363636363,67.62626262626263,-0.2685549742348878,0.2293742922860767,0.3531774909985626
21.363636363636363,67.82828282828282,-0.38815104000821893,0.2015213451560853,0.43734663873520285
21.363636363636363,68.03030303030303,0.22007485796044726,-0.07038691105035544,0.23105683360057042
21.363636363636363,68.23232323232324,-0.11386359856960687,0.10060387129391371,0.15194096879559157
21.363636363636363,68.43434343434343,0.01816088033600857,0.1540494117673155,0.1551162107596583
21.363636363636363,68.63636363636364,0.11987247339486785,0.09233799296938512,0.1513133002198337
21.363636363636363,68.83838383838383,0.12174124715959461,0.11830780561643983,0.16975767473004222
21.363636363636363,69.04040404040404,5.947709901744805e-05,0.06787813899194886,0.06787816504985705
21.363636363636363,69.24242424242425,-0.34107887721577007,-0.17491014508468333,0.38331235218332754
21.363636363636363,69.44444444444444,-0.14949245490553809,0.03383815130989728,0.1532743114737621
21.363636363636363,69.64646464646465,-0.3176528652502168,-0.09450388462191091,0.33141262349268447
21.363636363636363,69.84848484848484,-0.008342364160927984,0.03407884917834235,0.03508508231590373
21.363636363636363,70.05050505050505,-0.32104840066812523,0.028969467981998977,0.32235276584313827
21.363636363636363,70.25252525252526,-0.2515048532812718,-0.15142602518239384,0.2935720223838999
21.363636363636363,70.45454545454545,-0.17210058663931377,-0.03616254476590523,0.1758588683164487
21.363636363636363,70.65656565656566,-0.08320588002496238,-0.15728989309025845,0.17794192574846818
21.363636363636363,70.85858585858585,-0.10852069091207472,-0.19296385457024873,0.22138606443640974
21.363636363636363,71.06060606060606,-0.1644064094961098,-0.059439687087754524,0.17482146288283001
21.363636363636363,71.26262626262626,-0.01857518324207054,-0.1810792240435128,0.18202945589293287
21.363636363636363,71.46464646464646,-0.25772089234191714,-0.3870322011780357,0.4649881537181668
21.363636363636363,71.66666666666667,-0.15597438501838518,-0.055973749013844776,0.16571381765117943
21.363636363636363,71.86868686868686,-0.1562811494546943,-0.04703296700580657,0.16320507853694316
21.363636363636363,72.07070707070707,-0.005341816983397951,-0.08936488068546822,0.08952439281342314
21.363636363636363,72.27272727272727,-0.08551731520435894,-0.1476322707362064,0.1706121290016927
21.363636363636363,72.47474747474747,-0.11541806779174361,-0.12472531505650111,0.16993450087820008
21.363636363636363,72.67676767676768,-0.058968728770793455,-0.13750587613161094,0.14961676691990553
21.363636363636363,72.87878787878788,-0.2612121054378581,-0.033479946152617485,0.26334895257369234
21.363636363636363,73.08080808080808,-0.5837909210847533,-0.08202177828045255,0.5895247337078169
21.363636363636363,73.28282828282828,0.389042241286515,0.013393610416131602,0.3892727248410991
21.363636363636363,73.48484848484848,0.049919753237359595,0.011807237434421396,0.05129710146891026
21.363636363636363,73.68686868686869,0.06313100057069232,-0.03819590558981105,0.07378651934386465
21.363636363636363,73.88888888888889,-0.013048490620796748,-0.0534709689639281,0.05504005477306852
21.363636363636363,74.0909090909091,0.027570400317879752,-0.04493571224605193,0.05271949552820214
21.363636363636363,74.29292929292929,-0.12685637889783052,-0.012954565840193971,0.12751612307146834
21.363636363636363,74.4949494949495,0.11510785036550741,0.05235260754013124,0.12645399452772954
21.363636363636363,74.6969696969697,0.20951888171430783,-0.0679102660275635,0.2202497809913748
21.363636363636363,74.8989898989899,0.07160379250817063,0.04058551852263632,0.08230605940818943
21.363636363636363,75.1010101010101,0.0965555533234699,0.017139154677148244,0.09806490453087004
21.363636363636363,75.3030303030303,-0.014094561689597074,-0.018245084044633764,0.023055146085366865
21.363636363636363,75.5050505050505,-0.45986382232166184,-0.03762475902016128,0.4614004308316304
21.363636363636363,75.70707070707071,0.10064710632339394,-0.00682890696767709,0.10087851100034018
21.363636363636363,75.9090909090909,0.16360289559688865,-0.22648373131111257,0.27939360765108906
21.363636363636363,76.11111111111111,-0.005025737328783341,-0.032820048696404876,0.03320261483877909
21.363636363636363,76.31313131313131,0.04678710923503673,-0.13984825462545672,0.14746717571160653
21.363636363636363,76.51515151515152,0.09872993747051459,-0.0903975805985059,0.1338630760553301
21.363636363636363,76.71717171717171,0.15558531529563052,-0.0012391850015543299,0.1555902500644203
21.363636363636363,76.91919191919192,0.18133171334650805,-0.2587661596677245,0.31597644794250485
21.363636363636363,77.12121212121212,0.28715667346079643,-0.05450264694693932,0.29228324214243484
21.363636363636363,77.32323232323232,0.3275132413495233,-0.1326592547740535,0.35336015782269276
21.363636363636363,77.52525252525253,0.13325676692876975,-0.2052556942142547,0.24471874864767534
21.363636363636363,77.72727272727272,0.0789289212144191,-0.09164757689247136,0.12095062196753445
21.363636363636363,77.92929292929293,0.18348881651991586,-0.17711944381794423,0.2550283183614268
21.363636363636363,78.13131313131314,0.24597650155394057,-0.1222253597846997,0.2746697615159248
21.363636363636363,78.33333333333333,0.3050794263846527,-0.09105846563398967,0.31837886325383663
21.363636363636363,78.53535353535354,0.09569141138214868,-0.20531598840180101,0.22652042138782125
21.363636363636363,78.73737373737373,-0.025801013978773032,-0.030828476947913214,0.04020058846908659
21.363636363636363,78.93939393939394,0.07451374442788947,0.26151608310932994,0.27192454805241617
21.363636363636363,79.14141414141415,0.22897687053883697,-0.03272410650446617,0.23130342493848843
21.363636363636363,79.34343434343434,-0.03911683272296064,0.0620763947666516,0.07337305629112947
21.363636363636363,79.54545454545455,0.3090156548339072,0.03922815840282469,0.3114956233145268
21.363636363636363,79.74747474747474,0.31016986775779765,-0.055511624633862514,0.315098218551582
21.363636363636363,79.94949494949495,0.2760072135532104,0.10238991047351975,0.29438694892977657
21.363636363636363,80.15151515151516,0.34383198545411453,0.20411684043809916,0.39985512222772746
21.363636363636363,80.35353535353535,0.17297977978696433,0.08421357705732045,0.1923900485366536
21.363636363636363,80.55555555555556,0.20573846031297663,-0.05477839282797706,0.212906050578114
21.363636363636363,80.75757575757575,0.16470410865742563,0.10898330496633767,0.19749633963702423
21.363636363636363,80.95959595959596,0.3885355995620646,-0.010931728768207985,0.3886893551679988
21.363636363636363,81.16161616161617,0.21713700625317411,-0.016036610573092577,0.21772839126596236
21.363636363636363,81.36363636363636,0.1626915242484359,0.15058370092112858,0.22168442219827558
21.363636363636363,81.56565656565657,0.25946860050652193,0.12534459691194916,0.2881583290898115
21.363636363636363,81.76767676767676,-0.07030728935168905,0.20847197892058567,0.22000836559332748
21.363636363636363,81.96969696969697,0.08897910974600245,0.12112012398273705,0.15029093919722755
21.363636363636363,82.17171717171718,0.2794408250685053,0.24777050580956006,0.37346672979542933
21.363636363636363,82.37373737373737,0.13390139960601416,0.20819807948428024,0.24753994650842148
21.363636363636363,82.57575757575758,0.1894390215267714,0.18974252757846286,0.26812193056310085
21.363636363636363,82.77777777777777,0.2012304289809624,0.11593053481742896,0.2322360317670737
21.363636363636363,82.97979797979798,-0.1822259550413433,0.12069068621921598,0.21856930349615641
21.363636363636363,83.18181818181819,0.11025059784539788,0.20357033702653882,0.2315082643068412
21.363636363636363,83.38383838383838,0.2753029315714809,0.12835363541644534,0.3037537816331992
21.363636363636363,83.58585858585859,0.16118811786651904,0.12553749326924513,0.2043068074188342
21.363636363636363,83.78787878787878,0.1716653441442816,0.12044509083589951,0.20970457860200079
21.363636363636363,83.98989898989899,0.5207316508487084,0.17358007211791848,0.5489002583640155
21.363636363636363,84.1919191919192,-0.075116548544884,0.21735270763263081,0.22996672668134363
21.363636363636363,84.39393939393939,0.11848043204103159,-0.04585316424190549,0.12704379342425456
21.363636363636363,84.5959595959596,0.07372954703504762,0.04972852742114216,0.08893240436122588
21.363636363636363,84.79797979797979,0.02192744060145805,0.13109725544699594,0.13291840744255617
21.363636363636363,85.0,0.5624727010459357,0.11583786829899419,0.5742768941494736
21.565656565656564,65.0,-0.011840195452578467,0.1711767058621578,0.17158570703346754
21.565656565656564,65.20202020202021,0.10054813788525131,0.2067408113322309,0.22989495667043375
21.565656565656564,65.4040404040404,-0.3361456070476304,0.29326871267669,0.44609461661452826
21.565656565656564,65.60606060606061,0.36334339693630185,0.19856784240987735,0.4140623288063343
21.565656565656564,65.8080808080808,0.04603339096161866,0.3437924103197869,0.34686062687614744
21.565656565656564,66.01010101010101,0.1207629233370994,0.4466795243509314,0.4627161993352907
21.565656565656564,66.21212121212122,-0.030162459611708905,0.27253712887790904,0.27420113162939713
21.565656565656564,66.41414141414141,-0.09829552369938306,0.3005675801278803,0.31623231998526924
21.565656565656564,66.61616161616162,-0.3026864515012822,0.34343625718074156,0.45778548542822384
21.565656565656564,66.81818181818181,-0.005499597092064973,0.4370616928686362,0.43709629252759985
21.565656565656564,67.02020202020202,-0.22582347701405459,0.17126199129632502,0.2834200282857578
21.565656565656564,67.22222222222223,-0.1352369660912066,0.4886026526508068,0.5069729669074665
21.565656565656564,67.42424242424242,-0.32759746302158543,0.06357749287867001,0.33370974720393826
21.565656565656564,67.62626262626263,-0.3212844420938573,0.1576459462558592,0.35787698599164824
21.565656565656564,67.82828282828282,-0.258392620339586,0.2330892368784698,0.34799042888353243
21.565656565656564,68.03030303030303,-0.1933257633119379,0.18622521603540693,0.26843003156796263
21.565656565656564,68.23232323232324,-0.28409882906544737,0.18850932956784663,0.34095148043450013
21.565656565656564,68.43434343434343,-0.239386219934404,0.09872364762809546,0.2589442428313076
21.565656565656564,68.63636363636364,-0.05704343329701926,0.08337059769248195,0.10101786892383527
21.565656565656564,68.83838383838383,-0.12307419656122176,-0.1827290811946504,0.22031154071775583
21.565656565656564,69.04040404040404,-0.38510332610090897,-0.06032150720007566,0.38979899436103194
21.565656565656564,69.24242424242425,-0.23513262432578186,0.0774678885262422,0.24756539494655458
21.565656565656564,69.44444444444444,-0.0931443607866463,-0.05615927067409168,0.10876458812039343
21.565656565656564,69.64646464646465,-0.31798707911145063,-0.09859857412018064,0.33292260557127196
21.565656565656564,69.84848484848484,-0.2575311464120137,-0.06615124522361192,0.26589147902277815
21.565656565656564,70.05050505050505,-0.24452597132820775,-0.035701106174091383,0.24711843240854622
21.565656565656564,70.25252525252526,-0.3504194798540125,0.2725647811068799,0.44394298255631665
21.565656565656564,70.45454545454545,-0.29124083816882096,-0.1289397956306191,0.31850698063707045
21.565656565656564,70.65656565656566,-0.31937127453534997,0.43583992249380804,0.5403280938816178
21.565656565656564,70.85858585858585,-0.0752402050990377,-0.12883694472079896,0.1491980120120086
21.565656565656564,71.06060606060606,-0.23952809074097808,-0.21786688204841045,0.3237895683117574
21.565656565656564,71.26262626262626,-0.2816246913727859,-0.18907787090430123,0.33920923934427333
21.565656565656564,71.46464646464646,-0.11494495683640651,-0.074845634787024,0.1371649085910676
21.565656565656564,71.66666666666667,-0.17362972952254788,-0.169175255093115,0.24242019286745414
21.565656565656564,71.86868686868686,-0.11831577016199618,-0.15309882063317903,0.19348868273957687
21.565656565656564,72.07070707070707,-0.09776624056367392,-0.07225014465361838,0.1215661186203744
21.565656565656564,72.27272727272727,-0.14076481229900498,-0.12284925143527275,0.18683327048408957
21.565656565656564,72.47474747474747,-0.2220738984197068,-0.20604672338468452,0.30293905092756024
21.565656565656564,72.67676767676768,-0.11352277927960619,-0.010001755312566429,0.11396252245672099
21.565656565656564,72.87878787878788,-0.07750818008949922,-0.07741838517340202,0.10954964328396272
21.565656565656564,73.08080808080808,-0.011629206790663461,-0.022025212692241586,0.02490679515149416
21.565656565656564,73.28282828282828,-0.19380508366109345,-0.06622578540909778,0.20480787364243422
21.565656565656564,73.48484848484848,0.08818278859655929,0.0399576429136322,0.09681331226581812
21.565656565656564,73.68686868686869,-0.0028009351737819203,-0.10548491835052642,0.105522098336154
21.565656565656564,73.88888888888889,0.04623581159468563,-0.06634213320029442,0.08086426226328212
21.565656565656564,74.0909090909091,0.13784847574191336,0.016179073338112714,0.13879468533934902
21.565656565656564,74.29292929292929,0.02250123589648343,-0.11154420231519224,0.11379110108880103
21.565656565656564,74.4949494949495,0.09996777322884741,0.0766786712369555,0.12598878643355277
21.565656565656564,74.6969696969697,0.06243039066339506,-0.04440976574521098,0.07661449583419994
21.565656565656564,74.8989898989899,0.10128440368144281,-0.21975702504795405,0.24197454512206976
21.565656565656564,75.1010101010101,0.06688894798333438,-0.05169431230524956,0.08453657957967006
21.565656565656564,75.3030303030303,0.21915753013095896,0.1710221689308962,0.27799029709493495
21.565656565656564,75.5050505050505,0.22752209302475465,-0.010298422736858267,0.22775504456593745
21.565656565656564,75.70707070707071,0.14883938830887572,0.027542312043655016,0.15136625272784668
21.565656565656564,75.9090909090909,0.17712182426449402,-0.021993026688506875,0.17848202669653793
21.565656565656564,76.11111111111111,0.2660336911216653,-0.04567522757742763,0.2699261958870747
21.565656565656564,76.31313131313131,0.13358032595554595,-0.17610257147445152,0.22103352497371118
21.565656565656564,76.51515151515152,0.3247463740109267,-0.061641295226441614,0.3305447877526403
21.565656565656564,76.71717171717171,0.12725600922976357,-0.1771332526589042,0.2181061234413396
21.565656565656564,76.91919191919192,0.25038839040904315,-0.15088845012233226,0.2923382808185595
21.565656565656564,77.12121212121212,0.16544078051672112,-0.08168282534876883,0.18450673650286964
21.565656565656564,77.32323232323232,0.06946930906468081,-0.11653509388654719,0.1356702362682048
21.565656565656564,77.52525252525253,0.17174607597332683,-0.19909754856336145,0.2629382978118171
21.565656565656564,77.72727272727272,0.0891228719988328,-0.15805417892687082,0.18144974452880233
21.565656565656564,77.92929292929293,0.004109621130035015,-0.04368070012228184,0.04387359740214088
21.565656565656564,78.13131313131314,0.09984014742142386,-0.14956396175974304,0.17982612072332965
21.565656565656564,78.33333333333333,0.126316900940778,-0.14577583369035277,0.19289000272538676
21.565656565656564,78.53535353535354,0.30344917637495605,-0.12126175244975727,0.32678098973138786
21.565656565656564,78.73737373737373,0.33266617343149096,-0.07012167951176233,0.3399762239967688
21.565656565656564,78.93939393939394,0.1724293139600422,-0.12273910722793045,0.2116524433023163
21.565656565656564,79.14141414141415,0.10415338705806339,-0.10474229220713241,0.14771213833829325
21.565656565656564,79.34343434343434,0.2061947224394357,0.06019449813196158,0.21480139936051315
21.565656565656564,79.54545454545455,0.09782155345088109,0.07296084069207212,0.1220341779750145
21.565656565656564,79.74747474747474,0.4090543848314483,0.02491524844920374,0.4098124685208103
21.565656565656564,79.94949494949495,0.18397744987732656,0.17791436251410775,0.255932066088182
21.565656565656564,80.15151515151516,0.21358428417033973,0.1354456534050306,0.2529105997598205
21.565656565656564,80.35353535353535,0.18173036025283146,0.10656413232259414,0.2106699744512522
21.565656565656564,80.55555555555556,0.09115644324777959,0.08190064271958235,0.12254473641681368
21.565656565656564,80.75757575757575,0.33636312692268633,0.18765373677898287,0.38516759739147705
21.565656565656564,80.95959595959596,0.20115052830917782,0.21425179096633667,0.2938798478483072
21.565656565656564,81.16161616161617,0.1205335915177151,-0.028163023461182164,0.12378005725735668
21.565656565656564,81.36363636363636,0.5293932042957088,0.23692059660361195,0.5799901153032606
21.565656565656564,81.56565656565657,0.42090305685949475,0.12746096834563533,0.4397791283420282
21.565656565656564,81.76767676767676,0.14772709300690237,0.23132064676896139,0.27446773149111825
21.565656565656564,81.96969696969697,0.12955317825531762,0.2390072316864515,0.2718611461656027
21.565656565656564,82.17171717171718,0.2244082285192408,0.3030592751773196,0.377099426276607
21.565656565656564,82.37373737373737,0.11022137081583001,0.1567888510590435,0.19165462269649441
21.565656565656564,82.57575757575758,0.0009045201726527309,0.10125771913275494,0.10126175902437515
21.565656565656564,82.77777777777777,0.0672290112853803,0.10406642524827323,0.12389334454426609
21.565656565656564,82.97979797979798,0.28593437404243766,0.1453332450084437,0.3207494635439395
21.565656565656564,83.18181818181819,-0.0840505081554354,0.3140215948198649,0.32507545267891014
21.565656565656564,83.38383838383838,0.1859789941090588,0.22311313416745857,0.29046111080115994
21.565656565656564,83.58585858585859,0.05258098881757811,0.1873993309515924,0.19463624951724365
21.565656565656564,83.78787878787878,0.18747599756579675,0.22819743986674182,0.2953325603874823
21.565656565656564,83.98989898989899,0.23016861217514095,0.1871833488029874,0.296673551399061
21.565656565656564,84.1919191919192,0.1355517520859595,0.11977485888483233,0.18088751840426945
21.565656565656564,84.39393939393939,0.1501473919656453,0.09077574375752973,0.17545505113509222
21.565656565656564,84.5959595959596,0.06400271950268382,0.14340825852781242,0.15704227684836689
21.565656565656564,84.79797979797979,0.17369732179436806,0.07752494451448498,0.1902127141400128
21.565656565656564,85.0,0.23385402331085725,0.15031284500352013,0.27799578340638054
21.767676767676768,65.0,-0.17585985232406873,0.19207039932639794,0.2604183671649241
21.767676767676768,65.20202020202021,0.11569794467095967,0.21698586843483594,0.24590421204506518
21.767676767676768,65.4040404040404,-0.08723069069641198,0.3814447171786443,0.39129179094745786
21.767676767676768,65.60606060606061,-0.1498350096571176,0.3462667420349317,0.37729456232290765
21.767676767676768,65.8080808080808,-0.15360450444250526,0.31413316748445236,0.3496769805103599
21.767676767676768,66.01010101010101,-0.16957481049990306,0.2622668384390418,0.31231316158767386
21.767676767676768,66.21212121212122,0.01861494951678977,0.07102388935767363,0.07342281120335625
21.767676767676768,66.41414141414141,-0.627532783540858,0.4266974890457008,0.7588597641043062
21.767676767676768,66.61616161616162,-0.03242187117531852,0.23164693050386598,0.23390484847982923
21.767676767676768,66.81818181818181,-0.4783406271851818,0.35350231268122995,0.5947887361802434
21.767676767676768,67.02020202020202,-0.13085553719626347,0.4885874717802934,0.5058071660184162
21.767676767676768,67.22222222222223,-0.20343444236478195,0.10340593407739734,0.22820683500431976
21.767676767676768,67.42424242424242,-0.7877096279253386,0.5188647185945114,0.9432428394260075
21.767676767676768,67.62626262626263,-0.2930428514830546,0.2104737523791207,0.36079538972368674
21.767676767676768,67.82828282828282,-0.2902815312023263,0.25456055458156757,0.3860886469530571
21.767676767676768,68.03030303030303,-0.21782690141016164,0.21608978715045732,0.3068278916407083
21.767676767676768,68.23232323232324,-0.3479714832739937,0.09618889123244435,0.36102140652381026
21.767676767676768,68.43434343434343,-0.30642107955784476,-0.2097885997498047,0.3713558059090753
21.767676767676768,68.63636363636364,0.09850623500931571,-0.27910323747473853,0.2959765117447512
21.767676767676768,68.83838383838383,0.09911162444458875,-0.06423583515194439,0.11810739442436692
21.767676767676768,69.04040404040404,-0.4866601391947679,0.05110381194012654,0.48933596912130084
21.767676767676768,69.24242424242425,-0.02437505276569018,-0.029326209962084553,0.0381335782227481
21.767676767676768,69.44444444444444,-0.14194385567360743,0.08628516979046418,0.1661119763570921
21.767676767676768,69.64646464646465,-0.27441966797911266,0.12234143661277187,0.3004556228234767
21.767676767676768,69.84848484848484,-0.30800614360145007,-0.0623529549101309,0.31425415746217567
21.767676767676768,70.05050505050505,-0.27354062534061474,0.03531842820062736,0.2758112852700147
21.767676767676768,70.25252525252526,-0.38740627406265254,-0.13771142933366887,0.4111545438788548
21.767676767676768,70.45454545454545,-0.37819180447725537,-0.09505581454231664,0.3899546753817241
21.767676767676768,70.65656565656566,-0.16093053576946661,-0.11153196889238232,0.19580096380778853
21.767676767676768,70.85858585858585,-0.22003711372276763,-0.1570352502732753,0.27032647159284345
21.767676767676768,71.06060606060606,-0.19314870157055763,-0.22949043982277426,0.2999538012568647
21.767676767676768,71.26262626262626,-0.2070148641805183,-0.2061032985415011,0.29211936543366235
21.767676767676768,71.46464646464646,-0.294615746206261,-0.2121186515936289,0.36303272616469623
21.767676767676768,71.66666666666667,-0.296162775457602,-0.06690569424940766,0.30362602241860825
21.767676767676768,71.86868686868686,-0.588784339147353,0.021513373651175435,0.5891772426622063
21.767676767676768,72.07070707070707,-0.23124728110807544,-0.034018742937953164,0.23373613304526922
21.767676767676768,72.27272727272727,-0.35304740382478256,-0.08740925805277465,0.3637070905835569
21.767676767676768,72.47474747474747,-0.035020829850176044,-0.11423298836436568,0.11948068527610765
21.767676767676768,72.67676767676768,-0.17998900093175024,-0.1571813440596026,0.23896027991445098
21.767676767676768,72.87878787878788,-0.040773197454511544,-0.035895110763437627,0.05432230303829213
21.767676767676768,73.08080808080808,-0.05875604294062492,-0.07884121527404546,0.09832705532013525
21.767676767676768,73.28282828282828,0.04989393647686639,-0.06799005551127135,0.08433298610616927
21.767676767676768,73.48484848484848,-0.0835094839568262,0.08251059556384346,0.11739604887318635
21.767676767676768,73.68686868686869,0.04695674915296757,-0.02963063642968522,0.05552396695340589
21.767676767676768,73.88888888888889,-0.33188920018135787,0.1025405976143533,0.3473687023266923
21.767676767676768,74.0909090909091,0.05114353209015217,0.07027254248565264,0.0869131238769743
21.767676767676768,74.29292929292929,-0.03537383152880925,-0.04624901853177281,0.05822610816618988
21.767676767676768,74.4949494949495,-0.05563060145912227,-0.03955767639749484,0.06826106929042804
21.767676767676768,74.6969696969697,0.19756925010200196,0.0026384713335108672,0.1975868672681592
21.767676767676768,74.8989898989899,0.15520859553094402,-0.03224363103822019,0.1585224270228571
21.767676767676768,75.1010101010101,0.12777923732425533,-0.05719408739797608,0.13999534679572637
21.767676767676768,75.3030303030303,0.22832163474487893,-0.15102379530264248,0.27374980482219224
21.767676767676768,75.5050505050505,0.24710541432426947,0.015429059241092585,0.24758663465024525
21.767676767676768,75.70707070707071,0.28066753704172626,-0.028406714613676273,0.2821014140060479
21.767676767676768,75.9090909090909,0.07761014539990908,-0.1141259358889994,0.13801472353171249
21.767676767676768,76.11111111111111,0.1350718132232758,-0.06405178746513648,0.14948921768777346
21.767676767676768,76.31313131313131,0.04535995923170327,-0.06713744512240274,0.08102445580851145
21.767676767676768,76.51515151515152,0.2605284592780795,-0.13572372227565604,0.2937618199871613
21.767676767676768,76.71717171717171,0.24253831675922982,-0.11328368113160352,0.26769017073312074
21.767676767676768,76.91919191919192,0.2930550123093748,-0.0575413603663539,0.2986507130285451
21.767676767676768,77.12121212121212,0.4336108938912149,-0.2327914345871564,0.49214861507301305
21.767676767676768,77.32323232323232,0.23591115050156838,-0.03533494931970593,0.23854272064852416
21.767676767676768,77.52525252525253,0.12626164486115404,-0.1170540158677177,0.17217330104811285
21.767676767676768,77.72727272727272,0.6126963494696901,-0.13673865757767908,0.6277692865453283
21.767676767676768,77.92929292929293,0.3746994200987961,-1.4643465256843249,1.5115258524769357
21.767676767676768,78.13131313131314,0.3922183350842334,-0.13052248930584118,0.41336587013303533
21.767676767676768,78.33333333333333,0.14967056359358796,-0.16379663744490586,0.22187973328963642
21.767676767676768,78.53535353535354,0.2568854003767715,-0.10853706252304278,0.2788734531429356
21.767676767676768,78.73737373737373,0.38596409080594635,-0.00079996631004111,0.38596491982790093
21.767676767676768,78.93939393939394,0.3037425500853115,-0.010038127223381647,0.3039083755517126
21.767676767676768,79.14141414141415,0.29159226337520305,0.03857370362631881,0.2941325868919064
21.767676767676768,79.34343434343434,0.3662267773403371,-0.022078122282953867,0.3668916678321135
21.767676767676768,79.54545454545455,0.29512096050994135,0.07927886822673455,0.30558390055698664
21.767676767676768,79.74747474747474,0.10265853156970112,0.062172122363751955,0.12001727751978324
21.767676767676768,79.94949494949495,0.05063886789976502,0.06553680306041289,0.08282129857439567
21.767676767676768,80.15151515151516,0.3130371941407708,0.0878554283706477,0.3251320673352855
21.767676767676768,80.35353535353535,0.2002273320605795,0.1320050092022407,0.2398255761143528
21.767676767676768,80.55555555555556,0.3978177554932773,0.09126598496651828,0.4081524795926367
21.767676767676768,80.75757575757575,0.19027898498340606,0.19484562661417115,0.2723433684468639
21.767676767676768,80.95959595959596,0.3125336440737795,0.22440900729604044,0.3847553524431209
21.767676767676768,81.16161616161617,0.2816717281162371,0.14765680357455702,0.31802750519702333
21.767676767676768,81.36363636363636,0.2135111701116065,0.12952518564357307,0.2497274383771824
21.767676767676768,81.56565656565657,0.14223614661590658,0.13201899165711153,0.19406219508781755
21.767676767676768,81.76767676767676,0.2505830167008993,0.10364057828113105,0.27117009002721965
21.767676767676768,81.96969696969697,0.3426541909797108,0.10500409671514355,0.35838213532892976
21.767676767676768,82.17171717171718,0.30039802235189134,0.10808154663878594,0.31925004707401294
21.767676767676768,82.37373737373737,0.34217729551461085,0.15231748300213738,0.3745476167242287
21.767676767676768,82.57575757575758,0.17363574773073623,0.1796403815125932,0.24984002793788251
21.767676767676768,82.77777777777777,0.03593335323005396,0.19638990136498125,0.19965019216745797
21.767676767676768,82.97979797979798,0.10876474318463353,0.12324027370907327,0.16437133090629455
21.767676767676768,83.18181818181819,0.11853591471891403,0.1418682846681879,0.18487123430361918
21.767676767676768,83.38383838383838,0.010188045807879836,0.18222468138382533,0.18250926218364952
21.767676767676768,83.58585858585859,0.22458155615797462,0.22139569365256345,0.3153615837958664
21.767676767676768,83.78787878787878,0.026052164834018114,0.19070704683853254,0.19247829229919175
21.767676767676768,83.98989898989899,0.26551119191853556,0.11840620064051471,0.29071673736495335
21.767676767676768,84.1919191919192,0.19282924637861007,0.0729088935718911,0.2061524315180882
21.767676767676768,84.39393939393939,0.4113782055233367,0.1724761220227653,0.4460717886704028
21.767676767676768,84.5959595959596,-0.04805907711389802,0.14688743860016035,0.1545496506355012
21.767676767676768,84.79797979797979,0.21829416754584796,0.0972603191774899,0.23898098935070536
21.767676767676768,85.0,-0.12963555326239473,0.035760419411373326,0.1344774489129107
21.96969696969697,65.0,-0.15212312933901637,0.20096566452770384,0.25204889366739286
21.96969696969697,65.20202020202021,0.06003102920447362,0.4071470921805519,0.41154887818876046
21.96969696969697,65.4040404040404,-0.2946779623291307,0.17672354740736315,0.3436077904976706
21.96969696969697,65.60606060606061,-0.4290438925020681,0.2769256314462134,0.510652981040168
21.96969696969697,65.8080808080808,-0.14249965258652883,0.20154438257338023,0.24683251231182343
21.96969696969697,66.01010101010101,-0.15003008680697874,0.3249285186853833,0.35789323715653953
21.96969696969697,66.21212121212122,-0.13089019122602052,0.2726827693132685,0.3024700561039678
21.96969696969697,66.41414141414141,-0.2634166505198658,0.2945850814687686,0.39518185939522343
21.96969696969697,66.61616161616162,-0.45862793132064555,0.3389056981837911,0.57026016137277
21.96969696969697,66.81818181818181,-0.48256279290268866,0.19040190477754626,0.5187675148242813
21.96969696969697,67.02020202020202,-0.25798367465254723,0.32373172357088825,0.41395386848465293
21.96969696969697,67.22222222222223,-0.4471481093203379,0.3189235442641489,0.5492300599518924
21.96969696969697,67.42424242424242,0.17986873969949893,0.24584313013279446,0.3046171501320571
21.96969696969697,67.62626262626263,-0.2897955423242846,0.20181753636842817,0.35314554271128507
21.96969696969697,67.82828282828282,-0.10270650356268349,0.22227496179254191,0.24485666115902888
21.96969696969697,68.03030303030303,-0.43562210127514583,0.1491133889656967,0.46043611705448195
21.96969696969697,68.23232323232324,0.07708057720424756,0.09316269514617052,0.12091609962713101
21.96969696969697,68.43434343434343,-0.3173449299412483,0.3007895777289421,0.43724383886999607
21.96969696969697,68.63636363636364,-0.4895326685007446,-0.044715793717807234,0.4915706823410784
21.96969696969697,68.83838383838383,-0.3751297645444768,0.12591156619285943,0.3956969329529019
21.96969696969697,69.04040404040404,-0.2429108600824471,0.06319199531692583,0.2509958450216429
21.96969696969697,69.24242424242425,-0.262774229337437,0.21549618055402522,0.3398365775446442
21.96969696969697,69.44444444444444,-0.33937862466681556,-0.08445346834064996,0.3497288080720609
21.96969696969697,69.64646464646465,-0.5549014893932974,-0.029010716433813602,0.5556593242256472
21.96969696969697,69.84848484848484,-0.33053465684648664,-0.027235156215929632,0.33165481017276194
21.96969696969697,70.05050505050505,-0.24771357070796196,-0.050645507014052446,0.2528378541547901
21.96969696969697,70.25252525252526,-0.28081332655656915,-0.017191522817052433,0.2813390709242774
21.96969696969697,70.45454545454545,-0.27658270519260814,0.10100519654523861,0.2944487095247718
21.96969696969697,70.65656565656566,-0.17519440111095141,-0.14130422996306055,0.22507768344746762
21.96969696969697,70.85858585858585,-0.4420110333475265,-0.12901010860612508,0.460453430569816
21.96969696969697,71.06060606060606,-0.21020151180757252,-0.2708806530472233,0.3428717016049578
21.96969696969697,71.26262626262626,-0.19649504874465107,-0.005894452822479353,0.19658343967699626
21.96969696969697,71.46464646464646,-0.2667363337303787,-0.17857253360397182,0.32099286828474183
21.96969696969697,71.66666666666667,-0.22669056785867975,-0.19299497675995236,0.297717440890965
21.96969696969697,71.86868686868686,-0.14282723328819,-0.22058718863322027,0.26278950960391656
21.96969696969697,72.07070707070707,-0.15843809749143906,-0.11008316839228548,0.1929272782682403
21.96969696969697,72.27272727272727,-0.16293189132351038,-0.07817972856984808,0.1807176559429413
21.96969696969697,72.47474747474747,-0.007496179823994864,-0.15867961303872571,0.1588565777866104
21.96969696969697,72.67676767676768,-0.30894629053673395,-0.14357906403763165,0.3406798468743497
21.96969696969697,72.87878787878788,0.005779586381890859,-0.21230938736790564,0.21238804011356466
21.96969696969697,73.08080808080808,0.3213809967881844,-0.06614200393507955,0.3281166100353883
21.96969696969697,73.28282828282828,-0.1369774508510105,-0.02447133250497937,0.1391462114331909
21.96969696969697,73.48484848484848,-0.0825206886336386,-0.2472446175618807,0.26065219156164904
21.96969696969697,73.68686868686869,-0.0148555493116018,-0.11877863338571638,0.11970401452886971
21.96969696969697,73.88888888888889,0.01587880751477943,-0.06815699597316818,0.06998223080309658
21.96969696969697,74.0909090909091,-0.019646753447787848,-0.18166661062838477,0.18272589400039427
21.96969696969697,74.29292929292929,0.18595903083245302,-0.08502497836768177,0.20447495713306793
21.96969696969697,74.4949494949495,0.00874513941025518,0.017432919438591654,0.019503439272528962
21.96969696969697,74.6969696969697,0.07074314788957155,0.04203192990037552,0.08228776400216421
21.96969696969697,74.8989898989899,0.14846693878038447,-0.002592409737064705,0.1484895703376613
21.96969696969697,75.1010101010101,0.24193395598704417,-0.22449780495002405,0.33004742611770216
21.96969696969697,75.3030303030303,0.31567233772261,-0.07495205560209536,0.32444850969335204
21.96969696969697,75.5050505050505,0.39576248929799285,-0.09355995569799835,0.40667113647953346
21.96969696969697,75.70707070707071,0.7810049013929735,-0.06555481512890836,0.7837512933236114
21.96969696969697,75.9090909090909,0.10088428681417642,-0.010200184125119059,0.10139863451837673
21.96969696969697,76.11111111111111,0.23396887987960333,-0.19449197114571473,0.30425082348657956
21.96969696969697,76.31313131313131,0.07919307870671212,-0.12379031436887657,0.14695436586434849
21.96969696969697,76.51515151515152,0.08469390295305951,-0.16441226839643638,0.18494445435504167
21.96969696969697,76.71717171717171,0.227488352251217,-0.12689530738708155,0.2604867932292071
21.96969696969697,76.91919191919192,0.3100922159946282,-0.18968573085003124,0.36350771506058804
21.96969696969697,77.12121212121212,0.131791379472711,-0.2439677753311551,0.27728909661822815
21.96969696969697,77.32323232323232,0.3407967204524466,-0.11548745734827752,0.3598329577399953
21.96969696969697,77.52525252525253,0.1792844903566234,-0.1779415161995962,0.2525987166828948
21.96969696969697,77.72727272727272,0.4568528093237888,-0.19746672659247771,0.49770231815633176
21.96969696969697,77.92929292929293,0.30377886940113774,-0.10074760102752343,0.3200494971210462
21.96969696969697,78.13131313131314,0.25021136717513065,-0.1605428412457746,0.29728728889563044
21.96969696969697,78.33333333333333,0.3772155557798169,-0.12251285211063022,0.3966118687767139
21.96969696969697,78.53535353535354,0.4722771279656559,-0.13921362373065968,0.49236786921133496
21.96969696969697,78.73737373737373,0.37510367276347995,0.04392052535839002,0.37766622548013057
21.96969696969697,78.93939393939394,0.33897623717875947,-0.5475666138825304,0.6439985139817099
21.96969696969697,79.14141414141415,0.32315261256743705,-0.34493003140888956,0.47265668045305104
21.96969696969697,79.34343434343434,0.15366246236908193,-0.021870288215460706,0.15521102360321204
21.96969696969697,79.54545454545455,0.20169139656891968,-0.013763914609060714,0.20216049266680852
21.96969696969697,79.74747474747474,0.15045718681722411,0.8397081307968814,0.8530809516050312
21.96969696969697,79.94949494949495,0.2861574041875007,0.024621578145223855,0.2872146968413873
21.96969696969697,80.15151515151516,0.386856822286964,0.5082482745524008,0.6387288231600796
21.96969696969697,80.35353535353535,0.24867629127805338,0.18970635808325764,0.3127753189447985
21.96969696969697,80.55555555555556,0.3068710548820152,0.06302258044382822,0.31327574111347917
21.96969696969697,80.75757575757575,0.2324842909134167,0.2321768307601166,0.3285651020168241
21.96969696969697,80.95959595959596,0.35931176415270943,0.15022992538785546,0.38945343025909135
21.96969696969697,81.16161616161617,0.1388990791905999,0.3180657944969573,0.34707175602312734
21.96969696969697,81.36363636363636,0.4516843440467243,0.1724404103940384,0.48348158371729527
21.96969696969697,81.56565656565657,0.31322637578575907,0.21125807195168497,0.37781044910460704
21.96969696969697,81.76767676767676,0.20942641645838822,0.2609679927449994,0.3346097983442151
21.96969696969697,81.96969696969697,0.16606487553084867,0.2885793196856755,0.33294979596828644
21.96969696969697,82.17171717171718,0.3476157905293162,0.34191098572289713,0.4875857462881012
21.96969696969697,82.37373737373737,-0.007188306577610316,0.20916255689210383,0.20928604099914616
21.96969696969697,82.57575757575758,0.32674191612099984,0.21576742851480038,0.39155569585732247
21.96969696969697,82.77777777777777,0.038456937478622395,0.21076670571530287,0.21424644752787794
21.96969696969697,82.97979797979798,0.19133119567506657,0.16209769860271847,0.2507654089597454
21.96969696969697,83.18181818181819,0.1800744089266005,0.18765765485710428,0.26008111845486326
21.96969696969697,83.38383838383838,0.3340382920580432,0.18457483970445562,0.3816404748097089
21.96969696969697,83.58585858585859,0.1620552791988453,0.5057329550470855,0.5310628355824507
21.96969696969697,83.78787878787878,0.1471242736206409,0.057785624548561024,0.1580655885791353
21.96969696969697,83.98989898989899,0.2617255529262719,0.03245232221201174,0.263729820595842
21.96969696969697,84.1919191919192,-0.42741638267599524,0.14453591316434955,0.45119330045345885
21.96969696969697,84.39393939393939,0.408669573963718,0.19620255285499144,0.4533279854922951
21.96969696969697,84.5959595959596,0.06100630591256355,0.6171258435209848,0.6201339178778921
21.96969696969697,84.79797979797979,0.038473815972186326,0.13393834640853225,0.13935463807894463
21.96969696969697,85.0,0.14501724033005137,0.024417826159761166,0.14705859453738906
22.171717171717173,65.0,-0.14985616049367423,0.2684817729189954,0.3074724885703318
22.171717171717173,65.20202020202021,-0.7250241627010401,0.30958378385766144,0.7883540801746202
22.171717171717173,65.4040404040404,-0.1904736135701033,0.21714365004957473,0.2888452219153109
22.171717171717173,65.60606060606061,-0.11942839623142132,0.3281607085600488,0.3492171136543034
22.171717171717173,65.8080808080808,-0.24952115718483028,0.17062801680875458,0.30228253009882233
22.171717171717173,66.01010101010101,-0.06732668147820652,0.22140353997420367,0.23141393551810288
22.171717171717173,66.21212121212122,-0.0054473104574626775,0.2285545136704898,0.22861941936409097
22.171717171717173,66.41414141414141,-0.37592661112298137,0.23901879538396004,0.44547817174044413
22.171717171717173,66.61616161616162,-0.25303069823717245,0.2789177016207448,0.37658945620899936
22.171717171717173,66.81818181818181,-0.3019119601966307,0.27192820439816706,0.40631980022758335
22.171717171717173,67.02020202020202,0.29839294818125667,0.28880176866083423,0.41526475061811846
22.171717171717173,67.22222222222223,-0.14959984642897686,0.302724114635542,0.3376714433194584
22.171717171717173,67.42424242424242,-0.030108462038034117,0.2809197217367357,0.28252859952036846
22.171717171717173,67.62626262626263,-0.26882633252368143,0.12899685703521338,0.29817408704160764
22.171717171717173,67.82828282828282,-0.24016572701448569,0.09536988590140998,0.2584085748756113
22.171717171717173,68.03030303030303,-0.20592152820150944,0.08979925626735334,0.22464991031161094
22.171717171717173,68.23232323232324,-0.29299281936834787,0.1838972464936736,0.34592338670487177
22.171717171717173,68.43434343434343,-0.187270763404301,0.1500072707873143,0.23994274340994
22.171717171717173,68.63636363636364,-0.24304144930081875,0.03025709160806933,0.24491761404770698
22.171717171717173,68.83838383838383,-0.4845486344262504,-0.09071153046363528,0.4929664906293318
22.171717171717173,69.04040404040404,-0.1897667320181566,0.12141928142609429,0.225286605200753
22.171717171717173,69.24242424242425,-0.3680634362465034,-0.010096611781577313,0.36820189389932767
22.171717171717173,69.44444444444444,-0.5032996634711391,-0.031526442859935035,0.5042860972201817
22.171717171717173,69.64646464646465,-0.3163724753109805,-0.004528548062528264,0.3164048844154458
22.171717171717173,69.84848484848484,-0.24794825204700535,-0.19894865961197797,0.31789763266587556
22.171717171717173,70.05050505050505,-0.4669527035490364,-0.11573351992521178,0.4810811521833231
22.171717171717173,70.25252525252526,-0.3363872818919972,-0.10569805147201303,0.35260244114819494
22.171717171717173,70.45454545454545,-0.5454794378299,-0.15314100402583347,0.5665686050331982
22.171717171717173,70.65656565656566,-0.3178912087768982,-0.11276821732525566,0.33730029863069133
22.171717171717173,70.85858585858585,-0.22113631096125771,-0.18861251146401892,0.29064746258365776
22.171717171717173,71.06060606060606,-0.1784252538140226,-0.16453186261474706,0.24270621132158193
22.171717171717173,71.26262626262626,-0.2000696665479368,-0.1994517855055991,0.2825046658269101
22.171717171717173,71.46464646464646,-0.13852563615555197,-0.19577261981704008,0.23982550019196808
22.171717171717173,71.66666666666667,-0.20616347364148196,0.0578944113749765,0.21413813469902326
22.171717171717173,71.86868686868686,-0.08501353170334516,-0.3215480161074429,0.33259649311937733
22.171717171717173,72.07070707070707,-0.3013218942590044,-0.13204069846492034,0.32898271992756495
22.171717171717173,72.27272727272727,-0.32249436464133174,-0.17084452793800017,0.3649526927586291
22.171717171717173,72.47474747474747,-0.053600923033968594,0.0225016323130993,0.05813245570976113
22.171717171717173,72.67676767676768,-0.28366635108978666,-0.06882101045073795,0.2918954097276192
22.171717171717173,72.87878787878788,0.033767469701481756,-0.035807776041076926,0.04921827744901696
22.171717171717173,73.08080808080808,0.39123334726344694,-0.08699544767849333,0.4007888969616578
22.171717171717173,73.28282828282828,-0.07969240018718453,-0.2655566380294647,0.2772565718772172
22.171717171717173,73.48484848484848,0.05007520863605611,0.41196382817231636,0.4149960508755889
22.171717171717173,73.68686868686869,-0.014436548591333094,-0.06438224828492471,0.06598096566019333
22.171717171717173,73.88888888888889,-0.08944911914290336,0.03367323820302198,0.0955773607425879
22.171717171717173,74.0909090909091,-0.1143271579885825,-0.03834687026514094,0.12058682147265452
22.171717171717173,74.29292929292929,0.02968254460052267,0.034440204696898936,0.04546626390551919
22.171717171717173,74.4949494949495,0.15063988301249867,-0.024899267647766878,0.1526838167043725
22.171717171717173,74.6969696969697,0.0631808091703851,-0.11896968972440088,0.13470561131795822
22.171717171717173,74.8989898989899,0.2734061633911864,-0.10808943844508742,0.29399703550148676
22.171717171717173,75.1010101010101,-0.009024957933627018,-0.0784138539151343,0.07893150417626513
22.171717171717173,75.3030303030303,0.17103765548043662,-0.04409617291909421,0.1766305524487629
22.171717171717173,75.5050505050505,0.040353869460587756,-0.2577023397676053,0.26084273174106354
22.171717171717173,75.70707070707071,0.21285740955582733,-0.0796485108625945,0.22727112021866316
22.171717171717173,75.9090909090909,-0.08173278718048138,-0.09537817669905783,0.1256075041178932
22.171717171717173,76.11111111111111,0.31271613906231743,-0.10150171501012958,0.3287764921341552
22.171717171717173,76.31313131313131,0.28715931673894457,-0.15935051383212534,0.3284098954790185
22.171717171717173,76.51515151515152,0.28619232710225384,-0.40912017725545324,0.49928485609893775
22.171717171717173,76.71717171717171,0.20962281952039347,-0.14983498308860066,0.25766693350300246
22.171717171717173,76.91919191919192,0.5805546590942281,-0.10616566564718986,0.5901820572995475
22.171717171717173,77.12121212121212,0.49120916833115175,-0.2811114150069403,0.5659594284927021
22.171717171717173,77.32323232323232,0.40391708937888854,-0.18860388767380087,0.4457807101456777
22.171717171717173,77.52525252525253,0.3938191380645155,0.021474365460846207,0.3944041859283747
22.171717171717173,77.72727272727272,0.3954446535058002,-0.1668024103594891,0.4291847132506676
22.171717171717173,77.92929292929293,0.4253856080851509,-0.06486777948409597,0.430303084326816
22.171717171717173,78.13131313131314,0.25896132108724573,-0.05483621780844504,0.2647035636382457
22.171717171717173,78.33333333333333,0.6071227205102613,0.04354565069726697,0.6086823649937866
22.171717171717173,78.53535353535354,0.518554175340399,-0.01955340704977341,0.5189226999180278
22.171717171717173,78.73737373737373,0.37958633645779327,-0.006238393894043629,0.37963759611480297
22.171717171717173,78.93939393939394,0.4152479109217691,-0.19133604579994953,0.45720926275312257
22.171717171717173,79.14141414141415,0.2798586154803043,-0.047314926131257935,0.283830137394462
22.171717171717173,79.34343434343434,0.13514073039486496,-0.050704833377635934,0.1443398667711433
22.171717171717173,79.54545454545455,0.33313103602660415,0.04709168826694304,0.33644303272320797
22.171717171717173,79.74747474747474,0.24390112175305528,0.11201936147299518,0.2683954070717609
22.171717171717173,79.94949494949495,0.1996679174689618,0.09384323497518121,0.22062146318298048
22.171717171717173,80.15151515151516,0.4016447641991217,-0.0682701597243629,0.40740561031649786
22.171717171717173,80.35353535353535,0.2613320348231498,0.1725842677604812,0.31317688596579
22.171717171717173,80.55555555555556,0.08222398319022863,-0.12139277282996831,0.14661851420272712
22.171717171717173,80.75757575757575,0.38317251892003346,0.317115013066563,0.4973762265807744
22.171717171717173,80.95959595959596,0.27886544163201354,0.17849159105447648,0.33109693839384324
22.171717171717173,81.16161616161617,0.21603046866423808,0.1038928360017627,0.23971417305570297
22.171717171717173,81.36363636363636,0.19255140326481923,0.11488207515971312,0.22421849632056007
22.171717171717173,81.56565656565657,0.08828673430347894,0.15739465761498195,0.18046502625082367
22.171717171717173,81.76767676767676,0.3269425729057377,0.26204578994636735,0.41899814081549247
22.171717171717173,81.96969696969697,0.1769872536814537,0.18611478904017584,0.2568330248725277
22.171717171717173,82.17171717171718,0.17361342951417244,0.17630601983973485,0.2474377407337076
22.171717171717173,82.37373737373737,0.14589349073056562,0.246991980136656,0.2868622472361532
22.171717171717173,82.57575757575758,0.17866135418715676,0.12502142502473498,0.21806016645688434
22.171717171717173,82.77777777777777,0.25560306869404875,0.13767813355211783,0.2903242965792036
22.171717171717173,82.97979797979798,0.16316649976458825,0.12600765119572258,0.20615827610185886
22.171717171717173,83.18181818181819,0.25190666639334913,0.09748898159977473,0.27011306911508615
22.171717171717173,83.38383838383838,0.2857260941199803,0.20403575744656144,0.35109826427633034
22.171717171717173,83.58585858585859,0.010798549534886678,0.11930385121599481,0.11979155891391358
22.171717171717173,83.78787878787878,0.07634692416538418,0.20708909790062552,0.2207141755728657
22.171717171717173,83.98989898989899,0.023691060340806515,0.24153397791444844,0.24269307535908188
22.171717171717173,84.1919191919192,0.14621626630891324,0.06999310482889627,0.16210561759824335
22.171717171717173,84.39393939393939,0.41935552758055905,0.10677766301395848,0.4327360949020679
22.171717171717173,84.5959595959596,0.02549658190177748,0.05738258991807009,0.06279201632675484
22.171717171717173,84.79797979797979,0.0389417053247963,0.05438471123657901,0.06688911144490822
22.171717171717173,85.0,0.26898032085308726,-0.06377328178763222,0.27643705337055396
22.373737373737374,65.0,-0.04923186228679506,0.2605969320763286,0.26520659356777043
22.373737373737374,65.20202020202021,0.05273063899952536,0.2668055800729879,0.2719664277946486
22.373737373737374,65.4040404040404,-0.1249470397615236,-0.1794954613073354,0.21870158521396435
22.373737373737374,65.60606060606061,-0.28482237880311934,0.15639092370577148,0.3249336985980556
22.373737373737374,65.8080808080808,-0.07258121856166948,0.33707598942242634,0.34480176323940764
22.373737373737374,66.01010101010101,0.4811360886009265,0.288450063248375,0.5609771606243789
22.373737373737374,66.21212121212122,-0.3611126727708546,0.43077023048143437,0.5621079557386983
22.373737373737374,66.41414141414141,-0.3952163799347236,0.312308602226499,0.5037188203684446
22.373737373737374,66.61616161616162,-0.10889134699169993,0.24473914287898885,0.26787044164448026
22.373737373737374,66.81818181818181,-0.2437700528933992,0.3625698485769003,0.4368989972347465
22.373737373737374,67.02020202020202,-0.8036443578086757,0.7486450059830724,1.0983230848985708
22.373737373737374,67.22222222222223,-0.1187877870350544,0.2495343067262901,0.2763655343599409
22.373737373737374,67.42424242424242,0.19939091731193592,0.17002408496674096,0.26203993469559717
22.373737373737374,67.62626262626263,-0.12413929701343923,0.1497694667969548,0.1945288108420833
22.373737373737374,67.82828282828282,-0.26505548209259805,0.24628275719952344,0.36181432404085245
22.373737373737374,68.03030303030303,-0.3234043606604891,0.03811042169529898,0.32564211142911664
22.373737373737374,68.23232323232324,-0.36844962553336447,0.3489344456640645,0.5074547998852356
22.373737373737374,68.43434343434343,-0.18932875447779732,-0.3368076368123852,0.38637386232411947
22.373737373737374,68.63636363636364,-0.42710168404285226,0.033960976432681075,0.42844975951971487
22.373737373737374,68.83838383838383,-0.5647599414031311,0.12583682038174762,0.5786092781639924
22.373737373737374,69.04040404040404,-0.02001682955969357,0.1304506860021692,0.1319774789274987
22.373737373737374,69.24242424242425,-0.3443631082327378,0.05944459325728568,0.3494561631724878
22.373737373737374,69.44444444444444,-0.34848305258133533,-0.019373243944029714,0.3490211462323173
22.373737373737374,69.64646464646465,-0.2653171361133422,0.028080233610224114,0.2667989547112029
22.373737373737374,69.84848484848484,-0.33954983062496996,-0.15292907935798467,0.3723995042836746
22.373737373737374,70.05050505050505,-0.2935473223935253,-0.12693824120587677,0.3198176786308875
22.373737373737374,70.25252525252526,-0.28039425305029353,0.09137280030112772,0.2949066390885458
22.373737373737374,70.45454545454545,-0.4294005875542976,0.10991471631892158,0.44324497679662994
22.373737373737374,70.65656565656566,-0.35729898593427273,-0.08776510539245458,0.36792020748282944
22.373737373737374,70.85858585858585,-0.35992523079844446,-0.0905069092673808,0.37113026337183475
22.373737373737374,71.06060606060606,-0.28060700857303594,-0.1340200035723167,0.3109688965440622
22.373737373737374,71.26262626262626,-0.15792711304914311,-0.175036163800244,0.2357512071526733
22.373737373737374,71.46464646464646,-0.13610851850805633,-0.09356232984412552,0.1651648823942876
22.373737373737374,71.66666666666667,-0.25231642631396634,-0.16305148890508148,0.300415324213022
22.373737373737374,71.86868686868686,-0.3002852386379313,-0.2353587222353101,0.38152975333003475
22.373737373737374,72.07070707070707,-0.27744461981858415,-0.0923500534964853,0.2924107546706899
22.373737373737374,72.27272727272727,-0.22597654600795541,-0.06765316163760138,0.23588630656578818
22.373737373737374,72.47474747474747,-0.13801460938654658,-0.35679231961852825,0.38255560607954897
22.373737373737374,72.67676767676768,-0.1959562951460806,0.006620052424743828,0.1960680869021887
22.373737373737374,72.87878787878788,-0.1672137025160002,0.009290232020312853,0.16747158182838262
22.373737373737374,73.08080808080808,-0.08337175356271916,-0.29790625131449683,0.3093525236108135
22.373737373737374,73.28282828282828,0.018252446010386964,-0.01845371283755114,0.025955564005678836
22.373737373737374,73.48484848484848,0.0004727975156692873,-0.23369586528885755,0.23369634355419144
22.373737373737374,73.68686868686869,0.07909762794942407,-0.057706146510191327,0.09791033700422637
22.373737373737374,73.88888888888889,-0.006920229251852317,0.18615316011893465,0.18628174520109025
22.373737373737374,74.0909090909091,-0.14166384915338565,0.06090254325885038,0.15420040834041052
22.373737373737374,74.29292929292929,0.04005210943103182,-0.003914304505935766,0.04024292794567186
22.373737373737374,74.4949494949495,0.028568628895068816,-0.06401568944365975,0.07010117725039468
22.373737373737374,74.6969696969697,-0.3391566410533367,0.22674828198040387,0.4079730512566322
22.373737373737374,74.8989898989899,-0.000478154566770618,-0.027818643465182907,0.027822752488434487
22.373737373737374,75.1010101010101,0.2582892605702174,0.061502974858612273,0.2655107493913735
22.373737373737374,75.3030303030303,0.1062533828734281,-0.10275716507672784,0.14781345116955086
22.373737373737374,75.5050505050505,0.24183622000278246,0.12119094543034634,0.27050323946218346
22.373737373737374,75.70707070707071,0.2983849482702342,-0.17373944814916528,0.3452810061347233
22.373737373737374,75.9090909090909,0.2684509574420637,-0.34220573205909466,0.4349375582835559
22.373737373737374,76.11111111111111,0.07763620354429629,-0.2073248739943319,0.22138424396857379
22.373737373737374,76.31313131313131,0.2128942486539987,-0.250512208885263,0.3287557268102326
22.373737373737374,76.51515151515152,0.41888225096673143,-0.09526954870237894,0.4295795934223491
22.373737373737374,76.71717171717171,0.2892105598424477,-0.2206295879254645,0.36375838546010497
22.373737373737374,76.91919191919192,0.3271104766762945,-0.15134482436172694,0.3604254705379111
22.373737373737374,77.12121212121212,0.2732660187610992,-0.18062652522617179,0.3275671818494983
22.373737373737374,77.32323232323232,0.46937648760601564,-0.1908447144510445,0.5066912197297886
22.373737373737374,77.52525252525253,0.4614946306580851,-0.1345516683578199,0.48070931505860703
22.373737373737374,77.72727272727272,0.21175231897221053,-0.1518777693986969,0.26058760797020364
22.373737373737374,77.92929292929293,0.4374058415655187,-0.16122639891883558,0.466173596360814
22.373737373737374,78.13131313131314,0.3151958978548975,-0.1931708320610505,0.36968016498550954
22.373737373737374,78.33333333333333,0.46185088438740085,-0.08261175837020604,0.46918113989209076
22.373737373737374,78.53535353535354,0.5030397165248054,-0.054844674334765114,0.5060206465197274
22.373737373737374,78.73737373737373,0.4884160401392163,-0.13664528372805196,0.5071707422854678
22.373737373737374,78.93939393939394,0.3950760123323795,-0.034621919486597263,0.39659013203733506
22.373737373737374,79.14141414141415,0.3499083050242352,-0.0013607813170409752,0.34991095103000996
22.373737373737374,79.34343434343434,0.5923091593682064,-0.05246697935967876,0.5946283916822339
22.373737373737374,79.54545454545455,0.2879526165823383,0.06808658756783818,0.29589270488345604
22.373737373737374,79.74747474747474,0.661456133679632,0.08415777935800542,0.6667883836787185
22.373737373737374,79.94949494949495,0.41105223711904193,0.05221517884105743,0.4143553626320923
22.373737373737374,80.15151515151516,0.41205541825932573,0.1647694999164981,0.44377770991747745
22.373737373737374,80.35353535353535,0.21696743257500606,0.010842434034234287,0.21723817614309074
22.373737373737374,80.55555555555556,0.4377463680912073,0.19451740807870596,0.4790186894294424
22.373737373737374,80.75757575757575,0.2494190359936524,0.09866114638463114,0.26822355847675367
22.373737373737374,80.95959595959596,0.33961053972423627,0.4901341410710157,0.5962942184318152
22.373737373737374,81.16161616161617,0.23615077533660073,0.21589788162194887,0.3199673170511681
22.373737373737374,81.36363636363636,0.135481177380763,0.019723103587409085,0.1369092774051395
22.373737373737374,81.56565656565657,0.19302359586925144,0.16283008968246743,0.25253068460742845
22.373737373737374,81.76767676767676,0.16825425860079923,0.2297178989602753,0.28474516438392394
22.373737373737374,81.96969696969697,0.20380447937351373,0.12820201824437674,0.24077380109688115
22.373737373737374,82.17171717171718,0.17840460600855867,0.002406511730996582,0.17842083606961512
22.373737373737374,82.37373737373737,0.42451770665425476,0.20507352679069418,0.4714556550232073
22.373737373737374,82.57575757575758,0.0824548077442083,0.06919785614446472,0.10764357210314225
22.373737373737374,82.77777777777777,0.18734088621786762,0.13402806333885728,0.23034784438162376
22.373737373737374,82.97979797979798,0.06457349716663939,0.040825657189903275,0.07639679850175324
22.373737373737374,83.18181818181819,0.2009897033671109,0.14914031343687473,0.2502792319623194
22.373737373737374,83.38383838383838,0.19375497220932253,0.14683940416474814,0.24311067412043758
22.373737373737374,83.58585858585859,0.1569720076821693,-0.1255134057450238,0.20098215397762553
22.373737373737374,83.78787878787878,0.06920362427018675,0.1418900299474935,0.15786678628080633
22.373737373737374,83.98989898989899,0.1667772766387804,0.0073493001045722706,0.1669391272742114
22.373737373737374,84.1919191919192,0.18164516542494832,0.10276878662431527,0.208701676146817
22.373737373737374,84.39393939393939,0.2995586706462415,0.09692705901763282,0.3148495703175582
22.373737373737374,84.5959595959596,0.11330897858161121,0.14590331937259723,0.18473414202889007
22.373737373737374,84.79797979797979,0.32509885150671153,0.20746870211390456,0.3856585609160141
22.373737373737374,85.0,0.16578230328186194,0.11481632227148064,0.20165951487938216
22.575757575757574,65.0,-0.10504613855822177,0.34954252320463763,0.36498584459435923
22.575757575757574,65.20202020202021,-0.283676954669438,0.05526052372468175,0.289009238767297
22.575757575757574,65.4040404040404,-0.33269399203680855,0.3039787404884759,0.45065326694294383
22.575757575757574,65.60606060606061,-0.026458721677264492,0.2813631946955907,0.2826045139096398
22.575757575757574,65.8080808080808,0.6291227751581276,0.26221599015284447,0.6815810235874387
22.575757575757574,66.01010101010101,-0.2083196376466306,0.3326675968785894,0.39251089340577433
22.575757575757574,66.21212121212122,-0.2271887489402732,0.1447682075100298,0.2693929500761175
22.575757575757574,66.41414141414141,-0.43459310085948777,0.22659127707568344,0.49011709841777
22.575757575757574,66.61616161616162,-0.8288698426096102,0.30574870647361774,0.8834633481350375
22.575757575757574,66.81818181818181,-0.2644243617427722,0.20914938338375125,0.3371404865228675
22.575757575757574,67.02020202020202,-0.139235617789341,0.3294072462273258,0.3576250706092199
22.575757575757574,67.22222222222223,-0.3679239870656795,0.29098274952808684,0.4690831704306088
22.575757575757574,67.42424242424242,-0.12171181001050872,0.3433003995097793,0.36423746237805943
22.575757575757574,67.62626262626263,-0.24909753788188935,0.21812464926745115,0.3311011114400975
22.575757575757574,67.82828282828282,-0.28446872857512245,0.24172836050847873,0.3733029035666127
22.575757575757574,68.03030303030303,-0.27203379358368013,0.26597955322347083,0.3804569720539833
22.575757575757574,68.23232323232324,-0.30438901744128216,0.06282963963948804,0.31080578752027305
22.575757575757574,68.43434343434343,-0.3764916981239931,0.09792331347235247,0.38901796112479503
22.575757575757574,68.63636363636364,-0.056102441385653984,0.058334825671844726,0.08093476271414685
22.575757575757574,68.83838383838383,-0.4752988016970841,-0.053776691917477165,0.4783313532356742
22.575757575757574,69.04040404040404,-0.5005572492010084,0.1879224650296242,0.5346703775135582
22.575757575757574,69.24242424242425,-0.33992286991377474,0.05874270912262159,0.3449612490780406
22.575757575757574,69.44444444444444,-0.14497172805896932,0.05010705760525358,0.15338682850316696
22.575757575757574,69.64646464646465,-0.23392917322201398,-0.024843690604763706,0.23524469610854196
22.575757575757574,69.84848484848484,-0.34332431157356885,-0.05720786057128457,0.3480579294149302
22.575757575757574,70.05050505050505,-0.5233891650047318,-0.11629760169933916,0.536154222407479
22.575757575757574,70.25252525252526,-0.3275607848217142,-0.012718433312083614,0.32780760561483513
22.575757575757574,70.45454545454545,-0.48245715992310945,-0.37133221419948953,0.6088123885593725
22.575757575757574,70.65656565656566,0.029332418922308937,-0.08990978358419799,0.09457356916174384
22.575757575757574,70.85858585858585,0.0546013498524187,-0.22024185430192467,0.22690919283285205
22.575757575757574,71.06060606060606,-0.33503574738559,-0.2785296550564856,0.435692231709616
22.575757575757574,71.26262626262626,-0.32892179667510013,-0.15448568495220258,0.3633942420885712
22.575757575757574,71.46464646464646,-0.1920389739050802,0.045135746649790705,0.19727190150690535
22.575757575757574,71.66666666666667,-0.2370745095581999,-0.07488394786679826,0.24862004893085024
22.575757575757574,71.86868686868686,-0.3467613906944131,-0.14887397311616946,0.3773684167331937
22.575757575757574,72.07070707070707,-0.11262932671366928,-0.31652400621524374,0.3359654918983825
22.575757575757574,72.27272727272727,-0.41600275015312776,-0.26625022291357847,0.4939103859370603
22.575757575757574,72.47474747474747,0.22862768056948057,-0.05644976089913312,0.23549350697662505
22.575757575757574,72.67676767676768,-0.1901663001340129,-0.09340393759031358,0.21186674412005926
22.575757575757574,72.87878787878788,-0.16204701272346836,0.010548660351448701,0.16238998912436117
22.575757575757574,73.08080808080808,-0.308480570556364,-0.1251428519296526,0.332897875931744
22.575757575757574,73.28282828282828,0.09661319536130374,0.05910407564097871,0.11325811792227511
22.575757575757574,73.48484848484848,0.06137909164709619,-0.052548378447889135,0.08080052579609376
22.575757575757574,73.68686868686869,0.0007328675037062658,-0.03929272955239307,0.03929956348937596
22.575757575757574,73.88888888888889,0.1345852546281456,0.02655704267437798,0.13718041871539655
22.575757575757574,74.0909090909091,0.22431481606040216,-0.24057101808638276,0.3289248416391361
22.575757575757574,74.29292929292929,0.0825096949475636,-0.05035685979393351,0.09666262508666874
22.575757575757574,74.4949494949495,0.1433819243337214,0.0022683656518047435,0.14339986648658812
22.575757575757574,74.6969696969697,0.28201104148875,-0.001666292373922816,0.28201596417906
22.575757575757574,74.8989898989899,0.21094882271031737,0.07835355463335406,0.22503040978176905
22.575757575757574,75.1010101010101,-0.03499577813494654,0.1890681007008075,0.19227961719818637
22.575757575757574,75.3030303030303,0.20929001647206083,-0.03220461259402072,0.21175327168005328
22.575757575757574,75.5050505050505,0.32369924767304986,-0.09920990102198457,0.3385613790805006
22.575757575757574,75.70707070707071,0.16998041479726037,-0.03571769888621745,0.17369253129704568
22.575757575757574,75.9090909090909,0.16143216066776708,0.07068587938315829,0.1762294982176201
22.575757575757574,76.11111111111111,0.2773592076049731,-0.14610548170040458,0.313488344003674
22.575757575757574,76.31313131313131,0.1417502842279122,-0.1406337596434648,0.19967723312924218
22.575757575757574,76.51515151515152,0.29010826575030957,-0.2095536315980906,0.3578764177374649
22.575757575757574,76.71717171717171,0.410668299443871,-0.0778176299026756,0.4179761185663491
22.575757575757574,76.91919191919192,0.490893271400501,-0.0024950774706452156,0.49089961226086787
22.575757575757574,77.12121212121212,0.2425579646886427,-0.10928130546232691,0.2660390384087404
22.575757575757574,77.32323232323232,0.4592611986474582,-0.19204229301819248,0.49779623430755815
22.575757575757574,77.52525252525253,0.42368191457866383,-0.11023906607993986,0.43778878061368764
22.575757575757574,77.72727272727272,0.4098300322188997,0.15908579160727004,0.439623639491618
22.575757575757574,77.92929292929293,0.3482491117881988,-0.32748936535958284,0.4780446927692972
22.575757575757574,78.13131313131314,0.5750123122801097,-0.173235741042495,0.6005412402560384
22.575757575757574,78.33333333333333,0.2659911582592125,-0.059594776602094945,0.2725854612233217
22.575757575757574,78.53535353535354,0.7854843429460668,-0.16586521273754354,0.8028056563140826
22.575757575757574,78.73737373737373,0.39909408978734456,-0.10367337389276138,0.4123399822446246
22.575757575757574,78.93939393939394,0.39180157619635403,-0.030367780463173576,0.3929766878584618
22.575757575757574,79.14141414141415,0.16025066317724426,0.04760501058196493,0.1671721031788964
22.575757575757574,79.34343434343434,0.3692157155805813,0.0024390226177986724,0.36922377153023456
22.575757575757574,79.54545454545455,0.48797018637458234,-0.004159880140143335,0.4879879172615086
22.575757575757574,79.74747474747474,0.39437168492225083,0.06569816525104685,0.399806546701988
22.575757575757574,79.94949494949495,0.4754458083415399,0.11089007392969752,0.4882062322069169
22.575757575757574,80.15151515151516,0.7158864422007701,0.1562421510582883,0.7327380213242639
22.575757575757574,80.35353535353535,0.310260275658778,0.142328979712138,0.3413487617053255
22.575757575757574,80.55555555555556,0.22336455673634925,0.22292839813491822,0.3155769254888995
22.575757575757574,80.75757575757575,0.2154058226629869,0.13612820076754914,0.25481474737802823
22.575757575757574,80.95959595959596,0.17149344549825515,0.21597069516283152,0.2757777058030248
22.575757575757574,81.16161616161617,0.33200865001227264,0.2558769504014625,0.4191691274768745
22.575757575757574,81.36363636363636,0.21161386644116303,0.22481388747865905,0.30874214560607943
22.575757575757574,81.56565656565657,0.1992472358880146,0.21663443712105757,0.294329645730381
22.575757575757574,81.76767676767676,0.2072385685640855,0.24394814572237017,0.3200914277231959
22.575757575757574,81.96969696969697,0.5016219673690554,0.15332428154059305,0.5245311558498129
22.575757575757574,82.17171717171718,0.1441737116645108,0.16329919391782713,0.2178363740731414
22.575757575757574,82.37373737373737,0.18145256459369863,0.44489005737684306,0.480470806969998
22.575757575757574,82.57575757575758,0.17440495119300486,-0.03964286163654746,0.1788536929430557
22.575757575757574,82.77777777777777,0.23499009857079978,0.15262355594775623,0.2802040261246295
22.575757575757574,82.97979797979798,0.526875346201884,0.1604000649653723,0.5507502258522015
22.575757575757574,83.18181818181819,0.17436053687902645,0.2345288346467232,0.2922419735450272
22.575757575757574,83.38383838383838,0.14070536438881803,0.0833972341309594,0.16356374362457018
22.575757575757574,83.58585858585859,0.41982806730302313,0.22881384940333668,0.4781332280590469
22.575757575757574,83.78787878787878,0.10549212875826762,0.20165416531344688,0.227580736483152
22.575757575757574,83.98989898989899,0.056712172275073046,-0.024800332003489012,0.06189771362207852
22.575757575757574,84.1919191919192,0.11783714067187252,0.3896791027122658,0.4071061222978098
22.575757575757574,84.39393939393939,0.1815714500759202,0.11400570371312103,0.21439564352336155
22.575757575757574,84.5959595959596,0.15666058261554988,-0.18163410847100886,0.239861392277919
22.575757575757574,84.79797979797979,0.32414488773583894,0.07682682878181495,0.33312500636540326
22.575757575757574,85.0,0.2231771278694514,0.11558193458920873,0.251330885502442
22.77777777777778,65.0,-0.01643856032898375,0.21134547758325914,0.21198381344004907
22.77777777777778,65.20202020202021,0.12516937498913036,0.5288201758872447,0.5434318272429266
22.77777777777778,65.4040404040404,-0.28192920372375424,0.31567538395178807,0.423243457061558
22.77777777777778,65.60606060606061,-0.10661280130389084,0.2729838662562475,0.293063953153696
22.77777777777778,65.8080808080808,-0.3694119723028678,0.1286142890066498,0.39116088840447844
22.77777777777778,66.01010101010101,-0.2955926890003036,0.3576560242323549,0.46399662656114754
22.77777777777778,66.21212121212122,-0.20090002897260373,0.23888127135004447,0.31212991436740983
22.77777777777778,66.41414141414141,0.040666155797909914,0.14078427764938342,0.14653992309482955
22.77777777777778,66.61616161616162,-0.24337179905650105,0.3165240729552774,0.39927098734593236
22.77777777777778,66.81818181818181,-0.047246311063791596,0.3447109733984606,0.3479337136444969
22.77777777777778,67.02020202020202,-0.20475606478021657,0.3538119895327155,0.40878841715657577
22.77777777777778,67.22222222222223,-0.2309625766687488,0.051273608497920266,0.2365854914187801
22.77777777777778,67.42424242424242,-0.41523790300384267,0.24599485575838387,0.48263442184599387
22.77777777777778,67.62626262626263,-0.03618938380610993,0.5517483138547613,0.5529338779111279
22.77777777777778,67.82828282828282,-0.14061745554508065,0.011784023380824037,0.14111035401774222
22.77777777777778,68.03030303030303,-0.10099162406566735,0.3303573038877268,0.3454493542668577
22.77777777777778,68.23232323232324,-0.09878158905939241,0.19920261270708395,0.22234991173019872
22.77777777777778,68.43434343434343,-0.16179229373473317,0.1925676036903449,0.25151347539046076
22.77777777777778,68.63636363636364,-0.3315249707311251,0.04505565683809853,0.33457259067560485
22.77777777777778,68.83838383838383,-0.036104249564520755,0.013762880616185472,0.038638500481677225
22.77777777777778,69.04040404040404,-0.34867332160892855,0.10057800958714969,0.3628898196619961
22.77777777777778,69.24242424242425,-0.16695886430237727,0.13099624261919596,0.21221516899007686
22.77777777777778,69.44444444444444,-0.2782402928396858,0.04516764167503701,0.2818825578392509
22.77777777777778,69.64646464646465,-0.21247308434571469,0.14623241259172365,0.25793163835360966
22.77777777777778,69.84848484848484,-0.3963552194441481,-0.11036926641011634,0.41143509202367023
22.77777777777778,70.05050505050505,-0.4327978904634624,-0.10466423466704054,0.4452736417171586
22.77777777777778,70.25252525252526,-0.5357433795531945,0.06421954909272437,0.5395786497080394
22.77777777777778,70.45454545454545,-2.287380419198644,-0.04105292297220942,2.2877487896659296
22.77777777777778,70.65656565656566,-0.32542676080071614,-0.2574725667974619,0.414963491524881
22.77777777777778,70.85858585858585,-0.35535047897385263,-0.10358767370369194,0.3701410123862108
22.77777777777778,71.06060606060606,-0.3089645374672796,-0.12211838967278198,0.33222279649151626
22.77777777777778,71.26262626262626,-0.28529618864097506,-0.08581132070955041,0.2979219663183367
22.77777777777778,71.46464646464646,-0.33552426561583154,-0.18326178234674587,0.38231062460510973
22.77777777777778,71.66666666666667,-0.5036384733682223,-0.09461272579858096,0.512448319091507
22.77777777777778,71.86868686868686,-0.40808176639080573,-0.12133874727252955,0.42573914507630956
22.77777777777778,72.07070707070707,-0.13390715801336958,-0.1566706106245743,0.2060990228038321
22.77777777777778,72.27272727272727,-0.2531666510029432,-0.16292877495336083,0.30106334696845605
22.77777777777778,72.47474747474747,-0.1396015509875953,-0.07320093693185489,0.15762921748788697
22.77777777777778,72.67676767676768,-0.10294942551030775,-0.07977727696736911,0.13024207512639963
22.77777777777778,72.87878787878788,-0.05998226916665855,-0.07389351483342357,0.09517417795189442
22.77777777777778,73.08080808080808,-0.1491736045031668,-0.015043565554357336,0.14993022758955404
22.77777777777778,73.28282828282828,-0.05999549305750051,0.04087852912716296,0.07259830115652088
22.77777777777778,73.48484848484848,-0.06065664495636516,0.017948693821649514,0.06325649521800793
22.77777777777778,73.68686868686869,-0.08450507623912855,-0.1866842331487133,0.20491976677837617
22.77777777777778,73.88888888888889,0.05988916444503019,-0.0012584532636474785,0.05990238494868675
22.77777777777778,74.0909090909091,0.10408949397589187,-0.031402493925040076,0.10872322374207549
22.77777777777778,74.29292929292929,0.10737292588492289,0.02362067952961873,0.10994035525924997
22.77777777777778,74.4949494949495,0.3338622425370559,0.002610568845927308,0.3338724487908088
22.77777777777778,74.6969696969697,0.39906817893353036,-8.894861850633484e-05,0.3990681888464438
22.77777777777778,74.8989898989899,0.2271805874074247,0.0003203748205007975,0.22718081330695192
22.77777777777778,75.1010101010101,0.35263007259499346,-0.10486783769424368,0.3678929619889685
22.77777777777778,75.3030303030303,0.1884191215969971,0.014302424358817237,0.18896117253532185
22.77777777777778,75.5050505050505,-0.22109855808698103,0.10046526893679437,0.242853541565044
22.77777777777778,75.70707070707071,0.296542983141822,0.0036305952668663297,0.296565207117495
22.77777777777778,75.9090909090909,0.35225461647801976,-0.11050031229607185,0.3691796769157346
22.77777777777778,76.11111111111111,0.47923581211205807,-0.01886874937042916,0.47960712391863813
22.77777777777778,76.31313131313131,0.3519175910315792,-0.10957545658607559,0.36858210966284943
22.77777777777778,76.51515151515152,0.27038876222654945,-0.10913750050648748,0.29158373883879235
22.77777777777778,76.71717171717171,0.2913308733819256,-0.0913036555960912,0.30530318588361505
22.77777777777778,76.91919191919192,0.4260262025134127,-0.16448535402231548,0.45667686268941393
22.77777777777778,77.12121212121212,0.46151216331600026,-0.2771180666603403,0.5383195145619183
22.77777777777778,77.32323232323232,0.3659918471195248,-0.20117241698598085,0.41763665250303755
22.77777777777778,77.52525252525253,0.5229623814418478,0.00931558947547406,0.523045344698339
22.77777777777778,77.72727272727272,0.37411794321928127,-0.3239736787673988,0.4948971408006992
22.77777777777778,77.92929292929293,0.9852513516092655,-0.016219214994199396,0.9853848429841574
22.77777777777778,78.13131313131314,0.48920006405101163,-0.3120522868687333,0.5802528176644385
22.77777777777778,78.33333333333333,0.5517164978607539,-0.13912206085276416,0.568986855584253
22.77777777777778,78.53535353535354,0.41286220507250354,-0.058256170587511195,0.41695201377238983
22.77777777777778,78.73737373737373,0.5405158262891173,0.005265450506766859,0.5405414724496599
22.77777777777778,78.93939393939394,0.50940980181104,-0.0373079188447331,0.5107741447936537
22.77777777777778,79.14141414141415,0.6227302733346797,-0.01458636097733395,0.6229010798305346
22.77777777777778,79.34343434343434,0.619151724776937,0.0520818555947621,0.6213383763911977
22.77777777777778,79.54545454545455,0.47788575385221327,0.11006533020905537,0.4903969521203477
22.77777777777778,79.74747474747474,0.36375373978491204,0.021797119306838995,0.36440622609607826
22.77777777777778,79.94949494949495,0.5501402209465477,0.22415399083789084,0.5940532588174814
22.77777777777778,80.15151515151516,0.2811446640668419,0.08999422856819012,0.2951970245595999
22.77777777777778,80.35353535353535,0.45890540527942464,0.14434605099153783,0.48107167182398575
22.77777777777778,80.55555555555556,0.2826239097650031,0.22223163304581275,0.3595318805016676
22.77777777777778,80.75757575757575,0.4639087001713659,0.08123442898910532,0.47096742408352643
22.77777777777778,80.95959595959596,0.5693707978492336,0.38589815935781485,0.6878230112748644
22.77777777777778,81.16161616161617,0.3085782457410567,0.14857242393862252,0.3424825526937478
22.77777777777778,81.36363636363636,0.1851479559916946,0.15433969226517402,0.24104046593136824
22.77777777777778,81.56565656565657,0.3253145048369681,0.20649935946005235,0.38532001312510833
22.77777777777778,81.76767676767676,0.3762181408546231,0.2588000040114688,0.4566371990808954
22.77777777777778,81.96969696969697,0.025684303485710467,-0.5011810454339704,0.5018387427728488
22.77777777777778,82.17171717171718,0.33509487797246473,0.3459193141847385,0.481610578340448
22.77777777777778,82.37373737373737,0.41530683591469075,0.07233029208871578,0.42155834603422426
22.77777777777778,82.57575757575758,0.2125898857212968,0.1719732323451125,0.2734396682162632
22.77777777777778,82.77777777777777,0.046777912755476464,-0.016947422998376663,0.04975327394297659
22.77777777777778,82.97979797979798,0.14520193902806025,0.128738644837705,0.1940547391128526
22.77777777777778,83.18181818181819,0.1760874368010991,0.14703801058513538,0.22940567115050894
22.77777777777778,83.38383838383838,0.24254743965742528,0.14552673224124915,0.2828555996991903
22.77777777777778,83.58585858585859,0.24826329611391773,0.11376518227145499,0.27308822913960273
22.77777777777778,83.78787878787878,-0.45034560082560116,0.13947212660452257,0.4714484428678916
22.77777777777778,83.98989898989899,0.12681513759091617,0.016519326458220473,0.12788654060860455
22.77777777777778,84.1919191919192,0.059375861597039906,0.16845640165903217,0.17861425531099137
22.77777777777778,84.39393939393939,-0.04912195054050287,0.1632162891159744,0.170448006904431
22.77777777777778,84.5959595959596,0.06907647092174321,-0.006538652954991869,0.06938524927870664
22.77777777777778,84.79797979797979,0.4335792025468893,-0.22950201993127578,0.49057323819561555
22.77777777777778,85.0,0.2822912001979519,0.09638716838952141,0.29829315771460485
22.97979797979798,65.0,-0.16015767605407316,0.20460219804147362,0.2598317544921017
22.97979797979798,65.20202020202021,0.009912864216463976,0.04488318844118988,0.04596482874569874
22.97979797979798,65.4040404040404,-0.049663994114663663,0.2520189532908347,0.2568658504535573
22.97979797979798,65.60606060606061,0.7777915573929429,0.2637541782840182,0.8212953021380417
22.97979797979798,65.8080808080808,-0.03418569058275787,0.2650225917593053,0.26721832943014867
22.97979797979798,66.01010101010101,0.04143428944668709,0.34177050451010654,0.34427297032303394
22.97979797979798,66.21212121212122,-0.3293356338258265,0.39886504001569284,0.5172574599309121
22.97979797979798,66.41414141414141,-0.330366427751072,0.3806898079088883,0.5040503014885623
22.97979797979798,66.61616161616162,-0.4736112501016824,0.12324511058985906,0.4893842799959812
22.97979797979798,66.81818181818181,-0.08933367632599654,0.2580664047330721,0.2730911477469961
22.97979797979798,67.02020202020202,-0.08694738906127963,0.26689393433752934,0.2806995202182201
22.97979797979798,67.22222222222223,-0.17424822530707287,0.1998065803714812,0.26511339759131297
22.97979797979798,67.42424242424242,-0.4205454355404851,0.22885567914608304,0.47878323407503653
22.97979797979798,67.62626262626263,0.2517358931488319,0.5503173874543899,0.6051612899335722
22.97979797979798,67.82828282828282,-0.14869399534256747,0.032888198877430046,0.1522876813019913
22.97979797979798,68.03030303030303,-0.17227157956860137,0.16091431239108808,0.2357348363296304
22.97979797979798,68.23232323232324,-0.18759526091430526,0.05437837636309531,0.19531766364922734
22.97979797979798,68.43434343434343,-0.24183919421029937,0.13695333286787054,0.27792519000606014
22.97979797979798,68.63636363636364,-0.38651979273009135,0.052813100078325764,0.39011123248632057
22.97979797979798,68.83838383838383,-0.618912905849977,0.12419499374475125,0.6312508071273425
22.97979797979798,69.04040404040404,-0.2570352980663137,0.06009995977621003,0.26396808446693093
22.97979797979798,69.24242424242425,-0.30660983945157116,-0.03224235118071245,0.3083004425202446
22.97979797979798,69.44444444444444,-0.21537482153524157,-0.019987090720887155,0.2163002486055486
22.97979797979798,69.64646464646465,-0.4703124593353269,-0.03614418048439255,0.4716992804625971
22.97979797979798,69.84848484848484,-0.531662827437652,-0.00858825118481697,0.5317321883593394
22.97979797979798,70.05050505050505,-0.41920734175623203,-0.07088792492746086,0.42515866836141025
22.97979797979798,70.25252525252526,-0.3345376296492058,-0.03070699252495087,0.33594396116203157
22.97979797979798,70.45454545454545,-0.22202274406844427,-0.04019921665819244,0.22563261267736587
22.97979797979798,70.65656565656566,-0.4088682437892239,0.13529612353149437,0.4306718957883525
22.97979797979798,70.85858585858585,-0.2231300245818099,-0.29382913804018707,0.36894792346795824
22.97979797979798,71.06060606060606,-0.3929552089189679,-0.24918100106880786,0.46530094295004704
22.97979797979798,71.26262626262626,-0.28305901236212144,-0.2645625858286889,0.38744775944607296
22.97979797979798,71.46464646464646,-0.23911714301427642,-0.14478508185979833,0.27953484221552494
22.97979797979798,71.66666666666667,0.08022906602257049,-0.04924760854775577,0.09413835553336887
22.97979797979798,71.86868686868686,-0.29953365921003844,-0.2512906729449396,0.39098262788629884
22.97979797979798,72.07070707070707,-0.20593130567330314,2.3497292462898445e-05,0.20593130701385393
22.97979797979798,72.27272727272727,0.2725029182412095,-0.1633745143359693,0.31772483753161185
22.97979797979798,72.47474747474747,-0.13170775674730117,0.06528254540661584,0.14699912898440287
22.97979797979798,72.67676767676768,-0.288715233015235,-0.02551649865640778,0.28984060702172826
22.97979797979798,72.87878787878788,-0.10341375077631554,0.15285639733839296,0.18455211203586527
22.97979797979798,73.08080808080808,-0.06532911743863322,-0.10970956729861008,0.12768744159923867
22.97979797979798,73.28282828282828,0.2789241503262558,-0.1584599212440522,0.3207931237977132
22.97979797979798,73.48484848484848,0.27329033524904217,0.03797999681638882,0.2759168126423375
22.97979797979798,73.68686868686869,0.3445690668763081,-0.04755206099744248,0.3478347888770101
22.97979797979798,73.88888888888889,-0.05304244840802152,-0.03616039752672382,0.06419560485273364
22.97979797979798,74.0909090909091,0.12577574631088623,-0.12125116953506153,0.174703704808114
22.97979797979798,74.29292929292929,0.036103710741611665,0.012731182409889552,0.038282645348353954
22.97979797979798,74.4949494949495,0.10149012743838802,-0.06264859039031036,0.1192689894538942
22.97979797979798,74.6969696969697,0.32576229472759377,-0.02645130487888409,0.32683442933079027
22.97979797979798,74.8989898989899,0.1749107293877693,0.10055884806064302,0.20175689623466395
22.97979797979798,75.1010101010101,0.28295427119989536,-0.3583354285801707,0.4565823025107287
22.97979797979798,75.3030303030303,0.22958997068424208,0.001778741317875799,0.22959686095299095
22.97979797979798,75.5050505050505,0.24088414772651953,-0.1097979373517347,0.26472770854715444
22.97979797979798,75.70707070707071,0.3294906897837982,-0.11579095622819671,0.34924441326733247
22.97979797979798,75.9090909090909,0.2488754725384979,-0.16172278068557164,0.2968050852393438
22.97979797979798,76.11111111111111,0.29993383743772706,-0.11094034191120142,0.319793787155872
22.97979797979798,76.31313131313131,0.42449147177232466,0.002028293808923578,0.4244963175143097
22.97979797979798,76.51515151515152,0.5421927188819002,-0.15228216581824813,0.563172089538219
22.97979797979798,76.71717171717171,0.513786330903129,-0.17138965167496192,0.5416186910771861
22.97979797979798,76.91919191919192,0.49801644520228755,-0.31972538589236865,0.591814753175305
22.97979797979798,77.12121212121212,0.3285313345769334,-0.21215537897148154,0.39107894679391003
22.97979797979798,77.32323232323232,0.323464639482428,-0.22075640555643708,0.3916155813928951
22.97979797979798,77.52525252525253,0.3875282330948193,-0.10873054073271357,0.40249280979120716
22.97979797979798,77.72727272727272,0.5440728542020251,-0.24094423629796125,0.5950373061285703
22.97979797979798,77.92929292929293,0.4725547945318966,-0.14994423552798694,0.495773443826064
22.97979797979798,78.13131313131314,0.3662217229530986,0.06986852037062213,0.3728269846745487
22.97979797979798,78.33333333333333,0.3468135107865172,-0.1294642289223893,0.37018994831645347
22.97979797979798,78.53535353535354,0.6495965689281438,-0.2887511155961401,0.7108817828030425
22.97979797979798,78.73737373737373,0.45386382143772924,-0.1045662054498269,0.46575364704125977
22.97979797979798,78.93939393939394,0.6281699742365172,0.10192624337551429,0.6363854772234759
22.97979797979798,79.14141414141415,0.5095311042547689,-0.04878986091498691,0.5118616968783539
22.97979797979798,79.34343434343434,0.47933317778810214,-0.2032407571963693,0.5206410478575367
22.97979797979798,79.54545454545455,0.19420775226319664,0.10384432638712396,0.22022782558504883
22.97979797979798,79.74747474747474,0.3803155235446646,0.07078686165871358,0.3868470980019653
22.97979797979798,79.94949494949495,0.42725955717964853,0.07990143161597713,0.43466650201692797
22.97979797979798,80.15151515151516,0.5193674702234518,0.051155988498983826,0.5218807376073735
22.97979797979798,80.35353535353535,0.44124693654385067,-0.1391986265627735,0.4626825225208917
22.97979797979798,80.55555555555556,0.1505117598689908,0.1217719415017431,0.1936031910789817
22.97979797979798,80.75757575757575,0.2911535543595767,0.16711570221337596,0.3357053025236342
22.97979797979798,80.95959595959596,0.3448534499061666,0.014893822862608517,0.3451749235846192
22.97979797979798,81.16161616161617,0.3537421080949176,0.21215151141738997,0.41248241518411344
22.97979797979798,81.36363636363636,0.5382608121105857,0.05306320351796983,0.5408700448550805
22.97979797979798,81.56565656565657,0.1986885347214011,0.23191199725023992,0.30538550767567985
22.97979797979798,81.76767676767676,0.27632205620155836,0.18166968795331936,0.3306928397539227
22.97979797979798,81.96969696969697,0.17441372233327956,0.16028682792787335,0.23687974532519665
22.97979797979798,82.17171717171718,0.20414410436646013,0.2821425937950878,0.3482517172692823
22.97979797979798,82.37373737373737,0.11596039539418057,0.18969225552128724,0.22232850717964178
22.97979797979798,82.57575757575758,0.14655538332826593,0.4699719693223687,0.4922927303254035
22.97979797979798,82.77777777777777,0.30870015737320294,0.09229196748422094,0.3222011707370859
22.97979797979798,82.97979797979798,0.25604392220568584,0.24562296953102297,0.3548085867897071
22.97979797979798,83.18181818181819,0.1702414563945964,0.2813634040848831,0.328857900366688
22.97979797979798,83.38383838383838,0.09342235279115464,0.07803741761850558,0.12172746012958623
22.97979797979798,83.58585858585859,0.32052698279326314,-0.01249589065709654,0.32077046931079384
22.97979797979798,83.78787878787878,0.1076393766129292,0.15236801503745595,0.1865536046397239
22.97979797979798,83.98989898989899,0.04756968219399965,0.09787842446657345,0.10882582708207116
22.97979797979798,84.1919191919192,0.24510559037433247,0.12513835865169326,0.2752023968623636
22.97979797979798,84.39393939393939,0.10984958247009723,0.15400296142406933,0.18916617799236227
22.97979797979798,84.5959595959596,0.442600651764667,0.38544692019374377,0.5869111220869394
22.97979797979798,84.79797979797979,-0.2422718923234502,-0.006655157244642773,0.2423632829616243
22.97979797979798,85.0,0.24192180466509267,0.036863010167874355,0.24471420287971038
23.18181818181818,65.0,0.14884771055631824,0.28156587847112746,0.3184885945478664
23.18181818181818,65.20202020202021,0.24268206576878187,0.523848591544507,0.5773317347149446
23.18181818181818,65.4040404040404,-0.2281039800735487,0.16793653005433085,0.28325625121448433
23.18181818181818,65.60606060606061,-0.005389533189136086,0.34611654717195817,0.3461585060261197
23.18181818181818,65.8080808080808,0.18719280324602802,0.4363736801003188,0.4748295844525713
23.18181818181818,66.01010101010101,-0.17249164126443908,0.31078380261451044,0.3554432982539338
23.18181818181818,66.21212121212122,-0.25769599156768963,0.3227304223610907,0.412991706439031
23.18181818181818,66.41414141414141,0.09154401944150863,0.3520416709258802,0.36374942689136025
23.18181818181818,66.61616161616162,-0.370552106319577,0.3148846203744757,0.4862727502608518
23.18181818181818,66.81818181818181,-0.10149657723187026,0.22054802350713745,0.24278176591888004
23.18181818181818,67.02020202020202,-0.1109166181249609,0.2280076136313871,0.25355466481640265
23.18181818181818,67.22222222222223,-0.26811721192669524,0.4037603127378069,0.4846743540496815
23.18181818181818,67.42424242424242,-0.4184282540173337,0.2189601089317456,0.472256003734623
23.18181818181818,67.62626262626263,-0.03929484608575159,0.19232201403421859,0.19629529289079012
23.18181818181818,67.82828282828282,-0.2211670864002419,0.1700063597391294,0.27895706203378745
23.18181818181818,68.03030303030303,-0.36022200322196646,0.3652140503333126,0.5129728980814774
23.18181818181818,68.23232323232324,-0.38332779333990485,0.17837754512873422,0.4227987059499998
23.18181818181818,68.43434343434343,-0.4126277471240501,0.006682338779120792,0.41268185245807454
23.18181818181818,68.63636363636364,-0.33593386195740443,0.2824438416692188,0.43889188111251637
23.18181818181818,68.83838383838383,-0.39644228875147974,0.38995090220724105,0.5560829024909442
23.18181818181818,69.04040404040404,-0.23616904994467985,0.07518072770440082,0.24784665010836024
23.18181818181818,69.24242424242425,-0.40639176109595887,-0.04713313386514898,0.40911587086621926
23.18181818181818,69.44444444444444,-0.286035687845046,0.21703709919397848,0.3590564261331713
23.18181818181818,69.64646464646465,-0.3392970413247229,0.02426650383842447,0.34016370391364653
23.18181818181818,69.84848484848484,-0.464887354398084,0.010834806767963258,0.46501359691620725
23.18181818181818,70.05050505050505,-0.3135961487943182,-0.10598739569204589,0.3310224653769143
23.18181818181818,70.25252525252526,-0.34744195139015294,-0.039053337999357146,0.3496299083240583
23.18181818181818,70.45454545454545,-0.5132995579573983,-0.025139421830105545,0.5139148049328921
23.18181818181818,70.65656565656566,-0.27821435055608634,-0.26136831630720214,0.3817284658295823
23.18181818181818,70.85858585858585,-0.15644199007629642,-0.2396401066697513,0.28618434091284906
23.18181818181818,71.06060606060606,-0.4297476144836129,-0.283797688911773,0.5149991654226437
23.18181818181818,71.26262626262626,-0.3995382670933228,0.0373890791111499,0.40128390213004456
23.18181818181818,71.46464646464646,-0.3477937271294826,-0.10405636729529076,0.3630264511097083
23.18181818181818,71.66666666666667,-0.17422751825194221,-0.07977355473294344,0.19162214942683628
23.18181818181818,71.86868686868686,-0.17179073261486064,-0.1617408287786113,0.235949468120491
23.18181818181818,72.07070707070707,-0.1889371542680167,-0.18864129213219702,0.2669883618441097
23.18181818181818,72.27272727272727,-0.389841333411268,-0.1461017016627649,0.41631955570766904
23.18181818181818,72.47474747474747,-0.10665391508863917,-0.04240998417225039,0.11477658455114084
23.18181818181818,72.67676767676768,0.09426478196436419,-0.023930156533511146,0.0972548276976905
23.18181818181818,72.87878787878788,-0.10185614998509569,-0.2098216419079187,0.2332376399784588
23.18181818181818,73.08080808080808,0.2884375001337604,-0.31920754555249065,0.4302204651350961
23.18181818181818,73.28282828282828,-0.10007098479314608,-0.14727550186240523,0.17805694439221798
23.18181818181818,73.48484848484848,-0.10015984262804452,-0.11487077098837789,0.1524050133779693
23.18181818181818,73.68686868686869,-0.15178920702800694,-0.0362158315015403,0.15604983121278634
23.18181818181818,73.88888888888889,-0.04450238782975558,0.08658873125691083,0.09735538456208524
23.18181818181818,74.0909090909091,0.13985793895417262,0.019547760901817268,0.14121741409891234
23.18181818181818,74.29292929292929,-0.05863456265853481,-0.08105799300467421,0.10004204200286727
23.18181818181818,74.4949494949495,0.1959719335992922,-0.027592407239072744,0.1979048753717104
23.18181818181818,74.6969696969697,0.23533209207859862,-0.06105952810933186,0.2431243705082325
23.18181818181818,74.8989898989899,0.23919225333989452,0.007325850418404861,0.2393044131272324
23.18181818181818,75.1010101010101,0.22806174043938698,-0.07215851710338277,0.23920495196128677
23.18181818181818,75.3030303030303,0.34260964711036074,-0.026118465266703215,0.34360376092379125
23.18181818181818,75.5050505050505,0.33917669255394783,-0.07270303095358938,0.34688118928773554
23.18181818181818,75.70707070707071,0.4549766025156857,-0.11186291377099558,0.4685264350216042
23.18181818181818,75.9090909090909,0.1818296599874466,-0.11366655760240893,0.2144343992188105
23.18181818181818,76.11111111111111,0.343523518870981,-0.01920335218823877,0.34405984472583656
23.18181818181818,76.31313131313131,0.43630855689531783,-0.13299980714998308,0.4561294832851824
23.18181818181818,76.51515151515152,0.385962038166469,-0.21829856010114598,0.44341961644456884
23.18181818181818,76.71717171717171,0.21711377899445516,-0.17436392870548162,0.27846215660815277
23.18181818181818,76.91919191919192,0.5440303405361725,-0.1218211644131584,0.5575028318518943
23.18181818181818,77.12121212121212,0.40390279318220096,-0.15593989394071978,0.4329604102716861
23.18181818181818,77.32323232323232,0.2507286548075488,-0.309569045786077,0.39836899032242107
23.18181818181818,77.52525252525253,0.2434510992696315,-0.3623313572939828,0.43652313823449473
23.18181818181818,77.72727272727272,0.7082810773760045,-0.030936099322120703,0.708956364531825
23.18181818181818,77.92929292929293,0.8456382873985246,-0.1417504093425972,0.8574364650882907
23.18181818181818,78.13131313131314,1.0216397095049898,-0.018948066317051593,1.021815406643781
23.18181818181818,78.33333333333333,0.590555709873577,-0.04191244567436942,0.5920411299620081
23.18181818181818,78.53535353535354,0.6671232313070362,-0.09457613162002029,0.6737937744011506
23.18181818181818,78.73737373737373,0.4434544455120948,0.033122325269098335,0.4446897049355555
23.18181818181818,78.93939393939394,0.47183404734822487,-0.19969292143776804,0.5123520577780063
23.18181818181818,79.14141414141415,0.5708982718533353,0.1615701335008476,0.5933209459007885
23.18181818181818,79.34343434343434,0.5730671446948241,0.03892960965176059,0.5743879062413456
23.18181818181818,79.54545454545455,0.41334074918471686,0.0734082011695095,0.4198086932586392
23.18181818181818,79.74747474747474,0.31830170721157613,-0.08359797134445146,0.32909663873505557
23.18181818181818,79.94949494949495,0.44758199749082156,-0.030054580339991945,0.4485899266337652
23.18181818181818,80.15151515151516,0.4913352792648856,0.15782203166584077,0.5160602196734765
23.18181818181818,80.35353535353535,0.40139194638783565,0.07460794080457904,0.4082668728370142
23.18181818181818,80.55555555555556,0.2682418564252066,0.042550735043226325,0.2715957632054668
23.18181818181818,80.75757575757575,0.43571708090625966,0.14717698469473692,0.459902641237585
23.18181818181818,80.95959595959596,0.31470063962599076,0.09238144563250902,0.32797991413828975
23.18181818181818,81.16161616161617,0.23367414321289992,0.16229233858231032,0.2845037932414929
23.18181818181818,81.36363636363636,0.32476497498869955,0.2502286078251863,0.40998371327839545
23.18181818181818,81.56565656565657,0.5086225057559612,0.13347459563894976,0.5258443886193461
23.18181818181818,81.76767676767676,0.2914065361197131,0.14553961221855186,0.3257292556986801
23.18181818181818,81.96969696969697,0.39385820462676063,0.19025746867304322,0.4374039205787818
23.18181818181818,82.17171717171718,-0.18963035064100975,0.3096894632463345,0.363135282684064
23.18181818181818,82.37373737373737,0.11530378191172662,0.15316444871947438,0.19171413738868479
23.18181818181818,82.57575757575758,0.36882634250175433,0.10361071944838464,0.38310318728487924
23.18181818181818,82.77777777777777,0.15524473177434528,0.3049053303374049,0.3421522865798947
23.18181818181818,82.97979797979798,0.24789845061309643,0.20873023889439069,0.3240709095943096
23.18181818181818,83.18181818181819,0.05874756589211009,0.17189673228748886,0.18165836911456745
23.18181818181818,83.38383838383838,0.16559594520472265,0.14803099633952632,0.22211526950103713
23.18181818181818,83.58585858585859,0.15819805808030185,0.0005396349960300646,0.15819897846164335
23.18181818181818,83.78787878787878,0.1951191906569192,0.05186733713409781,0.2018953174890229
23.18181818181818,83.98989898989899,-0.04729028348320723,0.030203943894410827,0.056112825082139814
23.18181818181818,84.1919191919192,0.10832924196538905,0.11632101966598278,0.15895220753713918
23.18181818181818,84.39393939393939,0.13492137807178411,0.020038795370055616,0.13640136209243758
23.18181818181818,84.5959595959596,0.40913981001084715,0.09510893090221792,0.420048917238308
23.18181818181818,84.79797979797979,0.048598887862016056,0.06108714708552109,0.07806081885602341
23.18181818181818,85.0,0.1864349822817662,0.05453845044288408,0.19424841104913418
23.383838383838384,65.0,0.1853048242078137,0.17918574814020066,0.25777007237313676
23.383838383838384,65.20202020202021,-0.09222250852094144,0.25921414797159337,0.27513081540702455
23.383838383838384,65.4040404040404,-0.3308101645913315,0.20197377229533903,0.38759356250091836
23.383838383838384,65.60606060606061,0.027168846921093025,0.3045460150351322,0.3057554930280088
23.383838383838384,65.8080808080808,0.1637398075741166,0.3777303593807894,0.41169278471009063
23.383838383838384,66.01010101010101,-0.34553808728146984,0.3358485153653399,0.48186180076370405
23.383838383838384,66.21212121212122,-0.031020667500085176,0.25175214144890146,0.25365611078043937
23.383838383838384,66.41414141414141,-0.44173777569213313,0.3723999692920139,0.5777663884323198
23.383838383838384,66.61616161616162,-0.354020861581298,0.47506267311963934,0.5924654536986456
23.383838383838384,66.81818181818181,-0.10519538794673583,0.32359133786700656,0.3402608170034032
23.383838383838384,67.02020202020202,0.2490389806629201,0.34306500101576043,0.42392689088045593
23.383838383838384,67.22222222222223,-0.07650483222482028,0.20392465360349554,0.21780324538687101
23.383838383838384,67.42424242424242,-0.27692386507858047,0.23267474383286676,0.3616965074033063
23.383838383838384,67.62626262626263,-0.5112331734876281,0.22231739352855706,0.5574803863272344
23.383838383838384,67.82828282828282,-0.7163058786998351,0.03598710881545739,0.7172093026870457
23.383838383838384,68.03030303030303,-0.2540892237093596,0.2298414907986979,0.34261997095585794
23.383838383838384,68.23232323232324,-0.39281671903026727,0.20406443062348553,0.44265931210739407
23.383838383838384,68.43434343434343,-0.094747359254007,0.06252392749999859,0.11351785584494162
23.383838383838384,68.63636363636364,-0.0004862837016457733,0.18382012281375099,0.1838207660279463
23.383838383838384,68.83838383838383,-0.44382561993707326,0.12078423376789538,0.4599674032357347
23.383838383838384,69.04040404040404,-0.15173165813326314,0.11349090134683343,0.1894800273601049
23.383838383838384,69.24242424242425,-0.11855142193975222,0.002733802190516204,0.11858293856349672
23.383838383838384,69.44444444444444,-0.3916765771234143,-0.03754548061284761,0.39347198652707616
23.383838383838384,69.64646464646465,-0.24079586915070833,0.11553183201276632,0.26707724502149394
23.383838383838384,69.84848484848484,-0.2567537943178604,-0.09993252256100012,0.27551591598675923
23.383838383838384,70.05050505050505,-0.23706660143247935,0.017287905080923212,0.23769611939792587
23.383838383838384,70.25252525252526,-0.15408486682735412,-0.14304510525136385,0.2102475881468732
23.383838383838384,70.45454545454545,-0.24829521374547878,-0.17234180694354484,0.3022452838167687
23.383838383838384,70.65656565656566,-0.21375685726136506,-0.043035135717041824,0.2180459055621999
23.383838383838384,70.85858585858585,-0.13391746936448604,-0.1778504507165908,0.222631245383667
23.383838383838384,71.06060606060606,-0.28581345622201715,-0.18862529652935786,0.3424453741085768
23.383838383838384,71.26262626262626,-0.2143483666735201,-0.19476025643709768,0.2896148818397457
23.383838383838384,71.46464646464646,-0.21938909335211243,-0.2499431836929141,0.3325705479389474
23.383838383838384,71.66666666666667,-0.10613263067792476,-0.3328854593925527,0.34939499763105886
23.383838383838384,71.86868686868686,-0.17324865507320283,-0.18742732806197376,0.25523342216317274
23.383838383838384,72.07070707070707,-0.16970691406660507,-0.14951701276808066,0.2261764218239834
23.383838383838384,72.27272727272727,0.12689320749854696,-0.1451967973373637,0.19283152249125857
23.383838383838384,72.47474747474747,-0.3341405891237963,-0.02180745587406499,0.33485145726380966
23.383838383838384,72.67676767676768,-0.04050025751251064,-0.08055303920910165,0.09016131645224987
23.383838383838384,72.87878787878788,0.10741314738210747,-0.19802191399921573,0.2252781894779056
23.383838383838384,73.08080808080808,-0.14522230669538944,-0.15071686442966237,0.209296659279213
23.383838383838384,73.28282828282828,0.2242828053734906,-0.11718264317785801,0.25305048636260763
23.383838383838384,73.48484848484848,-0.48791527487701714,-0.1507102387921212,0.5106612297160353
23.383838383838384,73.68686868686869,-0.04743806204416224,-0.06100036751796685,0.0772749284556952
23.383838383838384,73.88888888888889,0.40446776884857033,0.07690252874583109,0.4117137050971754
23.383838383838384,74.0909090909091,0.12736628186175916,-0.17610644378494567,0.21733763893506644
23.383838383838384,74.29292929292929,0.07994369019798162,-0.017822484500027606,0.0819062546831717
23.383838383838384,74.4949494949495,0.15156893874980482,0.015271454775432715,0.15233634013163166
23.383838383838384,74.6969696969697,0.23519961584054047,0.008305278996812987,0.23534620657820834
23.383838383838384,74.8989898989899,0.1816242837095114,-0.2705370717084411,0.3258491792249465
23.383838383838384,75.1010101010101,0.6621020572066367,-0.005824966208949872,0.6621276798236091
23.383838383838384,75.3030303030303,0.2584350427867515,0.02234646718842732,0.25939937535775515
23.383838383838384,75.5050505050505,0.2330515913432813,-0.040304545612795666,0.23651110042594134
23.383838383838384,75.70707070707071,0.33039705706491096,-0.11794983319491385,0.3508195810781691
23.383838383838384,75.9090909090909,0.3669581640326852,-0.09909963683124268,0.38010397547292674
23.383838383838384,76.11111111111111,0.3004535137023124,-0.051503415382110895,0.304835883209454
23.383838383838384,76.31313131313131,0.45362851178986535,-0.21259632978280416,0.5009750753738222
23.383838383838384,76.51515151515152,0.4401167805565599,-0.09959738180033108,0.4512454088286683
23.383838383838384,76.71717171717171,0.298696549192246,-0.16220986205240662,0.3398994966845591
23.383838383838384,76.91919191919192,0.45021975276265663,-0.24620220560061512,0.5131406744941149
23.383838383838384,77.12121212121212,0.48687831245616214,-0.18711426199861828,0.5215958571379261
23.383838383838384,77.32323232323232,0.5870865433326349,-0.13724141973260678,0.6029144355980236
23.383838383838384,77.52525252525253,0.3692201361482066,-0.041817082092290625,0.3715806470902563
23.383838383838384,77.72727272727272,0.5485814877104848,-0.12775182946205502,0.5632603115696603
23.383838383838384,77.92929292929293,0.4027207767987741,-0.058261508789031545,0.4069132923262429
23.383838383838384,78.13131313131314,0.5362626335226608,-0.14565228754491852,0.5556907422116435
23.383838383838384,78.33333333333333,0.04091691760386307,-0.2199957613229931,0.2237684721900846
23.383838383838384,78.53535353535354,0.11820879434639542,0.03278358981666297,0.12267062738119347
23.383838383838384,78.73737373737373,-0.12309963038581424,-0.11154363465812228,0.1661189376135928
23.383838383838384,78.93939393939394,0.49236764796752347,-0.0064050110095683205,0.49240930630026053
23.383838383838384,79.14141414141415,0.6449127029636313,-0.05192102154172507,0.6469993716548674
23.383838383838384,79.34343434343434,0.46712686809991694,0.018485556408723035,0.4674924883851903
23.383838383838384,79.54545454545455,0.4017982563331376,-0.030672909510130564,0.40296732643003
23.383838383838384,79.74747474747474,0.24472190927613166,0.1797086301962467,0.30361818892610265
23.383838383838384,79.94949494949495,0.48833918685518785,0.10869266161096824,0.500289172485736
23.383838383838384,80.15151515151516,0.611409086858298,0.1981711059077694,0.6427230030966732
23.383838383838384,80.35353535353535,0.4649292411698154,0.11476082279134817,0.4788833320783754
23.383838383838384,80.55555555555556,0.3360377376053524,0.12416501257804756,0.3582433690152972
23.383838383838384,80.75757575757575,0.2970194545796771,0.11018360317284356,0.31679801578759853
23.383838383838384,80.95959595959596,0.2901578556009446,0.15243480224053654,0.32776203273266735
23.383838383838384,81.16161616161617,0.324288539162693,0.08979696765328937,0.33649153337342586
23.383838383838384,81.36363636363636,0.4865287373378219,0.14445240046438684,0.5075201555164671
23.383838383838384,81.56565656565657,0.3385725248630564,0.21579012472833722,0.40149312886077676
23.383838383838384,81.76767676767676,0.15831837865107684,0.20887525145077343,0.26209460064512885
23.383838383838384,81.96969696969697,0.32357919640417404,-1.257388867181775,1.2983567536152143
23.383838383838384,82.17171717171718,0.47255606808414274,0.06310840634224607,0.476751411570226
23.383838383838384,82.37373737373737,0.28137548266386864,0.09205601677199743,0.2960514692891277
23.383838383838384,82.57575757575758,0.15116631946548859,0.21090916190271863,0.25948782382849744
23.383838383838384,82.77777777777777,0.18983876121124424,0.3140465493143702,0.3669659253861085
23.383838383838384,82.97979797979798,-0.05734881318442714,0.18901684342402159,0.19752532362115854
23.383838383838384,83.18181818181819,0.22370778373622802,0.10416410413909713,0.24676979777775812
23.383838383838384,83.38383838383838,0.2127554644753227,-0.9140459004522161,0.938480045497832
23.383838383838384,83.58585858585859,0.13941919923564713,0.3071458239631337,0.33730738250667064
23.383838383838384,83.78787878787878,0.2830605286831566,-0.06659785371334272,0.29078950637464884
23.383838383838384,83.98989898989899,0.05055642703819913,0.19904127325487458,0.20536158543844174
23.383838383838384,84.1919191919192,0.04569750273565429,0.13759380244666392,0.14498384816249948
23.383838383838384,84.39393939393939,0.01512175834709487,0.1010220515707248,0.1021475524869104
23.383838383838384,84.5959595959596,0.21963386431960102,0.028248899153212992,0.221443073179834
23.383838383838384,84.79797979797979,0.06309933354441759,0.1393638951315451,0.15298307475007147
23.383838383838384,85.0,0.16274745873594995,0.06086028454995136,0.1737547396778309
23.585858585858585,65.0,-0.16877338880184334,0.23326298410362142,0.2879167874935126
23.585858585858585,65.20202020202021,-0.17802129832223257,0.16093357129431252,0.23998165976981428
23.585858585858585,65.4040404040404,0.08805880377120799,0.21455904418943408,0.23192657537483635
23.585858585858585,65.60606060606061,-0.09669708237083192,0.4409499475449744,0.45142793663988845
23.585858585858585,65.8080808080808,-0.02739294551952034,0.21827250250310243,0.21998467858740134
23.585858585858585,66.01010101010101,-0.1212407891919895,0.5536330726638058,0.5667529515680207
23.585858585858585,66.21212121212122,0.13391520692070774,0.3559828330270998,0.3803380865159523
23.585858585858585,66.41414141414141,-0.20838407885329957,0.10578576518791448,0.2336975661745983
23.585858585858585,66.61616161616162,0.061290131351744576,0.7040934832493526,0.7067560493942167
23.585858585858585,66.81818181818181,-0.19439916850301941,0.3532020655766463,0.4031658912188318
23.585858585858585,67.02020202020202,-0.1106358494066869,0.26678034522826166,0.2888114329005166
23.585858585858585,67.22222222222223,-0.24418360395793698,0.2562493063101998,0.353962341819501
23.585858585858585,67.42424242424242,-0.22224070517009492,0.1979656319301792,0.2976261454577138
23.585858585858585,67.62626262626263,0.02669452618468448,0.21021231699305767,0.21190048594520627
23.585858585858585,67.82828282828282,-0.31313183215414,0.153324016278096,0.3486542675428688
23.585858585858585,68.03030303030303,-0.2886203377508994,0.22918364017702025,0.3685469309168551
23.585858585858585,68.23232323232324,-0.3417040397096793,0.5825328862149178,0.6753563609501256
23.585858585858585,68.43434343434343,-0.38433265676032363,0.07238065028171749,0.3910889279788588
23.585858585858585,68.63636363636364,-0.6210863703149635,0.17824048610706195,0.6461562893593915
23.585858585858585,68.83838383838383,-0.2514676743365947,0.01952776956541276,0.2522247510068263
23.585858585858585,69.04040404040404,-0.22167032074547374,0.012490102157082782,0.2220219217809259
23.585858585858585,69.24242424242425,-0.22883664680729304,-0.042024796271398684,0.23266347892107678
23.585858585858585,69.44444444444444,-0.4199916808376788,-0.18813545218563477,0.46020425936963244
23.585858585858585,69.64646464646465,-0.21931031497695602,-0.08989406166348642,0.23701889498023224
23.585858585858585,69.84848484848484,-0.22594575407771955,-0.049997787764854605,0.23141145729442344
23.585858585858585,70.05050505050505,-0.20385258555979197,-0.08508658113614194,0.2208972678166246
23.585858585858585,70.25252525252526,-0.2587319569765276,0.0027393773804493485,0.2587464584285865
23.585858585858585,70.45454545454545,-0.3203734197057919,-0.07343758315459929,0.32868253174388834
23.585858585858585,70.65656565656566,-0.30601373268186793,-0.0504804773597235,0.31014945298090607
23.585858585858585,70.85858585858585,-0.2418263707973059,-0.09891040092395535,0.2612723885601647
23.585858585858585,71.06060606060606,-0.15775718076269313,-0.25617817632106993,0.30085642108052507
23.585858585858585,71.26262626262626,-0.07145723495415113,-0.23469929710178447,0.24533629264208842
23.585858585858585,71.46464646464646,-0.24696500377388267,0.0035296905247158604,0.24699022613098306
23.585858585858585,71.66666666666667,-0.3109639574419563,-0.16119536804429288,0.35026065937655326
23.585858585858585,71.86868686868686,-0.23898087863932993,-0.07317876453055473,0.24993397514832696
23.585858585858585,72.07070707070707,0.10580931977644376,-0.13088607978770933,0.1683056090382859
23.585858585858585,72.27272727272727,-0.24834051875099072,0.16695451047846707,0.2992437498472036
23.585858585858585,72.47474747474747,-0.06284877364172141,-0.007082844546619447,0.06324662074087369
23.585858585858585,72.67676767676768,-0.025811208549649453,-0.015392168492741201,0.030052243472034362
23.585858585858585,72.87878787878788,-0.12559173748255573,-0.15309443313308518,0.19801815568333092
23.585858585858585,73.08080808080808,-0.04854696174493281,-0.12499607846065006,0.13409260652700042
23.585858585858585,73.28282828282828,-0.10369725802054006,0.02434154365551723,0.10651587707244357
23.585858585858585,73.48484848484848,0.13034690430936963,-0.10960111862659083,0.17030185162597616
23.585858585858585,73.68686868686869,-0.06392094569797022,-0.03098283357287486,0.07103395860521444
23.585858585858585,73.88888888888889,0.21531048167612657,-0.07040755448044958,0.22652996986607116
23.585858585858585,74.0909090909091,0.08781988462315328,0.02293622460872748,0.09076564622436151
23.585858585858585,74.29292929292929,0.16187011902870138,0.019868577208579083,0.1630849342970074
23.585858585858585,74.4949494949495,0.08706545486013338,-0.12100731859363724,0.14907435924136636
23.585858585858585,74.6969696969697,-0.0139769935844126,-0.21131831414530497,0.2117800421259579
23.585858585858585,74.8989898989899,0.22856165451184793,-0.048440586875929885,0.23363843941029447
23.585858585858585,75.1010101010101,0.13600819143254753,-0.07381690163950429,0.1547487095403666
23.585858585858585,75.3030303030303,0.1975578128058513,-0.03619234467260718,0.20084565022308196
23.585858585858585,75.5050505050505,0.3826264738428593,-0.09559360187624703,0.3943870626745947
23.585858585858585,75.70707070707071,0.34690785495559706,-0.06217065991168524,0.3524347468450692
23.585858585858585,75.9090909090909,0.46550461780769953,0.08742131950209514,0.47364230839714877
23.585858585858585,76.11111111111111,0.37667031307231275,-0.07281267242956509,0.3836433369893569
23.585858585858585,76.31313131313131,0.54883237631115,-0.2404605857096972,0.5991980228331819
23.585858585858585,76.51515151515152,0.02958165664511434,-0.21917927084361316,0.22116651459343337
23.585858585858585,76.71717171717171,0.388547603392889,-0.1475324746503717,0.41561408924484305
23.585858585858585,76.91919191919192,0.4850795348654238,-0.20379367420718025,0.5261501846356402
23.585858585858585,77.12121212121212,0.2689473961806741,0.03219337955882256,0.27086733948518577
23.585858585858585,77.32323232323232,0.16509060382441718,-0.10495891047556577,0.1956304688930855
23.585858585858585,77.52525252525253,0.8082185514986502,-0.3197768808559067,0.8691803498218934
23.585858585858585,77.72727272727272,0.4374144829085585,-0.2694111312142338,0.5137254008517534
23.585858585858585,77.92929292929293,0.42672709430664707,-0.14359194411341597,0.45023844730283136
23.585858585858585,78.13131313131314,0.3696136558444485,0.186733047543338,0.4141056454958335
23.585858585858585,78.33333333333333,0.3492130010191871,-0.8749996566106439,0.9421115216096084
23.585858585858585,78.53535353535354,0.5783100588809044,-0.14307643377154108,0.5957460785465711
23.585858585858585,78.73737373737373,0.5492622848688686,-0.12253356541961608,0.5627641888338432
23.585858585858585,78.93939393939394,0.5234933974830533,-0.021827810966204588,0.5239482708626172
23.585858585858585,79.14141414141415,0.4144330771430537,-0.029309229721852036,0.41546817733389474
23.585858585858585,79.34343434343434,0.5748219598716416,-0.0386222167206639,0.5761180097645734
23.585858585858585,79.54545454545455,1.2303849138850336,0.07840270462830116,1.232880375547001
23.585858585858585,79.74747474747474,0.30779354343079635,0.04513861486484491,0.31108577583940145
23.585858585858585,79.94949494949495,0.24675700489257665,0.027573717018031643,0.2482928298073579
23.585858585858585,80.15151515151516,0.2580554466421484,0.18849958410215986,0.3195695648029799
23.585858585858585,80.35353535353535,0.3605891539996733,0.2360966702123008,0.4310060042128601
23.585858585858585,80.55555555555556,0.2953837567043935,0.12893271764220643,0.322296772250988
23.585858585858585,80.75757575757575,0.10091058008007574,0.31484359809400425,0.33061977622773303
23.585858585858585,80.95959595959596,0.24677126211612388,0.26893139673406513,0.364993358783033
23.585858585858585,81.16161616161617,0.2955122935857576,0.18622893400007332,0.3492974828410858
23.585858585858585,81.36363636363636,0.25307165306479795,0.44116588287405334,0.5085986608289412
23.585858585858585,81.56565656565657,0.38829544911470637,0.4424958983735571,0.5887070373968811
23.585858585858585,81.76767676767676,0.3402379473249211,0.1923127018495159,0.390827373775861
23.585858585858585,81.96969696969697,0.5307243271756231,0.22134738444802554,0.5750330217109274
23.585858585858585,82.17171717171718,0.15882339217502517,0.1701753294159068,0.23277567021446688
23.585858585858585,82.37373737373737,0.22486544994430538,0.19681553293118245,0.29883243562511796
23.585858585858585,82.57575757575758,0.24280170128727813,0.19204910234036693,0.30957313167931316
23.585858585858585,82.77777777777777,0.2068190080409098,0.12745179849277496,0.24293633533514256
23.585858585858585,82.97979797979798,0.09381420287187757,0.11453226511865028,0.14804980382862584
23.585858585858585,83.18181818181819,0.5790613339583728,0.29384774665261165,0.649352390230811
23.585858585858585,83.38383838383838,0.06543096808961188,0.20236872301902414,0.21268359513957422
23.585858585858585,83.58585858585859,0.14149123869609248,0.1235629236462928,0.18784985155111036
23.585858585858585,83.78787878787878,0.027736666887805433,0.07911164965212175,0.08383302333045814
23.585858585858585,83.98989898989899,0.4545044749677869,0.13166029069824106,0.4731899723287561
23.585858585858585,84.1919191919192,0.2381666209569306,0.13290946685219007,0.27274212310711315
23.585858585858585,84.39393939393939,0.12955656097976861,0.123776070456894,0.17917984850605967
23.585858585858585,84.5959595959596,0.09496656449203286,0.20905519019366536,0.22961428726960575
23.585858585858585,84.79797979797979,0.19478255998451627,0.1363897291475962,0.23778646700574935
23.585858585858585,85.0,0.196994859507852,0.047999916686437986,0.20275839483094982
23.78787878787879,65.0,0.16490898716248042,0.24143263933605283,0.2923776554111612
23.78787878787879,65.20202020202021,0.004657697422323685,0.17313148785842908,0.17319412874965276
23.78787878787879,65.4040404040404,0.04785015628117977,0.19059468027375287,0.19650946441529835
23.78787878787879,65.60606060606061,0.04053567471455583,0.4137688305654993,0.4157496675550146
23.78787878787879,65.8080808080808,-0.3681390810586682,0.5346995389981444,0.649176385897969
23.78787878787879,66.01010101010101,-0.13663803923503767,0.4554138087584896,0.4754699685299902
23.78787878787879,66.21212121212122,-0.25390060812423104,0.28807006334085367,0.38399203142650995
23.78787878787879,66.41414141414141,-0.3399967563099106,0.3273851883473585,0.471994550657628
23.78787878787879,66.61616161616162,-0.387281018237201,0.3155920044520706,0.49958472791001024
23.78787878787879,66.81818181818181,-0.14094219644065897,0.24433524533100862,0.2820716484308224
23.78787878787879,67.02020202020202,-0.07608413671603856,0.2856556010810214,0.2956144757767868
23.78787878787879,67.22222222222223,-0.21753003761922113,0.23741025983890124,0.3219983676098287
23.78787878787879,67.42424242424242,0.3317852573467192,0.7897097986576791,0.8565763381559058
23.78787878787879,67.62626262626263,-0.20333991525829817,0.2700839292207805,0.33807166394211075
23.78787878787879,67.82828282828282,-1.4339083135555637,0.28205627869935973,1.4613859161896599
23.78787878787879,68.03030303030303,-0.19024004576924936,0.31312867240661435,0.36638891972522164
23.78787878787879,68.23232323232324,-0.189892588700087,0.15415527536077656,0.2445874979731737
23.78787878787879,68.43434343434343,-0.3654928933620884,0.6064365505218845,0.7080609754160111
23.78787878787879,68.63636363636364,-0.3390197080342276,0.11890732379676,0.35926774707468584
23.78787878787879,68.83838383838383,-0.17609514179617725,-0.016991240874054604,0.1769129764337707
23.78787878787879,69.04040404040404,-0.23107751292368767,0.10176559187099349,0.252493668569829
23.78787878787879,69.24242424242425,-0.31899972970113016,0.06695788534361392,0.3259512018064708
23.78787878787879,69.44444444444444,-0.1266159680853158,0.1157082289285071,0.1715225863143205
23.78787878787879,69.64646464646465,-0.12901814540223433,0.3552222078811499,0.37792657860355755
23.78787878787879,69.84848484848484,-0.3144717324482643,-0.10951808623802003,0.3329965190842858
23.78787878787879,70.05050505050505,0.05216569211427901,-0.08644353434323372,0.10096407313253353
23.78787878787879,70.25252525252526,-0.290084657911794,0.025428132027463572,0.2911970100365192
23.78787878787879,70.45454545454545,-0.13697966441464673,-0.11863763298943786,0.18121345541787395
23.78787878787879,70.65656565656566,-0.09355900319733124,-0.06846590620456519,0.11593475489123421
23.78787878787879,70.85858585858585,-0.5524711592387869,-0.11759690158923124,0.5648481327348408
23.78787878787879,71.06060606060606,0.09882506078468176,0.038738932644012986,0.10614658516171596
23.78787878787879,71.26262626262626,-0.10349748478097326,-0.337128766910567,0.35265781550197806
23.78787878787879,71.46464646464646,-0.17032540988414646,-0.12648020644572774,0.2121508611218828
23.78787878787879,71.66666666666667,-0.1438497107468628,-0.09078276143170833,0.17010070268850322
23.78787878787879,71.86868686868686,-0.05998206648665809,-0.15677923702095187,0.16786178082244235
23.78787878787879,72.07070707070707,-0.06633200693524373,-0.10729338923197515,0.12614200932655759
23.78787878787879,72.27272727272727,-0.027018807798297666,-0.16148584675751643,0.16373055511367884
23.78787878787879,72.47474747474747,-0.062399786629400406,0.2912198993577932,0.29783009108106906
23.78787878787879,72.67676767676768,0.07551799721160841,0.07364798493314537,0.10548456563670963
23.78787878787879,72.87878787878788,-0.05041512502878151,-0.042634590765594615,0.06602570076430388
23.78787878787879,73.08080808080808,-0.026265586018988017,-0.12619499417236768,0.12889940869951566
23.78787878787879,73.28282828282828,0.00590289259597435,-0.08362243092233959,0.08383051410054138
23.78787878787879,73.48484848484848,-0.08200551312837742,-0.052364445837387974,0.09729819819146303
23.78787878787879,73.68686868686869,0.3573800638301324,-0.22604122430787604,0.4228653983359634
23.78787878787879,73.88888888888889,-0.008562784958785007,-0.06655131695483828,0.0670999185891737
23.78787878787879,74.0909090909091,0.1592083019737198,-0.09893780329820324,0.18744591843736982
23.78787878787879,74.29292929292929,0.12044856711898114,-0.10121064420386587,0.15732594134845412
23.78787878787879,74.4949494949495,0.117165389008553,-0.02369531540946619,0.11953742658213636
23.78787878787879,74.6969696969697,0.16454916811795772,-0.0012981885446656759,0.1645542889802919
23.78787878787879,74.8989898989899,0.3106897110470532,-0.05454944999697417,0.31544213264158893
23.78787878787879,75.1010101010101,0.20713484299104454,0.01180524605892241,0.20747097873060794
23.78787878787879,75.3030303030303,0.1982277628049139,0.009161472661838792,0.19843935730589035
23.78787878787879,75.5050505050505,0.26638517934533684,-0.017318246549379343,0.26694753311913627
23.78787878787879,75.70707070707071,0.06350987560347107,-0.0969020402206682,0.11585987095667062
23.78787878787879,75.9090909090909,-0.019172764625552157,-0.018865975733614596,0.026898326040260552
23.78787878787879,76.11111111111111,0.24216212443324708,-0.0971979843654503,0.2609404964253915
23.78787878787879,76.31313131313131,0.3552897991131979,-0.14925427053593399,0.38536694023632895
23.78787878787879,76.51515151515152,0.26776424715919195,-0.13550927107841307,0.3001007407603848
23.78787878787879,76.71717171717171,0.09416388626109745,-0.16022157426232442,0.18584345652965678
23.78787878787879,76.91919191919192,0.27858989607979057,-0.19323969323520665,0.3390485352267213
23.78787878787879,77.12121212121212,0.3161883423873271,-0.21311827734465685,0.3813062653563401
23.78787878787879,77.32323232323232,0.28372510812758345,-0.15232558340065855,0.32202953333562423
23.78787878787879,77.52525252525253,0.28713135751596275,-0.09849870630537888,0.30355627421088316
23.78787878787879,77.72727272727272,0.6185000248966824,-0.22739151851985134,0.6589758595669197
23.78787878787879,77.92929292929293,0.4011759287832383,-0.1596399913498687,0.4317719915340504
23.78787878787879,78.13131313131314,0.5358841404278464,-0.1566461714328189,0.5583098019797359
23.78787878787879,78.33333333333333,0.2574740673163781,0.1637790641628489,0.3051499257717383
23.78787878787879,78.53535353535354,0.23491213704697245,-0.08013878104160128,0.24820543176733517
23.78787878787879,78.73737373737373,0.578937051305993,-0.057779053458174606,0.5818131387253133
23.78787878787879,78.93939393939394,0.4922668308879918,-0.03680481786281477,0.49364078783101145
23.78787878787879,79.14141414141415,0.28282954513125685,-0.046021847678062375,0.28654940597191336
23.78787878787879,79.34343434343434,0.6684057090369281,-0.07957597623248326,0.6731259375974984
23.78787878787879,79.54545454545455,0.47538514544039745,-0.059992056450722746,0.47915559408460895
23.78787878787879,79.74747474747474,0.3689719946146576,-0.040485697085832724,0.37118650901998673
23.78787878787879,79.94949494949495,0.5518772478834684,0.10299428786431727,0.5614056644389234
23.78787878787879,80.15151515151516,0.4122524262966203,0.4140076620822957,0.5842554297995858
23.78787878787879,80.35353535353535,0.1815842736243471,0.20361189218848397,0.27281981428821583
23.78787878787879,80.55555555555556,0.4382410672799611,0.2262086396066124,0.4931790564119219
23.78787878787879,80.75757575757575,0.16757424324717238,0.3062377886962139,0.3490883988696981
23.78787878787879,80.95959595959596,0.30469895138079117,-0.01444556132059202,0.30504118609528896
23.78787878787879,81.16161616161617,0.260041151112396,0.1454929413379417,0.2979758316559008
23.78787878787879,81.36363636363636,0.22896163289228785,0.264688248645759,0.34997613962649216
23.78787878787879,81.56565656565657,-0.04849618875787043,0.11026117305072466,0.12045499826308931
23.78787878787879,81.76767676767676,0.5655777113474176,0.1860152327344161,0.5953820742869421
23.78787878787879,81.96969696969697,0.12073131784037175,0.10298602049810941,0.15868891431196408
23.78787878787879,82.17171717171718,0.09161817047728567,0.2902619908728073,0.30437791067528314
23.78787878787879,82.37373737373737,0.3843099633002003,0.04218469874636431,0.38661828293566614
23.78787878787879,82.57575757575758,0.3535145103405297,0.26866260551637844,0.4440181354676334
23.78787878787879,82.77777777777777,0.15702234403026227,0.022190252299660776,0.1585825457668045
23.78787878787879,82.97979797979798,0.1409676881412933,0.4503579403431715,0.47190482465222217
23.78787878787879,83.18181818181819,0.15335067388527626,0.2777211517613633,0.31724669788151705
23.78787878787879,83.38383838383838,0.09041889102808001,-0.07090643032881801,0.11490560350445635
23.78787878787879,83.58585858585859,0.1250005367082648,0.17475172205925138,0.21485646031718036
23.78787878787879,83.78787878787878,0.1686500773803767,0.1264909946207892,0.2108146586947017
23.78787878787879,83.98989898989899,0.27834451952146244,0.18529999646541592,0.3343826554080174
23.78787878787879,84.1919191919192,0.1041614461604071,-0.0262020586469066,0.10740649302329594
23.78787878787879,84.39393939393939,0.19151857410627157,0.08324887701683507,0.20882945135268532
23.78787878787879,84.5959595959596,0.16952524662370128,0.23824612467718828,0.29240387337811563
23.78787878787879,84.79797979797979,0.24634451590440842,0.14783335915277362,0.28729831637963055
23.78787878787879,85.0,0.14651835158731058,0.1546286993392443,0.2130203323892092
23.98989898989899,65.0,0.1147430903128475,0.22330987753252507,0.25106429092591726
23.98989898989899,65.20202020202021,-0.03372078161358155,0.24208105180210956,0.24441834373517574
23.98989898989899,65.4040404040404,0.03668214124853848,0.19512036797916588,0.1985385037893225
23.98989898989899,65.60606060606061,0.31160208155880104,0.22917383847631462,0.3868029284710053
23.98989898989899,65.8080808080808,2.449579510946411,0.3578368057612002,2.475578106222027
23.98989898989899,66.01010101010101,-0.4589551752251006,0.2484658641361678,0.5218957161223259
23.98989898989899,66.21212121212122,-0.09788738371617424,0.4062754282976036,0.41790149979295216
23.98989898989899,66.41414141414141,0.11542219771865085,0.35551308080747057,0.37378046277383525
23.98989898989899,66.61616161616162,-0.3725731789557189,0.22321164933482762,0.4343204048579162
23.98989898989899,66.81818181818181,-0.3531310843818551,0.43917892463726016,0.5635420930172342
23.98989898989899,67.02020202020202,0.30162364818468973,0.20414972982347307,0.36421688227104265
23.98989898989899,67.22222222222223,-0.6742677026802097,0.25027085222877354,0.7192165420462493
23.98989898989899,67.42424242424242,0.15187409679399938,0.09624230658347845,0.17980078657642562
23.98989898989899,67.62626262626263,-0.23993868979902966,0.3053658280342945,0.38835404438932436
23.98989898989899,67.82828282828282,-0.09387855274193728,0.20466095008293228,0.2251650220477621
23.98989898989899,68.03030303030303,-0.0348807804562596,0.22561583203322372,0.2282962384913111
23.98989898989899,68.23232323232324,-0.2387760210501368,0.21639036402883785,0.3222402486857722
23.98989898989899,68.43434343434343,-0.1642254816456666,0.11101091966967344,0.19822571252907095
23.98989898989899,68.63636363636364,-0.03251726193318283,0.09932099584611338,0.10450852854908489
23.98989898989899,68.83838383838383,-0.16245016351938513,0.20472839646823457,0.2613499032866276
23.98989898989899,69.04040404040404,-0.13609686856303857,0.009673753622463742,0.13644024018526618
23.98989898989899,69.24242424242425,-0.12636230520020877,-0.14532490982032412,0.19257923457578713
23.98989898989899,69.44444444444444,-0.17071211475289205,0.034991624106120126,0.17426141248420027
23.98989898989899,69.64646464646465,-0.2412399330938732,-0.10092646993532917,0.2615011618573488
23.98989898989899,69.84848484848484,-0.28807256717775276,-0.26155710911040997,0.38909886312680975
23.98989898989899,70.05050505050505,-0.18859459973633752,-0.1557345394414237,0.24458366630816072
23.98989898989899,70.25252525252526,-0.16597162722277534,-0.2873427569033904,0.33183194690658824
23.98989898989899,70.45454545454545,-0.09936504231208526,-0.1581087993663245,0.18673993699994426
23.98989898989899,70.65656565656566,-0.2836039251054426,-0.18019935371074305,0.33601040670339805
23.98989898989899,70.85858585858585,-0.0899984592394472,-0.2817146908433848,0.295741254650849
23.98989898989899,71.06060606060606,-0.026462488169879433,-0.19570583388748272,0.1974868013253949
23.98989898989899,71.26262626262626,-0.2778816047832519,-0.1087861896987404,0.29841685834765724
23.98989898989899,71.46464646464646,-0.10307944448232936,-0.1985254177379448,0.22369111149710688
23.98989898989899,71.66666666666667,-0.13279958943943243,-0.04873227605293325,0.1414587066411294
23.98989898989899,71.86868686868686,0.17686630947709392,-0.2100184063043876,0.2745713430325204
23.98989898989899,72.07070707070707,0.07424804856331864,-0.05092775686062427,0.09003559926115773
23.98989898989899,72.27272727272727,0.2474806991442721,-0.15938973443488313,0.29436675065666007
23.98989898989899,72.47474747474747,-0.1098574909329079,-0.15651427863507764,0.19122078268517953
23.98989898989899,72.67676767676768,0.08766484569368485,-0.12649078061563196,0.15389945663078058
23.98989898989899,72.87878787878788,0.011702294265764173,-0.25509721872658625,0.2553654923695101
23.98989898989899,73.08080808080808,0.08420722247711161,-1.108600777127597,1.1117942882409595
23.98989898989899,73.28282828282828,0.05849669181257616,-0.08033090657038364,0.09937261948562703
23.98989898989899,73.48484848484848,0.10393411168000076,-0.09703432545963483,0.1421898726636929
23.98989898989899,73.68686868686869,0.007453613243493383,-0.024440997551680804,0.025552274100456244
23.98989898989899,73.88888888888889,0.11117421356301124,-0.1626795443057308,0.19703892990187058
23.98989898989899,74.0909090909091,0.10930384392398299,-0.07615225997530833,0.1332159787559487
23.98989898989899,74.29292929292929,0.2260609246610402,-0.07043172658805716,0.23677873588812684
23.98989898989899,74.4949494949495,0.0873583022378463,-0.08475118098361896,0.12171374469630386
23.98989898989899,74.6969696969697,0.16421976552706768,0.002989488647165729,0.1642469738903479
23.98989898989899,74.8989898989899,0.24101692222089938,-0.07314446669546046,0.25187153432851117
23.98989898989899,75.1010101010101,0.2690390976025521,0.14873266027141002,0.3074141185277707
23.98989898989899,75.3030303030303,0.2814840328898935,-0.037962100020963875,0.2840323604978142
23.98989898989899,75.5050505050505,0.393468581654165,-0.05812251263254381,0.3977382948920817
23.98989898989899,75.70707070707071,0.7414416622394281,-0.08735229951599399,0.7465695967122543
23.98989898989899,75.9090909090909,0.22363382882488633,-0.03565298325445909,0.2264579974516716
23.98989898989899,76.11111111111111,0.24569920001385254,-0.07789256500571151,0.25775055493755217
23.98989898989899,76.31313131313131,0.5611224010496086,-0.17499304799549278,0.5877762463781866
23.98989898989899,76.51515151515152,-0.007597950496936033,-0.08440552814118567,0.08474681134146804
23.98989898989899,76.71717171717171,0.27753767738447827,-0.18039219158637443,0.3310113368954392
23.98989898989899,76.91919191919192,0.22010033443374866,-0.2212317426459082,0.3120699299387773
23.98989898989899,77.12121212121212,0.36032841775359353,-0.1780840108639976,0.4019334317598085
23.98989898989899,77.32323232323232,0.347597718016344,-0.13958870676924226,0.37457867081252677
23.98989898989899,77.52525252525253,0.5188197438270442,-0.07439679356849258,0.5241267112808053
23.98989898989899,77.72727272727272,0.39282291406230063,0.024298322262994887,0.39357369103789697
23.98989898989899,77.92929292929293,0.32959068919932183,-0.22338625296021322,0.3981600688397674
23.98989898989899,78.13131313131314,-0.013230145693554492,-0.08655248789233073,0.08755780899168696
23.98989898989899,78.33333333333333,0.38713647898117476,-0.11862865914450124,0.4049042011740108
23.98989898989899,78.53535353535354,0.6491484613049395,0.04081364267640944,0.6504302254993137
23.98989898989899,78.73737373737373,0.25304683692332475,0.018983005334998537,0.2537578691754175
23.98989898989899,78.93939393939394,0.756126407856516,-0.10379640916436722,0.7632174259104775
23.98989898989899,79.14141414141415,0.3362488928796179,-0.18738852351924556,0.3849386661657823
23.98989898989899,79.34343434343434,0.15314307075429343,-0.009166616537292298,0.1534171665062169
23.98989898989899,79.54545454545455,0.33047439564154707,0.04702906024878495,0.33380392250920243
23.98989898989899,79.74747474747474,0.4694550962066069,-0.01893686059008637,0.4698368781219317
23.98989898989899,79.94949494949495,0.4121766400383922,-0.049601734041541036,0.4151504722546587
23.98989898989899,80.15151515151516,0.17341898595911898,0.062416613533199904,0.184309463501042
23.98989898989899,80.35353535353535,0.25268013047714577,0.10484145233101705,0.2735671370337167
23.98989898989899,80.55555555555556,0.2581991291939854,0.11888340622424212,0.2842535040980331
23.98989898989899,80.75757575757575,0.1743753055132003,0.15057220209448435,0.23038822716537444
23.98989898989899,80.95959595959596,0.37519673294184036,0.14433147513234895,0.40200020289063354
23.98989898989899,81.16161616161617,0.07795979999028704,0.18024188423770485,0.19637939619034311
23.98989898989899,81.36363636363636,0.19775838874465526,0.3691870616245367,0.4188167460714073
23.98989898989899,81.56565656565657,0.27056500205014883,-0.0977019868650229,0.287664906743541
23.98989898989899,81.76767676767676,0.43863726837446665,0.1720368172779606,0.47116803765338783
23.98989898989899,81.96969696969697,0.3924989433824417,0.08031436144856743,0.4006317725932683
23.98989898989899,82.17171717171718,0.5667152308321344,0.07138539571378168,0.5711935114988025
23.98989898989899,82.37373737373737,0.1602939235436831,0.22096871509654656,0.27298592450243087
23.98989898989899,82.57575757575758,0.2616717953570015,0.21900063878091083,0.3412233993614791
23.98989898989899,82.77777777777777,0.05673500116959547,0.5643131404024633,0.5671579857399561
23.98989898989899,82.97979797979798,-0.019911534796116903,0.10065912451771368,0.10260959295606606
23.98989898989899,83.18181818181819,0.13447055951656012,0.1245192325766366,0.18326857520636552
23.98989898989899,83.38383838383838,0.08352303219925951,0.23620611358314653,0.2505382705332917
23.98989898989899,83.58585858585859,0.10746037275751084,0.15859246289960238,0.19157061622739782
23.98989898989899,83.78787878787878,0.0890081450780038,0.12256796956470323,0.1514772492932222
23.98989898989899,83.98989898989899,-0.1901312118236257,0.09682766894659577,0.2133669964712255
23.98989898989899,84.1919191919192,0.458740528651238,0.13239166524012191,0.4774624861203965
23.98989898989899,84.39393939393939,0.13418151554611707,-0.00015218994835514317,0.13418160185373118
23.98989898989899,84.5959595959596,-0.049090505973124705,0.09430380926101355,0.10631597348392675
23.98989898989899,84.79797979797979,0.17930692452756283,-0.042198452605011344,0.18420554439481593
23.98989898989899,85.0,-0.029773847151210335,0.18657000855965059,0.188930807620493
24.19191919191919,65.0,-0.1387838611922791,0.12805555631861767,0.1888363991170888
24.19191919191919,65.20202020202021,0.038055805676778645,0.2746763086529377,0.2773000520752072
24.19191919191919,65.4040404040404,0.28003058184959007,0.3083923733757875,0.4165608991820657
24.19191919191919,65.60606060606061,0.3249540530983402,0.22849625400238852,0.39724762393016644
24.19191919191919,65.8080808080808,0.22954648201721345,0.6575436640890322,0.6964590853669071
24.19191919191919,66.01010101010101,0.12960131287582602,0.06233958881015732,0.14381489711485818
24.19191919191919,66.21212121212122,-0.032846343594567715,0.43632502558321323,0.4375596076396039
24.19191919191919,66.41414141414141,-0.0877602069060838,0.11699076585242624,0.14624873746783545
24.19191919191919,66.61616161616162,-0.042199393081910175,0.1081731796318865,0.11611298621667583
24.19191919191919,66.81818181818181,0.08224030299775789,0.14820586759625487,0.16949468023251246
24.19191919191919,67.02020202020202,-0.19078210894959324,0.19994356436462404,0.2763607099898338
24.19191919191919,67.22222222222223,-0.06505971957488813,0.17650695817214898,0.18811558519789856
24.19191919191919,67.42424242424242,-0.28966422541588255,0.28817965037375637,0.4085986715290735
24.19191919191919,67.62626262626263,-0.3017769521438861,0.25789568668090324,0.39696286231065486
24.19191919191919,67.82828282828282,-0.13773517687925613,0.053093131225472254,0.1476138866546274
24.19191919191919,68.03030303030303,-0.027952278045809974,0.19939622844719715,0.20134593556095715
24.19191919191919,68.23232323232324,0.0045913586699757,0.04592177322274645,0.046150729467232844
24.19191919191919,68.43434343434343,-1.0273649512838658,0.14443815287368977,1.0374686130828554
24.19191919191919,68.63636363636364,-0.23294322381528837,0.1579183790707577,0.28142629580370604
24.19191919191919,68.83838383838383,-0.030488686220917743,0.11862126812005538,0.12247679469143388
24.19191919191919,69.04040404040404,-0.22755689232088344,0.04222144428618272,0.2314406826820846
24.19191919191919,69.24242424242425,-0.18605067396328642,-0.34087523531829916,0.38834363563150986
24.19191919191919,69.44444444444444,-0.12495246195087795,-0.038620793481328776,0.13078487464807637
24.19191919191919,69.64646464646465,-0.7759285124068197,-0.013409972106855912,0.7760443825695582
24.19191919191919,69.84848484848484,0.014685442201753385,0.02697469586741564,0.030713131227548415
24.19191919191919,70.05050505050505,-0.4310808306804063,-0.03817700971173824,0.43276802868354225
24.19191919191919,70.25252525252526,-0.1636961234520227,-0.05085546071360165,0.17141382300623406
24.19191919191919,70.45454545454545,-0.11934057903902377,-0.14474833743802565,0.18760131928225351
24.19191919191919,70.65656565656566,-0.15345879057356202,-0.016657856109653917,0.15436024285569877
24.19191919191919,70.85858585858585,-0.28146877364056694,-0.0792948537153722,0.29242493799343955
24.19191919191919,71.06060606060606,-0.18099956037951226,-0.19782996694942503,0.26813716020124345
24.19191919191919,71.26262626262626,-0.13173871562300712,-0.08355460790845422,0.15600147979020923
24.19191919191919,71.46464646464646,-0.04614654871608834,-0.01790173936000348,0.049497234574467
24.19191919191919,71.66666666666667,-0.2486165339339637,-0.20579681643212666,0.322742173567286
24.19191919191919,71.86868686868686,-0.07246855249181564,-0.2570576533327707,0.2670773824890643
24.19191919191919,72.07070707070707,0.05302762535880255,-0.22373981518493385,0.22993789150590618
24.19191919191919,72.27272727272727,-0.23868471624549847,-0.20275141635464014,0.313174920137304
24.19191919191919,72.47474747474747,-0.05314293701536946,-0.188088396268029,0.1954518267126164
24.19191919191919,72.67676767676768,-0.168482750166888,-0.2647126758746948,0.31378215034086826
24.19191919191919,72.87878787878788,0.22196734461918713,-0.04866907739360107,0.22724035990914404
24.19191919191919,73.08080808080808,0.11322755782672413,-0.1176214519514524,0.16326446585393892
24.19191919191919,73.28282828282828,0.007161662696939533,-0.08962073106681473,0.08990642273795052
24.19191919191919,73.48484848484848,-0.3926839515011644,-0.06943999339974527,0.39877637649430225
24.19191919191919,73.68686868686869,-0.1225704885508111,-0.006083047481319207,0.1227213434176977
24.19191919191919,73.88888888888889,0.05701147122121804,-0.07951266909909739,0.09783952370116246
24.19191919191919,74.0909090909091,-0.24573939151394433,0.019731717946057343,0.2465303008450409
24.19191919191919,74.29292929292929,0.19391483763222778,-0.08672678116235878,0.2124252782149924
24.19191919191919,74.4949494949495,0.15387764056328268,-0.040608702079796784,0.1591458291942598
24.19191919191919,74.6969696969697,0.11213510892921305,0.025559991299702343,0.11501128557583963
24.19191919191919,74.8989898989899,0.36107589092695824,-0.011330108028804645,0.36125360947212837
24.19191919191919,75.1010101010101,0.25073082188768514,0.12384041348231806,0.27964690782475243
24.19191919191919,75.3030303030303,0.2780794280605653,-0.09925274690515776,0.2952613690930637
24.19191919191919,75.5050505050505,0.0733642031801783,-0.28250236651991045,0.2918730775484651
24.19191919191919,75.70707070707071,0.12764923009309978,-0.35070708762686326,0.3732154702783333
24.19191919191919,75.9090909090909,0.33353613574290236,-0.26710677826752777,0.4273083018650188
24.19191919191919,76.11111111111111,0.06793241264542735,-0.18093807843943813,0.1932702794461292
24.19191919191919,76.31313131313131,0.34547845581289827,-0.2876303506408576,0.44954041202170847
24.19191919191919,76.51515151515152,0.07007948234960544,-0.04963370857990236,0.0858757176027271
24.19191919191919,76.71717171717171,0.1905609717203219,0.22496786229552868,0.29482880288196617
24.19191919191919,76.91919191919192,0.21740982453877128,-0.13814713219591454,0.25758816343134794
24.19191919191919,77.12121212121212,0.3445815615476899,-0.07256248073636151,0.35213884501608056
24.19191919191919,77.32323232323232,0.24161608492598632,-0.10347973393367485,0.2628428957189933
24.19191919191919,77.52525252525253,0.3201722491931281,-0.11827817823353742,0.34132095833633036
24.19191919191919,77.72727272727272,0.6756838772551794,-0.05607717556324515,0.6780068964263885
24.19191919191919,77.92929292929293,-0.08416188595421405,-0.21822241989397256,0.23388939178969065
24.19191919191919,78.13131313131314,0.5210502200515907,-0.11995196303347486,0.534679161040895
24.19191919191919,78.33333333333333,0.2773507067925669,-0.2610891317134985,0.38090805879797945
24.19191919191919,78.53535353535354,0.40567783969748034,-0.033776095406057464,0.4070814835416782
24.19191919191919,78.73737373737373,0.3286460938435199,-0.10474319367423864,0.3449338945648612
24.19191919191919,78.93939393939394,0.29647932407248334,-0.18695078132890347,0.3505004768070424
24.19191919191919,79.14141414141415,0.5039921955616425,0.05786609234046358,0.5073032799320344
24.19191919191919,79.34343434343434,0.26294945039789097,0.012299237620774096,0.2632369364481459
24.19191919191919,79.54545454545455,0.34477540145211405,-0.04230666113018497,0.3473613838964411
24.19191919191919,79.74747474747474,0.2681154459706406,-0.0788992246133091,0.2794834163463315
24.19191919191919,79.94949494949495,0.20753473066670414,0.0653586304159943,0.21758312205397726
24.19191919191919,80.15151515151516,0.2828022504600267,0.010523715152477091,0.28299798841310897
24.19191919191919,80.35353535353535,0.1599270181626374,0.059602246991799925,0.17067243182442815
24.19191919191919,80.55555555555556,0.07375420350759199,0.1883473083637495,0.20227306074440224
24.19191919191919,80.75757575757575,0.2115443895363892,0.24177254899925033,0.321255341113449
24.19191919191919,80.95959595959596,0.4492877795270385,0.09466350915672905,0.45915214123229664
24.19191919191919,81.16161616161617,0.04720116614755865,0.2321448290288399,0.2368948537442693
24.19191919191919,81.36363636363636,0.09278740802423423,0.17909605561181996,0.2017049831401491
24.19191919191919,81.56565656565657,0.2753698625542312,0.19743298530650544,0.33883380128047286
24.19191919191919,81.76767676767676,0.4210196057946534,0.17012956953147645,0.45409424010050037
24.19191919191919,81.96969696969697,0.09203983939370958,0.24679612848047094,0.2634001918537057
24.19191919191919,82.17171717171718,0.2752632576962652,0.1601493119824268,0.31846139980538485
24.19191919191919,82.37373737373737,0.4592773234568847,0.1879490790058372,0.4962464268293147
24.19191919191919,82.57575757575758,0.21209286904855718,0.21037534538155253,0.29873260793836337
24.19191919191919,82.77777777777777,0.17256489751235768,0.1634055443831251,0.23765524565764581
24.19191919191919,82.97979797979798,0.27032791461841366,0.2246835367192455,0.35151084349506045
24.19191919191919,83.18181818181819,-0.004837690544849414,0.11665952397583348,0.11675978667364802
24.19191919191919,83.38383838383838,0.1072882277307219,0.1369391635696969,0.17396292228163865
24.19191919191919,83.58585858585859,0.24651177750452172,0.14125650100091747,0.28411521522695865
24.19191919191919,83.78787878787878,0.16037866060105707,0.1786780294108924,0.24009821525856617
24.19191919191919,83.98989898989899,0.22919050821348114,0.19384462831472968,0.30017333156299786
24.19191919191919,84.1919191919192,0.36022469408038604,0.04409150866296371,0.362913063090162
24.19191919191919,84.39393939393939,0.20994097073640383,0.06852804533535933,0.22084226088144596
24.19191919191919,84.5959595959596,0.05419659385604444,0.19803554633304865,0.2053176767768087
24.19191919191919,84.79797979797979,0.2809329714406442,0.26048922749146275,0.38311613393534977
24.19191919191919,85.0,-0.3955197223059929,0.2999034521628921,0.4963647160629267
24.393939393939394,65.0,0.040026701205527364,0.28853589261006274,0.29129898409311733
24.393939393939394,65.20202020202021,0.1493356237938907,0.34142705874645146,0.37265743649921074
24.393939393939394,65.4040404040404,-0.08923044771696978,0.2501532091768166,0.2655912288861043
24.393939393939394,65.60606060606061,-0.23403203350940216,0.4724648965428824,0.5272514306986966
24.393939393939394,65.8080808080808,0.037367892976735206,0.2558622958551893,0.25857663054848784
24.393939393939394,66.01010101010101,0.2633151253992988,0.4156357805589275,0.49202434629282055
24.393939393939394,66.21212121212122,0.007456446621199694,0.3453761977099401,0.3454566782402541
24.393939393939394,66.41414141414141,-0.08742459368317712,0.5024574250329056,0.510006395598493
24.393939393939394,66.61616161616162,-0.09481542146123699,0.20817087735566078,0.22874675588059729
24.393939393939394,66.81818181818181,0.13847102093166658,0.41745558293994045,0.4398219950907225
24.393939393939394,67.02020202020202,0.04248610494215826,0.39262803786873174,0.3949200491666716
24.393939393939394,67.22222222222223,-0.06589063964616479,0.23798877036933935,0.24694175672593502
24.393939393939394,67.42424242424242,-0.1803506461896156,0.22792741343777767,0.2906497228236207
24.393939393939394,67.62626262626263,0.22164643866989292,0.21575885381113943,0.30932026570036314
24.393939393939394,67.82828282828282,-0.03993614342177641,0.14001282999087766,0.14559700585334545
24.393939393939394,68.03030303030303,-0.023180499179594753,0.03929862637512908,0.04562584330384682
24.393939393939394,68.23232323232324,-0.4841449810275828,0.030327569439351634,0.48509393329776573
24.393939393939394,68.43434343434343,-0.17160520646403415,0.18838222457652826,0.2548258413543754
24.393939393939394,68.63636363636364,-0.15725876438044872,0.10058563257188526,0.18667562362116752
24.393939393939394,68.83838383838383,-0.12549561957453145,0.03514522507674704,0.13032397084991976
24.393939393939394,69.04040404040404,-0.3562539135868263,0.10678598648042575,0.37191410010179443
24.393939393939394,69.24242424242425,-0.08441811056017963,-0.016241148794667024,0.08596622769856326
24.393939393939394,69.44444444444444,0.06662883351694852,-0.03925851873500125,0.07733455081071905
24.393939393939394,69.64646464646465,0.022267597688071378,-0.10689161966841594,0.10918637397649529
24.393939393939394,69.84848484848484,-0.14473603014294306,-0.09681316684566157,0.17413014585712844
24.393939393939394,70.05050505050505,-0.1743402664140197,-0.5038213343908564,0.5331326903132977
24.393939393939394,70.25252525252526,0.010487629336828156,-0.12032033603932338,0.12077654421998668
24.393939393939394,70.45454545454545,0.23021330808327672,-0.11503938321087728,0.25735622570317734
24.393939393939394,70.65656565656566,0.08174016270237353,-0.2521340916371512,0.26505292747732834
24.393939393939394,70.85858585858585,-0.11212525080273676,-0.2249350413744572,0.251332140216299
24.393939393939394,71.06060606060606,-0.11496555572868815,-0.0396890150855158,0.12162358703172836
24.393939393939394,71.26262626262626,-0.12356530858808029,-0.02468938274052022,0.12600774224854364
24.393939393939394,71.46464646464646,-0.004948978423152001,-0.12477917925895914,0.12487728361864812
24.393939393939394,71.66666666666667,0.1529566982827553,-0.16015628481424662,0.22146283461353944
24.393939393939394,71.86868686868686,-0.10311148504366029,-0.02426832338383204,0.10592889061899605
24.393939393939394,72.07070707070707,0.028125707453354076,-0.1398877201326023,0.14268717413856413
24.393939393939394,72.27272727272727,0.19036318248789427,-0.35422232109273327,0.40213380112500213
24.393939393939394,72.47474747474747,0.20402161395978088,-0.12534532206739546,0.23944992947781996
24.393939393939394,72.67676767676768,0.02440459253330945,-0.09351471869527958,0.09664671101167455
24.393939393939394,72.87878787878788,0.06881831910369413,-0.12402420041217768,0.14183780642740457
24.393939393939394,73.08080808080808,0.008123358184017496,0.039821369210940136,0.04064148611972568
24.393939393939394,73.28282828282828,0.020300311889517825,-0.05813727709004009,0.06157958793509257
24.393939393939394,73.48484848484848,-0.009587153245410717,-0.012822463949764534,0.016010280731267652
24.393939393939394,73.68686868686869,-0.35305597958610446,-0.03849558815082413,0.3551484689937177
24.393939393939394,73.88888888888889,0.01685291294661763,-0.17491334269168518,0.1757233568037134
24.393939393939394,74.0909090909091,0.22251732929194154,0.13143209252294133,0.25843443419981277
24.393939393939394,74.29292929292929,0.10460154438839746,-0.14333534708924148,0.1774443710395774
24.393939393939394,74.4949494949495,0.08383092526021758,-0.09156994335284332,0.12414780930659679
24.393939393939394,74.6969696969697,0.1503720985924517,0.014386476587577472,0.15105872614219587
24.393939393939394,74.8989898989899,0.18795572389917678,0.005703857207186001,0.18804225092649668
24.393939393939394,75.1010101010101,0.29406402353030914,-0.04833040321145461,0.298009190813666
24.393939393939394,75.3030303030303,0.28960882135516514,-0.07629633208625361,0.2994902330570128
24.393939393939394,75.5050505050505,0.3143780490849469,0.07217564724044838,0.3225567884900811
24.393939393939394,75.70707070707071,-0.15120331017498864,0.04605613628989495,0.15806204066070767
24.393939393939394,75.9090909090909,0.3787951877355761,-0.19704726873753145,0.42698175648211395
24.393939393939394,76.11111111111111,0.21748557179070407,-0.24866692045992728,0.3303561884816951
24.393939393939394,76.31313131313131,0.31334547725540984,-0.2110273911883644,0.37778029057666246
24.393939393939394,76.51515151515152,0.2785766335246667,-0.2615940493107702,0.38214707558836836
24.393939393939394,76.71717171717171,0.2976363437648827,-0.013053646579511025,0.2979224577280978
24.393939393939394,76.91919191919192,0.2989355945252407,-0.04835229499964139,0.30282079536566087
24.393939393939394,77.12121212121212,0.16796969286486368,-0.07236999374549061,0.18289678432339643
24.393939393939394,77.32323232323232,0.30669956484059185,-0.04090365645534767,0.3094151453707874
24.393939393939394,77.52525252525253,0.2274354141851039,-0.18321093001035432,0.29204984591813893
24.393939393939394,77.72727272727272,0.21553616984047427,-0.038196400631837844,0.2188945077673938
24.393939393939394,77.92929292929293,0.37855810694847064,-0.11127081546080302,0.3945724707955711
24.393939393939394,78.13131313131314,-0.03320126180016418,-0.34145938935740283,0.3430697281391255
24.393939393939394,78.33333333333333,0.2813352655467982,-0.13327640617272205,0.3113071346477685
24.393939393939394,78.53535353535354,0.3911810125110491,-0.09783394081342187,0.40322954321856636
24.393939393939394,78.73737373737373,0.2773166839583909,-0.10665355464094874,0.2971187034153654
24.393939393939394,78.93939393939394,0.06329551697187191,-0.03091870476981484,0.07044351477162036
24.393939393939394,79.14141414141415,0.24516265866440334,0.05094158577694156,0.2503992299606136
24.393939393939394,79.34343434343434,0.11562178744166438,0.038701263927354554,0.12192696814396795
24.393939393939394,79.54545454545455,0.21649094745142847,0.025313142780190735,0.21796578980617
24.393939393939394,79.74747474747474,0.18843770179359057,0.09247960097395437,0.209907703654611
24.393939393939394,79.94949494949495,0.4203111498823136,-0.057063756006889774,0.4241671073586524
24.393939393939394,80.15151515151516,0.28288342085272,-0.13945089853888007,0.3153879878762635
24.393939393939394,80.35353535353535,0.1211485072756945,0.17370173968825686,0.21177642736115826
24.393939393939394,80.55555555555556,0.31303755778100545,0.195032834096181,0.3688228829087002
24.393939393939394,80.75757575757575,0.1540049836148968,-0.23653189467548405,0.2822496628465638
24.393939393939394,80.95959595959596,0.3281284505171735,0.1172897014714935,0.3484611228100966
24.393939393939394,81.16161616161617,0.3960622407053214,0.18013573516334092,0.43510249550577995
24.393939393939394,81.36363636363636,0.19817504883345285,-0.20687982292416823,0.28648317771428855
24.393939393939394,81.56565656565657,0.13898702893130574,0.15578517169848524,0.20877359491151687
24.393939393939394,81.76767676767676,0.26308455694354443,0.234953753761914,0.35272758682727834
24.393939393939394,81.96969696969697,0.13457869167695935,-0.11102725644192359,0.17446626013789243
24.393939393939394,82.17171717171718,0.19974886021260826,0.20091763189924508,0.2833151989643984
24.393939393939394,82.37373737373737,0.2135326415153479,0.22630388836124654,0.31114247360323793
24.393939393939394,82.57575757575758,0.15584043477715187,0.15538388839534242,0.2200690661687552
24.393939393939394,82.77777777777777,0.1514331382355777,0.3479875477740628,0.3795093263171292
24.393939393939394,82.97979797979798,0.18021901886402872,0.12204004413221713,0.21765262950882686
24.393939393939394,83.18181818181819,0.18021965361133704,0.14323892280364806,0.23020971429055673
24.393939393939394,83.38383838383838,0.07551445440546727,0.16660810406819918,0.18292264257153976
24.393939393939394,83.58585858585859,0.1193897299452355,0.2423045138840472,0.2701210563154614
24.393939393939394,83.78787878787878,0.14998512165834038,0.2028625052354243,0.2522870047173649
24.393939393939394,83.98989898989899,0.09014853675911523,0.12601313093864736,0.1549389165083138
24.393939393939394,84.1919191919192,0.11611449902087159,0.0637112094756424,0.13244506444453555
24.393939393939394,84.39393939393939,0.23761130730828514,0.031131027063054685,0.23964197087896136
24.393939393939394,84.5959595959596,0.05047033401334025,0.03611645881676784,0.062061688769170766
24.393939393939394,84.79797979797979,0.1675939998696969,0.35227438326478416,0.3901089461892767
24.393939393939394,85.0,0.13069143987416523,0.0526399986161802,0.14089436436811092
24.595959595959595,65.0,0.1978594525897068,0.28656584408133584,0.34823604921539486
24.595959595959595,65.20202020202021,0.14030277468743793,0.5516024011822854,0.569166124760651
24.595959595959595,65.4040404040404,-0.007406889418908717,0.11831844830469715,0.11855006208389447
24.595959595959595,65.60606060606061,0.18607781913541616,0.2841814513913122,0.33968228109376764
24.595959595959595,65.8080808080808,-0.3982212730299483,0.4547539875751359,0.604467841583884
24.595959595959595,66.01010101010101,-0.3524954953219208,0.27823323448565146,0.44907327575195766
24.595959595959595,66.21212121212122,0.19468428010480693,0.4152417776072205,0.45861498317252053
24.595959595959595,66.41414141414141,-0.18684945286464685,0.49809593523927886,0.5319889836619831
24.595959595959595,66.61616161616162,-0.13456011755239441,0.24983374357169763,0.28376632052229694
24.595959595959595,66.81818181818181,0.02572283119084443,0.3142808626838389,0.3153317692427623
24.595959595959595,67.02020202020202,-0.10722715680335829,0.4522050791421127,0.4647441196594707
24.595959595959595,67.22222222222223,-0.6742233206984098,0.2559295494533135,0.7211636571936823
24.595959595959595,67.42424242424242,-0.03678291180141062,0.2731261214632499,0.27559183737213316
24.595959595959595,67.62626262626263,-0.00753829173790611,0.26014685551459704,0.2602560513733704
24.595959595959595,67.82828282828282,0.2711002333624862,0.1470348722343115,0.30840653394854456
24.595959595959595,68.03030303030303,-0.0970488788042819,0.21850598630067006,0.23908858384790524
24.595959595959595,68.23232323232324,0.004613421806947387,0.21298945084764695,0.21303940910815314
24.595959595959595,68.43434343434343,-0.012176720109497116,0.1608382463857833,0.16129852452232465
24.595959595959595,68.63636363636364,0.11290342299979023,0.09427749277411662,0.14708986562249343
24.595959595959595,68.83838383838383,0.16411185734604988,0.05503015448709403,0.17309251752875876
24.595959595959595,69.04040404040404,-0.005069100589075344,0.06350949175899018,0.06371146933062684
24.595959595959595,69.24242424242425,-0.06616729268722257,0.13060854007985262,0.14641277732270175
24.595959595959595,69.44444444444444,0.018374866635825753,-0.0798239735793302,0.08191155279860093
24.595959595959595,69.64646464646465,-0.08663308821487345,-0.0033965293160030247,0.08669964466501874
24.595959595959595,69.84848484848484,0.055340058607734,-0.11447672698313038,0.12715126073884445
24.595959595959595,70.05050505050505,0.12805574465225072,-0.2647719379291343,0.29411299334302077
24.595959595959595,70.25252525252526,-0.13219535417063094,0.03062805781449474,0.135697050777777
24.595959595959595,70.45454545454545,-0.09522801690078324,-0.1342836704156496,0.16462223222625388
24.595959595959595,70.65656565656566,0.3775317464305983,-0.2026621902152918,0.42848825293792675
24.595959595959595,70.85858585858585,0.25861253916134225,-0.2112815637132097,0.33394661935191955
24.595959595959595,71.06060606060606,-0.23796518967579114,-0.13823552950591123,0.2752026400949215
24.595959595959595,71.26262626262626,-0.10325234695320522,-0.28359216498433537,0.30180384886851186
24.595959595959595,71.46464646464646,-0.026135885592178137,0.10774363122663734,0.11086827583032509
24.595959595959595,71.66666666666667,0.043286017238789234,-0.21465183166977864,0.21897280225541196
24.595959595959595,71.86868686868686,0.26486262124842586,-0.14156731999038605,0.30032235052331263
24.595959595959595,72.07070707070707,-0.18562901524110775,-0.03541525040531934,0.18897717126852884
24.595959595959595,72.27272727272727,0.023952095327370058,-0.28043930870014255,0.2814603146711544
24.595959595959595,72.47474747474747,-0.2876861300444407,-0.10490480986250361,0.3062161467856241
24.595959595959595,72.67676767676768,0.09081081843551377,-0.21507726098376306,0.23346270138333783
24.595959595959595,72.87878787878788,-0.0184334983721638,-0.11068489777639208,0.11220935993938709
24.595959595959595,73.08080808080808,0.006607088615536895,-0.05502446634128077,0.05541972136447726
24.595959595959595,73.28282828282828,-0.014013894947619086,-0.03429063022286937,0.037043711648327926
24.595959595959595,73.48484848484848,0.10919642929486267,-0.03116403163829518,0.11355640465733585
24.595959595959595,73.68686868686869,0.004634660432262853,-0.48693740798574936,0.48695946378851956
24.595959595959595,73.88888888888889,0.15845203505723704,-0.12716904893944841,0.20317237612909808
24.595959595959595,74.0909090909091,0.06573465674720351,0.1207176004203204,0.13745466215779226
24.595959595959595,74.29292929292929,0.17166031298852183,-0.1394484517816315,0.22116313833822146
24.595959595959595,74.4949494949495,0.17626179583324336,-0.003895118357063576,0.17630482868422945
24.595959595959595,74.6969696969697,0.07331769063175461,-0.015535224269455403,0.07494549321123956
24.595959595959595,74.8989898989899,0.21659816613545646,-0.04229327744032538,0.22068866506888643
24.595959595959595,75.1010101010101,0.369350329261722,-0.03181424674460589,0.3707179683016041
24.595959595959595,75.3030303030303,0.21904988644222845,-0.06308045861417784,0.22795174272053323
24.595959595959595,75.5050505050505,0.2311037951354546,-0.0038966677492851005,0.2311366438831335
24.595959595959595,75.70707070707071,0.42562142298110756,-0.060759563630579806,0.42993641422080237
24.595959595959595,75.9090909090909,0.2481277583191753,-0.18777218414307711,0.3111684071147981
24.595959595959595,76.11111111111111,0.2827778403172578,-0.19317356796790686,0.3424607048055938
24.595959595959595,76.31313131313131,0.6143649170879681,-0.14048752993463298,0.6302229743635505
24.595959595959595,76.51515151515152,0.09123511947392587,-0.22148878775968472,0.23954358711657509
24.595959595959595,76.71717171717171,0.2796855332129542,-0.06251300431573557,0.28658658935336395
24.595959595959595,76.91919191919192,0.31074578169929185,-0.15573691643024373,0.34758729548575945
24.595959595959595,77.12121212121212,0.06849069684345849,-0.19943152857908358,0.2108646725876394
24.595959595959595,77.32323232323232,0.2414067096308662,-0.12863792133103122,0.2735414306081803
24.595959595959595,77.52525252525253,0.19056014981368016,-0.21078108227163966,0.2841510783731358
24.595959595959595,77.72727272727272,0.12550099378752833,-0.03922943139858699,0.13148934454743344
24.595959595959595,77.92929292929293,0.1834816408567801,-0.22626944630778562,0.2913131903363257
24.595959595959595,78.13131313131314,0.31762718846693894,-0.13398825469683556,0.3447316104596682
24.595959595959595,78.33333333333333,0.3311461311551702,-0.18180239811161952,0.3777696019244706
24.595959595959595,78.53535353535354,0.36065548177273465,0.019529814596135876,0.3611838731046595
24.595959595959595,78.73737373737373,0.2866381442973275,-0.275017966421199,0.39723583375706084
24.595959595959595,78.93939393939394,0.19372073902548975,0.04357193853855981,0.19856041538179242
24.595959595959595,79.14141414141415,0.15745046697118797,-0.0564194266937802,0.16725370327110844
24.595959595959595,79.34343434343434,0.007442311686398438,-0.05710376057480331,0.057586695295197866
24.595959595959595,79.54545454545455,0.3545183935234178,0.01266788859020266,0.3547446500622084
24.595959595959595,79.74747474747474,0.2982374663278862,0.02337609396533455,0.2991521821594374
24.595959595959595,79.94949494949495,0.08990034444670758,0.11593969630338141,0.14671088954319983
24.595959595959595,80.15151515151516,0.22849691268051095,-0.06387414015774259,0.2372567067237847
24.595959595959595,80.35353535353535,0.240436606220267,0.09889854076712737,0.2599820820298716
24.595959595959595,80.55555555555556,0.2093302400788427,-0.05425001149243579,0.21624572402337888
24.595959595959595,80.75757575757575,0.056985874772106426,0.18890849731028825,0.19731652307795558
24.595959595959595,80.95959595959596,0.44064042332594416,0.1425315107094503,0.46311900653502164
24.595959595959595,81.16161616161617,0.2664508408543694,0.23525457742429018,0.35544446372264943
24.595959595959595,81.36363636363636,0.16336749713540558,0.1533267685393916,0.22404918449085887
24.595959595959595,81.56565656565657,0.2239433689742735,0.1985942654972552,0.2993164125068017
24.595959595959595,81.76767676767676,0.06424120152662414,0.30366440980864,0.31038525377023635
24.595959595959595,81.96969696969697,0.18745109395483253,0.25092370481234594,0.3132101822444743
24.595959595959595,82.17171717171718,-0.04546008399398988,-0.19108989560646425,0.196422930025061
24.595959595959595,82.37373737373737,0.07179501589424869,0.2267380442454493,0.23783327146450042
24.595959595959595,82.57575757575758,0.20896866341745246,0.08235033051479054,0.22460961516901223
24.595959595959595,82.77777777777777,0.2491248904694604,0.16725553282402078,0.3000627006338304
24.595959595959595,82.97979797979798,0.1736840397042382,0.13196983026349304,0.21813340355791122
24.595959595959595,83.18181818181819,0.09682216891655153,0.011145164325567988,0.097461515900119
24.595959595959595,83.38383838383838,0.08260330476227104,0.13021793652162772,0.15420770716666302
24.595959595959595,83.58585858585859,0.25618912257196785,0.015680154831641778,0.2566685290013932
24.595959595959595,83.78787878787878,-0.005161686815666956,0.1726816768264974,0.17275880447141884
24.595959595959595,83.98989898989899,0.13776708333419124,-0.019100428825449763,0.13908485047526228
24.595959595959595,84.1919191919192,0.24455868188599272,0.16561318871298364,0.2953585569464621
24.595959595959595,84.39393939393939,0.2416746901415087,0.10800140433611377,0.26470919741022786
24.595959595959595,84.5959595959596,0.04918849362633937,0.08333305516430964,0.09676727746633312
24.595959595959595,84.79797979797979,-0.023079027410762655,0.1695831596687624,0.171146398003194
24.595959595959595,85.0,0.024969105741397674,0.03162578349675151,0.04029449619127281
24.7979797979798,65.0,0.19726498965224637,0.308069665611125,0.36581470037746056
24.7979797979798,65.20202020202021,-0.3557266320016934,0.30818414188184756,0.47065794588290866
24.7979797979798,65.4040404040404,0.08479434499387938,0.28337585678418853,0.29579039394664924
24.7979797979798,65.60606060606061,-0.008901435381298953,0.43545068192923114,0.43554165351258867
24.7979797979798,65.8080808080808,0.09246316573636636,0.25244201825236884,0.26884272279033344
24.7979797979798,66.01010101010101,0.12354665518309993,0.35963023085924006,0.3802600149303133
24.7979797979798,66.21212121212122,0.10986341827920418,0.298891927200216,0.31844364465545644
24.7979797979798,66.41414141414141,0.06302291443045324,0.2852934217808337,0.2921715664720387
24.7979797979798,66.61616161616162,-0.033715695235634044,0.4945767058168449,0.49572458688455634
24.7979797979798,66.81818181818181,0.06544688557696639,0.35381630615026877,0.3598183893710065
24.7979797979798,67.02020202020202,0.34919356641884125,0.33789563118692567,0.48591110751198163
24.7979797979798,67.22222222222223,0.28092124168478116,0.3054647707571146,0.4150005665097528
24.7979797979798,67.42424242424242,0.2511935457142755,0.28485818478090186,0.3797925523824555
24.7979797979798,67.62626262626263,0.07417895477581808,0.18510703656002925,0.19941698101131927
24.7979797979798,67.82828282828282,0.07651771641426797,0.25746780548708625,0.2685975275157804
24.7979797979798,68.03030303030303,0.17201489155679328,0.1023841964049036,0.20017903634190376
24.7979797979798,68.23232323232324,0.24443681891241348,0.2302616004749423,0.33581209491812825
24.7979797979798,68.43434343434343,0.025186775074558507,0.059001606803706294,0.06415265578349476
24.7979797979798,68.63636363636364,-0.5796050602652648,0.07257817131683295,0.5841315064579181
24.7979797979798,68.83838383838383,0.315635321320856,-0.004732112291259661,0.31567079204775517
24.7979797979798,69.04040404040404,-0.16230042570265518,-0.020222317092636118,0.1635554043492853
24.7979797979798,69.24242424242425,-0.010482343785518253,0.02941929491244877,0.03123098532520912
24.7979797979798,69.44444444444444,0.13166587517487538,-0.06883506250596215,0.1485737813874493
24.7979797979798,69.64646464646465,0.14869469604074634,-0.20599479712774757,0.2540550512671453
24.7979797979798,69.84848484848484,0.09104685947442764,-0.2866273350639841,0.30074035283951767
24.7979797979798,70.05050505050505,-0.020895093590917853,-0.06789935823002853,0.07104173269440266
24.7979797979798,70.25252525252526,0.04865533103228478,0.1440116639006079,0.15200888321832665
24.7979797979798,70.45454545454545,0.04983164710113338,-0.19717933397426501,0.2033786684963461
24.7979797979798,70.65656565656566,0.08681556021395219,-0.4573584714377267,0.4655252011342847
24.7979797979798,70.85858585858585,0.07096883918712303,-0.010649653245723794,0.07176343950663099
24.7979797979798,71.06060606060606,-0.2775643973607838,-0.20877683811288972,0.3473179563665991
24.7979797979798,71.26262626262626,0.10411551656055482,-0.1599488552140162,0.19084988098750671
24.7979797979798,71.46464646464646,0.13728528816846752,-0.23103481545382687,0.2687458581993088
24.7979797979798,71.66666666666667,0.21944577684844985,-0.1534624311284894,0.26778193879439666
24.7979797979798,71.86868686868686,-0.17506142279558262,-0.14448245557825876,0.22698387987065788
24.7979797979798,72.07070707070707,0.006862595823377669,-0.0705062690443432,0.07083946072626718
24.7979797979798,72.27272727272727,0.08471614521002217,-0.034084308982350306,0.09131574551001535
24.7979797979798,72.47474747474747,0.18158995029858926,-0.21511607340007094,0.281513472296636
24.7979797979798,72.67676767676768,-0.05489626791504607,0.07427102707223684,0.0923568389095548
24.7979797979798,72.87878787878788,0.23911184222229956,-0.042257317240209195,0.24281712038338968
24.7979797979798,73.08080808080808,0.08500006598866852,-0.1809938832120264,0.19995948834263066
24.7979797979798,73.28282828282828,0.07471562070933391,-0.16455732273267407,0.18072502992924497
24.7979797979798,73.48484848484848,-0.04473175198497369,-0.07484861520444133,0.08719658728223097
24.7979797979798,73.68686868686869,0.07882639362670758,0.03543826338716338,0.08642610047948832
24.7979797979798,73.88888888888889,0.1405687556060986,0.03212878753598322,0.1441937378708917
24.7979797979798,74.0909090909091,0.16039326806334359,0.01104511034839303,0.16077311623106574
24.7979797979798,74.29292929292929,0.14482996643499477,-0.07644372477681834,0.16376618159838638
24.7979797979798,74.4949494949495,0.08929886340922188,0.019120099745927988,0.09132286252890402
24.7979797979798,74.6969696969697,0.2720907264281915,-0.04228906362473606,0.2753574555200529
24.7979797979798,74.8989898989899,0.14515646180851247,-0.20352732882809993,0.24998754365901446
24.7979797979798,75.1010101010101,0.3329418985463308,-0.08336727629767647,0.3432206441415323
24.7979797979798,75.3030303030303,-0.08230577737560232,-0.004667286619689383,0.08243800430500815
24.7979797979798,75.5050505050505,0.051200328070574286,-0.03921966906857046,0.06449539546651854
24.7979797979798,75.70707070707071,0.3207469753111445,-0.1587083018789171,0.35786442580471367
24.7979797979798,75.9090909090909,0.15630556678861035,-0.024053791199112613,0.1581455503014841
24.7979797979798,76.11111111111111,0.009431255434313843,-0.0934080405528954,0.09388296234673588
24.7979797979798,76.31313131313131,0.15531740639392155,-0.09069174300553473,0.17985685691214706
24.7979797979798,76.51515151515152,0.07586283201692032,-0.1585577307380819,0.17577179312517
24.7979797979798,76.71717171717171,0.33388886827743286,-0.0431435386455738,0.3366647312779392
24.7979797979798,76.91919191919192,0.25050379455884186,-0.1381688589499786,0.28608177969230675
24.7979797979798,77.12121212121212,0.1254198958723696,-0.12946851708657597,0.18025606008462808
24.7979797979798,77.32323232323232,0.3490862538662014,-0.12115575714927312,0.3695130987241882
24.7979797979798,77.52525252525253,0.24985552265727207,-0.19298430286541482,0.3157067046402226
24.7979797979798,77.72727272727272,0.22943624371615493,-0.08728004156344912,0.24547667014585367
24.7979797979798,77.92929292929293,0.21697486579274258,-0.22059818652989716,0.3094214800010787
24.7979797979798,78.13131313131314,0.16672013997266902,-0.1710264497286367,0.23884231530298028
24.7979797979798,78.33333333333333,0.21158448540485986,-0.1372153609516152,0.2521825722470159
24.7979797979798,78.53535353535354,0.23089518598605013,-0.17475403291450867,0.2895713365155776
24.7979797979798,78.73737373737373,0.07484407011629263,0.01494883951177366,0.07632235998920167
24.7979797979798,78.93939393939394,0.12883114801670043,-0.101514079101416,0.164020038273101
24.7979797979798,79.14141414141415,0.31530831074853627,-0.055373273178653315,0.32013361305806876
24.7979797979798,79.34343434343434,0.4945473768537721,0.009567456628668508,0.49463991365364796
24.7979797979798,79.54545454545455,0.1789373191854609,0.034802854023473453,0.18229043541957632
24.7979797979798,79.74747474747474,-0.0020224454539904315,0.005067563640929303,0.005456233762334163
24.7979797979798,79.94949494949495,0.3543020096760061,0.10675593595753134,0.37003613867111046
24.7979797979798,80.15151515151516,0.08761342849596769,0.11768430764326757,0.14671642415998726
24.7979797979798,80.35353535353535,0.22666042933732017,0.3762972807817122,0.4392887361987433
24.7979797979798,80.55555555555556,0.05539009780421652,0.04439405119564348,0.07098517251033547
24.7979797979798,80.75757575757575,0.3005797655883967,0.0777452251628066,0.31047144074260846
24.7979797979798,80.95959595959596,0.08946398154525673,0.1049455196301367,0.13790346654224991
24.7979797979798,81.16161616161617,0.22788806739387624,0.1304617455324601,0.26258948628589884
24.7979797979798,81.36363636363636,0.2204696545327929,0.25112133945399695,0.33416881317528513
24.7979797979798,81.56565656565657,-0.02251738995846211,0.20730418955653274,0.20852352351289363
24.7979797979798,81.76767676767676,0.1366377119539897,0.31704678256086394,0.3452369138145821
24.7979797979798,81.96969696969697,0.034189503799133866,0.20623554680911343,0.20905028805932083
24.7979797979798,82.17171717171718,-0.0728974392823861,0.1419414301932755,0.15956630677947542
24.7979797979798,82.37373737373737,0.3676935871506529,0.07189932383436996,0.374657292468136
24.7979797979798,82.57575757575758,0.29106639344961666,0.15017770139262185,0.3275255522723968
24.7979797979798,82.77777777777777,0.12306570860496331,0.18159138404166186,0.21936407954040257
24.7979797979798,82.97979797979798,-0.15385602674236473,0.3853072946756812,0.41488960977016465
24.7979797979798,83.18181818181819,0.30188093797825327,0.23105348554456373,0.3801549866790148
24.7979797979798,83.38383838383838,-0.02227048225763749,0.0909210533247646,0.09360882606716332
24.7979797979798,83.58585858585859,0.0728958000148922,0.19561452604004298,0.20875545611476076
24.7979797979798,83.78787878787878,-0.5910723608358199,0.2489053754154616,0.6413426710072717
24.7979797979798,83.98989898989899,0.18116078738820188,0.023130025055889576,0.1826314018623286
24.7979797979798,84.1919191919192,0.19770175422166933,0.4620389180835068,0.5025593949436253
24.7979797979798,84.39393939393939,0.21451346398731985,0.04441886086977399,0.21906405782968486
24.7979797979798,84.5959595959596,0.0700604134183838,0.23000847355300208,0.24044200846469593
24.7979797979798,84.79797979797979,0.12606556204608949,-0.0197552104419046,0.12760405273187986
24.7979797979798,85.0,-0.13278165179953072,0.09487069524266674,0.1631913474129029
25.0,65.0,-1.001036346648771,0.2716037601120835,1.0372282149165344
25.0,65.20202020202021,0.19925737085533662,0.13378590273114566,0.24000451581120036
25.0,65.4040404040404,-0.055984821636290164,0.2564291957290789,0.2624694890380775
25.0,65.60606060606061,0.12440567989164135,0.15960140911029716,0.2023595388888154
25.0,65.8080808080808,0.17446371443158082,0.3335622151981284,0.37643238311966026
25.0,66.01010101010101,-0.06295658887806559,0.294683513685351,0.30133354496488807
25.0,66.21212121212122,0.06038802719636241,0.28995979882678563,0.2961813612709932
25.0,66.41414141414141,0.21909552572026206,0.361553872542671,0.42275767543740705
25.0,66.61616161616162,0.004485469893296717,0.4395142349720307,0.4395371226451903
25.0,66.81818181818181,0.21645599287788395,0.04052528315277455,0.22021692811262966
25.0,67.02020202020202,0.23627429757567497,0.35319168373258325,0.4249351822957658
25.0,67.22222222222223,-0.005905563551863809,0.18656490978330859,0.18665835433571992
25.0,67.42424242424242,0.12807085412142982,0.03567326921691773,0.13294632680903692
25.0,67.62626262626263,0.05387873849617246,0.46278266142590646,0.4659084783285062
25.0,67.82828282828282,0.229715462366466,-0.13021748805723762,0.264056410348577
25.0,68.03030303030303,0.31039573833805795,0.5334487948267123,0.6171816029990685
25.0,68.23232323232324,0.2480270872952029,0.0946341449810705,0.26546762030130994
25.0,68.43434343434343,0.23013793665944213,0.1778744112941396,0.29086556359098636
25.0,68.63636363636364,0.23131006555160594,0.07356366887461502,0.24272610037608694
25.0,68.83838383838383,0.05848277587384234,-0.008819433489302496,0.05914404011379596
25.0,69.04040404040404,0.04461272278173997,-0.08705983435140312,0.09782489351537332
25.0,69.24242424242425,-0.08186830628725059,0.05494638740859579,0.09859779441548665
25.0,69.44444444444444,0.6561756083259637,-0.06401715400766608,0.6592910017353413
25.0,69.64646464646465,-0.23171072407693644,-0.09830190341118088,0.25170046457350714
25.0,69.84848484848484,0.19311537900010897,0.0074298270193638785,0.19325825192186077
25.0,70.05050505050505,0.24134146886663013,-0.2378000871320502,0.3388134974210934
25.0,70.25252525252526,0.24120508930650691,-0.06866853679841067,0.25078928018038305
25.0,70.45454545454545,0.13467869950273625,-0.06761107886656069,0.15069708054653422
25.0,70.65656565656566,-0.03905026588126216,-0.0927185654733263,0.10060643940041196
25.0,70.85858585858585,0.1820259628465653,-0.06368507654152299,0.19284511952424102
25.0,71.06060606060606,0.12200207763866824,-0.2397205779622323,0.26898041275657664
25.0,71.26262626262626,0.10456761480134916,-0.09215215509000564,0.1393786416671356
25.0,71.46464646464646,2.7014356024344246,-0.19348917162755688,2.7083560278584797
25.0,71.66666666666667,0.06514663177692549,-0.11733730284211485,0.134209262981884
25.0,71.86868686868686,0.2180559490018539,-0.17443364350847168,0.27924092265056655
25.0,72.07070707070707,0.22685958537921236,-0.10771238935085742,0.25113189820908627
25.0,72.27272727272727,0.13805726538988614,-0.11207818448974152,0.17782386781714649
25.0,72.47474747474747,-0.10236288586927479,-0.10141439838115579,0.14409386039140581
25.0,72.67676767676768,0.14565810307733174,-0.16600127629119288,0.22084543627250156
25.0,72.87878787878788,0.13998134466536688,-0.08270406371466088,0.16258763485961325
25.0,73.08080808080808,0.19363558396244912,-0.12483868994213006,0.23038975212223733
25.0,73.28282828282828,0.07438067222659403,-0.17065398109632393,0.18615924813155135
25.0,73.48484848484848,-0.022768500253061954,0.013238334821961918,0.026337390011769424
25.0,73.68686868686869,0.06915299353070796,-0.13720687287315475,0.153648503012194
25.0,73.88888888888889,0.17315578125795755,-0.12119182943233463,0.2113536943235432
25.0,74.0909090909091,0.17165725269367557,-0.03095884365947209,0.17442666769468487
25.0,74.29292929292929,0.06184464668572205,0.004337380639138522,0.06199655792453775
25.0,74.4949494949495,0.1263088811687602,0.061121141325839255,0.14032008900751597
25.0,74.6969696969697,0.03043293477358235,-0.001429322119649551,0.030466481264741375
25.0,74.8989898989899,0.015780426535776375,0.04059953836831474,0.04355851670306618
25.0,75.1010101010101,0.14870698450143774,-0.027512402247577023,0.1512306169958429
25.0,75.3030303030303,0.07091944274809686,-0.07092880547173093,0.1003018584341648
25.0,75.5050505050505,0.05689490568406869,-0.11797971196916088,0.13098184121902254
25.0,75.70707070707071,0.24552372889020327,-0.11960099218792064,0.27310492265882924
25.0,75.9090909090909,-0.02167522670420334,-0.11383229410553876,0.1158775501726218
25.0,76.11111111111111,0.14312957033923066,-0.15186059502974456,0.20868089090350572
25.0,76.31313131313131,-0.033635694728494654,-0.23893375604080402,0.24128965940469752
25.0,76.51515151515152,0.1291110972241988,-0.07261248612810711,0.14812916177492216
25.0,76.71717171717171,0.0639462174289678,-0.38854129208286464,0.39376827497513656
25.0,76.91919191919192,0.15303788634447515,-0.07093125839462877,0.16867672653401264
25.0,77.12121212121212,0.28995184712756156,-0.2010421327268536,0.3528314226143225
25.0,77.32323232323232,0.14254698683915573,-0.2674641204876233,0.3030787013386792
25.0,77.52525252525253,0.14555950090137082,-0.3133273159076938,0.345487445787218
25.0,77.72727272727272,0.01879003025352459,-0.1312980396982707,0.1326357435442537
25.0,77.92929292929293,0.2782174129869247,0.024429304493791524,0.2792878798071757
25.0,78.13131313131314,0.10832332845488941,-0.13658142418252175,0.17432277223378417
25.0,78.33333333333333,0.009613889202047723,-0.11471212617328355,0.11511428563295076
25.0,78.53535353535354,0.130340030755166,-0.0861504388500326,0.15623834910581597
25.0,78.73737373737373,0.1539341619656663,-0.13052175104342434,0.2018208455921083
25.0,78.93939393939394,0.31067244008914513,0.42356819419506075,0.5252879021685234
25.0,79.14141414141415,0.2362305317507126,-0.1415695608634249,0.27540298599377494
25.0,79.34343434343434,0.1829911184142009,0.050478985125187975,0.1898259132935992
25.0,79.54545454545455,-0.054442726505506654,0.03463957125955395,0.06452836869469979
25.0,79.74747474747474,0.15938104020970092,0.10294272722267556,0.1897353975049687
25.0,79.94949494949495,0.17850122599660126,0.10965384956353517,0.2094914184552487
25.0,80.15151515151516,-0.10010838597955428,0.055311014035704806,0.11437218725323632
25.0,80.35353535353535,0.32786469761201154,0.02156198920492736,0.32857294368022627
25.0,80.55555555555556,-0.0008767692141356395,0.21404936966595564,0.21405116532887128
25.0,80.75757575757575,0.13209305635529614,0.17773954017549737,0.22144958721813116
25.0,80.95959595959596,-0.06451813236531681,0.19391592867707685,0.20436725960535287
25.0,81.16161616161617,0.3731289237410642,0.23623325513706087,0.441623532621187
25.0,81.36363636363636,0.2911046001131252,0.17449596395719463,0.3393975981711908
25.0,81.56565656565657,0.2313750195324641,0.16151232707151061,0.28217128035947026
25.0,81.76767676767676,0.13439084589399686,0.15251158078981458,0.20327489204304636
25.0,81.96969696969697,0.07984195935977845,0.3417878460094693,0.35098955846891117
25.0,82.17171717171718,0.11994370713440487,0.23472888965814517,0.26359845318455416
25.0,82.37373737373737,0.11395269884660336,0.5284769592838064,0.5406228945099186
25.0,82.57575757575758,0.41701387877999907,0.24414223299520293,0.4832245906687942
25.0,82.77777777777777,0.18363152399613,0.055299524019857244,0.19177740732934115
25.0,82.97979797979798,0.13421057360087646,0.2237744555855582,0.26093578719464533
25.0,83.18181818181819,0.04393247707809279,0.19872777618599238,0.2035258990154497
25.0,83.38383838383838,-0.016391426743310622,0.14406908489202622,0.14499855203520887
25.0,83.58585858585859,0.20880218702119976,0.1305141899505476,0.2462362830357941
25.0,83.78787878787878,0.15481629642688846,-0.06355022021589772,0.16735207237685254
25.0,83.98989898989899,0.3517652436738484,0.1201490755034495,0.37171842435001196
25.0,84.1919191919192,0.06123819201894953,0.17106872296307013,0.18169926840239445
25.0,84.39393939393939,0.15368077014569137,0.07904429709590312,0.17281718669148108
25.0,84.5959595959596,-0.00870308695475824,0.10157612239898153,0.10194828279159468
25.0,84.79797979797979,0.0747792312559358,-0.06964518858699424,0.10218799205653627
25.0,85.0,0.2173966494466133,0.13116004289241814,0.2538981292608408
